"variable","mean","median","sd","mad","q5","q95","rhat","ess_bulk","ess_tail"
"lp__",-5511.94826825,-5511.71155,22.3599438505114,21.4011086099995,-5548.778605,-5474.104845,1.00110303968998,482.92356362243,917.085043028958
"beta_nu[1]",1.11001873128,1.10975215,0.0350780172241916,0.0353512626599999,1.053485905,1.170469655,0.999892744017109,980.44516079953,1237.3847905782
"beta_nu[2]",0.707184243435,0.70884002,0.0485877711406267,0.0464699324039999,0.626531291,0.7857103645,1.00034426435993,459.323156674375,823.711585054763
"beta_nu[3]",0.38649874606,0.38642091,0.0362470089775148,0.037389793182,0.3280318835,0.446329784,1.0024195560689,645.158271181198,1047.65190859889
"beta_nu[4]",0.266997025295,0.266115455,0.0373182360565981,0.036823128636,0.204410627,0.3294439315,1.00135897087757,732.16325922527,1174.66296905584
"beta_alpha1",0.6141055712,0.61378199,0.0125097486779009,0.012548170425,0.5935914455,0.635050075,1.00266344936632,838.465968759694,1071.13546696247
"beta_alpha2",0.016886474964315,0.0166636945,0.00609346520028012,0.006079594038,0.00725131906,0.02724499805,1.00072780746425,3691.2388853218,1653.2635240826
"beta_alpha3",0.0533594552265,0.053341956,0.00560277206185385,0.0056376472866,0.0441285732,0.0627717592,0.999766051601125,2982.29317128972,1697.24688104259
"beta_tau",0.25845067134155,0.257824525,0.0911137206135524,0.091056503202,0.107351914,0.405150091,1.00024692586951,1426.73851426842,1412.81536803407
"sigma_nu_c",0.411825074575,0.41077456,0.0360914496900361,0.03739376655,0.355903946,0.4735961515,1.00143907729836,716.079968439516,1015.14960808188
"sigma_nu_r",0.29736115409,0.29602485,0.0273774410101119,0.027252982701,0.2539616425,0.342679449,1.00332388820084,726.646405259796,1460.40794622568
"sigma_nu_cr",0.298420984065,0.296908095,0.0311427992979463,0.031195030776,0.250178154,0.3514150945,1.00038719507487,687.236398306625,1073.72878485302
"sigma_alpha_intercept",0.063965617953,0.0635449585,0.00729784584416619,0.0070378540155,0.0527026446,0.0768794304,1.00074126728497,854.345079589601,1131.19141426073
"sigma_tau_intercept",0.047989304441485,0.034516158,0.0461544302722213,0.0347113776891,0.00279635965,0.141864569,1.00189834170731,1064.55200604476,1168.08297945958
"z_nu_c[1]",-0.76904494182051,-0.758360695,0.484892623908839,0.489600584382,-1.557333835,0.0159801272999999,1.00020404806705,1868.72964547437,1508.40844776737
"z_nu_c[2]",-1.237982773463,-1.234839,0.537176616405163,0.537479676195,-2.12213167,-0.3787848245,1.00025981136776,1537.72668120711,1475.0437063485
"z_nu_c[3]",-0.072285840607585,-0.07492872,0.467608488974646,0.459667542726,-0.8479987045,0.690240179,1.00054407414293,1796.82976850383,1404.65061643192
"z_nu_c[4]",0.379710172074795,0.383311525,0.39563806093603,0.395646865803,-0.268251123,1.023678345,0.999963890203949,2162.3892641904,1574.92248242554
"z_nu_c[5]",0.39768110189343,0.3924338,0.367716973725125,0.355636836576,-0.190766761,0.996800509,1.00150578342525,1960.54649517016,1332.02547544206
"z_nu_c[6]",1.276724744455,1.26845535,0.402289093203265,0.399144956721,0.627980078,1.95013742,1.00010966688695,1942.21244377663,1430.53347762007
"z_nu_c[7]",0.270568842934,0.266483835,0.387128765735219,0.3843296736951,-0.3420349405,0.904740971,1.00241391238744,2334.11442567886,1394.64944701328
"z_nu_c[8]",1.0790423538834,1.07544135,0.431642261681739,0.427673294181,0.3779466865,1.773029885,0.999461639985996,2000.93693423304,1409.06810848426
"z_nu_c[9]",1.749421545025,1.73434545,0.425288522895873,0.40362754593,1.074897695,2.477496205,1.00036488902994,2182.25089156182,1506.37161722979
"z_nu_c[10]",0.232332922615502,0.23979701,0.400417971754116,0.3938932413339,-0.436801862,0.8649253895,1.00103447002381,1788.20301961944,1473.77936516053
"z_nu_c[11]",0.0322508459274555,0.038874354,0.391817592903352,0.3915192021384,-0.606241801,0.664149253,1.00072352309332,1971.20652094997,1484.31774759199
"z_nu_c[12]",-0.32021487939532,-0.3237317,0.484236625395154,0.49301986643679,-1.12575632,0.468239715,1.00048345657338,1749.38450969759,1552.38314321116
"z_nu_c[13]",0.73327802260005,0.72971406,0.372065028321,0.356850782043,0.119513584,1.353346485,1.00059755464554,1943.22222257419,1510.08862095634
"z_nu_c[14]",-0.427948379280172,-0.42309049,0.392646436653386,0.400336151691,-1.068044035,0.20829719,0.99927822884627,1898.89051368151,1508.10666910749
"z_nu_c[15]",-0.93572643017147,-0.93143653,0.496148278573044,0.494196718512,-1.74030743,-0.0850566165500001,1.00118386692767,1345.75413761739,1547.97400967359
"z_nu_c[16]",0.17008644887429,0.160343935,0.402611818612181,0.395964638874,-0.4713351435,0.8405597845,0.999953324782271,1549.73999680808,1435.13847133528
"z_nu_c[17]",-1.437440426828,-1.4231376,0.414196958187202,0.41309031456,-2.12338628,-0.780406537,0.999976231786059,1469.89767476901,1484.56473384934
"z_nu_c[18]",0.045712221681096,0.0359951055,0.458293947460774,0.4460250215043,-0.7112983065,0.826880952,0.999915328831479,1886.82817096369,1342.70799998281
"z_nu_c[19]",-0.321452178294811,-0.31325008,0.446746103433588,0.4413666270699,-1.056111055,0.392782889,1.00027366063005,1655.81234699229,1521.48375520675
"z_nu_c[20]",0.349314150016335,0.349356675,0.447443926413253,0.4550023409337,-0.361031543,1.09655318,1.0022610303399,1733.72100133396,1720.5421184914
"z_nu_c[21]",-0.459238245043777,-0.467244935,0.454895309860455,0.444434531961,-1.2163096,0.276748162,1.00048875368957,1420.60480839141,1443.28865123067
"z_nu_c[22]",-0.83487221241425,-0.83384754,0.480226804667899,0.480137993664,-1.66391367,-0.0793316393000001,1.00170374713368,1616.36593648705,1570.85951595703
"z_nu_c[23]",1.695435518185,1.6919366,0.393353758212592,0.38223600009,1.062725805,2.35495304,0.999896506741974,1806.99841824255,1554.79787769844
"z_nu_c[24]",0.213288305431826,0.21461361,0.3720070943613,0.3631148256057,-0.3859257985,0.828299567,1.0039479513071,1662.87465518592,1496.43711557506
"z_nu_c[25]",0.93624739749547,0.918352335,0.36927151025742,0.356795184543,0.339290758,1.548087595,1.00030383656565,1677.39269784301,1503.47965029537
"z_nu_c[26]",-3.2942964835,-3.27711255,0.450581162650067,0.42924687393,-4.040320015,-2.60132834,0.999838052001416,1443.8552975039,1456.20178510351
"z_nu_c[27]",-0.236272735749625,-0.23375699,0.369758380838751,0.3691866322872,-0.836349611,0.370764353,1.00294014452602,2124.13583780262,1503.44615313929
"z_nu_c[28]",0.55026184286863,0.539152375,0.392907130491628,0.393123443538,-0.09181942025,1.20134607,1.00156750681574,1592.75245540333,1534.18967046129
"z_nu_c[29]",2.48207488325,2.4652102,0.421342658758579,0.41698799583,1.81727661,3.203533535,1.00145082641553,1520.83240869264,1288.011666639
"z_nu_c[30]",-0.5529003381767,-0.54797331,0.456568447334088,0.468674834397,-1.290050065,0.186141934,1.0005219846977,1951.46603507721,1604.64077641071
"z_nu_c[31]",-1.644712590116,-1.63898565,0.442596939674799,0.42304478748,-2.373683795,-0.9392686075,0.999647284198255,1524.42951533872,1695.32657515382
"z_nu_c[32]",-0.323994638007355,-0.319195205,0.429513394100414,0.437644438938,-1.016864685,0.380659146,0.999318896635675,1726.23620234232,1256.40218188094
"z_nu_c[33]",0.12868966200867,0.137002735,0.448563363031021,0.445512367335,-0.6113157225,0.8527255975,1.0030258851824,1544.46607204651,1519.238411828
"z_nu_c[34]",-1.662294588465,-1.65480295,0.469123427014731,0.44803037811,-2.467872685,-0.8923528065,1.00173332652282,1504.55404529594,1455.58388686683
"z_nu_c[35]",0.379398027941205,0.382833865,0.426915322247711,0.430634009316,-0.307594527,1.10247552,1.00058481896602,1990.98535420362,1489.60723445802
"z_nu_c[36]",-0.612078852839985,-0.613185745,0.481241602865815,0.470853255642,-1.395164005,0.174574581,1.00091047925634,2071.9492463154,1552.2658534228
"z_nu_c[37]",-0.330208269827215,-0.329709515,0.53665543133858,0.5396704979064,-1.231580625,0.5456993955,1.00041730195534,1327.4634030978,1525.45101840024
"z_nu_c[38]",1.38933655816,1.3866635,0.368533833550209,0.3749651073,0.804318215,2.014786765,1.00128966435515,1711.10007825598,1526.88861983371
"z_nu_c[39]",-0.223396471290562,-0.21513927,0.418011099064158,0.4326405475539,-0.909705423,0.455396738,1.00042218700148,1770.56584483518,1218.52813471464
"z_nu_c[40]",0.4204596693025,0.40634075,0.396429656209412,0.385199443209,-0.2377610825,1.08745261,1.00095000025243,2280.2984380111,1734.09265600592
"z_nu_c[41]",-1.5305044025715,-1.5352672,0.446869532139715,0.43783238814,-2.295966735,-0.8257634,1.00136821319253,1627.91581954567,1204.84379507221
"z_nu_c[42]",-0.700266593095784,-0.693667655,0.418064838015445,0.409237793286,-1.37113942,-0.0231602629,1.00160778139005,1853.52764590561,1477.22933721077
"z_nu_c[43]",-1.965874444795,-1.9658058,0.512928725973348,0.49407222459,-2.79944003,-1.08938953,1.00056354437119,1314.1498286942,1377.0088859163
"z_nu_c[44]",-0.005750114617984,-0.0064172575,0.390649170788138,0.388017739788,-0.6347293655,0.6578249875,1.00069094742936,2177.27972889634,1594.31477524895
"z_nu_c[45]",-0.16014283108606,-0.166400775,0.40188995069295,0.408897291957,-0.8253898755,0.4964245685,1.0057336896273,1763.44979895277,1355.08193945987
"z_nu_c[46]",0.52878023400003,0.52258947,0.404483488824465,0.39839189229,-0.114845897,1.19043288,1.00257375720887,1986.60899124649,1730.07341652847
"z_nu_c[47]",0.441337181818451,0.4506106,0.413122491797697,0.401510904627,-0.240800393,1.116150335,0.999271245846034,1941.25255144257,1557.53490829279
"z_nu_c[48]",-0.056754448245404,-0.062740456,0.476506300907329,0.468246125781,-0.809817298,0.7315729805,0.999608840956724,1971.47903893895,1659.57083296491
"z_nu_c[49]",0.80966224498782,0.80648946,0.426440709764226,0.432698203644,0.1223186615,1.50054342,1.00015873014064,2073.53419103096,1409.52672384604
"z_nu_c[50]",-0.411162154431165,-0.41373754,0.444114759692031,0.44036229678,-1.13561041,0.3242770675,1.00115431815468,2125.11905786366,1693.03928612984
"z_nu_c[51]",0.012645393023225,0.0048511111,0.427103580010678,0.431318407128,-0.6794735485,0.707938178,1.00085782142174,2206.84387295746,1643.98342464593
"z_nu_c[52]",0.53741751292917,0.546096895,0.426699072755547,0.430241565096,-0.157135468,1.25107056,1.00018293245083,1710.84714667853,1578.27203290715
"z_nu_c[53]",0.393427556217195,0.390509095,0.457933035306245,0.453958220625,-0.358815678,1.14260174,1.00135968638945,1741.98774202668,1372.40069096891
"z_nu_c[54]",0.88488818667155,0.89053087,0.357192700230274,0.356390775741,0.309540046,1.46518527,1.00363294029025,1833.89314654363,1529.06704501857
"z_nu_c[55]",0.67729132248365,0.685710515,0.419578799082927,0.424316643303,-0.01539642415,1.343776635,0.999968066060916,2225.71401615876,1693.99766346805
"z_nu_c[56]",-1.34218525761965,-1.3303495,0.470669472918063,0.4618291587,-2.150639355,-0.5759263245,0.999733736715125,1520.22890200208,1583.33017516727
"z_nu_c[57]",-1.09290458328995,-1.0843366,0.489296714815574,0.475858639263,-1.91143569,-0.2932950025,1.00045062798364,1380.68146305897,1590.43473967496
"z_nu_c[58]",-0.6761513130591,-0.683255895,0.488388773439218,0.517184364795,-1.458120895,0.09922442315,1.00119109812697,1394.41290008829,1744.05695953176
"z_nu_c[59]",-0.33253283763925,-0.326145255,0.417389258589899,0.4341637871025,-1.0139815,0.336344329,1.00099473964506,1829.50667915957,1377.37897357779
"z_nu_c[60]",-0.15288482869681,-0.144741735,0.448216746599916,0.438245699955,-0.8996964615,0.556551781,1.00209315943024,2079.77259796115,1745.81077341743
"z_nu_c[61]",0.0619094671481525,0.0629037165,0.397631949585291,0.400960919331,-0.58312661,0.699630152,0.999786925159456,1801.15058759986,1509.30277870047
"z_nu_c[62]",-1.225818607641,-1.23290085,0.394978096467785,0.386293898529,-1.85795055,-0.5934574005,1.00003730224367,1829.3247315196,1353.48939730382
"z_nu_c[63]",1.311033728083,1.2929307,0.399039365998428,0.38793526275,0.68257124,1.991719325,0.999811048420879,1514.99379590075,1481.93323057026
"z_nu_c[64]",0.07880379145069,0.0864267135,0.448450875294896,0.4598586076119,-0.6602850145,0.791785423,1.00001719697401,1801.26279244785,1313.13471321893
"z_nu_c[65]",0.66130087925555,0.6591272,0.407376927808234,0.403113417315,-0.005453790795,1.333566115,1.00140103435965,1622.58069819527,1655.62259034743
"z_nu_c[66]",0.35753220337164,0.36356392,0.416575362358318,0.413712687801,-0.328982164,1.0361971,1.00045852769524,2137.39055280668,1715.6000304939
"z_nu_c[67]",0.57542652234955,0.571133575,0.366741645082083,0.380042841801,-0.01827766255,1.18510967,0.999774035403063,1718.36414292356,1626.37205187354
"z_nu_c[68]",-1.1118354414413,-1.11534325,0.605712224684298,0.591829190232,-2.10698873,-0.129406414,0.999535777625651,1766.46306445947,1510.22275666908
"z_nu_c[69]",-1.20005164545085,-1.2095104,0.428211826154335,0.437059293783,-1.900817185,-0.4935122795,0.999292023155748,1707.36601997787,1465.76799241243
"z_nu_c[70]",0.190506972082015,0.19358582,0.471403077012457,0.470193795162,-0.5865859825,0.9722571975,1.00120199563032,1644.53545184609,1437.55691155395
"z_nu_c[71]",-0.016912954007377,-0.010633175,0.389597356657208,0.389749787238,-0.656969072,0.619630091,0.999900912411669,1470.45201458618,1349.25973372694
"z_nu_c[72]",0.86858442714178,0.869655965,0.519469046906359,0.527366757813,0.02876903085,1.69464445,1.00076178827435,1904.26753790005,1555.76791758795
"z_nu_c[73]",1.15407387632635,1.1488684,0.421184480773913,0.416307326757,0.4754395535,1.84482429,1.0020887500558,1668.18204342255,1640.23173111778
"z_nu_c[74]",0.182724820724317,0.178681505,0.467932818330074,0.461363533344,-0.5720026995,0.961220977,1.00256008342176,1709.23889423263,1516.20229499063
"z_nu_c[75]",-0.652765637814865,-0.65407295,0.418317203782981,0.426870977778,-1.34445108,0.03214318095,1.00084434390784,2060.6074427432,1727.98752864886
"z_nu_c[76]",-0.03020100519632,-0.023981773,0.430300420347425,0.4191105853242,-0.753868831,0.686313051,1.00077556711887,1501.04429147224,1505.39384567013
"z_nu_c[77]",-0.263468523530957,-0.256992095,0.38875358270117,0.38460113286252,-0.911827846,0.3711744645,1.0015829385991,2072.79403895279,1365.97571054551
"z_nu_c[78]",-1.537831908559,-1.52281635,0.441838291682564,0.44805454449,-2.272575075,-0.8504563665,1.00159140377958,1636.23698897343,1628.73748499013
"z_nu_c[79]",0.476938615076563,0.472814305,0.368578754915923,0.381255897708,-0.118376969,1.08246535,0.99962823148482,2301.99596872349,1560.64967582543
"z_nu_c[80]",-0.9798173362636,-0.97514987,0.442520586668743,0.431455043544,-1.68376822,-0.2566302075,1.00002739651146,1696.71690173427,1525.25324457717
"z_nu_c[81]",1.036058665763,1.01921775,0.378436833676842,0.371147493843,0.419767565,1.67108882,1.00138541535603,1672.59598545795,1634.50504960342
"z_nu_c[82]",0.8480751715963,0.846581655,0.418931083298139,0.412136624697,0.14523961,1.55569892,1.00117802804904,2327.07069290889,1461.11229494337
"z_nu_c[83]",0.84976692885515,0.84451143,0.426497796928521,0.431512071753,0.1577779935,1.55637073,1.00522674345662,2131.74610577974,1316.36728421313
"z_nu_c[84]",-0.84883239683855,-0.845393955,0.383940900815132,0.386116935393,-1.489426105,-0.2180880035,1.00082320305276,2127.17557858749,1573.74349093651
"z_nu_c[85]",0.2887853902315,0.29286311,0.408978373271567,0.397007010456,-0.39611595,0.9468688785,1.00067174891169,1755.50606307788,1631.71893622561
"z_nu_c[86]",-0.243999746245555,-0.256369625,0.458789195433738,0.44740323831,-0.9948632235,0.523908126,0.999945435472241,1730.34751987182,1614.76718553138
"z_nu_c[87]",0.208940483535446,0.219865355,0.442225269993651,0.4426772321265,-0.5196984135,0.914979077,1.00082884943296,1661.91359065761,1496.45560586475
"z_nu_c[88]",-0.06904080782811,-0.0913585505,0.553776262149073,0.533855386365,-0.97551036,0.8248242375,1.00078923896531,1348.03365665626,1384.60137184863
"z_nu_c[89]",-0.373859575266785,-0.372459375,0.438137835826745,0.4296717248208,-1.10183246,0.343192346,1.00134991057211,1948.47325741639,1781.83271603548
"z_nu_c[90]",0.6484485824595,0.648402115,0.490089111908802,0.493978272228,-0.144574534,1.4699102,1.0019679111593,1487.91768255548,1449.60699221439
"z_nu_c[91]",1.16608421165715,1.1705347,0.464101632982115,0.456393405951,0.375820873,1.92066294,1.00012353473462,2018.82063965396,1373.08781873864
"z_nu_c[92]",0.073627352800898,0.0807299095,0.456160556743537,0.459002907972,-0.6834765205,0.824244171,1.00027382216378,1902.38595231618,1716.73686188121
"z_nu_c[93]",0.502231007518075,0.504003655,0.409518924673719,0.401404542903,-0.172540331,1.184326755,1.00004803762845,1927.88302556093,1500.78296237404
"z_nu_c[94]",0.2839439543508,0.287768465,0.42228215836189,0.41369072908653,-0.403303635,0.993716606,1.00120166281671,1859.20780199163,1374.39177393687
"z_nu_c[95]",-0.04620030943944,-0.0518303055,0.408216492643079,0.401816112663,-0.720550564,0.6009138895,1.00048735133781,2067.127933638,1679.64858991043
"z_nu_c[96]",0.793050312718414,0.790353375,0.407453890030743,0.39180210594,0.131715566,1.477980975,1.0018102522696,1813.26684268493,1378.32787919049
"z_nu_c[97]",1.1266777172387,1.1235037,0.363875484175182,0.351174381075,0.553140938,1.74050347,0.99930777591891,2142.30984153829,1327.18955480918
"z_nu_c[98]",0.9212785637705,0.90188915,0.37978131129512,0.380347990533,0.312593894,1.546028755,0.999820362950773,1932.96975604249,1402.67508550567
"z_nu_c[99]",-0.72754441505969,-0.73265753,0.473622539251484,0.478981498947,-1.48952818,0.0512696964,1.00137854483034,1842.07666067636,1618.33777740031
"z_nu_c[100]",-1.408167199936,-1.39970065,0.549138876394378,0.550845204,-2.336120845,-0.5263228935,1.00030637222792,1622.33873403444,1453.89393714015
"z_nu_r[1]",0.85901795846828,0.849419285,0.510092344019693,0.481718852979,0.03952506385,1.708532265,0.999419721988529,2316.48294186552,1693.92725931815
"z_nu_r[2]",0.798124890329585,0.79472314,0.545752252506403,0.538628387262,-0.0621249187,1.69099867,1.00128687588202,2752.59029255917,1533.0044638786
"z_nu_r[3]",0.336671120039027,0.33639415,0.515362163711983,0.533215303467,-0.4858765,1.176978195,1.00134572503999,2853.52841132758,1601.08435452701
"z_nu_r[4]",-0.18312695583388,-0.1776721,0.48735758805726,0.458999787099,-0.984578647,0.596631236,1.00083223437379,3034.38001836172,1388.03362586988
"z_nu_r[5]",-0.64412619512125,-0.627602525,0.459953870741015,0.443751438837,-1.43252051,0.1133384825,1.00198447305024,2100.5265682577,1407.01131082588
"z_nu_r[6]",-1.86016440589,-1.84647015,0.485756516130881,0.48552688884,-2.683989105,-1.070925035,1.00032202927373,3034.45120577061,1100.53558690826
"z_nu_r[7]",0.215164428279475,0.21218557,0.474136954681578,0.469165456389,-0.5523567295,1.020646785,1.00147463451407,2287.98623303067,1425.35198015374
"z_nu_r[8]",-0.78297816922224,-0.781522535,0.522522912645347,0.513906439977,-1.65951704,0.0757384848999999,1.00185056985032,2484.65000039884,1420.02358218249
"z_nu_r[9]",-0.774580137524791,-0.772236815,0.52701791427007,0.517966895901,-1.63525226,0.0803617888999995,1.00096772508368,3484.55228015946,1429.62708458143
"z_nu_r[10]",0.62469469708542,0.624428835,0.486708196404139,0.496117797462,-0.16441726,1.44156391,1.00042183934734,2728.07060866349,1659.6634729441
"z_nu_r[11]",-0.9820116272485,-0.982566975,0.446572930287103,0.434050727733,-1.71027961,-0.248493982,1.0008622058547,2220.79773580263,1436.59507629915
"z_nu_r[12]",1.707571755693,1.7087668,0.540504969542347,0.54431909532,0.8314741085,2.6094175,0.999987299402085,2587.98342746102,1718.97370446987
"z_nu_r[13]",-1.07857595594075,-1.08112285,0.43877122514713,0.436609673094,-1.797692315,-0.365439345,1.00148778992877,2276.34646549405,1536.54923469694
"z_nu_r[14]",-0.5437453972964,-0.54632094,0.426989522730017,0.433992780312,-1.26276006,0.1787851605,1.00074146509551,2881.93185920094,1640.91535923825
"z_nu_r[15]",0.425625324862815,0.425742545,0.510658577941061,0.5098365124629,-0.3903042485,1.280514095,0.999436644024073,2527.60445547121,1382.23403863478
"z_nu_r[16]",-1.0038375919642,-1.01798645,0.471216497068012,0.484701050988,-1.761629825,-0.222960080000001,1.00083935900519,2926.03439323228,1690.1909983721
"z_nu_r[17]",0.245629950923774,0.2399076,0.463911778237644,0.4675025559204,-0.469525892,1.0001018615,1.00149129973651,2202.97377594904,1245.7555311649
"z_nu_r[18]",-0.117050423780467,-0.12596803,0.526784486990526,0.514423637574,-0.948957187,0.7445858985,1.00193400460945,2464.49314849899,1575.69507714341
"z_nu_r[19]",-1.1727675400747,-1.1761397,0.452764016267568,0.440992149738,-1.926716815,-0.399913479,1.00071658230376,2868.82664092435,1451.04836037107
"z_nu_r[20]",1.05203871700492,1.04457455,0.509724249084066,0.507216111108,0.232490619,1.90408025,1.002117539874,2177.69034026106,1584.78908423643
"z_nu_r[21]",-0.039381567715825,-0.04935394,0.497956688761156,0.501073009899,-0.8497384595,0.8179844495,0.999895079958594,2146.4595832913,1414.44695437554
"z_nu_r[22]",0.487610174267055,0.50023498,0.543417418253706,0.546139468665,-0.4255417175,1.36902188,1.00264484389145,2780.93918148881,1581.2684925747
"z_nu_r[23]",-0.34652355526659,-0.336943665,0.47556790078676,0.4518227643867,-1.13053053,0.447414366,1.00444032998908,2397.31201344861,1331.83503964122
"z_nu_r[24]",-1.1518175378285,-1.15877555,0.459224475637368,0.451938081756,-1.902710915,-0.394653917,1.00113052456581,2083.71476906046,1202.97859287719
"z_nu_r[25]",-1.210592552145,-1.20073975,0.43324843840924,0.422543068227,-1.940597655,-0.5213668665,1.00150488863684,2417.27668704493,1445.69421880738
"z_nu_r[26]",0.780215220680945,0.77128913,0.514107517016149,0.486218336415,-0.0883486636,1.65330498,1.00049443447923,2514.85365090272,1336.03792868893
"z_nu_r[27]",-2.026335816745,-2.0108207,0.449176226885677,0.44455968564,-2.754102945,-1.279469825,1.00273174590701,2354.10855703982,1477.22714668927
"z_nu_r[28]",0.3477560682114,0.34118759,0.480397476076728,0.49920217485453,-0.411354003,1.137217765,0.999868450078331,1844.14717630295,1235.05989750679
"z_nu_r[29]",-1.18005674861585,-1.1732617,0.509479042378324,0.49885131156,-2.06055061,-0.3394311425,0.999973277373186,3114.68101564668,1758.62013228524
"z_nu_r[30]",0.74735743884785,0.740439,0.513491579181292,0.50247782529,-0.09776296405,1.5937125,1.00138982514552,2400.67743830753,1461.27625437798
"z_nu_r[31]",-0.01292936561539,-0.013679461,0.479265600086193,0.486003033243,-0.7876796225,0.751826521,1.0005443229227,2021.87968476228,1717.04413590986
"z_nu_r[32]",0.65600387265995,0.654763325,0.504811784115867,0.491196329001,-0.1639712955,1.49205591,1.00208671978784,2668.7836901181,1017.10843242905
"z_nu_r[33]",0.18247992290911,0.175566625,0.454765682001627,0.44339413965,-0.5641861435,0.944452598,1.00072207304005,2390.84861943583,1479.88821743445
"z_nu_r[34]",0.77849747011315,0.759358185,0.537699107449485,0.554674633779,-0.08437584805,1.66444872,1.00524734043237,2771.79482570957,1324.48147639168
"z_nu_r[35]",0.361683711808277,0.3667852,0.464237918548655,0.4737507275088,-0.3919973715,1.133690235,1.00215788372632,2170.33205515289,1448.42187691744
"z_nu_r[36]",0.40525895080567,0.421647405,0.501359123335385,0.488896238187,-0.4390156755,1.206206605,1.00011664438024,2452.6645993288,1510.17641767063
"z_nu_r[37]",1.192445862392,1.1715616,0.507026994245233,0.50533116312,0.408831545,2.053197165,1.00113623467369,2249.43579098604,1579.14788375272
"z_nu_r[38]",-0.75481642852611,-0.76066044,0.457705185069914,0.47004439356,-1.4606356,0.0113610743499999,1.00245038992715,2405.16691519881,1500.73950037187
"z_nu_r[39]",0.22549293742965,0.217292075,0.510685652471553,0.526389924564,-0.581933433,1.075492625,1.00050485901687,2722.3116395968,1723.36694031013
"z_nu_r[40]",-0.86266875221142,-0.867953,0.462090047515972,0.45326966412,-1.616915995,-0.103761817,1.00089237291776,2718.7770562598,1643.82510690434
"z_nu_r[41]",0.40858215884146,0.41278097,0.526994565155445,0.5165034844515,-0.4555433405,1.27386857,1.00022087842852,1885.37218563133,1248.25189773116
"z_nu_r[42]",0.43682880954362,0.433358965,0.519495414464894,0.5391218469504,-0.3926318765,1.282475395,0.999618814492245,2369.11457171969,1505.13622342161
"z_nu_r[43]",-0.96627016146135,-0.964139235,0.435167695353226,0.446274772146,-1.673950045,-0.255688244,1.00092596266463,2119.77995677053,1349.74848802156
"z_nu_r[44]",-1.855858774155,-1.8491011,0.44295538752507,0.43064718963,-2.56634956,-1.150069595,1.0012404971339,1959.56762750643,1328.77921289758
"z_nu_r[45]",-1.172520635422,-1.1685798,0.43522515451758,0.453275735367,-1.897855395,-0.4499907965,1.00132250666749,2186.03807726739,1630.60245758979
"z_nu_r[46]",-1.3128244156395,-1.33215365,0.451662259876575,0.43995132006,-2.02641745,-0.556416772,1.00021947554884,2435.87476062901,1460.6543692113
"z_nu_r[47]",0.18261495913008,0.172588585,0.490294928217565,0.487450977468,-0.636106035,0.970766251,0.999562350223892,2365.4677127149,1576.38180058995
"z_nu_r[48]",0.431793692064615,0.41639097,0.515387850542278,0.53142232857,-0.3888793005,1.331848125,1.00112075425739,2761.29360578237,1375.84225820803
"z_nu_r[49]",0.553929063435521,0.559742575,0.495998578388777,0.514247986539,-0.2698696995,1.35765252,1.00054258880416,2662.01726445354,1555.28832898424
"z_nu_r[50]",0.106353711689257,0.10562123,0.48460600388002,0.461364474795,-0.6908676865,0.9234358255,1.0002800340891,2414.58948310089,1119.84831059403
"z_nu_r[51]",-0.13180387338861,-0.1405017,0.50020643910016,0.473266253859,-0.937381895,0.727548622,1.00480105575849,2841.52840386199,1340.79629743725
"z_nu_r[52]",-0.53636521119522,-0.526534135,0.498176241605352,0.47441583966,-1.339324695,0.3373454295,1.00043765678199,3211.75683800826,1422.39443939089
"z_nu_r[53]",0.731585538951375,0.72462184,0.482853403219321,0.485390282076,-0.03931234325,1.521580535,1.00101132366769,1844.28404261075,1505.4143378594
"z_nu_r[54]",-1.17962117588165,-1.1719621,0.460596306150245,0.45463358199,-1.93547338,-0.423669047,0.999564163218673,2756.44704932491,1505.49191014935
"z_nu_r[55]",0.6123670865181,0.60668314,0.475434196290107,0.480037295472,-0.1670078785,1.38483954,0.999985414703256,2812.88960761246,1615.50692242659
"z_nu_r[56]",0.53504893242371,0.534479945,0.478134901757923,0.478790013744,-0.239315017,1.333820465,1.00179461083032,2001.94352358582,1493.82149569808
"z_nu_r[57]",-0.3111579855429,-0.32820512,0.491044284550332,0.49127617531356,-1.111556685,0.51949493,1.00149994348436,2337.2852612663,1582.01592455308
"z_nu_r[58]",0.402643458939465,0.40454642,0.510462630378255,0.5180382845736,-0.427722472,1.24311504,1.00025652683777,2482.30206982351,1693.50853222533
"z_nu_r[59]",0.649361416383315,0.648229185,0.493053219608058,0.494630549511,-0.146930731,1.46422135,1.00019605519675,1870.62318521963,1509.36716711945
"z_nu_r[60]",0.93544111938033,0.920763145,0.503116779745969,0.503296450293,0.1625156635,1.759195335,1.00028741388443,2257.18259500912,1333.26010858163
"z_nu_r[61]",0.673921059519987,0.67044642,0.487686840288128,0.484664438181,-0.1196799225,1.494768185,1.00029197763217,2687.49513233149,1439.24292342597
"z_nu_r[62]",-1.1116365960335,-1.10199625,0.463094473297987,0.462543067665,-1.85407144,-0.3835952385,1.00619807501934,2921.19593853454,1528.63362056166
"z_nu_r[63]",1.0386953822112,1.0189158,0.496911560672357,0.478773675492,0.2514597405,1.90062682,1.0010229131565,2653.20155526941,1397.72909379864
"z_nu_r[64]",-0.50865358076213,-0.504104,0.449050731902728,0.441267661296,-1.24540506,0.2381850615,1.00034262915815,2952.89626345609,1548.32246360154
"z_nu_r[65]",-1.0653114327334,-1.06713475,0.458639829477016,0.45654991662,-1.811249385,-0.311344787,1.00183688848604,1877.14937636813,1405.18389361642
"z_nu_r[66]",-0.76418467592338,-0.768106435,0.50856570779713,0.502088361096,-1.555145455,0.070457047,1.00153595989239,2474.68180212843,1260.50047924792
"z_nu_r[67]",-1.4344270797655,-1.43301285,0.438905029004071,0.44408347452,-2.155375955,-0.735313211,1.00025135669721,2164.58214636067,1480.89080620868
"z_nu_r[68]",1.1070461622482,1.1205456,0.497206231461842,0.51326692788,0.291039645,1.91926566,0.999897139775576,2358.90068711537,1509.86391130594
"z_nu_r[69]",-0.77624730921102,-0.782386265,0.501887641575409,0.522938164896,-1.579001905,0.03648477345,1.00028995292995,2845.85701008563,1532.49159817492
"z_nu_r[70]",0.90251481986395,0.907379195,0.509009814982826,0.509002110372,0.06881823385,1.715474185,1.00032910698096,2976.65660537945,1540.18221160385
"z_nu_r[71]",0.0505723243491345,0.0456120615,0.465635648491969,0.466065769743,-0.6964415575,0.8142687445,1.00065141744021,2562.87886362261,1717.85508520046
"z_nu_r[72]",1.8333987639755,1.8203165,0.573062676958593,0.56256019029,0.9080241835,2.79738228,1.00222132203997,2705.65662717631,1532.79892467537
"z_nu_r[73]",-0.94151052133155,-0.936729615,0.488465826548537,0.491116831989,-1.77687416,-0.1552688775,1.00156859072078,2147.17020152929,1245.26493553967
"z_nu_r[74]",0.9582686675749,0.960495415,0.50057414865229,0.499371756051,0.1558650065,1.794214735,1.00027662329149,2029.98864727812,1628.08472192097
"z_nu_r[75]",-1.3082240036425,-1.30500215,0.467871890830197,0.463351536858,-2.084173915,-0.555115095,1.00134504510313,2291.02431753451,1339.14848672342
"z_nu_r[76]",-0.31260424690958,-0.311632645,0.490869329495645,0.4929167291454,-1.10045051,0.498334773,1.00158375292573,2270.12757381216,1589.0069199632
"z_nu_r[77]",0.476768008249852,0.47139092,0.463476631348569,0.439139707755,-0.258304593,1.25888372,1.000598760783,2824.09885107456,1363.6206899986
"z_nu_r[78]",1.1101982408408,1.10956595,0.508121821420347,0.51361704387,0.293413172,1.94151131,1.00386861252408,2169.67277196496,1634.08233033157
"z_nu_r[79]",0.340564324706542,0.325520965,0.483281279694413,0.471408593124,-0.409671763,1.14564011,1.00301283438975,2098.94159959333,1464.47810093984
"z_nu_r[80]",-0.221002908771121,-0.2314674,0.520747010499469,0.51224259954,-1.06522367,0.645450125,1.00065248452172,2287.14616929135,1258.13781028542
"z_nu_r[81]",0.359656607463683,0.36634396,0.484809668176799,0.4865930576346,-0.43446789,1.140772875,0.999910138956726,2635.74440008746,1699.70635470965
"z_nu_r[82]",1.3963289948182,1.40156955,0.538841911723137,0.53361450093,0.5123275015,2.28179685,1.00004210459447,2904.7874330445,1375.59860346866
"z_nu_r[83]",0.0170639731530461,0.0235145355,0.455905949752359,0.446260568838,-0.750630252,0.747512409,0.999912800706259,2812.1372704099,1306.71303163403
"z_nu_r[84]",-1.023089575571,-1.01853095,0.448910394524878,0.442844969784,-1.77287878,-0.301007966,1.00024559876021,2513.61289150338,1443.02702292841
"z_nu_r[85]",0.094974235693205,0.0838698525,0.511729587534757,0.500142329988,-0.725326764,0.911057177,1.00131050311816,2192.76859295836,1619.91248339941
"z_nu_r[86]",0.299449670705139,0.304134605,0.513008978277769,0.4893666656844,-0.539736274,1.129756825,1.00008844369239,3065.95672131137,1448.49385701984
"z_nu_r[87]",0.0474499472044425,0.0335630535,0.499194871034984,0.508354095564,-0.754118296,0.8762220605,1.00123488647253,2295.96367991268,1720.73259313191
"z_nu_r[88]",1.46965471829,1.456866,0.522867398801853,0.5064368862,0.6334604765,2.33501919,1.00031243765705,2261.30191287524,1538.6223860435
"z_nu_r[89]",-0.70584340848137,-0.70758905,0.483803154249608,0.49866724677,-1.46917558,0.101473346,1.00055883289216,2743.76103251351,1359.66792822355
"z_nu_r[90]",0.98555447295315,0.983889075,0.518947234793639,0.504450217026,0.120239599,1.86727889,1.00291337441566,2557.587822877,1626.1973275196
"z_nu_r[91]",1.09870584669035,1.0915851,0.524842153604316,0.512628068127,0.217866963,1.95486057,1.00008603009867,2168.8790821445,1504.60895240182
"z_nu_r[92]",0.2713795644709,0.267066145,0.487360955240522,0.4811973195183,-0.5081203655,1.084097565,1.00028319586471,2568.03107395625,1582.9517735296
"z_nu_r[93]",-0.498477007386011,-0.49832163,0.494446283608215,0.49212223494,-1.294510265,0.30590719,1.00174990129845,3145.73122781293,1583.30512382725
"z_nu_r[94]",1.276666875663,1.2557002,0.505775090486125,0.503158546254,0.4860285845,2.117547725,1.0006395812169,2044.291514043,1542.17539993653
"z_nu_r[95]",-1.09913707248485,-1.09782325,0.481806650593369,0.479836988799,-1.879026855,-0.282041292,1.00040018901073,2612.63695995738,1481.99981070694
"z_nu_r[96]",0.779173638469475,0.77878479,0.48154540160181,0.484206804039,-0.01419238175,1.541421965,1.00047003227057,1747.50730429927,1389.78193769605
"z_nu_r[97]",-0.298799074759095,-0.298880665,0.442896768488317,0.45658679933433,-1.019874115,0.41009939,1.00188319336222,2545.7765726802,1654.0280346977
"z_nu_r[98]",1.0684512902167,1.0535822,0.501865819243972,0.511595844942,0.2637996555,1.89376789,0.999371799220885,2598.77488623347,1696.83988233536
"z_nu_r[99]",0.31805280211003,0.320688265,0.558890395954724,0.5749260120345,-0.5620930475,1.245131975,1.00293289517311,2258.34253781173,1332.12827495568
"z_nu_r[100]",0.46156033791727,0.446300495,0.502811026796856,0.5164903960587,-0.3397798815,1.27753692,1.00366293004113,2313.14079309635,1380.70110646146
"z_nu_cr[1]",0.01151215505754,0.0117492995,0.625308139055472,0.602196055755,-1.038780705,1.04933285,0.999873496031794,2221.1817998473,1549.95682399133
"z_nu_cr[2]",-1.6965162129912,-1.69925315,0.673803933302455,0.67058405715,-2.80533171,-0.5760938565,0.999602655052865,2207.73787767814,1449.21501263338
"z_nu_cr[3]",-0.21348392180029,-0.21945915,0.610923883342571,0.622846056966,-1.21240857,0.7840717425,1.00120322227398,2459.09070617485,1691.49012770258
"z_nu_cr[4]",-0.673423456081375,-0.654466645,0.515851581233407,0.502818208011,-1.569943045,0.181730831,0.999215788979182,2444.89876299071,1439.57927830972
"z_nu_cr[5]",1.06088173275175,1.0538527,0.465221803952375,0.473928353367,0.29645225,1.829385355,1.0001285070529,2208.48789254291,1598.02891151785
"z_nu_cr[6]",-0.062973121351835,-0.0688463885,0.474946611860705,0.489345280662,-0.8440936745,0.7295009955,1.00013621098467,2618.23675516299,1431.54675424139
"z_nu_cr[7]",0.24452733138545,0.248840665,0.483401248753325,0.4659908332086,-0.583923039,1.02399152,1.00050444342765,2417.76233152928,1454.55084752844
"z_nu_cr[8]",1.07118572955729,1.06254135,0.489805587057096,0.461407121784,0.2802314785,1.923792965,0.999674778329929,2569.62852760861,1530.02312552806
"z_nu_cr[9]",2.557072556225,2.55806785,0.522678004068361,0.52037087991,1.67643378,3.44163698,1.00043081179483,2648.65873692585,1566.91859681948
"z_nu_cr[10]",-0.18427350707247,-0.172586365,0.515357773232195,0.519398175702,-1.048866475,0.6500720155,1.00380711062265,2216.98847305763,1401.80166834272
"z_nu_cr[11]",0.26006407257483,0.260642365,0.482121331103749,0.4735808719572,-0.5404568785,1.04435689,0.999750549469661,1877.63224759379,1524.67691057761
"z_nu_cr[12]",-0.053163748651925,-0.055946759,0.609932303084852,0.6073455421656,-1.04133783,0.9637677595,1.00097005251382,1848.02016005063,1506.98126057349
"z_nu_cr[13]",-1.31218831728525,-1.3120513,0.502295791298016,0.504498290331,-2.15172299,-0.490229639,1.00009839090234,1812.62644886904,1539.08422546466
"z_nu_cr[14]",0.83733247227785,0.836209275,0.518979121122524,0.501052209021,-0.02198987405,1.69785975,1.00004195386187,2256.13692706897,1586.29789589072
"z_nu_cr[15]",-0.412786479696,-0.430060945,0.644753184932237,0.6417274490697,-1.463000185,0.680452958,1.00060216718744,1643.67228920741,1437.47616451651
"z_nu_cr[16]",-0.751773694972915,-0.745799125,0.536637687652322,0.520622514195,-1.632841385,0.1634887905,1.00168414874143,1785.42319932892,1458.66638647879
"z_nu_cr[17]",0.70839791582695,0.708237615,0.501854576716664,0.500713494225,-0.111486907,1.494297055,0.999900382221876,2077.04221202612,1555.10989655172
"z_nu_cr[18]",-0.497857776752395,-0.497816415,0.58186256717047,0.5918753709981,-1.448800765,0.4763111635,1.00170795544394,2483.30135060932,1496.11369134492
"z_nu_cr[19]",-0.86000906388005,-0.86015086,0.556152894304407,0.571844364924,-1.77706089,0.03640102685,1.00018932029372,2231.3625572587,1599.40067923957
"z_nu_cr[20]",0.108167497314365,0.129522465,0.571109261333686,0.563587202136,-0.8348777095,1.04684692,1.00025145163672,1944.87286521947,1566.91763336972
"z_nu_cr[21]",0.13314196647024,0.14671467,0.556432835141109,0.559648030305,-0.80115365,1.060712745,0.999946091041647,1694.08485960286,1348.8788168915
"z_nu_cr[22]",0.681248875158536,0.668427775,0.605890490277898,0.597798441765,-0.278881226,1.696138315,1.00243674663067,1965.45061813638,1744.87395406694
"z_nu_cr[23]",0.704014941344155,0.7033438,0.497744797308386,0.50295833595,-0.0994727263,1.548311145,1.00021074384264,2014.14689944912,1543.58502775835
"z_nu_cr[24]",1.305864512588,1.30045075,0.464354003649581,0.448926305877,0.5486369785,2.074227075,0.999934096271796,2635.72154209158,1582.36124770696
"z_nu_cr[25]",0.132453647432635,0.135978105,0.443706813311313,0.461981547741,-0.59836858,0.8624618535,0.999698788511068,2613.4673545237,1770.58455552259
"z_nu_cr[26]",-0.8382205047219,-0.856848595,0.53999534698201,0.529563118518,-1.67767787,0.0165697379499999,1.00009605137398,2188.04992070341,1483.69457076592
"z_nu_cr[27]",0.81066585153695,0.80679871,0.483530144927767,0.473794763694,0.02246566145,1.606299405,1.00033491050127,2359.33730212189,1505.74477597946
"z_nu_cr[28]",0.745052988215247,0.745590455,0.484395055046968,0.481593224868,-0.06373801465,1.53727995,1.00027689024366,1989.38400625658,1407.37662368355
"z_nu_cr[29]",0.83079883981654,0.80777716,0.518886887842451,0.51175430523,0.000713135816000011,1.68174326,1.0038451522102,2461.99649616305,1484.36822106428
"z_nu_cr[30]",0.292591591135985,0.300875955,0.57458627456002,0.5802690881988,-0.6749396375,1.236120105,1.00263320963402,2169.05688076134,1443.2920140364
"z_nu_cr[31]",-0.393478300491605,-0.390217515,0.532523568124284,0.5331743073531,-1.27834033,0.479608996,1.00051962929687,2392.64987330474,1631.2111111545
"z_nu_cr[32]",0.55995124862348,0.550175935,0.567133751143739,0.557589736725,-0.3490647985,1.503163285,0.999438940227922,2160.45114457665,1507.47739461291
"z_nu_cr[33]",-1.5037892109761,-1.5187192,0.593763752026224,0.56619211551,-2.46973867,-0.4838401855,1.00119348884556,1841.52136576507,1632.39064989553
"z_nu_cr[34]",-0.27463985894313,-0.277514855,0.60561591444985,0.626512801047,-1.26707684,0.706018044,1.00118190727241,1628.51083969855,1228.8401938901
"z_nu_cr[35]",-0.77209967126085,-0.758519045,0.590736542413343,0.578177335302,-1.770635005,0.201766309,1.00001648382132,2319.85577904937,1882.90131784871
"z_nu_cr[36]",0.132627694624805,0.1308172,0.611756229082367,0.601843293324,-0.9244285595,1.11297569,1.00339513430436,1989.31595875197,1586.87050155132
"z_nu_cr[37]",-0.837627809802486,-0.83459605,0.698535884812962,0.692899129356,-2.00236866,0.305111095,1.00032429095792,1759.38033930672,1221.9876716626
"z_nu_cr[38]",0.40374988584485,0.417196035,0.461992362247292,0.440084687343,-0.3737343485,1.16105276,1.00077316418686,2261.92475464796,1577.64318704678
"z_nu_cr[39]",-0.312966259976486,-0.32411786,0.520325318755515,0.509135826066,-1.186815195,0.545356644,1.00214122174299,1754.34721864217,1435.21931214814
"z_nu_cr[40]",1.1464188070251,1.1284595,0.50176196206042,0.488448248358,0.3377120175,1.97120489,1.00012092435684,2423.71708203747,1616.76049858539
"z_nu_cr[41]",-0.15164468086806,-0.161907615,0.582144760390108,0.57836759736,-1.121573775,0.8195003575,1.00272602300119,2250.81290236788,1433.10816763345
"z_nu_cr[42]",0.527288205795785,0.53405769,0.525627107964847,0.5211835671,-0.328834234,1.391661865,0.999409421619933,2340.37277920757,1582.37710239472
"z_nu_cr[43]",-0.43507576350667,-0.44232746,0.666468938775953,0.675091294584,-1.550842845,0.680048605,1.00245482350679,1354.85518291398,1505.77262909882
"z_nu_cr[44]",-0.30968122264464,-0.306862995,0.531166452381605,0.5130289387041,-1.19110313,0.593852176,1.00130057527966,2316.38724253298,1611.82473946771
"z_nu_cr[45]",0.16521579204846,0.17858173,0.516446536523759,0.519842132859,-0.6848354585,1.00720232,1.00021078027903,2311.70716398753,1557.65745742363
"z_nu_cr[46]",-0.423736063900899,-0.42623673,0.538262935273255,0.5258278842474,-1.33266738,0.4446053795,1.00057343676846,2317.36781025023,1508.55654838527
"z_nu_cr[47]",-0.3138967184248,-0.3170217,0.531097184443786,0.5295379788111,-1.19508087,0.5704412815,0.999656102191051,2172.01499889275,1529.24778784823
"z_nu_cr[48]",0.13552614464563,0.12738922,0.605111981426026,0.593165138853,-0.855492079,1.15914384,1.00268495707818,2244.25890808038,1595.23140131729
"z_nu_cr[49]",0.2830881579954,0.280542745,0.546383475671785,0.5318479845126,-0.606987163,1.19060262,1.00000264576399,2397.2094348392,1399.70934483749
"z_nu_cr[50]",0.18086882428241,0.20061014,0.578865794097362,0.552250123173,-0.7873979135,1.12075308,1.00057876485062,2361.90283714221,1624.43218742254
"z_nu_cr[51]",-0.358559195217965,-0.36542606,0.571763167580538,0.5698328303241,-1.29774407,0.552246325,0.999979954677958,2531.21198718205,1345.44052015778
"z_nu_cr[52]",-0.60007872446755,-0.5924102,0.554874299724465,0.55417089819,-1.498976425,0.308999038,0.999778040621484,2193.48627931455,1581.06615345684
"z_nu_cr[53]",0.35973094563925,0.346531675,0.556660621554302,0.5580667721706,-0.5164872205,1.30819113,1.00060528795733,2466.3317922121,1570.43153362958
"z_nu_cr[54]",1.417190775025,1.41163465,0.478893783387689,0.47804776488,0.6588096765,2.19533482,1.00133826236855,2689.26566583327,1732.25626220702
"z_nu_cr[55]",-1.02345983646369,-1.02338305,0.525141810142683,0.529431560007,-1.87620929,-0.170380262,0.999487950165305,2536.54529318335,1581.46943621248
"z_nu_cr[56]",-0.253346113885905,-0.2587773,0.599464479396558,0.600989582592,-1.216901915,0.7348954695,1.00029609371631,1700.91901501929,1473.81435032546
"z_nu_cr[57]",-0.67305399295127,-0.68829926,0.634823635817196,0.611164325394,-1.668851455,0.39087495,1.00072673868136,1753.8286128499,1429.97362807742
"z_nu_cr[58]",-0.544213819723455,-0.549903325,0.626626319943786,0.633274405911,-1.564279525,0.4659217085,1.00216463630051,1924.98972896853,1544.88082926124
"z_nu_cr[59]",0.15436339645044,0.15837742,0.554618044113967,0.522797584764,-0.792768499,1.058575365,1.00051643028293,1676.45334864177,1371.85885381126
"z_nu_cr[60]",-0.154862680423645,-0.152361065,0.557500153677527,0.550702184991,-1.0768996,0.7537500545,0.99936288592086,2182.2937490301,1608.53831244459
"z_nu_cr[61]",0.5990506751746,0.595727785,0.503700947867189,0.498554228172,-0.228281786,1.39979594,1.00072765354056,2502.77372977426,1331.17059037406
"z_nu_cr[62]",1.147320613601,1.16117585,0.497515585839605,0.501324985182,0.3194687405,1.953217015,1.00030955984253,2499.88686589695,1383.87167736989
"z_nu_cr[63]",0.71917611538045,0.70938632,0.51124154279315,0.513942296658,-0.09466498965,1.599150965,0.99950432905592,2503.86497594347,1734.74967816716
"z_nu_cr[64]",-0.75481808271435,-0.755748435,0.591243860345583,0.606694419828,-1.730611625,0.198153102,1.00037902078169,2062.40011642369,1636.77055488013
"z_nu_cr[65]",-1.3792397321465,-1.379691,0.520924966562518,0.50519906346,-2.27293797,-0.545575,1.00190622991256,2215.04677249569,1514.4243518881
"z_nu_cr[66]",-0.068704695527255,-0.060405318,0.516537843672532,0.510021064287,-0.9367232845,0.767841524,1.00025948618198,2592.98907047792,1564.8903216403
"z_nu_cr[67]",-0.77231312082795,-0.77551444,0.479519399819815,0.478836078126,-1.537658765,0.0690787280499994,1.00195737343574,2385.62231106133,1416.21182560227
"z_nu_cr[68]",-0.76514060059515,-0.7657328,0.800067220269336,0.800946161841,-2.05131168,0.571083477,1.00049047228187,1718.81401788578,1439.57927830972
"z_nu_cr[69]",0.75473191820768,0.75204827,0.513811170879354,0.516027944208,-0.0640591314,1.567639415,0.999840140465396,2244.00157091489,1432.81869153241
"z_nu_cr[70]",-0.209098616540695,-0.20194304,0.601447886934904,0.609180302661,-1.19161448,0.7934680715,1.00104326508121,2026.33540335323,1503.4946265768
"z_nu_cr[71]",0.04077941355247,0.0274958705,0.511992226189747,0.4978287022947,-0.810078992,0.9025979645,0.999660745510962,2237.57257654834,1631.80789785524
"z_nu_cr[72]",-0.97561927760335,-0.97602533,0.654430460955384,0.65067029286,-2.0419337,0.0710303219999996,0.999893373342881,2206.63240390844,1851.64052144395
"z_nu_cr[73]",1.4323993894595,1.4276556,0.503920533165428,0.52101788655,0.642504244,2.25780342,1.00189040399563,2299.3735164666,1379.58001994608
"z_nu_cr[74]",0.491960641524152,0.49043688,0.61345478175228,0.5998282419969,-0.513439612,1.50915587,1.00113315712174,1899.03172392533,1637.02164476985
"z_nu_cr[75]",0.2462864441117,0.25357218,0.54385403235016,0.563882825163,-0.654926946,1.121728325,0.999437567157149,2406.19134418395,1220.46861205837
"z_nu_cr[76]",0.357649716884,0.36004497,0.534584172467646,0.52369433856159,-0.543514592,1.235385565,1.00135567516519,2226.9441879438,1520.63522856056
"z_nu_cr[77]",1.02807721184171,1.0218094,0.48377260525479,0.480256208775,0.232497904,1.834156165,1.00521464541639,2718.20429737392,1369.42232000667
"z_nu_cr[78]",-0.8797879268309,-0.88867811,0.540989646602545,0.524467481622,-1.76901999,0.0165451700499999,0.999974020196774,2151.58628732822,1715.92129029931
"z_nu_cr[79]",0.529184188791795,0.52227171,0.487933826993091,0.499214133432,-0.264510641,1.31216052,1.00018237124266,2384.66690908893,1660.46103245227
"z_nu_cr[80]",0.64470305003328,0.648504615,0.541921941390081,0.547741336422,-0.2259930865,1.52858787,1.00209632862497,1883.03059421897,1573.53004910917
"z_nu_cr[81]",0.779230613060105,0.77483849,0.478503376376693,0.494373466671,0.0107991367,1.580479835,1.00024548654835,2434.59697841402,1636.49181093917
"z_nu_cr[82]",0.9335218687754,0.936634075,0.51909533492834,0.506007881064,0.08606811425,1.8233869,1.0013615082163,2846.18992352776,1661.38097770081
"z_nu_cr[83]",-0.0383305156251,-0.0376680385,0.523364896851113,0.52265408391,-0.89874107,0.8045035185,1.00121139324837,2500.8214985444,1789.98476522957
"z_nu_cr[84]",2.19874187114,2.19324165,0.518070306614167,0.49663282305,1.36405308,3.069346785,0.999328044654033,2000.90370939542,1662.2322795049
"z_nu_cr[85]",1.4746895711155,1.4581738,0.525406963391711,0.51937605531,0.6676534605,2.37104733,1.00014215514425,2261.90311438276,1242.21592867664
"z_nu_cr[86]",-1.38045820657856,-1.38587435,0.593218634699192,0.58337648733,-2.399785915,-0.390566571,0.999815333559212,2085.38164536219,1735.30004179354
"z_nu_cr[87]",-0.79646953042533,-0.791681685,0.553422013778651,0.560687533056,-1.702104425,0.10394484,1.00280642708607,2245.78831602501,1591.81777252521
"z_nu_cr[88]",-0.647201295330284,-0.653324445,0.710996817047688,0.698988945921,-1.7998156,0.5371515035,1.0010894721606,1606.31688793454,1554.56664663234
"z_nu_cr[89]",-1.7507926250314,-1.75409255,0.568632958392642,0.56484843513,-2.690634445,-0.834457299,1.00009800637428,1830.79898290837,1421.14252420226
"z_nu_cr[90]",-1.14394221195143,-1.15234655,0.622119925898579,0.594704982039,-2.183997875,-0.115100192,1.00195147818466,1604.38812672672,1621.70782218938
"z_nu_cr[91]",-0.5045018021092,-0.49379044,0.571471496211343,0.549464347425,-1.45239742,0.425873492,0.999844418333752,2600.08094447747,1622.24441296705
"z_nu_cr[92]",-0.77349239646646,-0.78144816,0.603862447770961,0.589785122199,-1.731001345,0.2264835145,0.999530708416088,2199.25279441127,1528.36235606945
"z_nu_cr[93]",0.161803942528465,0.163631575,0.510997250048091,0.515141045475,-0.665194214,1.001657405,1.00143611394771,2504.62839394543,1313.8100365956
"z_nu_cr[94]",0.86340258814062,0.869954735,0.540630995668406,0.534224613069,-0.03714576555,1.709087755,1.00223728318319,2206.83916840455,1508.82663512611
"z_nu_cr[95]",-1.25588748773095,-1.2547585,0.550426425164924,0.574848112524,-2.16448189,-0.3858631055,1.00017328995247,2284.737420632,1537.45259607259
"z_nu_cr[96]",-0.27418833637632,-0.291180975,0.51031592107208,0.520219039431,-1.08628968,0.5406449835,1.00308302014977,2111.55729861706,1227.03840565372
"z_nu_cr[97]",1.15742087878159,1.15034395,0.460964289111057,0.45065020644,0.430757441,1.933539725,1.00008851027697,2926.42359917606,1571.03160993072
"z_nu_cr[98]",-0.0220788013937995,-0.0215747615,0.490811646026016,0.4819842628419,-0.833280786,0.766659556,0.999529390648487,2420.08928240976,1358.1035332034
"z_nu_cr[99]",-0.943237336747465,-0.931146975,0.613881863923296,0.603397903206,-1.945463195,0.0646573655499998,1.0025071278612,1939.2852556102,1430.4659299731
"z_nu_cr[100]",-1.2243127088971,-1.2302157,0.718422300402004,0.71528281629,-2.435773045,-0.0580423408000003,1.00223838411843,1773.2105622231,1605.85454746177
"z_alpha_intercept[1]",-1.00303929105355,-1.0257824,0.657181663565593,0.657454551852,-2.07115612,0.0775069778499999,1.00085663629764,2887.5620173127,1484.0381303322
"z_alpha_intercept[2]",-0.25311792052035,-0.269780745,0.666591089618079,0.664790323218,-1.375817845,0.8319678545,0.999345563934948,3172.49135801921,1694.31585392156
"z_alpha_intercept[3]",0.01811908083052,0.0118010965,0.604046677972133,0.626640000714,-0.969360841,1.006210105,1.00087485117466,3010.1539052251,1590.35948603775
"z_alpha_intercept[4]",-0.21981338330625,-0.218261805,0.59321390510308,0.610312423434,-1.16525201,0.7991898955,1.00000028890795,2758.612632646,1460.96904876826
"z_alpha_intercept[5]",1.18295560107495,1.18881535,0.596108415530816,0.561983481129,0.2090704085,2.1842108,1.00124402518707,2591.68862101901,1325.46378919217
"z_alpha_intercept[6]",0.24208265819177,0.242903825,0.628682066182792,0.618256112691,-0.758223103,1.276779545,1.00073340175352,2819.15305975952,1348.57527966925
"z_alpha_intercept[7]",0.16481889712819,0.16331399,0.607130018003989,0.600861174606,-0.8055997375,1.160950025,1.00050425165151,2653.51476518312,1654.9942958558
"z_alpha_intercept[8]",-0.71850999770255,-0.714029575,0.603876571130103,0.606027687195,-1.73134761,0.2416470775,1.00029825943849,2586.10539563397,1670.17136316587
"z_alpha_intercept[9]",-1.13306608589265,-1.13286675,0.599244746022251,0.579513706464,-2.117014835,-0.126376143,1.0013856832442,2751.58702888659,1543.26421944084
"z_alpha_intercept[10]",-0.37810256953692,-0.373077455,0.610310528873864,0.6070484105931,-1.380489705,0.6212288645,1.00041683200133,2794.316666626,1607.82860390606
"z_alpha_intercept[11]",0.467020654722724,0.471246705,0.586677165284493,0.5698185729012,-0.553521568,1.40900372,0.999628035123581,2849.41757069028,1276.86882654174
"z_alpha_intercept[12]",-0.81570631563775,-0.81182664,0.616140847034196,0.622122095973,-1.83715615,0.154079613,1.00354225457765,2506.08731322531,1206.84541610274
"z_alpha_intercept[13]",1.00548912451736,1.01221885,0.585171557056109,0.592906061916,0.051185248,1.97616345,1.00347234940989,3101.00044895355,1733.16394282797
"z_alpha_intercept[14]",1.0782495734005,1.078156,0.564207908514837,0.583312186968,0.1188546885,1.981823165,1.00048358937297,2951.25807980377,1416.72066527772
"z_alpha_intercept[15]",0.333666963645666,0.31311462,0.640431844920231,0.63398081292,-0.6858275025,1.43998194,1.00195251670076,3013.50098892126,1636.33915253519
"z_alpha_intercept[16]",-0.061423911625465,-0.0677408295,0.554035657194142,0.5441828658777,-0.948310358,0.8597405325,1.00019756294234,2974.61970401008,1275.55193628547
"z_alpha_intercept[17]",0.771571237257765,0.774715405,0.628724972441905,0.633581052069,-0.205134969,1.82549037,0.999998490547404,2643.31487783628,1504.25134502958
"z_alpha_intercept[18]",-0.874753517314804,-0.876470965,0.643889066756125,0.635371321221,-1.931366245,0.224962197,1.00054558159168,2694.86584732826,1508.87691847494
"z_alpha_intercept[19]",-0.162517189406955,-0.168582395,0.628615836863604,0.603532627068,-1.165546515,0.8726279475,1.00044574953616,2460.80558056357,1396.16347014059
"z_alpha_intercept[20]",-0.12899784118082,-0.12810794,0.62361061328078,0.610820354781,-1.17835745,0.855344527,1.00078706498827,2477.00395303552,1431.25027974556
"z_alpha_intercept[21]",0.49779325493138,0.47509391,0.596062580142195,0.5913407913987,-0.4622292465,1.466117125,1.00024645485731,2133.74613551362,1517.23331177484
"z_alpha_intercept[22]",-1.859881743965,-1.859095,0.596581949595857,0.60820796169,-2.85099931,-0.919837996,1.0008068290046,3299.03688722287,1570.81782330733
"z_alpha_intercept[23]",0.11390611788695,0.11390623,0.61570904876019,0.642039818805,-0.9085143075,1.12267019,1.00153073053446,2657.54361826931,1353.30807337147
"z_alpha_intercept[24]",0.87106534573515,0.85928955,0.633436365006131,0.611086852131,-0.1809462105,1.909123255,1.0012934406411,2302.14379382768,1400.69870315834
"z_alpha_intercept[25]",1.9980456408205,1.9811922,0.631872634611624,0.60532141362,1.000929315,3.07949777,1.00064362098069,2771.43480225173,1125.77213069772
"z_alpha_intercept[26]",-0.99869425992437,-1.000079585,0.596315959475468,0.579007153935,-1.998529565,-0.00226866988500001,1.00049688433569,2261.00233431847,1687.29170043762
"z_alpha_intercept[27]",0.079362491621335,0.0718273725,0.566225500728043,0.5627279501865,-0.861028236,1.021956165,0.99954898917832,3043.94200730025,1545.11970975345
"z_alpha_intercept[28]",-0.11238682308908,-0.107300695,0.5959905685879,0.594470909151,-1.08942377,0.8789993165,0.999201584470211,2824.88257109275,1517.46350641596
"z_alpha_intercept[29]",-0.379014983546475,-0.385766475,0.592729719958405,0.6157106426814,-1.33315242,0.5973509615,1.00551195013315,2567.0100989882,1644.40522747237
"z_alpha_intercept[30]",-0.94005435698905,-0.950231175,0.616103864922782,0.595843070277,-1.94460569,0.0818294824499998,1.00066281457685,2720.50188565324,1744.40589795484
"z_alpha_intercept[31]",-0.15891813243524,-0.15371042,0.604370053158255,0.585520119366,-1.15344742,0.8657297635,1.0009057543243,2676.38478686264,1416.62116772196
"z_alpha_intercept[32]",-0.615900948075844,-0.635720245,0.588001156232119,0.573112751463,-1.5782532,0.342067582499999,1.0002239973254,2649.74859840795,1387.59483176838
"z_alpha_intercept[33]",1.822461208685,1.812368,0.640811673358643,0.62696203626,0.799176216,2.90390597,1.00099530822444,2017.74954216901,1390.27242280162
"z_alpha_intercept[34]",-1.57092535444024,-1.57585385,0.585980403764681,0.5793163131,-2.521327545,-0.578334956,1.00016786592606,2908.77586656241,1518.60132560873
"z_alpha_intercept[35]",0.944675509026865,0.944880815,0.607135598354924,0.605198483841,-0.0493008209,1.9421118,1.00065853301856,2941.95146019835,1683.88615243555
"z_alpha_intercept[36]",-0.4356874936991,-0.43327112,0.628871104589179,0.6116471978358,-1.503820025,0.643864235,1.00014533073908,2795.64857849277,1485.61538003275
"z_alpha_intercept[37]",0.091512444370725,0.0930090025,0.625370026687009,0.6249068894985,-0.895236415,1.144130185,1.00076689912436,2765.35917722786,1534.10172061775
"z_alpha_intercept[38]",0.9238778295003,0.929793985,0.60056250007457,0.585594938775,-0.07454145705,1.94076531,1.00066453020829,2379.02758758138,1531.58396299908
"z_alpha_intercept[39]",-0.65378113505055,-0.65591263,0.6005148289466,0.571200886872,-1.62584449,0.3816020185,1.00050875833416,2137.95915731259,1582.52993828965
"z_alpha_intercept[40]",0.5130783796034,0.50466707,0.596259734149383,0.57776128809,-0.4878458525,1.526311625,1.00162446179897,3295.47198714375,1554.29328328627
"z_alpha_intercept[41]",-0.655220556183175,-0.6656437,0.649148868279914,0.623008601817,-1.700866215,0.404323261,1.00070633725331,2496.12514167774,1463.1291405008
"z_alpha_intercept[42]",-0.9339772217882,-0.92015992,0.613013865166429,0.616030277898,-1.94624596,0.0617541981999999,1.00003573034427,2105.65396454024,1364.4389618801
"z_alpha_intercept[43]",1.5777782158411,1.5698537,0.625164889686574,0.61949432832,0.5738826105,2.6081955,1.00014449387451,2647.82354868221,1514.38086026729
"z_alpha_intercept[44]",1.10365953793664,1.0987349,0.611435709361941,0.588064772463,0.111437861,2.104982375,1.00270996940671,3413.02243899324,1592.13884427446
"z_alpha_intercept[45]",0.89235476218715,0.87923371,0.595229235502397,0.587314013475,-0.09897402165,1.86242013,0.999277617718514,3239.62417162337,1714.65471023743
"z_alpha_intercept[46]",0.771289250197185,0.77747821,0.586439713670925,0.59399427549,-0.154466022,1.7267202,0.999865569609863,2727.88265460077,1484.10550835769
"z_alpha_intercept[47]",-0.368628514903535,-0.357345455,0.587411161038383,0.5969143251309,-1.33499598,0.5748844745,0.999851634010314,2458.51484473453,1185.96164270991
"z_alpha_intercept[48]",-0.87416446279613,-0.877112055,0.589323283625713,0.573936936216,-1.836533925,0.0831026630499997,0.999891758462818,2622.35855914736,1602.94936167856
"z_alpha_intercept[49]",-0.347865179172135,-0.34103549,0.570616856302865,0.5790012153807,-1.280622095,0.607871656,1.00017357463195,2406.86678223154,1588.61276633045
"z_alpha_intercept[50]",-0.253400250198215,-0.269584015,0.618804369572867,0.6368982732,-1.261578085,0.780876777,1.00148230135367,3187.79326446894,1560.37385431962
"z_alpha_intercept[51]",-0.87757640470935,-0.89003538,0.57965550295563,0.567171454353,-1.808894505,0.0823822176999998,1.00157436884379,2976.18832047555,1566.31427754406
"z_alpha_intercept[52]",-0.68837189880522,-0.67533993,0.574477476932588,0.58759270521,-1.638001955,0.2249592825,1.00181231324418,2790.80095209871,1443.48116227381
"z_alpha_intercept[53]",1.06600021071577,1.06470435,0.603667575081145,0.59039971179,0.100742397,2.086022835,1.00092115421075,2838.87799322602,1336.72669101145
"z_alpha_intercept[54]",0.27422063506015,0.283444645,0.569077811193931,0.5577375067257,-0.685321556,1.219337045,0.999752459084473,2902.66312995445,1366.85329510131
"z_alpha_intercept[55]",0.58144390826619,0.592946195,0.592327486804045,0.582546965217,-0.389157705,1.53687712,1.00307229632697,2442.38877500434,1739.86699370888
"z_alpha_intercept[56]",1.46080930246945,1.45824055,0.67572545869631,0.692485335696,0.358978695,2.578202985,1.00149116525179,2074.54987173474,1435.1511586423
"z_alpha_intercept[57]",0.4457929483563,0.42696717,0.63155313092148,0.633729386199,-0.5410848715,1.49516315,1.00161414023502,2341.79438889617,1534.64919947418
"z_alpha_intercept[58]",-0.395113324404565,-0.406307175,0.600630238159035,0.60532291890378,-1.370439405,0.59234754,1.00423880488874,2459.66032653536,1746.64798783213
"z_alpha_intercept[59]",0.486044682713565,0.497003625,0.614554829961886,0.620784827838,-0.497097384,1.502439745,1.00006118350781,2810.39412377081,1648.3212595766
"z_alpha_intercept[60]",0.50666783880905,0.51212581,0.640900441095303,0.6231426014289,-0.5636313445,1.55491502,1.00025130862294,1995.19834475068,1605.93567495366
"z_alpha_intercept[61]",0.308205281434022,0.310942295,0.579036983392747,0.571478310984,-0.657308037,1.262414805,1.00123920309406,2946.54473840364,1545.94497403409
"z_alpha_intercept[62]",0.942211563273006,0.963014845,0.584679606843426,0.616615904898,-0.01337188525,1.905744255,1.00143696800939,3366.34494815004,1797.81834973379
"z_alpha_intercept[63]",0.538502998986385,0.53965722,0.573281005298914,0.595576009539,-0.3874879165,1.46563086,1.00394156026481,2261.07009215382,1666.3887096926
"z_alpha_intercept[64]",0.034941714706485,0.046270068,0.578690335222089,0.575167894518,-0.8993639775,1.006697315,0.999324869590422,2659.82064258334,1276.5696722794
"z_alpha_intercept[65]",1.03390272699882,1.03078215,0.595628298689069,0.55537840176,0.08183151775,2.03897665,1.00164556830632,2746.67163244652,1370.71894363489
"z_alpha_intercept[66]",-0.52595497016365,-0.537120055,0.63445336182769,0.642619129929,-1.523281155,0.527282082,1.00203772331382,2687.48274577738,1582.28217138274
"z_alpha_intercept[67]",1.39557599066265,1.39653795,0.60290191219316,0.596156247288,0.3832839905,2.387775935,1.00172474936835,3244.30573264809,1639.36477375688
"z_alpha_intercept[68]",0.044635687901821,0.0319028655,0.67934836587335,0.6813208395273,-1.102214575,1.16224242,1.00025220042354,2502.14972894585,1600.01394189652
"z_alpha_intercept[69]",-1.28150527153925,-1.2794411,0.599867274021232,0.58933186914,-2.255251645,-0.290618545,1.00201306580084,2618.18218413245,1040.03656795998
"z_alpha_intercept[70]",0.04233603234147,0.032282581,0.621897540873089,0.6117384563136,-0.9962850445,1.07755719,1.00145799412541,2480.97619493925,1443.14387197295
"z_alpha_intercept[71]",0.57737594526267,0.582354685,0.61325719066656,0.596806530474,-0.444664494,1.58203646,0.999345798824939,2480.92372945541,1317.71349395116
"z_alpha_intercept[72]",-1.0931185149925,-1.10138415,0.630143128556419,0.64471913646,-2.13669384,-0.0744131611000001,1.00068520341573,3229.56695173515,1775.08681408579
"z_alpha_intercept[73]",-0.021834693279295,-0.00920117545,0.591772295880062,0.60952678561383,-0.984901922,0.940303623,0.999767888094455,2906.3598298842,1553.31506530575
"z_alpha_intercept[74]",0.07874761575243,0.0774441735,0.582745208629036,0.5904109254351,-0.864028834,1.038942475,1.00160654657857,1931.46562798181,1419.10694597952
"z_alpha_intercept[75]",0.149552361873048,0.145212615,0.58622983696521,0.599814488658,-0.818319915,1.075240895,1.00296680982066,2459.97925993555,1499.33319058795
"z_alpha_intercept[76]",0.733938504014355,0.729754135,0.585900715614876,0.588306376959,-0.2037137095,1.718872685,0.999244061058056,2694.00559450184,1579.77795649546
"z_alpha_intercept[77]",0.117091831885482,0.12466525,0.595973646950572,0.590545421718,-0.8532876695,1.09430258,0.99994200520545,2861.18834211621,1553.84337347252
"z_alpha_intercept[78]",0.73977548927735,0.728692695,0.675619654859678,0.650304305637,-0.372187591,1.863726765,1.00320803549035,2750.90771845795,1103.95711670496
"z_alpha_intercept[79]",0.43176609237744,0.42893568,0.578012001887525,0.5534820548019,-0.5341085195,1.428702635,1.00416408919547,2365.13186902987,1326.14666797511
"z_alpha_intercept[80]",-0.0950422195121,-0.096048176,0.579222470620655,0.568227821679,-1.045936275,0.8450063195,1.00009337172773,2433.64329249879,1246.74658349638
"z_alpha_intercept[81]",0.44749352701321,0.45031728,0.57568178349688,0.5613084956031,-0.4857033155,1.41162606,1.00012989070137,2901.53281360885,1339.99277063069
"z_alpha_intercept[82]",-1.22715654740325,-1.2438019,0.573962263816911,0.554544061197,-2.143585035,-0.253901802,1.00014132476014,3098.52251005905,1403.02625343867
"z_alpha_intercept[83]",-0.32312226973385,-0.331302755,0.584294114799633,0.5724287858289,-1.259608025,0.6604980045,1.00143954256965,2424.43347962926,1689.8038897601
"z_alpha_intercept[84]",-0.254289801432147,-0.234619555,0.584714828805735,0.599263636041,-1.233135265,0.6743658165,1.00047824819382,3508.95035166893,1536.03808074294
"z_alpha_intercept[85]",-1.00904995970792,-1.0112097,0.574772528274582,0.55189006635,-1.948418565,-0.07362759815,1.00364422448036,2869.50491484168,1521.40595275034
"z_alpha_intercept[86]",0.24758091944744,0.243592435,0.629680346972907,0.626476447695,-0.797774791,1.261378665,1.00213437277464,2802.39238444167,1418.26799974284
"z_alpha_intercept[87]",-1.14724717146095,-1.1505318,0.613330805520126,0.62361054483,-2.138800435,-0.1217979775,1.00072994847004,1999.05040615316,1215.84138554683
"z_alpha_intercept[88]",0.38260863857541,0.38866349,0.627026460621886,0.610512211197,-0.653891758,1.4025301,1.00013236517065,2419.90275420139,1666.29793617922
"z_alpha_intercept[89]",-0.42218299411144,-0.42889575,0.5708151440425,0.562934821071,-1.3593125,0.5356510005,1.00077085239311,2905.58381947828,1498.17759759765
"z_alpha_intercept[90]",0.05206594092222,0.0489529775,0.597374356944417,0.576569359233,-0.948745358,1.03587421,1.00002264263827,2677.48402739953,1474.80107773774
"z_alpha_intercept[91]",-0.832122734901164,-0.825407855,0.615646639610827,0.600565403319,-1.84606529,0.176932197,0.999961266938305,2292.25639788308,1399.61693296232
"z_alpha_intercept[92]",-0.9722038228814,-0.978945345,0.61527680051931,0.598538407425,-1.957934415,0.0654917889,1.00044454385791,3179.66236162779,1637.36778423782
"z_alpha_intercept[93]",-0.148773143820712,-0.14692741,0.624121391290913,0.641620391265,-1.176374215,0.890323301,1.00003428141435,3104.22654471742,1428.83717786515
"z_alpha_intercept[94]",-0.57902011320165,-0.58839242,0.580108192681726,0.572484388518,-1.537761375,0.352589374,0.99996287884044,2831.88996445071,1728.59590900215
"z_alpha_intercept[95]",-0.635248241115065,-0.635665545,0.610823056052537,0.622157092746,-1.64109818,0.3893469985,1.00197210201288,2886.28347198095,1663.88966916587
"z_alpha_intercept[96]",0.116828413960785,0.11412423,0.57684247441316,0.587037827334,-0.812987787,1.04693216,0.999411034899003,2689.35588790648,1813.23659317667
"z_alpha_intercept[97]",1.04666432659367,1.0478506,0.578403017461077,0.571531647519,0.117230036,1.98839266,0.999752998523636,3247.81565310173,1591.13248008205
"z_alpha_intercept[98]",0.061464503657725,0.0580555675,0.61346354969995,0.6065280535755,-0.9427169285,1.092301645,1.00284151591346,2853.54319070531,1498.07886662127
"z_alpha_intercept[99]",-1.9871613401,-1.961193,0.600036846360254,0.59185970214,-2.98407963,-0.995145171,0.999099034378827,3210.34304060742,1657.68558130843
"z_alpha_intercept[100]",-0.680295073220295,-0.656498485,0.622340667692705,0.634637256309,-1.72085707,0.3568936195,1.00133819068916,2624.44283107265,1686.52899335901
"z_tau_intercept[1]",0.0428471813483,0.030888503,0.999509725875455,0.981245103363,-1.61284149,1.710235795,1.00466306556586,3012.34524382059,1259.56537481956
"z_tau_intercept[2]",0.04677946904471,0.0344613565,1.00948328855057,1.017856235025,-1.61400111,1.72293788,1.00185805630649,4098.36997654367,1676.39162466628
"z_tau_intercept[3]",0.07299110413243,0.0734940635,0.983081727859337,0.9851875717551,-1.52042961,1.695623915,1.00508458990817,3363.50181955737,1530.23773870143
"z_tau_intercept[4]",-0.06722394530677,-0.0561221825,0.991829448184459,1.0063973493525,-1.6969389,1.58512748,0.999292067725585,2957.88790104439,1757.1752115991
"z_tau_intercept[5]",0.0620433423498049,0.0533774495,1.03792175093976,1.01204210793,-1.61712195,1.74912821,1.00305278819654,3705.25734696843,1452.17807563524
"z_tau_intercept[6]",0.0257461020832,0.0480543305,0.971142199490489,0.9676641901017,-1.57509357,1.63061164,1.00141325273951,2866.82416419953,1196.85080143331
"z_tau_intercept[7]",0.04655841592974,0.06588315,0.959765952837585,0.945253757805,-1.55968289,1.59009661,0.999557105157175,3252.81615483836,1427.66209318221
"z_tau_intercept[8]",0.065651149121595,0.0557112645,1.00931846215273,0.9664597332747,-1.641581055,1.73799641,1.00081799304931,3854.09686022944,1370.00896846281
"z_tau_intercept[9]",-0.05004751994449,-0.0415595545,1.00692638866571,1.050208961424,-1.70393825,1.563885715,1.00093050988988,3209.09237648932,1423.92709019484
"z_tau_intercept[10]",0.02643030545561,0.0546650095,0.998028860777817,1.014250455456,-1.654319685,1.600653925,0.999495379980596,3312.70436593353,1607.22541633428
"z_tau_intercept[11]",-0.00131563608737998,-0.039039774,0.942266969701538,0.940236646818,-1.48575252,1.568816075,0.999565582537406,3479.38080059363,1660.78188831051
"z_tau_intercept[12]",-0.0402265018248,-0.028029381,1.03722545211202,1.066254740922,-1.718162335,1.64351989,1.00291831223588,3032.41819998688,1342.01084546502
"z_tau_intercept[13]",-0.00231196954140901,0.0079035156,0.959545547047798,0.949992266013,-1.56299553,1.592306995,1.00001822132571,3904.48865013871,1371.56008097161
"z_tau_intercept[14]",-0.021912615492695,-0.0581529775,1.0409452690547,1.041355949109,-1.692981355,1.69800899,1.00396147936053,4952.6639066027,1652.40287903856
"z_tau_intercept[15]",0.096338968531015,0.1002794065,0.974552430047787,0.982841967345,-1.487387685,1.68661876,0.999635602394033,4840.8593078026,1373.05008546453
"z_tau_intercept[16]",0.01596539431765,0.0101667685,1.00640914796561,1.0129793876349,-1.633797095,1.680899805,1.00210138689808,3804.09629257948,1725.29948025457
"z_tau_intercept[17]",0.02428320365235,0.016395103,1.01622356096944,1.0165530414858,-1.65355957,1.74696909,1.00026181944077,3496.14114802941,1616.46691165473
"z_tau_intercept[18]",0.032506238387105,0.0146614345,1.01251363467007,1.0192763426937,-1.663971645,1.72772237,1.00135664680995,3698.50956026989,1532.91446357092
"z_tau_intercept[19]",0.05878376429,0.057129404,1.0029602271543,1.0065668127564,-1.54314086,1.705820895,1.00170994001586,4542.22782609724,1308.21269895097
"z_tau_intercept[20]",0.10604903861465,0.0933905835,0.983169024146058,0.996526943559,-1.53374783,1.7176227,1.00169904003808,3772.4797073403,1611.05296179682
"z_tau_intercept[21]",0.042894488432434,0.0406946375,1.02253261100355,1.0656828909825,-1.59574963,1.705092855,1.00038154303966,4043.24873840965,1598.68444311008
"z_tau_intercept[22]",-0.148826502401215,-0.119510985,1.02593005803467,1.03847427138,-1.898252195,1.5127055,0.999604728980379,2996.16537891301,1430.74582149624
"z_tau_intercept[23]",0.02807497066625,0.0262397615,0.994536127043322,1.0377445675359,-1.550120995,1.68046876,1.00366010230513,2924.48046224919,1526.57937138311
"z_tau_intercept[24]",0.05194958063934,0.0635369985,0.990658339408212,0.9901776816309,-1.583879625,1.697038805,1.00055280179914,3325.45988537243,1459.71319285709
"z_tau_intercept[25]",0.08457431295255,0.113114625,1.01399191902861,1.002767651739,-1.61308552,1.704486805,1.00260734538412,3545.07568955439,1425.33891571452
"z_tau_intercept[26]",-0.15129646787725,-0.155165455,0.984898908944306,0.967067859471,-1.77701594,1.489743195,0.999875106359681,4445.47418665716,1666.35061448253
"z_tau_intercept[27]",-0.256313037715335,-0.27500699,1.02496992490364,1.026163465215,-1.94570538,1.459270185,1.00098324444073,2365.59123847572,1441.20606580094
"z_tau_intercept[28]",-0.1282643025202,-0.13948379,0.999278467185896,1.011955346178,-1.743856335,1.533076335,1.00301283340956,3927.90461511291,1550.42126758427
"z_tau_intercept[29]",-0.11876968661818,-0.115720095,1.02029143664919,0.986022670668,-1.80758965,1.527697805,1.00013553633408,4084.94539527891,1375.95841294527
"z_tau_intercept[30]",-0.031792890836545,-0.044721063,0.992442787142869,0.9736111485198,-1.62201851,1.6141526,1.00238307633265,3844.70681415589,1557.017643214
"z_tau_intercept[31]",0.000176593655289966,0.0058379699,0.948719156133761,0.957794530056,-1.6028281,1.56763185,1.00238504805388,3655.72836644239,1638.60709692192
"z_tau_intercept[32]",-0.020695528946805,-0.013667464,0.96238273337205,0.925703178624,-1.60091614,1.579424005,1.00079564940628,4137.27301073385,1274.37916103968
"z_tau_intercept[33]",0.0834748313288335,0.073334668,1.00204039693508,0.940263014859,-1.587535285,1.793239795,1.00150724840445,3232.69881849625,986.421225657462
"z_tau_intercept[34]",-0.108014301612935,-0.099685356,0.986740949571179,0.9895275385506,-1.70161366,1.543198775,1.00103496661279,3432.68423131979,1213.85158609266
"z_tau_intercept[35]",0.0957796146534375,0.11471916,0.94452420062905,0.957288941217,-1.46045271,1.66263915,1.00031314489537,2913.79147683334,1459.76972512555
"z_tau_intercept[36]",0.13704675993556,0.124573095,0.973581945029255,0.965058187758,-1.522733285,1.761191535,1.00006129365065,4003.48539350623,1866.71625069509
"z_tau_intercept[37]",-0.03395926403414,-0.0413369165,0.950102766198396,0.889122240111,-1.605255255,1.567495465,1.00080148252141,2915.13451065427,1311.69350796536
"z_tau_intercept[38]",-0.0704586855908,-0.041451313,0.926032431480899,0.931963375581,-1.58295661,1.40825698,1.00055256681291,3671.93239613562,1574.41239614617
"z_tau_intercept[39]",-0.04608790827104,-0.0481732845,0.971385034622349,0.9555241794567,-1.64776083,1.567200405,1.00121963413944,3556.91795269377,1335.94052135015
"z_tau_intercept[40]",0.044434775331833,0.0316783065,0.974043507116836,0.9663889969461,-1.54429438,1.6609807,1.00191586932912,3668.01642241198,1384.26966670641
"z_tau_intercept[41]",0.03718878157396,-0.00043449879,0.979169176387516,1.001692121808,-1.512529945,1.66343382,1.00114507575408,3130.67473131373,1555.18481321081
"z_tau_intercept[42]",-0.0837030663816,-0.064772703,0.993083041529979,0.995551785648,-1.65342351,1.5133905,1.00184996376139,4478.53219336009,1604.58531090064
"z_tau_intercept[43]",0.075889269194115,0.0760233,1.003472148338,0.993571929021,-1.52349996,1.785899525,1.0022793534107,4295.29697966601,1466.18790324213
"z_tau_intercept[44]",0.0696751677156085,0.0730672915,0.98099984244298,0.956237555427,-1.541624195,1.648546555,1.00110126498535,3878.95683056352,1405.57273695366
"z_tau_intercept[45]",0.03177778590547,0.042980338,1.00432779189258,0.9990852840192,-1.60463134,1.70880391,1.00411783928478,3631.29426559761,1600.31437313915
"z_tau_intercept[46]",-0.00398513682061502,-0.000161097615,1.00883698373831,0.972739230888999,-1.742706545,1.68354582,1.00004800543847,4126.46936241998,1139.25717323274
"z_tau_intercept[47]",-0.0190281439485,-0.0194080285,0.979574816591424,0.9940957041729,-1.626886335,1.64821207,1.00018696389589,3276.33186684731,1703.76371882882
"z_tau_intercept[48]",-0.10943463678565,-0.10216557,1.01224602921338,1.01711860446,-1.795732235,1.537855435,1.00180798634774,3236.28178878722,1420.76898940303
"z_tau_intercept[49]",-0.037296478747151,-0.0266286315,0.985402087963583,0.979126542093,-1.65432433,1.548790965,0.99981983524826,3931.22444355301,1423.43042580103
"z_tau_intercept[50]",0.01834892330957,0.011166186,0.98630653813227,0.9652851901266,-1.61382429,1.643203515,1.00272368805605,3332.69271446019,1281.71414585037
"z_tau_intercept[51]",-0.04669241156601,-0.0485015185,1.02044315024741,1.027370227485,-1.756494745,1.60828658,1.00193216332201,3693.52406858288,1617.68253458499
"z_tau_intercept[52]",2.75246407349853e-05,-0.017440108,1.044599562283,1.0726144321998,-1.722266555,1.694176985,1.00326667976544,3219.91461145336,1502.59652089339
"z_tau_intercept[53]",0.046722432152,0.042930096,0.983684936733052,0.987446374383,-1.56782035,1.61818943,1.00360669848705,3871.82053363187,1307.79919794577
"z_tau_intercept[54]",-0.10036761380281,-0.11405864,1.02656049622341,1.025229152934,-1.78686849,1.620685855,0.999294486290224,3155.03383851991,1542.94403857748
"z_tau_intercept[55]",-0.05201234062778,-0.0601420635,1.00085300728114,1.02388200327,-1.71008482,1.57886791,1.00047774519493,4351.87578209266,1396.88391939343
"z_tau_intercept[56]",0.010706901694675,-0.00363262275,0.973188480835152,0.990904842816,-1.52705696,1.611016185,1.00017268175286,2744.21192123297,1249.86846760426
"z_tau_intercept[57]",0.00779296097092,0.024514564,1.02507247575478,1.0166070689124,-1.693236185,1.677237945,1.00175591113404,3914.07575856977,1335.49116988397
"z_tau_intercept[58]",0.01028428514608,0.0114783845,0.994206786862165,1.026263407281,-1.669738235,1.67222804,1.00012391973526,3313.16058990735,1413.07716548672
"z_tau_intercept[59]",-0.05622959031237,-0.069025144,0.964889280949864,0.945523887525,-1.67360019,1.53761776,0.999786768820799,3233.68913762973,1410.89131595261
"z_tau_intercept[60]",0.0904579249753913,0.093848305,1.00624617901591,0.96754683564,-1.5878364,1.74995828,1.00072483336495,3909.05393038522,1137.07081104776
"z_tau_intercept[61]",0.069354520346445,0.0756731365,1.00148290310409,0.9982376245191,-1.61620054,1.69923237,0.999337905462307,4058.94851633155,1430.80045637971
"z_tau_intercept[62]",0.00772930596881,0.0285644435,0.991519079450477,0.9828607644891,-1.656179755,1.6474707,1.00015267596045,3504.63687006446,1432.81446310036
"z_tau_intercept[63]",-0.020157208334625,-0.014329219,0.979117080689547,0.945422018079,-1.659504295,1.59336463,1.00491526534935,3791.12542548826,1147.41855269185
"z_tau_intercept[64]",-0.110386332292715,-0.128499915,0.952334951433872,0.97229122977,-1.675845455,1.387048285,0.99934791075185,3413.42589400815,1622.58882178584
"z_tau_intercept[65]",0.0303606526304,0.0229040485,0.997799175424491,1.001621661243,-1.608775435,1.708184655,0.999832237843774,3027.97013536103,1579.70463085888
"z_tau_intercept[66]",0.056434007689435,0.0640782025,0.991669850530699,1.01936578128,-1.53163036,1.613873865,1.00006849290399,2749.01736869747,1433.43817590717
"z_tau_intercept[67]",0.099432090584595,0.094901778,1.0060302318394,1.017379334496,-1.55447421,1.73725955,1.00199159896651,3239.62410181723,1627.79986331124
"z_tau_intercept[68]",0.0176698786151545,0.0039855338,0.99202825430996,1.02232412603412,-1.617779995,1.65774907,1.00485125722914,3792.50057134796,1582.16628624242
"z_tau_intercept[69]",-0.168617136451426,-0.157221155,1.00119432089371,1.028670964356,-1.763678515,1.44983461,1.00092419085887,3536.69347357565,1508.2675634123
"z_tau_intercept[70]",0.13226620555122,0.123926505,1.01128903537544,1.006277425545,-1.53844278,1.81129399,1.00026347306573,3149.54371030125,1441.22094111865
"z_tau_intercept[71]",-0.0026885431103885,-0.0148950735,1.01712582577215,1.0407995908569,-1.68115258,1.76796829,1.00024389408926,3164.09939375333,1347.25021341819
"z_tau_intercept[72]",0.04156205104457,0.016382817,0.977169287290937,0.946075985526,-1.604682805,1.66947633,1.00039181704774,3646.79778040206,1031.21607664074
"z_tau_intercept[73]",-0.01891709699258,-0.043039878,1.00869289817593,1.011544369458,-1.65499734,1.628848765,1.00207623953228,4202.14363830373,1357.76981517218
"z_tau_intercept[74]",-0.04643201747539,-0.0307156485,0.997993005252635,1.007097080955,-1.721647095,1.55866339,0.999659900770297,3594.82069762069,1420.53106627864
"z_tau_intercept[75]",0.00624885959625001,-0.011885748,1.00273402981716,0.9879052212918,-1.696796485,1.68514542,1.00344260245394,3983.50461909112,1613.59404929935
"z_tau_intercept[76]",-0.066913612517,-0.056087734,0.986963869969988,0.986925996609,-1.722921195,1.540396955,1.0011944313641,4407.42275367013,1407.63572022125
"z_tau_intercept[77]",-0.00292395438994499,-0.0023755729,0.97630386454244,0.99944226459546,-1.633794445,1.54345154,1.00141912596795,2997.54015325701,1497.41568609965
"z_tau_intercept[78]",0.0367591476335,0.0360906915,1.00162801120778,1.000485782079,-1.629261295,1.67541479,1.00078160713126,3894.84166426966,1376.66405261159
"z_tau_intercept[79]",0.02986545406498,0.00153424843,1.00396163313156,1.00176897470668,-1.54699531,1.672678175,1.00062894284922,3463.31900831902,1180.59691802502
"z_tau_intercept[80]",0.028773947308665,0.00756044325,1.00158307769527,1.00949796633,-1.59354387,1.67682971,1.00131597616447,3883.54008782375,1343.5961732379
"z_tau_intercept[81]",0.03733581673135,0.0301350855,1.03289689613116,1.068138717807,-1.653227365,1.72816576,1.00077494305807,3544.9315963449,1637.63418776683
"z_tau_intercept[82]",-0.056459015464985,-0.055367415,0.971759767492362,0.954684628296,-1.645603735,1.590168795,1.00086496212163,2782.45026727724,1530.66794189229
"z_tau_intercept[83]",0.027142945990135,0.0450197005,0.952352769607838,0.9279543443793,-1.542049155,1.568812105,1.00034797475241,3465.145963841,1587.12403172346
"z_tau_intercept[84]",-0.015256960987558,-0.0127362285,1.00377552816721,1.0021520487909,-1.650638205,1.590263,1.00013283152612,3464.99069292933,1301.03205295307
"z_tau_intercept[85]",0.04973819902097,0.0298029775,0.980079864087138,1.0035425882265,-1.52926733,1.687589175,0.999769888229883,3645.55925496325,1413.88107728864
"z_tau_intercept[86]",0.065898448674675,0.050050281,0.992898774808381,1.0219924310526,-1.559701105,1.76056428,0.999673324121652,3391.22791323739,1239.34013638346
"z_tau_intercept[87]",-0.149471915330185,-0.150563195,1.01679814635881,1.014089585943,-1.8461625,1.50265147,1.00132658173002,2993.95919480327,1338.71312283569
"z_tau_intercept[88]",0.07598651858417,0.0785796225,0.99508717290753,1.002172239579,-1.533559455,1.777640375,0.999691701884869,3273.75238897735,1495.02767627828
"z_tau_intercept[89]",-0.04161679292334,-0.04627885,1.00173860555831,0.995832019287,-1.692292535,1.61751355,1.0034659587064,3577.02365486561,1383.67429023689
"z_tau_intercept[90]",0.126433165818265,0.0861550065,1.00772556309561,0.998652658374,-1.53513813,1.86637078,1.0013518592406,2958.52480098773,1269.36805322924
"z_tau_intercept[91]",0.01201018726825,-0.001881674,0.951580708461356,0.941997249144,-1.56685617,1.582542495,1.0026260530577,3332.54160627118,1587.6373462164
"z_tau_intercept[92]",0.045264317083455,0.0660123295,0.966626597670757,0.959561566866,-1.526184195,1.589197695,1.00068803092782,2911.32654504372,1883.25024277468
"z_tau_intercept[93]",0.110139021780725,0.0940014455,0.983650270870503,0.9605292887967,-1.511498635,1.73655605,1.00483418487209,3618.07021289174,1642.67997614831
"z_tau_intercept[94]",0.00873771379358002,0.019283291,0.998397341332256,1.0221780792594,-1.586058595,1.63999413,1.0047856050931,2966.37649768075,1498.01555070742
"z_tau_intercept[95]",0.043561369725205,0.059036734,1.02430739820099,1.0255816425666,-1.698596245,1.783748505,0.999946413918317,3873.44739586628,1512.38832102732
"z_tau_intercept[96]",0.0115848134604,0.0144886325,0.983888551242629,0.9983221089975,-1.6412158,1.621659345,0.999851898384859,3327.96109618197,1575.16472585701
"z_tau_intercept[97]",0.0541110917636,0.0665313155,0.991587981328471,0.9789547673157,-1.55101795,1.65165924,1.00098376267085,3461.00274711026,1281.78829915324
"z_tau_intercept[98]",0.050337031944655,0.0571004615,0.953061859396167,0.949728229779,-1.49947403,1.61246702,1.00128269552844,3913.51592872208,1537.68010388884
"z_tau_intercept[99]",-0.088250603094975,-0.0789703245,0.970693964797856,0.975434793963,-1.7049396,1.46416879,1.00101274782054,3329.6631861488,1391.82019210151
"z_tau_intercept[100]",-0.160696739434145,-0.15349702,1.00094914202856,1.003346903559,-1.807441465,1.45069729,0.999752534374571,3560.43441552678,1460.81821819056
"w",0.51810237695,0.51812646,0.00496808934596557,0.00503256709200001,0.509902399,0.5262495315,1.00306450987625,1494.69714923786,1507.56725125188
"beta_sv",-0.79011025669,-0.77576049,0.142885086001966,0.135509632587,-1.03813499,-0.5825529605,0.999449088621354,1110.82656732147,1059.92181612545
"sigma_sv",0.2664541676035,0.26227999,0.117464490423354,0.119764331631,0.07899725795,0.4634723575,1.00136806300833,520.956843032927,943.381904122694
"z_sv[1]",0.08216963868884,0.0926976215,0.987115027615954,0.9968249291091,-1.567322295,1.61904671,1.00246462796659,3060.28798698089,1623.84313140348
"z_sv[2]",0.2145387489908,0.23587612,0.930572332055466,0.923708533062,-1.331179185,1.710742185,1.00165383854471,3259.57722832678,1411.22018515637
"z_sv[3]",0.02614160825603,0.06046781,0.94757353648622,0.931017521259,-1.56948417,1.549357975,1.00043878684965,3140.51596686252,1705.75610761451
"z_sv[4]",0.234896247971485,0.258777655,0.946582602607837,0.945282008748,-1.384813505,1.725961695,1.00011225547282,2826.60518496912,1375.98356857532
"z_sv[5]",0.029689184219513,0.0735123165,0.927103208108785,0.95995073454,-1.52313896,1.4848099,1.00042933035966,3831.98496656144,1535.20986277081
"z_sv[6]",0.44373903342597,0.513336975,0.964918733205061,0.991464264861,-1.20827223,1.91572463,0.999910354721606,2475.6226956402,1359.04916734219
"z_sv[7]",0.216454126281415,0.251521255,1.00009388314221,1.032871399959,-1.48296378,1.77926594,1.00104428157331,2688.67812359689,1815.98897385423
"z_sv[8]",0.1558249716331,0.211815255,0.963327240830532,0.935079267045,-1.483192115,1.74223678,1.00304843885904,2677.57049264137,1292.49248885234
"z_sv[9]",-0.377120397834965,-0.378224205,0.881287017167664,0.869473268181,-1.84994274,1.069052705,1.0000091204866,2682.0353036953,1306.70373600409
"z_sv[10]",0.319646128853247,0.323829255,0.95511997564152,0.97797729729,-1.25767984,1.850640955,1.00132738289593,3451.7893682242,1480.0702263366
"z_sv[11]",0.249532711395105,0.26229226,0.983438378678374,0.995703670605,-1.36700304,1.81602934,1.00629089376229,3643.28145483194,1563.52558563654
"z_sv[12]",-0.10166673119381,-0.0929643975,0.927583265777305,0.924054520011,-1.608884335,1.38806765,0.999335550648654,2729.97845648609,1444.84676826787
"z_sv[13]",-0.111919606620865,-0.0959897535,0.944040444343769,0.9342307550499,-1.74269818,1.388407525,1.00093318434996,2612.02610999764,1224.35933911418
"z_sv[14]",-0.462036615818425,-0.43968149,0.865796047200187,0.812555216361,-1.97567906,0.9761265715,1.00034708209474,3218.8836140875,1560.39986405712
"z_sv[15]",-0.20248420056977,-0.207840305,0.92470737159665,0.892509462201,-1.716487695,1.325189055,1.00131857174389,3087.51232329333,1466.55736459812
"z_sv[16]",0.076085947129135,0.107347165,0.97089075446692,0.989320551282,-1.5998338,1.61605661,1.00023614871253,2859.44096701784,1594.07505536812
"z_sv[17]",-0.042666065311085,-0.025163756,0.909628439084413,0.911041695333,-1.536341365,1.406737425,1.00352709553715,2560.86458798198,1200.53735512206
"z_sv[18]",0.83074845584469,0.88256254,0.978285622289614,0.955704627444,-0.8213102345,2.36849107,0.999321121413028,2113.38036998178,1286.85260488539
"z_sv[19]",-0.07427519172385,-0.0661124725,0.944159773642662,0.95438675913,-1.647807885,1.431988295,1.00024225944671,4102.29051974278,1641.09980090342
"z_sv[20]",-0.0644523075832,-0.055801666,0.963985473566738,0.9833086512774,-1.64519224,1.51254339,1.00121352258224,3405.76306176167,1535.51572505272
"z_sv[21]",0.11048318129397,0.13159441,0.972512304906868,0.980604123492,-1.51281386,1.675115775,0.999451013137194,2496.25107877874,1580.91381990903
"z_sv[22]",0.08152783001319,0.091195959,0.95932116799602,0.97333105128,-1.512451615,1.6945057,1.00004525270825,3492.41870150984,1476.8939502175
"z_sv[23]",-0.246459076973115,-0.230814725,0.934144649862411,0.918258124812,-1.806159385,1.28702868,1.00373225573267,3149.10720551119,1473.7641743717
"z_sv[24]",0.764859190360125,0.841453365,0.99919235671758,0.954037436331,-0.9898449965,2.310014785,1.00015819296286,1664.02856008022,1373.28047430264
"z_sv[25]",-0.451759206058955,-0.443222575,0.926983427233981,0.94344502287,-1.981202,1.07992457,1.00277005147422,1974.21871964399,1217.84544896734
"z_sv[26]",0.10435854662075,0.092141539,0.948620449857039,0.986961719856,-1.46478894,1.623285715,1.0002192661902,2516.50762055236,1536.70920920954
"z_sv[27]",-0.24164920645015,-0.24493191,0.932497344061644,0.970554134067,-1.774443025,1.250327205,1.00152973263421,3163.34502057107,1351.0497772734
"z_sv[28]",0.0501866405758,0.0635508795,0.92238583167778,0.963017307315,-1.483933085,1.520373195,1.00139211789553,3224.33180756786,1489.61133709874
"z_sv[29]",-0.40424268372638,-0.394642285,0.955526239740974,0.926731628592,-2.006959735,1.199674215,1.00254514916406,3567.16196708146,1555.44104989504
"z_sv[30]",-0.0965648117858901,-0.0710611545,0.983844215625008,1.0079237868693,-1.71479469,1.488948895,1.00137299504864,3065.96584940109,1163.51066416115
"z_sv[31]",0.088645762429945,0.1162587,0.911336940259817,0.925746129546,-1.461984645,1.530563895,0.999879897513117,2696.49752348772,1607.74432417981
"z_sv[32]",-0.0352410045116906,-0.0286550905,0.942184084669101,0.95124290583,-1.61357306,1.50825539,1.00082692331763,3311.14972120404,1189.27990305045
"z_sv[33]",-0.429531507184915,-0.41431932,0.896654277109005,0.874255090548,-1.96368488,0.968018863,0.999635279713458,2193.7036417709,1470.69857911616
"z_sv[34]",0.44931074097654,0.486716355,0.956598393204291,0.978666847137,-1.17711126,1.948330595,0.99950994563288,2772.06540357169,1504.86049814375
"z_sv[35]",-0.43113023585455,-0.449709785,0.928900582220566,0.961944342282,-1.9240007,1.059370925,1.00119799599518,2505.46487954221,1528.52440499483
"z_sv[36]",-0.09404919625095,-0.067640177,0.945633453664343,0.991429193958,-1.654973185,1.45132266,0.99997903132405,3760.69180262166,1834.73021866357
"z_sv[37]",-0.391661557201975,-0.386402725,0.912389933907891,0.937823196408,-1.90083632,1.117414995,0.999899293824179,2801.54630591689,1554.95764517532
"z_sv[38]",-0.3741166623775,-0.361499855,0.928863462978417,0.964523851305,-1.876846235,1.1171254,1.00112825201687,3264.22773950748,1544.22566780608
"z_sv[39]",0.3125409107285,0.330905155,0.980379194517602,1.002421672203,-1.348982865,1.83597911,0.999649510367057,2644.87761630451,1645.72312236386
"z_sv[40]",-0.37533487375472,-0.364472625,0.944785036053067,0.906401364897,-1.942538985,1.150639815,1.0002867960421,2745.55022708974,1342.71818460415
"z_sv[41]",0.9737282605087,1.07864465,1.04878035820476,1.08543310596,-0.878057957,2.565586925,1.00347835526628,1286.51256002664,982.315981411029
"z_sv[42]",0.3995483774189,0.39101918,0.941351617288198,0.953139907356,-1.14267797,1.941895195,0.999811696229322,2002.5005922221,1411.28877326074
"z_sv[43]",-0.34703083895659,-0.329847905,0.886472706696092,0.919907873136,-1.856906355,1.0448913,1.0023125133323,3116.82281881514,1664.43504776371
"z_sv[44]",-0.00193855752459998,0.018750224,0.962211605405932,0.9317966586936,-1.62300362,1.568357545,1.00168254855922,3161.18976680883,1518.4486405197
"z_sv[45]",-0.45921286668635,-0.478583985,0.914275189888132,0.890990879499,-1.96502203,1.034274035,1.000138642104,2384.41986245324,1241.57839151858
"z_sv[46]",0.040415497862015,0.0666933225,0.928274605301613,0.934128357057,-1.474189785,1.516615605,1.00097501769769,2719.64938057344,1379.20814491481
"z_sv[47]",0.087833879103185,0.091074355,0.958697909364703,0.946748025867,-1.519394995,1.642173595,1.0009045078129,2831.91665042453,1469.83431864442
"z_sv[48]",-0.27642887790584,-0.26431942,0.88829980788431,0.902463608949,-1.77571486,1.156426105,0.999620049487107,3085.65786179425,1607.04869219473
"z_sv[49]",-0.16858717542892,-0.120695995,0.96291275422927,0.972859035918,-1.793182565,1.38853408,1.00045697614132,3168.91794365591,1316.81000592928
"z_sv[50]",0.059766456884205,0.0749101615,0.929111906825562,0.8904145951029,-1.47525672,1.5444075,0.999677591068527,3085.87231860041,1383.57593137566
"z_sv[51]",0.01506602883757,-0.006242589,0.986981265002285,0.9713196908856,-1.60417996,1.564903315,1.00390178613253,3511.50863335909,1401.65167059893
"z_sv[52]",-0.07867730725706,-0.073193638,0.92941119300396,0.958227419604,-1.625787015,1.41493069,1.00402452704003,2960.34026259251,1394.93789861938
"z_sv[53]",-0.34035864167455,-0.319600835,0.890641809142949,0.87126820011,-1.84168434,1.127164505,0.999995371714564,3747.5307941051,1530.18921422983
"z_sv[54]",-0.335289749601855,-0.30803269,0.955156724964404,0.955540926165,-1.94069814,1.182705535,1.00082754113924,3325.68633586706,1203.50255893633
"z_sv[55]",-0.437911402760181,-0.41507723,0.925609090269982,0.950248110882,-1.941371115,1.042083905,0.999709083793357,2940.69115560573,1570.18412071499
"z_sv[56]",-0.23805263313485,-0.212784895,0.89324484638435,0.904218036246,-1.76988544,1.17050805,1.00231727850106,3367.22938021757,1532.19981555123
"z_sv[57]",-0.05385668130614,-0.0541097005,0.924896641144448,0.9152697080373,-1.60123635,1.46852464,0.999354477339945,3502.39892529128,1483.15809670318
"z_sv[58]",-0.249572109200235,-0.23760722,0.93929713028585,0.911902226025,-1.804952795,1.29765004,1.0072161062518,3632.58749178036,1568.57932308078
"z_sv[59]",-0.1453731686454,-0.117313905,0.901334135687843,0.917309505441,-1.643930975,1.29049747,1.00074507299522,2898.28077462621,1460.43520754047
"z_sv[60]",-0.278705567689025,-0.262230015,0.914151887677821,0.918415443498,-1.772784775,1.198017125,1.00143926715701,2839.29307834982,1598.49357238178
"z_sv[61]",0.48368099513179,0.51534672,0.910788179686489,0.912625223328,-1.12104434,1.928590845,0.999201992644786,2926.98500275604,1694.10036937247
"z_sv[62]",0.231793998624945,0.26871507,0.947566975294801,0.884151000768,-1.40689309,1.69409798,0.999507207906415,3225.26007736711,1354.71182422992
"z_sv[63]",-0.409851222642275,-0.407432555,0.868397522687457,0.862929360888,-1.814532125,1.02688287,1.00167408234649,3086.40498277433,1413.88081136752
"z_sv[64]",-0.202873399152165,-0.19025462,0.890868998769232,0.888462683262,-1.690808485,1.199343535,1.00190229586564,3285.52898114604,1648.99705706445
"z_sv[65]",0.2744347577142,0.309142395,0.922060449129579,0.889134768081,-1.34644974,1.726859525,0.999689602695991,2612.24618713582,1375.55934805065
"z_sv[66]",0.457371356465265,0.511774935,1.01081526113222,1.037133304158,-1.303530305,2.075951035,0.999942650201399,2696.71407076047,1632.20541931469
"z_sv[67]",-0.230662207128242,-0.22240041,0.907465621448662,0.882615064233,-1.770760765,1.222763915,0.999697347036631,3114.50623935478,1335.94199803349
"z_sv[68]",-0.56988443006516,-0.55473979,0.872528369640432,0.9092209172382,-2.010692395,0.7729721475,1.00107507521479,2769.64095189429,1803.04286521966
"z_sv[69]",0.13013891858385,0.11173591,0.990420923805791,1.007335727664,-1.49859087,1.752186245,1.00038072375794,2430.51632944076,1388.7997631865
"z_sv[70]",-0.27356798124546,-0.25686057,0.917857931593584,0.902874452235,-1.84642617,1.25274815,1.00984893968149,2998.10811183725,1345.23939664357
"z_sv[71]",-0.1886772842571,-0.189308715,0.905065424497099,0.946531551441,-1.664943245,1.29574911,0.999535161241932,3558.1546423364,1182.51929721248
"z_sv[72]",0.015909509182495,0.057044967,0.952497490005496,0.962967706932,-1.598389225,1.541555955,1.00246852046787,3756.83906402798,1483.68295757552
"z_sv[73]",0.20945643049791,0.23214827,1.00077711026335,1.045608186756,-1.491302935,1.78385231,1.00159801535698,2783.7316548364,1327.91878609116
"z_sv[74]",-0.458913875941437,-0.44043039,0.869132329678334,0.843538702356,-1.907964685,0.959525995,1.00240565747578,2079.33143075581,1443.61632756638
"z_sv[75]",0.35201412151232,0.384099075,0.985133755849631,1.020990747945,-1.26786403,1.890610405,1.00022351818032,2792.47904518915,1268.20293836892
"z_sv[76]",-0.404085368578815,-0.364377925,0.924512608728778,0.929543676012,-1.949995435,1.05953891,1.00121023390872,2592.57526914828,1301.60224266048
"z_sv[77]",0.517604814375535,0.574832095,0.968494539378257,0.9550462581576,-1.098630555,2.071795325,1.00197693898601,2555.80066390401,1467.07768712562
"z_sv[78]",-0.16476222960296,-0.147978295,0.920517717415655,0.940868375265,-1.678627905,1.310179405,1.0001461325331,3359.58248197136,1484.76775209498
"z_sv[79]",0.4887344275797,0.535953205,0.948429883652333,0.943295495247,-1.121281515,1.95458674,1.00021753499961,2577.45201869142,1687.66050068819
"z_sv[80]",0.341086989403475,0.34925173,0.960717255429462,0.997035371577,-1.23367579,1.882165445,1.00337341016374,2270.64078858121,1183.90092985452
"z_sv[81]",0.079527486989825,0.069164657,0.953315514366734,0.9939148425402,-1.4646587,1.578610185,1.00027295175511,3405.75602877798,1252.37929857168
"z_sv[82]",0.04259287039441,0.053203405,0.978538707879595,1.001231781921,-1.561445915,1.64400925,0.999257923494224,2883.93052488214,1432.381887452
"z_sv[83]",-0.218203397707835,-0.197387825,0.937949749782196,0.96710657757,-1.739143185,1.319050765,1.00995093107448,3148.23892321794,1184.30843549951
"z_sv[84]",0.09964027933258,0.11799284,0.953923912386661,0.937781720673,-1.49530131,1.634284955,1.00132440435158,3204.04106489776,1527.96410775315
"z_sv[85]",0.100789042774935,0.10207185,1.02395761289022,0.967757520513,-1.622839885,1.81548005,1.00098648997226,3377.95819513574,1481.64534911217
"z_sv[86]",0.014860812484005,0.0497256475,0.938393233461503,0.946648684254,-1.56818936,1.513970745,1.00095240914952,3306.23074884088,1311.87332993704
"z_sv[87]",0.502628708913625,0.536790685,1.01759226705942,1.053810085629,-1.259990685,2.106308665,1.00184207468257,1833.54657051851,1388.00453944034
"z_sv[88]",-0.10375800766739,-0.106861865,0.90424383369764,0.905625208971,-1.590604205,1.354230655,0.999251385030392,2786.03957011081,1482.26620111948
"z_sv[89]",0.0225298883513615,0.041137719,0.934835062731607,0.9132873094926,-1.53504396,1.54494364,1.0010769849673,2933.60858325163,1424.26937089282
"z_sv[90]",-0.17685147720902,-0.16959931,0.968732760141166,1.01397986613,-1.777149745,1.34720339,1.00091581644232,3559.73613695498,1635.89551838585
"z_sv[91]",-0.12574261059101,-0.126631415,0.932595342859649,0.888191471244,-1.67278647,1.43682581,1.00079844624935,3495.38588603251,1584.48774237521
"z_sv[92]",0.2280491779632,0.283280425,0.978319604382271,0.953639951271,-1.493384935,1.787839755,1.00107541870188,3945.95976649375,1736.6866145156
"z_sv[93]",0.242532292508428,0.250800175,0.969582889080881,1.013820390261,-1.37769864,1.766817135,1.0010806379081,2947.35589015459,1396.15955411916
"z_sv[94]",-0.111431186937145,-0.107620255,0.972883276713712,0.93132150615,-1.78726961,1.433895295,0.999784129355981,3133.49543634002,1390.10708072917
"z_sv[95]",0.39141154220125,0.42576614,1.04912293978508,1.062591295626,-1.36064757,2.09519824,1.00017629609188,1808.41502928521,1247.04523949757
"z_sv[96]",-0.297011301580915,-0.284412135,0.959513403860628,0.96098002959,-1.89354384,1.286981305,1.00060898435709,3770.10547630747,1215.73763726078
"z_sv[97]",-0.31932205828055,-0.279394495,0.933802270806534,0.941959835733,-1.927751565,1.167231025,1.00001577246876,3663.23887795404,1399.73428593355
"z_sv[98]",0.27175319451765,0.264878575,0.973527624673764,0.97262992974,-1.380843625,1.81653998,0.999385747469772,2781.302788276,1290.33942786025
"z_sv[99]",0.311066028784355,0.31403572,1.0335656286235,1.047658503948,-1.426115735,2.00303241,0.999510370844964,2812.74049010602,1405.61885685564
"z_sv[100]",0.1071648381839,0.136603565,0.926833600390661,0.92997960489,-1.46101078,1.623576765,1.00205061551132,2479.13429233049,1729.3322710044
"nu_c[1]",0.391879412773638,0.394680685,0.19568546330335,0.195532537914,0.07368681945,0.703551217,0.999266351433586,2088.84013886795,1637.75609661432
"nu_c[2]",0.198763826969585,0.19564969,0.219487533546123,0.2194777332678,-0.1577733005,0.555558222,1.00046396551628,1617.55203554046,1735.90170770396
"nu_c[3]",0.677789248106,0.674037965,0.188391545482917,0.188970142599,0.376193591,0.9863662895,1.00061035390874,2355.7288409503,1644.6299494885
"nu_c[4]",0.86288588529,0.86556395,0.159385068470811,0.15846080691,0.594430809,1.11446955,1.00000250572755,2697.23054870991,1506.4534848741
"nu_c[5]",0.87058527723,0.86891781,0.145450957342495,0.142261459704,0.63295457,1.114630285,1.00208911385552,2821.88859374942,1635.93300665384
"nu_c[6]",1.230191279495,1.23129585,0.157841412546271,0.15634706409,0.975363167,1.493848915,1.00050448811536,2753.96261749331,1505.30246997332
"nu_c[7]",0.818547454265,0.81756131,0.153994825791813,0.150336425778,0.565632523,1.076805705,1.00121234246138,2521.46019434439,1392.04378155479
"nu_c[8]",1.14953643054,1.14649365,0.17232994423225,0.17352039054,0.86738407,1.429211155,0.999409994737881,2485.36075619767,1413.58309661744
"nu_c[9]",1.424166981505,1.4228014,0.166818483028287,0.16704995349,1.154650665,1.70146029,1.00098446122328,2836.35892676685,1631.21765017883
"nu_c[10]",0.802163854185,0.8036652,0.159400301114988,0.156432750957,0.536566765,1.058307505,1.00019980148267,2382.17193296596,1440.43300329805
"nu_c[11]",0.72056896921,0.725110605,0.156378608252271,0.164676110739,0.4669814095,0.9701623755,1.00110336567082,2393.99253476488,1418.88698452647
"nu_c[12]",0.575720228663,0.573259605,0.198372584976976,0.199788763755,0.2454974455,0.8908575125,1.00035922671139,1829.72011644182,1652.27729645372
"nu_c[13]",1.00819826682,1.00576015,0.148059404620933,0.1437417765,0.763218625,1.26130651,1.00051547443944,2586.76107011872,1584.28692554527
"nu_c[14]",0.532236686228,0.53596878,0.155330538225959,0.156058943019,0.277109911,0.7861972645,1.00004136126104,2515.47434760518,1654.73878312642
"nu_c[15]",0.3236147919814,0.32757717,0.199794853895845,0.196464604056,-0.00100971167199999,0.6616592405,1.00150436549975,1605.6858584624,1468.31806127106
"nu_c[16]",0.77748960337,0.77354871,0.162538505880997,0.159078050355,0.5127666565,1.052934835,0.999837319976345,1899.7045820426,1562.24488077089
"nu_c[17]",0.118641581328785,0.11813043,0.160329654965267,0.1596913560144,-0.1431547325,0.3796781775,1.0001995025802,2026.71319604392,1631.7684893314
"nu_c[18]",0.726418936385,0.7214034,0.184586164193612,0.179210690883,0.424598198,1.037050645,0.999480865371413,2340.04911395568,1266.74572878724
"nu_c[19]",0.5755265444216,0.57456009,0.176864992557936,0.173274597699,0.286777408,0.8585482095,0.99988506574011,2119.06983097231,1685.84354406243
"nu_c[20]",0.850316273365,0.84635489,0.17886812858295,0.181318399521,0.563274441,1.14990102,1.00129035914014,2058.33562070141,1659.62621737079
"nu_c[21]",0.51885024021315,0.51517027,0.182823926350043,0.18314824668,0.216998948,0.8082621365,1.00075204079089,1575.47027436039,1509.72582771583
"nu_c[22]",0.365205957519115,0.366842385,0.191222381787645,0.194795522628,0.0481771075,0.668542777,1.00184363820442,2005.26285234398,1846.9886433884
"nu_c[23]",1.401946622525,1.39838035,0.153998635740299,0.14693477799,1.15371905,1.64944429,1.001044510306,3103.03313171013,1494.16402299279
"nu_c[24]",0.79496277747,0.794559865,0.145134899860363,0.142116943269,0.556245481,1.03074606,1.0033555241323,3106.10144585344,1314.42060183124
"nu_c[25]",1.091065697725,1.0907971,0.144693916454005,0.136530914184,0.8521275185,1.32777737,1.00016541312795,2445.78692975446,1584.32954595399
"nu_c[26]",-0.6422567006695,-0.64164956,0.164504521463552,0.16602703362,-0.9092778635,-0.3723416075,1.00004335516648,2400.31307871113,1523.61967346711
"nu_c[27]",0.6106406573065,0.608245425,0.14687770765225,0.146971427862,0.365689427,0.853478985,1.00222797116532,2752.89885898291,1723.38056753121
"nu_c[28]",0.9332836222,0.924579085,0.156902917384636,0.160057515219,0.6844730975,1.19923108,1.00191908797859,2482.28692113078,1737.47655089146
"nu_c[29]",1.7249905988,1.7274025,0.167008875324869,0.16567046832,1.4580138,1.99876837,1.0009157653152,2674.69471948034,1759.86135945853
"nu_c[30]",0.4810332063128,0.48479951,0.184382925709122,0.187218554481,0.1850937335,0.7957332895,1.00038564014955,2379.53901976385,1655.6062879758
"nu_c[31]",0.033884045982805,0.03381823,0.169980189347153,0.1661950996734,-0.246362261,0.3127034645,0.99970654779585,2447.74393069932,1500.0049946874
"nu_c[32]",0.5747469964715,0.577857635,0.172494802794591,0.172876882836,0.3025385245,0.8596309115,0.999285739679926,2146.73754226508,1360.77104525016
"nu_c[33]",0.76005963157675,0.767477305,0.182628187114485,0.186263159628,0.4655998645,1.04870096,1.00300838637974,1704.74914830572,1507.2191889313
"nu_c[34]",0.025752861028525,0.024229963,0.186518201797448,0.1807436963178,-0.2782914275,0.3406462095,1.0005295605149,1729.66758693474,1515.24003750905
"nu_c[35]",0.862533315185,0.862025755,0.171252588038602,0.174986222334,0.5877269685,1.14623391,1.00040551112147,2360.34759603896,1762.27082124595
"nu_c[36]",0.4569810489939,0.453834425,0.19470497692951,0.193998247065,0.126145818,0.7732816165,1.00092311766699,2363.50000637055,1523.73477664364
"nu_c[37]",0.57121110531675,0.569767715,0.217905613574734,0.218458945404,0.2166937385,0.9388860645,0.999993761807518,1377.24627554808,1457.61874519906
"nu_c[38]",1.276564725195,1.2762267,0.145693970338823,0.14631230838,1.036904025,1.515238405,1.00289993772559,2654.66035227542,1686.51850012203
"nu_c[39]",0.616018532085,0.620275805,0.166061060699958,0.165318261864,0.3369735015,0.8842938555,1.00077353016526,2233.52580080123,1427.0227443316
"nu_c[40]",0.879656109685,0.87780066,0.159907721134472,0.156553286337,0.616033514,1.13831588,0.999922813479808,2807.19100914237,1806.74745332282
"nu_c[41]",0.08044972056929,0.07939522,0.175292987714159,0.1714115306631,-0.2118355515,0.3663952465,1.00142739991466,2222.57843391316,1320.67640688374
"nu_c[42]",0.420962333601035,0.42252908,0.165208525269397,0.159534098115,0.1501623605,0.6951042075,1.0008931813692,2765.54294871233,1524.91947411306
"nu_c[43]",-0.0991575259964735,-0.0954057085,0.206547645403973,0.2028300174285,-0.434259021,0.246392637,1.00216273612843,1516.26127844174,1356.91796831545
"nu_c[44]",0.70592000348,0.702141695,0.158634175849098,0.159496818138,0.4554986135,0.975723434,1.00070050227164,2552.42005115989,1722.18063809933
"nu_c[45]",0.642832857255,0.64112204,0.158838545724651,0.16213202103,0.3844927435,0.9068169405,1.00440681971849,2425.77052941016,1526.60281884503
"nu_c[46]",0.924463726685,0.9209959,0.161529877395733,0.156175193685,0.656647932,1.1942034,1.00117811432818,2453.59203126267,1603.48421935158
"nu_c[47]",0.888733514735,0.89309655,0.165232762201427,0.166242462813,0.6179210045,1.155448795,0.99933672170679,2836.74438955881,1858.1639905849
"nu_c[48]",0.6842778600205,0.67567721,0.190358374841765,0.190642537638,0.378227546,0.99713667,1.00032686467101,2340.07400351156,1577.06777752407
"nu_c[49]",1.038638142325,1.0402566,0.169457649085426,0.17496518424,0.7624198875,1.30978372,1.00010141539262,2621.03084852878,1754.76951975304
"nu_c[50]",0.53858996349775,0.53883808,0.179070463957748,0.178018636005,0.2430551885,0.8329042495,1.00101146960083,2614.66168085093,1380.22124886561
"nu_c[51]",0.71307068211,0.713851265,0.170182333402986,0.170218499493,0.4398283745,0.991997642,1.00003280631802,2601.22177004151,1818.54192824612
"nu_c[52]",0.92752281185,0.932734325,0.169349305217945,0.175806745065,0.648220044,1.19974221,1.00284795861139,2305.1600875901,1689.7716656369
"nu_c[53]",0.8682343082435,0.866163675,0.182576153746788,0.181083214683,0.56287236,1.16567446,1.00237876442053,2130.92795439462,1597.6540239724
"nu_c[54]",1.07002552316,1.06913255,0.140231957088434,0.13960628619,0.8374480065,1.30276644,1.00483777540882,2547.31784223998,1457.20792352694
"nu_c[55]",0.984778627745,0.98815816,0.165054164201567,0.166743003399,0.711232272,1.25126471,1.00000336633615,2937.01009199018,1820.47365121341
"nu_c[56]",0.156741211171628,0.15720045,0.190597206757491,0.1898102823519,-0.1593313815,0.46714563,0.999746394303673,1806.99347703617,1846.91898047426
"nu_c[57]",0.25868755103163,0.26227769,0.19816215533044,0.187308118347,-0.06748223435,0.571657829,1.00043197346282,1785.17473126076,1632.6369760883
"nu_c[58]",0.429830111775075,0.429423565,0.19775600099451,0.210679365141,0.1118035615,0.747745817,1.0010640789622,1600.79735257357,1748.71490292231
"nu_c[59]",0.571068225545365,0.57094547,0.165604353829877,0.170195489541,0.3000261415,0.838158259,1.00072879105967,2553.4575029927,1625.26387544511
"nu_c[60]",0.6446478297855,0.65215704,0.180061250401188,0.177322058634,0.3510461265,0.938329161,1.00255663459695,2438.98648877065,1811.30379259769
"nu_c[61]",0.73302253576,0.73621378,0.158293310985171,0.160578211752,0.4768226725,0.9883822515,1.00029782450515,2813.95647008425,1656.05800742164
"nu_c[62]",0.20516804065646,0.20284832,0.154657116521466,0.1585557474249,-0.0434202904,0.461117569,0.999795480384401,2572.99328578194,1454.43730626998
"nu_c[63]",1.24415133693,1.2423889,0.157211248951065,0.15612541539,0.9853877595,1.514090985,0.99986383832442,2178.02977405602,1621.04250305275
"nu_c[64]",0.739884136315,0.741377605,0.179349840803731,0.181185321345,0.452141165,1.030099245,0.999699940410058,2079.36729969224,1484.07104190489
"nu_c[65]",0.978024860135,0.97739507,0.16323190269602,0.164196178293,0.702024737,1.24614317,1.00079555544737,2011.06401351919,1765.6772896832
"nu_c[66]",0.85424922881,0.854452575,0.168261249948004,0.168900957351,0.5784736115,1.123056905,1.00056906710885,2709.63050860999,1360.73301813583
"nu_c[67]",0.943003893625,0.938284745,0.146199469815913,0.146922553953,0.7085494235,1.188468075,1.00084567723385,2288.02437339479,1778.25377466795
"nu_c[68]",0.250801488731095,0.249699385,0.248426154347928,0.246305716818,-0.1511497855,0.651158039,1.00007014253424,1787.38569651675,1484.76091662457
"nu_c[69]",0.21572611907873,0.220362845,0.16958519740656,0.1681349943,-0.06252011275,0.49216782,0.999657079314057,2272.85987402102,1556.01226565306
"nu_c[70]",0.78506587147,0.783998245,0.188253618566373,0.183777506598,0.4836152805,1.099127815,1.00099302882508,2062.17122704627,1663.98546633374
"nu_c[71]",0.700436703875,0.703867695,0.156815396886113,0.160569768345,0.4455385815,0.954502562,1.00022175031089,1944.38545318056,1671.73562279125
"nu_c[72]",1.06365316727,1.06838535,0.210650739141693,0.209272577892,0.7231536005,1.40183833,1.00069582930816,2328.03350280329,1586.32170070462
"nu_c[73]",1.18045928781,1.1756596,0.169368809115134,0.16745922522,0.9047766185,1.458975035,1.00041778041489,2061.22031453014,1398.81321088757
"nu_c[74]",0.78223164066771,0.781932145,0.189586032293551,0.186277985628,0.476683334,1.0984206,1.00151479769686,2145.21853261197,1492.50059732988
"nu_c[75]",0.439500228157445,0.435151565,0.170268850241217,0.167987164254,0.1709266205,0.7263682745,1.00109110540956,2284.24562278344,1693.74816778017
"nu_c[76]",0.694489609958,0.692351525,0.17276366060113,0.172668325494,0.406455515,0.9746895185,1.00241571386806,1946.43029442059,1552.8030280917
"nu_c[77]",0.5998272662915,0.601390895,0.153267551405046,0.153165819618,0.350419678,0.852926945,1.00013704740813,3119.14474201236,1637.63418776684
"nu_c[78]",0.07771754995695,0.0778381025,0.172822344900433,0.1759226488026,-0.207467501,0.3600657685,1.00197227862728,2235.54374698063,1657.53842789758
"nu_c[79]",0.903070788265,0.899641915,0.147365064921317,0.156247559391,0.672013361,1.142367905,1.00027161993263,2902.34604823237,1565.35759963512
"nu_c[80]",0.30534475152159,0.30575823,0.175604282662392,0.172036930632,0.0197976766,0.5898086675,0.999744385256973,1971.87537500812,1556.05591475742
"nu_c[81]",1.13182646663,1.1289082,0.14858397876786,0.14863302216,0.884556796,1.38010297,1.00110616461049,2374.66405785163,1612.8155547995
"nu_c[82]",1.05514486754,1.053791,0.16894987835432,0.17238716523,0.778914844,1.334440425,1.00016766976109,2849.476272949,1529.63600517493
"nu_c[83]",1.05526543192,1.05499905,0.170022500697933,0.17389333857,0.7825887385,1.333024465,1.0038045094345,2473.32771666473,1264.62963966788
"nu_c[84]",0.36003556551045,0.358176205,0.151945443378301,0.152422199349,0.1132273075,0.614366128,1.00022121002636,2992.77756976561,1321.63223091272
"nu_c[85]",0.825224598915,0.830011235,0.165743413521561,0.162083621553,0.5503054485,1.098408295,1.00105480169497,2543.97385292227,1512.50517787351
"nu_c[86]",0.607014238163,0.605613335,0.184217994404394,0.18275847114,0.3041323665,0.9238048165,0.999525698682564,2346.09408364724,1696.42895868541
"nu_c[87]",0.79335384323,0.793027935,0.177833326683902,0.181258094766,0.502403613,1.08308884,1.00007907230804,2071.5287049158,1522.64562518121
"nu_c[88]",0.678881542565,0.67248865,0.224518354496711,0.219739467024,0.316751341,1.045517345,1.0000669517395,1616.08118807142,1594.98857962802
"nu_c[89]",0.5543847464435,0.555704745,0.176870836303967,0.178236029643,0.2603692615,0.8418807675,1.00117956692699,2366.98379057549,1684.99952200935
"nu_c[90]",0.97369630655,0.97087651,0.197678194100767,0.197535441558,0.6500677165,1.29127253,1.00093343947758,1734.70306390122,1714.53280989243
"nu_c[91]",1.185492539205,1.18521825,0.186225621486217,0.18495420174,0.8749077085,1.493781815,1.00069503348183,2200.11894248916,1778.25197514539
"nu_c[92]",0.737300310647,0.735094105,0.185456621097675,0.186413851092,0.4316494765,1.046399145,1.00096466828764,2144.02156888045,1696.54574663617
"nu_c[93]",0.913186795495,0.916002895,0.161408924011126,0.15842537277,0.6479683665,1.175752205,0.999770167751913,2550.5440585372,1598.02328257074
"nu_c[94]",0.824470891795,0.819635445,0.169793221756219,0.166140259782,0.5500756735,1.106883695,1.00045983855877,2464.66325052129,1110.09805806498
"nu_c[95]",0.68854795509,0.685813245,0.165471908225353,0.16084571727,0.4142712235,0.96230037,1.0005513698474,2696.28765492018,1733.82229524422
"nu_c[96]",1.031956201075,1.03177255,0.162358865832754,0.159630289203,0.774503864,1.30024165,1.00041924776601,2473.89323805396,1368.12795763639
"nu_c[97]",1.169071813835,1.167075,0.144703973229857,0.14387217117,0.9324176435,1.416904025,0.999561295811244,3370.55510839734,1408.84097413472
"nu_c[98]",1.084991489915,1.0837403,0.148485440114398,0.145908826203,0.8465564435,1.329543605,1.00077461855341,3140.15172452432,1433.64655840612
"nu_c[99]",0.4090118729346,0.40466499,0.191550539533629,0.196993417824,0.1064235025,0.7186570435,1.00108474038538,2252.25503241526,1436.2521044755
"nu_c[100]",0.129249546997145,0.130024535,0.224588278478469,0.2266106997798,-0.2371165325,0.505425824,1.00094015071466,1724.9851800465,1546.39818229771
"nu_r[1]",0.64085549114,0.640637515,0.14962254006771,0.142888851546,0.3996143735,0.891458547,0.999390035446386,2565.21893322403,1566.95654363544
"nu_r[2]",0.622724622975,0.62143692,0.160612025903967,0.158647103013,0.3626030345,0.891132804,1.00211442585703,3081.71159462117,1681.61670995128
"nu_r[3]",0.485360967629,0.486418535,0.150187184312187,0.159959181774,0.2422723015,0.727488226,1.00176598397958,2897.38663600002,1481.84731795828
"nu_r[4]",0.331958848626765,0.33630659,0.142605951391174,0.13828047114,0.09927261455,0.5682444495,0.999816592549819,3876.72641542056,1504.22355933012
"nu_r[5]",0.195927620358385,0.199884545,0.131328264183721,0.130233815313,-0.0211218792,0.4082092585,1.00066215927799,2597.1600446812,1482.15350279145
"nu_r[6]",-0.163981405153094,-0.1620453,0.138780394449653,0.1394874572826,-0.398041532,0.0585005894,0.999979317174796,4198.79563936786,1497.35736790519
"nu_r[7]",0.449962198984,0.447631815,0.137277675294991,0.13275860157,0.2256634875,0.6848166285,1.00207285134222,2751.27454262043,1453.85935495744
"nu_r[8]",0.154410442443278,0.15672735,0.151569249689231,0.1512912342627,-0.0901868384,0.4034733055,1.00041665150561,2976.41539176557,1548.05881689538
"nu_r[9]",0.15672213864935,0.15802314,0.153551152005019,0.151552387581,-0.09379798135,0.4111552815,1.00077608202267,4173.80114401447,1505.22772056282
"nu_r[10]",0.571147892065,0.572362385,0.141859645650174,0.144591928992,0.337762314,0.811645533,1.00131081481445,3355.53085424756,1585.0699806018
"nu_r[11]",0.095688195611265,0.09522802,0.129179006086718,0.12729938934468,-0.117386261,0.305115628,1.00334710098628,2862.2717365135,1658.33596643006
"nu_r[12]",0.89246845688,0.88672778,0.161595998572691,0.167328734181,0.6227690565,1.155237695,1.00106047707346,2496.12916588436,1687.95157962997
"nu_r[13]",0.067085249101765,0.065397236,0.127677247307398,0.1283652641397,-0.135213378,0.2831647195,1.00064667708323,2939.33771786617,1582.58656390205
"nu_r[14]",0.22533302823471,0.221237805,0.124247498513641,0.125704872615,0.0241102549,0.4292238525,1.0017567759555,3518.92804782558,1826.34664671418
"nu_r[15]",0.5121804916075,0.51009919,0.150706683463707,0.152868209907,0.2754825415,0.7632858995,0.9997334019539,2614.4879989812,1450.5808719838
"nu_r[16]",0.089197016670518,0.088206031,0.138087842693882,0.14173266713718,-0.140850415,0.317869942,1.00104807040967,3464.5233246977,1596.85700685555
"nu_r[17]",0.4588392853505,0.458084705,0.135947078723258,0.136662480108,0.248047886,0.6812761925,1.00092036600355,2562.78744683044,1349.51644607593
"nu_r[18]",0.352064164370469,0.3447623,0.153236311674842,0.149859147186,0.1061859715,0.6088588475,1.00056530503466,2866.76518144782,1615.8175413658
"nu_r[19]",0.0393828755274555,0.0370644685,0.129782584336015,0.1294012383027,-0.1747745265,0.2590022605,1.00258164354153,3775.39113817806,1628.66822083836
"nu_r[20]",0.697672747485,0.696479585,0.148749552496446,0.15226791258,0.45928329,0.9413367395,1.00123297624965,2511.9679237389,1684.88525857049
"nu_r[21]",0.374616503469603,0.37408337,0.14670163723908,0.148702022364,0.1371640145,0.6181814975,0.999705886591612,2036.83705168857,1512.59186460339
"nu_r[22]",0.53037397028275,0.530538835,0.15868937420996,0.158768342628,0.2659969285,0.793561977,1.00199069963826,3023.98472783166,1617.23752488762
"nu_r[23]",0.28371559687775,0.286520095,0.138788875997989,0.134421026124,0.057108304,0.513011138,1.00350314043746,2717.31230682154,1156.22294290031
"nu_r[24]",0.045492001742611,0.04232715,0.133112090218804,0.1306928645967,-0.1731871365,0.2647893185,0.999779899303908,2387.08763974582,1240.24102890658
"nu_r[25]",0.0281248332866995,0.026003904,0.124099021955403,0.1197538296339,-0.169877469,0.2385022925,1.0001796337199,3213.98731677696,1521.90723738406
"nu_r[26]",0.61751721103,0.61480585,0.150486663725096,0.143128617618,0.3715286225,0.8740945745,1.00021271092919,2512.74312567226,1423.04881604072
"nu_r[27]",-0.21281880405696,-0.21146091,0.125926860243262,0.127548982386,-0.41911615,0.00219049937999997,1.00212994145942,3821.2180387687,1433.24679197398
"nu_r[28]",0.4896606253695,0.486595555,0.139205734280753,0.142601123364,0.269937973,0.718596601,1.00033311659758,2283.51435911203,1560.73149738059
"nu_r[29]",0.037036305243977,0.0370221895,0.148129708005406,0.1513072982337,-0.2075737745,0.2762480085,1.00095347902996,3385.75728280378,1568.56316333665
"nu_r[30]",0.6073344722,0.606371245,0.149404631903796,0.147337667127,0.3638760675,0.8609748355,1.00194266275963,3080.93378487222,1629.9424190602
"nu_r[31]",0.382413679476915,0.37713316,0.141621440367343,0.148262676093,0.151857506,0.613625828,1.00055596412212,2511.50886796674,1536.26931191192
"nu_r[32]",0.5811532332295,0.58021148,0.148323046994323,0.147556291323,0.3335957725,0.8292457955,1.00105046011334,3113.96123377237,1166.98293123477
"nu_r[33]",0.4407938188382,0.439223325,0.131715393409478,0.130326611247,0.22851867,0.6636824705,1.00088422773293,2744.08350204569,1347.40677347101
"nu_r[34]",0.616877300625,0.61353362,0.157492654494404,0.163438591932,0.358423051,0.8742485875,1.00518425227839,3134.18732575834,1597.16507304231
"nu_r[35]",0.4927306797675,0.49113834,0.135421466402064,0.141053689266,0.266800362,0.7134706705,1.00176470860072,2549.77876412293,1492.70466178055
"nu_r[36]",0.5063726184545,0.50541974,0.147443983691944,0.142847553723,0.2608142275,0.7480764345,0.999866113694717,3102.17433313122,1557.77354351753
"nu_r[37]",0.7398966895,0.739034155,0.150189126891264,0.15084305985,0.5006639845,0.9900257715,1.00024596122463,2452.4432709521,1511.88565392154
"nu_r[38]",0.16266012652358,0.16186446,0.133180424024721,0.134725870923,-0.05707971265,0.38249789,1.00228728191466,3161.51315191859,1691.57622224793
"nu_r[39]",0.453314093221,0.45093851,0.149822228401773,0.15257621925,0.216585869,0.704281884,1.00051921890234,3233.68170627965,1588.17732166834
"nu_r[40]",0.130929623629535,0.129602335,0.134803133008326,0.135594007353,-0.08294103815,0.3561564595,1.00133058593332,3251.32353105963,1416.09080164705
"nu_r[41]",0.5075593345202,0.50776077,0.155827236498861,0.155204364966,0.2591583675,0.7640425065,1.00025693713672,2292.94322468018,1441.30681893544
"nu_r[42]",0.515948681885,0.51779311,0.152602025677465,0.157646199753,0.2662333175,0.7717460545,0.999858147849315,2712.35683756835,1505.56586090123
"nu_r[43]",0.100551794464828,0.100218625,0.126515365677504,0.1283770797204,-0.108868899,0.3105632045,0.999667932063006,2644.67127685674,1217.00528315779
"nu_r[44]",-0.162559645708389,-0.16374394,0.127912591124234,0.124874586963,-0.370636918,0.03941350255,1.00197728160836,3182.08431583494,1604.45850361405
"nu_r[45]",0.039434968616965,0.0424509315,0.126527519593914,0.133398054363,-0.1714311775,0.245096145,1.00055925023799,3100.81464710325,1669.57273110468
"nu_r[46]",-0.002336273671948,-0.00311852305,0.131871118378967,0.13345759342923,-0.2164596895,0.218633782,1.00176048325626,2989.28095818165,1489.41691106117
"nu_r[47]",0.44057831840475,0.44130944,0.14416971581848,0.143626919478,0.203090558,0.6788094805,1.0001099999696,2771.40041962904,1699.35447616558
"nu_r[48]",0.5134155913641,0.511275605,0.149653847287063,0.152888966307,0.2755787505,0.7634162455,1.00166970441693,3051.63021837297,1509.69001814528
"nu_r[49]",0.5506352147405,0.550219185,0.145332550816432,0.145321160628,0.3107843825,0.7875885155,1.00128488959543,3372.1409448407,1554.96675008435
"nu_r[50]",0.41811183611795,0.419017295,0.141288920908499,0.138519280935,0.1857917785,0.6526826215,1.00015285038277,2714.8171201283,1296.04698814533
"nu_r[51]",0.3469949779899,0.342196145,0.145994402230133,0.136294039182,0.1168051035,0.5906602965,1.00406925136179,3215.31471246451,1294.51001280595
"nu_r[52]",0.227668725157422,0.227890315,0.146097391063894,0.13876513308,-0.0152146719,0.4695590035,0.999821830107348,4084.37506031606,1430.94366393292
"nu_r[53]",0.603319746954,0.599827895,0.141414719742024,0.13589467122,0.376221905,0.8490138,1.00053072190934,2242.11209002432,1577.99286491574
"nu_r[54]",0.0369481728384665,0.0351979725,0.133575759727275,0.1409801308083,-0.1757835795,0.25820586,0.999603396770598,3902.06657264117,1557.60299598341
"nu_r[55]",0.56744040062,0.570926185,0.13829296754792,0.131722983231,0.334697865,0.8012339045,0.999643527545515,3568.8685197031,1640.23173111778
"nu_r[56]",0.54513386972,0.54249339,0.140073869397186,0.138638229933,0.3153300485,0.7756316775,1.005541515404,2364.22071927133,1653.0947654639
"nu_r[57]",0.29461842715714,0.28924088,0.141719136732105,0.141328704153,0.0676534821,0.5299922015,1.00103087667968,2737.67171382614,1313.22455192929
"nu_r[58]",0.5062030832985,0.50529944,0.150143442614854,0.149781584967,0.2568929665,0.75162883,1.00079815928474,2840.30270402866,1527.93338384968
"nu_r[59]",0.579044208315,0.57570896,0.144185096873573,0.145725880776,0.3438362825,0.8140899915,1.00025024703488,2338.48231528309,1629.38966845217
"nu_r[60]",0.66296310275,0.659415245,0.146560188788084,0.147137093586,0.4344742,0.9078559675,1.00035212981987,2564.04857211368,1609.37692356616
"nu_r[61]",0.5861086029,0.58528125,0.142064370206666,0.146116946178,0.3553893305,0.8118098635,1.00208670978571,3444.67744983488,1654.92678030285
"nu_r[62]",0.0578162485664555,0.059655108,0.132675224068094,0.1273026365352,-0.161900514,0.2680754115,1.00569864280833,3908.5116279419,1574.17354948474
"nu_r[63]",0.693962657535,0.68864075,0.143451181486269,0.138987404472,0.45739052,0.933454227,1.0007644665352,3015.15705258507,1392.10061046632
"nu_r[64]",0.23582516117045,0.23444328,0.131869197965777,0.130799464278,0.01891286425,0.4579852555,1.00001672358528,3086.75122685364,1637.9406783751
"nu_r[65]",0.071187845645434,0.0687427455,0.133231404044393,0.1312480923663,-0.147354389,0.290785937,1.001936867751,2681.30975778178,1683.77640122821
"nu_r[66]",0.16054393690638,0.15499774,0.146742621960089,0.1463882953365,-0.06840374175,0.4014835585,1.0012625128878,3506.68301754894,1493.29182679757
"nu_r[67]",-0.037932136579561,-0.0355836565,0.124959286960093,0.1254196403901,-0.239393036,0.167211011,1.00115818834811,2940.19914847365,1412.04891120005
"nu_r[68]",0.71497806535,0.713035295,0.147457411581943,0.147433643238,0.4725776435,0.953382589,0.999808814377457,2564.6536456499,1755.92921259504
"nu_r[69]",0.156411412024765,0.156509135,0.147276534759315,0.1538834091375,-0.078413178,0.3911628925,0.999853509842198,3978.20568738405,1652.5424721818
"nu_r[70]",0.653624373035,0.651481515,0.149373265920934,0.149879110395,0.4089716465,0.8949529025,1.00011520567287,3452.6206209884,1666.46751606551
"nu_r[71]",0.4008637639965,0.400191715,0.135427219790458,0.134816828433,0.1834124595,0.6207666275,0.999361319608845,2935.81691387521,1747.82567345861
"nu_r[72]",0.92970717695,0.92906155,0.170009668989911,0.169247159277,0.662274912,1.21283358,1.00130717883065,3079.25325959013,1610.87059819721
"nu_r[73]",0.10714878238022,0.109534785,0.142179285649714,0.1419323336235,-0.1276225,0.3363695145,1.00209502556423,3017.52868715451,1281.02573657136
"nu_r[74]",0.66991527247,0.670439865,0.146111911343629,0.14422829169,0.4298551425,0.91017744,1.0008309787358,2497.48233024575,1691.80943389625
"nu_r[75]",-0.000762847883315003,-0.0016129746,0.136025236641611,0.13779950176356,-0.227313356,0.222164767,1.00138228627762,3185.34379958632,1391.53709666917
"nu_r[76]",0.29399178924505,0.29615746,0.14456946097248,0.143513596947,0.05773501595,0.5343857825,1.00020957179505,2690.42548036507,1486.39641232631
"nu_r[77]",0.527943386395,0.52595705,0.135600347591489,0.131340813429,0.3095789805,0.7528765975,0.999463794261658,3230.56780043143,1543.64183571666
"nu_r[78]",0.715015152682,0.71572697,0.147948610984284,0.148829340639,0.476772231,0.958973739,1.00339889350573,2910.12143887464,1472.06028947375
"nu_r[79]",0.4870138543154,0.4810581,0.139419640375799,0.141834218862,0.264143317,0.713700893,1.00232160860419,2702.25078202426,1605.50962467197
"nu_r[80]",0.321172074236325,0.31868298,0.153310948339492,0.1505899059,0.07258681165,0.5748281865,1.00036805909621,2618.05573440411,1261.83786014818
"nu_r[81]",0.4929275688375,0.49450336,0.139996958506708,0.141837087693,0.262621308,0.719341884,0.999777402952915,3366.0074102261,1764.5882965654
"nu_r[82]",0.800444832785,0.798788565,0.158729699285024,0.162689930823,0.542272524,1.063949375,0.999834198496889,3363.64665555509,1530.99381542348
"nu_r[83]",0.39158416995465,0.39178012,0.133144710447588,0.129856604808,0.1739094165,0.611458425,0.999831018712778,3354.27301482593,1193.73584635713
"nu_r[84]",0.083600991513674,0.0850793895,0.131229213853017,0.12858215124741,-0.133039412,0.3011971075,1.00082571672851,3444.41105653036,1692.0006540435
"nu_r[85]",0.4150629680246,0.412883535,0.149644496800295,0.150978087645,0.179181701,0.6626199055,1.00166961514061,2266.55481295931,1535.47067741398
"nu_r[86]",0.475132390764,0.476638585,0.148675695928619,0.14544921279,0.230831461,0.72439977,1.00002550355485,3504.95425377864,1388.99370085218
"nu_r[87]",0.40076280866603,0.394808715,0.147446386321441,0.149784268473,0.1651838425,0.642164518,1.00155950067666,2598.48524192007,1747.56948782107
"nu_r[88]",0.821632494425,0.82015674,0.155903984417077,0.158497960866,0.567207256,1.078062455,1.00048207972647,2327.15888779444,1652.00035052055
"nu_r[89]",0.178050197939559,0.175588405,0.14147200956056,0.1429758846138,-0.0470617902,0.4174001955,1.00112727982067,3202.83768586279,1678.83653400823
"nu_r[90]",0.67910928118,0.67753948,0.152933705075144,0.153348149766,0.4318591875,0.937076349,1.00665341779021,3017.34997211431,1522.5283056535
"nu_r[91]",0.712087231765,0.711534635,0.154925316509257,0.151597614294,0.4564027305,0.96632171,1.00025715083228,2411.62983510426,1470.37643505479
"nu_r[92]",0.46689337420975,0.46554827,0.142425374199226,0.142246233402,0.2369274465,0.7013606475,1.00038081739419,2810.76048413798,1695.265700966
"nu_r[93]",0.238934263725975,0.241829885,0.144129495465733,0.143013019296,0.00229189118,0.478007467,1.00337451016055,3937.26523594611,1617.96781401742
"nu_r[94]",0.764062780115,0.76441222,0.146202862393592,0.144086095524,0.526450609,1.007116725,1.00060624436011,2796.16775313548,1639.654756543
"nu_r[95]",0.0613672246160435,0.0602726125,0.138526771409958,0.1425527646585,-0.156801434,0.294014093,1.00050330720468,3309.86587396335,1554.57211429869
"nu_r[96]",0.6174178269135,0.619439995,0.14034859031198,0.143129699916,0.392098415,0.838160433,1.00181329071252,2129.84648778773,1518.00233150321
"nu_r[97]",0.2978951368624,0.299218195,0.12843871034525,0.132653129406,0.0876932665,0.510337833,1.00233743596478,3153.29686768109,1695.18426327813
"nu_r[98]",0.702937927465,0.701545305,0.147602645243617,0.145941903009,0.455728318,0.9438978895,1.00028050665297,3120.88202932101,1891.51398748175
"nu_r[99]",0.4806327129025,0.47907354,0.16469658544616,0.168087706773,0.2153731,0.7543491395,1.00256211430824,2439.51324111376,1569.1387563334
"nu_r[100]",0.5233832836995,0.51709704,0.14745285287579,0.150226394619,0.286547702,0.7651384985,1.00108284448305,2620.78325003927,1673.64833152086
"nu_cr[1]",0.270718001370655,0.26877615,0.184264964237949,0.178158600858,-0.03828724905,0.5788066015,0.999652253660651,2301.78068996608,1573.81599455306
"nu_cr[2]",-0.23831452169228,-0.235038005,0.2045378941979,0.2049900744486,-0.5742588085,0.096316848,1.00026144048689,2018.73432682423,1517.39399469454
"nu_cr[3]",0.203957632592285,0.201559715,0.18056433100007,0.17966776905,-0.0979334866,0.512737846,0.999734200517291,2647.47825424818,1481.83579235405
"nu_cr[4]",0.068009710918322,0.071262693,0.148204898050732,0.1451046832368,-0.17465431,0.3134148355,0.99936767485457,3447.88455746935,1495.61402925207
"nu_cr[5]",0.581801274795,0.578381705,0.134082443374233,0.13475885136,0.364835165,0.8096955405,1.00095424062869,3061.84264181367,1589.61924286542
"nu_cr[6]",0.248979055840117,0.25168569,0.140106742286799,0.141361173093,0.0254004967,0.482347568,1.00063207862773,3066.55534592499,1573.27443969501
"nu_cr[7]",0.339435332397302,0.343056915,0.138711140156581,0.137007673866,0.1140039215,0.572361636,1.00201394086202,3028.243417386,1633.11240507534
"nu_cr[8]",0.585193369025,0.578436755,0.143070920776495,0.138085323915,0.353273545,0.833020044,1.00007356217346,3310.40386476313,1556.18323102218
"nu_cr[9]",1.02724966404,1.03020615,0.156681172151888,0.16187456754,0.7611283215,1.276660565,0.999619379030367,3600.30756780591,1564.46238878009
"nu_cr[10]",0.21255057677057,0.213471205,0.149242452670785,0.151872547638,-0.03455230665,0.4579257795,1.0048385280117,2855.43167713126,1798.06166598145
"nu_cr[11]",0.344855915034843,0.3456588,0.141210413975853,0.138327684537,0.1061571095,0.573855877,0.999599362736093,2139.56733171097,1599.92705231265
"nu_cr[12]",0.251513870611385,0.2482349,0.181317797236177,0.176348798451,-0.0466311975,0.545554872,1.00101551519142,1988.98065044837,1732.33125604532
"nu_cr[13]",-0.121920204418824,-0.121064595,0.143972638002646,0.1424066143983,-0.355996,0.1162732335,0.999868943350422,2591.56478000548,1690.52873291977
"nu_cr[14]",0.516826361135665,0.515912205,0.15139911407634,0.147016424772,0.262066677,0.7691877155,1.00017697646051,2410.21030023213,1613.23357434733
"nu_cr[15]",0.144176018052241,0.142339005,0.190900772027696,0.1942229291646,-0.1609649335,0.461187965,1.00033558449119,1704.50763858593,1387.6383923503
"nu_cr[16]",0.04393113529445,0.047011778,0.155897079295556,0.1562740564182,-0.217034991,0.3129118705,1.00071797120453,2082.84497957361,1739.32316590073
"nu_cr[17]",0.4777581882845,0.476354735,0.145612407829664,0.14929782,0.243040632,0.712869128,0.99993193489586,2455.47785074202,1523.06296733856
"nu_cr[18]",0.11942594474615,0.11771237,0.171006935775593,0.173110157996244,-0.1564859135,0.4008380645,1.00167737448695,2701.12127559679,1563.77291658588
"nu_cr[19]",0.0114667969359132,0.015454783,0.166136283593385,0.173118917286,-0.266631266,0.2769280575,1.00034586331672,2356.50203374801,1699.35447616559
"nu_cr[20]",0.299834914390685,0.302487975,0.16888591461775,0.171700528692,0.02532244835,0.5777429165,0.999637707783085,2081.79793970004,1555.41213468395
"nu_cr[21]",0.306975451682929,0.30797828,0.1626494271899,0.163874253942,0.03457678585,0.573827344,0.999655921693679,1940.22876451337,1530.73436392062
"nu_cr[22]",0.4706485595305,0.466040315,0.179499103867358,0.179664055137,0.1797205245,0.7789684225,1.00334804392042,2127.70427928167,1676.78470170476
"nu_cr[23]",0.475642605229,0.47635832,0.145618949933194,0.149559639747,0.241932336,0.712520973,0.999949783945467,2277.04626663901,1438.69046307444
"nu_cr[24]",0.654147626485,0.65486075,0.133447146788849,0.126066352734,0.433791231,0.877392813,1.00098223986084,3353.45934235732,1555.17929998208
"nu_cr[25]",0.3068030521213,0.30469761,0.129293815011681,0.132308521275,0.09236317235,0.5206228705,1.00040657059981,3493.24950318292,1756.40058435312
"nu_cr[26]",0.017566894805045,0.016829,0.160124542408656,0.1572365566317,-0.2380687575,0.274169234,0.999549989521528,2609.03767782378,1446.06422397262
"nu_cr[27]",0.5072986201675,0.50605358,0.139660518341641,0.138501052368,0.278382322,0.740444232,0.999698859620946,2922.228619996,1608.60029994093
"nu_cr[28]",0.488460203054,0.487963935,0.140063025761558,0.139310685402,0.257857024,0.717335627,0.999293307319258,2903.39916236367,1560.43863905232
"nu_cr[29]",0.5130700623815,0.508364135,0.1488357366656,0.150133739532,0.259924901,0.755336306,1.00450727568025,2993.27649920703,1578.50851560377
"nu_cr[30]",0.354361728778325,0.35012868,0.170386921308382,0.17372980779,0.0766670935,0.637377257,1.00213685851174,2332.93354099126,1501.25415592021
"nu_cr[31]",0.15047561265529,0.148116525,0.157515958685843,0.158990265609,-0.113672854,0.414651423,1.00058896129833,2469.84360957984,1717.61010279505
"nu_cr[32]",0.43360553299986,0.43037266,0.16652359000436,0.167041361823,0.1665766255,0.708391176,0.999517737724418,2255.70050477101,1603.37132071868
"nu_cr[33]",-0.179789020712994,-0.182164535,0.176618836974048,0.170291576847,-0.467182511,0.122692135,1.00098026599474,1896.0285521827,1620.1644533317
"nu_cr[34]",0.18532837760257,0.18612059,0.177860303712718,0.1819024179,-0.107449263,0.46804507,1.00052747772593,1815.53466795618,1498.13127585955
"nu_cr[35]",0.037207715299909,0.0411351925,0.174413344932577,0.1719774865263,-0.258314334,0.316221207,1.00091604795273,2390.69151876931,1888.64342814291
"nu_cr[36]",0.306667187538735,0.306995335,0.183009615841735,0.182749812756,-0.00909132474,0.607845322,1.00373477092823,2074.57393644511,1453.10333417154
"nu_cr[37]",0.0180684053877235,0.014633625,0.208026391366107,0.211536648939,-0.308089574,0.3634766315,0.999998996392538,1720.63912325404,1411.49995322454
"nu_cr[38]",0.3872605003325,0.38825922,0.135010589519217,0.129308598783,0.160178356,0.6041737015,0.999997974258326,2820.62519878615,1592.89997794683
"nu_cr[39]",0.173728322207205,0.171836045,0.15401064818987,0.1490317429671,-0.0849983815,0.4292577785,1.00250939554177,1759.6369739435,1576.15547901665
"nu_cr[40]",0.60790636785,0.605991295,0.146990360542893,0.13930428057,0.3646511975,0.8490517495,1.00084847348208,2829.42455463825,1690.70108022421
"nu_cr[41]",0.2216426147455,0.218598845,0.171132883605455,0.172313220555,-0.05236693345,0.507541631,1.00217846024245,2517.86348193002,1535.76409003255
"nu_cr[42]",0.42418952659195,0.42306397,0.154922903943335,0.153841240287,0.1724656175,0.6833727265,0.999912615673768,2686.87296220406,1526.08159355308
"nu_cr[43]",0.137636874112725,0.134287185,0.196602886040845,0.197652249629709,-0.1874938505,0.462579178,1.00230828256899,1429.43590436314,1440.10142320306
"nu_cr[44]",0.17559612650221,0.173084545,0.153902534933359,0.153871722543,-0.07435453765,0.436988246,1.00189737799728,2580.99910371529,1824.11348317757
"nu_cr[45]",0.31613548429891,0.317622515,0.151032687207724,0.152064863097,0.0654487704,0.5619081145,0.999970922295353,2918.94586738118,1491.63821411322
"nu_cr[46]",0.14248178490267,0.13905139,0.157464512151617,0.1513714540422,-0.1160275485,0.396170978,1.00086344306622,2479.19018430997,1685.42999568175
"nu_cr[47]",0.17432272656555,0.17450412,0.154152153382057,0.156335484984,-0.0785734906,0.4298330875,0.999407601265865,2709.63872617045,1578.39224702829
"nu_cr[48]",0.307278362968685,0.30700522,0.179107134593935,0.176706772221,0.01579001175,0.602348075,1.00205105555895,2356.97878392721,1517.21238581569
"nu_cr[49]",0.351318699106125,0.35187896,0.158496752549047,0.157109869203,0.0901670939,0.6117169055,1.00103257943865,2858.39150379318,1440.79412582376
"nu_cr[50]",0.320834560737965,0.3215816,0.169096821104968,0.167232884091,0.04316550915,0.596548988,0.999624806426236,2521.75207887603,1621.37614470195
"nu_cr[51]",0.160463378051265,0.158268905,0.168719878035578,0.169673406777,-0.1223883365,0.432428904,1.00087693300986,2504.63613291079,1726.74202600677
"nu_cr[52]",0.08930779099056,0.0915739075,0.161100616256481,0.1616686314348,-0.168700148,0.360874374,0.999432863368307,2561.70767809487,1582.45088764633
"nu_cr[53]",0.374039787212096,0.37240334,0.162889467222406,0.165025351995,0.117467516,0.6363030555,1.00006095663053,2532.24819368327,1557.77025137989
"nu_cr[54]",0.687874879225,0.68788629,0.138750488836948,0.141549663444,0.4624800075,0.9148110315,0.999862159656315,3501.0053243795,1701.43784999029
"nu_cr[55]",-0.0366496608428575,-0.039017347,0.152859599136578,0.1524206151909,-0.285709771,0.213969218,1.00013684305003,2963.24531112272,1702.0192635039
"nu_cr[56]",0.19118309509789,0.18651768,0.177095963584208,0.176942935575,-0.09734706835,0.490488944,0.999905002639887,1718.02238188531,1809.96118090096
"nu_cr[57]",0.0662163675889365,0.0584485445,0.188778243586702,0.1819102178586,-0.2374402705,0.3879420715,1.00050393998861,1718.56208488717,1426.35122507956
"nu_cr[58]",0.104817265893141,0.102265995,0.18728562203498,0.192982050786,-0.203884633,0.404277649,1.00263817979121,1903.77771145017,1488.07353779526
"nu_cr[59]",0.31388872462607,0.31511634,0.161600360109983,0.153970322856,0.04121775965,0.578862109,1.00082977143553,2181.37041396834,1429.40322463409
"nu_cr[60]",0.220932716496761,0.219700765,0.162786118025112,0.161972686008,-0.0379105699,0.495944409,1.00003090855892,2481.11766350588,1636.00714029167
"nu_cr[61]",0.44478018646695,0.44340243,0.147123330622507,0.145707511362,0.199631748,0.678401204,1.00082731621236,3224.15045703568,1642.77039238493
"nu_cr[62]",0.607830368911,0.608727175,0.145461001472323,0.148019033022,0.368608308,0.8396464125,1.0000223841211,3053.68145199537,1377.04354747128
"nu_cr[63]",0.4809438919545,0.48093697,0.149231401643703,0.146406787065,0.231300345,0.7260478275,0.999463392153046,2905.88080398688,1646.01105401939
"nu_cr[64]",0.04375726458664,0.04620577,0.173970096718846,0.1770209574,-0.238435209,0.331009887,1.00052936887038,2148.98188566618,1579.23294051126
"nu_cr[65]",-0.142051481456044,-0.14224283,0.151438437927832,0.149701190982,-0.3928476505,0.104241924,1.00119326247921,2361.09963678492,1811.64269117214
"nu_cr[66]",0.2474501862349,0.24863591,0.151353607276922,0.148007698545,-0.007041161555,0.4932194375,1.00029534979659,2891.90923581237,1477.01868067574
"nu_cr[67]",0.038327115493771,0.036061498,0.140101297273351,0.1352883797412,-0.1822781215,0.272491207,1.00463183263803,2671.73623904715,1538.14933506911
"nu_cr[68]",0.03822582092747,0.045020393,0.239744382749309,0.2324319492852,-0.3591503515,0.432387878,1.00075245089518,1673.8486830761,1545.44508196207
"nu_cr[69]",0.4918818781745,0.491849505,0.149684751458073,0.150835446699,0.2433624135,0.739256111,1.00010461620292,2606.63469558019,1652.09956604845
"nu_cr[70]",0.205347433911916,0.20707315,0.177432110290979,0.1744905439347,-0.0856211067,0.4967376415,1.00146241259097,2073.9065265153,1548.91310270717
"nu_cr[71]",0.2787655251929,0.277411085,0.149050689137388,0.151836535284,0.0354608729,0.5296014625,1.00020081923719,2306.63980945616,1677.64297975561
"nu_cr[72]",-0.023642051927182,-0.023579958,0.194105570135727,0.19173457632,-0.349550533,0.2855183225,0.999855428734437,2403.5467768012,1908.43978616291
"nu_cr[73]",0.69192953285,0.69435581,0.145978280777945,0.144309263889,0.450792196,0.9272211285,1.00107316060434,2839.62116231467,1603.37630307579
"nu_cr[74]",0.41342180671525,0.41445751,0.180758407524501,0.177599126922,0.1176975935,0.7051089155,1.00099484364557,2187.34703396639,1565.7609016067
"nu_cr[75]",0.340298838226005,0.340402955,0.158039039454024,0.165945453555,0.08492720165,0.5927384,0.999886018656775,2671.98850241383,1202.52041252926
"nu_cr[76]",0.373527593985465,0.377887995,0.157125641872662,0.15225886872,0.1160408555,0.636556111,1.0006053563227,2340.96097868113,1628.95200851907
"nu_cr[77]",0.572583334845,0.5705862,0.142522916034061,0.142453604664,0.3426223375,0.8111725045,1.00373843770199,3110.53191839108,1420.98932802282
"nu_cr[78]",0.0053593272775455,0.00423491205,0.159040222984598,0.15530895935667,-0.2568319945,0.2736281415,1.00103012524665,2215.1188022793,1724.46996459866
"nu_cr[79]",0.424274051894,0.424989275,0.14258223899209,0.145428189522,0.192293816,0.6601406675,0.999837024306274,2862.5779469218,1509.45730229301
"nu_cr[80]",0.45931425553325,0.457502555,0.161159044391071,0.159513578931,0.2044426485,0.731490508,1.00143545248961,2109.6737346337,1438.9305771229
"nu_cr[81]",0.498719902116,0.500218665,0.139541549717502,0.142476414465,0.2732330485,0.729577292,1.0011535512924,3118.74036304647,1535.9930372691
"nu_cr[82]",0.54355399345,0.54199976,0.150172778661795,0.150046962954,0.2919169555,0.787788863,1.00104123040903,3502.28103882126,1715.37500932504
"nu_cr[83]",0.255477289928005,0.25593006,0.15186710629193,0.153410011251,0.006936471395,0.4998646075,1.00135946021669,2889.28929209063,1749.51580218127
"nu_cr[84]",0.92026941194,0.915646335,0.153559937852139,0.150793496532,0.669383015,1.169867285,1.00070789783532,2972.98391731061,1853.06823397757
"nu_cr[85]",0.705421199505,0.70229552,0.152920452488272,0.150272748108,0.4622272595,0.9617936,1.00072676109526,2736.05600674001,1603.58033676637
"nu_cr[86]",-0.142945394937787,-0.1442205,0.174129327248964,0.167309586402,-0.4316897415,0.144973279,0.999828810613859,2064.11705806453,1535.85328048024
"nu_cr[87]",0.030025124740917,0.030094268,0.164548360207317,0.165393414858,-0.245128635,0.2949053335,1.00187160648219,2354.601919368,1660.38727248543
"nu_cr[88]",0.074529282371345,0.080549594,0.211385395108294,0.2125028563938,-0.279382657,0.4259089555,1.00072654241756,1649.00684673196,1634.48559039653
"nu_cr[89]",-0.25331979322441,-0.249736035,0.167743983363347,0.164001364653,-0.529734293,0.02422051625,1.00122931532154,2074.13448763491,1637.68900382181
"nu_cr[90]",-0.073008313485662,-0.0732557505,0.184569287711477,0.1805751691758,-0.3720731165,0.2316826155,1.00231551109844,1683.86810905981,1544.16004929906
"nu_cr[91]",0.117198174165955,0.122148435,0.168010600502304,0.16631765717154,-0.1609431035,0.393701945,1.0009468638416,3018.72570331481,1562.94978423001
"nu_cr[92]",0.03612893870004,0.038399194,0.178673947818832,0.1780475481876,-0.261523638,0.3294077285,1.00079257750354,2304.76960256758,1630.3442641016
"nu_cr[93]",0.31510803906874,0.31909147,0.148234251187996,0.140487795672,0.07067674065,0.555113775,1.00165992375794,2868.97181603454,1400.60528650986
"nu_cr[94]",0.5237533477305,0.52569414,0.158001456707451,0.157885528458,0.2682555465,0.786330909,1.0017916750178,2663.23341610606,1461.63527737983
"nu_cr[95]",-0.105622268885301,-0.107006985,0.161113188251599,0.158453773869245,-0.3700982835,0.1496970355,1.00088362161135,2734.00486720786,1419.51629501775
"nu_cr[96]",0.185869929091203,0.186599295,0.149960070838544,0.1564006244976,-0.06015392865,0.4249833455,1.00483308851547,2636.62614672341,1474.16840265187
"nu_cr[97]",0.61063575169,0.608731095,0.13407158584367,0.13506923367,0.394606959,0.835254222,0.999960356811434,3538.44953803491,1619.61342598799
"nu_cr[98]",0.261177185033945,0.264766895,0.141916329899729,0.142570018416,0.02482807275,0.4961380475,0.999596147414658,3357.15269540445,1448.45573682451
"nu_cr[99]",-0.014026067072464,-0.013715271,0.184596264299424,0.181721118159,-0.319999541,0.2808305515,1.00326533170463,1874.4110317359,1364.5647483065
"nu_cr[100]",-0.09804140007958,-0.096158302,0.216192498820694,0.2136225603918,-0.462067287,0.241070244,1.00029459503082,1794.84784484284,1691.56634237013
"alpha_intercept[1]",0.55025108158,0.549380435,0.0417041645873124,0.041796806856,0.4829991855,0.6193019915,1.00126448529211,2635.08117470385,1473.10446798379
"alpha_intercept[2]",0.597955731165,0.59850858,0.0426389533227757,0.0438445517369999,0.5286466445,0.6668692845,0.999962821728054,2827.79496547246,1723.16364024621
"alpha_intercept[3]",0.615178153105,0.615193525,0.0392212047926671,0.0402191203050001,0.552814263,0.679195413,0.999996082933327,2479.8136299914,1662.41764771733
"alpha_intercept[4]",0.599891524175,0.599309385,0.0390727141759196,0.040418292789,0.537326349,0.66448967,1.00058863331657,2725.95960049462,1585.74195302043
"alpha_intercept[5]",0.689459939455,0.68895428,0.0388634043280888,0.038510520174,0.623573654,0.751885801,1.00167566573306,2286.17619797689,1586.25225103268
"alpha_intercept[6]",0.629481374185,0.62914935,0.0404375630458321,0.0404113097429999,0.5620742255,0.697078939,0.99980131975728,2696.45154715312,1524.87667396903
"alpha_intercept[7]",0.62452628027,0.62451612,0.0395768710340734,0.03967333818,0.56039311,0.6901850255,1.00151041856204,1902.65139563602,1310.67644521175
"alpha_intercept[8]",0.568404976275,0.5694017,0.0391855940820453,0.0402269410199999,0.505781105,0.631197899,0.999861427842334,2172.31927657316,1486.94707242041
"alpha_intercept[9]",0.54183133397,0.54185263,0.0397885044839647,0.0391356362250001,0.4765789065,0.6067955195,1.00062992779321,2717.23474868555,1501.75176267758
"alpha_intercept[10]",0.59002163841,0.589884855,0.0397830688004375,0.040625886441,0.523386302,0.654572044,1.00009591580749,2599.76972639367,1698.42083340846
"alpha_intercept[11]",0.64390428257,0.6441429,0.0379228366520849,0.0380904402899999,0.580166981,0.7063711185,1.00056225463593,3028.85304624511,1230.69395755375
"alpha_intercept[12]",0.562277669235,0.564021395,0.0399106273523898,0.039214436415,0.497029977,0.6266634005,1.0029380983179,2249.19800235166,1479.19377335244
"alpha_intercept[13]",0.677976250535,0.678961195,0.0374910253252747,0.038201175684,0.615873993,0.739622505,1.00305837526078,3228.90018176866,1778.51326164793
"alpha_intercept[14]",0.6827954758,0.68159687,0.0375602279614937,0.037006007346,0.62230599,0.744315343,1.00067284002097,2980.8042072418,1474.27710793451
"alpha_intercept[15]",0.6352733162,0.6349393,0.0411381885041018,0.0415666035539999,0.567691571,0.7024728205,1.00107153344455,2958.00652513987,1589.16675768199
"alpha_intercept[16]",0.610034978495,0.60903484,0.0364886587091381,0.036043918554,0.5503845655,0.6707105405,1.00001713880876,2880.38210959596,1533.38786461732
"alpha_intercept[17]",0.66321439298,0.66290443,0.0408241083183305,0.039872184492,0.598835932,0.730299409,0.999446172683006,2636.85225218516,1730.05812019744
"alpha_intercept[18]",0.558300771435,0.55715197,0.0424653641754405,0.0432146320619999,0.489004593,0.628603118,1.00004168705464,2405.97548582478,1566.11218455343
"alpha_intercept[19]",0.603610927195,0.60355984,0.0400009623318023,0.038298626982,0.535759665,0.6711700155,1.00007888827309,2430.26305076245,1250.03701733873
"alpha_intercept[20]",0.60577348936,0.60702524,0.0396183428709637,0.037741236099,0.540274829,0.6707292075,0.999807999377388,2563.28467178211,1613.48243910855
"alpha_intercept[21]",0.645799556835,0.64541309,0.0383172630584209,0.0390684744449999,0.585273367,0.7104796525,1.00062475128991,2241.77885340849,1634.61629764223
"alpha_intercept[22]",0.495610686835,0.49605787,0.0395859711609738,0.039988887351,0.430488881,0.560194425,0.999848711888442,2550.48455920633,1448.79536301503
"alpha_intercept[23]",0.621306109115,0.621264095,0.0397674615969772,0.040714293879,0.5563106825,0.6854989685,1.00093767691578,2820.64184847795,1568.48079080258
"alpha_intercept[24]",0.66964170242,0.669338365,0.04121363237833,0.040712826105,0.600943707,0.7362478855,0.999635741664701,2196.83901202119,1226.07772090715
"alpha_intercept[25]",0.74127631791,0.7405055,0.0410825080417493,0.040724864817,0.6750504785,0.8110589845,1.00010573086373,2828.24913236482,1370.91239235246
"alpha_intercept[26]",0.55029281124,0.55021969,0.039278029711607,0.038164592529,0.483695976,0.6173403905,0.999371345316519,2144.05786515009,1560.60908254688
"alpha_intercept[27]",0.619225272215,0.61940261,0.0365266719427254,0.0360123169350001,0.5591176675,0.6788537585,1.00091948394599,2741.15100030089,1639.58140892425
"alpha_intercept[28]",0.60690964141,0.607423885,0.0389325267445974,0.039831613143,0.5404407815,0.670198816,0.999355620263586,3019.07337038817,1634.22621969512
"alpha_intercept[29]",0.5899640761,0.58920214,0.0384430387811749,0.038680418721,0.5252413215,0.6539461195,1.00361347524409,3039.04875628535,1645.96921974558
"alpha_intercept[30]",0.554189024735,0.55438946,0.0394386355004647,0.038599424283,0.486850578,0.6191673015,0.999555925858863,2557.81835672785,1626.41193419879
"alpha_intercept[31]",0.604125069875,0.603513095,0.0390006779893728,0.03815819511,0.539635914,0.669543691,1.00127229412939,2773.28474179556,1426.57402743506
"alpha_intercept[32]",0.57479894919,0.5744207,0.038420260981203,0.037918095453,0.5128285325,0.6388958215,1.00069962927114,2472.44241801803,1320.84763080725
"alpha_intercept[33]",0.730462814775,0.730064585,0.042883125418813,0.0422874140219999,0.6619086115,0.8039462265,1.00111092458396,2135.93083370732,1509.09191367086
"alpha_intercept[34]",0.51390833979,0.51378985,0.0387600848038876,0.038863371561,0.447506377,0.578836862,1.00119703500396,2326.27901153574,1637.89532095427
"alpha_intercept[35]",0.67424854343,0.673570925,0.0392081251388222,0.038954810916,0.611836221,0.7380197565,1.00038461388207,3161.08172763188,1567.07823131054
"alpha_intercept[36]",0.58640513313,0.58712989,0.0407682441870343,0.039326721126,0.517957321,0.6556069365,1.00128761670841,2654.06132437095,1508.10981536389
"alpha_intercept[37]",0.619924952525,0.619428035,0.041017281691563,0.03959238822,0.5515901635,0.6891699685,1.00155497463444,2588.62798795881,1488.87605285231
"alpha_intercept[38]",0.673151392105,0.67347346,0.039337891632888,0.038663717232,0.6098545215,0.739779319,0.999559361004922,2575.39331039105,1577.30652688832
"alpha_intercept[39]",0.57223123813,0.57237398,0.038826727414674,0.0377151794039999,0.5084654195,0.636023248,1.00081100028799,2244.44665931932,1513.07592572451
"alpha_intercept[40]",0.64689625011,0.64590981,0.0387400299846267,0.036695891904,0.584388541,0.71237112,1.00145897425544,3560.69690381727,1610.93772365905
"alpha_intercept[41]",0.57221707929,0.57158695,0.0420754313423852,0.0404873004059999,0.505135451,0.644941931,1.00090116949251,2217.23337663725,1478.17961614926
"alpha_intercept[42]",0.554527539595,0.554326125,0.0402397088347129,0.041132186928,0.489280612,0.6197302375,0.999709449303582,2049.56270151684,1378.03070167871
"alpha_intercept[43]",0.714566400035,0.71442417,0.0408074651570891,0.0408853488539999,0.649409033,0.780722072,0.999477795603524,2762.24062015896,1498.01391756379
"alpha_intercept[44]",0.684278631125,0.683167485,0.0397424119152364,0.038627830899,0.6204063845,0.750354736,1.00261680345004,3346.03519172598,1550.63385921298
"alpha_intercept[45]",0.67094211126,0.67082096,0.0385564475852238,0.039140032134,0.608018073,0.735411162,0.999398840682085,3371.85602509257,1664.70648308107
"alpha_intercept[46]",0.663117899065,0.66355405,0.0377996365387708,0.039238543491,0.5996463575,0.7256157305,1.00009368903651,3164.2088408797,1457.0709465145
"alpha_intercept[47]",0.590582195415,0.59190855,0.0383631689542372,0.0400788515189998,0.527338247,0.6522864335,0.999305004527055,2374.84335474345,1271.64499924933
"alpha_intercept[48]",0.55826337707,0.5577983,0.0384394296235433,0.037477125735,0.4958553145,0.6228175455,1.00047241002981,2710.20974603193,1466.01812414516
"alpha_intercept[49]",0.5918803525,0.59258469,0.0372462059854413,0.038302437264,0.5287386805,0.653283747,1.0019629124018,2317.06099770149,1377.89369877037
"alpha_intercept[50]",0.59814373886,0.59803253,0.0402344863689689,0.04194979635,0.5348099285,0.665417872,1.00135599773811,3714.29983602478,1535.29679014636
"alpha_intercept[51]",0.55818116627,0.557575325,0.037737169406094,0.0368299337700001,0.497270329,0.621117449,1.00140184280639,2760.74919528516,1681.54396507135
"alpha_intercept[52]",0.570149844255,0.570181405,0.0373005819749786,0.038700070584,0.5091920385,0.630013168,1.00262860755728,2883.48887075472,1680.33369254783
"alpha_intercept[53]",0.681975770575,0.681088285,0.038967905054831,0.039177171264,0.6202842045,0.747408774,1.0006226360913,2786.50159066592,1432.22210058742
"alpha_intercept[54]",0.63177625406,0.63256672,0.0368333641145983,0.036016638714,0.5696123695,0.6925118115,0.999734835223519,2929.7204130609,1532.61963964048
"alpha_intercept[55]",0.65116076728,0.651439095,0.0383997040251248,0.038419925901,0.5878338405,0.7122277865,1.00139618100668,2785.74967003618,1889.92605480062
"alpha_intercept[56]",0.7074541015,0.707455265,0.045175864723267,0.046339730472,0.632653839,0.782340834,1.00047994037149,2073.60972989244,1542.68739181431
"alpha_intercept[57]",0.64251766619,0.641070005,0.0410486822754219,0.041418588183,0.578231676,0.711745643,1.00060617875811,2649.3075912359,1677.8165547224
"alpha_intercept[58]",0.588934322815,0.589932395,0.0392624222310391,0.04013457504,0.524300887,0.6544514235,1.00289783753342,2375.4537739885,1665.67094942775
"alpha_intercept[59]",0.64519551114,0.64610713,0.0402267844121302,0.039967152435,0.5786623215,0.7117474935,1.00053943796305,2626.26845096405,1850.2505379144
"alpha_intercept[60]",0.646241055875,0.64695168,0.0408530164365665,0.0406621285979999,0.578881583,0.713980414,1.00001788516235,2318.65632983909,1759.77145317271
"alpha_intercept[61]",0.6336631653,0.63371791,0.0380045401141556,0.03647292369,0.5709023875,0.69632523,1.00074079570455,2334.28713373959,1773.92293500861
"alpha_intercept[62]",0.674207405195,0.67454911,0.0383618979283436,0.0390595491930001,0.610425291,0.739330275,1.00198779588101,3715.97444347569,1416.31164373382
"alpha_intercept[63]",0.648203214615,0.648243535,0.037298204539391,0.0388233191220001,0.588556219,0.708728935,1.00218735609787,2287.07006801509,1747.75995989769
"alpha_intercept[64]",0.616396486555,0.617223415,0.0371797757477263,0.036406918338,0.5559641885,0.679845955,0.999276084737827,2540.61730389835,1421.24524821824
"alpha_intercept[65]",0.679940627675,0.679708245,0.038966339998617,0.037622776359,0.617727394,0.7463777275,1.00234580117556,2675.30914409458,1599.76060595188
"alpha_intercept[66]",0.580479339575,0.57978264,0.0414036887258317,0.0416289320580001,0.5142027795,0.6499669695,1.00157308720525,2328.17571468032,1538.0004511922
"alpha_intercept[67]",0.70273810685,0.702328265,0.0389336860409076,0.039193138866,0.636936927,0.7660538165,1.00057157103095,1825.48376695708,1514.73224996126
"alpha_intercept[68]",0.61685054967,0.61734093,0.0431150783126957,0.043611731646,0.5474996405,0.688551312,0.999527797312273,2610.57842042341,1308.06209405917
"alpha_intercept[69]",0.532358096855,0.531994825,0.0398014485895466,0.0379081842720001,0.4679288545,0.597333129,1.00064245478321,2393.2653969824,895.452812582148
"alpha_intercept[70]",0.61656852963,0.615847915,0.0407649699797893,0.0389724983340001,0.547569218,0.686262192,1.00213071432755,2533.67735164498,1396.87210510982
"alpha_intercept[71]",0.65082096302,0.65026412,0.0398442422011288,0.039957663795,0.584759133,0.7156044885,1.00023014845049,2630.6119383566,1412.39638980359
"alpha_intercept[72]",0.544454510515,0.54534034,0.0409680936236327,0.041976423846,0.476754821,0.611079781,1.00016164722253,2905.91410022744,1658.74195495679
"alpha_intercept[73]",0.612617387225,0.613196745,0.038504573245078,0.03852810381,0.549607567,0.6764273375,0.999505929312286,2336.12477135323,1695.0925247074
"alpha_intercept[74]",0.619104190875,0.619548745,0.037767150252244,0.038142902091,0.5562584295,0.6812167085,1.00184128409715,2308.89927943526,1664.70727802436
"alpha_intercept[75]",0.623617090075,0.623448035,0.0377556460915809,0.038829523803,0.5611470745,0.684002277,1.00112364923764,2623.93504613135,1510.54850786074
"alpha_intercept[76]",0.6608952044,0.659290995,0.0379645550769568,0.038817566634,0.6003364965,0.7240474045,0.999645369631067,2772.34302212442,1706.77721081898
"alpha_intercept[77]",0.62165134707,0.621282575,0.0385274110383137,0.038177832147,0.5575628295,0.6847186175,1.00009221173766,2643.1717216492,1400.78830552723
"alpha_intercept[78]",0.66125854902,0.66119888,0.0446695999988035,0.042626032449,0.587817554,0.7367744695,1.00256631072757,2661.29056708666,1464.11839435566
"alpha_intercept[79]",0.641566309975,0.64134571,0.0376663578728124,0.037379948718,0.578635967,0.706831538,1.00357487092489,2310.66408119117,1530.31025253176
"alpha_intercept[80]",0.6079092358,0.60810859,0.0381953157920758,0.037415909181,0.5436664195,0.6709683185,1.00040800593754,2395.35108723737,1400.99836398891
"alpha_intercept[81]",0.64254154702,0.64234034,0.0373471686603818,0.0375525307709999,0.5814871735,0.70394278,0.99972237684285,2602.27329781201,1441.96331198445
"alpha_intercept[82]",0.535891184565,0.53513409,0.0379248374347475,0.037404152163,0.475427329,0.599795708,1.00005509093919,2848.77757921624,1523.15423515524
"alpha_intercept[83]",0.593785565385,0.593916125,0.0375828489257561,0.0369171773669999,0.5323277915,0.6560109335,1.00346914586337,2617.22660965879,1601.83327263084
"alpha_intercept[84]",0.5979002393,0.598802545,0.0377322614392862,0.038107097301,0.534740107,0.659317212,1.0014607839506,3080.0402877381,1349.55388532314
"alpha_intercept[85]",0.549601344195,0.549159615,0.0379752114427561,0.036869015106,0.4884939525,0.611283133,1.00378361026883,2821.05222710137,1538.05889862723
"alpha_intercept[86]",0.629796413535,0.62909127,0.0407325016152692,0.040737630003,0.5634036335,0.6977225485,1.00198411210862,3300.98500687573,1412.1896109733
"alpha_intercept[87]",0.540835087965,0.54120637,0.0401888427935109,0.041289794721,0.475585734,0.6049603745,1.00138854022444,2122.83537834063,1203.29102886293
"alpha_intercept[88]",0.638447892695,0.639047725,0.0409085721141264,0.041319372591,0.571885583,0.705586527,1.00117438031939,2448.9203278698,1510.90660175892
"alpha_intercept[89]",0.58697148589,0.58717275,0.0373977583069276,0.0366315248250001,0.5263417085,0.6493847095,0.999957580026478,2599.97393560007,1625.80036175491
"alpha_intercept[90]",0.617299362615,0.61768659,0.0387953082410746,0.038012989266,0.5527479185,0.6816387465,1.00083795440967,2547.81113152429,1698.77301317929
"alpha_intercept[91]",0.56121509668,0.561202655,0.0395570210600198,0.0402043239569999,0.4971307825,0.6256118455,1.0007080935226,2447.26176820797,1652.05573398741
"alpha_intercept[92]",0.552209854395,0.550953405,0.0395425046957315,0.038952460995,0.489508245,0.61769882,0.999907343729938,2883.57764497437,1739.26764508634
"alpha_intercept[93]",0.60454229156,0.604328635,0.0399449477307226,0.039938753232,0.538206064,0.672561842,1.0005221987836,2238.43281138117,1291.37742181101
"alpha_intercept[94]",0.57718362204,0.57825218,0.0376202380254176,0.037614273648,0.515082308,0.639311502,0.999361167174394,2748.73224435052,1523.76842190481
"alpha_intercept[95]",0.573592315465,0.573520105,0.0396524799679777,0.039567043173,0.508945522,0.6401887795,1.00078669051002,2191.40444236437,1379.68951646628
"alpha_intercept[96]",0.62152236031,0.62079694,0.0366764171994982,0.037021737732,0.561709564,0.681876555,0.999565381836832,2929.53581052983,1960.46172811327
"alpha_intercept[97]",0.68077335429,0.681491505,0.0373697776297017,0.037321111737,0.620058803,0.744034839,1.0019687138968,3020.23749526394,1626.17397366329
"alpha_intercept[98]",0.61796620881,0.61715199,0.0398169391043905,0.040517241513,0.554582541,0.684903306,1.00387095468596,2989.48957692391,1627.9262227718
"alpha_intercept[99]",0.48744673511,0.487771215,0.0399894703377122,0.038544330867,0.419321439,0.5516028115,0.999765937882638,2470.53477098466,1718.85086209211
"alpha_intercept[100]",0.570667147235,0.57166127,0.0406003606532184,0.041348364834,0.5038706345,0.6377983985,1.00220924078878,2568.2560218228,1531.11869908997
"tau_intercept_raw[1]",0.2654734843214,0.261768255,0.118021120308781,0.104155919133,0.08479545965,0.452410827,0.999660462529345,1400.59207770544,1418.25679634281
"tau_intercept_raw[2]",0.262190729938765,0.26253581,0.114247467270252,0.103091130639,0.0813136311,0.434805337,0.999843889579484,1695.61212132182,1497.47065247673
"tau_intercept_raw[3]",0.26560966247705,0.260173985,0.112100182194058,0.106324273524,0.08738518405,0.4474320095,0.99981933980982,1690.86711602381,1544.42549955832
"tau_intercept_raw[4]",0.24996004515742,0.250333345,0.109110630962764,0.102201311184,0.073970605,0.420197399,0.999530016898883,1624.92713323078,1515.20834928844
"tau_intercept_raw[5]",0.2653084632165,0.26070873,0.118046831396419,0.110432076279,0.0868571692,0.451514333,0.999481164358504,1608.46904210712,1637.41817593776
"tau_intercept_raw[6]",0.2626144022074,0.260713925,0.114002825188921,0.105987708498,0.0808390274,0.4445299895,1.00110484898565,1425.29989858446,1347.45927122447
"tau_intercept_raw[7]",0.261888242101524,0.26162124,0.111404828933498,0.106132780908,0.0827233874,0.439734674,0.999494718235155,1666.36718678309,1418.48888296949
"tau_intercept_raw[8]",0.2646785177564,0.261811645,0.114276560596876,0.104538948843,0.08534376955,0.4505427415,1.00216942484368,1535.92048495327,1666.34414334492
"tau_intercept_raw[9]",0.252272128290637,0.25194562,0.110252718804344,0.102433834755,0.07294332295,0.428420927,1.0006362848288,1542.8836862688,1152.71369144835
"tau_intercept_raw[10]",0.25881776320921,0.259102845,0.113280707170168,0.101211949965,0.07403965485,0.4401615965,1.00016482061256,1658.13328536758,1387.08759031772
"tau_intercept_raw[11]",0.257823808119354,0.2593986,0.106606222825329,0.101372345046,0.0806886366,0.4213435865,0.999639265755422,1518.12698820114,1347.34576443544
"tau_intercept_raw[12]",0.254288609133964,0.25541783,0.111548465048633,0.107795894871,0.073928714,0.4276705495,0.999447412821332,1619.89714546189,1600.74353649808
"tau_intercept_raw[13]",0.257827656069585,0.25752289,0.109086040171385,0.101806517043,0.0830900943,0.428113785,1.00320989560621,1531.10783897618,1368.90547337953
"tau_intercept_raw[14]",0.25906628095838,0.257097425,0.114393712768988,0.104545842933,0.0790196979,0.439344949,0.999806072002818,1760.21141750921,1642.5493176642
"tau_intercept_raw[15]",0.2657194400776,0.261561155,0.110954391727082,0.101079939261,0.09344356035,0.44887065,0.999948168422228,1642.374156957,1066.79841994017
"tau_intercept_raw[16]",0.259286261432415,0.258364075,0.114049592914231,0.104599928181,0.0758551501,0.4410182845,0.999248044909411,1560.09089872494,1434.78307875011
"tau_intercept_raw[17]",0.2609350831107,0.259639225,0.112981572000825,0.10576067796,0.08181143735,0.4390886465,1.00102691476391,1411.73714139697,1428.205126929
"tau_intercept_raw[18]",0.26255917565545,0.25951139,0.112677962639132,0.105078600417,0.0801534627,0.448863886,0.999510598920097,1487.39317328166,1698.18281280598
"tau_intercept_raw[19]",0.26351125042345,0.262557985,0.113936669085222,0.106327246137,0.0886405578,0.4478542745,0.999944412297912,1709.29813561877,1793.59189967665
"tau_intercept_raw[20]",0.266550754080105,0.26405296,0.110732123519774,0.10564777797,0.08515116325,0.4471289185,0.9995333473808,1586.02213453473,1485.00147866633
"tau_intercept_raw[21]",0.2644702133636,0.261220295,0.115211974185,0.106740165063,0.08596930915,0.4489914105,1.00023547424227,1619.82318358575,1593.69634207078
"tau_intercept_raw[22]",0.24446224226765,0.24888541,0.112558668459962,0.101562792429,0.0563049095,0.4172076755,0.99962079440665,1605.71933657034,1529.12925760011
"tau_intercept_raw[23]",0.25943417551705,0.257293225,0.114317059279016,0.103104436974,0.08096767475,0.445386486,1.00015482520659,1671.25595249566,1705.44816079207
"tau_intercept_raw[24]",0.26342763479245,0.257037795,0.112812936631217,0.103966487331,0.0878413824,0.443458481,1.00022754092578,1515.14497321354,1208.61392461403
"tau_intercept_raw[25]",0.2660051614637,0.26109035,0.114801139613417,0.104793414894,0.09237170665,0.447521653,0.999462241839083,1652.82899747525,1509.99839265007
"tau_intercept_raw[26]",0.246139095794415,0.24880118,0.11298833083491,0.10250058882,0.05419103625,0.4256552675,0.999156980762463,1616.14334340077,1461.31153696744
"tau_intercept_raw[27]",0.235498101754135,0.23955667,0.114027447597852,0.106373392062,0.0450843354,0.409006586,1.00016657519637,1484.2559349037,1403.68455811107
"tau_intercept_raw[28]",0.2463117777046,0.247213745,0.111937416173626,0.101690296029,0.06353149375,0.41782528,0.999757007822493,1655.0968004373,1344.513333548
"tau_intercept_raw[29]",0.245738039904427,0.24687424,0.111837676052547,0.106380174957,0.0595698805,0.4216054665,0.999938374936908,1639.8775671198,1642.56781802745
"tau_intercept_raw[30]",0.25516407107392,0.25664505,0.113035383799019,0.104341599957,0.07547357845,0.4354680685,1.00000916692575,1733.93610538588,1424.99381927447
"tau_intercept_raw[31]",0.258558454757,0.257357945,0.113164020312422,0.103025288373,0.0781381082,0.43621834,1.00003524284692,1671.89836019339,1426.37543422214
"tau_intercept_raw[32]",0.2583918048956,0.256793965,0.112200167721775,0.107060851443,0.0784740117,0.4412884915,0.999213949294987,1670.38110946695,1446.21401479322
"tau_intercept_raw[33]",0.2671621066334,0.26504002,0.11563426945421,0.105287402388,0.09319701175,0.449256075,1.00089927017325,1532.6212265309,1592.21875462344
"tau_intercept_raw[34]",0.25072365443553,0.252410485,0.108930421836199,0.102507586692,0.0705164383,0.41866318,0.999674099036808,1575.20626282673,1447.22178121621
"tau_intercept_raw[35]",0.26549671490395,0.262526415,0.109424798362162,0.104978539743,0.08754457225,0.441285313,1.00156644614398,1293.8162570307,1422.76220497284
"tau_intercept_raw[36]",0.270211304348135,0.263908175,0.117257280363229,0.108128234487,0.0905613623,0.4612370435,0.999584953713198,1807.8706710396,1698.29989164388
"tau_intercept_raw[37]",0.25516269205164,0.256604465,0.112251785748092,0.1027604886,0.0781800871,0.4294620435,0.99970213586907,1527.94774317009,1321.50193000869
"tau_intercept_raw[38]",0.25201190841765,0.253310615,0.107370259990368,0.103272015252,0.0792961714,0.4211628305,0.999811898874449,1652.06206008681,1661.42260254305
"tau_intercept_raw[39]",0.2547045147337,0.25647099,0.110906519425658,0.108391077228,0.0753566604,0.426729856,0.999599002126379,1580.99346501152,1398.82851706656
"tau_intercept_raw[40]",0.261853712719215,0.262031525,0.110856608513935,0.104820435279,0.0853049825,0.444047191,0.999796649653413,1661.51797665163,1501.40146192693
"tau_intercept_raw[41]",0.26333009494415,0.26181935,0.115117775195604,0.102062732562,0.0839816782,0.438220674,1.0012769867901,1460.90217914974,1411.30315790952
"tau_intercept_raw[42]",0.25315819032604,0.25376998,0.111502824596294,0.103596815847,0.06890992005,0.430337409,0.999910350513653,1571.94660600293,1385.14417797234
"tau_intercept_raw[43]",0.26477760842075,0.25951487,0.110910766970218,0.09924124098,0.0850960303,0.447158041,0.999976095730228,1616.72539090808,1668.14254585864
"tau_intercept_raw[44]",0.26389157403559,0.258510615,0.110440566769103,0.102174127713,0.0908955425,0.442649849,1.00063863198199,1459.24949460806,1704.12523556783
"tau_intercept_raw[45]",0.261577409327785,0.260628945,0.115270736638525,0.105121536513,0.0818309471,0.4430379965,1.00047882612049,1734.82668439453,1580.43177409986
"tau_intercept_raw[46]",0.25743666782481,0.25545156,0.1124277877055,0.104421134034,0.0793191454,0.43884365,0.999904985094291,1657.02150118626,1482.16143590144
"tau_intercept_raw[47]",0.25768057950154,0.25790003,0.112550008407304,0.105301954107,0.0821045732,0.4343113765,0.999618180423575,1720.84527310671,1734.28049500819
"tau_intercept_raw[48]",0.24843598299893,0.251166445,0.115321675963321,0.1049502888,0.05782882225,0.432293837,0.999584584258951,1520.97396260605,1510.99163691085
"tau_intercept_raw[49]",0.25410675403587,0.25278154,0.111966981192774,0.102303143565,0.0729568138,0.431339316,0.999563638567075,1621.60688001538,1673.28169072325
"tau_intercept_raw[50]",0.259090725636145,0.25808852,0.110807940430701,0.102902136204,0.0798581048,0.435938607,1.00058201962297,1400.5878870028,1526.81524928495
"tau_intercept_raw[51]",0.2552995535333,0.25539169,0.11027126037497,0.104251220661,0.07821931115,0.428378879,1.00054220543266,1737.22029184506,1471.50182041925
"tau_intercept_raw[52]",0.25680808889095,0.257155755,0.112796121320387,0.102656914164,0.0774530764,0.4346897845,1.00037104142627,1694.02970708155,1512.68289666471
"tau_intercept_raw[53]",0.2632964296531,0.26086905,0.113382216425385,0.101560309074,0.0870381408,0.4408037715,0.999609548088959,1511.43276117325,1420.14060690455
"tau_intercept_raw[54]",0.24813162586815,0.249960715,0.112867431508692,0.101006001999,0.06369567365,0.414167971,0.999823337278212,1643.76109043682,1367.51555095636
"tau_intercept_raw[55]",0.254351321579185,0.25400279,0.108987674426568,0.103288820523,0.0762677677,0.429744307,1.00001229209354,1539.86183592843,1504.75335335759
"tau_intercept_raw[56]",0.25998970068091,0.257982485,0.111246760476734,0.101719829421,0.0787937194,0.4439847525,1.00094054808231,1541.25012708466,1608.55597244645
"tau_intercept_raw[57]",0.25761793742575,0.25723161,0.113069164533448,0.106535521785,0.0720035585,0.4334366945,0.99970578271856,1559.78771185615,1312.39507554976
"tau_intercept_raw[58]",0.25899692285185,0.25601298,0.115792914025889,0.109053028476,0.0767021348,0.446124683,1.00116735993535,1294.74826807936,1331.41910287203
"tau_intercept_raw[59]",0.25407215133114,0.252300525,0.109906124621014,0.100854635952,0.07762405245,0.4329996945,1.00095142851162,1614.49131649067,1408.72320639777
"tau_intercept_raw[60]",0.26513217467902,0.261703695,0.113145173990968,0.10404493911,0.08914325065,0.445939874,1.00043672635019,1491.71268378662,1583.28377324395
"tau_intercept_raw[61]",0.2662052692964,0.262033925,0.11357018088466,0.102322965927,0.0855027683,0.448890371,1.00032157808366,1536.66989883252,1665.82621919491
"tau_intercept_raw[62]",0.26009498499185,0.25733029,0.111631160977169,0.104041062111,0.08450557035,0.445086637,1.00014985799353,1534.14583772973,1394.73567024678
"tau_intercept_raw[63]",0.2546613246441,0.25579069,0.1116583145489,0.105366224817,0.07144919415,0.4354676635,0.999410838441018,1691.12761260462,1672.07431218384
"tau_intercept_raw[64]",0.24951888954532,0.251694205,0.112424278949615,0.101030976396,0.06468597275,0.4205755095,0.999904059747154,1631.79195561285,1471.19209204884
"tau_intercept_raw[65]",0.26237346013515,0.257667795,0.11461923862686,0.105046494714,0.0836987038,0.450833003,0.999309600456,1592.79348507859,1713.59640267463
"tau_intercept_raw[66]",0.265291542906045,0.25992268,0.114450812407737,0.104032670595,0.0877204504,0.45588973,0.999708220983226,1470.07681262505,1486.63816864078
"tau_intercept_raw[67]",0.265856035927105,0.265035965,0.110870368424725,0.103544346633,0.09098962725,0.449864641,0.999905377004318,1662.42415787264,1637.2341514443
"tau_intercept_raw[68]",0.25958035091685,0.256671625,0.10958717635579,0.102181155237,0.08032982835,0.4388537765,1.00040088897864,1525.36169306362,1370.47314554927
"tau_intercept_raw[69]",0.24481958054621,0.248234465,0.111668482232515,0.103228389747,0.05774094025,0.416637879,1.00144840433601,1528.60132311137,1359.20203600329
"tau_intercept_raw[70]",0.26962933349565,0.26465672,0.114966469646965,0.103764994578,0.09361440675,0.460993533,0.999314777452722,1363.34224678384,1361.67616815384
"tau_intercept_raw[71]",0.25767717012397,0.25674282,0.110519412265482,0.104892282075,0.07829525685,0.4331975865,1.00047939642263,1686.74904566954,1782.25112608212
"tau_intercept_raw[72]",0.26296365133124,0.262307465,0.110483117358818,0.101600583903,0.0916571272,0.4407034095,0.999726354363226,1585.19781817156,1391.91112651951
"tau_intercept_raw[73]",0.257417463913285,0.255907895,0.108501820699348,0.102446014314,0.08726083105,0.433858499,0.999974433869296,1603.69561335319,1492.85965251191
"tau_intercept_raw[74]",0.254201252710205,0.255508855,0.114651434595172,0.10628974377,0.0664058731,0.431341592,0.99966667971625,1849.37185001405,1787.78143560311
"tau_intercept_raw[75]",0.25811587541924,0.256844125,0.111039100146254,0.101433613491,0.08416644015,0.4342802015,0.999671292938386,1599.08701397159,1550.52396031299
"tau_intercept_raw[76]",0.2517568061765,0.25326987,0.114187156905115,0.102581716692,0.0642526931,0.4285191655,1.00090320499598,1710.07537086877,1256.29488669167
"tau_intercept_raw[77]",0.2575795127552,0.25512657,0.108995543074236,0.103561033296,0.08550451085,0.4253543305,1.00067965777804,1657.62337769094,1426.9987963264
"tau_intercept_raw[78]",0.26082791017195,0.25945071,0.111023471100614,0.106651483344,0.08300318675,0.4376019355,0.999690481298371,1565.10904146618,1570.21426573264
"tau_intercept_raw[79]",0.261132433291439,0.259904135,0.111878200663893,0.104023107825,0.08231377305,0.449245285,1.00037535108893,1627.24612499919,1643.65865819981
"tau_intercept_raw[80]",0.259113780556595,0.25669424,0.112274835820207,0.104180878704,0.0817243312,0.438576476,0.999372618249707,1595.0357958802,1654.7327158986
"tau_intercept_raw[81]",0.26161939278525,0.258304065,0.114111714693037,0.106819832574,0.08478347845,0.4529670335,0.99988454721731,1715.95578840153,1559.05827095485
"tau_intercept_raw[82]",0.25417005740347,0.25386837,0.110308763864126,0.103410230637,0.07378040475,0.427179818,0.999734261520161,1697.98487975488,1584.48774237521
"tau_intercept_raw[83]",0.25894337205577,0.255821625,0.107227652862544,0.104105369886,0.08737597515,0.4315589455,1.00004954171013,1504.43371796084,1557.07845492982
"tau_intercept_raw[84]",0.257503975810065,0.25373115,0.113921621877984,0.106552712532,0.0786687743,0.438064097,1.00052528044941,1661.79364570285,1499.3276597677
"tau_intercept_raw[85]",0.2628677387317,0.26145805,0.112952277297865,0.105250114998,0.08797695625,0.442996134,0.999689036767526,1596.97702899504,1407.49500031107
"tau_intercept_raw[86]",0.2660224631755,0.26103456,0.109907683927335,0.102182667489,0.09078965285,0.4481621615,0.999966024304662,1616.09849333617,1687.12280965296
"tau_intercept_raw[87]",0.245168255413985,0.24377125,0.115722618715316,0.107549420034,0.0600412025,0.415801013,1.00061935207015,1633.28402554266,1660.66662817406
"tau_intercept_raw[88]",0.2641318143279,0.26369884,0.115047090424359,0.103746069189,0.077110878,0.450790861,1.00007215874537,1701.88043391404,1437.9120429667
"tau_intercept_raw[89]",0.2550561477231,0.252819535,0.111749813934334,0.102621954456,0.07488589325,0.4294139715,0.999817638296737,1604.09614893075,1440.39021741115
"tau_intercept_raw[90]",0.27004770709956,0.26219059,0.116483701687229,0.108978453696,0.0956093958,0.4597698885,0.999597422570176,1559.40855651255,1496.67595391254
"tau_intercept_raw[91]",0.25873313867563,0.26039215,0.110116568458544,0.104605013499,0.0809236825,0.43615083,1.00017279390789,1570.36439294223,1608.39259164133
"tau_intercept_raw[92]",0.262384541657735,0.25854598,0.110577374451504,0.101488610538,0.08755661325,0.4400850945,0.99950131815258,1738.09143608203,1623.68705825063
"tau_intercept_raw[93]",0.26795361139095,0.266737395,0.111818331218338,0.103903172898,0.08746071585,0.446884433,1.00043087133427,1535.021812927,1562.89130831943
"tau_intercept_raw[94]",0.2586974629856,0.255049885,0.109354666196959,0.10183801488,0.08643179755,0.427341839,0.999958975898511,1637.55604248466,1687.4079763872
"tau_intercept_raw[95]",0.2630765779648,0.26335265,0.112271077641718,0.106361197677,0.08442000145,0.440663172,1.00121798728071,1649.81521606952,1587.6669534336
"tau_intercept_raw[96]",0.258991330504185,0.259675955,0.110552922273318,0.103250309988,0.08364336555,0.431753439,1.00086218421726,1555.02707092079,1439.57927830972
"tau_intercept_raw[97]",0.2634245292111,0.260398305,0.110625139896484,0.102668886159,0.08870938185,0.439113932,1.00047901988035,1536.43546404445,1640.11599453324
"tau_intercept_raw[98]",0.26261578524665,0.258383675,0.105202879244223,0.100994623044,0.09462169495,0.4380964615,1.00020034380356,1656.88284352816,1453.45453373296
"tau_intercept_raw[99]",0.250073617693165,0.250752975,0.11373254084117,0.103447236333,0.0707299571,0.4253230265,1.00030169721206,1692.08595189699,1587.89115753152
"tau_intercept_raw[100]",0.245593262092294,0.248431255,0.11075968886065,0.102590530749,0.06061131095,0.4130976525,1.00061921669988,1611.16209086663,1660.9427547481
"t0[1]",0.056574359293,0.056507092,0.00287202227864955,0.0025548207678,0.05211861695,0.0611212272,0.999661530778249,1400.59207770544,1418.25679634281
"t0[2]",0.0564963586915,0.056525955,0.0027916679529745,0.0025359887826,0.0520317215,0.0607020546,0.999849011281861,1695.61212132182,1497.47065247673
"t0[3]",0.0565804319805,0.056467906,0.00273672378364696,0.0026069845662,0.05218324005,0.06100284975,0.999819355533685,1690.86942382274,1544.42549955832
"t0[4]",0.056199028947,0.0562258545,0.00267918960544589,0.0025216757622,0.05184842265,0.06035304835,0.999530016898883,1624.92713323078,1515.20834928844
"t0[5]",0.056570617626,0.0564810505,0.00287911804352791,0.00271137962129999,0.05217006495,0.0610999221,0.999481164358504,1608.46904210712,1637.41817593776
"t0[6]",0.0565062827205,0.056481178,0.00278179490058235,0.0025997190849,0.05201987615,0.0609337903,1.00112052986795,1425.29989858446,1347.45927122447
"t0[7]",0.0564900198665,0.0565034785,0.00272573153232401,0.00260888970720001,0.0520669057,0.0608195807,0.999494718235155,1666.36718678309,1418.48888296949
"t0[8]",0.056556752563,0.0565081585,0.00278714633379903,0.0025735467471,0.0521323006,0.061076827,1.00215957176304,1535.92048495327,1666.34414334492
"t0[9]",0.0562550936275,0.056265533,0.00270443147564673,0.0025191108642,0.0518227747,0.06054965405,1.00063045161319,1542.8836862688,1152.71369144835
"t0[10]",0.0564146686415,0.056441574,0.00277502654044586,0.0024864210168,0.051850146,0.0608297533,1.00016482061256,1658.13328536758,1387.08759031772
"t0[11]",0.0563924152385,0.056448845,0.00261275721371784,0.0024948355131,0.0520161219,0.06038047175,0.999629065937064,1518.12698820114,1347.34576443544
"t0[12]",0.0563042884365,0.056350956,0.00273637021371094,0.0026472645843,0.05184737665,0.06053172805,0.999447412821332,1619.89714546189,1600.74353649808
"t0[13]",0.0563917947695,0.056402727,0.00267437650079737,0.00250346498639999,0.0520760578,0.0605423171,1.00316913033934,1531.10783897618,1368.90547337953
"t0[14]",0.056419736563,0.056392264,0.00279732348485004,0.00257060007960001,0.05197446535,0.06081029285,0.999806072002818,1760.21141750921,1642.5493176642
"t0[15]",0.0565836633105,0.056502002,0.00270993165837982,0.00247803098339999,0.0523343907,0.06103706825,0.999948168422228,1642.374156957,1066.79841994017
"t0[16]",0.0564261895575,0.05642341,0.00279549446763944,0.0025630024959,0.0518954696,0.0608501637,0.999248044909411,1560.09089872494,1434.78307875011
"t0[17]",0.0564658134045,0.05645476,0.00276084021004592,0.0026013373428,0.0520441456,0.06080418505,1.00102416358391,1411.73714139697,1428.205126929
"t0[18]",0.056505710321,0.056451618,0.00275382651235126,0.0025787121255,0.05200276435,0.06103690765,0.999510598920097,1487.39317328166,1698.18281280598
"t0[19]",0.0565289200905,0.0565265,0.00278478627986344,0.0026146125432,0.05221456445,0.06101289405,0.999961506374332,1709.29813561877,1793.59189967665
"t0[20]",0.0566041998325,0.0565632335,0.00270541067740758,0.00258664403549999,0.052127494,0.06099563945,0.9995333473808,1586.02213453473,1485.00147866633
"t0[21]",0.056551444064,0.0564936245,0.00281208280516337,0.0026144820744,0.0521479103,0.0610399402,1.00023547424227,1619.82318358575,1593.69634207078
"t0[22]",0.0560637436845,0.056190214,0.00276851653221313,0.0024991750833,0.0514072509,0.06028148745,0.99962079440665,1605.71933657034,1529.12925760011
"t0[23]",0.0564283545145,0.0563970785,0.00278689228325518,0.0025364535777,0.052023087,0.06095417725,1.00015482520659,1671.25595249566,1705.44816079207
"t0[24]",0.056526364604,0.0563907975,0.00274941506397538,0.0025545746562,0.05219462345,0.06090828045,1.00022754092578,1515.14497321354,1208.61392461403
"t0[25]",0.0565889928705,0.0564904305,0.00279771728261324,0.0025741264437,0.0523076516,0.06100498255,0.999462241839083,1652.82899747525,1509.99839265007
"t0[26]",0.0561044760595,0.0561881405,0.00277788481820693,0.0025231605861,0.0513544443,0.06048357105,0.999156980762463,1616.14334340077,1461.31153696744
"t0[27]",0.055843258837,0.0559604395,0.00280877440107965,0.0026159832069,0.0511269176,0.0600849655,1.00016300311819,1484.2559349037,1403.68455811107
"t0[28]",0.056109251901,0.056149059,0.00275057948738806,0.0024995190465,0.05158775375,0.0602962739,0.999756715804818,1655.0968004373,1344.513333548
"t0[29]",0.0560948648985,0.0561407,0.00274946634787033,0.0026224858905,0.0514888068,0.0603867364,0.999933017131201,1639.8775671198,1642.56781802745
"t0[30]",0.056325122994,0.056381139,0.00276948995935231,0.0025635725556,0.051885944,0.0607178635,1.00002240976968,1733.93610538588,1424.99381927447
"t0[31]",0.0564080149475,0.0563986705,0.00276850970808426,0.0025325424789,0.05195245895,0.0607357565,1.0000542863998,1671.89836019339,1426.37543422214
"t0[32]",0.0564043799845,0.056384801,0.00274854790177861,0.0026270611941,0.05196084455,0.0608566011,0.999213949294987,1670.38110946695,1446.21401479322
"t0[33]",0.0566172587185,0.056587483,0.00282086119055907,0.0025763562741,0.05232824025,0.06104623475,1.00089927017325,1532.6212265309,1592.21875462344
"t0[34]",0.056218069297,0.0562769715,0.00267601153459338,0.0025171997928,0.05176218115,0.06031633185,0.999674099036808,1575.20626282673,1447.22178121621
"t0[35]",0.0565790814845,0.056525724,0.00267591451392107,0.0025782384348,0.0521872177,0.06085652535,1.00156644614398,1293.8162570307,1422.76220497284
"t0[36]",0.0566903694055,0.0565596765,0.00285134438724173,0.0026554381581,0.0522624884,0.0613307583,0.999584891326249,1807.87558652548,1698.29989164388
"t0[37]",0.056325724225,0.0563801415,0.00275121125790806,0.0025220812533,0.0519535076,0.0605745197,0.99970213586907,1527.94774317009,1321.50193000869
"t0[38]",0.056249934627,0.056299119,0.00263669574604994,0.0025459459242,0.05198136605,0.0603761467,0.999832793594655,1652.06206008681,1661.42260254305
"t0[39]",0.056314594268,0.0563768585,0.00272000968111185,0.0026728742754,0.0518830251,0.06050925175,0.999596497322283,1580.9886294347,1398.82851706656
"t0[40]",0.056489476326,0.056513562,0.00271245639634785,0.002574838833,0.052131332,0.0609222972,0.999790993505823,1661.51903664699,1501.40146192693
"t0[41]",0.056523849332,0.0565083475,0.00280934762263932,0.0024980134662,0.05209830885,0.0607834971,1.00125858099339,1460.90217914974,1411.30315790952
"t0[42]",0.0562766816025,0.05631042,0.00273590130332561,0.0025525093944,0.05172206695,0.060595424,0.999912936813139,1571.95316508542,1385.14417797234
"t0[43]",0.056560664557,0.056451703,0.00270874035953217,0.0024368191512,0.0521261175,0.0609963319,0.999976095730228,1616.72539090808,1668.14254585864
"t0[44]",0.0565391009365,0.056427013,0.00269857492495516,0.0025160478126,0.05227082575,0.06088902525,1.00064659934807,1459.24949460806,1704.12523556783
"t0[45]",0.0564812984745,0.056479089,0.00281952182906594,0.00258228519150001,0.05204463265,0.06089826845,1.00047985730591,1734.82668439453,1580.43177409986
"t0[46]",0.056380780322,0.0563517855,0.00275260421359844,0.0025639009515,0.0519819397,0.0607983459,0.999899728206754,1657.02150118626,1482.16143590144
"t0[47]",0.056386953997,0.0564120005,0.0027567182874504,0.00258588790949999,0.05205146235,0.06069027175,0.999631323658673,1720.84527310671,1734.28049500819
"t0[48]",0.0561600481295,0.056246358,0.00283319780115764,0.0025723866126,0.05144531825,0.0606421275,0.999592042530958,1520.9710169577,1510.99163691085
"t0[49]",0.0562996216825,0.0562861015,0.00274455257410451,0.0025202947203,0.0518231115,0.0606193435,0.999576135707082,1621.60688001538,1673.28169072325
"t0[50]",0.0564220185865,0.056416635,0.00271448763608763,0.0025224889683,0.05199539235,0.06072908575,1.00058256104369,1400.5878870028,1526.81524928495
"t0[51]",0.05632928443,0.056350313,0.00270325753432108,0.002563052163,0.05195448645,0.0605486496,1.00056789657971,1737.22029184506,1471.50182041925
"t0[52]",0.0563652748275,0.056393699,0.00276216997813574,0.0025298041167,0.0519353597,0.0606992991,1.00037103709514,1694.02685511866,1512.68289666471
"t0[53]",0.056524161423,0.056484991,0.00277044761154521,0.0024939511422,0.05217458065,0.06084505345,0.999623706980392,1511.43276117325,1420.14060690455
"t0[54]",0.0561534231835,0.056216683,0.00277025292314057,0.002479077699,0.051591854,0.0602086852,0.999823337278212,1643.76109043682,1367.51555095636
"t0[55]",0.0563062940295,0.0563161475,0.002672058513141,0.0025414388202,0.05190577085,0.0605812608,1.00001229209354,1539.86183592843,1504.75335335759
"t0[56]",0.0564438942605,0.0564140275,0.00272496646880764,0.0024922446696,0.05196882425,0.06092081075,1.0009029369035,1541.25012708466,1608.55597244645
"t0[57]",0.0563852171925,0.056395564,0.00277139287039167,0.0026191404036,0.0517993115,0.06066940155,0.99970578271856,1559.78771185615,1312.39507554976
"t0[58]",0.056417552532,0.056365594,0.00283085318525172,0.00269053945439999,0.05191661385,0.06097174455,1.00119102883431,1294.74834250947,1331.41910287203
"t0[59]",0.0562994407535,0.056274266,0.00269549045288474,0.00247885160250001,0.051939627,0.0606589743,1.00091629515621,1614.49131649067,1408.72320639777
"t0[60]",0.056568288709,0.056505505,0.00276007702310535,0.0025603182486,0.05222710675,0.0609673472,1.0004253670646,1491.71268378662,1583.28377324395
"t0[61]",0.056594470368,0.056513621,0.00277154079238101,0.0025068697773,0.05213626835,0.06103753785,1.00032153335036,1536.66866284735,1665.82621919491
"t0[62]",0.056445979309,0.0563979905,0.00273104782200298,0.00256485352199999,0.05211138335,0.06094704015,1.00014985799353,1534.14583772973,1394.73567024678
"t0[63]",0.0563132315725,0.056360127,0.00273883338459977,0.0025988132163,0.0517854701,0.06071785355,0.999415650297194,1691.12761260462,1672.07431218384
"t0[64]",0.056187453145,0.056259346,0.0027606338047015,0.0024816033081,0.05161658545,0.06036209615,0.999904059747154,1631.79195561285,1471.19209204884
"t0[65]",0.0565005871025,0.05640629,0.00279956375756869,0.0025807966611,0.05209124655,0.0610837269,0.999307862308174,1592.79348507859,1713.59640267463
"t0[66]",0.056571735282,0.0564617285,0.00279315326072828,0.0025478458761,0.05219160625,0.0612038656,0.999708220983226,1470.07681262505,1486.63816864078
"t0[67]",0.056586913363,0.056587384,0.00270696418980226,0.00254389252320001,0.05227317215,0.0610607044,0.999905377006961,1662.42808373869,1637.2341514443
"t0[68]",0.0564342161745,0.056381793,0.00268366026978023,0.0025136341398,0.0520071666,0.06079858715,1.00040088897864,1525.36169306362,1370.47314554927
"t0[69]",0.0560725320415,0.0561741895,0.00274662258690333,0.002542999998,0.0514431223,0.06026784495,1.00145096636111,1528.60132311137,1359.20203600329
"t0[70]",0.056677384818,0.056578067,0.00280049092569278,0.00255467102519999,0.0523386528,0.06132498385,0.999314777452722,1363.34224678384,1361.67616815384
"t0[71]",0.0563873721915,0.056383544,0.00270768727936497,0.0025822681416,0.0519563823,0.0606636967,1.00049129252166,1686.74904566954,1782.25112608212
"t0[72]",0.0565163577525,0.0565203435,0.00269822079922414,0.0024888280179,0.05228982565,0.06084266275,0.999726354363226,1585.19781817156,1391.91112651951
"t0[73]",0.0563817714095,0.05636301,0.00265922345788059,0.0025196801826,0.05218013725,0.0606794665,0.999971392351025,1603.69561335319,1492.85965251191
"t0[74]",0.0563009495515,0.056353195,0.00281089839222429,0.00260809058580001,0.0516595373,0.0606193978,0.99966667971625,1849.37185001405,1787.78143560311
"t0[75]",0.05639819699,0.056386035,0.00271987465947073,0.0024986524668,0.0521029192,0.060689528,0.999690896669755,1599.08701397159,1550.52396031299
"t0[76]",0.056241853821,0.0562981165,0.00280355647874157,0.0025204429803,0.0516057651,0.06055200075,1.00088496919107,1710.07537086877,1256.29488669167
"t0[77]",0.0563856332775,0.056343792,0.00267016498162802,0.0025407938892,0.05213631115,0.06047637835,1.00069942070969,1657.62337769094,1426.9987963264
"t0[78]",0.056464205935,0.056450126,0.00271738851755288,0.0026174873046,0.0520738892,0.06076874715,0.999685327011578,1565.10904146618,1570.21426573264
"t0[79]",0.056471312012,0.0564612725,0.00273765240810988,0.0025614561441,0.052056683,0.06104597755,1.00040499956955,1627.24612499919,1643.65865819981
"t0[80]",0.0564216423255,0.056382349,0.002745780539299,0.0025574798109,0.05204197185,0.0607919785,0.999372618249707,1595.0357958802,1654.7327158986
"t0[81]",0.0564824977135,0.056421935,0.00279127552458224,0.0026217898098,0.05211831775,0.0611344434,0.999890734652507,1715.95578840153,1559.05827095485
"t0[82]",0.05630154492,0.0563128405,0.00270431572391977,0.0025491757683,0.05184367355,0.060520003,0.999740453543479,1697.97949715266,1584.48774237521
"t0[83]",0.056419418304,0.056360888,0.00262703038224749,0.00256008251520001,0.052183011,0.0606245865,1.00004954171013,1504.43371796084,1557.07845492982
"t0[84]",0.056381747647,0.056309465,0.00278698579311468,0.0026151863094,0.0519657056,0.0607797646,1.00052528044941,1661.79364570285,1499.3276597677
"t0[85]",0.056513318608,0.056499468,0.00276015047152866,0.00258830677140001,0.0521980059,0.06089727225,0.999700126804044,1596.97702899504,1407.49500031107
"t0[86]",0.056591485311,0.056489059,0.00268537914726442,0.0025162620483,0.05226818335,0.06102021775,0.999980575950264,1616.09849333617,1687.12280965296
"t0[87]",0.056080039617,0.0560642805,0.00284235480388695,0.0026426952111,0.05150057915,0.06024780375,1.00059443392549,1633.28402554266,1660.66662817406
"t0[88]",0.05654289562,0.056554533,0.0028053944179943,0.0025533144462,0.0519268172,0.06108272475,1.00007212094463,1701.87790113269,1437.9120429667
"t0[89]",0.056322603022,0.0562870365,0.00273722234078353,0.0025293022566,0.05187127325,0.0605733721,0.999839059504671,1604.09614893075,1440.39021741115
"t0[90]",0.0566867374355,0.056517471,0.00283347018218893,0.0026795215125,0.0523884154,0.0612959585,0.999600141798578,1559.40855651255,1496.67595391254
"t0[91]",0.0564132840885,0.056473269,0.00269671373101568,0.00257639556300001,0.0520219889,0.0607341464,1.00017279390789,1570.36439294223,1608.39259164133
"t0[92]",0.056502062417,0.056427883,0.00270103481848226,0.0024931364535,0.05218751765,0.0608279307,0.99950131815258,1738.09143608203,1623.68705825063
"t0[93]",0.056638201585,0.0566291765,0.00273101334080917,0.0025576718076,0.0521851252,0.0609898227,1.00042976614567,1535.021812927,1562.89130831943
"t0[94]",0.056412742659,0.0563419055,0.00267750122232767,0.0025055828805,0.05215945055,0.06052387475,0.999954526368052,1637.55604248466,1687.4079763872
"t0[95]",0.0565191080605,0.0565460265,0.00274775328475373,0.0026095516881,0.05210924765,0.06084170435,1.00123285481776,1649.81521606952,1587.6669534336
"t0[96]",0.0564198967705,0.056455663,0.00271047254842276,0.00253365220499999,0.0520898656,0.06062922955,1.00085897495065,1555.02707092079,1439.57927830972
"t0[97]",0.056528005453,0.05647342,0.00270634427436494,0.0025238640798,0.0522162815,0.06080478805,1.00048089760973,1536.43546404445,1640.11599453324
"t0[98]",0.0565099417005,0.0564238925,0.00257478719071264,0.0024847545744,0.0523637791,0.06078053645,1.00020034380356,1656.88284352816,1453.45453373296
"t0[99]",0.056200967823,0.0562361825,0.0027938263912919,0.002540924358,0.05176751255,0.06047563025,1.00030169721206,1692.08595189699,1587.89115753152
"t0[100]",0.05609172925,0.056179034,0.00272346537157909,0.002527647675,0.0515148194,0.06018304075,1.00060917797685,1611.16209086663,1660.9427547481
"sv[1]",0.487641563275,0.475723855,0.1462144012441,0.131474062104,0.27355897,0.742601302,1.00076640112965,1849.86951662606,1555.04941220773
"sv[2]",0.5023149271505,0.49268255,0.139631182413874,0.12420748368,0.293044234,0.7535834425,0.999992041171228,2123.56924377711,1606.67575474788
"sv[3]",0.4769687145705,0.469188935,0.137916511148213,0.119005566603,0.2616226895,0.7226750005,0.999497159759739,2052.82837222133,1441.08447994096
"sv[4]",0.505585097164,0.491623585,0.147796069104524,0.126343361718,0.2873390685,0.7626149495,0.999989012701478,2010.64498515338,1361.0521747685
"sv[5]",0.474470271467,0.472209585,0.128494610228703,0.122060775249,0.266725839,0.686744842,1.00115950831226,2331.00455537053,1466.31023446462
"sv[6]",0.54279642921,0.520141725,0.155738076876007,0.14203330239,0.318480712,0.816537718,0.999743669325807,1708.41187541529,1478.08779054906
"sv[7]",0.5081176416885,0.492019885,0.157805958776449,0.135887169264,0.2781552685,0.7934727685,1.00016593782662,1793.09711678017,1438.90069999076
"sv[8]",0.497533484695,0.485767725,0.147281294146209,0.122982181497,0.2865312905,0.753455917,1.00128186553695,1639.10697109369,1389.89709799421
"sv[9]",0.422820119371,0.418389355,0.115933614628303,0.110591033238,0.2338285015,0.6275372385,0.999958850939152,1802.39470334025,1498.11552038092
"sv[10]",0.520918827345,0.50075044,0.154991280227849,0.134730622656,0.299074884,0.807480312,1.00013831193426,2105.60963069707,1461.41206114707
"sv[11]",0.509505190518,0.493783495,0.157755691865093,0.137354231616,0.2811558845,0.780951827,1.00277153332186,2383.61379663182,1347.0479775266
"sv[12]",0.4584391776835,0.452678255,0.125152457347355,0.118345965276,0.266584794,0.674999215,1.00027996443306,1903.04545354508,1438.52104789689
"sv[13]",0.45737925309,0.452243785,0.129921544588446,0.115474606443,0.252894439,0.6756640645,0.999744536486017,2048.0945121357,1486.4639286549
"sv[14]",0.41193658345,0.41018581,0.111465344167787,0.109921898793,0.2323063735,0.596531197,0.999463502141525,1775.20018843934,1480.30666097397
"sv[15]",0.4464586742605,0.443984925,0.126470862213497,0.117385084803,0.2465402875,0.6577986405,1.00051013487455,1658.2132377161,1382.7263024526
"sv[16]",0.4859104698985,0.47995616,0.144571365342489,0.127872530184,0.26993933,0.741804623,0.999467807707299,1714.44506876042,1352.42608735336
"sv[17]",0.46579523426,0.462126865,0.128752650188817,0.118244881608,0.264044066,0.6725588595,1.00070810697249,1607.85820251315,1162.36414779472
"sv[18]",0.610643404345,0.577770455,0.190059153121614,0.167199881415,0.3607358915,0.9792230025,1.0007541552217,1228.93930007996,1654.70253558795
"sv[19]",0.462096589433,0.4583099,0.13089717171801,0.120709785651,0.2557132575,0.690568405,0.999954275042354,2489.37377569707,1313.29140663331
"sv[20]",0.464783557298,0.461533225,0.138321678768017,0.121849134099,0.248497639,0.706330872,1.00081404967112,1941.63556977671,1149.15276226934
"sv[21]",0.4885396149105,0.480544675,0.144179922719638,0.128668545537,0.272077908,0.7282330225,0.999498364667018,1950.49563721389,1335.38691729829
"sv[22]",0.48596895796,0.47537359,0.147893555872709,0.130319302029,0.2717618895,0.7337181175,1.00039407841146,2181.96097076965,1401.03535292386
"sv[23]",0.4413477921,0.43618909,0.123407123510584,0.114587492733,0.2457699085,0.643803198,1.00303671147611,2067.4041956391,1457.32200165578
"sv[24]",0.59873151475,0.567251685,0.18504319513277,0.158302079754,0.3499963455,0.956020077,1.00045075225444,997.517110197623,1558.21182731362
"sv[25]",0.416045927455,0.41567119,0.114926260982856,0.111959517516,0.228610342,0.607657435,1.00214391967923,1290.75547735757,1474.43514633103
"sv[26]",0.4908322941515,0.47747596,0.145947102208263,0.127860350625,0.278134916,0.757473409,1.0000868213916,1590.38395036429,1316.52806745341
"sv[27]",0.4392736818485,0.434372785,0.125918443604949,0.120046262847,0.240501125,0.6432588035,0.999987378665272,1882.31961599321,1311.14572210153
"sv[28]",0.478698476045,0.472847945,0.136186015143977,0.122154505221,0.2691300915,0.7281861785,1.00157943547362,2344.96112827208,1503.00137197441
"sv[29]",0.4198496034045,0.41866944,0.117293712998647,0.112703812368,0.228687604,0.617355933,1.00103091199022,2316.28923700789,1549.42779866338
"sv[30]",0.4620893835995,0.45476097,0.134718928216408,0.123569921202,0.2616186425,0.696592065,1.00030910270216,2232.9214993952,1471.03170049251
"sv[31]",0.48427702327,0.48041124,0.131249382064644,0.122668782096,0.2817320525,0.722503845,1.00036478053318,2124.45224610856,1311.30344531285
"sv[32]",0.4670159566925,0.464365605,0.133873559163993,0.122954901657,0.2555070225,0.6977797845,0.999244688092438,1967.74119244297,1514.84661712372
"sv[33]",0.416119802839,0.415960585,0.111000070466476,0.110521758753,0.2332438605,0.594019363,1.00041604416012,1532.4615251426,1363.01500692709
"sv[34]",0.5423776156215,0.52056916,0.162231012809175,0.14197852032,0.311256382,0.840069011,0.999231686550784,1668.63108052144,1262.71454992245
"sv[35]",0.41656511411,0.415995105,0.115014528179229,0.116247159651,0.233189746,0.59916908,0.999893107555518,1827.2637655451,1618.32389495474
"sv[36]",0.461209826945,0.45430543,0.134378513691185,0.122485028652,0.245862643,0.7006013265,1.00057519710127,2204.6957135421,1436.73161113592
"sv[37]",0.4216526074445,0.423166055,0.120003893830355,0.117195571458,0.2256869615,0.620159259,0.999428375235077,1950.21022093843,1372.23427630668
"sv[38]",0.424426830329,0.423677985,0.120140490162154,0.115289073879,0.23082288,0.6242262865,0.999074442531576,2121.05690788905,1443.75198654852
"sv[39]",0.52269220804,0.502483005,0.160076099525224,0.139225539684,0.2926990275,0.8182648775,0.9995189727397,1770.22715048077,1460.59939050628
"sv[40]",0.423224197428,0.42059739,0.121822517293011,0.114772899276,0.2328039575,0.630608649,0.999729045243819,2104.00499874709,1414.64042833578
"sv[41]",0.64755187365,0.596574225,0.224432483228528,0.188527964562,0.3699183845,1.08211469,1.00071918855398,912.783042588874,1374.36675638771
"sv[42]",0.537183923325,0.507577975,0.168508913936994,0.133263819759,0.3148878765,0.841553354,1.00172999408052,1524.37141194529,1224.36071784886
"sv[43]",0.428525333885,0.43070515,0.113478366866765,0.113911115787,0.23762225,0.6170722855,1.00010807389977,2209.99114505096,1451.64024899294
"sv[44]",0.474892307107,0.46267574,0.143777047398636,0.124125911028,0.2662166055,0.7192259765,0.999983761160937,1713.17609701756,1519.96162773074
"sv[45]",0.414093957954,0.409739535,0.114957096190574,0.117257692398,0.2318444005,0.602648026,0.999755658442188,1606.93977004087,1265.926495157
"sv[46]",0.478146755535,0.4703876,0.135155675782332,0.119631757539,0.269430202,0.704947572,0.999337764655331,1948.49249874673,1181.5805186137
"sv[47]",0.487648599931,0.474334475,0.146793118940257,0.128488854417,0.27635262,0.746504512,0.999867467994101,2004.13917382748,1519.96945277226
"sv[48]",0.435069340968,0.433917695,0.117332871739036,0.114235916382,0.2481218655,0.624552118,0.999689406276688,1795.50803986727,1441.1657497178
"sv[49]",0.4524238772445,0.447080275,0.132247508977234,0.120981412797,0.241407008,0.6760881855,0.999870532291684,1859.77420368828,1253.4809657782
"sv[50]",0.48057293225,0.47448675,0.131065445907433,0.114957364368,0.27788646,0.716735151,0.999973496833692,2299.33188665182,1449.58628850835
"sv[51]",0.47818521176,0.467760165,0.145872359574274,0.130144636923,0.259525387,0.7383161145,1.0022273508118,2242.38134546807,1449.71947883286
"sv[52]",0.4640034653805,0.45705588,0.129002893884622,0.115158264081,0.2643234785,0.68602159,1.00025389080409,2385.74793455057,1661.42260254306
"sv[53]",0.426001929611,0.42440598,0.114642864179115,0.112398671049,0.240280624,0.6128142945,1.00021612364191,2062.75336674219,1409.04043005981
"sv[54]",0.429338852212,0.42782593,0.124009964242591,0.122565022335,0.233439363,0.633329839,0.999490645584084,2330.3513518075,1489.66143089633
"sv[55]",0.418393567105,0.417911055,0.115673367051237,0.115990336266,0.2326832005,0.613656919,1.00008210872828,2106.08097061455,1457.79502892139
"sv[56]",0.439907719535,0.438220225,0.11472466111921,0.114051221487,0.25054028,0.630645998,0.999550458179169,2132.8163454417,1500.63662591858
"sv[57]",0.463878840535,0.4562678,0.124908167447402,0.122493116235,0.2716781885,0.6813638675,1.00010718633951,2437.03346217766,1685.93845841842
"sv[58]",0.440892074395,0.43741099,0.124003079343272,0.117394447422,0.2446985245,0.6524500765,1.00006645788365,2097.15969809457,1549.73387482926
"sv[59]",0.4513098807045,0.452476635,0.122546013145663,0.120565543497,0.247818456,0.6514899545,1.00017630007953,2201.27429347457,1271.44399896528
"sv[60]",0.4368107549535,0.43782937,0.123409985677649,0.11752636917,0.2335017285,0.643225157,0.999580380674196,1751.81646666479,1316.65149032852
"sv[61]",0.54603694748,0.526931255,0.156003246540531,0.139957499304,0.32444276,0.8276023665,0.999202761681093,1727.4935136451,1712.04445153534
"sv[62]",0.504296212807,0.493992585,0.137688919113217,0.122927436492,0.30006264,0.747224587,0.999775335785433,2203.34142010127,1294.12529437184
"sv[63]",0.4183930741,0.42201562,0.110996708472967,0.108663838563,0.2309936825,0.6031888495,1.00117151745749,1525.47805398855,1523.40542886983
"sv[64]",0.4449401382135,0.44420633,0.120668827795894,0.11432143275,0.24198374,0.640706868,1.00097298721039,1993.63493894076,1485.07182906227
"sv[65]",0.515554736445,0.50294285,0.143162902244667,0.127411137651,0.3076603445,0.78094463,1.00046176652697,2200.24536952742,1663.1573125856
"sv[66]",0.54848777375,0.522618795,0.18442692210974,0.148364278671,0.3021163895,0.877692763,1.00077536074309,1580.78468549079,1262.92384741731
"sv[67]",0.4448665696645,0.44272463,0.121060776903083,0.10955250159,0.250039191,0.652101838,1.00002188163783,2273.17364750446,1354.36681660041
"sv[68]",0.401739457583,0.40348327,0.111774810274862,0.114757398693,0.215242215,0.5833258545,0.999569892226137,1804.30467609254,1645.65857220719
"sv[69]",0.49772586724,0.477563065,0.160590702321058,0.129228745947,0.2769017265,0.7739945725,1.00004869860301,1643.95042754477,1380.74792595288
"sv[70]",0.4366139986385,0.432926015,0.122101303002847,0.118711819065,0.2438302855,0.6434755295,1.00650394874235,1986.74641140877,1380.51996167646
"sv[71]",0.447800297097,0.44247469,0.12226852974359,0.114168569277,0.246672636,0.655696503,0.999711433806338,2413.88532206328,1338.78189701281
"sv[72]",0.47600030096,0.47216144,0.135268955503736,0.120386185962,0.262024956,0.7069328955,1.00040991450508,2825.52316402425,1500.32315193396
"sv[73]",0.50541039804,0.49225187,0.154816219084309,0.134556580242,0.2805090775,0.7865779535,1.00155024502517,1839.96742914738,1154.60594960916
"sv[74]",0.4135447819615,0.413747635,0.111865193585355,0.108496949694,0.2299663685,0.601426308,1.0001672392662,1506.06053009404,1380.31175757589
"sv[75]",0.5264973535395,0.5114852,0.156714662950983,0.141305115987,0.29811643,0.8141116405,0.999366380642131,1894.11749141855,1467.44064941234
"sv[76]",0.4199752640815,0.417021955,0.119281401207141,0.115242186654,0.22453309,0.6144787485,0.999849971399266,1596.8139106246,1420.17624583715
"sv[77]",0.553779715835,0.52825794,0.168111838212646,0.148445072958,0.322156501,0.8605359835,1.00022870106378,1569.95213975827,1275.47635842431
"sv[78]",0.451048762958,0.44823174,0.126242119055959,0.116298198156,0.2520428725,0.669348848,0.99923639562197,1732.68985584267,1027.6725280872
"sv[79]",0.54664443748,0.525171285,0.157368714765677,0.140879231724,0.3254488025,0.832071141,1.00026917589568,1718.74704121459,1434.00107835364
"sv[80]",0.528813180319,0.505850445,0.16041196863202,0.132775881273,0.3135590295,0.837293259,1.00366016703679,1514.26443257805,1271.50618196476
"sv[81]",0.483927222826,0.47753775,0.141514135476637,0.130459526337,0.2715316395,0.735461413,1.00073163659525,2410.89134303205,1348.7552464344
"sv[82]",0.4814024234565,0.464842355,0.147397304732221,0.129241481481,0.268577914,0.7401159265,0.999350667853253,2005.80083337698,1453.67599316687
"sv[83]",0.4446493030395,0.44214965,0.128433993247642,0.120180111975,0.24379384,0.660368259,1.00250822039125,1914.96512173,1261.77322091159
"sv[84]",0.488890663504,0.475511355,0.142336931433729,0.12521135214,0.279005589,0.736006455,0.999585625999275,2166.31959492996,1610.20889196378
"sv[85]",0.49288680354,0.476423935,0.158623427527446,0.129436754727,0.2682229975,0.780748215,1.00157290429642,2323.18596315447,1318.18537410797
"sv[86]",0.472983883642,0.471605385,0.134142912939447,0.123034583994,0.2615184555,0.700255708,1.00047803536956,1986.80884936321,1556.1855207603
"sv[87]",0.55594260461,0.524263335,0.177598722808729,0.155793038709,0.316436842,0.8784537185,1.00084390660424,1251.48764698224,1338.91947235933
"sv[88]",0.457275676485,0.455107725,0.124957474318249,0.118868722623,0.260698479,0.6687633225,0.999962316206428,2099.79880800982,1058.32735270436
"sv[89]",0.475179969015,0.46868169,0.137607241930701,0.119469627816,0.252804212,0.711772085,0.999239966158411,1913.0078635655,1118.51002065923
"sv[90]",0.4513556671235,0.44655905,0.131546095531774,0.122693660124,0.2488882075,0.674745473,0.999863018159902,2331.04825450719,1372.34669166924
"sv[91]",0.455676592739,0.453632055,0.130918979178543,0.117924061794,0.2446607025,0.676590873,1.00023656695985,2298.28262186503,1511.6272497012
"sv[92]",0.5079297399345,0.495867485,0.149339389011539,0.13281071496,0.2884788545,0.7645465,1.00169202255841,2208.02426498346,1611.25032597559
"sv[93]",0.5094166333805,0.49172113,0.154924257909872,0.135059018556,0.2823658455,0.7905722,1.00162552278422,1820.20137713733,1312.85612140038
"sv[94]",0.458087559428,0.452145525,0.131110659596659,0.124085436048,0.2562338505,0.687200686,0.99948355440443,2432.921110674,1628.42441112682
"sv[95]",0.5411104637215,0.51301065,0.179816561533513,0.143654058471,0.2961670885,0.8865732165,1.00073915974108,1535.93663300154,1289.90848675596
"sv[96]",0.434626127486,0.433644855,0.120918862583194,0.114551146794,0.242090634,0.6396263575,1.00021113987427,2209.92201618516,1347.60669083762
"sv[97]",0.4306438102875,0.42664545,0.122949912665047,0.118555026702,0.2294208295,0.6374496085,0.99960027661085,2149.06425131055,1550.73383464173
"sv[98]",0.51613664258,0.4982381,0.15949816229818,0.133878505719,0.293918903,0.8134851245,0.999878865393553,1663.74313321134,1317.23251359975
"sv[99]",0.525693613735,0.498340815,0.174332911474404,0.143174941455,0.289924752,0.87015082,0.999948416095429,1629.38520962823,1437.2236129999
"sv[100]",0.4865583243905,0.480379695,0.136129840205843,0.122628470202,0.276014899,0.731321739,1.00143202253581,1845.75553334886,1371.04473589525
