"participant","cell","cell_label","nu_mean","nu_lo95","nu_hi95","alpha_mean","alpha_lo95","alpha_hi95"
1,1,"cong/post-corr",5.57779511445698,5.03170365625,6.1291847815,1.82444196315542,1.68407493897364,1.97850164498188
2,1,"cong/post-corr",8.455996084191,7.79611049125,9.1028436485,1.54371214527438,1.41911711273477,1.68068130662912
3,1,"cong/post-corr",6.41599874191304,5.890104487875,6.95140383575,1.62697726137508,1.50725722182864,1.75608339675579
4,1,"cong/post-corr",7.06748100971075,6.291266981,7.84222015,1.26548019425045,1.14222172179837,1.39968370967463
5,1,"cong/post-corr",6.37570401119629,5.85402688545,6.909390887925,2.03341194911495,1.88921020195677,2.18698742227234
6,1,"cong/post-corr",7.80727175867443,7.1414488888,8.497821434,1.60493646406804,1.47513481284399,1.74457162944607
7,1,"cong/post-corr",6.02879409794467,5.52918472565,6.528949934775,2.47226498205902,2.2639223919175,2.6924804074937
8,1,"cong/post-corr",5.89714610114612,5.306609599025,6.5013017205,1.59001064926661,1.43758803922945,1.75634497809433
9,1,"cong/post-corr",6.89296061232964,6.3294082121,7.44445351525,1.6027460479349,1.47932764176514,1.73341372178318
10,1,"cong/post-corr",6.91027673822662,6.34731966,7.47455126575,1.83644089122571,1.69562444073271,1.99033918298764
11,1,"cong/post-corr",7.92725468864177,7.271181683,8.579389992,1.52030551094866,1.40753664134571,1.64184759963071
12,1,"cong/post-corr",6.69933957726779,6.13287223525,7.27336076625,1.86377247509947,1.7176808204333,2.01501659859263
13,1,"cong/post-corr",7.15255817218256,6.575596495775,7.748405071,1.99808305056294,1.81710907000273,2.20606797287552
14,1,"cong/post-corr",5.06276093478964,4.59749686825,5.539760597,1.80039883771958,1.6427305286753,1.97892711336405
15,1,"cong/post-corr",6.81107226769955,6.1332344265,7.489075813,1.27201513562407,1.16877718506671,1.38441511450984
16,1,"cong/post-corr",6.52977267391103,5.989847045525,7.09785359953,2.00909834367398,1.83609840129468,2.1964645328891
17,1,"cong/post-corr",6.07527732154733,5.560184478,6.613701248,2.11912456181935,1.96034987496707,2.29484621292276
18,1,"cong/post-corr",6.33509748543429,5.662889003725,7.024078977,1.43179983644857,1.30551967170078,1.57307676436033
19,1,"cong/post-corr",7.09822678990655,6.532483652375,7.65029987825,1.85560271876723,1.71724773780506,2.00690384826775
20,1,"cong/post-corr",6.74429851954006,6.17221599705,7.32509987205,1.57840392138019,1.45610436079731,1.71219543210858
21,1,"cong/post-corr",5.95665731694484,5.3879590575,6.5460210145,1.74038648844075,1.59239749233547,1.90660969692961
22,1,"cong/post-corr",6.00926106156748,5.48128935745,6.52867416025,1.72480185679157,1.57054283682453,1.8948750096193
23,1,"cong/post-corr",7.06581829020855,6.48809465825,7.6486337505,1.57235046429783,1.44547037759085,1.71071877935435
24,1,"cong/post-corr",8.62972450458685,7.93099254075,9.3211810265,1.87647771867023,1.7243420203192,2.03199422845172
25,1,"cong/post-corr",4.23468407478503,3.82614288275,4.634083781975,1.8311002697392,1.70184777975718,1.96950427925058
26,1,"cong/post-corr",6.45152738222997,5.912237667225,7.00366613267,1.69087790402647,1.55872162254436,1.83602703776597
27,1,"cong/post-corr",8.21024786740218,7.47580643625,8.93570718925,1.37243478692865,1.242762706293,1.51746050320625
28,1,"cong/post-corr",7.01069426222371,6.415971332775,7.6073179875,1.85267377531968,1.71276230544513,2.00435470097028
29,1,"cong/post-corr",6.30198095173211,5.689735890525,6.919425296225,1.77153980510286,1.62392118880398,1.92381090923271
30,1,"cong/post-corr",6.50067232090225,5.913302384375,7.0953362494,1.62542200328824,1.4965769824076,1.76299356727159
31,1,"cong/post-corr",6.24142273786941,5.588966638,6.893527966375,1.49117936896608,1.35506021871268,1.63844773460257
32,1,"cong/post-corr",7.43489743767653,6.75548348575,8.11351135375,1.2898390659917,1.17565391680089,1.41356518273157
33,1,"cong/post-corr",6.83983922375366,6.270578425,7.426068651425,1.5830875939546,1.45569674560033,1.72448792253311
34,1,"cong/post-corr",4.69302883282684,4.162202606,5.218103705175,1.42471226925802,1.30572850507132,1.5554333916346
35,1,"cong/post-corr",7.19233003675028,6.53507936925,7.84091606495,1.48670111301009,1.35221334524034,1.63032433564593
36,1,"cong/post-corr",6.77082207071848,6.2236338065,7.3264820155,1.84698836037248,1.70493515300674,2.00476827785652
37,1,"cong/post-corr",5.72674904933333,5.226580455325,6.229840051,1.86382923951624,1.71764438944948,2.02222624806514
38,1,"cong/post-corr",7.69519484555356,7.0742303235,8.34615099675,1.35639772795219,1.23573940870945,1.48893232954513
39,1,"cong/post-corr",6.9278408026945,6.378789358,7.48318006275,1.75628657616914,1.62629380683825,1.8954179351258
40,1,"cong/post-corr",8.1255733477305,7.51371010825,8.76607287,1.8563861140524,1.69771181028273,2.02943425569007
41,1,"cong/post-corr",7.22898829115686,6.618188421125,7.8526425665,1.55119417968899,1.42534747559723,1.69091045966107
42,1,"cong/post-corr",6.94864053409855,6.3886377042,7.5064077375,1.76607294426539,1.62195300930545,1.92445518023527
43,1,"cong/post-corr",6.68335374469916,6.0297243865,7.33594809275,1.6552032039519,1.48497139063158,1.8502698183806
44,1,"cong/post-corr",5.54877321458499,5.07808521475,6.009732383825,2.1639091962444,1.98980491349413,2.34322574513617
45,1,"cong/post-corr",4.9438921571697,4.507431326,5.37916561275,2.17208739650256,1.99001577146941,2.3679625201806
46,1,"cong/post-corr",6.87471368873342,6.2796566243,7.480487772475,1.70999952014802,1.57387725853752,1.85309376389851
47,1,"cong/post-corr",7.07503455859466,6.367704898,7.754484367,1.84533944752457,1.66526830777839,2.03311296543761
48,1,"cong/post-corr",6.19605206463061,5.646233194,6.733572225525,1.87325664191858,1.71519279974433,2.04159746919809
49,1,"cong/post-corr",7.65554265452784,6.97211052225,8.33817311675,1.38212147195982,1.25341063127852,1.52483782390657
50,1,"cong/post-corr",7.39503313889765,6.8018697178175,7.980843115375,1.92864504732306,1.78732201558015,2.07614461293037
51,1,"cong/post-corr",6.17361216547481,5.63673832335,6.706140577625,1.59775672778698,1.46516286917078,1.74642922761884
52,1,"cong/post-corr",5.46336518130782,4.9451387985,5.9712439525425,1.86772515952874,1.70463333739827,2.03920875491339
53,1,"cong/post-corr",6.47742653807298,5.962934070075,7.00482749775,2.16458886277564,2.00046042657122,2.34706979198734
54,1,"cong/post-corr",6.72438544268962,6.163934425,7.29548020825,1.84426714499933,1.70201821519731,1.99384875309457
55,1,"cong/post-corr",7.73169524181731,7.10833813275,8.36140368725,1.50656607512868,1.39221789950686,1.63003589167879
56,1,"cong/post-corr",7.05587723988886,6.49772089875,7.6262006485,2.09030928066394,1.9305503911465,2.25922742704179
57,1,"cong/post-corr",6.38186891561957,5.82415121525,6.945569015975,1.70050250104177,1.54960940689826,1.86946423632551
58,1,"cong/post-corr",9.03159254575595,8.35858523325,9.7190188395,1.64591858574343,1.49457498654433,1.81484920265022
59,1,"cong/post-corr",6.58141134432889,6.02063773125,7.13043924055,1.97045453330699,1.81564764805011,2.13778229471335
60,1,"cong/post-corr",7.56332963362344,6.92826397745,8.213030177,1.5446212083123,1.41547977531542,1.68864803645082
61,1,"cong/post-corr",5.90269321390678,5.30854656575,6.5098412305,1.52965651170835,1.39908284611812,1.67084293803861
62,1,"cong/post-corr",5.57876043000753,4.98059533975,6.18372514735,1.44939714210094,1.33426020199025,1.5712433104282
63,1,"cong/post-corr",6.54310949477436,6.021629904975,7.0791047548,1.95069525126617,1.79918685026246,2.11609470411276
64,1,"cong/post-corr",7.25494823876278,6.6407490862625,7.885568141,1.5372179084181,1.4183159455788,1.66321693984497
65,1,"cong/post-corr",7.08814537561909,6.49590991425,7.687445417,1.54106735417304,1.4264983178787,1.66787523992661
66,1,"cong/post-corr",5.8125790118739,5.32133991,6.29401070425,1.90592675297741,1.74862111957588,2.07198498419964
67,1,"cong/post-corr",5.77073328784001,5.2427247342175,6.2965764775,1.69000010951606,1.54084844834988,1.8514582921965
68,1,"cong/post-corr",8.05640124861326,7.3713850295,8.73557390025,1.55666061216248,1.42575471671333,1.69927738878005
69,1,"cong/post-corr",6.19726892871512,5.65865981,6.7360287559,1.82643838651865,1.69231225707211,1.97079601736042
70,1,"cong/post-corr",7.66757893388198,7.0520163035,8.2703455765,2.18341546233638,2.00166199470511,2.37469179835018
71,1,"cong/post-corr",5.32637687306803,4.840946702925,5.82558002575,1.55104253217507,1.43408098313959,1.67312892059718
72,1,"cong/post-corr",6.92896943015391,6.3603426902,7.520960043,1.65076457812402,1.52048299679585,1.79398070138086
73,1,"cong/post-corr",7.37883750463276,6.753750962675,8.01543076765,1.61048620331119,1.47149738918048,1.76273107592424
74,1,"cong/post-corr",7.10844214445358,6.50301691675,7.711266144275,1.75238673624128,1.60754285721802,1.90713210626539
75,1,"cong/post-corr",7.77473277005915,7.1038038685,8.447212267,1.44315816589793,1.3274031390441,1.5725647334992
76,1,"cong/post-corr",5.98360961197372,5.46725668575,6.50091947215,1.61955153729698,1.4848230405718,1.76466731981233
77,1,"cong/post-corr",5.94815346857231,5.439193274675,6.453705936975,2.28556311222963,2.09397305286793,2.49187221828438
78,1,"cong/post-corr",5.25285062261716,4.77751384775,5.7216538345,2.04258714372246,1.88137659341953,2.20440297517251
79,1,"cong/post-corr",6.07905448392607,5.36246896625,6.78913337125,1.23456841686931,1.11124860477807,1.37169153707902
80,1,"cong/post-corr",7.08316596300807,6.509675209,7.6772017105,1.73238888781087,1.57617120167818,1.90486512608546
81,1,"cong/post-corr",6.46892688910151,5.87661459925,7.057948169675,1.79200266504775,1.65141861982624,1.94230266627151
82,1,"cong/post-corr",6.85216834042152,6.24773970825,7.4582760235,1.5918736632363,1.45006693078747,1.74534652653905
83,1,"cong/post-corr",6.20537457385111,5.67137096,6.745147580775,1.76688639338499,1.63343488609012,1.90882504696071
84,1,"cong/post-corr",5.41259365762519,4.943630227,5.886653281175,1.94528652677717,1.80126364067591,2.10405848887921
85,1,"cong/post-corr",8.42827175400847,7.57205146735,9.310418475475,1.26058600307936,1.10439985990558,1.4334285914285
86,1,"cong/post-corr",7.14379581151661,6.52782635525,7.77135875725,1.53940716284164,1.40321149894601,1.68688774791459
87,1,"cong/post-corr",6.27641753877464,5.75059648735,6.8144252603,1.46663369655361,1.34933302656307,1.59748174168641
88,1,"cong/post-corr",7.78491932046775,7.156330860225,8.427191449,1.37561526594661,1.26670814519385,1.49571539370446
89,1,"cong/post-corr",7.65391278050025,7.0477716805,8.2685087415,1.52145015583476,1.40311149734805,1.65256016732613
90,1,"cong/post-corr",7.58845628304146,6.9978221195,8.2000331755,1.793388008474,1.64820636097238,1.95445489952106
91,1,"cong/post-corr",6.82129999125972,6.18339781525,7.43780689675,1.29423565403277,1.19040641268474,1.40349857634547
92,1,"cong/post-corr",7.08006306093463,6.50484138175,7.646522011,1.7724118355488,1.6306383426267,1.92250434871113
93,1,"cong/post-corr",6.9252525122944,6.345689394,7.5002826291,1.97525895953228,1.83197176727919,2.1300577640504
94,1,"cong/post-corr",7.1620779956447,6.600378692875,7.72896946225,1.55964147316618,1.43883062419276,1.69460840653793
95,1,"cong/post-corr",5.93795666086718,5.372210551,6.518118284575,1.41012794527719,1.29169193118382,1.53979893813716
96,1,"cong/post-corr",6.32845945475752,5.81990194875,6.8406161565,1.72003659039822,1.58455186845253,1.86856341853076
97,1,"cong/post-corr",6.47968837737233,5.9211175216,7.03460780275,1.77477305110075,1.63092336005613,1.92973249059421
98,1,"cong/post-corr",7.58288038214597,6.86748890825,8.28333229667,1.2607569358305,1.15827378765306,1.37429045015702
99,1,"cong/post-corr",3.66610886273988,3.2571981705,4.084240241,1.80804557579121,1.66459956762684,1.95505212443427
100,1,"cong/post-corr",6.81234003511561,6.256095727975,7.35075654175,1.86357599789007,1.7248867441724,2.00630122448352
101,1,"cong/post-corr",5.58404168017693,5.053382108,6.125786211225,1.90706531115466,1.73277673134427,2.0922947854968
102,1,"cong/post-corr",8.16634055538662,7.54277701575,8.8084829475,1.73124252004382,1.58749872578288,1.88888142035089
103,1,"cong/post-corr",8.03295784616287,7.382937691975,8.6806664255,1.75859950861383,1.61840794341595,1.90520821340442
104,1,"cong/post-corr",6.2886769284501,5.75297096825,6.829803397975,1.81467691442589,1.65705320104549,1.99229319755743
105,1,"cong/post-corr",5.82794127552701,5.2056913892,6.44457841815,1.49803382267682,1.34986238121866,1.66099157590646
106,1,"cong/post-corr",6.30662229272153,5.8105052341175,6.8075028468,2.04290880454989,1.87340891353976,2.22434245861564
107,1,"cong/post-corr",7.8301894139602,7.2096943695,8.445667773,1.58062650885966,1.4527199096321,1.72003160621657
108,1,"cong/post-corr",6.08794753013837,5.53049182275,6.64071512015,1.89254527049801,1.73508224741114,2.06239683056228
109,1,"cong/post-corr",5.08567034611563,4.6339436395,5.54700251975,1.84206976788538,1.7081590329371,1.99327154417676
110,1,"cong/post-corr",5.95863799534901,5.38876407475,6.53508830075,1.44943082520756,1.32753893324325,1.57980825965355
111,1,"cong/post-corr",4.62864145439376,4.2139637115,5.04276185475,1.94509514528293,1.80032188669007,2.09881664963048
112,1,"cong/post-corr",6.12601434480868,5.594774009,6.65150689675,1.83084936717892,1.67053532805164,2.00133428522559
113,1,"cong/post-corr",8.03197838262058,7.41917827225,8.66529000775,1.62503180455221,1.49931361392867,1.75822491442123
114,1,"cong/post-corr",8.54169523694509,7.78251144175,9.32873959825,1.60135198792288,1.45300235888351,1.76900415246158
115,1,"cong/post-corr",6.38211180715668,5.813359978125,6.929942894,1.45980998574113,1.34519532845703,1.58709250775498
116,1,"cong/post-corr",5.93824554858086,5.44079182475,6.441842173,2.10235816479398,1.91556433524192,2.30448012162174
117,1,"cong/post-corr",8.66435259142525,7.9682785985,9.38386022125,1.30103801600159,1.20488017739896,1.40666096446928
118,1,"cong/post-corr",5.24257720045948,4.789756253545,5.6985673264,2.07549588287672,1.9288222634714,2.23407550281249
119,1,"cong/post-corr",6.75141289320861,6.20472798505,7.30466620375,2.08995827558876,1.91400720506509,2.28377735561564
120,1,"cong/post-corr",6.42548119664319,5.887150409125,6.960067283,1.82490067409247,1.67350507699674,1.98616304728797
121,1,"cong/post-corr",6.72265897806653,6.1646529709,7.275438314,1.84924792914935,1.70493510982849,2.01226028070517
122,1,"cong/post-corr",6.432824746644,5.85635917275,7.0059266865,1.73165644625367,1.58844420194124,1.89034085476616
123,1,"cong/post-corr",5.79882380135389,5.2497987035,6.36087872265,1.51992982217145,1.38855518396518,1.66421109391475
124,1,"cong/post-corr",6.35211469989599,5.8057430865,6.91392342875,1.65964064739777,1.5125908890385,1.81623978856795
125,1,"cong/post-corr",7.04265498711805,6.415225944575,7.64628325225,1.42706664832503,1.32004639522545,1.54031998730702
126,1,"cong/post-corr",8.37923823135676,7.7229065586,9.0521730685,1.40120451023108,1.2900441014873,1.52220564392115
127,1,"cong/post-corr",6.68100742461243,6.080399405,7.27650352575,1.62944865498684,1.47976408350155,1.79916321365162
128,1,"cong/post-corr",7.71083704597982,7.0866137145,8.34718050575,1.47808420331875,1.35339421077868,1.61039471754767
129,1,"cong/post-corr",6.75667320830485,6.18649611065,7.323887572575,1.59801390248701,1.47056158763254,1.73358110219215
130,1,"cong/post-corr",7.27434017979206,6.67370573555,7.86759050325,1.52639059397613,1.40722943511617,1.65499004370901
131,1,"cong/post-corr",4.9533165316868,4.51573987875,5.38437357875,1.99883463231963,1.83851119197974,2.17807295815487
132,1,"cong/post-corr",7.52843844834226,6.9157842036625,8.170114517675,1.3673381985761,1.25766792056811,1.48618369435228
133,1,"cong/post-corr",6.19664129785093,5.684967563275,6.7163850715,1.6862746210716,1.55918362404046,1.82358582543324
134,1,"cong/post-corr",5.74192137734456,5.210944093825,6.263510863,1.67331020762508,1.53622424210749,1.82181606315134
135,1,"cong/post-corr",6.14874105354016,5.62329862704,6.689778846825,1.71143545016566,1.55527127619927,1.88734597551969
136,1,"cong/post-corr",6.58284532089027,6.0273334137,7.14000980025,1.8201671011472,1.67995322263899,1.97116490623801
137,1,"cong/post-corr",7.16223635134052,6.612915381725,7.709309548,1.65223847256297,1.52448807647421,1.79093016036444
138,1,"cong/post-corr",5.30666284763869,4.8121505195,5.79380521575,1.69644920431126,1.55810323023306,1.84300546582259
139,1,"cong/post-corr",6.6797589009874,6.126666900075,7.240866529625,1.76328028858587,1.62491398848982,1.9140529746285
140,1,"cong/post-corr",6.31742703628261,5.7728673704,6.8684494305,1.6192059083645,1.48599233186671,1.76316172804981
141,1,"cong/post-corr",8.83528466347938,8.0703645232,9.5995214915,1.30358352825617,1.19737293481863,1.41664599087654
142,1,"cong/post-corr",5.99207511394552,5.369826354325,6.635783571575,1.78376956374148,1.60419418827807,1.98041202526857
143,1,"cong/post-corr",7.3327693406455,6.7233082867,7.97428789675,1.52621857248258,1.39943816466836,1.66604400723266
144,1,"cong/post-corr",6.11211505917081,5.530247578925,6.69692951625,1.61362664852235,1.47521461016545,1.76211950770916
145,1,"cong/post-corr",6.88835222907646,6.2563736505,7.52314692125,1.49792434754482,1.38189095453585,1.6220927134644
146,1,"cong/post-corr",7.11300516474782,6.517789942325,7.72462315102,1.27914496989824,1.18669753284092,1.3793772590426
147,1,"cong/post-corr",7.11779662627405,6.55563628425,7.70582575695,2.15563769434079,1.98906178556006,2.33903757824775
148,1,"cong/post-corr",7.39090125878028,6.79011158075,7.98035596375,1.8434858053949,1.70286681292729,2.0011082023201
149,1,"cong/post-corr",6.25457629904428,5.73663794925,6.7750815311,1.82502926374448,1.68589575472114,1.97084923635007
150,1,"cong/post-corr",6.97762824711788,6.414235496475,7.5510335984,1.82843663088581,1.68993505909889,1.97542990191879
151,1,"cong/post-corr",7.45087690729529,6.70461332625,8.19397915675,1.82049583874923,1.64051081641693,2.01894971636068
152,1,"cong/post-corr",4.11690949747521,3.73704230325,4.5065865525,2.00343250086565,1.85330923510908,2.15954519113698
153,1,"cong/post-corr",5.92820195844011,5.41170897525,6.443597283675,2.00613487447261,1.84590342356607,2.18502015256836
154,1,"cong/post-corr",7.7042535899912,7.064600264955,8.343854462925,1.64376330322192,1.51629198124915,1.78324026321103
155,1,"cong/post-corr",7.87580767706402,7.179524502225,8.572867841325,1.52011773070859,1.39327272744038,1.65563627197242
156,1,"cong/post-corr",7.19346579124926,6.548362189395,7.83933803025,1.33200195486492,1.21662461784803,1.46131736795565
157,1,"cong/post-corr",8.68338748554871,7.9224906975,9.429220021,1.28011970382168,1.16364842511814,1.40744481354485
158,1,"cong/post-corr",5.26844681437207,4.696733285,5.84694946375,1.70959301732536,1.53954466022063,1.89254225246263
159,1,"cong/post-corr",7.57990527547778,6.97531261375,8.17828212975,1.59337388942462,1.47476786385246,1.72274448163672
160,1,"cong/post-corr",7.69540446919152,7.07496347375,8.333252751275,1.67714066356381,1.53567744760447,1.83462587006755
161,1,"cong/post-corr",6.87579262502619,6.3058309783,7.4448782055,2.026330222356,1.86246348196474,2.20788659197994
162,1,"cong/post-corr",5.16923073449623,4.69295902225,5.6312598745,1.80986198305974,1.69234598067152,1.93842149402885
163,1,"cong/post-corr",7.37169718994066,6.7464242981,8.01267604965,1.63154055814868,1.51084867643391,1.76240932723607
164,1,"cong/post-corr",4.03754581694126,3.61211432265,4.4619836685,1.7830083904547,1.63819170600558,1.93953945336673
165,1,"cong/post-corr",6.23156744622487,5.68430441075,6.7727202229575,1.55098563876524,1.41307986080347,1.70246391747022
166,1,"cong/post-corr",9.13319033272325,8.39876994175,9.852093831575,1.52933919364488,1.3924930202739,1.6825107266713
167,1,"cong/post-corr",7.71744956555281,7.01866337885,8.42020593975,1.52775530411216,1.40657703598349,1.66096356450345
168,1,"cong/post-corr",7.1098307287504,6.471981034,7.732785276,1.73566294276173,1.59649701812021,1.88970221900451
169,1,"cong/post-corr",5.97064018636376,5.47620797825,6.471360003,2.30084602914802,2.12087706857861,2.48801678496316
170,1,"cong/post-corr",7.62117264266903,7.0124221273125,8.24909204875,1.58802188769162,1.46334451853495,1.7278231999671
171,1,"cong/post-corr",6.9566877077803,6.358276783375,7.5739801975,1.29165852310997,1.17667598250772,1.41830894486264
172,1,"cong/post-corr",7.31822166338003,6.70743754225,7.94652945,1.6628371711922,1.51124484433073,1.83210388151005
173,1,"cong/post-corr",6.97892893702158,6.4061524335,7.5727191307,1.91941161867463,1.76527491594912,2.0882299951963
174,1,"cong/post-corr",8.49031709380859,7.83971026625,9.17085915425,1.4272807796105,1.31882510195712,1.54869356537853
175,1,"cong/post-corr",6.9324338169164,6.3303701053,7.5288389059,1.49331766520319,1.36826702456898,1.62843859026088
176,1,"cong/post-corr",7.36829175509662,6.7776091434775,7.973614984,1.76675751567743,1.6321727076044,1.91739600424787
177,1,"cong/post-corr",6.13415031527984,5.64061224175,6.6296280003,2.07865960285935,1.92213524509453,2.25154508373769
178,1,"cong/post-corr",7.33918777551949,6.63674013525,8.0599869525,1.50407892535935,1.3439703245657,1.67837454859168
179,1,"cong/post-corr",7.78586309629244,7.15626946825,8.4270086562,1.54537337114075,1.4233475644639,1.67358145349643
180,1,"cong/post-corr",7.01616931575998,6.408766877125,7.640347314975,1.37879983473602,1.26214843876906,1.50582922027267
181,1,"cong/post-corr",7.65949108812141,6.9808309735,8.344364301,1.35732663264363,1.23080901537953,1.49973262782637
182,1,"cong/post-corr",6.68799352634468,6.10138864325,7.2861006968,1.64120621379207,1.49722633310859,1.79366723291464
183,1,"cong/post-corr",8.5606517539069,7.9085959875,9.217348578,1.5022600775678,1.37436354628559,1.64509715181014
184,1,"cong/post-corr",7.29921149196855,6.64461491375,7.955990676,1.67257667438068,1.53514773245656,1.82132637588189
185,1,"cong/post-corr",6.90497141446332,6.3385390814,7.4749611694925,1.98114983288542,1.82114147770551,2.15509649820822
186,1,"cong/post-corr",6.81518920624319,6.2635819795,7.37831515895,1.6452650744609,1.51793139226206,1.78080417773707
187,1,"cong/post-corr",7.6797552016792,7.07624581,8.292033651,1.83330714334097,1.69588557505155,1.98435398614679
188,1,"cong/post-corr",4.20218204697724,3.75603795025,4.646069399575,1.97570195143624,1.79639034036744,2.16518572605745
189,1,"cong/post-corr",6.80905277168997,6.256813455925,7.37639787025,1.78851445430103,1.65335669994112,1.93269301077169
190,1,"cong/post-corr",7.45096315146437,6.82292144175,8.0854729016025,1.74702310399876,1.58548733105009,1.91913656324476
191,1,"cong/post-corr",5.85650894517781,5.2928907286175,6.426009812225,1.7425082763427,1.58928946910292,1.90598260597931
192,1,"cong/post-corr",8.2266371290658,7.50932023035,8.938400299125,1.4176005690404,1.30766133445016,1.53480955832573
193,1,"cong/post-corr",5.27837058355749,4.80767005855,5.73353127275,1.85147083820275,1.70879713366696,2.00861717271389
194,1,"cong/post-corr",6.34722528889748,5.800762320075,6.9064416299,1.54049475534159,1.41085886691385,1.67942706895725
195,1,"cong/post-corr",7.14877412766914,6.471173023,7.818504677,1.60367603388723,1.45021601678602,1.77178297330476
196,1,"cong/post-corr",6.188165351781,5.50547656925,6.87230481075,1.40837212025644,1.26924897875666,1.56684770320687
197,1,"cong/post-corr",5.71637155873345,5.18411877425,6.26101477575,1.74262880779757,1.60240095815267,1.89257032125723
198,1,"cong/post-corr",6.4467113280442,5.9247767148,6.966306841,2.12125868787612,1.95842509728269,2.29172411991068
199,1,"cong/post-corr",6.37238649724801,5.828970863,6.93440907185,1.73499978902426,1.59785875865876,1.88927020933152
200,1,"cong/post-corr",7.23129192322379,6.632620096,7.84331849045,1.64955827174698,1.5186050296171,1.79145084232697
201,1,"cong/post-corr",8.14912394413885,7.3312148155,8.953624653,1.37042880190687,1.22151311364803,1.5357222369849
202,1,"cong/post-corr",6.34763395288194,5.81556793535,6.8885394455,2.18271782785957,2.0111888827131,2.3688742188014
203,1,"cong/post-corr",8.31132761468719,7.6538235409,8.975246282,1.68469330418484,1.54884040804878,1.82968704185739
204,1,"cong/post-corr",5.89789068432279,5.372018423,6.4346437575,2.00749159454396,1.84152215688482,2.18910410833562
205,1,"cong/post-corr",7.98862533784348,7.3471686496,8.6355641616,1.41730237233584,1.2987212523959,1.54948918652763
206,1,"cong/post-corr",7.33573453901904,6.67677490235,7.993227839075,1.373698472533,1.26209275476565,1.49376474753964
207,1,"cong/post-corr",6.22565500657342,5.719997255175,6.7428363505,2.08038989478827,1.92225625877665,2.24702718824725
208,1,"cong/post-corr",6.77405653672107,6.200746708,7.3667946182,1.87669947915136,1.73259248781587,2.02119781336429
209,1,"cong/post-corr",5.01669168817244,4.5712542040175,5.483232481,1.93024864620435,1.78162951656623,2.08753693171313
210,1,"cong/post-corr",4.63856174552097,4.092229928425,5.1873239133,1.45938726482728,1.32607335327124,1.60581890483646
211,1,"cong/post-corr",7.28057395087599,6.64677677805,7.9145816305,1.45208546728462,1.34019554862827,1.57304755920745
212,1,"cong/post-corr",7.84415672045225,7.2513137325,8.45019974375,1.77616078737309,1.65396744124623,1.90556375028471
213,1,"cong/post-corr",7.40938867547067,6.810404516075,7.9937632185,1.64371717018192,1.51486027734675,1.7812674359313
214,1,"cong/post-corr",7.37848007241529,6.7623274245,8.01133825675,1.50901670568673,1.3843394309274,1.64671110729308
215,1,"cong/post-corr",7.9237509853987,7.204750719,8.6337004185,1.16044136780624,1.06839379615282,1.2619247662535
216,1,"cong/post-corr",7.98351407842486,7.302410296325,8.693389904,1.52654696812283,1.3961536350965,1.67082507747176
217,1,"cong/post-corr",4.09349446850865,3.686173159225,4.501457188725,1.82553160074049,1.68282730159835,1.9798600219091
218,1,"cong/post-corr",6.43849807091728,5.88481314428825,7.005772281625,1.657255156862,1.51580291789192,1.81448969875605
219,1,"cong/post-corr",5.8140806220792,5.274166649,6.354390199,1.90243368551704,1.74931885909061,2.06911352394558
220,1,"cong/post-corr",5.90220193130769,5.38941451,6.4005563059,1.82856700949778,1.68558605464575,1.97789710103994
221,1,"cong/post-corr",5.54782343899728,5.04144006425,6.06681212055,1.88422200050398,1.7374861384677,2.03934371120756
222,1,"cong/post-corr",4.74678327877549,4.18974880371,5.3045808535,1.35657541160116,1.24682976298544,1.47180282772877
1,2,"cong/post-err",6.18894056520972,5.5252620435,6.865565148375,2.04812605122139,1.88749735229419,2.22465770485473
2,2,"cong/post-err",5.49457657407566,4.5891701455,6.4143703775,1.73295313693441,1.59195124455706,1.88899311174959
3,2,"cong/post-err",5.99264312182028,5.233209203,6.73436134785,1.82643454910923,1.68916883268455,1.97679373798245
4,2,"cong/post-err",6.95625797268922,6.17662819525,7.7352452645,1.42062294628772,1.28308654347131,1.56987468432119
5,2,"cong/post-err",6.12578150897041,5.405824737,6.82479198385,2.28270463801008,2.11705135484455,2.45839098570063
6,2,"cong/post-err",6.85785370412553,6.11953503365,7.621752015125,1.80168826128331,1.65306700057166,1.95831612241419
7,2,"cong/post-err",5.0940849205553,4.279873366,5.9194045899,2.77537444124334,2.53743856774133,3.02041205401979
8,2,"cong/post-err",6.66263979302056,5.94543651,7.384188869025,1.78494007048756,1.61194135733054,1.97308264480051
9,2,"cong/post-err",5.49969000890371,4.70060261795,6.2839789191,1.79922399407214,1.66011281316256,1.94832689932917
10,2,"cong/post-err",6.3390659286734,5.614555943275,7.0665858619,2.06158265049859,1.90174800533692,2.2356451852618
11,2,"cong/post-err",6.79221605372489,6.0124436660825,7.54071500775,1.70668509671214,1.57979394393326,1.84644923093861
12,2,"cong/post-err",6.44506037386557,5.793025174225,7.12169686775,2.09227775629161,1.92549747900591,2.26466112557954
13,2,"cong/post-err",4.97523093901744,4.07549569375,5.888799538575,2.24303294831372,2.03967988986945,2.47744394724983
14,2,"cong/post-err",5.82537629487371,5.08524067225,6.56678893475,2.02111355753656,1.83963958308493,2.22359333429494
15,2,"cong/post-err",7.13773067206713,6.31591060875,7.975643513975,1.4279522366013,1.31067239021646,1.55398422251974
16,2,"cong/post-err",5.56268180915565,4.828850169775,6.292987068425,2.25540274032086,2.05964655262401,2.46616165332381
17,2,"cong/post-err",5.32892698628598,4.59120847475,6.101934433575,2.3789258242774,2.19740595554518,2.57597369872346
18,2,"cong/post-err",7.5714439105657,6.74330199075,8.399007228,1.60728989584661,1.46354489852218,1.76554405032959
19,2,"cong/post-err",6.02511652716014,5.23924217575,6.816333400325,2.08308897843077,1.92643266589242,2.25576966758883
20,2,"cong/post-err",6.38431290702658,5.61412167,7.1491735540375,1.77191383022317,1.63395609133031,1.92271264768161
21,2,"cong/post-err",6.82029440872183,6.111210556,7.52414399825,1.95375030893536,1.78462831870295,2.14218013403034
22,2,"cong/post-err",5.77251289859922,4.9982255805,6.5690510349,1.93626642944101,1.75889253936914,2.12868187679811
23,2,"cong/post-err",5.93561792179148,5.1390403715,6.7301029645,1.7651014768709,1.62212053629016,1.92306229137286
24,2,"cong/post-err",4.97822588587982,4.07689645525,5.9035997188,2.10652293246705,1.93276795864803,2.28349943238808
25,2,"cong/post-err",5.28543943515163,4.635784381,5.93399807305,2.0556119985863,1.90546360090062,2.21297432219456
26,2,"cong/post-err",6.33926331003668,5.55390255725,7.1367583415,1.8981627050766,1.7474246749574,2.06450109915441
27,2,"cong/post-err",6.06808754693117,5.338422588,6.799110105075,1.54066908696465,1.39507716209919,1.70392841359768
28,2,"cong/post-err",6.56018138380962,5.81114033625,7.314657460975,2.07980408478794,1.91916790099029,2.25488037064807
29,2,"cong/post-err",6.6553499052346,5.87910663515,7.45175480445,1.9887254230387,1.82132178250061,2.162441089644
30,2,"cong/post-err",7.1371243177644,6.296490593,7.9826330942,1.82468211143547,1.67745644504359,1.97925220153877
31,2,"cong/post-err",6.58302594766394,5.84439817575,7.34237076925,1.67397281958712,1.52016070163166,1.839087950485
32,2,"cong/post-err",8.07108465935679,7.149246851,8.97268885625,1.44796304907712,1.32006115697339,1.58845956139962
33,2,"cong/post-err",6.83041030277968,6.072417716,7.575578930675,1.77716399079201,1.6310318942746,1.93696150035152
34,2,"cong/post-err",6.98595494913984,6.19787423175,7.768329612,1.59935061028399,1.46458158259629,1.74653868265515
35,2,"cong/post-err",7.03572593241639,6.22135385085,7.844089302875,1.66894205383846,1.51680126953583,1.83306759095856
36,2,"cong/post-err",5.72192447951484,4.97485293425,6.45591390425,2.07344234573288,1.91048134147979,2.25520003858437
37,2,"cong/post-err",4.9360718381,4.1901697955,5.67347380276,2.09234457196638,1.92860660729262,2.27463831108634
38,2,"cong/post-err",4.87793338224645,4.0188063365,5.716096702,1.52266703178852,1.38735852111463,1.66893134317153
39,2,"cong/post-err",5.50336977503885,4.7638767435,6.221866443675,1.97158348501284,1.82484921306655,2.13083703945274
40,2,"cong/post-err",4.3816930157695,3.4859985905,5.281764675,2.08398422646481,1.90314653485975,2.28225956692026
41,2,"cong/post-err",6.11574598187652,5.2969613395,6.9332178215,1.74138337378437,1.59549997634508,1.90015781739936
42,2,"cong/post-err",5.33912034933478,4.577812643,6.0846198575,1.9825757260452,1.81906818007147,2.16282125469584
43,2,"cong/post-err",5.26466199680084,4.3020129155,6.21888014205,1.85815900853511,1.66586006699402,2.08074457258503
44,2,"cong/post-err",5.31599035798167,4.57769374785,6.057913331975,2.42919674431081,2.23119311757726,2.63575532073696
45,2,"cong/post-err",5.84137326266361,5.17326348625,6.5104703037425,2.43834870450819,2.23172189222469,2.66328722567886
46,2,"cong/post-err",6.90378452913324,6.161885374675,7.65945792925,1.91963220483832,1.76328211826125,2.08292034861306
47,2,"cong/post-err",6.78926299410532,5.92997538775,7.6547751614,2.07155001936839,1.87099452464848,2.27903499097713
48,2,"cong/post-err",5.70735065476938,4.9145610185,6.530315452025,2.1029080875352,1.92582842243336,2.29389259625527
49,2,"cong/post-err",7.4487487800055,6.62485030275,8.25839753825,1.55156335739652,1.40497250392341,1.71558351936651
50,2,"cong/post-err",5.84462126603568,5.04848553925,6.63912813755,2.16506033726627,2.00830529304221,2.33317922728202
51,2,"cong/post-err",5.91371948442518,5.18530967365,6.6645784789975,1.79365876067662,1.64192834137311,1.96279110041578
52,2,"cong/post-err",7.02738711452553,6.287706008275,7.788671655,2.0966975461343,1.91235782116905,2.29668611562729
53,2,"cong/post-err",5.59873651256036,4.85902347275,6.3185541144,2.4299456645137,2.24203441704705,2.63652979930844
54,2,"cong/post-err",5.90824214021035,5.163757796475,6.62112841725,2.07035321463696,1.90824561692708,2.2398996529577
55,2,"cong/post-err",6.52298872524934,5.73726367425,7.296017819375,1.691270270898,1.56038833085035,1.83292097616364
56,2,"cong/post-err",5.45475797984448,4.678759949,6.2046640066,2.34657412480894,2.16678442781136,2.53679892683323
57,2,"cong/post-err",5.53807044748044,4.78694760475,6.24938991725,1.90896287354488,1.73851196473372,2.10083325385279
58,2,"cong/post-err",4.72711751881068,3.789872379,5.6602546231,1.84770062202466,1.67524532241332,2.0413772241904
59,2,"cong/post-err",6.30684768060443,5.54177355525,7.0626577117,2.21200161882686,2.03792184353098,2.40141094475704
60,2,"cong/post-err",7.04495883970988,6.266788673,7.84256323875,1.73397761178677,1.58747443756416,1.89774964459474
61,2,"cong/post-err",6.70658919615988,5.97894879875,7.42238184175,1.71719290450173,1.56786786984646,1.8786203801759
62,2,"cong/post-err",6.61663025375915,5.81829671725,7.4034154446,1.62707788773529,1.49491662975464,1.76482967150022
63,2,"cong/post-err",5.68783105922562,4.934134186325,6.43120533165,2.18985025587589,2.01818349539743,2.3786409077716
64,2,"cong/post-err",6.02075779807056,5.21694564725,6.85789290485,1.72567706349243,1.59090029741526,1.86824465648952
65,2,"cong/post-err",6.38051438961423,5.608313211725,7.19350484623,1.72998872738104,1.59892853467461,1.87216254789341
66,2,"cong/post-err",5.85213495399278,5.1533431035,6.5388826721,2.13958334808388,1.96560500241637,2.33027922907227
67,2,"cong/post-err",5.39549994866333,4.53496081175,6.2665965866,1.89718973567645,1.72814629232129,2.0825503465536
68,2,"cong/post-err",6.88367256285342,5.9859343079,7.83325551825,1.74749533738458,1.59878162763791,1.91061691442733
69,2,"cong/post-err",6.40047177855153,5.6988879903,7.101890846225,2.05033986927555,1.89633950844529,2.21481314796917
70,2,"cong/post-err",5.11421200198469,4.293250487,5.923604370475,2.45105072962717,2.24662311779933,2.66469953785967
71,2,"cong/post-err",6.13772205606534,5.4026408035,6.8720813441,1.74121819013396,1.60827180494854,1.88315534557251
72,2,"cong/post-err",6.06383836754606,5.35083609525,6.78178487737875,1.85315061301279,1.70507945368375,2.01663632165871
73,2,"cong/post-err",6.52207083370057,5.80616456725,7.251232266,1.8079190321928,1.6499390327551,1.97793579124443
74,2,"cong/post-err",6.38177068894644,5.667672898085,7.11167320865,1.9672296334123,1.80166220687518,2.14146634204316
75,2,"cong/post-err",6.86057408334085,6.0294096655,7.692691694025,1.62006639402968,1.48684359390323,1.76600089033892
76,2,"cong/post-err",6.10867953092628,5.391310906,6.8505650297,1.81813315640729,1.66562667784203,1.98289913744675
77,2,"cong/post-err",5.16702068892769,4.3603019405,5.980496368,2.56579169722323,2.35047601903452,2.80677717062956
78,2,"cong/post-err",5.5475925944495,4.927863931,6.15341079525,2.29298987460858,2.11216837357918,2.47810974138746
79,2,"cong/post-err",6.95431521607396,6.11353256775,7.7890974025,1.38592483166986,1.24594701632605,1.53996249834362
80,2,"cong/post-err",4.61586204075858,3.762327571,5.452381457,1.94478140829551,1.76692246033193,2.13892643433514
81,2,"cong/post-err",6.36592964186514,5.661234976175,7.081202313875,2.01169648020875,1.8537272947501,2.18379613791626
82,2,"cong/post-err",6.09061923281184,5.3573009308,6.819090127775,1.78703588027793,1.62514121255519,1.95786016959956
83,2,"cong/post-err",6.0444060644156,5.28964680275,6.787801754825,1.98351021457286,1.83258248088741,2.14497874724444
84,2,"cong/post-err",6.15185869150813,5.415698683025,6.89084007,2.18379240363331,2.01911428708039,2.36615256127345
85,2,"cong/post-err",9.05446113425823,7.99651228175,10.11356949075,1.4150934796415,1.24010317174363,1.60993827174014
86,2,"cong/post-err",6.44328651138337,5.6826622025,7.17536671425,1.72812279606559,1.57352986860842,1.89458556466579
87,2,"cong/post-err",6.38224093175866,5.6001458705,7.1634568438,1.64642392244772,1.51375165167613,1.79841233214581
88,2,"cong/post-err",6.29640353909891,5.4227562575,7.16363601275,1.5442478828007,1.42237746104242,1.6808591206608
89,2,"cong/post-err",6.15790621106645,5.38289850775,6.9280454205,1.70796486053478,1.57278997725263,1.85801872972971
90,2,"cong/post-err",5.13826016345858,4.3203424785,5.950079621085,2.01324062296172,1.84743472238169,2.19901433616233
91,2,"cong/post-err",6.10174809977358,5.27094329575,6.943950356425,1.45292588830628,1.3318887760979,1.57769448582053
92,2,"cong/post-err",5.88981265669871,5.1406814285,6.6233490201675,1.98970390798617,1.82826210836825,2.16010755932713
93,2,"cong/post-err",6.37114271427224,5.6848782612075,7.04885405385,2.2174190655921,2.05638619241745,2.39157385304941
94,2,"cong/post-err",6.38714972168861,5.59640778,7.178952113375,1.750852435238,1.61208434171509,1.90414094173497
95,2,"cong/post-err",6.57374264216617,5.81692414075,7.33734975625,1.58301476192268,1.4494899018866,1.73132815388907
96,2,"cong/post-err",6.23845674054248,5.4759772905,7.00663663485,1.93091276611876,1.77708736489484,2.09972239630495
97,2,"cong/post-err",5.92626712902768,5.13625877575,6.745325858025,1.99234811878417,1.8288391450219,2.16636499739173
98,2,"cong/post-err",7.22007546272065,6.41293165675,8.01783515355,1.41531651873686,1.29705698312461,1.54304711916742
99,2,"cong/post-err",5.0859044776191,4.30938936775,5.870897196,2.02973954890677,1.86564044411913,2.19893253516609
100,2,"cong/post-err",5.52358349488436,4.74353121425,6.299319933075,2.09206109778299,1.93373440958355,2.2554852270654
101,2,"cong/post-err",5.58239469818972,4.95188248275,6.21292886255,2.14086999595495,1.94540804877881,2.35010978115135
102,2,"cong/post-err",4.83329174224675,3.9117643525,5.7414554135,1.9434793018682,1.78022666659302,2.12469469693754
103,2,"cong/post-err",6.05477386503715,5.27046357525,6.852954941975,1.9742001464302,1.81437203881998,2.1416746181954
104,2,"cong/post-err",5.89889218864988,5.1094566935,6.721080143525,2.03716636853348,1.85646052329789,2.24091822771609
105,2,"cong/post-err",6.99918958207296,6.19874461225,7.775160046675,1.68168651160508,1.5138328449632,1.86950908522339
106,2,"cong/post-err",6.03224767114515,5.29976196885,6.7925444991,2.2933666821498,2.10256072483995,2.49739038389712
107,2,"cong/post-err",5.22043176277314,4.341661917,6.0969211675,1.77438378229485,1.63041398209074,1.93122672769476
108,2,"cong/post-err",6.06326813432828,5.29168641,6.8483231285,2.12453370976952,1.94881024509812,2.30954760762792
109,2,"cong/post-err",5.49630590508105,4.8597728275,6.104580821,2.06789528229208,1.9151973963814,2.23736962950361
110,2,"cong/post-err",6.30425447311765,5.49051037675,7.10242447575,1.62710681557055,1.49039361561665,1.77462409310156
111,2,"cong/post-err",5.41262710944958,4.79284294875,6.0473140569,2.18358371058953,2.01625827882461,2.36059397453877
112,2,"cong/post-err",7.06553220112468,6.324982475905,7.802265520925,2.05525653083181,1.87785257633475,2.2447967929338
113,2,"cong/post-err",5.69204687071275,4.9348462095,6.4550819214,1.82425166648731,1.68189686890369,1.97611288372523
114,2,"cong/post-err",7.30904841782157,6.525274785325,8.0890174576,1.79765205346284,1.62925515747197,1.98915496393937
115,2,"cong/post-err",6.65176110851002,5.81680410925,7.52028986185,1.63879454055103,1.50785546964479,1.78442300220862
116,2,"cong/post-err",5.75080660951915,4.9374932565675,6.57736941735,2.36008600385189,2.15031762824005,2.58899071999813
117,2,"cong/post-err",5.88133906394143,5.00750535225,6.76902973625,1.46053963800383,1.35124980448269,1.57970597063932
118,2,"cong/post-err",6.01132584734052,5.33587037875,6.690386702275,2.32996762009549,2.16075929782268,2.51140578296885
119,2,"cong/post-err",5.71142325919139,4.896679985,6.5273037175,2.34618708817616,2.14663769210506,2.56842600268784
120,2,"cong/post-err",6.69983532285683,5.9896983255,7.40872607275,2.04860165295036,1.87786320427178,2.22987152633348
121,2,"cong/post-err",5.94270654753347,5.16604562,6.722231592025,2.07596858308663,1.91105463572348,2.26355453268746
122,2,"cong/post-err",5.72526188395598,5.00967671805,6.417820693425,1.94394614561317,1.78153035609293,2.12457411339098
123,2,"cong/post-err",6.80685694557945,6.0097564755,7.59430090025,1.70627821763998,1.55542828961688,1.87162350588656
124,2,"cong/post-err",6.23914193250395,5.4998597004,6.987096869925,1.86311902315235,1.69472403425239,2.04062623071118
125,2,"cong/post-err",6.23326243181527,5.4208521035,7.051240609975,1.60202552031266,1.48195665501884,1.73306279320665
126,2,"cong/post-err",6.32773518787659,5.508992698,7.13643852615,1.57298064644389,1.44673598982992,1.70756213650673
127,2,"cong/post-err",7.63809740775419,6.860021598,8.412116273475,1.82919561526306,1.65832790878235,2.01537933185174
128,2,"cong/post-err",5.58170311532018,4.79034298375,6.377339788,1.65928618094788,1.52032826103742,1.80922336995988
129,2,"cong/post-err",6.16995110892849,5.4052251485,6.937168598725,1.79391691464606,1.64867315399398,1.94997519657032
130,2,"cong/post-err",6.36350539537458,5.614938936,7.09500806125,1.71353496415686,1.57639356544285,1.85940093451099
131,2,"cong/post-err",5.72346794164985,5.06821461825,6.3950505884,2.24389346307457,2.060728053868,2.44877798724267
132,2,"cong/post-err",6.39273722365776,5.568886982,7.237719701675,1.53495078119113,1.40815920086709,1.67020224167039
133,2,"cong/post-err",6.31731828544907,5.5724967505,7.05503077875,1.89301650561122,1.74939435284566,2.04807953431882
134,2,"cong/post-err",5.9142931821221,5.241703872,6.58618556975,1.87844483360349,1.72238293331093,2.04740266728615
135,2,"cong/post-err",5.33248123572653,4.43889102,6.212627781675,1.9212603074856,1.74385978617288,2.11759767597512
136,2,"cong/post-err",5.70894953950973,4.92542577325,6.5088876782175,2.04329402476195,1.88269749114009,2.21814973626731
137,2,"cong/post-err",5.71077970692614,4.98122246725,6.428077223725,1.85478419016653,1.70893152185968,2.01544848600709
138,2,"cong/post-err",5.93617727406134,5.286963871,6.58439213005,1.90444225985147,1.74729346603059,2.06857342726121
139,2,"cong/post-err",6.48054120357923,5.72769700355,7.2573103542,1.97945278120431,1.82069319805765,2.15148822080398
140,2,"cong/post-err",5.69521539611741,4.924825523,6.445464988,1.81768796916152,1.66786019000873,1.97955398146706
141,2,"cong/post-err",6.93187076595395,6.072322543,7.791966153,1.46339076484567,1.34525314658223,1.58983874617322
142,2,"cong/post-err",7.85979493982116,7.014693106,8.68694552506,2.00243296363427,1.79976260077338,2.22278056296572
143,2,"cong/post-err",6.40636162995447,5.57855503175,7.249726214,1.71333838134089,1.56978889154823,1.87211371178978
144,2,"cong/post-err",7.23660727796253,6.48641321975,7.97776874875,1.81144056666978,1.65764968213788,1.98165695986008
145,2,"cong/post-err",6.67922182142355,5.9194638544,7.445194218525,1.68155075832073,1.55152581105831,1.82111119050825
146,2,"cong/post-err",6.17099089001883,5.318249576,7.01575451875,1.43594627000323,1.33222518435328,1.54834940456947
147,2,"cong/post-err",5.41653185385926,4.646103382,6.187272736175,2.41992612386356,2.22922521702409,2.62771443602502
148,2,"cong/post-err",5.52881977351972,4.757956236,6.31742089395,2.06948282824694,1.90540379542469,2.24402470194561
149,2,"cong/post-err",6.2966089783224,5.5312650259475,7.0426496729,2.04874391954305,1.89078557351685,2.21375563562303
150,2,"cong/post-err",6.60121115841547,5.867565918,7.351842109675,2.05261603211272,1.89472612936557,2.22082541919954
151,2,"cong/post-err",8.25677617830475,7.454556438,9.0551661177,2.04367089549156,1.84048797402208,2.2661755673374
152,2,"cong/post-err",5.28766786960481,4.60028500075,5.9675980893,2.24906115949823,2.07636576813047,2.42882179002676
153,2,"cong/post-err",6.14983660699321,5.445840001625,6.856959717875,2.2520761562523,2.06852009384569,2.45019831635938
154,2,"cong/post-err",6.31746930287546,5.52053770625,7.127415474,1.84525814463419,1.70332620266893,2.00444133371034
155,2,"cong/post-err",7.79491728613598,6.94012221925,8.648358039225,1.70646970335413,1.56349293526032,1.85976164706887
156,2,"cong/post-err",7.25644388728406,6.4436366394,8.10056156147,1.49528931961941,1.36438211700703,1.63932266236648
157,2,"cong/post-err",7.97486162915131,7.0992994754,8.88336852225,1.43704708157362,1.30564357488745,1.57746263440804
158,2,"cong/post-err",6.74122265416127,6.05502125575,7.432939277575,1.91919286921672,1.72729544559436,2.12769460043748
159,2,"cong/post-err",6.14291214255558,5.35768780525,6.955367314225,1.78872020538222,1.65343195374456,1.93450046349552
160,2,"cong/post-err",5.72548557967514,4.88960711175,6.553223969375,1.88273712143655,1.72544015327432,2.05880102586993
161,2,"cong/post-err",5.36602269720716,4.481963088,6.258482458575,2.27476619181306,2.08825997481173,2.47831710814957
162,2,"cong/post-err",5.32084050649709,4.60156882375,6.044003633425,2.03176572191634,1.89551435116866,2.17794427383083
163,2,"cong/post-err",6.63866626665936,5.8441490895,7.440340936,1.83156207534941,1.69350084278197,1.98289657831552
164,2,"cong/post-err",5.67421007073542,4.9898145765,6.365170899,2.00161241127069,1.83687015100192,2.18050812864733
165,2,"cong/post-err",6.40531644957514,5.638894278475,7.191476567075,1.74112270217793,1.58776330507848,1.9152924346791
166,2,"cong/post-err",5.49173866847676,4.5950851845,6.404717775,1.71681253760208,1.56013045552591,1.88850618060824
167,2,"cong/post-err",7.35385063261384,6.53587568,8.166440180975,1.71503359522327,1.57714282189877,1.86694514004728
168,2,"cong/post-err",7.36578793801625,6.6576686815,8.07251681525,1.94843054497939,1.79151876103938,2.12258776148249
169,2,"cong/post-err",4.99067258627293,4.25181185775,5.711303400725,2.58291965190476,2.37775309974752,2.79314724961064
170,2,"cong/post-err",6.16614640823098,5.357905052,6.96861906705,1.78269144006767,1.64380843208136,1.94179302834254
171,2,"cong/post-err",6.79636508301967,5.96187669115,7.6649091613075,1.45000994083383,1.32070655151466,1.59565604743311
172,2,"cong/post-err",5.0843594206866,4.25582149475,5.90942295535,1.8667090406087,1.69457170179968,2.05935978609448
173,2,"cong/post-err",5.84530588734506,5.162175399,6.5311947795,2.15472654921209,1.98002716592136,2.34483912505316
174,2,"cong/post-err",6.17502795799144,5.33325784025,6.9933562629505,1.60224687294621,1.47741985264278,1.73792050264626
175,2,"cong/post-err",6.98960692141693,6.1544611767,7.8393986615,1.67636927859404,1.53527500673012,1.82820498258458
176,2,"cong/post-err",6.12459969470336,5.33098056275,6.9277982530125,1.98333899246634,1.82733966675008,2.15266979260393
177,2,"cong/post-err",5.92990388185349,5.211787615535,6.66497296755,2.33349673613716,2.15249600687718,2.52760386611535
178,2,"cong/post-err",7.52865904788052,6.671845335,8.401844034925,1.68846571085338,1.51002699984857,1.88576073885232
179,2,"cong/post-err",5.82088643394084,5.02823440425,6.62163458595,1.73481542540893,1.59855308412483,1.88080488673468
180,2,"cong/post-err",6.66618793094004,5.832098345,7.5093219485,1.5478192439261,1.4153853835455,1.69257267311819
181,2,"cong/post-err",7.10776153524523,6.31734995565,7.9026797865,1.52370944609344,1.38004259678504,1.68578576753591
182,2,"cong/post-err",6.7871868596553,6.0350371481,7.548707683325,1.84241527535494,1.67922109810036,2.01601902494474
183,2,"cong/post-err",5.00700980089311,4.0755598605,5.929252418,1.68643077566654,1.54037524493946,1.85178797793445
184,2,"cong/post-err",7.14736498916473,6.431036257425,7.85811003225,1.87764539197233,1.72187468575625,2.04822383736216
185,2,"cong/post-err",5.88893498647005,5.09785146175,6.713288240575,2.22401827106491,2.04523321529008,2.42019433600619
186,2,"cong/post-err",6.2768980572235,5.54829574375,7.005484299775,1.84697353904559,1.70404925981161,2.00473276167261
187,2,"cong/post-err",5.78100641938746,5.01619001725,6.52585797765,2.05807225888322,1.90066075060954,2.2307670759351
188,2,"cong/post-err",5.03650826372043,4.17093015225,5.9021685938,2.21788256295934,2.015104777782,2.43118105401878
189,2,"cong/post-err",6.28650751971005,5.54088536675,7.029818628975,2.007761602896,1.8546924238986,2.17200780681742
190,2,"cong/post-err",7.05781797510233,6.3338488645,7.788095946,1.96120027265004,1.77991712592635,2.15375744867952
191,2,"cong/post-err",6.91738713705548,6.20578796925,7.6198595152675,1.95611832695762,1.782876814919,2.14259939746699
192,2,"cong/post-err",6.68233734410084,5.8530691505,7.5127929,1.5913993347921,1.46470719350559,1.72697655548629
193,2,"cong/post-err",6.75471386700917,6.06803954625,7.439109168725,2.07846197842461,1.91299150150909,2.25462128932462
194,2,"cong/post-err",5.50704101716918,4.62968218325,6.35733045655,1.72935563660237,1.58075883826508,1.88633497549127
195,2,"cong/post-err",8.33004007433085,7.5648527035,9.11036540075,1.80026284080226,1.62785162447985,1.99031561601475
196,2,"cong/post-err",7.86433928168569,7.05350498425,8.65906387985,1.58106598031192,1.42154588227851,1.76073863393016
197,2,"cong/post-err",5.93785335646655,5.270153388,6.5930945365,1.95626734371225,1.79871770862576,2.12420242541157
198,2,"cong/post-err",5.84243033032248,5.106556142,6.5728985163,2.38132409023499,2.19611042968792,2.57620971902773
199,2,"cong/post-err",6.04838283985199,5.359542246,6.739323839375,1.94769867871153,1.79011039998705,2.1199521256026
200,2,"cong/post-err",7.14996237680956,6.4319778065,7.87244037075,1.85178820853526,1.70310595453484,2.01338582524361
201,2,"cong/post-err",8.38730956806116,7.440263766735,9.34407857075,1.53842485117268,1.37047520259489,1.72359758945126
202,2,"cong/post-err",6.03276471155139,5.2384178625,6.81850574775,2.45032523455375,2.25540864278747,2.66149578160584
203,2,"cong/post-err",4.94214487231283,4.070367051,5.800923761575,1.891231058408,1.73697144533332,2.05759633847417
204,2,"cong/post-err",5.36138185037719,4.651314972775,6.06212137295,2.25360246482568,2.06612518287394,2.45905982295682
205,2,"cong/post-err",6.16785628748984,5.32691343325,6.989834341575,1.59103769914906,1.45778194930772,1.74169856803705
206,2,"cong/post-err",6.67015104268099,5.8928124585,7.44760612442,1.5421070216878,1.41600727817166,1.67974429321181
207,2,"cong/post-err",6.11526834122657,5.44089304615,6.813876407675,2.33542049391064,2.15597204537314,2.52377083302622
208,2,"cong/post-err",6.6548266321456,5.938072970425,7.360411791625,2.10679508230023,1.9426212229649,2.27454017229774
209,2,"cong/post-err",6.73195376759421,6.06816836575,7.402828324,2.16689377290467,1.99863687037724,2.34603091458277
210,2,"cong/post-err",6.34730798601237,5.6170694685,7.06828875585,1.63828939043174,1.48793549863758,1.80573475096936
211,2,"cong/post-err",5.90222058235733,5.11474199825,6.694103462275,1.63012861898429,1.50073458827744,1.7724325783971
212,2,"cong/post-err",6.05197720614777,5.263996173,6.8488809426,1.99392772543208,1.85361402786558,2.14392838959265
213,2,"cong/post-err",6.05425353616266,5.2687993545,6.8422928615,1.84521247082395,1.69536053058096,1.99959687084854
214,2,"cong/post-err",5.3663183009514,4.58604961475,6.12745993875,1.69401573830081,1.55246883838175,1.8512383361501
215,2,"cong/post-err",7.22067261406796,6.33961957975,8.1203482025,1.30268898415969,1.19751837045057,1.41771429364818
216,2,"cong/post-err",6.93684890087517,6.1777321279,7.686521295825,1.71370644628141,1.56249680260333,1.88008818409959
217,2,"cong/post-err",6.46823109569133,5.78617835275,7.17894410675,2.0493737718134,1.88395234422481,2.22751651894923
218,2,"cong/post-err",5.55984763441608,4.70860389325,6.3964680567175,1.86044356425209,1.69684858791668,2.03755028070047
219,2,"cong/post-err",6.41406605658747,5.75940767825,7.10136451675,2.13567170980378,1.96156736364661,2.32398840495535
220,2,"cong/post-err",5.23163043692563,4.5806845839,5.8689231245,2.05276355584518,1.89095451925273,2.2245859428573
221,2,"cong/post-err",6.49347958790272,5.75498503225,7.2279165785,2.11522741564348,1.94983948668308,2.29204241133033
222,2,"cong/post-err",5.50499854844785,4.8183543085,6.160646758175,1.52287391114508,1.39835071072499,1.65157917099583
1,3,"incong/post-corr",0.572294663958693,0.0514538894999998,1.07696958929,1.01229132558913,0.934070640427905,1.09795649199796
2,3,"incong/post-corr",1.22419285410566,0.7217428885,1.736026075325,0.856529434788297,0.788355428130807,0.932860889514237
3,3,"incong/post-corr",0.756533725031862,0.25103423,1.255602669125,0.902725942544421,0.837235778835115,0.974403596377663
4,3,"incong/post-corr",-0.997054378369173,-1.83300836075,-0.1643205245,0.702150902226028,0.634259325057344,0.776684622908995
5,3,"incong/post-corr",0.494309993020259,0.0176068597500002,0.966611696249999,1.12823877062575,1.04932412404458,1.21346168842011
6,3,"incong/post-corr",-0.609486425136154,-1.249698105925,0.0240930329999997,0.890501917472282,0.819137098830362,0.967302918931878
7,3,"incong/post-corr",1.77589429848503,1.35693089175,2.19269777975,1.37173553401548,1.2565416915513,1.49233584388952
8,3,"incong/post-corr",-0.0201945931465066,-0.708982393,0.662904177,0.882216013361164,0.798310009978245,0.974728690470782
9,3,"incong/post-corr",0.980436570220989,0.460903512875,1.5223354495,0.88928153797646,0.821137784807374,0.961726870468915
10,3,"incong/post-corr",0.267008222498198,-0.225650142775,0.765974657275,1.01895301429909,0.941360270408474,1.10354086826195
11,3,"incong/post-corr",-0.474669451965406,-1.0811703647075,0.12121861025,0.843539109704305,0.780783364693135,0.910399812126479
12,3,"incong/post-corr",-0.123641913719924,-0.66308898625,0.4321270938,1.03411048182673,0.954796989943187,1.11690425839729
13,3,"incong/post-corr",1.9504794783441,1.45811125825,2.423522650125,1.1086321254872,1.01017304819329,1.22237768893675
14,3,"incong/post-corr",1.22512728894654,0.745068677775,1.700438867475,0.998944614268952,0.911325650888351,1.09691891966058
15,3,"incong/post-corr",-0.409404730089087,-1.14353367225,0.328189137674999,0.705774713113045,0.648582657387137,0.768406352153162
16,3,"incong/post-corr",1.32358780146503,0.8621908893785,1.7859412171,1.11474143963237,1.01870476748309,1.21868166861472
17,3,"incong/post-corr",1.2462781248615,0.799181107905,1.696806477075,1.17579514213125,1.08810050620312,1.27117118925205
18,3,"incong/post-corr",-0.208981921044953,-0.89367967725,0.4854830547,0.794427508914564,0.724338335765017,0.87158007546562
19,3,"incong/post-corr",0.874744052857287,0.35750034135,1.37647533,1.02958228192063,0.952489927875834,1.1122999162825
20,3,"incong/post-corr",0.506087069681147,-0.0242644426749998,1.043815257125,0.875780624746667,0.808664686175942,0.94954100700324
21,3,"incong/post-corr",-0.304553163854834,-0.919161574,0.29480819175,0.965649817375422,0.882898927803828,1.05766445424821
22,3,"incong/post-corr",1.22895090399354,0.77216177325,1.68426911715,0.95699702027903,0.872747789304934,1.05197113477582
23,3,"incong/post-corr",0.554965887907603,-0.00579097490000005,1.10761588175,0.87241852854715,0.80331662324339,0.948878067838964
24,3,"incong/post-corr",1.90656264929649,1.372418652675,2.421162946175,1.04116132040054,0.957080316751371,1.12869045331505
25,3,"incong/post-corr",1.53837479537497,1.1152079645,1.97006786825,1.01598754277467,0.944270524780508,1.09190020525309
26,3,"incong/post-corr",0.67067200577648,0.137958758775,1.21391567925,0.938174393248063,0.865400704107783,1.01791308414558
27,3,"incong/post-corr",-0.55859916232117,-1.27103150259425,0.14091504425,0.761484521782467,0.691429205964357,0.841225421407677
28,3,"incong/post-corr",0.248471565736923,-0.268805553875,0.75978662015,1.02795776443239,0.951257691421126,1.11137818714157
29,3,"incong/post-corr",0.634672305340979,0.107416389,1.156781712625,0.982939234094453,0.901514777438818,1.06608438185407
30,3,"incong/post-corr",-0.103789345697632,-0.73230136355,0.544199020437499,0.901868421670761,0.83093716413492,0.97935514759966
31,3,"incong/post-corr",0.00980503182336198,-0.70008250125,0.71511112075,0.827378912788408,0.75174208874971,0.90914560738225
32,3,"incong/post-corr",-1.64583516947658,-2.48698915525,-0.815429713350001,0.715663588775312,0.652029602986469,0.783704019943034
33,3,"incong/post-corr",-0.00397331912675034,-0.57137957805,0.553652689325,0.878368618667695,0.807611793082751,0.956014038308212
34,3,"incong/post-corr",0.511511476256485,-0.151249976545,1.1822429845,0.790497670285004,0.72482635588029,0.86234447422343
35,3,"incong/post-corr",-0.497703996304724,-1.16301934275,0.1757328327475,0.824893840160256,0.750871637094746,0.904626878835714
36,3,"incong/post-corr",0.76465471597677,0.2772214745,1.24121793825,1.02480103158117,0.94601737325373,1.11186257167702
37,3,"incong/post-corr",1.75451849915603,1.27065966425,2.246886784,1.03415158273068,0.953813000764148,1.12174145039914
38,3,"incong/post-corr",1.37666160844643,0.8216058485,1.93011215775,0.752594293172481,0.686835410571305,0.824855625139067
39,3,"incong/post-corr",0.754697352814283,0.2497159425,1.2378018535,0.974473406647756,0.902926668711055,1.05022696507645
40,3,"incong/post-corr",1.80802831873618,1.323766828,2.28636747075,1.0300102090032,0.942708803688526,1.12539323386417
41,3,"incong/post-corr",0.814076681398414,0.3090930568,1.34585760875,0.860679322677972,0.791094037787729,0.937976840148258
42,3,"incong/post-corr",1.13655822098247,0.65858094175,1.614062528,0.979906465386708,0.900454878671302,1.06771635583471
43,3,"incong/post-corr",1.59409747990169,1.023956483525,2.15582916325,0.918381169971508,0.825231177709721,1.02609605451976
44,3,"incong/post-corr",1.43663201963008,0.9778253185,1.888709036,1.20065632771609,1.10486731756642,1.30064163491867
45,3,"incong/post-corr",1.08492056748963,0.66659216825,1.501519282125,1.20518183279982,1.10494016469038,1.31453432136214
46,3,"incong/post-corr",0.213004703769844,-0.321262723925,0.752509352,0.948791511448356,0.873295898990834,1.02770356280218
47,3,"incong/post-corr",0.371911019689133,-0.239568602375,0.97845049725,1.02388951320454,0.924679288364224,1.12923739301939
48,3,"incong/post-corr",1.30163848503828,0.817571898275,1.778690336,1.03938088076137,0.953149106640916,1.13242512764022
49,3,"incong/post-corr",-0.884016272866761,-1.5673636785,-0.185198106900001,0.766858707658686,0.696164593762563,0.84562126107402
50,3,"incong/post-corr",1.23383427245057,0.757373454775,1.731998689,1.07010799396715,0.992720677657955,1.15295323465587
51,3,"incong/post-corr",0.921485294785607,0.41263044125,1.42370751875,0.886509646178943,0.812218074090822,0.967552840891838
52,3,"incong/post-corr",0.46384239002852,-0.0580477737499997,0.9840509465,1.03629895056513,0.946048406513411,1.13201660563932
53,3,"incong/post-corr",1.14818826843845,0.7111482133,1.58857311225,1.20102794087144,1.1093354831689,1.30222433207622
54,3,"incong/post-corr",0.63320643978339,0.14063012725,1.1219257945,1.02329685504448,0.9446839303004,1.10729444965514
55,3,"incong/post-corr",-0.165663742394997,-0.7718399465,0.458561618,0.835918347335618,0.772210785547214,0.904335060237749
56,3,"incong/post-corr",0.999070247897018,0.5361563547,1.46181387675,1.15980746394335,1.07068957779513,1.25379608042958
57,3,"incong/post-corr",0.898262218241091,0.398879942525,1.3842774186,0.943511664206976,0.860436863761597,1.03603106405916
58,3,"incong/post-corr",1.70237629374736,1.22914824725,2.184049317,0.913228467146543,0.83003145878925,1.00694611489797
59,3,"incong/post-corr",0.688561377760031,0.22435405625,1.1476132865,1.09330690759233,1.00773253028701,1.18633456793985
60,3,"incong/post-corr",-0.324959115312774,-0.93894499225,0.3237750405,0.857033892719041,0.785912454578453,0.937273863285393
61,3,"incong/post-corr",-0.324564805850124,-1.03394124925,0.36035283375,0.848731648560222,0.775759806128646,0.9271994220407
62,3,"incong/post-corr",0.187699339010913,-0.44829975425,0.85273380575,0.804192484113844,0.740322205434105,0.871988779743273
63,3,"incong/post-corr",0.947629904904444,0.45235586975,1.42278043475,1.08233714985861,0.999915237243893,1.17356591705039
64,3,"incong/post-corr",1.06983308537013,0.495777029415,1.653583275475,0.852927438297858,0.78751324213629,0.922794645183416
65,3,"incong/post-corr",0.318101077808958,-0.267357412075,0.8960195925,0.855060783007557,0.790873624575235,0.924103956284468
66,3,"incong/post-corr",0.694934022790064,0.1672694485,1.223774033,1.05749719286687,0.971314323880988,1.14883251672964
67,3,"incong/post-corr",1.78493734009788,1.286453243225,2.287708311975,0.937693780674086,0.855583711925719,1.02665940618006
68,3,"incong/post-corr",0.855645018377901,0.3097399443,1.3941893725,0.863706775367037,0.791127381636733,0.941476560030422
69,3,"incong/post-corr",0.388223392947775,-0.147209252,0.91331300545,1.01339432044229,0.938801920322611,1.09291109939599
70,3,"incong/post-corr",1.50992575179469,1.0667813345,1.9650488495,1.21146966184737,1.1107694014458,1.31748856744676
71,3,"incong/post-corr",0.905814796963981,0.37431396725,1.439594204,0.860598221464015,0.796284882344562,0.928334821198226
72,3,"incong/post-corr",0.447232028606889,-0.0982434310924997,1.01030565075,0.915914142427598,0.843773176267437,0.993720137720629
73,3,"incong/post-corr",0.49783601731117,-0.0424011761225003,1.0211849005,0.893571063548276,0.816551178296715,0.976451095541175
74,3,"incong/post-corr",0.29362317098512,-0.300603805725,0.882031491915,0.972316369791001,0.891906943322233,1.05722388821038
75,3,"incong/post-corr",-0.0156972867227166,-0.618951508225,0.59020741125,0.800727289734467,0.736553621956375,0.870852556996441
76,3,"incong/post-corr",0.675420842357607,0.16272773865,1.18203025769,0.898603666882243,0.824291074320253,0.979161296768304
77,3,"incong/post-corr",1.83155690848559,1.4074503097,2.2587559232875,1.26814097362262,1.1627642983636,1.38239574370151
78,3,"incong/post-corr",0.6389142499695,0.160861299,1.10536330075,1.13332599522495,1.04472236378779,1.22275161265035
79,3,"incong/post-corr",-0.360508675024158,-1.17930846075,0.469129846374999,0.685003210210433,0.615896149761511,0.761045683775424
80,3,"incong/post-corr",1.85295532727925,1.35006469725,2.344501376125,0.961212004944065,0.875380680920599,1.05480519661983
81,3,"incong/post-corr",0.659298150126085,0.16372243825,1.1624000656,0.994289348674502,0.916418405792495,1.07783368920969
82,3,"incong/post-corr",0.456268469440577,-0.0847477374250003,1.026226445725,0.883244525632229,0.806262177869191,0.9686517526038
83,3,"incong/post-corr",0.940395548615079,0.445283488125,1.452071422575,0.980356894204009,0.906579865090235,1.05915899090199
84,3,"incong/post-corr",0.809002946140042,0.27236234105,1.33026649825,1.07934058850263,0.999837956537448,1.16852439148043
85,3,"incong/post-corr",-2.22440405954352,-3.2578066432,-1.17114669605,0.699433610202169,0.613603015041677,0.794833250661537
86,3,"incong/post-corr",-0.22207552129877,-0.8409992465,0.3974855447775,0.854138195493073,0.779210283642081,0.935829052694606
87,3,"incong/post-corr",0.653171318737182,0.1460602940675,1.16838134815,0.813756373858393,0.750066514246319,0.88602000411477
88,3,"incong/post-corr",0.29719433253079,-0.298578938,0.8980835205,0.763257263990408,0.703335177372227,0.830423651227176
89,3,"incong/post-corr",0.0786473693119236,-0.517768422755,0.673424648,0.844172432949025,0.779647361167196,0.916336443062792
90,3,"incong/post-corr",1.44333570021856,0.962239422,1.920712957,0.995059671053481,0.915332200365952,1.08564993684122
91,3,"incong/post-corr",0.667491093760565,0.0454734677749999,1.30364535075,0.718102250652365,0.660961102067486,0.778123190629395
92,3,"incong/post-corr",0.778973491439638,0.278860739975,1.28516423625,0.983422082799602,0.90555838116352,1.06569295763055
93,3,"incong/post-corr",0.123234911295088,-0.40010306325,0.657979994,1.09596424022254,1.01807645627171,1.18046741122783
94,3,"incong/post-corr",0.299447448959222,-0.2680682006675,0.880661578725,0.865366633682039,0.798078939957055,0.939428386631747
95,3,"incong/post-corr",0.475559212644313,-0.11511032,1.05132929735,0.782411871265185,0.716497336825639,0.854016134898033
96,3,"incong/post-corr",0.675080914327311,0.1934003705,1.164896690675,0.95435215991164,0.880666545363138,1.03589723751308
97,3,"incong/post-corr",1.1194041750849,0.605738072125,1.645829649,0.984730306665005,0.903654559560171,1.0702974362898
98,3,"incong/post-corr",-0.718178930064349,-1.3987634215,-0.0185187956500003,0.699524678240437,0.642895325677939,0.762257883283923
99,3,"incong/post-corr",1.65432977996011,1.14180173925,2.1706514726,1.00320550482889,0.923510220144572,1.08592462508143
100,3,"incong/post-corr",1.07140235033947,0.582847713,1.5840074085,1.03400542395302,0.95716388121478,1.11290911828527
101,3,"incong/post-corr",0.903498321202828,0.363024216,1.431739888425,1.0581306623311,0.962171807914756,1.15958765580731
102,3,"incong/post-corr",1.72112392151007,1.22601649325,2.21783604445,0.960575577641135,0.881182581980357,1.04786731712771
103,3,"incong/post-corr",1.09939033766715,0.6179633385,1.5823320315,0.975756798261286,0.897816581380776,1.05769642903343
104,3,"incong/post-corr",1.05986181835035,0.5970026049425,1.52336579645,1.00686403875428,0.919682856796743,1.10378299064573
105,3,"incong/post-corr",0.239900048296347,-0.4408014667725,0.913709195125,0.831169162789453,0.74927082070342,0.921502275405829
106,3,"incong/post-corr",0.977259208516459,0.526403836425,1.4218962686,1.13350814329458,1.04005927338144,1.23214216206804
107,3,"incong/post-corr",1.07852541907546,0.53338823,1.61582081525,0.876999290474638,0.807104028699484,0.953731278452068
108,3,"incong/post-corr",1.18993457139581,0.705837649825,1.67788517215,1.05008130568084,0.963761850145038,1.14279821083578
109,3,"incong/post-corr",0.783665852446386,0.31393923775,1.24559018925,1.02207061478745,0.948963963019321,1.1052315644354
110,3,"incong/post-corr",0.358443542447647,-0.29539982525,1.013905860975,0.804216731467491,0.735362124678714,0.876324997229963
111,3,"incong/post-corr",1.23099084341623,0.77483741,1.676733177,1.07924064870278,0.998729323295082,1.16434470795564
112,3,"incong/post-corr",0.196949289067809,-0.34376582075,0.74643816825,1.01584216953102,0.928073074175976,1.10921349789546
113,3,"incong/post-corr",0.163814774412914,-0.41192537075,0.73952909925,0.901638974288068,0.833073752684293,0.974503112806545
114,3,"incong/post-corr",-1.36522432483656,-2.13712219325,-0.6206780995,0.888511148496588,0.807197342412599,0.981699615297263
115,3,"incong/post-corr",0.846281667569287,0.291916604825,1.4009118625,0.80996932392683,0.746267134367307,0.880276872311589
116,3,"incong/post-corr",1.3603708016035,0.9266754405975,1.7981154718,1.16649214438284,1.0627542433599,1.2798754444581
117,3,"incong/post-corr",0.619321472788431,0.0549568619999999,1.1804122395,0.721876533938527,0.668797507315794,0.778744793292279
118,3,"incong/post-corr",0.891515655303179,0.44853897975,1.345210639,1.15158492216818,1.07215911698562,1.23962079954004
119,3,"incong/post-corr",1.46552435142767,1.0410411788,1.91019981645,1.15961182240969,1.06211190618317,1.26682244367905
120,3,"incong/post-corr",-0.152706143439094,-0.6895459465,0.39301732,1.0125444690366,0.929300914497838,1.10051175784032
121,3,"incong/post-corr",1.15197093652147,0.678809211075,1.61291387675,1.02605150862136,0.945093218234673,1.11534105861589
122,3,"incong/post-corr",0.864589891386469,0.324885767,1.3985119779205,0.960804445502591,0.881305718757151,1.04827057718612
123,3,"incong/post-corr",0.554855717331946,-0.0440272787500001,1.1636412691925,0.843327204362773,0.770284680623143,0.92346796763783
124,3,"incong/post-corr",0.471234785181951,-0.0944966560000002,1.026136224875,0.920843191002779,0.84039011113916,1.00673577910369
125,3,"incong/post-corr",0.630725511164006,0.0695728432249999,1.195474113075,0.791807518842812,0.73299206815233,0.854800542609868
126,3,"incong/post-corr",0.377327379127062,-0.211585472,0.978763614849999,0.777457822006525,0.715133067304325,0.843547368339935
127,3,"incong/post-corr",-1.11769746883711,-1.78333960725,-0.438645677750001,0.90409580039618,0.822316711655161,0.996431744574537
128,3,"incong/post-corr",0.914660781393742,0.36492745,1.45149179475,0.820105952525251,0.751603980815866,0.893141773400545
129,3,"incong/post-corr",0.845515518517421,0.308114807205,1.38298440705,0.886657524465624,0.816672605560701,0.961491685418572
130,3,"incong/post-corr",0.338735761556719,-0.2230292077,0.900836427374999,0.846923876226607,0.780476413081885,0.918594322950501
131,3,"incong/post-corr",1.0203197483984,0.546818452,1.4866744915,1.10904552618013,1.02141678093788,1.20704433414408
132,3,"incong/post-corr",0.465378625194628,-0.1236668427825,1.05359358775,0.758665765007834,0.697043331144831,0.823382325528525
133,3,"incong/post-corr",0.882136433431401,0.37190776545,1.393761139125,0.935632914000758,0.864554481885539,1.01212246273007
134,3,"incong/post-corr",0.710702717141179,0.17947047075,1.2449630365,0.928440519704016,0.851883663170783,1.01076098348883
135,3,"incong/post-corr",1.71081223706448,1.2302253729,2.1953561668,0.949591050456767,0.863455221308203,1.04726702044928
136,3,"incong/post-corr",0.991029310938748,0.484730447725,1.512749894025,1.00992450660219,0.932629349951011,1.09188565399058
137,3,"incong/post-corr",0.4400275346088,-0.0734111436,0.948460064,0.916742041704013,0.846752902760572,0.993204911434424
138,3,"incong/post-corr",0.703923168564654,0.1899139695,1.22096598675,0.941267977936421,0.866001179552735,1.02140195098488
139,3,"incong/post-corr",0.378299732924721,-0.156948104,0.903396658295,0.978346858454785,0.901901756487049,1.06081775535712
140,3,"incong/post-corr",1.02989514914996,0.50592005425,1.549669654,0.898416528426517,0.82507764919168,0.978259662243973
141,3,"incong/post-corr",0.0443338904529598,-0.587874419825,0.680392997,0.723290959359982,0.665028292956413,0.785570959474075
142,3,"incong/post-corr",-0.680990524742169,-1.39151494499,0.0231072400499996,0.98972158047442,0.88916440929721,1.09796600860635
143,3,"incong/post-corr",0.79756603258621,0.2619577387,1.34572933795,0.846822042815476,0.776037548993645,0.923451602284167
144,3,"incong/post-corr",-0.382008271799136,-1.02309135325,0.259064402175,0.895317829438574,0.819245421764493,0.977112060073879
145,3,"incong/post-corr",0.00864676091613666,-0.58395954475,0.6005175409,0.831125891570041,0.767340867362116,0.90020396456729
146,3,"incong/post-corr",0.831416610033001,0.268852729525,1.409296837575,0.709727339075008,0.659787167944013,0.763728112525465
147,3,"incong/post-corr",1.56347301562328,1.13773973775,1.986229559995,1.196055401586,1.10485333568169,1.29782988542075
148,3,"incong/post-corr",1.14876243011574,0.6774892755975,1.61992976615,1.02286046731885,0.944769326982244,1.10845040776309
149,3,"incong/post-corr",0.654174624938659,0.16585578625,1.148245503,1.01261645955413,0.935490596223785,1.09244653159622
150,3,"incong/post-corr",0.33326730479514,-0.16891912025,0.840749732,1.01450581074619,0.939740193644445,1.09419859606338
151,3,"incong/post-corr",-1.52807835640036,-2.293555871,-0.751082150025,1.01009825096136,0.910910138461618,1.11803371134495
152,3,"incong/post-corr",1.49294742217147,1.089729699,1.901852851775,1.1116058685227,1.02904795557948,1.1977755367087
153,3,"incong/post-corr",0.991126763738347,0.5525547725,1.43131158775,1.11309968581552,1.02449208535183,1.210132151951
154,3,"incong/post-corr",0.390365761773006,-0.1706998938,0.965178087875,0.912038879153262,0.842674504163359,0.9894025122829
155,3,"incong/post-corr",-0.706779393883824,-1.389815037575,-0.0307937367500002,0.843443683716463,0.773365344943141,0.91937476402781
156,3,"incong/post-corr",-0.321224959152884,-0.954952117825,0.31099342835,0.739058382007904,0.675246205412735,0.809197532130874
157,3,"incong/post-corr",-1.69497829670952,-2.481739953,-0.87684337975,0.710277245140785,0.645412514878496,0.780776719240727
158,3,"incong/post-corr",-0.183796715818735,-0.84904287725,0.471709717525,0.948568648261916,0.854573674296474,1.05046483897442
159,3,"incong/post-corr",0.588144180542586,0.0486299952499999,1.1210095944875,0.884081211065734,0.819001333502474,0.955269696353652
160,3,"incong/post-corr",1.12084535178781,0.586467328,1.6520291957,0.930558498266186,0.851999832439672,1.01778135695429
161,3,"incong/post-corr",1.82756962344683,1.3728592945,2.27703035325,1.12430960294855,1.0338987836075,1.22425578210166
162,3,"incong/post-corr",1.44301352715587,0.97285181925,1.91175835645,1.00420274198231,0.93900152327164,1.07500668996265
163,3,"incong/post-corr",0.340771410110588,-0.23477068005,0.91132760175,0.905264633235794,0.83886723291753,0.97731496591386
164,3,"incong/post-corr",1.05748388608541,0.60834759725,1.506020058675,0.989298418722303,0.909087060896562,1.07576015684475
165,3,"incong/post-corr",0.743732082343753,0.219285557025,1.253278277225,0.860551385332928,0.784828370272441,0.943850653938768
166,3,"incong/post-corr",1.52627774514008,1.0068843608,2.038026728775,0.848545651517176,0.771894112345436,0.933172764811258
167,3,"incong/post-corr",0.0954580076859465,-0.477624988,0.667759615249999,0.847664871045748,0.780788315792749,0.921418987756807
168,3,"incong/post-corr",-1.00248822750364,-1.66686205675,-0.32386968055,0.96302672225046,0.885158409673549,1.04571901004296
169,3,"incong/post-corr",1.54868166247245,1.12735986765,1.975603911625,1.27663736824255,1.17719006756561,1.38197368600937
170,3,"incong/post-corr",0.764211764079185,0.256711479825,1.2632785105,0.88110356896992,0.81255921409709,0.95784346712335
171,3,"incong/post-corr",0.297208141037413,-0.32926482175,0.90175656595,0.71667232497481,0.6528164457402,0.786327318879396
172,3,"incong/post-corr",1.68475609748659,1.17580866825,2.19594304275,0.92261711043571,0.839854620942684,1.01662268864515
173,3,"incong/post-corr",0.426425575918121,-0.0803111851750001,0.94862416825,1.06498350963552,0.979534416590063,1.15804742965196
174,3,"incong/post-corr",0.456969000671106,-0.0937355532500001,1.01038701645,0.791927097463085,0.731749313956281,0.858900429164723
175,3,"incong/post-corr",0.110179115291866,-0.50791437925,0.719907480139999,0.828564792558341,0.760015200505873,0.904063414494065
176,3,"incong/post-corr",0.671589003460978,0.158688414935,1.1830117885,0.980276823269749,0.904313389666395,1.06325290866173
177,3,"incong/post-corr",0.882787312935577,0.44011224325,1.319685593325,1.15333755693041,1.0650480366481,1.24755727447945
178,3,"incong/post-corr",-0.958966574836391,-1.77089545925,-0.152368605225,0.834535665466355,0.74711421620835,0.930726650263393
179,3,"incong/post-corr",0.819675832426421,0.307963654,1.32183412075,0.857445052926697,0.789965027762492,0.927938868030102
180,3,"incong/post-corr",0.253389411920778,-0.292932290525,0.812126491215,0.765020056459236,0.700980551897504,0.834992889406921
181,3,"incong/post-corr",-0.814264311062602,-1.54918914975,-0.0873028890499998,0.753102042954249,0.683671317317053,0.831556099743406
182,3,"incong/post-corr",0.321905742089074,-0.260996695,0.910873945149999,0.910622326358668,0.833193258470841,0.993817534133338
183,3,"incong/post-corr",1.33023899352978,0.799447327,1.875219007,0.833517263301469,0.762443876352323,0.912616950784876
184,3,"incong/post-corr",-0.834753526848098,-1.48194535175,-0.1961996585,0.928024472413582,0.851550015382052,1.00852857916861
185,3,"incong/post-corr",1.20487729752797,0.7565921211,1.6659325635,1.09923635838566,1.011004971238,1.1946425435598
186,3,"incong/post-corr",0.251665385000395,-0.248384263525,0.768190378825,0.912864288592421,0.843180071228559,0.988065944037266
187,3,"incong/post-corr",0.616233478346573,0.1370600895,1.09310734625,1.01720059380224,0.941078492805698,1.09991712553527
188,3,"incong/post-corr",1.84376506481076,1.40224994625,2.28304126625,1.09622428086679,0.996759591652785,1.20089946428219
189,3,"incong/post-corr",0.507495755170689,0.0285913522750002,0.98586817125,0.99235600944105,0.91810328455973,1.07210384792554
190,3,"incong/post-corr",-0.891242987208843,-1.56117733825,-0.2307203475925,0.969332683018375,0.87948861931536,1.06491179578818
191,3,"incong/post-corr",0.0798305502281591,-0.55554476225,0.7171791242,0.966831686595814,0.880905667290509,1.05730615189094
192,3,"incong/post-corr",0.322635870036003,-0.28939941375,0.91874201665,0.786548811818943,0.726450324426334,0.85157114214091
193,3,"incong/post-corr",0.277898711089178,-0.2108135905,0.7833790723,1.0272833678458,0.947663878356579,1.11325275135069
194,3,"incong/post-corr",1.33967725645097,0.8151120523,1.86564262555,0.854745568975107,0.784027807623234,0.932433634510341
195,3,"incong/post-corr",-1.71789880025247,-2.46478432975,-0.959210911600001,0.889785445789319,0.805336466245065,0.981694466806281
196,3,"incong/post-corr",-1.11180258727767,-1.84656417075,-0.371704610275002,0.78143062402382,0.704211915201455,0.867693867346145
197,3,"incong/post-corr",0.245858940995213,-0.31090668725,0.820900165999999,0.966894782685353,0.890010565575611,1.049182301139
198,3,"incong/post-corr",1.04182595780421,0.604793961425,1.485723675,1.17697665777082,1.08671735157317,1.27183864486326
199,3,"incong/post-corr",0.629900654416272,0.11786458575,1.14794244215,0.962660277063706,0.887187900269781,1.04822971945937
200,3,"incong/post-corr",-0.172005540586916,-0.7110665365,0.355460627275,0.915254060105556,0.84223407184563,0.993684649945025
201,3,"incong/post-corr",-1.70277876529078,-2.642728693,-0.770968674225001,0.760379995309803,0.67790731942511,0.852278314548938
202,3,"incong/post-corr",1.45317208077776,1.01683709695,1.899622544,1.21107840633483,1.11619514560057,1.31479132259129
203,3,"incong/post-corr",1.88848581360616,1.3816754575,2.4037978165,0.934748353799906,0.860311967189685,1.01434707412196
204,3,"incong/post-corr",1.16303742881805,0.696650845,1.62272255425,1.11386240872159,1.02421386322403,1.21389131424796
205,3,"incong/post-corr",0.65700223945583,0.10532695075,1.2084452225,0.786385366585421,0.720394281961193,0.859359038235446
206,3,"incong/post-corr",0.170694337760115,-0.4048485009775,0.737649227175,0.76218672703067,0.700777228163898,0.828237084313346
207,3,"incong/post-corr",0.736167278784452,0.29141146875,1.18857775,1.15430272491726,1.06669492957847,1.24703472320335
208,3,"incong/post-corr",0.209179286967666,-0.28998214675,0.70403717555,1.04128849888906,0.962139639963993,1.12229845493793
209,3,"incong/post-corr",0.388465160994226,-0.0711395907499999,0.8527821901,1.07100139174483,0.987881979813061,1.15741811278101
210,3,"incong/post-corr",0.413809308395691,-0.23539512475,1.066439608275,0.809735997676981,0.736197746215939,0.891241627914278
211,3,"incong/post-corr",0.882229671382673,0.34659116775,1.415060399775,0.805692166064747,0.74425048765683,0.872658565012895
212,3,"incong/post-corr",0.443736181436241,-0.0739963164500003,0.95747811115,0.985507609863809,0.917755359064029,1.05692824383512
213,3,"incong/post-corr",0.762999723845218,0.255983926,1.274413314125,0.912011143272838,0.84069673248021,0.988303709774457
214,3,"incong/post-corr",1.04193601869194,0.50235385275,1.567168015,0.837269824217749,0.768588858405029,0.913688853264968
215,3,"incong/post-corr",-0.755307850335024,-1.4595792875,-0.0569810742500002,0.643868120608198,0.593369512598622,0.699470259683363
216,3,"incong/post-corr",-0.563694137812186,-1.17734210875,0.0643399849499996,0.846999100736974,0.775288003668311,0.926915097095957
217,3,"incong/post-corr",0.981336127904676,0.5055895046,1.4543251893525,1.01289453738682,0.933104509849421,1.09849852332726
218,3,"incong/post-corr",1.32254688104539,0.84480173025,1.8158491613,0.919536597410386,0.840123380931305,1.00604411677689
219,3,"incong/post-corr",0.0158289354201,-0.5606211895,0.5832964615,1.05557189676098,0.971666361102055,1.14736019544071
220,3,"incong/post-corr",1.14684119210353,0.6487177629,1.634464179,1.01458156021326,0.935523686278296,1.09873020926568
221,3,"incong/post-corr",0.820926946596002,0.3673639106,1.28770048005,1.04546196783323,0.964856043568396,1.13011470882718
222,3,"incong/post-corr",1.12322517821085,0.4979083125,1.7542825598,0.752704327554984,0.692016287650052,0.817291329314734
1,4,"incong/post-err",2.20697364037464,1.3416664106775,3.056194875,1.13640790824684,1.04762025444143,1.23362789608176
2,4,"incong/post-err",-0.62876152837233,-1.577566777675,0.315397268499998,0.961534576019354,0.883622248260517,1.04679508316933
3,4,"incong/post-err",1.3808283952348,0.59492999825,2.167555504,1.01339945614862,0.93771054427371,1.0962184208284
4,4,"incong/post-err",1.51931937996917,0.65278418225,2.372043692,0.788235565346639,0.712038151349799,0.871435666273757
5,4,"incong/post-err",1.55020847081307,0.76191762365,2.3210159905,1.26656502586021,1.1744885553539,1.363846951885
6,4,"incong/post-err",0.490364946336154,-0.3631291245,1.3574645605,0.999674912973215,0.917791060084006,1.08752437186852
7,4,"incong/post-err",1.64723066701498,0.777783312225,2.506377223925,1.53992314324307,1.40750271475022,1.67530077865078
8,4,"incong/post-err",2.00641268297984,1.2588882298625,2.76406163675,0.990377228599784,0.895138519160122,1.09488282407244
9,4,"incong/post-err",1.17291679254568,0.32018116075,2.02475179925,0.998301928650756,0.920195316111983,1.08186012033987
10,4,"incong/post-err",1.0296530946018,0.1875172275,1.852605722925,1.14387892794384,1.05623761931384,1.2397744408453
11,4,"incong/post-err",0.301202693598736,-0.5478731764,1.16891212436,0.946956158444323,0.875530996043378,1.02447385790146
12,4,"incong/post-err",1.52524594658659,0.777701088525,2.26757908225,1.16090180071691,1.06772627736999,1.25497953807817
13,4,"incong/post-err",0.467735394455894,-0.48636217,1.36898360625,1.24454814576807,1.13233377454512,1.37378792574839
14,4,"incong/post-err",2.43273946539012,1.60250930925,3.2716112895,1.12141283208611,1.02262173498665,1.23356358266311
15,4,"incong/post-err",1.00660577432242,0.0950190995000001,1.91479521,0.792299898808346,0.727050965520027,0.862319234163753
16,4,"incong/post-err",1.12996169946831,0.21355857975,2.034912614175,1.25140873103987,1.14255101096457,1.36776121907387
17,4,"incong/post-err",1.89552155130517,0.965820839425,2.790596161025,1.31995214054171,1.21996652906755,1.42723748360072
18,4,"incong/post-err",0.848444509044953,-0.0668319982500001,1.73406953725,0.891801692300884,0.812448098373906,0.978242108480589
19,4,"incong/post-err",0.547916614076047,-0.303211974275,1.409455169275,1.15580875626593,1.06830287071912,1.24959594274931
20,4,"incong/post-err",0.911305487752188,0.0354230090000003,1.8054553073,0.983154771679323,0.90676274914418,1.06694483910338
21,4,"incong/post-err",2.07360542218817,1.24581322893,2.8893043015,1.08403955105279,0.990448708375438,1.18747449156512
22,4,"incong/post-err",1.5352791198398,0.59624217525,2.4711953075,1.07433220909078,0.977452066549404,1.18023643295707
23,4,"incong/post-err",0.989601884092398,0.120782363675,1.842966457475,0.979371166939126,0.900165573936779,1.06612037927308
24,4,"incong/post-err",-0.968509055763156,-1.99285045995,0.0617655262499996,1.16880728824319,1.07426144746291,1.26826442242987
25,4,"incong/post-err",3.48750567868837,2.74138815287,4.20694118825,1.14056360641012,1.05807611882762,1.2277571432649
26,4,"incong/post-err",1.08454128595685,0.245865084,1.92453881275,1.05319040191045,0.970696790873468,1.14448770143078
27,4,"incong/post-err",0.826267731987836,-0.0313136602500001,1.68679944225,0.854832123884855,0.774768485123175,0.946003681568995
28,4,"incong/post-err",0.726656772229745,-0.0992534951500001,1.5579711315,1.15398683636145,1.06572942973555,1.25019223018902
29,4,"incong/post-err",0.954000821692356,-0.0532018438250001,1.95174234025,1.10345007965319,1.01225100908918,1.19874491623219
30,4,"incong/post-err",1.01199669103097,0.177159114225,1.85374004775,1.01243320112519,0.931732989806777,1.09865393538157
31,4,"incong/post-err",1.71175026664331,0.90304706,2.492491734,0.928806120359125,0.84386461805411,1.02114534609396
32,4,"incong/post-err",0.685857056443245,-0.1982115676,1.57171373,0.803402194095333,0.733729556217964,0.880701979702122
33,4,"incong/post-err",0.879727776593417,0.076172528435,1.683212497,0.986055782398977,0.904864446660438,1.07430281401416
34,4,"incong/post-err",2.35550872577686,1.633025392,3.067426873175,0.887399577705686,0.813432272406904,0.969709263519351
35,4,"incong/post-err",0.81565201113806,-0.0568309876224999,1.68616332975,0.926014452190589,0.842159086347901,1.01642169235844
36,4,"incong/post-err",1.2886027177899,0.496408482775,2.06107264675,1.15045458604811,1.06002598303138,1.24995162200793
37,4,"incong/post-err",2.12866459741063,1.250546213475,3.00486886075,1.16094964707697,1.06953120143222,1.26192613079511
38,4,"incong/post-err",0.596214147753568,-0.292808046,1.5000987575,0.844852538234018,0.770906952316571,0.925643534398916
39,4,"incong/post-err",1.36009605345239,0.6128813095,2.118433294075,1.09393595127744,1.0124652504338,1.18219141486044
40,4,"incong/post-err",0.230709301763833,-0.703998789,1.19324399875,1.15629798904044,1.0553646066839,1.263375767375
41,4,"incong/post-err",0.387193029568252,-0.52430615405,1.29564379305,0.966210368492343,0.885676489420653,1.05420397343757
42,4,"incong/post-err",1.1216848795842,0.296049967125,1.949855199,1.10003846432282,1.00963044191714,1.20038695873441
43,4,"incong/post-err",1.00389076259831,-0.00279812175000012,1.9825894995,1.03099519925735,0.924972531607915,1.15411064201057
44,4,"incong/post-err",2.24460839180326,1.493797140075,2.99233592575,1.34785905290353,1.23710289322579,1.46135883110091
45,4,"incong/post-err",2.67581799667704,1.890644804975,3.47408174975,1.35292339922655,1.2397941738703,1.48011321729936
46,4,"incong/post-err",0.55450106236349,-0.362162444,1.474362968,1.06511114574028,0.978932785146884,1.15543557600441
47,4,"incong/post-err",0.309795411610866,-0.69515528915,1.329793829175,1.1494083708827,1.03772537298372,1.26701049989118
48,4,"incong/post-err",1.34096277956172,0.43118393775,2.246791492075,1.16680921964269,1.06836748608308,1.27209247141316
49,4,"incong/post-err",0.325728822333424,-0.580415688925,1.21030081025,0.860876337594747,0.779895334975193,0.950234757842211
50,4,"incong/post-err",0.0725153066161002,-0.822554421375,0.9711423135,1.2012888206574,1.11486483775808,1.29519058270211
51,4,"incong/post-err",1.53718703931439,0.72644753969,2.3520986765,0.995210031270147,0.911740106806328,1.08695305061816
52,4,"incong/post-err",1.59140929813814,0.78588467325,2.36474092165,1.16334887424757,1.06126756447712,1.27274182084804
53,4,"incong/post-err",1.32165266492823,0.5395367688,2.11500418675,1.34826838847877,1.24400629088845,1.46352784120659
54,4,"incong/post-err",1.28016996131661,0.448346081325,2.125337790575,1.14874689494025,1.05867159693863,1.24220161219898
55,4,"incong/post-err",0.45698375932833,-0.386415151,1.2929424945,0.938406040402239,0.866082686375441,1.01723979162661
56,4,"incong/post-err",1.03629851636965,0.18283120795,1.88183850125,1.30200225080321,1.2007401892576,1.40727062053924
57,4,"incong/post-err",1.72780240265892,0.883546305,2.583553697,1.05917957902247,0.965858733857115,1.165204179345
58,4,"incong/post-err",-0.915082374314027,-1.937484724975,0.0850774594999999,1.02519107891265,0.931938212474308,1.13157872503496
59,4,"incong/post-err",0.969183581306635,0.061423302225,1.85611140535,1.22733535812287,1.1309463002051,1.33271826768825
60,4,"incong/post-err",0.26267462597944,-0.57898923775,1.11195436425,0.962103052201633,0.880353437771182,1.05256048981997
61,4,"incong/post-err",2.26128637978346,1.44837015025,3.06763901375,0.952791095689637,0.869183814712937,1.04339513072677
62,4,"incong/post-err",2.16291396122241,1.3194868525,2.99819774625,0.902782344451635,0.830170951340765,0.979998176146538
63,4,"incong/post-err",1.36743352509555,0.5612822802,2.157960524325,1.2150374346386,1.11915331080474,1.32097766019195
64,4,"incong/post-err",0.200464861796536,-0.6976919945,1.08615928625,0.957498944404759,0.88273297399847,1.03736066180175
65,4,"incong/post-err",0.759243140957707,-0.107265043725,1.60611641625,0.959888418456375,0.887680093914212,1.03913387687359
66,4,"incong/post-err",2.18635599534327,1.445855642675,2.93607277575,1.18714651697082,1.09145900049583,1.29226558994572
67,4,"incong/post-err",1.59483340739879,0.58813938969,2.5608409178275,1.05265774165206,0.959098355262509,1.15531261749947
68,4,"incong/post-err",-1.24971484584457,-2.37923082125,-0.141594761750001,0.96959529012034,0.886861047508291,1.0586138678408
69,4,"incong/post-err",1.56003988378556,0.799928050375,2.304240027,1.13763096839978,1.05374676924115,1.2286466330071
70,4,"incong/post-err",0.254287296338641,-0.61045381965,1.1349001375,1.35997388373794,1.24614374057188,1.47873578432216
71,4,"incong/post-err",2.17609025790268,1.413569748,2.94060650475,0.966122130227884,0.89303792606968,1.04451843612755
72,4,"incong/post-err",1.10596415769311,0.316593802975,1.8963696245,1.02821151585599,0.946215341643013,1.11707059423834
73,4,"incong/post-err",0.147259628355497,-0.745033673175,1.01731257455,1.00312070578173,0.915878317334982,1.09762212911431
74,4,"incong/post-err",0.762167979614882,-0.0989806085,1.64224956575,1.09152782237695,0.999158488124616,1.1873018962535
75,4,"incong/post-err",-0.0736055826772837,-1.041111279425,0.875828177499999,0.898888071195829,0.82583115078794,0.97747599508091
76,4,"incong/post-err",1.77829399874239,1.0272843907,2.53636684675,1.00879099739853,0.923977580945249,1.10061379078225
77,4,"incong/post-err",1.59927291801441,0.70253799375,2.483306416075,1.42363223794237,1.30403794575349,1.55510743317282
78,4,"incong/post-err",3.10664651696383,2.38508028575,3.85184861575,1.27226771500406,1.17235884849444,1.37435215891265
79,4,"incong/post-err",1.87314295902416,0.91665442675,2.82310300425,0.768987428534468,0.691141133164917,0.853878741631649
80,4,"incong/post-err",0.99402065295409,0.0773319352750001,1.9260782655,1.07906275203435,0.981572078643127,1.1854803754249
81,4,"incong/post-err",1.05184930290724,0.099361916,2.03119055975,1.11619147450161,1.02779206471988,1.21320230772534
82,4,"incong/post-err",1.14694794132609,0.24050703345,2.062036931,0.991534296499024,0.901994405599672,1.08733271379532
83,4,"incong/post-err",1.35582779711826,0.535961638475,2.17031195225,1.10055595454304,1.01769733959372,1.18951467629047
84,4,"incong/post-err",2.17254868872663,1.46881682585,2.874176763,1.21168125307822,1.12027281298457,1.31306587525431
85,4,"incong/post-err",-0.712324844723151,-1.717988988275,0.311427617749999,0.785165562974194,0.688554416675612,0.891709057003848
86,4,"incong/post-err",1.18099718239877,0.3529271315,2.01957998925,0.958851493697706,0.873367057817524,1.05102331234134
87,4,"incong/post-err",1.23417419472949,0.401770326325,2.0658464985,0.913516771421447,0.840158326869891,0.997960687920528
88,4,"incong/post-err",0.167486791902544,-0.6727643225,1.01181361255,0.856826892082172,0.788992187948746,0.931530030288495
89,4,"incong/post-err",0.655537623121411,-0.116781371,1.408843731,0.947664175937345,0.873879722947934,1.0296576350276
90,4,"incong/post-err",0.37595183728144,-0.52331435665,1.25196436925,1.11705010232427,1.02523295549478,1.22103935107895
91,4,"incong/post-err",0.955464799206103,0.084254453875,1.8184965295,0.806154919295169,0.740253516678034,0.875546409954109
92,4,"incong/post-err",0.797154774927033,-0.0542695985500002,1.650220202,1.10399189045588,1.01453627670949,1.19861259283328
93,4,"incong/post-err",1.12637384613825,0.309971222,1.92412327975,1.23033177752819,1.13989991104077,1.32724123281079
94,4,"incong/post-err",0.697328817707445,-0.1195317816,1.49996943635,0.971464748988714,0.894847776668728,1.05710605776366
95,4,"incong/post-err",1.55874546832235,0.65912546075,2.438857009,0.878342644322257,0.80365777998117,0.959108603489651
96,4,"incong/post-err",1.30400687437269,0.53536505825,2.092128377625,1.07136077037986,0.987737619739318,1.16319808123279
97,4,"incong/post-err",1.0206443025151,0.1058042832,1.911016209855,1.10545685355221,1.01549716362607,1.20359171932406
98,4,"incong/post-err",0.461227069197684,-0.4384071787,1.3266231175,0.785285085515657,0.720330610692971,0.85614390424598
99,4,"incong/post-err",4.1396608636809,3.380374018825,4.90887324825,1.12621926566701,1.0336767975855,1.22054070015119
100,4,"incong/post-err",1.13867810366053,0.36333381775,1.93850043551,1.16078606541012,1.07328537904033,1.25215309474611
101,4,"incong/post-err",2.47606928443051,1.7013386168,3.243312631,1.18786242742004,1.08094432275781,1.30320420435457
102,4,"incong/post-err",-0.174752235143409,-1.125818772,0.79357667725,1.07833985798611,0.987201847803623,1.17724972838449
103,4,"incong/post-err",-0.641118064867153,-1.63355064875,0.353208548999998,1.09538783829257,1.0066278196326,1.19008196022313
104,4,"incong/post-err",1.29857304854965,0.36974640725,2.205141606325,1.13031663482372,1.03145688815931,1.24276378934515
105,4,"incong/post-err",1.47897307810365,0.64665177,2.299574098,0.933071599697983,0.841075792735041,1.03694598019199
106,4,"incong/post-err",1.22987481161688,0.463613464415,1.972919102,1.27248093433377,1.16609256439287,1.38594581350595
107,4,"incong/post-err",0.416857388191204,-0.39925490225,1.2536176815,0.984508921985631,0.905279833592078,1.07206732093899
108,4,"incong/post-err",1.20485374813752,0.2199822415,2.187071579,1.17880613923604,1.08250530129142,1.28106027010198
109,4,"incong/post-err",3.18036188035695,2.498700101,3.8716936625,1.14737523146622,1.06306266891659,1.24161351526961
110,4,"incong/post-err",1.92466797308569,1.0934097223,2.72809672,0.902804668097035,0.825607055040483,0.985753235286602
111,4,"incong/post-err",3.27374457674042,2.5816500622,3.95011324525,1.21157246562231,1.11931347006266,1.31036869413546
112,4,"incong/post-err",1.15750814899886,0.4518596005,1.889384204,1.14035948786601,1.04277877361868,1.24495504816018
113,4,"incong/post-err",0.658163956253754,-0.13681635475,1.4576358335,1.01217986073416,0.934710773044478,1.09660762044222
114,4,"incong/post-err",0.0604846540698872,-0.91427569612,1.0230863205,0.997433229390797,0.903768625673204,1.10262654351373
115,4,"incong/post-err",0.665849400764048,-0.309391210225,1.6061311400825,0.90928258338707,0.837020669705868,0.989277353874791
116,4,"incong/post-err",1.4965810242965,0.6051241118,2.38516556375,1.30949854505042,1.19291586862742,1.4376830467808
117,4,"incong/post-err",-0.619009144155098,-1.560103262175,0.326177638249999,0.810379434494381,0.74994411243283,0.875652501939754
118,4,"incong/post-err",2.40058528089682,1.69974825775,3.11850948,1.29278433704317,1.19956096992187,1.39419383665971
119,4,"incong/post-err",0.617643480172328,-0.3073807715,1.53106754125,1.30178657149441,1.19110503366061,1.42523472233976
120,4,"incong/post-err",1.57339360793909,0.819586225525,2.310925044,1.13667028184172,1.04230043577726,1.23633194777331
121,4,"incong/post-err",0.728667521878536,-0.1343324035,1.602862897575,1.15185259744715,1.0603747595391,1.25446956400498
122,4,"incong/post-err",1.52332746201353,0.688732808625,2.32673224205,1.07859802104774,0.988557777439313,1.17860858465221
123,4,"incong/post-err",1.38546751973472,0.53746196475,2.21870669275,0.946726501962148,0.863336223568338,1.03847408097229
124,4,"incong/post-err",1.48351256641805,0.72064375474,2.2581217915,1.03374715284307,0.940925978324216,1.13151508188603
125,4,"incong/post-err",0.63936105390266,-0.2458461112,1.51440998175,0.888887694806514,0.822254288039071,0.961892657727224
126,4,"incong/post-err",-0.538296814360397,-1.435018139375,0.367497831999999,0.872771988540905,0.802572881595742,0.946839898372506
127,4,"incong/post-err",1.34459662047044,0.550423460875,2.1099575675,1.01492985935898,0.921387099365325,1.11900859576213
128,4,"incong/post-err",0.338803041306263,-0.58594275235,1.24402532125,0.920649262431649,0.843163803842306,1.00341441828762
129,4,"incong/post-err",0.773864148249243,-0.1119979695,1.6475208462275,0.995359105969873,0.915657241075713,1.08177686812032
130,4,"incong/post-err",0.569422647276614,-0.24343335845,1.372496841,0.950766341179195,0.875548356972744,1.03258228286731
131,4,"incong/post-err",2.84889976226494,2.113728162285,3.59337692475,1.24502153745968,1.14384544366418,1.35711480666442
132,4,"incong/post-err",0.159449686805372,-0.7226622918,1.04254903725,0.851669541490403,0.781821010142486,0.926298048032995
133,4,"incong/post-err",1.1499079672686,0.346001176675,1.93773699,1.05034916866112,0.970841090821718,1.13669648840844
134,4,"incong/post-err",2.17908670739216,1.39848628335,2.94200200575,1.04226508692736,0.954722909174068,1.13582276916157
135,4,"incong/post-err",1.35396945766886,0.37202454025,2.3200959255,1.06601762650871,0.96793475929072,1.17629979405332
136,4,"incong/post-err",1.26317981266125,0.45123140495,2.093426247325,1.13373261105733,1.04451949151815,1.22945456773955
137,4,"incong/post-err",1.23296039112454,0.5170963345,1.9460549044,1.02912925157572,0.94854436775813,1.11661474841738
138,4,"incong/post-err",2.59924069373535,1.92484152765,3.26295055275,1.05667725427351,0.970884945676288,1.14751892057278
139,4,"incong/post-err",1.00740414650861,0.2057090439625,1.82661251575,1.0982943627241,1.01003437090112,1.19137474945908
140,4,"incong/post-err",1.50346640245004,0.6894867513425,2.34685766575,1.00854924604485,0.926233200041167,1.09877205249683
141,4,"incong/post-err",-1.26548533588629,-2.33283107015,-0.194109628500001,0.811963616055923,0.746505566076255,0.882697002670097
142,4,"incong/post-err",1.3751244549755,0.5086425965,2.23554995225,1.11105194182757,0.997560731298984,1.23215511768804
143,4,"incong/post-err",0.00930698081378972,-0.98505994475,0.962377052999999,0.950650050395683,0.871102376567767,1.03898890674288
144,4,"incong/post-err",1.5792899186658,0.81076210315,2.36180373475,1.0050794134009,0.919509650866205,1.09926883196383
145,4,"incong/post-err",0.969783172583865,0.10110776935,1.82246427525,0.933015831405457,0.860689552562024,1.01039711195619
146,4,"incong/post-err",0.430591319200336,-0.47202786,1.314994777,0.796731653896798,0.739318044072664,0.858453099827085
147,4,"incong/post-err",0.448202488243381,-0.522310415325,1.39557238875,1.34270234298837,1.23868617541479,1.45598261579049
148,4,"incong/post-err",0.477520521584263,-0.383280608475,1.33679708685,1.14826079691198,1.05918325713977,1.2446038673792
149,4,"incong/post-err",1.34064408169468,0.573711849575,2.09721312425,1.13674995013254,1.04942624023974,1.22838739815313
150,4,"incong/post-err",0.633897273671526,-0.20017501575,1.481306359,1.13889700645252,1.05253266975256,1.23026681576973
151,4,"incong/post-err",0.366429254800361,-0.5590216276,1.314554774,1.13393193628872,1.0219140943156,1.2573674477055
152,4,"incong/post-err",3.64847919474853,2.9042394014,4.4112153875,1.24789913527754,1.15308851462955,1.34670957945106
153,4,"incong/post-err",1.47683865482831,0.585787538,2.33547089875,1.24956577023323,1.14817574048351,1.35914711654348
154,4,"incong/post-err",0.133915329360328,-0.743000992675,1.00669999475,1.02384284807724,0.945453673607532,1.11118292200235
155,4,"incong/post-err",-0.417941585316176,-1.3392063540775,0.475974415925,0.946846430060658,0.867512400967806,1.03396184324896
156,4,"incong/post-err",0.417319264619549,-0.495304358,1.31874411775,0.829662031194628,0.757274717954464,0.909730006970977
157,4,"incong/post-err",-0.417266833990483,-1.34660854625,0.484535998,0.797352640505201,0.724570503912468,0.875723738034698
158,4,"incong/post-err",2.7201312312854,1.915005188475,3.53770781775,1.06487046086288,0.957481064073879,1.18051442279829
159,4,"incong/post-err",0.235042385424079,-0.6403113431,1.131171678825,0.992473662634088,0.91636994928799,1.07378632971295
160,4,"incong/post-err",0.00426858334552731,-0.930940668825,0.92203175825,1.04463840992099,0.958078536168044,1.14153581071879
161,4,"incong/post-err",0.476619038319837,-0.48916530725,1.41942716675,1.26216044938362,1.15851688279345,1.37409329244346
162,4,"incong/post-err",2.61291921585079,1.848481942425,3.411734827275,1.12733162906958,1.05126740185846,1.20816151480846
163,4,"incong/post-err",0.194869117289412,-0.692831742675,1.063131822725,1.0162520240607,0.939457761595346,1.09934677379275
164,4,"incong/post-err",3.77676421023791,2.98248523825,4.560972795,1.1105957692292,1.01957467263318,1.20935832371174
165,4,"incong/post-err",1.16538800585625,0.237620394325,2.067861849,0.966052063506896,0.880684152700942,1.06057775345127
166,4,"incong/post-err",-1.60520276234008,-2.728572427575,-0.4984006075,0.952568896913185,0.865250641966049,1.04747373699738
167,4,"incong/post-err",-0.620754221852612,-1.62100283875,0.402995915725,0.95157957441264,0.875019092731331,1.03521516946082
168,4,"incong/post-err",1.07287354473697,0.2828200225,1.8914916525,1.0810853339494,0.994132497862478,1.17605200289184
169,4,"incong/post-err",2.03600954889089,1.180058102825,2.881609195,1.43315445632822,1.32004487340425,1.55234452266811
170,4,"incong/post-err",-0.00552683097918568,-0.89911358675,0.90644136725,0.989119480429133,0.912176397043508,1.07652676530517
171,4,"incong/post-err",0.495743052162587,-0.423902805,1.400661215675,0.804536984316111,0.732099813668432,0.885060582989568
172,4,"incong/post-err",0.45866680244674,-0.532952857025,1.4354156845,1.03573951753513,0.940516884406925,1.14160164388268
173,4,"incong/post-err",1.29534358371521,0.51084585475,2.075995372225,1.19555358155954,1.09783128441711,1.30028204491738
174,4,"incong/post-err",-0.576310068471106,-1.489091351525,0.346048485999998,0.889011381207688,0.819964436873693,0.963414361673332
175,4,"incong/post-err",0.5137841303748,-0.328474542254,1.35263257825,0.930135231086317,0.853493456722893,1.01405367982276
176,4,"incong/post-err",0.381523530739022,-0.46321855035,1.230896917075,1.10045133388519,1.0144256365973,1.19477301082812
177,4,"incong/post-err",1.5991624739311,0.8218748465,2.365157967075,1.29473944535715,1.19345662366849,1.40212892839992
178,4,"incong/post-err",0.637123735436388,-0.301460332925,1.57020001925,0.936846886128219,0.837802993752226,1.04600388700361
179,4,"incong/post-err",0.119578621340247,-0.773584512125,0.997390598,0.962561025531431,0.887644368750696,1.04264645538891
180,4,"incong/post-err",0.61025732537922,-0.25846199555,1.4706747505,0.858803762854431,0.786107429564655,0.938741627302445
181,4,"incong/post-err",0.593015671695936,-0.263940721550001,1.4759108625,0.845422305504057,0.766530050575025,0.934421604409102
182,4,"incong/post-err",0.748917855910926,-0.1411250631,1.60576020825,1.0222679848472,0.931746417349151,1.11792873696208
183,4,"incong/post-err",-0.351896564329783,-1.27057895525,0.56260605575,0.935707469019375,0.855652288439256,1.02615592390703
184,4,"incong/post-err",0.934181029714767,0.0808672520374999,1.7940666055,1.04181132852983,0.954668969812278,1.13464655546466
185,4,"incong/post-err",0.547220285538692,-0.403026572225,1.458636653475,1.23399733694703,1.13434126513827,1.34123223593449
186,4,"incong/post-err",1.20225133553294,0.399172394325,2.0013942641,1.02478583155302,0.945407968830014,1.11139007764242
187,4,"incong/post-err",0.46900888458676,-0.35294705575,1.288040642,1.14191586609203,1.05542745967535,1.2383087627519
188,4,"incong/post-err",3.46354860849158,2.53703504025,4.38635057525,1.23060493076916,1.11928050643125,1.34957589329188
189,4,"incong/post-err",0.942947937429314,0.11442201245,1.75586188235,1.11401057704755,1.02905483230543,1.20447007460054
190,4,"incong/post-err",0.928465844642177,0.1167923343875,1.75935092025,1.0881737608171,0.986380650185183,1.19670979983632
191,4,"incong/post-err",1.6922773515385,0.96108458125,2.40695464075,1.08535858134916,0.987717769948385,1.18975078248088
192,4,"incong/post-err",-0.685606359202668,-1.6216765925,0.249414233,0.882984493866023,0.813548070104088,0.957713247785043
193,4,"incong/post-err",2.23502082234415,1.49609429125,2.9420254685,1.15323436145797,1.06285499742338,1.25095915375693
194,4,"incong/post-err",1.35206042148236,0.473645724475,2.2359410245,0.9595399438934,0.878439082139848,1.04711757294654
195,4,"incong/post-err",0.785088582252474,-0.0520383453999995,1.60293078975,0.998864760342836,0.904300118276942,1.10357768123162
196,4,"incong/post-err",1.60530193781101,0.677971572875,2.54643635625,0.877253524111226,0.788851605041686,0.974561529903961
197,4,"incong/post-err",2.64592012780479,1.87290089325,3.4429405405,1.08543702821765,0.997556578855278,1.17796815037871
198,4,"incong/post-err",1.21503636782912,0.390861261225,2.01601800245,1.32127994878434,1.22017337803666,1.42878637779967
199,4,"incong/post-err",1.49533399248373,0.65392095695,2.30910230425,1.08068098099069,0.993198089108701,1.17537847138855
200,4,"incong/post-err",0.336755224553582,-0.524213201275,1.210653967,1.02746595129237,0.945859601734976,1.11849813801386
201,4,"incong/post-err",-0.287650762909213,-1.26702456775,0.6957141625,0.853596497439973,0.760336241877433,0.956434275179753
202,4,"incong/post-err",0.71243323878891,-0.2132421775,1.60504491225,1.3595666936673,1.24942401888748,1.475276199513
203,4,"incong/post-err",-0.595954316606159,-1.632541151425,0.43267671325,1.04935048311215,0.963612652613452,1.13865393770253
204,4,"incong/post-err",2.12369402048195,1.2717953214,2.96558834025,1.25042387618034,1.14698037907587,1.3651377084753
205,4,"incong/post-err",-0.267479880789163,-1.1657303375,0.60929886825,0.882786108664481,0.809286089171943,0.965504281419953
206,4,"incong/post-err",0.369424064539884,-0.545716849725,1.279252678025,0.855631133185544,0.786461961313292,0.932554334432061
207,4,"incong/post-err",1.46891335741555,0.6993838921,2.22782087325,1.29581253458853,1.19656506529526,1.40173031969252
208,4,"incong/post-err",0.907941528165667,0.0304125962675001,1.77595947475,1.16896291880068,1.07876552626043,1.2630985175906
209,4,"incong/post-err",2.40889336723911,1.642402864775,3.16010393925,1.20231018345589,1.10813030408555,1.30206673001098
210,4,"incong/post-err",3.14632494407099,2.29570320065,3.98175357725,0.90900366179077,0.826568834196317,1.00229273920267
211,4,"incong/post-err",0.480979779383994,-0.498782107425,1.42782054175,0.904484085704498,0.832507489249119,0.98195347595536
212,4,"incong/post-err",0.20613387596376,-0.56741479005,0.98884790125,1.10634152650737,1.02856817515236,1.18863632262326
213,4,"incong/post-err",0.31936204852145,-0.497514118775,1.15203243375,1.02381514237553,0.941985081294591,1.11009476956609
214,4,"incong/post-err",0.759269591941397,-0.17958757025,1.68712177575,0.939920123262771,0.861149110993401,1.02645765635125
215,4,"incong/post-err",0.156888234868359,-0.7048955952,1.0144587165,0.722797368357364,0.665663835444102,0.786574932662521
216,4,"incong/post-err",0.189335142512185,-0.71727307525,1.0951553981525,0.95084846713909,0.867759596131373,1.04295883981661
217,4,"incong/post-err",3.00294229189532,2.30081937,3.695685943525,1.13709863874601,1.04565752536654,1.23504183091902
218,4,"incong/post-err",1.22511139762127,0.331815149,2.1181591399,1.03228175048609,0.940376385178997,1.12941293295557
219,4,"incong/post-err",2.30202836991323,1.5419874815,3.06963055525,1.18499054820349,1.08913081030074,1.28998729591878
220,4,"incong/post-err",2.26533042366314,1.534770728175,2.977381007,1.13898266629858,1.04942135905901,1.23452523492715
221,4,"incong/post-err",1.68377401050401,0.811769442875,2.53762927425,1.17364118608733,1.08194353677678,1.2723838551532
222,4,"incong/post-err",3.17099697856581,2.4034468864675,3.9516648855,0.844980164721076,0.776080462195785,0.918545345107786
