"subj","trial","condition","resp_type","a","v","rt","acc"
1,2,-1,1,1.49465628805498,1.23281210621601,1.24421862445687,1
1,3,-1,1,1.49465628805498,1.23281210621601,0.485591115540472,1
1,4,1,1,1.65185066207726,4.33567057461859,0.388303123077507,1
1,5,1,1,1.65185066207726,4.33567057461859,0.350548737109298,1
1,6,1,1,1.65185066207726,4.33567057461859,0.488564502318705,1
1,7,1,1,1.65185066207726,4.33567057461859,0.379435370648272,1
1,8,1,1,1.65185066207726,4.33567057461859,0.358418836705808,1
1,9,-1,1,1.49465628805498,1.23281210621601,0.535799915533847,-1
1,10,1,-1,1.57443467723219,2.30546979327755,0.352111473393677,1
1,11,-1,1,1.49465628805498,1.23281210621601,0.569770411886356,1
1,12,-1,1,1.49465628805498,1.23281210621601,0.526735236264087,1
1,13,1,1,1.65185066207726,4.33567057461859,0.301989519751013,1
1,14,-1,1,1.49465628805498,1.23281210621601,0.688793301826777,1
1,15,1,1,1.65185066207726,4.33567057461859,0.317404388228176,1
1,16,1,1,1.65185066207726,4.33567057461859,0.416481368025729,1
1,17,-1,1,1.49465628805498,1.23281210621601,0.472821697171345,1
1,18,1,1,1.65185066207726,4.33567057461859,0.439377964426206,1
1,19,1,1,1.65185066207726,4.33567057461859,0.40911845813207,1
1,20,-1,1,1.49465628805498,1.23281210621601,0.368163244806568,1
1,21,-1,1,1.49465628805498,1.23281210621601,0.718396861070696,1
1,22,-1,1,1.49465628805498,1.23281210621601,0.915837521650534,1
1,23,-1,1,1.49465628805498,1.23281210621601,1.01991660739358,1
1,24,1,1,1.65185066207726,4.33567057461859,0.358408604905546,1
1,25,1,1,1.65185066207726,4.33567057461859,0.478622001795139,1
1,26,1,1,1.65185066207726,4.33567057461859,0.345815898139081,1
1,27,1,1,1.65185066207726,4.33567057461859,0.338565929283971,1
1,28,-1,1,1.49465628805498,1.23281210621601,0.48516155977861,1
1,29,-1,1,1.49465628805498,1.23281210621601,0.726052454014486,1
1,30,1,1,1.65185066207726,4.33567057461859,0.404721148507698,1
1,31,1,1,1.65185066207726,4.33567057461859,0.535857439516534,1
1,32,-1,1,1.49465628805498,1.23281210621601,1.09090300214918,1
1,33,1,1,1.65185066207726,4.33567057461859,0.41024643141816,1
1,34,-1,1,1.49465628805498,1.23281210621601,0.773541733770164,1
1,35,-1,1,1.49465628805498,1.23281210621601,1.69614005721355,1
1,36,1,1,1.65185066207726,4.33567057461859,0.405876264524117,1
1,37,1,1,1.65185066207726,4.33567057461859,0.334372817075866,1
1,38,1,1,1.65185066207726,4.33567057461859,0.61975269959656,1
1,39,1,1,1.65185066207726,4.33567057461859,0.605916115176927,1
1,40,-1,1,1.49465628805498,1.23281210621601,0.601255670585823,1
1,41,-1,1,1.49465628805498,1.23281210621601,0.423685719604928,1
1,42,-1,1,1.49465628805498,1.23281210621601,0.284286495149399,1
1,43,1,1,1.65185066207726,4.33567057461859,0.432450420634975,1
1,44,-1,1,1.49465628805498,1.23281210621601,0.528691533958811,1
1,45,1,1,1.65185066207726,4.33567057461859,0.405854488694813,1
1,46,-1,1,1.49465628805498,1.23281210621601,0.364609628661393,1
1,47,1,1,1.65185066207726,4.33567057461859,0.508237162594046,1
1,48,1,1,1.65185066207726,4.33567057461859,0.65706942828636,1
1,49,1,1,1.65185066207726,4.33567057461859,0.399194778068272,1
1,50,-1,1,1.49465628805498,1.23281210621601,0.425395372902124,1
1,51,-1,1,1.49465628805498,1.23281210621601,0.563338681577505,1
1,52,-1,1,1.49465628805498,1.23281210621601,0.508248232989046,1
1,53,-1,1,1.49465628805498,1.23281210621601,0.420226411865839,1
1,54,1,1,1.65185066207726,4.33567057461859,0.428037918487374,1
1,55,1,1,1.65185066207726,4.33567057461859,0.355487503305336,1
1,56,1,1,1.65185066207726,4.33567057461859,0.609410414426662,1
1,57,1,1,1.65185066207726,4.33567057461859,0.374745008340241,1
1,58,1,1,1.65185066207726,4.33567057461859,0.485018578796452,1
1,59,-1,1,1.49465628805498,1.23281210621601,0.292600163188345,1
1,60,1,1,1.65185066207726,4.33567057461859,0.30742994735525,1
1,61,-1,1,1.49465628805498,1.23281210621601,0.664740557764383,1
1,62,-1,1,1.49465628805498,1.23281210621601,0.403219286553935,1
1,63,1,1,1.65185066207726,4.33567057461859,0.362513534549257,1
1,64,1,1,1.65185066207726,4.33567057461859,0.367000160799013,1
1,65,1,1,1.65185066207726,4.33567057461859,0.46513064814412,1
1,66,-1,1,1.49465628805498,1.23281210621601,1.10917821729708,-1
1,67,-1,-1,1.42460740821305,0.926047525887847,0.538469154442915,-1
1,68,1,-1,1.57443467723219,2.30546979327755,0.342799748803388,1
1,69,1,1,1.65185066207726,4.33567057461859,0.282648201916283,1
1,70,1,1,1.65185066207726,4.33567057461859,0.562429193857743,1
1,71,-1,1,1.49465628805498,1.23281210621601,0.78076973152459,1
1,72,-1,1,1.49465628805498,1.23281210621601,0.70327595930302,-1
1,73,-1,-1,1.42460740821305,0.926047525887847,0.347727464066313,1
1,74,-1,1,1.49465628805498,1.23281210621601,0.601725951794954,1
1,75,-1,1,1.49465628805498,1.23281210621601,0.531229408367533,1
1,76,1,1,1.65185066207726,4.33567057461859,0.401706322498324,1
1,77,-1,1,1.49465628805498,1.23281210621601,1.25161815704413,1
1,78,-1,1,1.49465628805498,1.23281210621601,0.861239994636846,1
1,79,1,1,1.65185066207726,4.33567057461859,0.334094487967211,1
1,80,1,1,1.65185066207726,4.33567057461859,0.392411618192208,1
1,81,-1,1,1.49465628805498,1.23281210621601,0.613601233683958,-1
1,82,1,-1,1.57443467723219,2.30546979327755,0.469280324713807,1
1,83,1,1,1.65185066207726,4.33567057461859,0.406776070567344,1
1,84,-1,1,1.49465628805498,1.23281210621601,1.77275287314017,1
1,85,-1,1,1.49465628805498,1.23281210621601,0.362326769742001,-1
1,86,1,-1,1.57443467723219,2.30546979327755,0.538995649118754,1
1,87,-1,1,1.49465628805498,1.23281210621601,0.487710518280311,1
1,88,1,1,1.65185066207726,4.33567057461859,0.410259744007911,1
1,89,-1,1,1.49465628805498,1.23281210621601,0.666932388735984,1
1,90,-1,1,1.49465628805498,1.23281210621601,0.891796394815655,-1
1,91,1,-1,1.57443467723219,2.30546979327755,0.343501496857295,1
1,92,-1,1,1.49465628805498,1.23281210621601,0.37162042377784,1
1,93,-1,1,1.49465628805498,1.23281210621601,0.679946005479613,-1
1,94,-1,-1,1.42460740821305,0.926047525887847,0.494474993198586,1
1,95,-1,1,1.49465628805498,1.23281210621601,0.735851685165707,1
1,96,1,1,1.65185066207726,4.33567057461859,0.450585026165116,1
1,97,1,1,1.65185066207726,4.33567057461859,0.371708887156274,1
1,98,-1,1,1.49465628805498,1.23281210621601,0.485853777461235,1
1,99,-1,1,1.49465628805498,1.23281210621601,0.413202384922428,1
1,100,-1,1,1.49465628805498,1.23281210621601,0.599624179987726,1
1,101,1,1,1.65185066207726,4.33567057461859,0.483981498571393,1
2,2,-1,1,1.70516170799386,0.136841115574675,0.943779374195216,-1
2,3,-1,-1,1.62524723631974,1.27498818676893,0.592145262282151,1
2,4,-1,1,1.70516170799386,0.136841115574675,0.431514739229983,-1
2,5,-1,-1,1.62524723631974,1.27498818676893,0.596803963934466,-1
2,6,1,-1,1.79617598026339,2.70511561817777,0.483281894082024,1
2,7,-1,1,1.70516170799386,0.136841115574675,0.548852266637956,-1
2,8,-1,-1,1.62524723631974,1.27498818676893,1.44504594890739,1
2,9,1,1,1.88449513029102,4.68305507947863,0.556095043968964,1
2,10,-1,1,1.70516170799386,0.136841115574675,1.64788396768109,1
2,11,1,1,1.88449513029102,4.68305507947863,0.392254875401995,1
2,12,1,1,1.88449513029102,4.68305507947863,0.364314555427261,1
2,13,-1,1,1.70516170799386,0.136841115574675,0.338366424082628,1
2,14,-1,1,1.70516170799386,0.136841115574675,0.443036096742775,1
2,15,-1,1,1.70516170799386,0.136841115574675,0.314167753793095,1
2,16,1,1,1.88449513029102,4.68305507947863,0.367172724045273,1
2,17,1,1,1.88449513029102,4.68305507947863,0.381813503995182,1
2,18,1,1,1.88449513029102,4.68305507947863,0.561883598543048,1
2,19,1,1,1.88449513029102,4.68305507947863,0.452081728527057,1
2,20,-1,1,1.70516170799386,0.136841115574675,1.66076556505,1
2,21,-1,1,1.70516170799386,0.136841115574675,0.728933514847563,1
2,22,-1,1,1.70516170799386,0.136841115574675,0.6501520512568,-1
2,23,-1,-1,1.62524723631974,1.27498818676893,0.441632021835965,1
2,24,1,1,1.88449513029102,4.68305507947863,0.505289766970062,1
2,25,1,1,1.88449513029102,4.68305507947863,0.457343240261315,1
2,26,1,1,1.88449513029102,4.68305507947863,0.499815925353557,1
2,27,1,1,1.88449513029102,4.68305507947863,0.371052768735907,1
2,28,-1,1,1.70516170799386,0.136841115574675,0.675741569673467,1
2,29,1,1,1.88449513029102,4.68305507947863,0.343052786830063,1
2,30,1,1,1.88449513029102,4.68305507947863,0.710152162744243,1
2,31,1,1,1.88449513029102,4.68305507947863,0.441109667036964,1
2,32,-1,1,1.70516170799386,0.136841115574675,1.03164647874252,1
2,33,-1,1,1.70516170799386,0.136841115574675,0.640527490177052,-1
2,34,1,-1,1.79617598026339,2.70511561817777,0.376181511163895,1
2,35,1,1,1.88449513029102,4.68305507947863,0.503830960371963,1
2,36,-1,1,1.70516170799386,0.136841115574675,0.424852354707967,-1
2,37,-1,-1,1.62524723631974,1.27498818676893,0.7942790972326,1
2,38,-1,1,1.70516170799386,0.136841115574675,0.539641949580844,-1
2,39,-1,-1,1.62524723631974,1.27498818676893,2.7047020861653,1
2,40,1,1,1.88449513029102,4.68305507947863,0.254453247050919,1
2,41,1,1,1.88449513029102,4.68305507947863,0.394402979511963,1
2,42,-1,1,1.70516170799386,0.136841115574675,0.554653061854151,-1
2,43,-1,-1,1.62524723631974,1.27498818676893,0.443056909704065,1
2,44,1,1,1.88449513029102,4.68305507947863,0.387397362444243,1
2,45,1,1,1.88449513029102,4.68305507947863,0.364018152620614,1
2,46,-1,1,1.70516170799386,0.136841115574675,0.653185745015756,-1
2,47,1,-1,1.79617598026339,2.70511561817777,0.951369429436146,1
2,48,-1,1,1.70516170799386,0.136841115574675,0.673341199243471,1
2,49,1,1,1.88449513029102,4.68305507947863,0.428621747697612,1
2,50,-1,1,1.70516170799386,0.136841115574675,1.81115756508531,-1
2,51,1,-1,1.79617598026339,2.70511561817777,0.357830816272922,1
2,52,-1,1,1.70516170799386,0.136841115574675,0.8889904110387,-1
2,53,1,-1,1.79617598026339,2.70511561817777,0.4350711567138,1
2,54,1,1,1.88449513029102,4.68305507947863,0.471691385606449,1
2,55,1,1,1.88449513029102,4.68305507947863,0.423677424096264,1
2,56,-1,1,1.70516170799386,0.136841115574675,0.834851200530907,1
2,57,1,1,1.88449513029102,4.68305507947863,0.446835886047956,1
2,58,-1,1,1.70516170799386,0.136841115574675,0.597968158912735,-1
2,59,1,-1,1.79617598026339,2.70511561817777,0.617231238912651,1
2,60,1,1,1.88449513029102,4.68305507947863,0.405575641920393,1
2,61,1,1,1.88449513029102,4.68305507947863,0.483028741941201,1
2,62,-1,1,1.70516170799386,0.136841115574675,0.701849116923182,1
2,63,-1,1,1.70516170799386,0.136841115574675,0.528241767649092,1
2,64,1,1,1.88449513029102,4.68305507947863,0.350885507948224,1
2,65,-1,1,1.70516170799386,0.136841115574675,1.54431460339536,1
2,66,-1,1,1.70516170799386,0.136841115574675,0.843919041920847,-1
2,67,1,-1,1.79617598026339,2.70511561817777,0.503803052949635,1
2,68,-1,1,1.70516170799386,0.136841115574675,0.654865451436793,1
2,69,-1,1,1.70516170799386,0.136841115574675,0.922745604326592,1
2,70,1,1,1.88449513029102,4.68305507947863,0.31616493101513,1
2,71,1,1,1.88449513029102,4.68305507947863,0.386163160698598,1
2,72,-1,1,1.70516170799386,0.136841115574675,0.722839889012109,-1
2,73,1,-1,1.79617598026339,2.70511561817777,0.671473148835484,1
2,74,-1,1,1.70516170799386,0.136841115574675,0.668193559389103,-1
2,75,1,-1,1.79617598026339,2.70511561817777,1.26811312618737,1
2,76,-1,1,1.70516170799386,0.136841115574675,1.11859431343401,1
2,77,-1,1,1.70516170799386,0.136841115574675,0.537255729548561,1
2,78,1,1,1.88449513029102,4.68305507947863,0.354190956531041,1
2,79,1,1,1.88449513029102,4.68305507947863,0.357766970639462,1
2,80,-1,1,1.70516170799386,0.136841115574675,1.82384989873352,1
2,81,1,1,1.88449513029102,4.68305507947863,0.590280762290106,1
2,82,1,1,1.88449513029102,4.68305507947863,0.300769783585491,1
2,83,-1,1,1.70516170799386,0.136841115574675,0.851260124191354,1
2,84,-1,1,1.70516170799386,0.136841115574675,0.663320619769807,1
2,85,1,1,1.88449513029102,4.68305507947863,0.372061679797513,1
2,86,-1,1,1.70516170799386,0.136841115574675,0.646317928402693,1
2,87,-1,1,1.70516170799386,0.136841115574675,0.755742328939582,1
2,88,1,1,1.88449513029102,4.68305507947863,0.472495373568366,1
2,89,-1,1,1.70516170799386,0.136841115574675,0.673744024492033,1
2,90,1,1,1.88449513029102,4.68305507947863,0.601394505158353,1
2,91,-1,1,1.70516170799386,0.136841115574675,1.10314515686027,1
2,92,-1,1,1.70516170799386,0.136841115574675,0.53515332929684,1
2,93,1,1,1.88449513029102,4.68305507947863,0.339772844797645,1
2,94,1,1,1.88449513029102,4.68305507947863,0.311582937387529,1
2,95,-1,1,1.70516170799386,0.136841115574675,0.496102455972344,-1
2,96,1,-1,1.79617598026339,2.70511561817777,0.690379913106213,1
2,97,1,1,1.88449513029102,4.68305507947863,0.413057806259731,1
2,98,1,1,1.88449513029102,4.68305507947863,0.507882302858947,1
2,99,1,1,1.88449513029102,4.68305507947863,0.425352689431201,1
2,100,-1,1,1.70516170799386,0.136841115574675,1.80659144971384,-1
2,101,-1,-1,1.62524723631974,1.27498818676893,0.54126478445746,1
3,2,1,1,1.90492036816215,3.94133398240601,0.385233375941221,1
3,3,-1,1,1.72364322749195,1.06884140396135,0.748664563806465,1
3,4,-1,1,1.72364322749195,1.06884140396135,1.47281973864013,1
3,5,-1,1,1.72364322749195,1.06884140396135,0.858835120473911,-1
3,6,1,-1,1.81564396458747,3.82569434150859,0.471659562485282,1
3,7,1,1,1.90492036816215,3.94133398240601,0.352268561562843,1
3,8,-1,1,1.72364322749195,1.06884140396135,0.580323339848662,1
3,9,1,1,1.90492036816215,3.94133398240601,0.356172958269561,1
3,10,-1,1,1.72364322749195,1.06884140396135,1.008624120419,1
3,11,1,1,1.90492036816215,3.94133398240601,1.03135402434523,1
3,12,1,1,1.90492036816215,3.94133398240601,0.320829971533118,1
3,13,-1,1,1.72364322749195,1.06884140396135,0.836426916974673,1
3,14,-1,1,1.72364322749195,1.06884140396135,0.694793566674181,1
3,15,-1,1,1.72364322749195,1.06884140396135,0.43410501111923,1
3,16,1,1,1.90492036816215,3.94133398240601,0.517531802312016,1
3,17,-1,1,1.72364322749195,1.06884140396135,0.548900130355677,-1
3,18,-1,-1,1.6428625969899,-0.0358697278759542,0.366373141743993,-1
3,19,-1,-1,1.6428625969899,-0.0358697278759542,0.97510120286974,1
3,20,-1,1,1.72364322749195,1.06884140396135,0.707652859639428,1
3,21,1,1,1.90492036816215,3.94133398240601,0.376400588697287,1
3,22,1,1,1.90492036816215,3.94133398240601,0.512430965153216,1
3,23,1,1,1.90492036816215,3.94133398240601,0.305425876203749,1
3,24,1,1,1.90492036816215,3.94133398240601,0.371414393695862,1
3,25,-1,1,1.72364322749195,1.06884140396135,0.98791815781088,1
3,26,-1,1,1.72364322749195,1.06884140396135,0.512192973242324,1
3,27,-1,1,1.72364322749195,1.06884140396135,0.411299265843394,-1
3,28,-1,-1,1.6428625969899,-0.0358697278759542,2.42380580240133,1
3,29,-1,1,1.72364322749195,1.06884140396135,0.55390393179679,-1
3,30,-1,-1,1.6428625969899,-0.0358697278759542,1.62479154409583,-1
3,31,-1,-1,1.6428625969899,-0.0358697278759542,0.449422338718589,-1
3,32,1,-1,1.81564396458747,3.82569434150859,0.543573187131204,1
3,33,1,1,1.90492036816215,3.94133398240601,0.417784253210091,1
3,34,-1,1,1.72364322749195,1.06884140396135,0.676676284705194,1
3,35,-1,1,1.72364322749195,1.06884140396135,0.961529900653467,1
3,36,1,1,1.90492036816215,3.94133398240601,0.386585570619172,1
3,37,-1,1,1.72364322749195,1.06884140396135,0.284606026691016,1
3,38,1,1,1.90492036816215,3.94133398240601,0.401894036663385,1
3,39,-1,1,1.72364322749195,1.06884140396135,0.75127640124284,1
3,40,-1,1,1.72364322749195,1.06884140396135,0.647319559864915,1
3,41,1,1,1.90492036816215,3.94133398240601,0.270975932235492,1
3,42,-1,1,1.72364322749195,1.06884140396135,0.323313588311047,1
3,43,-1,1,1.72364322749195,1.06884140396135,0.431612704598873,1
3,44,-1,1,1.72364322749195,1.06884140396135,0.564287882703269,1
3,45,-1,1,1.72364322749195,1.06884140396135,0.567431776886553,1
3,46,1,1,1.90492036816215,3.94133398240601,0.379321981489713,1
3,47,1,1,1.90492036816215,3.94133398240601,0.382418862442386,1
3,48,-1,1,1.72364322749195,1.06884140396135,0.469436804323699,1
3,49,1,1,1.90492036816215,3.94133398240601,0.339185758704585,1
3,50,1,1,1.90492036816215,3.94133398240601,0.394209749159547,1
3,51,1,1,1.90492036816215,3.94133398240601,0.494180777195075,1
3,52,1,1,1.90492036816215,3.94133398240601,0.781765739176869,1
3,53,1,1,1.90492036816215,3.94133398240601,0.433321829912514,1
3,54,1,1,1.90492036816215,3.94133398240601,0.348393874673626,1
3,55,1,1,1.90492036816215,3.94133398240601,0.536023020926478,1
3,56,1,1,1.90492036816215,3.94133398240601,0.45245218493167,1
3,57,1,1,1.90492036816215,3.94133398240601,0.525386696908148,1
3,58,1,1,1.90492036816215,3.94133398240601,0.434286539424551,1
3,59,1,1,1.90492036816215,3.94133398240601,0.371030297798953,1
3,60,1,1,1.90492036816215,3.94133398240601,0.419248031781441,1
3,61,-1,1,1.72364322749195,1.06884140396135,0.532518938096381,1
3,62,1,1,1.90492036816215,3.94133398240601,0.45692336800278,1
3,63,1,1,1.90492036816215,3.94133398240601,0.337913239865577,1
3,64,1,1,1.90492036816215,3.94133398240601,0.42620997407417,1
3,65,1,1,1.90492036816215,3.94133398240601,0.39466808964063,1
3,66,1,1,1.90492036816215,3.94133398240601,0.448280275280934,1
3,67,1,1,1.90492036816215,3.94133398240601,0.350227378308929,1
3,68,1,1,1.90492036816215,3.94133398240601,0.442070073391619,1
3,69,-1,1,1.72364322749195,1.06884140396135,0.444818739809048,1
3,70,-1,1,1.72364322749195,1.06884140396135,0.593228908901163,1
3,71,-1,1,1.72364322749195,1.06884140396135,0.541712364912287,1
3,72,-1,1,1.72364322749195,1.06884140396135,1.06385226060806,1
3,73,1,1,1.90492036816215,3.94133398240601,0.578852625771454,1
3,74,1,1,1.90492036816215,3.94133398240601,0.476617903034437,1
3,75,-1,1,1.72364322749195,1.06884140396135,0.520206461926458,1
3,76,-1,1,1.72364322749195,1.06884140396135,1.00972922625442,-1
3,77,1,-1,1.81564396458747,3.82569434150859,0.35507638826566,1
3,78,1,1,1.90492036816215,3.94133398240601,0.297461135508883,1
3,79,1,1,1.90492036816215,3.94133398240601,0.452438614862443,1
3,80,1,1,1.90492036816215,3.94133398240601,0.390985952012621,1
3,81,1,1,1.90492036816215,3.94133398240601,0.458832938760671,1
3,82,-1,1,1.72364322749195,1.06884140396135,0.490819307274488,-1
3,83,-1,-1,1.6428625969899,-0.0358697278759542,0.989186290717297,-1
3,84,1,-1,1.81564396458747,3.82569434150859,0.590319594049275,1
3,85,1,1,1.90492036816215,3.94133398240601,0.365518729492566,1
3,86,-1,1,1.72364322749195,1.06884140396135,1.38321548346849,1
3,87,-1,1,1.72364322749195,1.06884140396135,0.486608867484751,1
3,88,-1,1,1.72364322749195,1.06884140396135,0.406646606288404,1
3,89,-1,1,1.72364322749195,1.06884140396135,0.885148868611271,1
3,90,1,1,1.90492036816215,3.94133398240601,0.395626876254038,1
3,91,-1,1,1.72364322749195,1.06884140396135,2.47106714355454,1
3,92,1,1,1.90492036816215,3.94133398240601,0.364819178289972,1
3,93,-1,1,1.72364322749195,1.06884140396135,0.395980856590005,-1
3,94,1,-1,1.81564396458747,3.82569434150859,0.326702042681816,1
3,95,-1,1,1.72364322749195,1.06884140396135,0.408869973935421,-1
3,96,-1,-1,1.6428625969899,-0.0358697278759542,1.37995465565495,1
3,97,1,1,1.90492036816215,3.94133398240601,0.724131456919097,1
3,98,-1,1,1.72364322749195,1.06884140396135,0.282366398110964,1
3,99,-1,1,1.72364322749195,1.06884140396135,0.380595530942558,1
3,100,-1,1,1.72364322749195,1.06884140396135,0.34448217189417,1
3,101,-1,1,1.72364322749195,1.06884140396135,0.707444702971886,1
4,2,1,1,2.22337144396982,5.09399459017531,0.363300272660574,1
4,3,1,1,2.22337144396982,5.09399459017531,0.315344032720917,1
4,4,-1,1,2.01178967669653,1.17719702591094,0.97487454860646,1
4,5,-1,1,2.01178967669653,1.17719702591094,1.1764974910578,1
4,6,1,1,2.22337144396982,5.09399459017531,0.342916786321623,1
4,7,1,1,2.22337144396982,5.09399459017531,0.380993213250467,1
4,8,1,1,2.22337144396982,5.09399459017531,0.305434154536161,1
4,9,-1,1,2.01178967669653,1.17719702591094,0.515456797741639,1
4,10,1,1,2.22337144396982,5.09399459017531,0.664643701348629,1
4,11,1,1,2.22337144396982,5.09399459017531,0.376435161931522,1
4,12,-1,1,2.01178967669653,1.17719702591094,0.964986732119562,1
4,13,1,1,2.22337144396982,5.09399459017531,0.458223775332662,1
4,14,1,1,2.22337144396982,5.09399459017531,0.412999655625413,1
4,15,-1,1,2.01178967669653,1.17719702591094,0.421070965482007,1
4,16,-1,1,2.01178967669653,1.17719702591094,0.462464291381295,-1
4,17,-1,-1,1.9175047133532,0.285180187459001,0.956710451731134,1
4,18,1,1,2.22337144396982,5.09399459017531,0.572059865384961,1
4,19,-1,1,2.01178967669653,1.17719702591094,0.373848186820892,1
4,20,-1,1,2.01178967669653,1.17719702591094,0.843701267232934,1
4,21,-1,1,2.01178967669653,1.17719702591094,0.523107480145307,1
4,22,1,1,2.22337144396982,5.09399459017531,0.498866151297736,1
4,23,1,1,2.22337144396982,5.09399459017531,0.497723958884221,1
4,24,1,1,2.22337144396982,5.09399459017531,0.449181193501638,1
4,25,-1,1,2.01178967669653,1.17719702591094,1.72915048824305,1
4,26,-1,1,2.01178967669653,1.17719702591094,0.393335445116449,1
4,27,-1,1,2.01178967669653,1.17719702591094,2.41739229676869,1
4,28,-1,1,2.01178967669653,1.17719702591094,0.664823359627711,1
4,29,-1,1,2.01178967669653,1.17719702591094,0.811442312611812,1
4,30,-1,1,2.01178967669653,1.17719702591094,0.606247889472837,1
4,31,1,1,2.22337144396982,5.09399459017531,0.419904485075608,1
4,32,1,1,2.22337144396982,5.09399459017531,0.542587652697821,1
4,33,1,1,2.22337144396982,5.09399459017531,0.360210485438742,1
4,34,-1,1,2.01178967669653,1.17719702591094,0.736948483771775,1
4,35,1,1,2.22337144396982,5.09399459017531,0.363283584287423,1
4,36,1,1,2.22337144396982,5.09399459017531,0.390537852355336,1
4,37,-1,1,2.01178967669653,1.17719702591094,0.448033549884033,1
4,38,-1,1,2.01178967669653,1.17719702591094,0.40351257994131,1
4,39,1,1,2.22337144396982,5.09399459017531,0.421581010350291,1
4,40,1,1,2.22337144396982,5.09399459017531,0.460708252644636,1
4,41,1,1,2.22337144396982,5.09399459017531,0.648580409985559,1
4,42,1,1,2.22337144396982,5.09399459017531,0.614411417748643,1
4,43,-1,1,2.01178967669653,1.17719702591094,0.7262915287742,1
4,44,-1,1,2.01178967669653,1.17719702591094,0.809332307189456,1
4,45,1,1,2.22337144396982,5.09399459017531,0.477264123011616,1
4,46,-1,1,2.01178967669653,1.17719702591094,0.999734653604327,1
4,47,1,1,2.22337144396982,5.09399459017531,0.323334094598375,1
4,48,1,1,2.22337144396982,5.09399459017531,0.35212688899481,1
4,49,-1,1,2.01178967669653,1.17719702591094,0.687359554253139,1
4,50,1,1,2.22337144396982,5.09399459017531,0.394017745406892,1
4,51,1,1,2.22337144396982,5.09399459017531,0.566089304620651,1
4,52,-1,1,2.01178967669653,1.17719702591094,0.638660929624074,-1
4,53,1,-1,2.11917044447093,2.24362819645475,0.579919696529069,1
4,54,-1,1,2.01178967669653,1.17719702591094,0.579740861019476,1
4,55,-1,1,2.01178967669653,1.17719702591094,0.60747122470096,1
4,56,1,1,2.22337144396982,5.09399459017531,0.403649293737671,1
4,57,-1,1,2.01178967669653,1.17719702591094,0.342203257583091,1
4,58,1,1,2.22337144396982,5.09399459017531,0.487562504675334,1
4,59,1,1,2.22337144396982,5.09399459017531,0.482939416919647,1
4,60,-1,1,2.01178967669653,1.17719702591094,1.00159351034535,1
4,61,-1,1,2.01178967669653,1.17719702591094,1.29320543686253,1
4,62,-1,1,2.01178967669653,1.17719702591094,0.732899878537876,1
4,63,-1,1,2.01178967669653,1.17719702591094,0.792167929170796,1
4,64,1,1,2.22337144396982,5.09399459017531,0.315924796522032,1
4,65,1,1,2.22337144396982,5.09399459017531,0.430005890609508,1
4,66,-1,1,2.01178967669653,1.17719702591094,2.12504400554684,1
4,67,-1,1,2.01178967669653,1.17719702591094,0.618229171655109,-1
4,68,-1,-1,1.9175047133532,0.285180187459001,0.531534720987101,1
4,69,1,1,2.22337144396982,5.09399459017531,0.351255507160459,1
4,70,-1,1,2.01178967669653,1.17719702591094,0.481832457059785,1
4,71,1,1,2.22337144396982,5.09399459017531,0.561511360137869,1
4,72,-1,1,2.01178967669653,1.17719702591094,0.370821416520933,-1
4,73,1,-1,2.11917044447093,2.24362819645475,0.72757552210788,1
4,74,-1,1,2.01178967669653,1.17719702591094,0.516384969488039,1
4,75,1,1,2.22337144396982,5.09399459017531,0.635815573785939,1
4,76,1,1,2.22337144396982,5.09399459017531,0.452766210851609,1
4,77,1,1,2.22337144396982,5.09399459017531,0.524982268171969,1
4,78,-1,1,2.01178967669653,1.17719702591094,0.506545490664261,1
4,79,-1,1,2.01178967669653,1.17719702591094,0.777664770679675,1
4,80,1,1,2.22337144396982,5.09399459017531,0.36573643821121,1
4,81,1,1,2.22337144396982,5.09399459017531,0.383895585451189,1
4,82,-1,1,2.01178967669653,1.17719702591094,0.416963107825478,1
4,83,-1,1,2.01178967669653,1.17719702591094,0.570763488990607,1
4,84,-1,1,2.01178967669653,1.17719702591094,1.60154028938376,1
4,85,1,1,2.22337144396982,5.09399459017531,0.373380557749716,1
4,86,-1,1,2.01178967669653,1.17719702591094,0.684249295691009,1
4,87,1,1,2.22337144396982,5.09399459017531,0.415563023309932,1
4,88,1,1,2.22337144396982,5.09399459017531,0.336872394880249,1
4,89,-1,1,2.01178967669653,1.17719702591094,0.605987769686077,1
4,90,1,1,2.22337144396982,5.09399459017531,0.37004087082341,1
4,91,-1,1,2.01178967669653,1.17719702591094,1.6176303986412,1
4,92,-1,1,2.01178967669653,1.17719702591094,1.05465056558358,-1
4,93,-1,-1,1.9175047133532,0.285180187459001,0.548363003549491,1
4,94,1,1,2.22337144396982,5.09399459017531,0.662297987217229,1
4,95,1,1,2.22337144396982,5.09399459017531,0.343997580388448,1
4,96,-1,1,2.01178967669653,1.17719702591094,0.622309875514358,1
4,97,1,1,2.22337144396982,5.09399459017531,0.394397352008005,1
4,98,-1,1,2.01178967669653,1.17719702591094,2.21290893794639,1
4,99,1,1,2.22337144396982,5.09399459017531,0.366005594191543,1
4,100,-1,1,2.01178967669653,1.17719702591094,0.457928134815656,1
4,101,1,1,2.22337144396982,5.09399459017531,0.66921596826712,1
5,2,-1,1,1.65516203758533,0.307071318319824,1.14257713543034,1
5,3,-1,1,1.65516203758533,0.307071318319824,1.28326566363822,1
5,4,-1,1,1.65516203758533,0.307071318319824,0.543810676577177,-1
5,5,-1,-1,1.57759086111062,-0.0694815075208163,0.596263695691244,1
5,6,1,1,1.82923694864214,4.95320445265083,0.541916417320397,1
5,7,-1,1,1.65516203758533,0.307071318319824,1.58442766085272,1
5,8,1,1,1.82923694864214,4.95320445265083,0.481469196980007,1
5,9,-1,1,1.65516203758533,0.307071318319824,0.627201875707544,-1
5,10,-1,-1,1.57759086111062,-0.0694815075208163,0.309297527434801,1
5,11,-1,1,1.65516203758533,0.307071318319824,0.428350896570912,1
5,12,-1,1,1.65516203758533,0.307071318319824,0.972520967653861,-1
5,13,1,-1,1.74350754032138,3.60920573655016,0.36784447807095,1
5,14,-1,1,1.65516203758533,0.307071318319824,0.929057480691832,-1
5,15,1,-1,1.74350754032138,3.60920573655016,0.725163239971627,1
5,16,-1,1,1.65516203758533,0.307071318319824,0.448148333985003,-1
5,17,-1,-1,1.57759086111062,-0.0694815075208163,1.00253595442249,1
5,18,-1,1,1.65516203758533,0.307071318319824,0.51022797174712,1
5,19,-1,1,1.65516203758533,0.307071318319824,1.71890210961861,1
5,20,1,1,1.82923694864214,4.95320445265083,0.469683171614755,1
5,21,-1,1,1.65516203758533,0.307071318319824,0.843448660363386,1
5,22,-1,1,1.65516203758533,0.307071318319824,0.651607969197007,-1
5,23,-1,-1,1.57759086111062,-0.0694815075208163,0.751056566373926,-1
5,24,-1,-1,1.57759086111062,-0.0694815075208163,0.420438100883218,-1
5,25,-1,-1,1.57759086111062,-0.0694815075208163,0.73199279609466,1
5,26,1,1,1.82923694864214,4.95320445265083,0.513987351951886,1
5,27,1,1,1.82923694864214,4.95320445265083,0.634058716567406,1
5,28,1,1,1.82923694864214,4.95320445265083,0.36830805602506,1
5,29,1,1,1.82923694864214,4.95320445265083,0.385942017827577,1
5,30,-1,1,1.65516203758533,0.307071318319824,0.379946132938417,1
5,31,1,1,1.82923694864214,4.95320445265083,0.482533331945967,1
5,32,-1,1,1.65516203758533,0.307071318319824,1.34199718082251,-1
5,33,1,-1,1.74350754032138,3.60920573655016,0.465342549731605,1
5,34,1,1,1.82923694864214,4.95320445265083,0.493967726620013,1
5,35,1,1,1.82923694864214,4.95320445265083,0.417869924084461,1
5,36,1,1,1.82923694864214,4.95320445265083,0.329447875859412,1
5,37,-1,1,1.65516203758533,0.307071318319824,0.920100527818982,1
5,38,-1,1,1.65516203758533,0.307071318319824,0.578701294274636,1
5,39,-1,1,1.65516203758533,0.307071318319824,1.40533971013781,1
5,40,1,1,1.82923694864214,4.95320445265083,0.336509277961261,1
5,41,1,1,1.82923694864214,4.95320445265083,0.642216663786782,1
5,42,-1,1,1.65516203758533,0.307071318319824,0.534909546252994,1
5,43,1,1,1.82923694864214,4.95320445265083,0.425499236593439,1
5,44,1,1,1.82923694864214,4.95320445265083,0.540464833609906,1
5,45,-1,1,1.65516203758533,0.307071318319824,1.92651730544826,-1
5,46,1,-1,1.74350754032138,3.60920573655016,0.350323350131498,1
5,47,1,1,1.82923694864214,4.95320445265083,0.374088423595518,1
5,48,-1,1,1.65516203758533,0.307071318319824,0.559639055575122,-1
5,49,1,-1,1.74350754032138,3.60920573655016,0.425975191321731,1
5,50,1,1,1.82923694864214,4.95320445265083,0.476987832888244,1
5,51,-1,1,1.65516203758533,0.307071318319824,0.702452833601878,-1
5,52,1,-1,1.74350754032138,3.60920573655016,0.510114603327603,1
5,53,1,1,1.82923694864214,4.95320445265083,0.418720553051706,1
5,54,1,1,1.82923694864214,4.95320445265083,0.437488347561655,1
5,55,1,1,1.82923694864214,4.95320445265083,0.31869243674341,1
5,56,1,1,1.82923694864214,4.95320445265083,0.384420778874512,1
5,57,1,1,1.82923694864214,4.95320445265083,0.412740794255325,1
5,58,-1,1,1.65516203758533,0.307071318319824,0.507971102009488,-1
5,59,1,-1,1.74350754032138,3.60920573655016,0.722121229389869,1
5,60,-1,1,1.65516203758533,0.307071318319824,1.36825423355681,-1
5,61,1,-1,1.74350754032138,3.60920573655016,0.585147841831261,1
5,62,-1,1,1.65516203758533,0.307071318319824,1.21699962157314,1
5,63,1,1,1.82923694864214,4.95320445265083,0.453507132790387,1
5,64,-1,1,1.65516203758533,0.307071318319824,0.615615248166073,1
5,65,-1,1,1.65516203758533,0.307071318319824,1.81345915782807,1
5,66,1,1,1.82923694864214,4.95320445265083,0.375028353889074,1
5,67,-1,1,1.65516203758533,0.307071318319824,0.317979936631203,1
5,68,-1,1,1.65516203758533,0.307071318319824,0.658816098818022,-1
5,69,-1,-1,1.57759086111062,-0.0694815075208163,0.435677972637471,-1
5,70,-1,-1,1.57759086111062,-0.0694815075208163,0.710646463834659,-1
5,71,1,-1,1.74350754032138,3.60920573655016,0.398158810853155,1
5,72,-1,1,1.65516203758533,0.307071318319824,1.61122607400466,1
5,73,-1,1,1.65516203758533,0.307071318319824,0.402979596175986,-1
5,74,1,-1,1.74350754032138,3.60920573655016,0.340675285694662,1
5,75,1,1,1.82923694864214,4.95320445265083,0.468204680478707,1
5,76,-1,1,1.65516203758533,0.307071318319824,1.45050897486575,-1
5,77,-1,-1,1.57759086111062,-0.0694815075208163,1.5054275098133,-1
5,78,1,-1,1.74350754032138,3.60920573655016,0.354251212524299,1
5,79,1,1,1.82923694864214,4.95320445265083,0.363052402529,1
5,80,1,1,1.82923694864214,4.95320445265083,0.458282518626053,1
5,81,-1,1,1.65516203758533,0.307071318319824,0.855209881499753,1
5,82,-1,1,1.65516203758533,0.307071318319824,0.354348360782887,-1
5,83,1,-1,1.74350754032138,3.60920573655016,0.598875179769499,1
5,84,1,1,1.82923694864214,4.95320445265083,0.519605865078772,1
5,85,1,1,1.82923694864214,4.95320445265083,0.369295529433944,1
5,86,-1,1,1.65516203758533,0.307071318319824,0.383069993028091,1
5,87,1,1,1.82923694864214,4.95320445265083,0.469867758243401,1
5,88,1,1,1.82923694864214,4.95320445265083,0.405661163181081,1
5,89,1,1,1.82923694864214,4.95320445265083,0.545803128337298,1
5,90,1,1,1.82923694864214,4.95320445265083,0.460893323306426,1
5,91,1,1,1.82923694864214,4.95320445265083,0.399833702240581,1
5,92,1,1,1.82923694864214,4.95320445265083,0.371228401542261,1
5,93,-1,1,1.65516203758533,0.307071318319824,1.43572000991628,1
5,94,1,1,1.82923694864214,4.95320445265083,0.361546221537224,1
5,95,1,1,1.82923694864214,4.95320445265083,0.511619271269319,1
5,96,-1,1,1.65516203758533,0.307071318319824,0.923858997260942,-1
5,97,-1,-1,1.57759086111062,-0.0694815075208163,1.08951145910328,1
5,98,-1,1,1.65516203758533,0.307071318319824,0.535027848622986,-1
5,99,1,-1,1.74350754032138,3.60920573655016,0.346098535240859,1
5,100,-1,1,1.65516203758533,0.307071318319824,0.304298285214184,1
5,101,-1,1,1.65516203758533,0.307071318319824,1.38631999871169,1
6,2,1,1,1.53353738842824,5.06521415831315,0.29455134283194,1
6,3,-1,1,1.38760201100702,0.116758931794184,0.770383580003166,-1
6,4,-1,-1,1.32257035970748,0.98897841310525,0.306962103595343,1
6,5,1,1,1.53353738842824,5.06521415831315,0.426348196234645,1
6,6,-1,1,1.38760201100702,0.116758931794184,0.432511099944078,-1
6,7,-1,-1,1.32257035970748,0.98897841310525,0.267022099375579,1
6,8,1,1,1.53353738842824,5.06521415831315,0.364143712350361,1
6,9,1,1,1.53353738842824,5.06521415831315,0.228390951296504,1
6,10,1,1,1.53353738842824,5.06521415831315,0.532924782632348,1
6,11,1,1,1.53353738842824,5.06521415831315,0.354937945179339,1
6,12,1,1,1.53353738842824,5.06521415831315,0.387879433181639,1
6,13,1,1,1.53353738842824,5.06521415831315,0.249737341694263,1
6,14,-1,1,1.38760201100702,0.116758931794184,0.473525200155952,-1
6,15,-1,-1,1.32257035970748,0.98897841310525,0.714806403337814,1
6,16,-1,1,1.38760201100702,0.116758931794184,1.54031998841405,1
6,17,1,1,1.53353738842824,5.06521415831315,0.401134600188927,1
6,18,-1,1,1.38760201100702,0.116758931794184,0.380265587877825,-1
6,19,1,-1,1.46166629865755,2.62904849678742,0.596398486035337,1
6,20,-1,1,1.38760201100702,0.116758931794184,0.565276081175068,1
6,21,-1,1,1.38760201100702,0.116758931794184,0.5186006600097,1
6,22,1,1,1.53353738842824,5.06521415831315,0.283710147220377,1
6,23,1,1,1.53353738842824,5.06521415831315,0.380184525112079,1
6,24,-1,1,1.38760201100702,0.116758931794184,0.770833085075885,-1
6,25,1,-1,1.46166629865755,2.62904849678742,0.262459151901304,1
6,26,1,1,1.53353738842824,5.06521415831315,0.444806448938415,1
6,27,-1,1,1.38760201100702,0.116758931794184,0.361842962019058,1
6,28,1,1,1.53353738842824,5.06521415831315,0.656414880555108,1
6,29,1,1,1.53353738842824,5.06521415831315,0.487715961334073,1
6,30,1,1,1.53353738842824,5.06521415831315,0.287114498194168,1
6,31,1,1,1.53353738842824,5.06521415831315,0.291559861534125,1
6,32,1,1,1.53353738842824,5.06521415831315,0.284985320267969,1
6,33,-1,1,1.38760201100702,0.116758931794184,0.260420215444963,-1
6,34,1,-1,1.46166629865755,2.62904849678742,0.32403194241077,1
6,35,-1,1,1.38760201100702,0.116758931794184,0.849195362612508,1
6,36,-1,1,1.38760201100702,0.116758931794184,0.880502152418525,-1
6,37,-1,-1,1.32257035970748,0.98897841310525,0.911114439768797,1
6,38,1,1,1.53353738842824,5.06521415831315,0.469588832463856,1
6,39,-1,1,1.38760201100702,0.116758931794184,0.959602556073109,1
6,40,-1,1,1.38760201100702,0.116758931794184,1.47276474849897,1
6,41,1,1,1.53353738842824,5.06521415831315,0.390593017437173,1
6,42,-1,1,1.38760201100702,0.116758931794184,0.657614759402667,1
6,43,-1,1,1.38760201100702,0.116758931794184,0.328000648316803,-1
6,44,1,-1,1.46166629865755,2.62904849678742,0.388078746420136,1
6,45,1,1,1.53353738842824,5.06521415831315,0.336558184833916,1
6,46,1,1,1.53353738842824,5.06521415831315,0.291316931207822,1
6,47,1,1,1.53353738842824,5.06521415831315,0.343981817682239,1
6,48,-1,1,1.38760201100702,0.116758931794184,0.330806306027664,-1
6,49,1,-1,1.46166629865755,2.62904849678742,0.712606623923906,1
6,50,-1,1,1.38760201100702,0.116758931794184,0.871506624423615,1
6,51,-1,1,1.38760201100702,0.116758931794184,1.44179215234093,-1
6,52,-1,-1,1.32257035970748,0.98897841310525,0.389384940658742,1
6,53,1,1,1.53353738842824,5.06521415831315,0.287824795488859,1
6,54,1,1,1.53353738842824,5.06521415831315,0.462576601783709,1
6,55,-1,1,1.38760201100702,0.116758931794184,0.322185282921365,1
6,56,-1,1,1.38760201100702,0.116758931794184,0.732985787944565,1
6,57,1,1,1.53353738842824,5.06521415831315,0.30012650359059,1
6,58,-1,1,1.38760201100702,0.116758931794184,0.35898424289575,1
6,59,-1,1,1.38760201100702,0.116758931794184,0.30586086771405,-1
6,60,-1,-1,1.32257035970748,0.98897841310525,0.309601363277099,-1
6,61,-1,-1,1.32257035970748,0.98897841310525,0.312668405029981,-1
6,62,1,-1,1.46166629865755,2.62904849678742,0.500830156670861,1
6,63,-1,1,1.38760201100702,0.116758931794184,0.820495413509327,-1
6,64,-1,-1,1.32257035970748,0.98897841310525,0.45705520595175,1
6,65,1,1,1.53353738842824,5.06521415831315,0.386155228923605,1
6,66,-1,1,1.38760201100702,0.116758931794184,0.650667413032236,1
6,67,1,1,1.53353738842824,5.06521415831315,0.302203994174777,1
6,68,-1,1,1.38760201100702,0.116758931794184,1.53781767583104,1
6,69,1,1,1.53353738842824,5.06521415831315,0.249414673770543,1
6,70,-1,1,1.38760201100702,0.116758931794184,0.410766289600481,1
6,71,1,1,1.53353738842824,5.06521415831315,0.288345868909652,1
6,72,1,1,1.53353738842824,5.06521415831315,0.421004444422342,1
6,73,-1,1,1.38760201100702,0.116758931794184,0.535148284325815,-1
6,74,1,-1,1.46166629865755,2.62904849678742,0.546892169146579,1
6,75,-1,1,1.38760201100702,0.116758931794184,0.382292996056867,1
6,76,-1,1,1.38760201100702,0.116758931794184,0.703598277492517,-1
6,77,-1,-1,1.32257035970748,0.98897841310525,0.470200762180152,-1
6,78,1,-1,1.46166629865755,2.62904849678742,0.35095083003371,1
6,79,1,1,1.53353738842824,5.06521415831315,0.258036769616674,1
6,80,-1,1,1.38760201100702,0.116758931794184,1.0064009548829,1
6,81,1,1,1.53353738842824,5.06521415831315,0.291721479067397,1
6,82,-1,1,1.38760201100702,0.116758931794184,1.71784163424903,-1
6,83,-1,-1,1.32257035970748,0.98897841310525,0.251163030276648,1
6,84,1,1,1.53353738842824,5.06521415831315,0.31752918133728,1
6,85,-1,1,1.38760201100702,0.116758931794184,0.590820425573068,1
6,86,-1,1,1.38760201100702,0.116758931794184,0.368064955021053,1
6,87,1,1,1.53353738842824,5.06521415831315,0.416957741851908,1
6,88,-1,1,1.38760201100702,0.116758931794184,0.359065247850192,-1
6,89,1,-1,1.46166629865755,2.62904849678742,0.425534289838908,1
6,90,1,1,1.53353738842824,5.06521415831315,0.314927147893591,1
6,91,1,1,1.53353738842824,5.06521415831315,0.390671598996796,1
6,92,1,1,1.53353738842824,5.06521415831315,0.41163480698835,1
6,93,1,1,1.53353738842824,5.06521415831315,0.229732823894343,1
6,94,-1,1,1.38760201100702,0.116758931794184,1.15756652480882,-1
6,95,-1,-1,1.32257035970748,0.98897841310525,1.3346964099415,-1
6,96,-1,-1,1.32257035970748,0.98897841310525,0.486662633630423,1
6,97,1,1,1.53353738842824,5.06521415831315,0.342463303147881,1
6,98,1,1,1.53353738842824,5.06521415831315,0.345423956622804,1
6,99,-1,1,1.38760201100702,0.116758931794184,0.965300564573835,-1
6,100,-1,-1,1.32257035970748,0.98897841310525,0.342884293706103,1
6,101,1,1,1.53353738842824,5.06521415831315,0.278299252623936,1
7,2,1,1,2.70946914784006,3.50172258689548,0.449671113036827,1
7,3,-1,1,2.45162906797969,1.5506816041771,1.32466114759044,-1
7,4,1,-1,2.58248658985046,2.4511822399412,0.44642541253786,1
7,5,-1,1,2.45162906797969,1.5506816041771,1.19154827158408,1
7,6,1,1,2.70946914784006,3.50172258689548,0.565029635994123,1
7,7,-1,1,2.45162906797969,1.5506816041771,3.40276845121698,-1
7,8,1,-1,2.58248658985046,2.4511822399412,0.430095420300795,1
7,9,-1,1,2.45162906797969,1.5506816041771,0.916591444566604,1
7,10,-1,1,2.45162906797969,1.5506816041771,0.559848091759784,1
7,11,-1,1,2.45162906797969,1.5506816041771,1.3963932140844,-1
7,12,1,-1,2.58248658985046,2.4511822399412,0.414395937055296,1
7,13,-1,1,2.45162906797969,1.5506816041771,0.38070705597276,1
7,14,1,1,2.70946914784006,3.50172258689548,0.82249295642471,1
7,15,1,1,2.70946914784006,3.50172258689548,0.528791170575537,1
7,16,1,1,2.70946914784006,3.50172258689548,0.534028110243153,1
7,17,-1,1,2.45162906797969,1.5506816041771,0.756288088893438,1
7,18,1,1,2.70946914784006,3.50172258689548,0.446269377234146,1
7,19,1,1,2.70946914784006,3.50172258689548,0.782188276011413,1
7,20,1,1,2.70946914784006,3.50172258689548,0.355020214984859,1
7,21,-1,1,2.45162906797969,1.5506816041771,0.639634698872496,1
7,22,1,1,2.70946914784006,3.50172258689548,0.426922323074075,1
7,23,-1,1,2.45162906797969,1.5506816041771,0.854363610812254,1
7,24,-1,1,2.45162906797969,1.5506816041771,0.607162031126443,1
7,25,1,1,2.70946914784006,3.50172258689548,0.531936024135616,1
7,26,1,1,2.70946914784006,3.50172258689548,0.528617824556045,1
7,27,1,1,2.70946914784006,3.50172258689548,0.442285720317407,1
7,28,1,1,2.70946914784006,3.50172258689548,0.430940008395716,1
7,29,1,1,2.70946914784006,3.50172258689548,0.640108907309519,1
7,30,1,1,2.70946914784006,3.50172258689548,0.568635164777571,1
7,31,1,1,2.70946914784006,3.50172258689548,0.666768026463805,1
7,32,-1,1,2.45162906797969,1.5506816041771,0.622023109573254,1
7,33,-1,1,2.45162906797969,1.5506816041771,1.1059450142889,1
7,34,1,1,2.70946914784006,3.50172258689548,0.545929938622249,1
7,35,-1,1,2.45162906797969,1.5506816041771,0.693825371368085,1
7,36,1,1,2.70946914784006,3.50172258689548,0.469088665243528,1
7,37,-1,1,2.45162906797969,1.5506816041771,0.965270402999073,1
7,38,-1,1,2.45162906797969,1.5506816041771,1.48185364703925,1
7,39,1,1,2.70946914784006,3.50172258689548,0.769565176574762,1
7,40,-1,1,2.45162906797969,1.5506816041771,1.13533921600908,1
7,41,1,1,2.70946914784006,3.50172258689548,0.941654772597179,1
7,42,-1,1,2.45162906797969,1.5506816041771,0.565229887183921,1
7,43,-1,1,2.45162906797969,1.5506816041771,0.678918134822358,1
7,44,1,1,2.70946914784006,3.50172258689548,0.401876493131614,1
7,45,-1,1,2.45162906797969,1.5506816041771,0.362397336653106,1
7,46,-1,1,2.45162906797969,1.5506816041771,3.31268861350582,1
7,47,-1,1,2.45162906797969,1.5506816041771,0.520588020387704,1
7,48,1,1,2.70946914784006,3.50172258689548,0.826398534477683,1
7,49,-1,1,2.45162906797969,1.5506816041771,0.336083112800691,1
7,50,-1,1,2.45162906797969,1.5506816041771,0.623846792010801,-1
7,51,-1,-1,2.33673049807278,1.29641356898621,1.00472482778133,1
7,52,-1,1,2.45162906797969,1.5506816041771,0.792314794311457,1
7,53,1,1,2.70946914784006,3.50172258689548,0.480677216109349,1
7,54,-1,1,2.45162906797969,1.5506816041771,0.575772751990017,1
7,55,1,1,2.70946914784006,3.50172258689548,0.425868202728425,1
7,56,1,1,2.70946914784006,3.50172258689548,0.582803075928835,1
7,57,1,1,2.70946914784006,3.50172258689548,0.686105754162838,1
7,58,-1,1,2.45162906797969,1.5506816041771,0.812484541653225,1
7,59,1,1,2.70946914784006,3.50172258689548,0.475135959181644,1
7,60,1,1,2.70946914784006,3.50172258689548,0.593413396835145,1
7,61,1,1,2.70946914784006,3.50172258689548,0.560695215879997,1
7,62,-1,1,2.45162906797969,1.5506816041771,1.12110039943161,-1
7,63,-1,-1,2.33673049807278,1.29641356898621,0.882252113995049,1
7,64,1,1,2.70946914784006,3.50172258689548,0.364444523024268,1
7,65,1,1,2.70946914784006,3.50172258689548,0.582792052514532,1
7,66,1,1,2.70946914784006,3.50172258689548,0.434582975996305,1
7,67,1,1,2.70946914784006,3.50172258689548,0.768002054823841,1
7,68,-1,1,2.45162906797969,1.5506816041771,1.71315570591371,1
7,69,1,1,2.70946914784006,3.50172258689548,0.805827810582721,1
7,70,-1,1,2.45162906797969,1.5506816041771,0.641051605391931,1
7,71,-1,1,2.45162906797969,1.5506816041771,1.6815964153456,1
7,72,-1,1,2.45162906797969,1.5506816041771,1.39656160871134,1
7,73,1,1,2.70946914784006,3.50172258689548,0.415447952799727,1
7,74,1,1,2.70946914784006,3.50172258689548,0.298201948958565,1
7,75,-1,1,2.45162906797969,1.5506816041771,1.99243794962964,1
7,76,-1,1,2.45162906797969,1.5506816041771,0.400116166452145,1
7,77,1,1,2.70946914784006,3.50172258689548,0.517951049177252,1
7,78,-1,1,2.45162906797969,1.5506816041771,1.58899511213557,-1
7,79,-1,-1,2.33673049807278,1.29641356898621,1.11552980582463,1
7,80,-1,1,2.45162906797969,1.5506816041771,1.21048449572125,1
7,81,1,1,2.70946914784006,3.50172258689548,0.615549126934013,1
7,82,-1,1,2.45162906797969,1.5506816041771,0.534795869763229,1
7,83,-1,1,2.45162906797969,1.5506816041771,0.667869198647756,1
7,84,1,1,2.70946914784006,3.50172258689548,0.440729123110398,1
7,85,-1,1,2.45162906797969,1.5506816041771,1.44274210402186,1
7,86,-1,1,2.45162906797969,1.5506816041771,0.807342846438333,1
7,87,1,1,2.70946914784006,3.50172258689548,0.662267439177648,1
7,88,1,1,2.70946914784006,3.50172258689548,0.399449784658076,1
7,89,-1,1,2.45162906797969,1.5506816041771,0.837534738601158,1
7,90,1,1,2.70946914784006,3.50172258689548,0.674339433541375,1
7,91,-1,1,2.45162906797969,1.5506816041771,3.4940088442962,1
7,92,1,1,2.70946914784006,3.50172258689548,0.428469262983485,1
7,93,1,1,2.70946914784006,3.50172258689548,0.473467298783439,1
7,94,-1,1,2.45162906797969,1.5506816041771,1.01957073385745,1
7,95,-1,1,2.45162906797969,1.5506816041771,0.632757653561774,1
7,96,1,1,2.70946914784006,3.50172258689548,0.419074756998263,1
7,97,1,1,2.70946914784006,3.50172258689548,0.802941363632944,1
7,98,-1,1,2.45162906797969,1.5506816041771,0.76545760396104,1
7,99,-1,1,2.45162906797969,1.5506816041771,1.10788571605028,1
7,100,1,1,2.70946914784006,3.50172258689548,0.662514140299727,1
7,101,-1,1,2.45162906797969,1.5506816041771,0.823178074551306,1
8,2,1,1,1.5942301685434,4.34500727300593,0.401050370494238,1
8,3,-1,1,1.44251910945985,1.23094777721663,0.374536903201582,1
8,4,-1,1,1.44251910945985,1.23094777721663,0.462956749802679,1
8,5,-1,1,1.44251910945985,1.23094777721663,0.853927337843708,1
8,6,-1,1,1.44251910945985,1.23094777721663,0.529715478709693,-1
8,7,-1,-1,1.37491370173113,-0.169325904066317,0.543280319143613,1
8,8,-1,1,1.44251910945985,1.23094777721663,0.347916098321585,1
8,9,1,1,1.5942301685434,4.34500727300593,0.353102597453691,1
8,10,1,1,1.5942301685434,4.34500727300593,0.472016563861389,1
8,11,1,1,1.5942301685434,4.34500727300593,0.420540780626631,1
8,12,1,1,1.5942301685434,4.34500727300593,0.335141531736932,1
8,13,1,1,1.5942301685434,4.34500727300593,0.484951665478595,1
8,14,-1,1,1.44251910945985,1.23094777721663,0.496954548257342,1
8,15,1,1,1.5942301685434,4.34500727300593,0.387258530862084,1
8,16,-1,1,1.44251910945985,1.23094777721663,1.21806962175467,1
8,17,-1,1,1.44251910945985,1.23094777721663,0.411525628346639,1
8,18,1,1,1.5942301685434,4.34500727300593,0.440574694133476,1
8,19,-1,1,1.44251910945985,1.23094777721663,0.642875921185967,1
8,20,-1,1,1.44251910945985,1.23094777721663,0.821744082848622,1
8,21,-1,1,1.44251910945985,1.23094777721663,0.46282521648808,1
8,22,-1,1,1.44251910945985,1.23094777721663,1.26845690568199,1
8,23,1,1,1.5942301685434,4.34500727300593,0.38769585692204,1
8,24,1,1,1.5942301685434,4.34500727300593,0.415679832462794,1
8,25,1,1,1.5942301685434,4.34500727300593,0.747830274961475,1
8,26,-1,1,1.44251910945985,1.23094777721663,0.890160327289665,-1
8,27,-1,-1,1.37491370173113,-0.169325904066317,0.978177468090682,-1
8,28,1,-1,1.51951463801698,3.39337085384376,0.684630460449176,1
8,29,1,1,1.5942301685434,4.34500727300593,0.539740249504742,1
8,30,-1,1,1.44251910945985,1.23094777721663,0.616248652384962,1
8,31,1,1,1.5942301685434,4.34500727300593,0.438967987707216,1
8,32,-1,1,1.44251910945985,1.23094777721663,0.714772439904315,1
8,33,1,1,1.5942301685434,4.34500727300593,0.36995074194264,1
8,34,1,1,1.5942301685434,4.34500727300593,0.414791512379509,1
8,35,-1,1,1.44251910945985,1.23094777721663,0.608367693519065,1
8,36,1,1,1.5942301685434,4.34500727300593,0.457086512992084,1
8,37,-1,1,1.44251910945985,1.23094777721663,0.397659145177955,1
8,38,1,1,1.5942301685434,4.34500727300593,0.326836491723029,1
8,39,1,1,1.5942301685434,4.34500727300593,0.416979954476264,1
8,40,1,1,1.5942301685434,4.34500727300593,0.508422944912631,1
8,41,1,1,1.5942301685434,4.34500727300593,0.324608358618887,1
8,42,-1,1,1.44251910945985,1.23094777721663,0.48001015508717,1
8,43,1,1,1.5942301685434,4.34500727300593,1.52263521349895,1
8,44,-1,1,1.44251910945985,1.23094777721663,1.49619480223118,1
8,45,-1,1,1.44251910945985,1.23094777721663,0.763930629610661,1
8,46,-1,1,1.44251910945985,1.23094777721663,1.42947827731053,1
8,47,1,1,1.5942301685434,4.34500727300593,0.392858589395051,1
8,48,1,1,1.5942301685434,4.34500727300593,0.624715966594824,1
8,49,1,1,1.5942301685434,4.34500727300593,0.337920281315393,1
8,50,-1,1,1.44251910945985,1.23094777721663,1.24635694260992,1
8,51,1,1,1.5942301685434,4.34500727300593,0.347668862987714,1
8,52,1,1,1.5942301685434,4.34500727300593,0.31758717526492,1
8,53,1,1,1.5942301685434,4.34500727300593,0.589803238140804,1
8,54,-1,1,1.44251910945985,1.23094777721663,0.478510590737247,1
8,55,-1,1,1.44251910945985,1.23094777721663,0.372509528794332,1
8,56,-1,1,1.44251910945985,1.23094777721663,0.465963534988421,-1
8,57,1,-1,1.51951463801698,3.39337085384376,0.384108929035402,1
8,58,-1,1,1.44251910945985,1.23094777721663,0.549918717021496,1
8,59,1,1,1.5942301685434,4.34500727300593,0.45057232102295,1
8,60,-1,1,1.44251910945985,1.23094777721663,0.469850315737886,1
8,61,-1,1,1.44251910945985,1.23094777721663,0.517090016653995,1
8,62,1,1,1.5942301685434,4.34500727300593,0.309383137694654,1
8,63,1,1,1.5942301685434,4.34500727300593,0.37745439926047,1
8,64,-1,1,1.44251910945985,1.23094777721663,0.450194641953914,1
8,65,1,1,1.5942301685434,4.34500727300593,0.553787200140373,1
8,66,1,1,1.5942301685434,4.34500727300593,0.492580439085492,1
8,67,-1,1,1.44251910945985,1.23094777721663,0.663728982285657,1
8,68,1,1,1.5942301685434,4.34500727300593,0.571800178634716,1
8,69,1,1,1.5942301685434,4.34500727300593,0.352699365600454,1
8,70,1,1,1.5942301685434,4.34500727300593,0.503302974532665,1
8,71,1,1,1.5942301685434,4.34500727300593,0.618512362967218,1
8,72,1,1,1.5942301685434,4.34500727300593,0.467913705175358,1
8,73,1,1,1.5942301685434,4.34500727300593,0.385348513560731,1
8,74,1,1,1.5942301685434,4.34500727300593,0.464885829928206,1
8,75,-1,1,1.44251910945985,1.23094777721663,0.986420575101924,-1
8,76,1,-1,1.51951463801698,3.39337085384376,0.366642930645339,1
8,77,-1,1,1.44251910945985,1.23094777721663,0.353884001425636,1
8,78,-1,1,1.44251910945985,1.23094777721663,0.47057252466202,1
8,79,-1,1,1.44251910945985,1.23094777721663,0.447807936437566,1
8,80,-1,1,1.44251910945985,1.23094777721663,0.613130224678374,1
8,81,1,1,1.5942301685434,4.34500727300593,0.383037653162561,1
8,82,-1,1,1.44251910945985,1.23094777721663,0.753209150747759,1
8,83,1,1,1.5942301685434,4.34500727300593,0.526758815992589,1
8,84,-1,1,1.44251910945985,1.23094777721663,0.419742984645773,1
8,85,1,1,1.5942301685434,4.34500727300593,0.409968777386186,1
8,86,1,1,1.5942301685434,4.34500727300593,0.351242230117197,1
8,87,-1,1,1.44251910945985,1.23094777721663,0.71263028702121,1
8,88,1,1,1.5942301685434,4.34500727300593,0.471754507471141,1
8,89,-1,1,1.44251910945985,1.23094777721663,0.720628015224482,-1
8,90,-1,-1,1.37491370173113,-0.169325904066317,1.16321984397781,1
8,91,-1,1,1.44251910945985,1.23094777721663,0.406116853242111,1
8,92,1,1,1.5942301685434,4.34500727300593,0.615099438714891,1
8,93,-1,1,1.44251910945985,1.23094777721663,0.724898279263603,-1
8,94,-1,-1,1.37491370173113,-0.169325904066317,0.650172378167417,1
8,95,-1,1,1.44251910945985,1.23094777721663,0.539021957217172,1
8,96,-1,1,1.44251910945985,1.23094777721663,0.996615709628118,1
8,97,-1,1,1.44251910945985,1.23094777721663,0.40524494841995,1
8,98,-1,1,1.44251910945985,1.23094777721663,0.45388313985419,1
8,99,1,1,1.5942301685434,4.34500727300593,0.440266025813376,1
8,100,1,1,1.5942301685434,4.34500727300593,0.447760169047789,1
8,101,-1,1,1.44251910945985,1.23094777721663,0.823358784841138,1
9,2,-1,1,1.76704902521118,1.28065163180817,0.739593360586566,1
9,3,-1,1,1.76704902521118,1.28065163180817,0.494595324157658,1
9,4,-1,1,1.76704902521118,1.28065163180817,0.421951683386063,1
9,5,-1,1,1.76704902521118,1.28065163180817,0.394831512886405,1
9,6,1,1,1.95289119347732,4.10958989306665,0.642275105802439,1
9,7,1,1,1.95289119347732,4.10958989306665,0.440129466340474,1
9,8,1,1,1.95289119347732,4.10958989306665,0.508370181036412,1
9,9,1,1,1.95289119347732,4.10958989306665,0.61067980298202,1
9,10,-1,1,1.76704902521118,1.28065163180817,0.474487763187262,1
9,11,1,1,1.95289119347732,4.10958989306665,0.429943313478934,1
9,12,1,1,1.95289119347732,4.10958989306665,0.88208590335822,1
9,13,1,1,1.95289119347732,4.10958989306665,1.15121335783338,1
9,14,-1,1,1.76704902521118,1.28065163180817,0.577279931597471,1
9,15,1,1,1.95289119347732,4.10958989306665,0.359048527578554,1
9,16,-1,1,1.76704902521118,1.28065163180817,0.556726308765229,1
9,17,-1,1,1.76704902521118,1.28065163180817,1.36913714810919,1
9,18,1,1,1.95289119347732,4.10958989306665,0.47630109658624,1
9,19,-1,1,1.76704902521118,1.28065163180817,1.2666107013391,-1
9,20,-1,-1,1.68423412935115,0.592250770065309,1.51433158768001,1
9,21,-1,1,1.76704902521118,1.28065163180817,1.17124211754325,1
9,22,1,1,1.95289119347732,4.10958989306665,0.476851541815891,1
9,23,-1,1,1.76704902521118,1.28065163180817,0.448979650701397,1
9,24,1,1,1.95289119347732,4.10958989306665,0.417483958760353,1
9,25,-1,1,1.76704902521118,1.28065163180817,0.51373265887671,1
9,26,1,1,1.95289119347732,4.10958989306665,0.886455002364274,1
9,27,1,1,1.95289119347732,4.10958989306665,0.348747372741806,1
9,28,-1,1,1.76704902521118,1.28065163180817,1.41691113876547,1
9,29,1,1,1.95289119347732,4.10958989306665,0.607853251796664,1
9,30,-1,1,1.76704902521118,1.28065163180817,0.399944908925074,1
9,31,1,1,1.95289119347732,4.10958989306665,0.384315711583994,1
9,32,1,1,1.95289119347732,4.10958989306665,0.435804163139949,1
9,33,1,1,1.95289119347732,4.10958989306665,0.430236050727104,1
9,34,-1,1,1.76704902521118,1.28065163180817,1.11630930089372,-1
9,35,-1,-1,1.68423412935115,0.592250770065309,0.917751309695586,1
9,36,-1,1,1.76704902521118,1.28065163180817,0.958742718938858,-1
9,37,1,-1,1.86136657898935,2.81750770505986,1.09471559293165,1
9,38,1,1,1.95289119347732,4.10958989306665,0.368949963818292,1
9,39,-1,1,1.76704902521118,1.28065163180817,0.474626114108476,1
9,40,-1,1,1.76704902521118,1.28065163180817,0.93967995640652,1
9,41,-1,1,1.76704902521118,1.28065163180817,0.355481129174506,1
9,42,1,1,1.95289119347732,4.10958989306665,0.506369995028093,1
9,43,-1,1,1.76704902521118,1.28065163180817,0.404830120175125,1
9,44,-1,1,1.76704902521118,1.28065163180817,0.92724364550239,-1
9,45,-1,-1,1.68423412935115,0.592250770065309,1.89304400718584,-1
9,46,-1,-1,1.68423412935115,0.592250770065309,0.466474690056391,-1
9,47,-1,-1,1.68423412935115,0.592250770065309,0.447321865880442,1
9,48,-1,1,1.76704902521118,1.28065163180817,0.493188237964982,1
9,49,-1,1,1.76704902521118,1.28065163180817,0.365389286707544,1
9,50,1,1,1.95289119347732,4.10958989306665,0.525949787582893,1
9,51,1,1,1.95289119347732,4.10958989306665,0.485249051498755,1
9,52,-1,1,1.76704902521118,1.28065163180817,0.562230735795574,1
9,53,1,1,1.95289119347732,4.10958989306665,0.343946961573857,1
9,54,1,1,1.95289119347732,4.10958989306665,0.410903809524897,1
9,55,1,1,1.95289119347732,4.10958989306665,0.406279221543742,1
9,56,1,1,1.95289119347732,4.10958989306665,0.398963929642785,1
9,57,-1,1,1.76704902521118,1.28065163180817,0.673101824030194,1
9,58,1,1,1.95289119347732,4.10958989306665,0.388962043284123,1
9,59,1,1,1.95289119347732,4.10958989306665,0.398052696158259,1
9,60,-1,1,1.76704902521118,1.28065163180817,2.24434010783726,1
9,61,1,1,1.95289119347732,4.10958989306665,0.61227693374087,1
9,62,-1,1,1.76704902521118,1.28065163180817,0.601196653449625,1
9,63,1,1,1.95289119347732,4.10958989306665,0.480568355467409,1
9,64,-1,1,1.76704902521118,1.28065163180817,0.705761186463318,1
9,65,-1,1,1.76704902521118,1.28065163180817,2.06452312980949,1
9,66,1,1,1.95289119347732,4.10958989306665,0.394652582797503,1
9,67,-1,1,1.76704902521118,1.28065163180817,0.387973961326314,1
9,68,1,1,1.95289119347732,4.10958989306665,0.44907386324492,1
9,69,-1,1,1.76704902521118,1.28065163180817,0.534617970881266,1
9,70,1,1,1.95289119347732,4.10958989306665,0.35827627114743,1
9,71,-1,1,1.76704902521118,1.28065163180817,0.470457951978062,1
9,72,-1,1,1.76704902521118,1.28065163180817,1.33334487372033,1
9,73,-1,1,1.76704902521118,1.28065163180817,1.00955239452015,-1
9,74,1,-1,1.86136657898935,2.81750770505986,0.334218256743586,1
9,75,1,1,1.95289119347732,4.10958989306665,0.788382266040925,1
9,76,1,1,1.95289119347732,4.10958989306665,0.292417957395747,1
9,77,1,1,1.95289119347732,4.10958989306665,0.776510003273351,1
9,78,1,1,1.95289119347732,4.10958989306665,0.39853439666333,1
9,79,1,1,1.95289119347732,4.10958989306665,0.470153517437981,1
9,80,1,1,1.95289119347732,4.10958989306665,0.629823363442162,1
9,81,-1,1,1.76704902521118,1.28065163180817,0.495242424844659,1
9,82,1,1,1.95289119347732,4.10958989306665,0.433650935615496,1
9,83,1,1,1.95289119347732,4.10958989306665,0.681624323100671,1
9,84,1,1,1.95289119347732,4.10958989306665,0.506036927408018,1
9,85,1,1,1.95289119347732,4.10958989306665,0.354852144681206,1
9,86,1,1,1.95289119347732,4.10958989306665,0.351926260287474,1
9,87,-1,1,1.76704902521118,1.28065163180817,0.405664670151747,1
9,88,-1,1,1.76704902521118,1.28065163180817,0.325587633918019,1
9,89,-1,1,1.76704902521118,1.28065163180817,1.21203447231058,1
9,90,-1,1,1.76704902521118,1.28065163180817,1.6189564956604,1
9,91,-1,1,1.76704902521118,1.28065163180817,0.369232534845306,1
9,92,-1,1,1.76704902521118,1.28065163180817,0.808909217141309,-1
9,93,1,-1,1.86136657898935,2.81750770505986,0.447713681111389,1
9,94,-1,1,1.76704902521118,1.28065163180817,0.766313498176088,1
9,95,1,1,1.95289119347732,4.10958989306665,0.441273687538732,1
9,96,1,1,1.95289119347732,4.10958989306665,0.443080870784187,1
9,97,1,1,1.95289119347732,4.10958989306665,0.684773577426038,1
9,98,1,1,1.95289119347732,4.10958989306665,0.522058771505578,1
9,99,-1,1,1.76704902521118,1.28065163180817,0.429203724021867,1
9,100,-1,1,1.76704902521118,1.28065163180817,0.477151163689489,1
9,101,-1,1,1.76704902521118,1.28065163180817,0.693595520068513,1
10,2,-1,1,1.58125845103872,0.616727806167907,0.610479534098666,-1
10,3,-1,-1,1.50715085578684,0.630767377488794,0.376933312121408,1
10,4,-1,1,1.58125845103872,0.616727806167907,1.60828750343062,-1
10,5,-1,-1,1.50715085578684,0.630767377488794,0.952688878859021,-1
10,6,-1,-1,1.50715085578684,0.630767377488794,0.245612321321422,-1
10,7,1,-1,1.66565929496844,3.21315592471315,0.371295757663876,1
10,8,-1,1,1.58125845103872,0.616727806167907,0.441923605727512,1
10,9,1,1,1.74756085404934,4.33934889163015,0.546197553766015,1
10,10,-1,1,1.58125845103872,0.616727806167907,0.679490092915212,-1
10,11,-1,-1,1.50715085578684,0.630767377488794,0.345897411375632,1
10,12,1,1,1.74756085404934,4.33934889163015,0.331112133804766,1
10,13,-1,1,1.58125845103872,0.616727806167907,0.552893739914727,1
10,14,-1,1,1.58125845103872,0.616727806167907,0.528417858399823,-1
10,15,1,-1,1.66565929496844,3.21315592471315,0.35790644573432,1
10,16,-1,1,1.58125845103872,0.616727806167907,0.786773898318461,1
10,17,1,1,1.74756085404934,4.33934889163015,0.385274781946034,1
10,18,1,1,1.74756085404934,4.33934889163015,0.271134520022282,1
10,19,1,1,1.74756085404934,4.33934889163015,0.343023684042339,1
10,20,-1,1,1.58125845103872,0.616727806167907,0.495728619533654,1
10,21,-1,1,1.58125845103872,0.616727806167907,0.283855411313201,1
10,22,1,1,1.74756085404934,4.33934889163015,0.343441745860523,1
10,23,-1,1,1.58125845103872,0.616727806167907,0.742314135247972,1
10,24,-1,1,1.58125845103872,0.616727806167907,1.16577529845396,-1
10,25,-1,-1,1.50715085578684,0.630767377488794,0.704445971309701,1
10,26,-1,1,1.58125845103872,0.616727806167907,1.0084111483797,1
10,27,-1,1,1.58125845103872,0.616727806167907,0.63743269668656,1
10,28,-1,1,1.58125845103872,0.616727806167907,0.611277120548961,1
10,29,1,1,1.74756085404934,4.33934889163015,0.938924033776683,1
10,30,1,1,1.74756085404934,4.33934889163015,0.595011930161218,1
10,31,1,1,1.74756085404934,4.33934889163015,0.322724444041037,1
10,32,1,1,1.74756085404934,4.33934889163015,0.256862913096058,1
10,33,1,1,1.74756085404934,4.33934889163015,0.453319084406131,1
10,34,-1,1,1.58125845103872,0.616727806167907,1.13167607086496,-1
10,35,1,-1,1.66565929496844,3.21315592471315,0.326244924184127,1
10,36,-1,1,1.58125845103872,0.616727806167907,0.517716809373401,-1
10,37,1,-1,1.66565929496844,3.21315592471315,0.697012467908392,1
10,38,1,1,1.74756085404934,4.33934889163015,0.450784519602926,1
10,39,-1,1,1.58125845103872,0.616727806167907,0.438270603783365,1
10,40,1,1,1.74756085404934,4.33934889163015,0.294190396595108,1
10,41,1,1,1.74756085404934,4.33934889163015,0.349451501725635,1
10,42,1,1,1.74756085404934,4.33934889163015,0.339579962976861,1
10,43,-1,1,1.58125845103872,0.616727806167907,1.4599912143336,1
10,44,-1,1,1.58125845103872,0.616727806167907,1.25264458057346,1
10,45,-1,1,1.58125845103872,0.616727806167907,0.889338549040045,1
10,46,-1,1,1.58125845103872,0.616727806167907,0.90571335427917,-1
10,47,-1,-1,1.50715085578684,0.630767377488794,0.697138230818012,1
10,48,-1,1,1.58125845103872,0.616727806167907,0.5417722455831,-1
10,49,1,-1,1.66565929496844,3.21315592471315,0.379519666310066,1
10,50,1,1,1.74756085404934,4.33934889163015,0.323821990324482,1
10,51,1,1,1.74756085404934,4.33934889163015,0.264601407403784,1
10,52,1,1,1.74756085404934,4.33934889163015,0.334558207291251,1
10,53,1,1,1.74756085404934,4.33934889163015,0.476470142006386,1
10,54,-1,1,1.58125845103872,0.616727806167907,0.873576286779449,-1
10,55,-1,-1,1.50715085578684,0.630767377488794,0.288914747325848,-1
10,56,1,-1,1.66565929496844,3.21315592471315,0.247749244915366,1
10,57,1,1,1.74756085404934,4.33934889163015,0.350259241393205,1
10,58,1,1,1.74756085404934,4.33934889163015,0.436397768727244,1
10,59,1,1,1.74756085404934,4.33934889163015,0.308178905213148,1
10,60,-1,1,1.58125845103872,0.616727806167907,0.37508244576897,1
10,61,-1,1,1.58125845103872,0.616727806167907,0.426093942631671,1
10,62,-1,1,1.58125845103872,0.616727806167907,1.23188741357223,-1
10,63,1,-1,1.66565929496844,3.21315592471315,0.449556924755178,1
10,64,-1,1,1.58125845103872,0.616727806167907,0.83354740109922,-1
10,65,1,-1,1.66565929496844,3.21315592471315,0.350809728483812,1
10,66,-1,1,1.58125845103872,0.616727806167907,0.562779797753448,1
10,67,1,1,1.74756085404934,4.33934889163015,0.393987848549089,1
10,68,1,1,1.74756085404934,4.33934889163015,0.294176935113798,1
10,69,-1,1,1.58125845103872,0.616727806167907,0.694532782251841,1
10,70,1,1,1.74756085404934,4.33934889163015,0.562561745191921,1
10,71,1,1,1.74756085404934,4.33934889163015,0.561368628409944,1
10,72,1,1,1.74756085404934,4.33934889163015,0.426367769606272,1
10,73,1,1,1.74756085404934,4.33934889163015,0.300318983323708,1
10,74,1,1,1.74756085404934,4.33934889163015,0.247260976424488,1
10,75,-1,1,1.58125845103872,0.616727806167907,1.98353022237196,-1
10,76,1,-1,1.66565929496844,3.21315592471315,0.272312039819127,1
10,77,-1,1,1.58125845103872,0.616727806167907,0.586480349179973,-1
10,78,-1,-1,1.50715085578684,0.630767377488794,0.387943380025095,-1
10,79,1,-1,1.66565929496844,3.21315592471315,0.324601155378701,1
10,80,1,1,1.74756085404934,4.33934889163015,0.236869428701448,1
10,81,1,1,1.74756085404934,4.33934889163015,0.279523245181429,1
10,82,1,1,1.74756085404934,4.33934889163015,0.46663929554388,1
10,83,1,1,1.74756085404934,4.33934889163015,0.438528713822566,1
10,84,-1,1,1.58125845103872,0.616727806167907,0.932296089642824,1
10,85,-1,1,1.58125845103872,0.616727806167907,1.50082595923661,-1
10,86,-1,-1,1.50715085578684,0.630767377488794,0.590155223686382,-1
10,87,1,-1,1.66565929496844,3.21315592471315,0.305429687616541,1
10,88,1,1,1.74756085404934,4.33934889163015,0.301707170775055,1
10,89,1,1,1.74756085404934,4.33934889163015,0.329200774007227,1
10,90,-1,1,1.58125845103872,0.616727806167907,0.361112008208779,1
10,91,-1,1,1.58125845103872,0.616727806167907,0.267139212750559,1
10,92,1,1,1.74756085404934,4.33934889163015,0.357751348447038,1
10,93,1,1,1.74756085404934,4.33934889163015,0.317393154809583,1
10,94,1,1,1.74756085404934,4.33934889163015,0.38967095248212,1
10,95,-1,1,1.58125845103872,0.616727806167907,1.06474547180171,1
10,96,-1,1,1.58125845103872,0.616727806167907,0.575954843174558,-1
10,97,1,-1,1.66565929496844,3.21315592471315,0.290919392807615,1
10,98,-1,1,1.58125845103872,0.616727806167907,1.0076465460286,-1
10,99,-1,-1,1.50715085578684,0.630767377488794,0.311338733656132,1
10,100,-1,1,1.58125845103872,0.616727806167907,0.544875105192956,-1
10,101,-1,-1,1.50715085578684,0.630767377488794,2.04991027898072,1
11,2,-1,1,1.80295305033558,2.33572183071885,0.494651896600444,1
11,3,1,1,1.99257127788666,3.43505986426311,0.341662356233512,1
11,4,1,1,1.99257127788666,3.43505986426311,0.326340145726443,1
11,5,-1,1,1.80295305033558,2.33572183071885,0.371231105774315,1
11,6,-1,1,1.80295305033558,2.33572183071885,0.385688820452378,1
11,7,-1,1,1.80295305033558,2.33572183071885,0.416146063968143,1
11,8,-1,1,1.80295305033558,2.33572183071885,0.679894662203084,1
11,9,1,1,1.99257127788666,3.43505986426311,0.770854887305651,1
11,10,1,1,1.99257127788666,3.43505986426311,0.516170424732511,1
11,11,1,1,1.99257127788666,3.43505986426311,0.434370248874657,1
11,12,-1,1,1.80295305033558,2.33572183071885,0.425397094394551,1
11,13,1,1,1.99257127788666,3.43505986426311,0.460273411457277,1
11,14,-1,1,1.80295305033558,2.33572183071885,1.22217433377934,1
11,15,1,1,1.99257127788666,3.43505986426311,0.624412369694905,1
11,16,-1,1,1.80295305033558,2.33572183071885,0.806198705528564,1
11,17,-1,1,1.80295305033558,2.33572183071885,0.558737929907706,1
11,18,1,1,1.99257127788666,3.43505986426311,0.509201006864999,1
11,19,-1,1,1.80295305033558,2.33572183071885,0.514460108930565,1
11,20,-1,1,1.80295305033558,2.33572183071885,0.632640740319624,1
11,21,1,1,1.99257127788666,3.43505986426311,0.580891773269016,1
11,22,1,1,1.99257127788666,3.43505986426311,0.690836416268954,1
11,23,-1,1,1.80295305033558,2.33572183071885,0.413368152610297,1
11,24,-1,1,1.80295305033558,2.33572183071885,0.692348464921743,1
11,25,1,1,1.99257127788666,3.43505986426311,0.360090274671056,1
11,26,1,1,1.99257127788666,3.43505986426311,0.550745628905475,1
11,27,1,1,1.99257127788666,3.43505986426311,0.493226706033679,1
11,28,-1,1,1.80295305033558,2.33572183071885,0.580542232051913,1
11,29,1,1,1.99257127788666,3.43505986426311,0.500501423949468,1
11,30,1,1,1.99257127788666,3.43505986426311,0.39292267532799,1
11,31,-1,1,1.80295305033558,2.33572183071885,0.944856341203748,1
11,32,1,1,1.99257127788666,3.43505986426311,0.346243129324991,1
11,33,1,1,1.99257127788666,3.43505986426311,0.784075823086338,1
11,34,-1,1,1.80295305033558,2.33572183071885,1.746150276858,1
11,35,-1,1,1.80295305033558,2.33572183071885,0.750406018752042,1
11,36,-1,1,1.80295305033558,2.33572183071885,0.783747181685788,1
11,37,1,1,1.99257127788666,3.43505986426311,0.641059059593023,1
11,38,-1,1,1.80295305033558,2.33572183071885,0.659675327909876,1
11,39,-1,1,1.80295305033558,2.33572183071885,0.580652853465282,1
11,40,1,1,1.99257127788666,3.43505986426311,0.408776131801452,1
11,41,1,1,1.99257127788666,3.43505986426311,0.600731408468129,1
11,42,1,1,1.99257127788666,3.43505986426311,0.443124797783409,1
11,43,1,1,1.99257127788666,3.43505986426311,0.384969909184399,1
11,44,1,1,1.99257127788666,3.43505986426311,0.38354282012336,1
11,45,1,1,1.99257127788666,3.43505986426311,0.516099945206558,1
11,46,1,1,1.99257127788666,3.43505986426311,0.449601671417229,1
11,47,1,1,1.99257127788666,3.43505986426311,0.404722078870992,1
11,48,-1,1,1.80295305033558,2.33572183071885,0.320386058662816,1
11,49,-1,1,1.80295305033558,2.33572183071885,0.460019358289283,1
11,50,-1,1,1.80295305033558,2.33572183071885,0.859558273109103,1
11,51,1,1,1.99257127788666,3.43505986426311,0.465547611908598,1
11,52,-1,1,1.80295305033558,2.33572183071885,0.738875879335135,1
11,53,1,1,1.99257127788666,3.43505986426311,1.44904601904871,1
11,54,1,1,1.99257127788666,3.43505986426311,0.426863145659316,1
11,55,-1,1,1.80295305033558,2.33572183071885,0.386517762402901,1
11,56,-1,1,1.80295305033558,2.33572183071885,1.03511901962061,1
11,57,-1,1,1.80295305033558,2.33572183071885,0.312775536037753,1
11,58,-1,1,1.80295305033558,2.33572183071885,0.368097462122385,1
11,59,1,1,1.99257127788666,3.43505986426311,1.04474733688153,1
11,60,-1,1,1.80295305033558,2.33572183071885,0.718933480937416,1
11,61,1,1,1.99257127788666,3.43505986426311,0.554817978787239,1
11,62,-1,1,1.80295305033558,2.33572183071885,0.486929412155997,1
11,63,1,1,1.99257127788666,3.43505986426311,0.445674427228471,1
11,64,1,1,1.99257127788666,3.43505986426311,0.665911117285826,1
11,65,1,1,1.99257127788666,3.43505986426311,0.428525769716192,1
11,66,1,1,1.99257127788666,3.43505986426311,0.620211988899194,1
11,67,-1,1,1.80295305033558,2.33572183071885,0.730414955599638,1
11,68,1,1,1.99257127788666,3.43505986426311,0.409434252238084,1
11,69,-1,1,1.80295305033558,2.33572183071885,0.303686389683255,1
11,70,1,1,1.99257127788666,3.43505986426311,0.376465383731975,1
11,71,-1,1,1.80295305033558,2.33572183071885,0.492823701283252,1
11,72,-1,1,1.80295305033558,2.33572183071885,1.27381627707787,1
11,73,1,1,1.99257127788666,3.43505986426311,0.577007117363717,1
11,74,-1,1,1.80295305033558,2.33572183071885,0.576803242423993,1
11,75,-1,1,1.80295305033558,2.33572183071885,0.506030121252235,1
11,76,1,1,1.99257127788666,3.43505986426311,0.569453576476878,1
11,77,-1,1,1.80295305033558,2.33572183071885,0.807529192018754,1
11,78,-1,1,1.80295305033558,2.33572183071885,0.662552282815131,1
11,79,-1,1,1.80295305033558,2.33572183071885,0.760976915887724,1
11,80,-1,1,1.80295305033558,2.33572183071885,0.37622142577044,1
11,81,1,1,1.99257127788666,3.43505986426311,0.456409023919543,1
11,82,-1,1,1.80295305033558,2.33572183071885,0.338187192602995,1
11,83,1,1,1.99257127788666,3.43505986426311,0.419382304871552,1
11,84,1,1,1.99257127788666,3.43505986426311,0.713635745375023,1
11,85,-1,1,1.80295305033558,2.33572183071885,0.369144292546064,1
11,86,1,1,1.99257127788666,3.43505986426311,0.337337937806374,1
11,87,-1,1,1.80295305033558,2.33572183071885,0.513575491951962,1
11,88,1,1,1.99257127788666,3.43505986426311,0.372586620586365,1
11,89,-1,1,1.80295305033558,2.33572183071885,0.565181028397964,1
11,90,-1,1,1.80295305033558,2.33572183071885,0.721185545318392,1
11,91,-1,1,1.80295305033558,2.33572183071885,0.693388781624446,1
11,92,1,1,1.99257127788666,3.43505986426311,0.487282570072082,1
11,93,-1,1,1.80295305033558,2.33572183071885,0.600746329788596,1
11,94,1,1,1.99257127788666,3.43505986426311,0.436030397885314,1
11,95,1,1,1.99257127788666,3.43505986426311,0.530300233356948,1
11,96,1,1,1.99257127788666,3.43505986426311,0.317034201756672,1
11,97,-1,1,1.80295305033558,2.33572183071885,0.75249385619773,1
11,98,1,1,1.99257127788666,3.43505986426311,0.408532200424816,1
11,99,1,1,1.99257127788666,3.43505986426311,0.639616447670819,1
11,100,-1,1,1.80295305033558,2.33572183071885,0.493477412409918,1
11,101,-1,1,1.80295305033558,2.33572183071885,0.62659526729584,1
12,2,-1,1,1.70090728850299,1.30118209094719,0.45502578764706,1
12,3,-1,1,1.70090728850299,1.30118209094719,0.487941644458632,1
12,4,-1,1,1.70090728850299,1.30118209094719,1.12902824467766,1
12,5,-1,1,1.70090728850299,1.30118209094719,0.456017820761183,1
12,6,-1,1,1.70090728850299,1.30118209094719,0.379205003623347,-1
12,7,1,-1,1.79169447797323,2.00842479770754,1.34702484451341,1
12,8,-1,1,1.70090728850299,1.30118209094719,0.629087162254927,-1
12,9,1,-1,1.79169447797323,2.00842479770754,0.850620200703803,1
12,10,1,1,1.87979326959641,3.52777064610608,0.705862106762659,1
12,11,1,1,1.87979326959641,3.52777064610608,0.477111176623055,1
12,12,1,1,1.87979326959641,3.52777064610608,0.45622376937146,1
12,13,-1,1,1.70090728850299,1.30118209094719,0.544421770485779,1
12,14,-1,1,1.70090728850299,1.30118209094719,0.514455287101617,1
12,15,1,1,1.87979326959641,3.52777064610608,0.344689013886878,1
12,16,-1,1,1.70090728850299,1.30118209094719,0.440652587730712,-1
12,17,1,-1,1.79169447797323,2.00842479770754,0.481597905718538,1
12,18,-1,1,1.70090728850299,1.30118209094719,1.33688489111392,1
12,19,-1,1,1.70090728850299,1.30118209094719,0.871535231603469,1
12,20,1,1,1.87979326959641,3.52777064610608,0.57489772259502,1
12,21,1,1,1.87979326959641,3.52777064610608,0.420441452790683,1
12,22,-1,1,1.70090728850299,1.30118209094719,0.792408271958771,1
12,23,1,1,1.87979326959641,3.52777064610608,0.447174226449989,1
12,24,1,1,1.87979326959641,3.52777064610608,0.382510759303626,1
12,25,-1,1,1.70090728850299,1.30118209094719,1.25428329352262,1
12,26,-1,1,1.70090728850299,1.30118209094719,0.755902227139154,1
12,27,1,1,1.87979326959641,3.52777064610608,0.493587697097544,1
12,28,1,1,1.87979326959641,3.52777064610608,0.506274698411007,1
12,29,1,1,1.87979326959641,3.52777064610608,0.403559423013786,1
12,30,-1,1,1.70090728850299,1.30118209094719,0.931272830585265,1
12,31,1,1,1.87979326959641,3.52777064610608,0.669903112087054,1
12,32,-1,1,1.70090728850299,1.30118209094719,0.913297394215971,1
12,33,-1,1,1.70090728850299,1.30118209094719,0.387892395120105,1
12,34,-1,1,1.70090728850299,1.30118209094719,0.501167440785224,1
12,35,-1,1,1.70090728850299,1.30118209094719,0.313804167111438,1
12,36,1,1,1.87979326959641,3.52777064610608,0.676806335632406,1
12,37,-1,1,1.70090728850299,1.30118209094719,0.86015639276555,1
12,38,-1,1,1.70090728850299,1.30118209094719,0.697244829956141,1
12,39,1,1,1.87979326959641,3.52777064610608,0.348211578234943,1
12,40,1,1,1.87979326959641,3.52777064610608,0.430627299242217,1
12,41,-1,1,1.70090728850299,1.30118209094719,1.02356025702412,1
12,42,-1,1,1.70090728850299,1.30118209094719,0.954945002649371,1
12,43,-1,1,1.70090728850299,1.30118209094719,0.677770786920608,1
12,44,1,1,1.87979326959641,3.52777064610608,0.594703041159856,1
12,45,1,1,1.87979326959641,3.52777064610608,0.340944088365891,1
12,46,1,1,1.87979326959641,3.52777064610608,0.402848874107655,1
12,47,1,1,1.87979326959641,3.52777064610608,0.526093367436133,1
12,48,-1,1,1.70090728850299,1.30118209094719,1.38967029915723,1
12,49,1,1,1.87979326959641,3.52777064610608,0.492213087350273,1
12,50,1,1,1.87979326959641,3.52777064610608,0.41174039527601,1
12,51,-1,1,1.70090728850299,1.30118209094719,0.603270097931113,-1
12,52,-1,-1,1.62119220535858,1.96262246523919,0.313162781717966,1
12,53,-1,1,1.70090728850299,1.30118209094719,1.71994345926694,1
12,54,1,1,1.87979326959641,3.52777064610608,0.453870055736141,1
12,55,-1,1,1.70090728850299,1.30118209094719,0.721582168596672,1
12,56,1,1,1.87979326959641,3.52777064610608,0.406549756151846,1
12,57,-1,1,1.70090728850299,1.30118209094719,0.402085086859739,1
12,58,-1,1,1.70090728850299,1.30118209094719,0.545362595261265,1
12,59,1,1,1.87979326959641,3.52777064610608,0.464533855856062,1
12,60,-1,1,1.70090728850299,1.30118209094719,0.329966939001541,1
12,61,1,1,1.87979326959641,3.52777064610608,0.461249878747798,1
12,62,-1,1,1.70090728850299,1.30118209094719,0.654488030578895,1
12,63,1,1,1.87979326959641,3.52777064610608,0.366169020338641,1
12,64,-1,1,1.70090728850299,1.30118209094719,0.758189874872397,1
12,65,-1,1,1.70090728850299,1.30118209094719,0.885380506611783,1
12,66,1,1,1.87979326959641,3.52777064610608,0.40873185419803,1
12,67,-1,1,1.70090728850299,1.30118209094719,0.416490885707824,1
12,68,-1,1,1.70090728850299,1.30118209094719,1.38288901866471,1
12,69,1,1,1.87979326959641,3.52777064610608,0.340332335565379,1
12,70,1,1,1.87979326959641,3.52777064610608,0.53822487573567,1
12,71,1,1,1.87979326959641,3.52777064610608,0.49328506468754,1
12,72,1,1,1.87979326959641,3.52777064610608,0.435389080857548,1
12,73,-1,1,1.70090728850299,1.30118209094719,1.3445737699635,1
12,74,1,1,1.87979326959641,3.52777064610608,0.322682681856127,1
12,75,1,1,1.87979326959641,3.52777064610608,1.04642313163939,1
12,76,-1,1,1.70090728850299,1.30118209094719,0.707631110822747,1
12,77,-1,1,1.70090728850299,1.30118209094719,0.57545900266238,-1
12,78,1,-1,1.79169447797323,2.00842479770754,0.396161314898441,1
12,79,1,1,1.87979326959641,3.52777064610608,0.40023963764569,1
12,80,1,1,1.87979326959641,3.52777064610608,0.683526875092669,1
12,81,1,1,1.87979326959641,3.52777064610608,0.280108638514879,1
12,82,-1,1,1.70090728850299,1.30118209094719,0.841874633244832,1
12,83,1,1,1.87979326959641,3.52777064610608,0.397282565896143,1
12,84,-1,1,1.70090728850299,1.30118209094719,0.867383672745274,1
12,85,1,1,1.87979326959641,3.52777064610608,0.466886735572845,1
12,86,1,1,1.87979326959641,3.52777064610608,0.752078315697934,1
12,87,1,1,1.87979326959641,3.52777064610608,0.337304985991831,1
12,88,-1,1,1.70090728850299,1.30118209094719,0.411247829094475,1
12,89,-1,1,1.70090728850299,1.30118209094719,0.621465567300504,-1
12,90,-1,-1,1.62119220535858,1.96262246523919,0.298176053091772,1
12,91,-1,1,1.70090728850299,1.30118209094719,1.13413453943893,1
12,92,-1,1,1.70090728850299,1.30118209094719,0.868072104614575,1
12,93,1,1,1.87979326959641,3.52777064610608,0.750902995563681,1
12,94,1,1,1.87979326959641,3.52777064610608,0.78151616465716,1
12,95,1,1,1.87979326959641,3.52777064610608,0.410819834606138,1
12,96,1,1,1.87979326959641,3.52777064610608,0.336519582871108,1
12,97,-1,1,1.70090728850299,1.30118209094719,0.597454866225125,1
12,98,-1,1,1.70090728850299,1.30118209094719,0.426086150639714,-1
12,99,1,-1,1.79169447797323,2.00842479770754,0.40581419705011,1
12,100,1,1,1.87979326959641,3.52777064610608,0.551390308651242,1
12,101,-1,1,1.70090728850299,1.30118209094719,0.354784783348093,1
13,2,1,1,1.83944789027754,5.2644250088273,0.562388094526491,1
13,3,-1,1,1.66440127965042,-0.27940204970503,0.732567590876993,-1
13,4,1,-1,1.75323993379196,3.69764472354263,0.853493438815923,1
13,5,-1,1,1.66440127965042,-0.27940204970503,2.01164446037677,-1
13,6,-1,-1,1.58639709488985,0.1173323173351,0.777265307256883,1
13,7,-1,1,1.66440127965042,-0.27940204970503,0.755137508031059,-1
13,8,-1,-1,1.58639709488985,0.1173323173351,0.531680929082399,-1
13,9,-1,-1,1.58639709488985,0.1173323173351,0.979600423164491,-1
13,10,1,-1,1.75323993379196,3.69764472354263,0.494194694649781,1
13,11,1,1,1.83944789027754,5.2644250088273,0.476046439456557,1
13,12,-1,1,1.66440127965042,-0.27940204970503,0.729768562054071,1
13,13,-1,1,1.66440127965042,-0.27940204970503,0.49773986618208,-1
13,14,1,-1,1.75323993379196,3.69764472354263,0.474941972364898,1
13,15,1,1,1.83944789027754,5.2644250088273,0.412487535968765,1
13,16,1,1,1.83944789027754,5.2644250088273,0.501337720407204,1
13,17,-1,1,1.66440127965042,-0.27940204970503,1.0352122642313,1
13,18,1,1,1.83944789027754,5.2644250088273,0.503260291557582,1
13,19,-1,1,1.66440127965042,-0.27940204970503,0.96178511647213,-1
13,20,1,-1,1.75323993379196,3.69764472354263,0.504420241778922,1
13,21,-1,1,1.66440127965042,-0.27940204970503,1.0393265855867,-1
13,22,1,-1,1.75323993379196,3.69764472354263,0.499810060235203,1
13,23,1,1,1.83944789027754,5.2644250088273,0.470607829549346,1
13,24,-1,1,1.66440127965042,-0.27940204970503,0.748500727438284,-1
13,25,1,-1,1.75323993379196,3.69764472354263,0.515124693251242,1
13,26,1,1,1.83944789027754,5.2644250088273,0.379970184102137,1
13,27,1,1,1.83944789027754,5.2644250088273,0.39710157967978,1
13,28,1,1,1.83944789027754,5.2644250088273,0.433779910308094,1
13,29,-1,1,1.66440127965042,-0.27940204970503,0.647294638391878,-1
13,30,-1,-1,1.58639709488985,0.1173323173351,0.554315963173103,-1
13,31,-1,-1,1.58639709488985,0.1173323173351,1.09215473071989,1
13,32,1,1,1.83944789027754,5.2644250088273,0.661531675118314,1
13,33,1,1,1.83944789027754,5.2644250088273,0.509771225415041,1
13,34,-1,1,1.66440127965042,-0.27940204970503,0.529316958369789,-1
13,35,-1,-1,1.58639709488985,0.1173323173351,0.485455780945248,1
13,36,1,1,1.83944789027754,5.2644250088273,0.570784279673819,1
13,37,1,1,1.83944789027754,5.2644250088273,0.37686934798191,1
13,38,-1,1,1.66440127965042,-0.27940204970503,1.02760448777042,1
13,39,-1,1,1.66440127965042,-0.27940204970503,0.858656386580284,1
13,40,1,1,1.83944789027754,5.2644250088273,0.511921840198317,1
13,41,-1,1,1.66440127965042,-0.27940204970503,1.02572298922704,1
13,42,-1,1,1.66440127965042,-0.27940204970503,0.727320164993749,-1
13,43,1,-1,1.75323993379196,3.69764472354263,0.703992124200143,1
13,44,-1,1,1.66440127965042,-0.27940204970503,1.16137925798947,-1
13,45,1,-1,1.75323993379196,3.69764472354263,0.742813307295519,1
13,46,1,1,1.83944789027754,5.2644250088273,0.401736903988319,1
13,47,-1,1,1.66440127965042,-0.27940204970503,0.80330338427363,-1
13,48,-1,-1,1.58639709488985,0.1173323173351,0.770339164225014,-1
13,49,1,-1,1.75323993379196,3.69764472354263,0.511421163299765,1
13,50,-1,1,1.66440127965042,-0.27940204970503,0.891126667826863,1
13,51,1,1,1.83944789027754,5.2644250088273,0.592599656059909,1
13,52,-1,1,1.66440127965042,-0.27940204970503,0.606497577718832,1
13,53,-1,1,1.66440127965042,-0.27940204970503,0.425680418489201,1
13,54,-1,1,1.66440127965042,-0.27940204970503,1.11972186061479,-1
13,55,1,-1,1.75323993379196,3.69764472354263,0.952611942651684,1
13,56,-1,1,1.66440127965042,-0.27940204970503,0.656183481865727,1
13,57,-1,1,1.66440127965042,-0.27940204970503,0.502986990881183,-1
13,58,1,-1,1.75323993379196,3.69764472354263,0.5739770030723,1
13,59,1,1,1.83944789027754,5.2644250088273,0.411774602531346,1
13,60,1,1,1.83944789027754,5.2644250088273,0.548566887993258,1
13,61,-1,1,1.66440127965042,-0.27940204970503,0.484587192372323,1
13,62,1,1,1.83944789027754,5.2644250088273,0.356504436957106,1
13,63,1,1,1.83944789027754,5.2644250088273,0.552555095142183,1
13,64,-1,1,1.66440127965042,-0.27940204970503,0.531333886108057,-1
13,65,-1,-1,1.58639709488985,0.1173323173351,0.987751775880832,1
13,66,-1,1,1.66440127965042,-0.27940204970503,0.538149315207982,-1
13,67,1,-1,1.75323993379196,3.69764472354263,0.370407840884248,1
13,68,-1,1,1.66440127965042,-0.27940204970503,2.16055841320227,1
13,69,1,1,1.83944789027754,5.2644250088273,0.363115490980258,1
13,70,-1,1,1.66440127965042,-0.27940204970503,0.557324918622652,-1
13,71,-1,-1,1.58639709488985,0.1173323173351,0.786651485324868,1
13,72,-1,1,1.66440127965042,-0.27940204970503,0.476067525709801,1
13,73,1,1,1.83944789027754,5.2644250088273,0.476368732333458,1
13,74,1,1,1.83944789027754,5.2644250088273,0.466819907393412,1
13,75,-1,1,1.66440127965042,-0.27940204970503,1.13338700960262,-1
13,76,1,-1,1.75323993379196,3.69764472354263,0.516462421363474,1
13,77,-1,1,1.66440127965042,-0.27940204970503,1.01091214788816,1
13,78,-1,1,1.66440127965042,-0.27940204970503,1.91106022633792,-1
13,79,-1,-1,1.58639709488985,0.1173323173351,1.09590973848132,1
13,80,1,1,1.83944789027754,5.2644250088273,0.505731075098387,1
13,81,-1,1,1.66440127965042,-0.27940204970503,0.695907071839134,1
13,82,1,1,1.83944789027754,5.2644250088273,0.473676174696682,1
13,83,1,1,1.83944789027754,5.2644250088273,0.606842622569313,1
13,84,-1,1,1.66440127965042,-0.27940204970503,0.888447459798736,1
13,85,-1,1,1.66440127965042,-0.27940204970503,1.08448192746419,1
13,86,-1,1,1.66440127965042,-0.27940204970503,0.833621440024554,1
13,87,1,1,1.83944789027754,5.2644250088273,0.460361539152598,1
13,88,1,1,1.83944789027754,5.2644250088273,0.399607111238283,1
13,89,1,1,1.83944789027754,5.2644250088273,0.690300126222185,1
13,90,1,1,1.83944789027754,5.2644250088273,0.543552915315606,1
13,91,1,1,1.83944789027754,5.2644250088273,0.479791080413743,1
13,92,-1,1,1.66440127965042,-0.27940204970503,0.784561496065759,1
13,93,1,1,1.83944789027754,5.2644250088273,0.391910097042566,1
13,94,1,1,1.83944789027754,5.2644250088273,0.475549745290064,1
13,95,-1,1,1.66440127965042,-0.27940204970503,1.49647067449672,-1
13,96,1,-1,1.75323993379196,3.69764472354263,0.572835051189972,1
13,97,1,1,1.83944789027754,5.2644250088273,0.479702315652869,1
13,98,1,1,1.83944789027754,5.2644250088273,0.455154513819478,1
13,99,-1,1,1.66440127965042,-0.27940204970503,0.651116576816879,-1
13,100,-1,-1,1.58639709488985,0.1173323173351,1.49665364171421,1
13,101,1,1,1.83944789027754,5.2644250088273,0.387213218613381,1
14,2,1,1,1.60562960536792,4.03888677816612,0.414264334929181,1
14,3,-1,1,1.4528337464432,0.495047684036612,0.477544981667365,-1
14,4,1,-1,1.53037982640808,2.66033459171637,0.281623385037829,1
14,5,1,1,1.60562960536792,4.03888677816612,0.294464811396271,1
14,6,-1,1,1.4528337464432,0.495047684036612,0.424221702120496,-1
14,7,-1,-1,1.38474493074141,1.60573094608089,0.388576738064401,-1
14,8,-1,-1,1.38474493074141,1.60573094608089,0.472105373925422,1
14,9,1,1,1.60562960536792,4.03888677816612,0.351690664211662,1
14,10,1,1,1.60562960536792,4.03888677816612,0.371697826107854,1
14,11,-1,1,1.4528337464432,0.495047684036612,0.308797370183006,1
14,12,-1,1,1.4528337464432,0.495047684036612,0.489691429498026,-1
14,13,1,-1,1.53037982640808,2.66033459171637,0.42079286645208,1
14,14,1,1,1.60562960536792,4.03888677816612,0.299414510054183,1
14,15,-1,1,1.4528337464432,0.495047684036612,1.63031144934215,1
14,16,-1,1,1.4528337464432,0.495047684036612,0.30195115901505,1
14,17,1,1,1.60562960536792,4.03888677816612,0.316741581783189,1
14,18,1,1,1.60562960536792,4.03888677816612,0.297557988293947,1
14,19,-1,1,1.4528337464432,0.495047684036612,0.580291784428115,1
14,20,-1,1,1.4528337464432,0.495047684036612,0.945916057034656,1
14,21,-1,1,1.4528337464432,0.495047684036612,0.350285697674912,-1
14,22,-1,-1,1.38474493074141,1.60573094608089,0.628061924452504,-1
14,23,1,-1,1.53037982640808,2.66033459171637,0.414210602758613,1
14,24,1,1,1.60562960536792,4.03888677816612,0.295565764810678,1
14,25,1,1,1.60562960536792,4.03888677816612,0.463025331823199,1
14,26,-1,1,1.4528337464432,0.495047684036612,0.431568638828264,-1
14,27,1,-1,1.53037982640808,2.66033459171637,1.17056565014242,1
14,28,-1,1,1.4528337464432,0.495047684036612,0.386120912493737,1
14,29,1,1,1.60562960536792,4.03888677816612,0.269818741647471,1
14,30,1,1,1.60562960536792,4.03888677816612,0.430586372662399,1
14,31,1,1,1.60562960536792,4.03888677816612,0.394895035686597,1
14,32,1,1,1.60562960536792,4.03888677816612,0.35031781464054,1
14,33,-1,1,1.4528337464432,0.495047684036612,0.250508095902173,1
14,34,-1,1,1.4528337464432,0.495047684036612,0.470901199481484,-1
14,35,1,-1,1.53037982640808,2.66033459171637,0.311778952180888,1
14,36,-1,1,1.4528337464432,0.495047684036612,0.595618081676739,1
14,37,-1,1,1.4528337464432,0.495047684036612,0.582965390488788,1
14,38,1,1,1.60562960536792,4.03888677816612,0.291498152011533,1
14,39,1,1,1.60562960536792,4.03888677816612,0.509696126514722,1
14,40,1,1,1.60562960536792,4.03888677816612,0.438909211655442,1
14,41,-1,1,1.4528337464432,0.495047684036612,0.501667457613119,1
14,42,1,1,1.60562960536792,4.03888677816612,0.374656367643138,1
14,43,1,1,1.60562960536792,4.03888677816612,0.410063094237777,1
14,44,1,1,1.60562960536792,4.03888677816612,0.372189710327402,1
14,45,-1,1,1.4528337464432,0.495047684036612,0.267110657002014,1
14,46,-1,1,1.4528337464432,0.495047684036612,0.660170575106165,1
14,47,-1,1,1.4528337464432,0.495047684036612,0.75192286525664,1
14,48,-1,1,1.4528337464432,0.495047684036612,1.3816386668961,-1
14,49,-1,-1,1.38474493074141,1.60573094608089,0.373886789416183,1
14,50,1,1,1.60562960536792,4.03888677816612,0.301071502050266,1
14,51,-1,1,1.4528337464432,0.495047684036612,1.10706501519531,1
14,52,1,1,1.60562960536792,4.03888677816612,0.333769408990202,1
14,53,-1,1,1.4528337464432,0.495047684036612,1.07971778288506,1
14,54,1,1,1.60562960536792,4.03888677816612,0.395952725366996,1
14,55,1,1,1.60562960536792,4.03888677816612,0.332201049480327,1
14,56,1,1,1.60562960536792,4.03888677816612,0.261215249996889,1
14,57,-1,1,1.4528337464432,0.495047684036612,1.24604595149466,1
14,58,1,1,1.60562960536792,4.03888677816612,0.250229456710486,1
14,59,1,1,1.60562960536792,4.03888677816612,0.6,1
14,60,1,1,1.60562960536792,4.03888677816612,0.469456331512605,1
14,61,-1,1,1.4528337464432,0.495047684036612,0.517158920478518,1
14,62,-1,1,1.4528337464432,0.495047684036612,0.671721815021836,1
14,63,1,1,1.60562960536792,4.03888677816612,0.312442355527152,1
14,64,-1,1,1.4528337464432,0.495047684036612,0.718190307235042,1
14,65,1,1,1.60562960536792,4.03888677816612,0.66012629754896,1
14,66,1,1,1.60562960536792,4.03888677816612,0.345152390895639,1
14,67,1,1,1.60562960536792,4.03888677816612,0.483619519504429,1
14,68,1,1,1.60562960536792,4.03888677816612,0.40281592124074,1
14,69,1,1,1.60562960536792,4.03888677816612,0.444876785567992,1
14,70,-1,1,1.4528337464432,0.495047684036612,1.01121643167784,-1
14,71,1,-1,1.53037982640808,2.66033459171637,0.583076458810035,1
14,72,-1,1,1.4528337464432,0.495047684036612,0.969783140905691,1
14,73,-1,1,1.4528337464432,0.495047684036612,0.775741530242133,1
14,74,-1,1,1.4528337464432,0.495047684036612,0.530445107454923,-1
14,75,1,-1,1.53037982640808,2.66033459171637,0.378705712330412,1
14,76,-1,1,1.4528337464432,0.495047684036612,0.571031405965545,1
14,77,-1,1,1.4528337464432,0.495047684036612,0.793579794054905,1
14,78,-1,1,1.4528337464432,0.495047684036612,0.390822267244657,1
14,79,1,1,1.60562960536792,4.03888677816612,0.289266897350073,1
14,80,1,1,1.60562960536792,4.03888677816612,0.323188756057536,1
14,81,1,1,1.60562960536792,4.03888677816612,0.378649625251711,1
14,82,-1,1,1.4528337464432,0.495047684036612,0.670601644806222,-1
14,83,1,-1,1.53037982640808,2.66033459171637,0.390085282639946,1
14,84,-1,1,1.4528337464432,0.495047684036612,1.10599964494019,1
14,85,1,1,1.60562960536792,4.03888677816612,0.441062951316091,1
14,86,-1,1,1.4528337464432,0.495047684036612,0.986774593972643,1
14,87,1,1,1.60562960536792,4.03888677816612,0.342026037713668,1
14,88,1,1,1.60562960536792,4.03888677816612,0.427892881879227,1
14,89,-1,1,1.4528337464432,0.495047684036612,0.645214505979989,-1
14,90,-1,-1,1.38474493074141,1.60573094608089,0.794285860665918,1
14,91,-1,1,1.4528337464432,0.495047684036612,0.34362725375609,-1
14,92,-1,-1,1.38474493074141,1.60573094608089,0.437537630600562,1
14,93,1,1,1.60562960536792,4.03888677816612,0.327989845325107,1
14,94,1,1,1.60562960536792,4.03888677816612,0.359551832163153,1
14,95,-1,1,1.4528337464432,0.495047684036612,0.261172773935197,-1
14,96,-1,-1,1.38474493074141,1.60573094608089,0.56153711968711,1
14,97,-1,1,1.4528337464432,0.495047684036612,0.591292342477775,1
14,98,-1,1,1.4528337464432,0.495047684036612,1.06175587715858,-1
14,99,1,-1,1.53037982640808,2.66033459171637,0.756215476803233,1
14,100,-1,1,1.4528337464432,0.495047684036612,1.05782639272471,1
14,101,-1,1,1.4528337464432,0.495047684036612,0.951776244916278,-1
15,2,1,1,1.86071485911194,3.71482457845572,0.427478066736708,1
15,3,1,1,1.86071485911194,3.71482457845572,0.419282443475315,1
15,4,1,1,1.86071485911194,3.71482457845572,0.373206678294655,1
15,5,-1,1,1.68364442881999,1.93953906550934,0.304231793768608,1
15,6,-1,1,1.68364442881999,1.93953906550934,0.230241070728765,1
15,7,1,1,1.86071485911194,3.71482457845572,0.546390388170231,1
15,8,-1,1,1.68364442881999,1.93953906550934,0.829071188816637,1
15,9,1,1,1.86071485911194,3.71482457845572,0.416941754196708,1
15,10,1,1,1.86071485911194,3.71482457845572,0.288596353884687,1
15,11,1,1,1.86071485911194,3.71482457845572,0.80925865804581,1
15,12,-1,1,1.68364442881999,1.93953906550934,0.412798819473366,1
15,13,-1,1,1.68364442881999,1.93953906550934,0.32212735057941,1
15,14,-1,1,1.68364442881999,1.93953906550934,1.44630971079392,1
15,15,-1,1,1.68364442881999,1.93953906550934,0.573544870879805,-1
15,16,-1,-1,1.60473839053314,1.02003154774596,0.746032596603888,1
15,17,-1,1,1.68364442881999,1.93953906550934,0.660370820600084,1
15,18,1,1,1.86071485911194,3.71482457845572,0.34766214576649,1
15,19,1,1,1.86071485911194,3.71482457845572,0.27009542597132,1
15,20,-1,1,1.68364442881999,1.93953906550934,0.404888648081608,1
15,21,1,1,1.86071485911194,3.71482457845572,0.482309082280676,1
15,22,1,1,1.86071485911194,3.71482457845572,0.328855877140468,1
15,23,-1,1,1.68364442881999,1.93953906550934,0.609948314279248,1
15,24,1,1,1.86071485911194,3.71482457845572,0.613152680138812,1
15,25,-1,1,1.68364442881999,1.93953906550934,0.231371710837487,1
15,26,1,1,1.86071485911194,3.71482457845572,0.557247461546337,1
15,27,-1,1,1.68364442881999,1.93953906550934,0.446027804348171,1
15,28,1,1,1.86071485911194,3.71482457845572,0.295539190303001,1
15,29,1,1,1.86071485911194,3.71482457845572,0.587050634628558,1
15,30,1,1,1.86071485911194,3.71482457845572,0.378331684206257,1
15,31,1,1,1.86071485911194,3.71482457845572,0.198144781481523,1
15,32,-1,1,1.68364442881999,1.93953906550934,0.288149500489486,1
15,33,1,1,1.86071485911194,3.71482457845572,0.433557314134969,1
15,34,-1,1,1.68364442881999,1.93953906550934,0.74502675301593,1
15,35,-1,1,1.68364442881999,1.93953906550934,0.707725885366444,1
15,36,1,1,1.86071485911194,3.71482457845572,0.317796230482589,1
15,37,-1,1,1.68364442881999,1.93953906550934,0.291795129467717,1
15,38,1,1,1.86071485911194,3.71482457845572,0.260661390315458,1
15,39,1,1,1.86071485911194,3.71482457845572,0.579113012104187,1
15,40,-1,1,1.68364442881999,1.93953906550934,0.748226128996715,1
15,41,-1,1,1.68364442881999,1.93953906550934,0.52099200342771,-1
15,42,-1,-1,1.60473839053314,1.02003154774596,0.810262245929413,1
15,43,-1,1,1.68364442881999,1.93953906550934,0.391760914432392,1
15,44,-1,1,1.68364442881999,1.93953906550934,0.661864203343277,1
15,45,1,1,1.86071485911194,3.71482457845572,0.456628301026819,1
15,46,-1,1,1.68364442881999,1.93953906550934,1.21719608420416,1
15,47,-1,1,1.68364442881999,1.93953906550934,0.28723457840124,1
15,48,-1,1,1.68364442881999,1.93953906550934,0.57955687166363,1
15,49,-1,1,1.68364442881999,1.93953906550934,0.31134324730236,1
15,50,1,1,1.86071485911194,3.71482457845572,0.307804683389006,1
15,51,1,1,1.86071485911194,3.71482457845572,0.310887554728134,1
15,52,-1,1,1.68364442881999,1.93953906550934,0.920791143270132,1
15,53,1,1,1.86071485911194,3.71482457845572,0.490301364661583,1
15,54,1,1,1.86071485911194,3.71482457845572,0.484661022961076,1
15,55,-1,1,1.68364442881999,1.93953906550934,0.304104970760101,1
15,56,1,1,1.86071485911194,3.71482457845572,0.75001354567272,1
15,57,-1,1,1.68364442881999,1.93953906550934,0.319867183620265,1
15,58,-1,1,1.68364442881999,1.93953906550934,0.509048135141755,1
15,59,1,1,1.86071485911194,3.71482457845572,0.279094611183937,1
15,60,1,1,1.86071485911194,3.71482457845572,0.315959093698575,1
15,61,-1,1,1.68364442881999,1.93953906550934,0.815646705738743,-1
15,62,-1,-1,1.60473839053314,1.02003154774596,0.4093353486312,1
15,63,-1,1,1.68364442881999,1.93953906550934,0.447219761098283,1
15,64,1,1,1.86071485911194,3.71482457845572,0.22143940906442,1
15,65,-1,1,1.68364442881999,1.93953906550934,0.382060414821031,1
15,66,1,1,1.86071485911194,3.71482457845572,0.539632237118135,1
15,67,-1,1,1.68364442881999,1.93953906550934,0.916163151963713,1
15,68,1,1,1.86071485911194,3.71482457845572,0.303958543434131,1
15,69,-1,1,1.68364442881999,1.93953906550934,0.638847683670719,1
15,70,1,1,1.86071485911194,3.71482457845572,0.285979739539396,1
15,71,1,1,1.86071485911194,3.71482457845572,0.560848340760132,1
15,72,1,1,1.86071485911194,3.71482457845572,0.314958938735476,1
15,73,1,1,1.86071485911194,3.71482457845572,0.24717860015813,1
15,74,-1,1,1.68364442881999,1.93953906550934,0.609885499102256,1
15,75,-1,1,1.68364442881999,1.93953906550934,0.300628755646157,-1
15,76,-1,-1,1.60473839053314,1.02003154774596,1.8080269662445,1
15,77,1,1,1.86071485911194,3.71482457845572,0.247470084139321,1
15,78,1,1,1.86071485911194,3.71482457845572,0.875283340533088,1
15,79,-1,1,1.68364442881999,1.93953906550934,1.0217238013263,1
15,80,-1,1,1.68364442881999,1.93953906550934,0.320361829991067,1
15,81,1,1,1.86071485911194,3.71482457845572,0.391658900429386,1
15,82,1,1,1.86071485911194,3.71482457845572,0.683064072453677,1
15,83,-1,1,1.68364442881999,1.93953906550934,1.04443644432579,1
15,84,1,1,1.86071485911194,3.71482457845572,0.362501283946757,1
15,85,1,1,1.86071485911194,3.71482457845572,0.326116311628129,1
15,86,1,1,1.86071485911194,3.71482457845572,0.303132063159433,1
15,87,1,1,1.86071485911194,3.71482457845572,0.248126779471128,1
15,88,1,1,1.86071485911194,3.71482457845572,0.308606517653328,1
15,89,1,1,1.86071485911194,3.71482457845572,0.343396041690379,1
15,90,-1,1,1.68364442881999,1.93953906550934,0.397250208791819,1
15,91,1,1,1.86071485911194,3.71482457845572,0.254362739104553,1
15,92,-1,1,1.68364442881999,1.93953906550934,0.337620934740695,1
15,93,-1,1,1.68364442881999,1.93953906550934,0.392979035685654,1
15,94,-1,1,1.68364442881999,1.93953906550934,0.29548879105921,1
15,95,-1,1,1.68364442881999,1.93953906550934,0.571559242441175,1
15,96,-1,1,1.68364442881999,1.93953906550934,0.218692534981447,1
15,97,1,1,1.86071485911194,3.71482457845572,0.573898728353804,1
15,98,-1,1,1.68364442881999,1.93953906550934,0.345691180706637,1
15,99,1,1,1.86071485911194,3.71482457845572,0.486993139360907,1
15,100,-1,1,1.68364442881999,1.93953906550934,0.26532997365688,1
15,101,1,1,1.86071485911194,3.71482457845572,0.437205945483438,1
16,2,-1,1,1.67792160518182,2.65017184078901,1.84266092039745,1
16,3,1,1,1.85439016085776,3.18477455895143,0.286927214359766,1
16,4,1,1,1.85439016085776,3.18477455895143,0.445725580337114,1
16,5,-1,1,1.67792160518182,2.65017184078901,0.645034262237259,1
16,6,-1,1,1.67792160518182,2.65017184078901,0.539899514172108,1
16,7,1,1,1.85439016085776,3.18477455895143,0.897770579206194,1
16,8,-1,1,1.67792160518182,2.65017184078901,0.435027689844392,1
16,9,-1,1,1.67792160518182,2.65017184078901,0.372404054079051,1
16,10,1,1,1.85439016085776,3.18477455895143,0.454084642994009,1
16,11,-1,1,1.67792160518182,2.65017184078901,0.355426086667199,1
16,12,1,1,1.85439016085776,3.18477455895143,0.626036342490532,1
16,13,1,1,1.85439016085776,3.18477455895143,0.456167154340827,1
16,14,-1,1,1.67792160518182,2.65017184078901,0.393211511846697,1
16,15,-1,1,1.67792160518182,2.65017184078901,0.572007226725184,1
16,16,1,1,1.85439016085776,3.18477455895143,0.661107053150592,1
16,17,1,1,1.85439016085776,3.18477455895143,0.32281931053091,1
16,18,-1,1,1.67792160518182,2.65017184078901,0.306066294479701,1
16,19,-1,1,1.67792160518182,2.65017184078901,0.397727616772803,1
16,20,1,1,1.85439016085776,3.18477455895143,0.577172670995261,1
16,21,-1,1,1.67792160518182,2.65017184078901,0.784283789783492,1
16,22,1,1,1.85439016085776,3.18477455895143,0.462254150380562,1
16,23,-1,1,1.67792160518182,2.65017184078901,0.511598621776737,1
16,24,-1,1,1.67792160518182,2.65017184078901,0.696049047967662,1
16,25,1,1,1.85439016085776,3.18477455895143,0.471462684373473,1
16,26,-1,1,1.67792160518182,2.65017184078901,0.519658313804701,1
16,27,1,1,1.85439016085776,3.18477455895143,0.402165409986011,1
16,28,-1,1,1.67792160518182,2.65017184078901,0.514326598956908,1
16,29,1,1,1.85439016085776,3.18477455895143,0.451311674877288,1
16,30,1,1,1.85439016085776,3.18477455895143,0.535349762612484,1
16,31,-1,1,1.67792160518182,2.65017184078901,0.444128827729041,1
16,32,-1,1,1.67792160518182,2.65017184078901,0.690410626723971,1
16,33,1,1,1.85439016085776,3.18477455895143,0.39192693674943,1
16,34,-1,1,1.67792160518182,2.65017184078901,0.318511711563323,1
16,35,-1,1,1.67792160518182,2.65017184078901,0.538637011397843,1
16,36,-1,1,1.67792160518182,2.65017184078901,0.68010876264469,1
16,37,-1,1,1.67792160518182,2.65017184078901,0.815125816725366,1
16,38,-1,1,1.67792160518182,2.65017184078901,0.451129623723636,1
16,39,-1,1,1.67792160518182,2.65017184078901,1.13970953246428,1
16,40,-1,1,1.67792160518182,2.65017184078901,0.640074934777691,1
16,41,1,1,1.85439016085776,3.18477455895143,0.67594582627166,1
16,42,1,1,1.85439016085776,3.18477455895143,0.358960383450521,1
16,43,-1,1,1.67792160518182,2.65017184078901,0.299446849343247,1
16,44,-1,1,1.67792160518182,2.65017184078901,0.658201174203754,1
16,45,1,1,1.85439016085776,3.18477455895143,0.434307740277219,1
16,46,1,1,1.85439016085776,3.18477455895143,0.392970395987537,1
16,47,-1,1,1.67792160518182,2.65017184078901,0.384204410129446,1
16,48,1,1,1.85439016085776,3.18477455895143,0.368277078043941,1
16,49,1,1,1.85439016085776,3.18477455895143,0.405007002255042,1
16,50,1,1,1.85439016085776,3.18477455895143,0.564022582153032,1
16,51,1,1,1.85439016085776,3.18477455895143,0.613877877524674,1
16,52,1,1,1.85439016085776,3.18477455895143,0.35835153831997,1
16,53,1,1,1.85439016085776,3.18477455895143,0.342409386115514,-1
16,54,-1,-1,1.59928377396612,0.94371624776129,0.976930875995699,1
16,55,1,1,1.85439016085776,3.18477455895143,0.471502566402011,1
16,56,-1,1,1.67792160518182,2.65017184078901,0.523937129178883,1
16,57,-1,1,1.67792160518182,2.65017184078901,0.471810246645116,1
16,58,1,1,1.85439016085776,3.18477455895143,0.308092195673185,1
16,59,1,1,1.85439016085776,3.18477455895143,0.914453194087493,1
16,60,-1,1,1.67792160518182,2.65017184078901,0.609620219611268,1
16,61,-1,1,1.67792160518182,2.65017184078901,0.511590244996705,1
16,62,1,1,1.85439016085776,3.18477455895143,0.725738038751612,1
16,63,-1,1,1.67792160518182,2.65017184078901,0.627602111631681,1
16,64,1,1,1.85439016085776,3.18477455895143,0.426669945925339,1
16,65,-1,1,1.67792160518182,2.65017184078901,0.51760363043567,1
16,66,1,1,1.85439016085776,3.18477455895143,0.400878769619002,1
16,67,1,1,1.85439016085776,3.18477455895143,0.379311559586006,1
16,68,-1,1,1.67792160518182,2.65017184078901,0.361090662708465,1
16,69,-1,1,1.67792160518182,2.65017184078901,0.493004305492043,1
16,70,1,1,1.85439016085776,3.18477455895143,0.737973300745954,1
16,71,-1,1,1.67792160518182,2.65017184078901,0.698912448986372,1
16,72,1,1,1.85439016085776,3.18477455895143,0.4377124513807,1
16,73,1,1,1.85439016085776,3.18477455895143,0.349740032068296,1
16,74,1,1,1.85439016085776,3.18477455895143,0.458385479675908,1
16,75,1,1,1.85439016085776,3.18477455895143,0.308174863858788,1
16,76,1,1,1.85439016085776,3.18477455895143,0.490672846969057,1
16,77,-1,1,1.67792160518182,2.65017184078901,0.49491326406194,1
16,78,1,1,1.85439016085776,3.18477455895143,0.434298107501216,1
16,79,-1,1,1.67792160518182,2.65017184078901,0.41125238226851,1
16,80,-1,1,1.67792160518182,2.65017184078901,0.629602992134166,1
16,81,1,1,1.85439016085776,3.18477455895143,0.464087386622362,1
16,82,1,1,1.85439016085776,3.18477455895143,0.439511834351031,1
16,83,-1,1,1.67792160518182,2.65017184078901,0.835536599725506,1
16,84,-1,1,1.67792160518182,2.65017184078901,0.587364215446724,1
16,85,-1,1,1.67792160518182,2.65017184078901,1.15925836360255,1
16,86,1,1,1.85439016085776,3.18477455895143,0.40592153985449,1
16,87,1,1,1.85439016085776,3.18477455895143,0.296588157423232,1
16,88,-1,1,1.67792160518182,2.65017184078901,0.387511538796419,1
16,89,-1,1,1.67792160518182,2.65017184078901,0.737345348871821,1
16,90,-1,1,1.67792160518182,2.65017184078901,0.798615579333395,1
16,91,-1,1,1.67792160518182,2.65017184078901,0.312529117420209,1
16,92,-1,1,1.67792160518182,2.65017184078901,0.463285789387827,1
16,93,1,1,1.85439016085776,3.18477455895143,0.542288275618328,1
16,94,1,1,1.85439016085776,3.18477455895143,0.458237186942925,1
16,95,-1,1,1.67792160518182,2.65017184078901,0.83242918843219,1
16,96,1,1,1.85439016085776,3.18477455895143,1.07269158140546,1
16,97,1,1,1.85439016085776,3.18477455895143,0.636520499318053,1
16,98,-1,1,1.67792160518182,2.65017184078901,0.456261381359342,1
16,99,1,1,1.85439016085776,3.18477455895143,0.628705031401041,1
16,100,1,1,1.85439016085776,3.18477455895143,0.453454901693952,1
16,101,1,1,1.85439016085776,3.18477455895143,0.495682539231841,1
17,2,-1,1,1.72100034336085,1.73224602358489,0.650637335796705,1
17,3,-1,1,1.72100034336085,1.73224602358489,0.414081906850661,1
17,4,-1,1,1.72100034336085,1.73224602358489,0.482866245058356,1
17,5,-1,1,1.72100034336085,1.73224602358489,0.761160928041812,1
17,6,1,1,1.90199952948061,3.82139732807326,0.390431062832172,1
17,7,1,1,1.90199952948061,3.82139732807326,0.353402734932761,1
17,8,1,1,1.90199952948061,3.82139732807326,0.266580406468396,1
17,9,1,1,1.90199952948061,3.82139732807326,0.54634883327321,1
17,10,-1,1,1.72100034336085,1.73224602358489,0.307010095838248,1
17,11,1,1,1.90199952948061,3.82139732807326,0.500775199329155,1
17,12,1,1,1.90199952948061,3.82139732807326,0.31506865057036,1
17,13,-1,1,1.72100034336085,1.73224602358489,0.339322885920184,1
17,14,-1,1,1.72100034336085,1.73224602358489,0.305827737059978,1
17,15,-1,1,1.72100034336085,1.73224602358489,0.284104808206244,1
17,16,-1,1,1.72100034336085,1.73224602358489,0.756819464184906,1
17,17,-1,1,1.72100034336085,1.73224602358489,0.267603797263933,1
17,18,1,1,1.90199952948061,3.82139732807326,0.29652871134195,1
17,19,1,1,1.90199952948061,3.82139732807326,0.606811786532214,1
17,20,1,1,1.90199952948061,3.82139732807326,0.295824497407554,1
17,21,-1,1,1.72100034336085,1.73224602358489,0.253761720784663,1
17,22,-1,1,1.72100034336085,1.73224602358489,0.431543259422685,1
17,23,-1,1,1.72100034336085,1.73224602358489,0.662264471136947,1
17,24,-1,1,1.72100034336085,1.73224602358489,0.398323262779643,1
17,25,-1,1,1.72100034336085,1.73224602358489,0.360391626747081,1
17,26,1,1,1.90199952948061,3.82139732807326,0.388740541389795,1
17,27,1,1,1.90199952948061,3.82139732807326,0.282719050227161,1
17,28,1,1,1.90199952948061,3.82139732807326,0.395516485627349,1
17,29,1,1,1.90199952948061,3.82139732807326,0.330452254308655,1
17,30,-1,1,1.72100034336085,1.73224602358489,0.274967060667207,1
17,31,-1,1,1.72100034336085,1.73224602358489,1.21283957795076,1
17,32,1,1,1.90199952948061,3.82139732807326,0.452173181041978,1
17,33,1,1,1.90199952948061,3.82139732807326,0.243217089083951,1
17,34,1,1,1.90199952948061,3.82139732807326,0.322067500949577,1
17,35,1,1,1.90199952948061,3.82139732807326,0.43247174613676,1
17,36,1,1,1.90199952948061,3.82139732807326,0.660234073923919,1
17,37,1,1,1.90199952948061,3.82139732807326,0.813935878290879,1
17,38,-1,1,1.72100034336085,1.73224602358489,0.595642307808622,1
17,39,1,1,1.90199952948061,3.82139732807326,0.469068687959635,1
17,40,-1,1,1.72100034336085,1.73224602358489,0.800813165680202,1
17,41,1,1,1.90199952948061,3.82139732807326,0.238810971704048,1
17,42,1,1,1.90199952948061,3.82139732807326,0.298914659501088,1
17,43,-1,1,1.72100034336085,1.73224602358489,0.691727609389828,1
17,44,1,1,1.90199952948061,3.82139732807326,0.465693890894083,1
17,45,1,1,1.90199952948061,3.82139732807326,0.439840938208494,1
17,46,1,1,1.90199952948061,3.82139732807326,0.337570657377581,1
17,47,-1,1,1.72100034336085,1.73224602358489,0.257429403342633,1
17,48,-1,1,1.72100034336085,1.73224602358489,1.22555414906045,1
17,49,-1,1,1.72100034336085,1.73224602358489,2.05172694204302,1
17,50,1,1,1.90199952948061,3.82139732807326,0.280712561381701,1
17,51,-1,1,1.72100034336085,1.73224602358489,0.627521971727904,1
17,52,-1,1,1.72100034336085,1.73224602358489,0.503888974599219,1
17,53,1,1,1.90199952948061,3.82139732807326,0.832803614690673,1
17,54,-1,1,1.72100034336085,1.73224602358489,0.485423918676487,1
17,55,-1,1,1.72100034336085,1.73224602358489,0.38893639822998,1
17,56,-1,1,1.72100034336085,1.73224602358489,0.328029941807963,1
17,57,-1,1,1.72100034336085,1.73224602358489,0.488357759235264,1
17,58,-1,1,1.72100034336085,1.73224602358489,0.233666700314305,1
17,59,-1,1,1.72100034336085,1.73224602358489,0.531937870197411,1
17,60,-1,1,1.72100034336085,1.73224602358489,0.38752002184427,1
17,61,1,1,1.90199952948061,3.82139732807326,0.247526085775957,1
17,62,-1,1,1.72100034336085,1.73224602358489,0.273165866839511,1
17,63,1,1,1.90199952948061,3.82139732807326,0.443324309645382,1
17,64,-1,1,1.72100034336085,1.73224602358489,0.278684955798785,1
17,65,1,1,1.90199952948061,3.82139732807326,0.49750279615152,1
17,66,-1,1,1.72100034336085,1.73224602358489,0.507463792650527,1
17,67,-1,1,1.72100034336085,1.73224602358489,0.31492028617048,1
17,68,-1,1,1.72100034336085,1.73224602358489,0.465762616363339,1
17,69,-1,1,1.72100034336085,1.73224602358489,0.577999703076842,1
17,70,-1,1,1.72100034336085,1.73224602358489,1.1289190291127,1
17,71,1,1,1.90199952948061,3.82139732807326,0.24572044367928,1
17,72,-1,1,1.72100034336085,1.73224602358489,0.268508956747357,1
17,73,-1,1,1.72100034336085,1.73224602358489,0.276283814864304,1
17,74,-1,1,1.72100034336085,1.73224602358489,0.372192409799653,1
17,75,1,1,1.90199952948061,3.82139732807326,0.274833297690486,1
17,76,1,1,1.90199952948061,3.82139732807326,0.303230642129242,1
17,77,1,1,1.90199952948061,3.82139732807326,0.332229283603156,1
17,78,1,1,1.90199952948061,3.82139732807326,0.859103008075126,1
17,79,-1,1,1.72100034336085,1.73224602358489,0.78842985776631,1
17,80,1,1,1.90199952948061,3.82139732807326,0.346548384162437,1
17,81,1,1,1.90199952948061,3.82139732807326,0.426886873623519,1
17,82,1,1,1.90199952948061,3.82139732807326,0.272076863666807,1
17,83,1,1,1.90199952948061,3.82139732807326,0.332956026840601,1
17,84,1,1,1.90199952948061,3.82139732807326,0.624373525403096,1
17,85,1,1,1.90199952948061,3.82139732807326,0.32684916236108,1
17,86,1,1,1.90199952948061,3.82139732807326,0.336912456666994,1
17,87,-1,1,1.72100034336085,1.73224602358489,1.95115660943248,1
17,88,1,1,1.90199952948061,3.82139732807326,0.463498629604843,1
17,89,-1,1,1.72100034336085,1.73224602358489,0.481991145430018,1
17,90,1,1,1.90199952948061,3.82139732807326,0.435907437467633,1
17,91,-1,1,1.72100034336085,1.73224602358489,1.82051143897035,1
17,92,-1,1,1.72100034336085,1.73224602358489,0.251963086166139,1
17,93,1,1,1.90199952948061,3.82139732807326,0.17409999200048,1
17,94,1,1,1.90199952948061,3.82139732807326,0.401101033918371,1
17,95,1,1,1.90199952948061,3.82139732807326,0.322736177901124,1
17,96,1,1,1.90199952948061,3.82139732807326,0.543936647225967,1
17,97,-1,1,1.72100034336085,1.73224602358489,0.266819597764613,1
17,98,1,1,1.90199952948061,3.82139732807326,0.450267812902793,1
17,99,1,1,1.90199952948061,3.82139732807326,0.409741947634898,1
17,100,-1,1,1.72100034336085,1.73224602358489,0.97671034345281,1
17,101,-1,1,1.72100034336085,1.73224602358489,0.338607085952563,1
18,2,-1,1,1.9509093658447,0.227941315967382,3.89697009960069,-1
18,3,1,-1,2.05504060182294,2.6060903679761,0.618841321720301,1
18,4,-1,1,1.9509093658447,0.227941315967382,0.657126751402264,1
18,5,1,1,2.15608829493297,4.02703409571829,0.321760187982198,1
18,6,1,1,2.15608829493297,4.02703409571829,0.584812441200653,1
18,7,1,1,2.15608829493297,4.02703409571829,0.559102512799459,1
18,8,-1,1,1.9509093658447,0.227941315967382,0.903430750592369,1
18,9,-1,1,1.9509093658447,0.227941315967382,0.375309776390266,1
18,10,1,1,2.15608829493297,4.02703409571829,0.661999626564343,1
18,11,-1,1,1.9509093658447,0.227941315967382,1.71161086710057,1
18,12,-1,1,1.9509093658447,0.227941315967382,0.51997798608144,1
18,13,1,1,2.15608829493297,4.02703409571829,0.670234232490226,1
18,14,-1,1,1.9509093658447,0.227941315967382,2.10790448305896,-1
18,15,1,-1,2.05504060182294,2.6060903679761,0.662472703890594,1
18,16,1,1,2.15608829493297,4.02703409571829,0.282875647833579,1
18,17,1,1,2.15608829493297,4.02703409571829,0.526606781047885,1
18,18,1,1,2.15608829493297,4.02703409571829,0.304963248820161,1
18,19,-1,1,1.9509093658447,0.227941315967382,1.52810013082246,1
18,20,1,1,2.15608829493297,4.02703409571829,0.5209236485417,1
18,21,1,1,2.15608829493297,4.02703409571829,0.532649167954374,1
18,22,-1,1,1.9509093658447,0.227941315967382,1.03001020737945,1
18,23,1,1,2.15608829493297,4.02703409571829,0.461882591331621,1
18,24,1,1,2.15608829493297,4.02703409571829,0.41968855586646,1
18,25,-1,1,1.9509093658447,0.227941315967382,0.384690310364097,-1
18,26,1,-1,2.05504060182294,2.6060903679761,0.480244081249638,1
18,27,-1,1,1.9509093658447,0.227941315967382,2.64722511194524,1
18,28,1,1,2.15608829493297,4.02703409571829,0.454448041626446,1
18,29,-1,1,1.9509093658447,0.227941315967382,0.76420767418901,1
18,30,-1,1,1.9509093658447,0.227941315967382,0.810783281456264,1
18,31,-1,1,1.9509093658447,0.227941315967382,0.625723755528585,-1
18,32,-1,-1,1.85947763211253,1.93893422033823,0.553388626867305,1
18,33,-1,1,1.9509093658447,0.227941315967382,0.75614889544291,1
18,34,-1,1,1.9509093658447,0.227941315967382,1.04535243414769,1
18,35,1,1,2.15608829493297,4.02703409571829,0.418808943319644,1
18,36,1,1,2.15608829493297,4.02703409571829,0.59860827108229,1
18,37,1,1,2.15608829493297,4.02703409571829,0.324867124270894,1
18,38,-1,1,1.9509093658447,0.227941315967382,1.44563365685311,-1
18,39,-1,-1,1.85947763211253,1.93893422033823,0.683391530139483,1
18,40,-1,1,1.9509093658447,0.227941315967382,1.26169342083128,1
18,41,-1,1,1.9509093658447,0.227941315967382,1.22177737607876,-1
18,42,1,-1,2.05504060182294,2.6060903679761,0.523905195753518,1
18,43,-1,1,1.9509093658447,0.227941315967382,3.99586078842603,-1
18,44,-1,-1,1.85947763211253,1.93893422033823,0.607519243085985,1
18,45,-1,1,1.9509093658447,0.227941315967382,0.838985114617076,-1
18,46,-1,-1,1.85947763211253,1.93893422033823,0.337634194134028,1
18,47,1,1,2.15608829493297,4.02703409571829,0.535303740538079,1
18,48,-1,1,1.9509093658447,0.227941315967382,0.477806289312675,-1
18,49,1,-1,2.05504060182294,2.6060903679761,0.601252173579091,1
18,50,-1,1,1.9509093658447,0.227941315967382,0.417623567539873,-1
18,51,-1,-1,1.85947763211253,1.93893422033823,0.732393586185455,1
18,52,1,1,2.15608829493297,4.02703409571829,0.46268805907273,1
18,53,1,1,2.15608829493297,4.02703409571829,0.373390976548583,1
18,54,1,1,2.15608829493297,4.02703409571829,0.41308149673723,1
18,55,-1,1,1.9509093658447,0.227941315967382,1.31479903541924,1
18,56,1,1,2.15608829493297,4.02703409571829,0.328823748616371,1
18,57,1,1,2.15608829493297,4.02703409571829,0.301159134567318,1
18,58,-1,1,1.9509093658447,0.227941315967382,1.9230872849054,1
18,59,-1,1,1.9509093658447,0.227941315967382,0.397425475500774,1
18,60,-1,1,1.9509093658447,0.227941315967382,2.10305103610953,-1
18,61,1,-1,2.05504060182294,2.6060903679761,0.559820650349236,1
18,62,1,1,2.15608829493297,4.02703409571829,0.518897729454236,1
18,63,-1,1,1.9509093658447,0.227941315967382,0.435732105438088,1
18,64,-1,1,1.9509093658447,0.227941315967382,0.722186057020594,1
18,65,-1,1,1.9509093658447,0.227941315967382,1.10165704306951,1
18,66,-1,1,1.9509093658447,0.227941315967382,2.21780912205437,-1
18,67,-1,-1,1.85947763211253,1.93893422033823,0.351966807901205,1
18,68,1,1,2.15608829493297,4.02703409571829,0.442399885255722,1
18,69,-1,1,1.9509093658447,0.227941315967382,1.60636438961465,1
18,70,1,1,2.15608829493297,4.02703409571829,0.48482058991716,1
18,71,1,1,2.15608829493297,4.02703409571829,0.420138601033898,1
18,72,1,1,2.15608829493297,4.02703409571829,0.398661562028022,1
18,73,1,1,2.15608829493297,4.02703409571829,0.843315285608941,1
18,74,-1,1,1.9509093658447,0.227941315967382,1.5605889249685,1
18,75,1,1,2.15608829493297,4.02703409571829,0.551535817521289,1
18,76,1,1,2.15608829493297,4.02703409571829,0.956332311091055,1
18,77,-1,1,1.9509093658447,0.227941315967382,0.911554597687123,-1
18,78,1,-1,2.05504060182294,2.6060903679761,2.59761353028197,1
18,79,1,1,2.15608829493297,4.02703409571829,0.354997814797885,1
18,80,1,1,2.15608829493297,4.02703409571829,0.683475199004931,1
18,81,-1,1,1.9509093658447,0.227941315967382,0.342068159170614,-1
18,82,-1,-1,1.85947763211253,1.93893422033823,0.560096807165375,1
18,83,-1,1,1.9509093658447,0.227941315967382,1.38455268857221,-1
18,84,-1,-1,1.85947763211253,1.93893422033823,0.52404052785616,1
18,85,-1,1,1.9509093658447,0.227941315967382,1.11734089202077,-1
18,86,-1,-1,1.85947763211253,1.93893422033823,0.478226686960342,1
18,87,1,1,2.15608829493297,4.02703409571829,0.301488538592851,1
18,88,1,1,2.15608829493297,4.02703409571829,0.477845784006262,1
18,89,-1,1,1.9509093658447,0.227941315967382,0.536122223223462,1
18,90,1,1,2.15608829493297,4.02703409571829,0.395204598555405,1
18,91,1,1,2.15608829493297,4.02703409571829,0.447401789444298,1
18,92,1,1,2.15608829493297,4.02703409571829,0.362638722860568,1
18,93,1,1,2.15608829493297,4.02703409571829,0.351925012807734,1
18,94,1,1,2.15608829493297,4.02703409571829,0.544098025940138,1
18,95,1,1,2.15608829493297,4.02703409571829,0.285307081326627,1
18,96,-1,1,1.9509093658447,0.227941315967382,1.12585992732333,-1
18,97,1,-1,2.05504060182294,2.6060903679761,0.520581108503416,1
18,98,1,1,2.15608829493297,4.02703409571829,0.477813891964487,1
18,99,-1,1,1.9509093658447,0.227941315967382,2.32239449843971,-1
18,100,-1,-1,1.85947763211253,1.93893422033823,0.391269840736683,1
18,101,1,1,2.15608829493297,4.02703409571829,0.435150960025197,1
19,2,1,1,1.84696772322652,3.86482909886825,0.972566239635644,1
19,3,-1,1,1.67120550588004,1.15961863349998,1.07778397040183,1
19,4,-1,1,1.67120550588004,1.15961863349998,0.476920887519149,1
19,5,-1,1,1.67120550588004,1.15961863349998,0.675483711006785,1
19,6,1,1,1.84696772322652,3.86482909886825,0.520417895167611,1
19,7,-1,1,1.67120550588004,1.15961863349998,0.472477995076714,1
19,8,-1,1,1.67120550588004,1.15961863349998,1.13981225998236,1
19,9,1,1,1.84696772322652,3.86482909886825,0.534868573366337,1
19,10,-1,1,1.67120550588004,1.15961863349998,0.371560406306012,-1
19,11,-1,-1,1.59288243280422,0.790029557676423,0.452702645589051,1
19,12,1,1,1.84696772322652,3.86482909886825,0.449361338966032,1
19,13,1,1,1.84696772322652,3.86482909886825,0.58891114898962,1
19,14,-1,1,1.67120550588004,1.15961863349998,0.951151282536879,1
19,15,-1,1,1.67120550588004,1.15961863349998,2.05999366941965,1
19,16,1,1,1.84696772322652,3.86482909886825,0.73258987842934,1
19,17,-1,1,1.67120550588004,1.15961863349998,1.01212608367639,1
19,18,1,1,1.84696772322652,3.86482909886825,0.836985203009808,1
19,19,-1,1,1.67120550588004,1.15961863349998,0.702246978106834,-1
19,20,1,-1,1.76040734064881,2.98552270995535,0.439508180447124,1
19,21,-1,1,1.67120550588004,1.15961863349998,0.695434593130605,1
19,22,-1,1,1.67120550588004,1.15961863349998,0.848582401030643,1
19,23,1,1,1.84696772322652,3.86482909886825,0.413820378788324,1
19,24,1,1,1.84696772322652,3.86482909886825,0.697245188369144,1
19,25,-1,1,1.67120550588004,1.15961863349998,0.909595121639542,1
19,26,-1,1,1.67120550588004,1.15961863349998,1.15228703042286,1
19,27,-1,1,1.67120550588004,1.15961863349998,1.6138842338575,-1
19,28,1,-1,1.76040734064881,2.98552270995535,0.649086056074093,1
19,29,-1,1,1.67120550588004,1.15961863349998,0.805137986802565,1
19,30,1,1,1.84696772322652,3.86482909886825,0.631210809899374,1
19,31,1,1,1.84696772322652,3.86482909886825,0.348450743420748,1
19,32,-1,1,1.67120550588004,1.15961863349998,1.45947562386424,-1
19,33,1,-1,1.76040734064881,2.98552270995535,0.4377726219072,1
19,34,1,1,1.84696772322652,3.86482909886825,0.476186532603541,1
19,35,-1,1,1.67120550588004,1.15961863349998,1.09914819273016,1
19,36,1,1,1.84696772322652,3.86482909886825,0.434141059721317,1
19,37,1,1,1.84696772322652,3.86482909886825,0.41177188233345,1
19,38,1,1,1.84696772322652,3.86482909886825,0.516069757380279,1
19,39,-1,1,1.67120550588004,1.15961863349998,0.557746851457176,1
19,40,1,1,1.84696772322652,3.86482909886825,0.724209540367487,1
19,41,1,1,1.84696772322652,3.86482909886825,0.440619470801839,1
19,42,-1,1,1.67120550588004,1.15961863349998,0.929313777781132,-1
19,43,-1,-1,1.59288243280422,0.790029557676423,0.685688930404573,-1
19,44,1,-1,1.76040734064881,2.98552270995535,0.362176873960326,1
19,45,-1,1,1.67120550588004,1.15961863349998,0.852760477800563,1
19,46,1,1,1.84696772322652,3.86482909886825,0.3663326143965,1
19,47,1,1,1.84696772322652,3.86482909886825,0.440203970962148,1
19,48,1,1,1.84696772322652,3.86482909886825,0.36811035631176,1
19,49,-1,1,1.67120550588004,1.15961863349998,0.626769525049812,-1
19,50,-1,-1,1.59288243280422,0.790029557676423,0.375136167727039,1
19,51,1,1,1.84696772322652,3.86482909886825,0.622008534484902,-1
19,52,-1,-1,1.59288243280422,0.790029557676423,0.511528268217345,1
19,53,-1,1,1.67120550588004,1.15961863349998,0.470176753736469,1
19,54,1,1,1.84696772322652,3.86482909886825,0.463417877433653,1
19,55,1,1,1.84696772322652,3.86482909886825,0.41194209204425,1
19,56,-1,1,1.67120550588004,1.15961863349998,0.494034515735268,1
19,57,-1,1,1.67120550588004,1.15961863349998,0.836992480452336,-1
19,58,-1,-1,1.59288243280422,0.790029557676423,1.11065683185952,1
19,59,1,1,1.84696772322652,3.86482909886825,0.779035050297178,1
19,60,1,1,1.84696772322652,3.86482909886825,0.858781209823172,1
19,61,-1,1,1.67120550588004,1.15961863349998,0.489583845605954,1
19,62,-1,1,1.67120550588004,1.15961863349998,0.31751373585751,1
19,63,1,1,1.84696772322652,3.86482909886825,0.564807050091389,1
19,64,-1,1,1.67120550588004,1.15961863349998,0.423956621728918,1
19,65,1,1,1.84696772322652,3.86482909886825,0.3251335149949,1
19,66,-1,1,1.67120550588004,1.15961863349998,0.643572416197603,1
19,67,-1,1,1.67120550588004,1.15961863349998,0.602813495575882,1
19,68,1,1,1.84696772322652,3.86482909886825,0.383256472429224,1
19,69,-1,1,1.67120550588004,1.15961863349998,0.433068577009238,1
19,70,1,1,1.84696772322652,3.86482909886825,0.484736550992441,1
19,71,-1,1,1.67120550588004,1.15961863349998,0.875820082805472,-1
19,72,1,-1,1.76040734064881,2.98552270995535,0.480096351269405,1
19,73,-1,1,1.67120550588004,1.15961863349998,0.702112416971544,-1
19,74,1,-1,1.76040734064881,2.98552270995535,0.497292213715322,1
19,75,1,1,1.84696772322652,3.86482909886825,0.736605346953303,1
19,76,1,1,1.84696772322652,3.86482909886825,0.51615229923621,1
19,77,-1,1,1.67120550588004,1.15961863349998,0.65928609856802,1
19,78,1,1,1.84696772322652,3.86482909886825,0.478688099877558,1
19,79,-1,1,1.67120550588004,1.15961863349998,0.310227744446594,1
19,80,1,1,1.84696772322652,3.86482909886825,0.391449714436563,1
19,81,1,1,1.84696772322652,3.86482909886825,0.332064890282749,1
19,82,1,1,1.84696772322652,3.86482909886825,0.578407783985296,1
19,83,1,1,1.84696772322652,3.86482909886825,0.415526151156543,1
19,84,-1,1,1.67120550588004,1.15961863349998,0.381466114265693,1
19,85,1,1,1.84696772322652,3.86482909886825,0.329480451231308,1
19,86,-1,1,1.67120550588004,1.15961863349998,0.327040697829895,1
19,87,-1,1,1.67120550588004,1.15961863349998,0.506222068939317,1
19,88,1,1,1.84696772322652,3.86482909886825,0.435613906406192,1
19,89,-1,1,1.67120550588004,1.15961863349998,0.544725878211512,1
19,90,1,1,1.84696772322652,3.86482909886825,0.300268180926227,1
19,91,-1,1,1.67120550588004,1.15961863349998,0.498941220204474,1
19,92,1,1,1.84696772322652,3.86482909886825,0.57670853059034,1
19,93,-1,1,1.67120550588004,1.15961863349998,0.390637605671919,1
19,94,1,1,1.84696772322652,3.86482909886825,0.548084253670011,1
19,95,-1,1,1.67120550588004,1.15961863349998,0.890448257660554,1
19,96,1,1,1.84696772322652,3.86482909886825,0.427637081847943,1
19,97,1,1,1.84696772322652,3.86482909886825,0.471660729615178,1
19,98,1,1,1.84696772322652,3.86482909886825,0.381318726012737,1
19,99,-1,1,1.67120550588004,1.15961863349998,0.567583073427063,1
19,100,-1,1,1.67120550588004,1.15961863349998,0.531293067277208,1
19,101,-1,1,1.67120550588004,1.15961863349998,0.594691181947953,-1
20,2,1,1,2.45732779509528,4.30314420990533,0.648222831072571,1
20,3,-1,1,2.22348213738201,1.66271962276861,0.494384540366676,-1
20,4,-1,-1,2.1192759501021,1.65512512379589,0.593673168539892,1
20,5,-1,1,2.22348213738201,1.66271962276861,1.31674643498942,1
20,6,1,1,2.45732779509528,4.30314420990533,0.455159133213307,1
20,7,-1,1,2.22348213738201,1.66271962276861,0.477055841979844,1
20,8,1,1,2.45732779509528,4.30314420990533,0.491638130172159,1
20,9,-1,1,2.22348213738201,1.66271962276861,1.52092259632779,1
20,10,1,1,2.45732779509528,4.30314420990533,0.55267143458267,1
20,11,-1,1,2.22348213738201,1.66271962276861,0.407564846646901,1
20,12,1,1,2.45732779509528,4.30314420990533,0.757751582258086,1
20,13,-1,1,2.22348213738201,1.66271962276861,0.810548319407772,1
20,14,-1,1,2.22348213738201,1.66271962276861,0.577056993310096,1
20,15,1,1,2.45732779509528,4.30314420990533,0.601438218936285,1
20,16,-1,1,2.22348213738201,1.66271962276861,1.91838732684786,1
20,17,1,1,2.45732779509528,4.30314420990533,0.446538423707173,1
20,18,-1,1,2.22348213738201,1.66271962276861,0.713151533349889,1
20,19,-1,1,2.22348213738201,1.66271962276861,1.35510158721154,1
20,20,-1,1,2.22348213738201,1.66271962276861,1.96384628882415,1
20,21,-1,1,2.22348213738201,1.66271962276861,0.581500652362105,1
20,22,-1,1,2.22348213738201,1.66271962276861,0.47693115721097,1
20,23,1,1,2.45732779509528,4.30314420990533,0.4614711349215,1
20,24,1,1,2.45732779509528,4.30314420990533,0.529344713982438,1
20,25,-1,1,2.22348213738201,1.66271962276861,0.581189430577354,1
20,26,1,1,2.45732779509528,4.30314420990533,0.409896897548385,1
20,27,-1,1,2.22348213738201,1.66271962276861,0.864984465146567,1
20,28,-1,1,2.22348213738201,1.66271962276861,0.44585911139185,1
20,29,-1,1,2.22348213738201,1.66271962276861,0.493866502677189,1
20,30,1,1,2.45732779509528,4.30314420990533,0.799837565287764,1
20,31,1,1,2.45732779509528,4.30314420990533,0.464938746056282,1
20,32,-1,1,2.22348213738201,1.66271962276861,0.837742981846294,1
20,33,1,1,2.45732779509528,4.30314420990533,0.463553751249173,1
20,34,1,1,2.45732779509528,4.30314420990533,0.431543636867571,1
20,35,-1,1,2.22348213738201,1.66271962276861,0.769848316807295,1
20,36,1,1,2.45732779509528,4.30314420990533,0.515926300329604,1
20,37,1,1,2.45732779509528,4.30314420990533,0.800966194530366,1
20,38,-1,1,2.22348213738201,1.66271962276861,0.751708407587071,1
20,39,1,1,2.45732779509528,4.30314420990533,0.400185180599078,1
20,40,1,1,2.45732779509528,4.30314420990533,0.661325522070828,1
20,41,-1,1,2.22348213738201,1.66271962276861,0.685597020984133,1
20,42,1,1,2.45732779509528,4.30314420990533,0.546348998402523,1
20,43,1,1,2.45732779509528,4.30314420990533,0.881400438859796,1
20,44,-1,1,2.22348213738201,1.66271962276861,0.685567887380556,1
20,45,-1,1,2.22348213738201,1.66271962276861,0.414333840543996,1
20,46,-1,1,2.22348213738201,1.66271962276861,0.498807218005441,1
20,47,-1,1,2.22348213738201,1.66271962276861,1.47178523755894,1
20,48,1,1,2.45732779509528,4.30314420990533,0.562842886102512,1
20,49,1,1,2.45732779509528,4.30314420990533,0.575538843422922,1
20,50,1,1,2.45732779509528,4.30314420990533,0.496169274361946,1
20,51,1,1,2.45732779509528,4.30314420990533,0.639300466971689,1
20,52,1,1,2.45732779509528,4.30314420990533,0.558977620426604,1
20,53,-1,1,2.22348213738201,1.66271962276861,1.74294867617494,1
20,54,1,1,2.45732779509528,4.30314420990533,0.522365702952963,1
20,55,1,1,2.45732779509528,4.30314420990533,0.825780694708341,1
20,56,-1,1,2.22348213738201,1.66271962276861,1.12442999398764,1
20,57,-1,1,2.22348213738201,1.66271962276861,1.02377373557309,1
20,58,-1,1,2.22348213738201,1.66271962276861,0.726405807601599,1
20,59,-1,1,2.22348213738201,1.66271962276861,1.06849217522871,1
20,60,1,1,2.45732779509528,4.30314420990533,0.70236200763254,1
20,61,1,1,2.45732779509528,4.30314420990533,0.496143756337673,1
20,62,1,1,2.45732779509528,4.30314420990533,0.349265503587712,1
20,63,1,1,2.45732779509528,4.30314420990533,0.338178152904194,1
20,64,1,1,2.45732779509528,4.30314420990533,0.460760686180646,1
20,65,1,1,2.45732779509528,4.30314420990533,0.654139139716629,1
20,66,1,1,2.45732779509528,4.30314420990533,0.383030242705101,1
20,67,-1,1,2.22348213738201,1.66271962276861,0.846042637021583,1
20,68,1,1,2.45732779509528,4.30314420990533,0.359707986775111,1
20,69,-1,1,2.22348213738201,1.66271962276861,0.846150862111831,1
20,70,-1,1,2.22348213738201,1.66271962276861,0.706786327563765,1
20,71,-1,1,2.22348213738201,1.66271962276861,0.531245690297961,1
20,72,1,1,2.45732779509528,4.30314420990533,0.374363378727219,1
20,73,-1,1,2.22348213738201,1.66271962276861,1.44211797640381,1
20,74,-1,1,2.22348213738201,1.66271962276861,1.83515513171827,1
20,75,1,1,2.45732779509528,4.30314420990533,0.551617266252747,1
20,76,1,1,2.45732779509528,4.30314420990533,0.440095138208432,1
20,77,-1,1,2.22348213738201,1.66271962276861,1.02543993440173,1
20,78,-1,1,2.22348213738201,1.66271962276861,0.536009518876021,1
20,79,-1,1,2.22348213738201,1.66271962276861,0.567901396379328,1
20,80,-1,1,2.22348213738201,1.66271962276861,1.09723709166081,1
20,81,1,1,2.45732779509528,4.30314420990533,0.49752869944559,1
20,82,-1,1,2.22348213738201,1.66271962276861,0.42651689356323,1
20,83,-1,1,2.22348213738201,1.66271962276861,0.989090425669206,1
20,84,1,1,2.45732779509528,4.30314420990533,0.455116960738789,1
20,85,-1,1,2.22348213738201,1.66271962276861,1.83433343893051,1
20,86,-1,1,2.22348213738201,1.66271962276861,0.586220052749019,1
20,87,-1,1,2.22348213738201,1.66271962276861,0.599427632156807,1
20,88,1,1,2.45732779509528,4.30314420990533,0.399737814503458,1
20,89,-1,1,2.22348213738201,1.66271962276861,0.580700266808435,1
20,90,1,1,2.45732779509528,4.30314420990533,0.60935786138738,1
20,91,1,1,2.45732779509528,4.30314420990533,0.699467426167625,1
20,92,1,1,2.45732779509528,4.30314420990533,1.08262285470028,1
20,93,1,1,2.45732779509528,4.30314420990533,0.648050082555545,1
20,94,-1,1,2.22348213738201,1.66271962276861,0.637221923439477,1
20,95,1,1,2.45732779509528,4.30314420990533,0.530345094709522,1
20,96,1,1,2.45732779509528,4.30314420990533,0.565163430505307,1
20,97,1,1,2.45732779509528,4.30314420990533,0.316168791242746,1
20,98,-1,1,2.22348213738201,1.66271962276861,1.54710307486531,1
20,99,1,1,2.45732779509528,4.30314420990533,0.327627328855445,1
20,100,-1,1,2.22348213738201,1.66271962276861,1.3993436589514,1
20,101,1,1,2.45732779509528,4.30314420990533,0.475848938918436,1
21,2,-1,1,1.39753096861016,2.07707531263473,0.623780054707825,1
21,3,1,1,1.54451058361804,3.37931315085268,0.337647161797353,1
21,4,-1,1,1.39753096861016,2.07707531263473,0.57887296025986,1
21,5,-1,1,1.39753096861016,2.07707531263473,0.637255676654207,1
21,6,1,1,1.54451058361804,3.37931315085268,0.328919935595147,1
21,7,1,1,1.54451058361804,3.37931315085268,0.362039313167487,1
21,8,-1,1,1.39753096861016,2.07707531263473,0.317776885713446,1
21,9,-1,1,1.39753096861016,2.07707531263473,0.43151563512417,1
21,10,1,1,1.54451058361804,3.37931315085268,0.418499115580273,1
21,11,-1,1,1.39753096861016,2.07707531263473,0.363725153219118,1
21,12,-1,1,1.39753096861016,2.07707531263473,0.369390784631434,-1
21,13,-1,-1,1.3320339846695,1.14512036324327,0.358332394036952,1
21,14,-1,1,1.39753096861016,2.07707531263473,0.393700016934509,1
21,15,-1,1,1.39753096861016,2.07707531263473,0.415814938904426,1
21,16,-1,1,1.39753096861016,2.07707531263473,0.427816808887224,1
21,17,1,1,1.54451058361804,3.37931315085268,0.536703366951395,1
21,18,-1,1,1.39753096861016,2.07707531263473,0.631369217862349,1
21,19,1,1,1.54451058361804,3.37931315085268,0.361856297811997,1
21,20,-1,1,1.39753096861016,2.07707531263473,0.269854321732091,1
21,21,1,1,1.54451058361804,3.37931315085268,0.581441519850632,1
21,22,-1,1,1.39753096861016,2.07707531263473,0.595580145591243,1
21,23,1,1,1.54451058361804,3.37931315085268,0.495231868276955,1
21,24,-1,1,1.39753096861016,2.07707531263473,0.42636953998033,1
21,25,-1,1,1.39753096861016,2.07707531263473,0.415806604243808,1
21,26,1,1,1.54451058361804,3.37931315085268,0.290606646200065,1
21,27,-1,1,1.39753096861016,2.07707531263473,0.365829424214972,1
21,28,1,1,1.54451058361804,3.37931315085268,0.277662349260763,1
21,29,-1,1,1.39753096861016,2.07707531263473,0.351630215584621,1
21,30,1,1,1.54451058361804,3.37931315085268,0.342661130900841,1
21,31,-1,1,1.39753096861016,2.07707531263473,0.817196767528484,1
21,32,1,1,1.54451058361804,3.37931315085268,0.347660730379441,1
21,33,-1,1,1.39753096861016,2.07707531263473,0.415052661981033,-1
21,34,1,-1,1.47212522174515,2.19849117326932,0.418272574546793,1
21,35,1,1,1.54451058361804,3.37931315085268,0.364613064933546,1
21,36,-1,1,1.39753096861016,2.07707531263473,0.596827697080981,1
21,37,1,1,1.54451058361804,3.37931315085268,0.659574340141326,1
21,38,1,1,1.54451058361804,3.37931315085268,0.493036437918987,1
21,39,-1,1,1.39753096861016,2.07707531263473,0.568529194858694,1
21,40,-1,1,1.39753096861016,2.07707531263473,0.284256136758505,1
21,41,1,1,1.54451058361804,3.37931315085268,0.368829743244516,1
21,42,1,1,1.54451058361804,3.37931315085268,0.422662743509765,1
21,43,-1,1,1.39753096861016,2.07707531263473,0.369674161991313,1
21,44,1,1,1.54451058361804,3.37931315085268,0.457395056667954,1
21,45,1,1,1.54451058361804,3.37931315085268,0.478522447208376,1
21,46,-1,1,1.39753096861016,2.07707531263473,0.453020092151808,1
21,47,1,1,1.54451058361804,3.37931315085268,0.340181527964614,1
21,48,1,1,1.54451058361804,3.37931315085268,0.325332594541434,1
21,49,-1,1,1.39753096861016,2.07707531263473,0.68946264072285,1
21,50,-1,1,1.39753096861016,2.07707531263473,0.376132286442889,1
21,51,1,1,1.54451058361804,3.37931315085268,0.320590101543619,1
21,52,-1,1,1.39753096861016,2.07707531263473,0.550147304883973,1
21,53,-1,1,1.39753096861016,2.07707531263473,0.45794545945509,1
21,54,-1,1,1.39753096861016,2.07707531263473,0.387532758316314,1
21,55,1,1,1.54451058361804,3.37931315085268,0.960604089778624,1
21,56,-1,1,1.39753096861016,2.07707531263473,0.449789482387705,1
21,57,1,1,1.54451058361804,3.37931315085268,0.357469497624538,1
21,58,-1,1,1.39753096861016,2.07707531263473,0.355683347221506,1
21,59,-1,1,1.39753096861016,2.07707531263473,0.342992725724857,1
21,60,1,1,1.54451058361804,3.37931315085268,0.293640825821341,1
21,61,-1,1,1.39753096861016,2.07707531263473,0.574300157458194,1
21,62,1,1,1.54451058361804,3.37931315085268,0.400612895349928,1
21,63,-1,1,1.39753096861016,2.07707531263473,0.454083323962086,1
21,64,-1,1,1.39753096861016,2.07707531263473,0.341270462090003,-1
21,65,1,-1,1.47212522174515,2.19849117326932,0.407670239820888,1
21,66,-1,1,1.39753096861016,2.07707531263473,0.359684695140873,1
21,67,1,1,1.54451058361804,3.37931315085268,0.32533150859308,1
21,68,-1,1,1.39753096861016,2.07707531263473,0.49035601020126,-1
21,69,-1,-1,1.3320339846695,1.14512036324327,0.853124990857952,1
21,70,-1,1,1.39753096861016,2.07707531263473,0.419873915583557,1
21,71,1,1,1.54451058361804,3.37931315085268,0.384247783293383,1
21,72,-1,1,1.39753096861016,2.07707531263473,0.540282591589191,1
21,73,1,1,1.54451058361804,3.37931315085268,0.404476921185685,1
21,74,1,1,1.54451058361804,3.37931315085268,0.431518382175985,1
21,75,-1,1,1.39753096861016,2.07707531263473,0.571793604882581,1
21,76,1,1,1.54451058361804,3.37931315085268,0.365747287344716,1
21,77,-1,1,1.39753096861016,2.07707531263473,0.43280829440208,1
21,78,1,1,1.54451058361804,3.37931315085268,0.336507273892876,1
21,79,-1,1,1.39753096861016,2.07707531263473,0.423859730087367,1
21,80,1,1,1.54451058361804,3.37931315085268,0.610281986810919,-1
21,81,1,-1,1.47212522174515,2.19849117326932,0.790594008421588,1
21,82,1,1,1.54451058361804,3.37931315085268,0.429841132611048,1
21,83,-1,1,1.39753096861016,2.07707531263473,0.83166101949084,1
21,84,-1,1,1.39753096861016,2.07707531263473,0.328172080927871,1
21,85,-1,1,1.39753096861016,2.07707531263473,0.351115588452723,1
21,86,1,1,1.54451058361804,3.37931315085268,0.48264235595761,1
21,87,1,1,1.54451058361804,3.37931315085268,0.564669642992689,1
21,88,1,1,1.54451058361804,3.37931315085268,0.326750775078754,1
21,89,1,1,1.54451058361804,3.37931315085268,0.418194086286844,1
21,90,1,1,1.54451058361804,3.37931315085268,0.291745645954794,1
21,91,-1,1,1.39753096861016,2.07707531263473,0.524723335883716,1
21,92,1,1,1.54451058361804,3.37931315085268,0.526676574008083,1
21,93,1,1,1.54451058361804,3.37931315085268,0.630424341024126,1
21,94,-1,1,1.39753096861016,2.07707531263473,0.345235469254605,1
21,95,1,1,1.54451058361804,3.37931315085268,0.321676864628884,-1
21,96,1,-1,1.47212522174515,2.19849117326932,0.495658727205116,1
21,97,1,1,1.54451058361804,3.37931315085268,0.388071927053827,1
21,98,1,1,1.54451058361804,3.37931315085268,0.494874999269805,1
21,99,-1,1,1.39753096861016,2.07707531263473,0.364021325994411,1
21,100,1,1,1.54451058361804,3.37931315085268,0.482382880258588,1
21,101,1,1,1.54451058361804,3.37931315085268,0.662360985519007,1
22,2,1,1,2.28387356797499,3.55950407198415,0.450828697886672,1
22,3,1,1,2.28387356797499,3.55950407198415,0.891918500402707,1
22,4,-1,1,2.06653426236707,1.34364101732389,0.902892314567768,1
22,5,-1,1,2.06653426236707,1.34364101732389,0.600648365459582,1
22,6,-1,1,2.06653426236707,1.34364101732389,0.506598616563103,1
22,7,-1,1,2.06653426236707,1.34364101732389,0.611615336802085,-1
22,8,1,-1,2.17683706305022,2.40996696532602,0.586851562121746,1
22,9,1,1,2.28387356797499,3.55950407198415,0.663747087819298,1
22,10,-1,1,2.06653426236707,1.34364101732389,1.06126664836831,1
22,11,-1,1,2.06653426236707,1.34364101732389,1.0804957947989,1
22,12,1,1,2.28387356797499,3.55950407198415,0.352225806651105,1
22,13,-1,1,2.06653426236707,1.34364101732389,0.467712462883158,1
22,14,-1,1,2.06653426236707,1.34364101732389,0.775182504431215,1
22,15,-1,1,2.06653426236707,1.34364101732389,2.66478418326158,1
22,16,-1,1,2.06653426236707,1.34364101732389,0.910740654256894,1
22,17,-1,1,2.06653426236707,1.34364101732389,0.836683027525715,1
22,18,-1,1,2.06653426236707,1.34364101732389,0.484342954907378,1
22,19,1,1,2.28387356797499,3.55950407198415,0.667683154941408,1
22,20,1,1,2.28387356797499,3.55950407198415,0.414062685009441,1
22,21,1,1,2.28387356797499,3.55950407198415,0.769219712202724,1
22,22,-1,1,2.06653426236707,1.34364101732389,1.12649819111819,1
22,23,1,1,2.28387356797499,3.55950407198415,1.08896061658529,1
22,24,1,1,2.28387356797499,3.55950407198415,0.563230969520379,1
22,25,1,1,2.28387356797499,3.55950407198415,0.563457971299817,1
22,26,1,1,2.28387356797499,3.55950407198415,0.554842274191928,1
22,27,1,1,2.28387356797499,3.55950407198415,0.442936236115251,1
22,28,1,1,2.28387356797499,3.55950407198415,0.378391865535399,1
22,29,-1,1,2.06653426236707,1.34364101732389,0.624660416969896,1
22,30,-1,1,2.06653426236707,1.34364101732389,1.30883016170076,1
22,31,1,1,2.28387356797499,3.55950407198415,0.355175002498632,1
22,32,-1,1,2.06653426236707,1.34364101732389,0.952011352612478,1
22,33,-1,1,2.06653426236707,1.34364101732389,0.661488147455817,1
22,34,-1,1,2.06653426236707,1.34364101732389,0.507382151794923,1
22,35,-1,1,2.06653426236707,1.34364101732389,0.421690524215387,1
22,36,1,1,2.28387356797499,3.55950407198415,0.472382166356491,1
22,37,1,1,2.28387356797499,3.55950407198415,0.344546287161285,1
22,38,1,1,2.28387356797499,3.55950407198415,0.613704823720406,1
22,39,1,1,2.28387356797499,3.55950407198415,0.5166349360581,1
22,40,1,1,2.28387356797499,3.55950407198415,0.363645845009549,1
22,41,1,1,2.28387356797499,3.55950407198415,0.67839759813574,1
22,42,-1,1,2.06653426236707,1.34364101732389,1.57619063378388,1
22,43,-1,1,2.06653426236707,1.34364101732389,0.666623534184737,1
22,44,1,1,2.28387356797499,3.55950407198415,0.566399317981062,1
22,45,-1,1,2.06653426236707,1.34364101732389,0.868908093734472,1
22,46,-1,1,2.06653426236707,1.34364101732389,0.471159684131339,1
22,47,-1,1,2.06653426236707,1.34364101732389,0.384964780805597,1
22,48,1,1,2.28387356797499,3.55950407198415,0.575561765011148,1
22,49,-1,1,2.06653426236707,1.34364101732389,0.6082604652681,1
22,50,-1,1,2.06653426236707,1.34364101732389,0.431528838135703,1
22,51,-1,1,2.06653426236707,1.34364101732389,0.764779468756894,1
22,52,1,1,2.28387356797499,3.55950407198415,0.516364215644817,1
22,53,1,1,2.28387356797499,3.55950407198415,0.421801958276981,1
22,54,-1,1,2.06653426236707,1.34364101732389,0.893785173712036,1
22,55,-1,1,2.06653426236707,1.34364101732389,0.401923963090711,1
22,56,1,1,2.28387356797499,3.55950407198415,0.483094578541931,1
22,57,-1,1,2.06653426236707,1.34364101732389,0.36500785664401,1
22,58,-1,1,2.06653426236707,1.34364101732389,0.242444536120885,1
22,59,-1,1,2.06653426236707,1.34364101732389,0.716097936454772,1
22,60,1,1,2.28387356797499,3.55950407198415,0.297370532926291,1
22,61,1,1,2.28387356797499,3.55950407198415,0.524551252330107,1
22,62,1,1,2.28387356797499,3.55950407198415,0.662312373000818,1
22,63,-1,1,2.06653426236707,1.34364101732389,0.477423577043515,1
22,64,1,1,2.28387356797499,3.55950407198415,0.534911194190124,1
22,65,-1,1,2.06653426236707,1.34364101732389,0.501370164906549,1
22,66,1,1,2.28387356797499,3.55950407198415,0.563273912626404,1
22,67,-1,1,2.06653426236707,1.34364101732389,0.396261813015332,1
22,68,-1,1,2.06653426236707,1.34364101732389,0.538701621342843,1
22,69,1,1,2.28387356797499,3.55950407198415,0.472616315934218,1
22,70,1,1,2.28387356797499,3.55950407198415,0.890318810402966,1
22,71,-1,1,2.06653426236707,1.34364101732389,0.694707037797604,1
22,72,1,1,2.28387356797499,3.55950407198415,0.593740914780637,1
22,73,1,1,2.28387356797499,3.55950407198415,0.727895418423094,1
22,74,1,1,2.28387356797499,3.55950407198415,0.387309547930081,1
22,75,-1,1,2.06653426236707,1.34364101732389,3.41675540514007,1
22,76,-1,1,2.06653426236707,1.34364101732389,0.566328963545004,1
22,77,-1,1,2.06653426236707,1.34364101732389,1.53470771219609,1
22,78,-1,1,2.06653426236707,1.34364101732389,2.33959950291238,1
22,79,1,1,2.28387356797499,3.55950407198415,0.582295588954489,1
22,80,1,1,2.28387356797499,3.55950407198415,0.473457851640666,1
22,81,-1,1,2.06653426236707,1.34364101732389,4.69647863215085,1
22,82,1,1,2.28387356797499,3.55950407198415,0.636163798417902,1
22,83,1,1,2.28387356797499,3.55950407198415,0.390774317119903,1
22,84,-1,1,2.06653426236707,1.34364101732389,0.647430918194199,1
22,85,-1,1,2.06653426236707,1.34364101732389,0.719186094029945,-1
22,86,-1,-1,1.96968362761534,1.48688794536594,0.889364456748155,-1
22,87,1,-1,2.17683706305022,2.40996696532602,0.84245670598806,1
22,88,-1,1,2.06653426236707,1.34364101732389,0.676173003544914,1
22,89,-1,1,2.06653426236707,1.34364101732389,0.552646503630634,1
22,90,1,1,2.28387356797499,3.55950407198415,0.450127865745743,1
22,91,-1,1,2.06653426236707,1.34364101732389,0.998421977360742,1
22,92,1,1,2.28387356797499,3.55950407198415,0.586390008574324,1
22,93,1,1,2.28387356797499,3.55950407198415,0.456268096878057,1
22,94,1,1,2.28387356797499,3.55950407198415,0.442342020620759,1
22,95,1,1,2.28387356797499,3.55950407198415,0.392079171372975,1
22,96,-1,1,2.06653426236707,1.34364101732389,1.28063958789524,1
22,97,1,1,2.28387356797499,3.55950407198415,1.33575740759757,1
22,98,-1,1,2.06653426236707,1.34364101732389,0.765013543551494,1
22,99,1,1,2.28387356797499,3.55950407198415,0.581179874347894,1
22,100,1,1,2.28387356797499,3.55950407198415,0.317236249539082,1
22,101,1,1,2.28387356797499,3.55950407198415,0.481462044129922,1
23,2,-1,1,2.08578017803273,2.98746338483935,0.577932627293236,1
23,3,-1,1,2.08578017803273,2.98746338483935,0.498281950601365,1
23,4,-1,1,2.08578017803273,2.98746338483935,0.878655078375474,1
23,5,-1,1,2.08578017803273,2.98746338483935,0.532776241409483,1
23,6,-1,1,2.08578017803273,2.98746338483935,0.447772620140475,1
23,7,1,1,2.30514359426042,3.18412907242189,0.457860192632076,1
23,8,1,1,2.30514359426042,3.18412907242189,0.855236712266009,1
23,9,-1,1,2.08578017803273,2.98746338483935,0.64437959199422,1
23,10,-1,1,2.08578017803273,2.98746338483935,0.442882671597072,1
23,11,1,1,2.30514359426042,3.18412907242189,0.650176715178842,1
23,12,-1,1,2.08578017803273,2.98746338483935,0.557218537767683,1
23,13,1,1,2.30514359426042,3.18412907242189,0.381697902359829,1
23,14,1,1,2.30514359426042,3.18412907242189,0.589005651917969,1
23,15,-1,1,2.08578017803273,2.98746338483935,0.379006812331278,1
23,16,-1,1,2.08578017803273,2.98746338483935,0.506567194508443,1
23,17,1,1,2.30514359426042,3.18412907242189,0.372055046410616,1
23,18,-1,1,2.08578017803273,2.98746338483935,0.913110431077333,-1
23,19,-1,-1,1.98802756009952,0.898988634500167,0.710719967369248,-1
23,20,1,-1,2.19711024375488,1.7294189082386,0.536173941121761,1
23,21,1,1,2.30514359426042,3.18412907242189,0.784736118415674,1
23,22,-1,1,2.08578017803273,2.98746338483935,0.442237682273143,1
23,23,1,1,2.30514359426042,3.18412907242189,0.595850099203233,1
23,24,-1,1,2.08578017803273,2.98746338483935,0.483566196306173,1
23,25,1,1,2.30514359426042,3.18412907242189,0.512961796992798,1
23,26,1,1,2.30514359426042,3.18412907242189,0.593344059600358,1
23,27,-1,1,2.08578017803273,2.98746338483935,0.400862670053538,1
23,28,1,1,2.30514359426042,3.18412907242189,0.41705854554795,1
23,29,1,1,2.30514359426042,3.18412907242189,0.757187830029176,1
23,30,-1,1,2.08578017803273,2.98746338483935,0.632673275114208,1
23,31,1,1,2.30514359426042,3.18412907242189,1.16512386918012,1
23,32,-1,1,2.08578017803273,2.98746338483935,0.438500195101135,1
23,33,-1,1,2.08578017803273,2.98746338483935,1.21737769422091,1
23,34,1,1,2.30514359426042,3.18412907242189,0.564114011294202,1
23,35,-1,1,2.08578017803273,2.98746338483935,0.524260044157907,1
23,36,1,1,2.30514359426042,3.18412907242189,0.52057288630159,1
23,37,-1,1,2.08578017803273,2.98746338483935,0.396376233583219,1
23,38,-1,1,2.08578017803273,2.98746338483935,0.452318920284604,1
23,39,1,1,2.30514359426042,3.18412907242189,1.06189775727645,1
23,40,1,1,2.30514359426042,3.18412907242189,0.65072127150516,1
23,41,1,1,2.30514359426042,3.18412907242189,0.676976436593292,1
23,42,-1,1,2.08578017803273,2.98746338483935,0.473478696218389,1
23,43,1,1,2.30514359426042,3.18412907242189,0.704588510145403,1
23,44,-1,1,2.08578017803273,2.98746338483935,0.455181924070311,1
23,45,-1,1,2.08578017803273,2.98746338483935,0.512616423176754,1
23,46,-1,1,2.08578017803273,2.98746338483935,0.496783193823966,1
23,47,1,1,2.30514359426042,3.18412907242189,1.06665355566723,1
23,48,-1,1,2.08578017803273,2.98746338483935,0.489948065768045,1
23,49,1,1,2.30514359426042,3.18412907242189,0.720730349391651,1
23,50,1,1,2.30514359426042,3.18412907242189,0.54669595459533,1
23,51,-1,1,2.08578017803273,2.98746338483935,0.512749588169514,1
23,52,-1,1,2.08578017803273,2.98746338483935,0.345805396067472,1
23,53,1,1,2.30514359426042,3.18412907242189,0.829654368334604,1
23,54,1,1,2.30514359426042,3.18412907242189,0.583731433842052,1
23,55,1,1,2.30514359426042,3.18412907242189,0.43104155427906,1
23,56,1,1,2.30514359426042,3.18412907242189,0.830501048211421,1
23,57,1,1,2.30514359426042,3.18412907242189,0.844660691564278,1
23,58,-1,1,2.08578017803273,2.98746338483935,0.622511058653235,1
23,59,-1,1,2.08578017803273,2.98746338483935,0.291195536087583,1
23,60,1,1,2.30514359426042,3.18412907242189,0.339184504939598,1
23,61,-1,1,2.08578017803273,2.98746338483935,0.610940987841201,1
23,62,-1,1,2.08578017803273,2.98746338483935,0.611017276203946,1
23,63,-1,1,2.08578017803273,2.98746338483935,0.399964286676059,1
23,64,1,1,2.30514359426042,3.18412907242189,0.465692896988346,1
23,65,1,1,2.30514359426042,3.18412907242189,0.594621612305143,1
23,66,1,1,2.30514359426042,3.18412907242189,0.57466014094328,1
23,67,-1,1,2.08578017803273,2.98746338483935,0.765794172722096,1
23,68,1,1,2.30514359426042,3.18412907242189,0.66374975268374,1
23,69,-1,1,2.08578017803273,2.98746338483935,0.521456721012022,1
23,70,1,1,2.30514359426042,3.18412907242189,0.772040701856815,1
23,71,1,1,2.30514359426042,3.18412907242189,1.12015376680776,1
23,72,-1,1,2.08578017803273,2.98746338483935,0.78250883285071,1
23,73,-1,1,2.08578017803273,2.98746338483935,0.450930446710569,1
23,74,1,1,2.30514359426042,3.18412907242189,0.48977187473161,1
23,75,1,1,2.30514359426042,3.18412907242189,0.499399125864317,1
23,76,1,1,2.30514359426042,3.18412907242189,0.444253718451471,1
23,77,1,1,2.30514359426042,3.18412907242189,0.707106563807953,1
23,78,1,1,2.30514359426042,3.18412907242189,0.503200437740072,1
23,79,1,1,2.30514359426042,3.18412907242189,0.429784778287471,1
23,80,-1,1,2.08578017803273,2.98746338483935,0.372879497188121,1
23,81,-1,1,2.08578017803273,2.98746338483935,1.14829226653406,1
23,82,1,1,2.30514359426042,3.18412907242189,0.848222932328617,1
23,83,-1,1,2.08578017803273,2.98746338483935,0.772430373574803,1
23,84,-1,1,2.08578017803273,2.98746338483935,0.489046955924559,1
23,85,-1,1,2.08578017803273,2.98746338483935,0.592626440977007,1
23,86,1,1,2.30514359426042,3.18412907242189,0.481244603806725,1
23,87,1,1,2.30514359426042,3.18412907242189,0.668778825577221,1
23,88,-1,1,2.08578017803273,2.98746338483935,0.484879651355817,1
23,89,1,1,2.30514359426042,3.18412907242189,0.640517479950129,1
23,90,-1,1,2.08578017803273,2.98746338483935,0.898336232685049,1
23,91,1,1,2.30514359426042,3.18412907242189,0.780539134679333,1
23,92,-1,1,2.08578017803273,2.98746338483935,0.448505780803415,1
23,93,1,1,2.30514359426042,3.18412907242189,0.402951665833288,1
23,94,-1,1,2.08578017803273,2.98746338483935,1.25498785781492,1
23,95,-1,1,2.08578017803273,2.98746338483935,0.492967859035104,1
23,96,-1,1,2.08578017803273,2.98746338483935,0.597986349379979,1
23,97,-1,1,2.08578017803273,2.98746338483935,0.439151662205914,1
23,98,-1,1,2.08578017803273,2.98746338483935,0.555293979088613,1
23,99,1,1,2.30514359426042,3.18412907242189,0.513434651605663,1
23,100,1,1,2.30514359426042,3.18412907242189,0.60142263357473,1
23,101,1,1,2.30514359426042,3.18412907242189,0.710888742803538,1
24,2,1,1,2.11534011207987,3.57244988082779,0.656645923693515,1
24,3,-1,1,1.91403888528225,1.377929322432,0.564853170446055,1
24,4,1,1,2.11534011207987,3.57244988082779,0.487915442031874,1
24,5,-1,1,1.91403888528225,1.377929322432,0.719568194348819,1
24,6,-1,1,1.91403888528225,1.377929322432,0.311770654663994,1
24,7,-1,1,1.91403888528225,1.377929322432,0.511893945238289,1
24,8,-1,1,1.91403888528225,1.377929322432,1.44546712785832,1
24,9,-1,1,1.91403888528225,1.377929322432,0.411204238042126,1
24,10,-1,1,1.91403888528225,1.377929322432,1.24537284402803,-1
24,11,-1,-1,1.82433513134268,0.68920646795907,0.43053549572265,1
24,12,-1,1,1.91403888528225,1.377929322432,0.954338986384255,1
24,13,1,1,2.11534011207987,3.57244988082779,0.577132692343709,1
24,14,-1,1,1.91403888528225,1.377929322432,0.454049951834574,1
24,15,-1,1,1.91403888528225,1.377929322432,0.698966611512837,-1
24,16,-1,-1,1.82433513134268,0.68920646795907,0.431044278677411,1
24,17,-1,1,1.91403888528225,1.377929322432,2.52985329813831,1
24,18,-1,1,1.91403888528225,1.377929322432,0.401138828933876,1
24,19,-1,1,1.91403888528225,1.377929322432,0.578763190228454,1
24,20,1,1,2.11534011207987,3.57244988082779,0.4743337513107,1
24,21,1,1,2.11534011207987,3.57244988082779,0.45762033782625,1
24,22,-1,1,1.91403888528225,1.377929322432,0.698642677824431,1
24,23,-1,1,1.91403888528225,1.377929322432,0.850912578149142,1
24,24,-1,1,1.91403888528225,1.377929322432,0.476627165390549,1
24,25,-1,1,1.91403888528225,1.377929322432,0.598552536467684,1
24,26,1,1,2.11534011207987,3.57244988082779,0.449738323763485,1
24,27,1,1,2.11534011207987,3.57244988082779,0.499585601906296,1
24,28,1,1,2.11534011207987,3.57244988082779,0.695371736796734,1
24,29,-1,1,1.91403888528225,1.377929322432,0.48054057800874,1
24,30,1,1,2.11534011207987,3.57244988082779,0.549686906648487,1
24,31,-1,1,1.91403888528225,1.377929322432,0.773934377966974,1
24,32,1,1,2.11534011207987,3.57244988082779,0.465620060180804,1
24,33,-1,1,1.91403888528225,1.377929322432,0.965725437867174,1
24,34,1,1,2.11534011207987,3.57244988082779,0.316494025143542,1
24,35,-1,1,1.91403888528225,1.377929322432,0.447327811891931,1
24,36,-1,1,1.91403888528225,1.377929322432,0.767880130852445,1
24,37,1,1,2.11534011207987,3.57244988082779,0.514221496666786,1
24,38,1,1,2.11534011207987,3.57244988082779,0.605227057803143,1
24,39,-1,1,1.91403888528225,1.377929322432,0.514117328049118,1
24,40,-1,1,1.91403888528225,1.377929322432,0.919192145948968,1
24,41,1,1,2.11534011207987,3.57244988082779,0.381077280592838,1
24,42,1,1,2.11534011207987,3.57244988082779,0.37616121286251,1
24,43,-1,1,1.91403888528225,1.377929322432,1.04507476869582,1
24,44,1,1,2.11534011207987,3.57244988082779,0.496604545405647,1
24,45,1,1,2.11534011207987,3.57244988082779,0.773311956840466,1
24,46,1,1,2.11534011207987,3.57244988082779,0.329726753689367,1
24,47,-1,1,1.91403888528225,1.377929322432,0.676037584320806,1
24,48,-1,1,1.91403888528225,1.377929322432,0.477601921119083,1
24,49,1,1,2.11534011207987,3.57244988082779,0.581497403878244,1
24,50,1,1,2.11534011207987,3.57244988082779,0.581852998756548,1
24,51,1,1,2.11534011207987,3.57244988082779,0.47633603005585,1
24,52,-1,1,1.91403888528225,1.377929322432,0.52154345178096,1
24,53,-1,1,1.91403888528225,1.377929322432,0.635606316687448,1
24,54,1,1,2.11534011207987,3.57244988082779,0.397811312705853,1
24,55,-1,1,1.91403888528225,1.377929322432,0.900646790751128,1
24,56,1,1,2.11534011207987,3.57244988082779,0.45504732603515,1
24,57,1,1,2.11534011207987,3.57244988082779,0.363622769149914,1
24,58,1,1,2.11534011207987,3.57244988082779,0.643502808005128,1
24,59,1,1,2.11534011207987,3.57244988082779,0.462327505842521,1
24,60,1,1,2.11534011207987,3.57244988082779,0.516883275714334,1
24,61,-1,1,1.91403888528225,1.377929322432,0.634261672616873,1
24,62,1,1,2.11534011207987,3.57244988082779,0.445603541342066,1
24,63,1,1,2.11534011207987,3.57244988082779,0.922461252811324,1
24,64,1,1,2.11534011207987,3.57244988082779,0.435318586598588,1
24,65,1,1,2.11534011207987,3.57244988082779,0.54356009376477,1
24,66,1,1,2.11534011207987,3.57244988082779,0.489862917458566,1
24,67,-1,1,1.91403888528225,1.377929322432,0.762977174925264,1
24,68,-1,1,1.91403888528225,1.377929322432,0.467811180973914,1
24,69,-1,1,1.91403888528225,1.377929322432,0.573676745122428,1
24,70,-1,1,1.91403888528225,1.377929322432,0.479043643443827,1
24,71,-1,1,1.91403888528225,1.377929322432,0.492145839863961,1
24,72,-1,1,1.91403888528225,1.377929322432,0.390313112920013,1
24,73,-1,1,1.91403888528225,1.377929322432,0.519619396007671,1
24,74,-1,1,1.91403888528225,1.377929322432,0.523144243255589,1
24,75,-1,1,1.91403888528225,1.377929322432,0.454798261032493,1
24,76,1,1,2.11534011207987,3.57244988082779,0.56433041355348,1
24,77,-1,1,1.91403888528225,1.377929322432,0.865875174266731,-1
24,78,1,-1,2.01620213198364,3.16041432878114,0.371999148587773,1
24,79,1,1,2.11534011207987,3.57244988082779,0.384288958982038,1
24,80,1,1,2.11534011207987,3.57244988082779,0.848713211963349,1
24,81,-1,1,1.91403888528225,1.377929322432,0.777853092572721,1
24,82,1,1,2.11534011207987,3.57244988082779,0.438214265088899,1
24,83,1,1,2.11534011207987,3.57244988082779,0.519946598201694,1
24,84,-1,1,1.91403888528225,1.377929322432,2.0738344862134,1
24,85,-1,1,1.91403888528225,1.377929322432,0.4343528513025,1
24,86,1,1,2.11534011207987,3.57244988082779,0.439205952780186,1
24,87,1,1,2.11534011207987,3.57244988082779,0.397453694336486,1
24,88,1,1,2.11534011207987,3.57244988082779,0.575225253040032,1
24,89,1,1,2.11534011207987,3.57244988082779,0.618606263980963,1
24,90,-1,1,1.91403888528225,1.377929322432,0.62436699889877,1
24,91,1,1,2.11534011207987,3.57244988082779,0.568769127433756,1
24,92,1,1,2.11534011207987,3.57244988082779,1.11779677527247,1
24,93,1,1,2.11534011207987,3.57244988082779,0.372352035513038,1
24,94,-1,1,1.91403888528225,1.377929322432,0.867229615152157,1
24,95,1,1,2.11534011207987,3.57244988082779,0.555623085927239,1
24,96,1,1,2.11534011207987,3.57244988082779,0.444569546933387,1
24,97,-1,1,1.91403888528225,1.377929322432,1.73092658487975,1
24,98,-1,1,1.91403888528225,1.377929322432,0.516696844540948,1
24,99,1,1,2.11534011207987,3.57244988082779,0.572915891663986,1
24,100,1,1,2.11534011207987,3.57244988082779,0.584692468184792,1
24,101,1,1,2.11534011207987,3.57244988082779,0.522888563758881,1
25,2,-1,1,2.13973544780347,1.58679688946742,0.946485457872915,1
25,3,1,1,2.36477338928797,4.41791847230638,0.301958962908948,1
25,4,1,1,2.36477338928797,4.41791847230638,0.477227198671614,1
25,5,1,1,2.36477338928797,4.41791847230638,0.436463073624282,1
25,6,-1,1,2.13973544780347,1.58679688946742,1.18632619436768,1
25,7,-1,1,2.13973544780347,1.58679688946742,0.476360194344872,1
25,8,1,1,2.36477338928797,4.41791847230638,0.620198984285055,1
25,9,-1,1,2.13973544780347,1.58679688946742,0.720630706939298,1
25,10,-1,1,2.13973544780347,1.58679688946742,0.576126359190835,1
25,11,1,1,2.36477338928797,4.41791847230638,0.42446544590194,1
25,12,-1,1,2.13973544780347,1.58679688946742,0.711874696304655,1
25,13,1,1,2.36477338928797,4.41791847230638,0.313113802998818,1
25,14,1,1,2.36477338928797,4.41791847230638,0.307231352009876,1
25,15,-1,1,2.13973544780347,1.58679688946742,0.344951801452004,1
25,16,-1,1,2.13973544780347,1.58679688946742,1.34714205045278,1
25,17,-1,1,2.13973544780347,1.58679688946742,0.436003773725358,1
25,18,1,1,2.36477338928797,4.41791847230638,0.546112206454606,1
25,19,-1,1,2.13973544780347,1.58679688946742,0.645082989104785,1
25,20,1,1,2.36477338928797,4.41791847230638,0.440301237016594,1
25,21,-1,1,2.13973544780347,1.58679688946742,0.530886791607165,1
25,22,1,1,2.36477338928797,4.41791847230638,0.349361680436901,1
25,23,1,1,2.36477338928797,4.41791847230638,0.37151538469439,1
25,24,1,1,2.36477338928797,4.41791847230638,0.34421737175225,1
25,25,1,1,2.36477338928797,4.41791847230638,0.577198530607714,1
25,26,-1,1,2.13973544780347,1.58679688946742,0.799356296044658,1
25,27,1,1,2.36477338928797,4.41791847230638,0.331664097618485,1
25,28,-1,1,2.13973544780347,1.58679688946742,0.798369301683762,1
25,29,1,1,2.36477338928797,4.41791847230638,0.478048358400044,1
25,30,-1,1,2.13973544780347,1.58679688946742,0.799266090937836,1
25,31,1,1,2.36477338928797,4.41791847230638,0.493013965152658,1
25,32,-1,1,2.13973544780347,1.58679688946742,0.964919813761143,1
25,33,1,1,2.36477338928797,4.41791847230638,0.374623606988143,1
25,34,-1,1,2.13973544780347,1.58679688946742,0.568629489573748,1
25,35,-1,1,2.13973544780347,1.58679688946742,0.397400563590571,1
25,36,1,1,2.36477338928797,4.41791847230638,0.617630443472288,1
25,37,-1,1,2.13973544780347,1.58679688946742,1.01639718886297,1
25,38,-1,1,2.13973544780347,1.58679688946742,0.907302928458079,1
25,39,-1,1,2.13973544780347,1.58679688946742,1.02592092359592,1
25,40,-1,1,2.13973544780347,1.58679688946742,0.765650985977068,1
25,41,-1,1,2.13973544780347,1.58679688946742,0.909342568923032,-1
25,42,1,-1,2.25394541611214,1.6344104331239,0.880707191272705,1
25,43,1,1,2.36477338928797,4.41791847230638,0.526597962299574,1
25,44,-1,1,2.13973544780347,1.58679688946742,0.398410844419663,1
25,45,-1,1,2.13973544780347,1.58679688946742,0.350700550134429,1
25,46,1,1,2.36477338928797,4.41791847230638,0.43695270944561,1
25,47,-1,1,2.13973544780347,1.58679688946742,0.681181664381697,1
25,48,1,1,2.36477338928797,4.41791847230638,0.430094449700456,1
25,49,1,1,2.36477338928797,4.41791847230638,0.288611160937471,1
25,50,-1,1,2.13973544780347,1.58679688946742,0.754950795564648,1
25,51,-1,1,2.13973544780347,1.58679688946742,0.293892794687846,1
25,52,1,1,2.36477338928797,4.41791847230638,0.362495239162143,1
25,53,1,1,2.36477338928797,4.41791847230638,0.249528268878156,1
25,54,-1,1,2.13973544780347,1.58679688946742,0.358300764117102,1
25,55,-1,1,2.13973544780347,1.58679688946742,0.587497970375023,1
25,56,1,1,2.36477338928797,4.41791847230638,0.451801410283258,1
25,57,1,1,2.36477338928797,4.41791847230638,0.308495087953697,1
25,58,1,1,2.36477338928797,4.41791847230638,0.321203775874086,1
25,59,-1,1,2.13973544780347,1.58679688946742,1.90459178789182,1
25,60,-1,1,2.13973544780347,1.58679688946742,0.284076825869005,1
25,61,1,1,2.36477338928797,4.41791847230638,0.469345945558655,1
25,62,1,1,2.36477338928797,4.41791847230638,0.64031256950249,1
25,63,-1,1,2.13973544780347,1.58679688946742,1.0231188853861,1
25,64,-1,1,2.13973544780347,1.58679688946742,1.44259130464636,1
25,65,1,1,2.36477338928797,4.41791847230638,0.48231765530462,1
25,66,-1,1,2.13973544780347,1.58679688946742,0.731708342670947,1
25,67,1,1,2.36477338928797,4.41791847230638,0.50815182530614,1
25,68,-1,1,2.13973544780347,1.58679688946742,0.729024470452257,1
25,69,1,1,2.36477338928797,4.41791847230638,0.650421107920245,1
25,70,1,1,2.36477338928797,4.41791847230638,0.6425135579581,1
25,71,-1,1,2.13973544780347,1.58679688946742,0.483471846408908,1
25,72,-1,1,2.13973544780347,1.58679688946742,0.323920586806272,1
25,73,1,1,2.36477338928797,4.41791847230638,0.367020998991107,1
25,74,1,1,2.36477338928797,4.41791847230638,0.560570254888897,1
25,75,1,1,2.36477338928797,4.41791847230638,0.519006044332806,1
25,76,1,1,2.36477338928797,4.41791847230638,0.458856809184846,1
25,77,-1,1,2.13973544780347,1.58679688946742,1.6490946080341,1
25,78,-1,1,2.13973544780347,1.58679688946742,0.272573886351731,1
25,79,-1,1,2.13973544780347,1.58679688946742,0.819449369530519,1
25,80,-1,1,2.13973544780347,1.58679688946742,1.14692809924866,1
25,81,1,1,2.36477338928797,4.41791847230638,0.243631044134585,1
25,82,1,1,2.36477338928797,4.41791847230638,0.341091026006758,1
25,83,1,1,2.36477338928797,4.41791847230638,0.485588777644279,1
25,84,1,1,2.36477338928797,4.41791847230638,0.392110691321591,1
25,85,1,1,2.36477338928797,4.41791847230638,0.375033354922564,1
25,86,1,1,2.36477338928797,4.41791847230638,0.426840109878667,1
25,87,-1,1,2.13973544780347,1.58679688946742,1.10101997202426,1
25,88,1,1,2.36477338928797,4.41791847230638,0.410707932393566,1
25,89,-1,1,2.13973544780347,1.58679688946742,0.552712317371143,1
25,90,-1,1,2.13973544780347,1.58679688946742,1.00609319176485,1
25,91,-1,1,2.13973544780347,1.58679688946742,0.322415688357258,1
25,92,1,1,2.36477338928797,4.41791847230638,0.473317732408923,1
25,93,-1,1,2.13973544780347,1.58679688946742,0.670839079163671,1
25,94,-1,1,2.13973544780347,1.58679688946742,0.511539042818256,1
25,95,1,1,2.36477338928797,4.41791847230638,0.247104950407442,1
25,96,1,1,2.36477338928797,4.41791847230638,0.287404288501303,1
25,97,-1,1,2.13973544780347,1.58679688946742,0.395293139684576,1
25,98,-1,1,2.13973544780347,1.58679688946742,1.2799425332076,1
25,99,1,1,2.36477338928797,4.41791847230638,0.472777640191727,1
25,100,-1,1,2.13973544780347,1.58679688946742,0.666632589585255,1
25,101,1,1,2.36477338928797,4.41791847230638,0.24900600457701,1
26,2,1,1,1.76556860375622,2.89464885508046,0.865995597021257,1
26,3,1,1,1.76556860375622,2.89464885508046,0.55624682746428,1
26,4,-1,1,1.59755253678813,3.43142076703043,0.363051389417387,1
26,5,-1,1,1.59755253678813,3.43142076703043,1.02586125896932,1
26,6,-1,1,1.59755253678813,3.43142076703043,0.392041548726947,1
26,7,1,1,1.76556860375622,2.89464885508046,0.383928883763095,1
26,8,-1,1,1.59755253678813,3.43142076703043,0.487995090615246,1
26,9,1,1,1.76556860375622,2.89464885508046,0.645726291341796,1
26,10,-1,1,1.59755253678813,3.43142076703043,0.372484108576562,1
26,11,1,1,1.76556860375622,2.89464885508046,0.410766928912764,1
26,12,1,1,1.76556860375622,2.89464885508046,0.388176643435467,1
26,13,-1,1,1.59755253678813,3.43142076703043,0.926049678181141,1
26,14,-1,1,1.59755253678813,3.43142076703043,0.344098883335307,1
26,15,1,1,1.76556860375622,2.89464885508046,0.387042877725121,1
26,16,-1,1,1.59755253678813,3.43142076703043,0.484407673470748,1
26,17,1,1,1.76556860375622,2.89464885508046,0.397252663047022,1
26,18,1,1,1.76556860375622,2.89464885508046,0.595976840310152,1
26,19,1,1,1.76556860375622,2.89464885508046,0.56578584250067,1
26,20,1,1,1.76556860375622,2.89464885508046,0.367166694976714,1
26,21,1,1,1.76556860375622,2.89464885508046,0.446409768768809,1
26,22,-1,1,1.59755253678813,3.43142076703043,0.363432347640369,1
26,23,1,1,1.76556860375622,2.89464885508046,0.450408438220924,1
26,24,-1,1,1.59755253678813,3.43142076703043,1.09884459304246,1
26,25,1,1,1.76556860375622,2.89464885508046,0.469275603711123,1
26,26,-1,1,1.59755253678813,3.43142076703043,0.668518016495291,1
26,27,1,1,1.76556860375622,2.89464885508046,0.333111899156055,1
26,28,-1,1,1.59755253678813,3.43142076703043,0.512750078265887,1
26,29,-1,1,1.59755253678813,3.43142076703043,0.386001123791695,-1
26,30,-1,-1,1.52268129944415,1.43645107112233,0.590138975369511,1
26,31,-1,1,1.59755253678813,3.43142076703043,0.402035901056531,1
26,32,-1,1,1.59755253678813,3.43142076703043,0.39553062479163,1
26,33,1,1,1.76556860375622,2.89464885508046,0.331314316779084,1
26,34,-1,1,1.59755253678813,3.43142076703043,0.539432873304879,1
26,35,-1,1,1.59755253678813,3.43142076703043,0.540375821059363,1
26,36,-1,1,1.59755253678813,3.43142076703043,0.469108182245325,1
26,37,-1,1,1.59755253678813,3.43142076703043,0.743300187071416,1
26,38,-1,1,1.59755253678813,3.43142076703043,0.367516185015474,1
26,39,1,1,1.76556860375622,2.89464885508046,0.775041923914714,1
26,40,1,1,1.76556860375622,2.89464885508046,0.641929499288467,1
26,41,1,1,1.76556860375622,2.89464885508046,0.442443808993338,1
26,42,-1,1,1.59755253678813,3.43142076703043,0.742264395753356,1
26,43,1,1,1.76556860375622,2.89464885508046,0.497464433079594,1
26,44,-1,1,1.59755253678813,3.43142076703043,0.371840969865251,1
26,45,1,1,1.76556860375622,2.89464885508046,0.594951417323405,1
26,46,-1,1,1.59755253678813,3.43142076703043,0.403870744646298,1
26,47,1,1,1.76556860375622,2.89464885508046,0.979465760671236,1
26,48,-1,1,1.59755253678813,3.43142076703043,0.409929853098683,1
26,49,-1,1,1.59755253678813,3.43142076703043,0.435750057148851,1
26,50,-1,1,1.59755253678813,3.43142076703043,0.495028069060371,1
26,51,1,1,1.76556860375622,2.89464885508046,0.391165803346775,1
26,52,-1,1,1.59755253678813,3.43142076703043,0.495729623744455,1
26,53,-1,1,1.59755253678813,3.43142076703043,0.623929700874077,1
26,54,1,1,1.76556860375622,2.89464885508046,0.613175588591921,1
26,55,1,1,1.76556860375622,2.89464885508046,0.601455975930766,1
26,56,-1,1,1.59755253678813,3.43142076703043,0.472895840953971,1
26,57,1,1,1.76556860375622,2.89464885508046,0.770640804196533,1
26,58,1,1,1.76556860375622,2.89464885508046,0.445920614037816,1
26,59,-1,1,1.59755253678813,3.43142076703043,0.349059719076517,1
26,60,1,1,1.76556860375622,2.89464885508046,0.757911715409585,1
26,61,1,1,1.76556860375622,2.89464885508046,0.480611699188949,1
26,62,-1,1,1.59755253678813,3.43142076703043,0.459359365237167,1
26,63,-1,1,1.59755253678813,3.43142076703043,0.419500840744911,1
26,64,1,1,1.76556860375622,2.89464885508046,0.666139509765535,1
26,65,-1,1,1.59755253678813,3.43142076703043,0.327957841927722,1
26,66,-1,1,1.59755253678813,3.43142076703043,0.615264349962829,1
26,67,-1,1,1.59755253678813,3.43142076703043,0.480598571788655,1
26,68,-1,1,1.59755253678813,3.43142076703043,0.421269922591942,1
26,69,1,1,1.76556860375622,2.89464885508046,0.362486284518695,1
26,70,-1,1,1.59755253678813,3.43142076703043,0.591005047240222,1
26,71,-1,1,1.59755253678813,3.43142076703043,0.798284167716502,1
26,72,1,1,1.76556860375622,2.89464885508046,0.378874639192096,1
26,73,1,1,1.76556860375622,2.89464885508046,0.621076094356957,1
26,74,-1,1,1.59755253678813,3.43142076703043,0.486246013912557,1
26,75,1,1,1.76556860375622,2.89464885508046,0.597501212241247,1
26,76,1,1,1.76556860375622,2.89464885508046,0.377617800202407,1
26,77,-1,1,1.59755253678813,3.43142076703043,0.46308465940379,1
26,78,-1,1,1.59755253678813,3.43142076703043,0.474256965761988,1
26,79,1,1,1.76556860375622,2.89464885508046,0.461868285496863,1
26,80,1,1,1.76556860375622,2.89464885508046,0.398665301631099,1
26,81,-1,1,1.59755253678813,3.43142076703043,0.459315461929476,1
26,82,1,1,1.76556860375622,2.89464885508046,0.674402435710634,1
26,83,1,1,1.76556860375622,2.89464885508046,0.712264525473484,1
26,84,1,1,1.76556860375622,2.89464885508046,1.16561128925044,1
26,85,-1,1,1.59755253678813,3.43142076703043,0.488985924914744,1
26,86,-1,1,1.59755253678813,3.43142076703043,0.734935696242681,1
26,87,1,1,1.76556860375622,2.89464885508046,0.370294367989916,1
26,88,-1,1,1.59755253678813,3.43142076703043,0.491771753457687,1
26,89,1,1,1.76556860375622,2.89464885508046,0.55217426320404,1
26,90,1,1,1.76556860375622,2.89464885508046,0.801837106609576,1
26,91,1,1,1.76556860375622,2.89464885508046,0.323590199109865,1
26,92,1,1,1.76556860375622,2.89464885508046,0.586975962108129,1
26,93,1,1,1.76556860375622,2.89464885508046,0.521356510583218,1
26,94,-1,1,1.59755253678813,3.43142076703043,0.545904736289981,1
26,95,1,1,1.76556860375622,2.89464885508046,0.845497951986163,1
26,96,1,1,1.76556860375622,2.89464885508046,0.54004685444466,1
26,97,-1,1,1.59755253678813,3.43142076703043,0.577136505384836,1
26,98,1,1,1.76556860375622,2.89464885508046,0.637008240760837,1
26,99,-1,1,1.59755253678813,3.43142076703043,0.469603023683126,1
26,100,-1,1,1.59755253678813,3.43142076703043,0.292413089660949,1
26,101,1,1,1.76556860375622,2.89464885508046,0.490398709344019,1
27,2,1,1,2.57341210110092,3.81537182904827,0.523530620176675,1
27,3,1,1,2.57341210110092,3.81537182904827,0.507361675236361,1
27,4,-1,1,2.32851956110265,1.06807785927381,1.39693559966063,-1
27,5,1,-1,2.4528060216334,2.76766496446732,1.95382689225418,1
27,6,1,1,2.57341210110092,3.81537182904827,0.417440160972547,1
27,7,-1,1,2.32851956110265,1.06807785927381,0.458623485399544,1
27,8,1,1,2.57341210110092,3.81537182904827,0.585200264918499,1
27,9,-1,1,2.32851956110265,1.06807785927381,2.13976685755569,1
27,10,1,1,2.57341210110092,3.81537182904827,0.476308472345145,1
27,11,-1,1,2.32851956110265,1.06807785927381,0.738150195334954,1
27,12,-1,1,2.32851956110265,1.06807785927381,2.54249144626172,1
27,13,1,1,2.57341210110092,3.81537182904827,0.481238600678406,1
27,14,-1,1,2.32851956110265,1.06807785927381,0.382081083966018,1
27,15,-1,1,2.32851956110265,1.06807785927381,0.447161603346857,1
27,16,-1,1,2.32851956110265,1.06807785927381,0.617874669330527,1
27,17,1,1,2.57341210110092,3.81537182904827,0.370664604486758,1
27,18,1,1,2.57341210110092,3.81537182904827,0.453539887098103,1
27,19,1,1,2.57341210110092,3.81537182904827,0.557570318292393,1
27,20,1,1,2.57341210110092,3.81537182904827,0.605840292562798,1
27,21,1,1,2.57341210110092,3.81537182904827,0.521397273091019,1
27,22,1,1,2.57341210110092,3.81537182904827,0.571934803411415,1
27,23,-1,1,2.32851956110265,1.06807785927381,0.606983066426509,1
27,24,-1,1,2.32851956110265,1.06807785927381,0.611734999674951,1
27,25,-1,1,2.32851956110265,1.06807785927381,0.993457677626016,1
27,26,-1,1,2.32851956110265,1.06807785927381,0.861434821386425,1
27,27,-1,1,2.32851956110265,1.06807785927381,1.4792155896659,1
27,28,1,1,2.57341210110092,3.81537182904827,0.532231478551062,1
27,29,1,1,2.57341210110092,3.81537182904827,0.613275796262601,1
27,30,1,1,2.57341210110092,3.81537182904827,0.934961673663075,1
27,31,-1,1,2.32851956110265,1.06807785927381,0.531694393493476,1
27,32,1,1,2.57341210110092,3.81537182904827,0.534826961038433,1
27,33,1,1,2.57341210110092,3.81537182904827,0.405849726923714,1
27,34,1,1,2.57341210110092,3.81537182904827,0.35606405897341,1
27,35,-1,1,2.32851956110265,1.06807785927381,1.21157158150223,1
27,36,-1,1,2.32851956110265,1.06807785927381,0.809464406589784,1
27,37,-1,1,2.32851956110265,1.06807785927381,1.45890720677404,1
27,38,-1,1,2.32851956110265,1.06807785927381,0.519700337775579,1
27,39,1,1,2.57341210110092,3.81537182904827,0.584961266057714,1
27,40,-1,1,2.32851956110265,1.06807785927381,2.81182687237257,-1
27,41,1,-1,2.4528060216334,2.76766496446732,0.505967501029116,1
27,42,-1,1,2.32851956110265,1.06807785927381,0.647997130785385,1
27,43,-1,1,2.32851956110265,1.06807785927381,1.1091551821385,1
27,44,1,1,2.57341210110092,3.81537182904827,0.559677269685809,1
27,45,1,1,2.57341210110092,3.81537182904827,0.41154235733056,1
27,46,-1,1,2.32851956110265,1.06807785927381,0.95255109232666,1
27,47,1,1,2.57341210110092,3.81537182904827,1.00083012628059,1
27,48,-1,1,2.32851956110265,1.06807785927381,2.19552632204741,1
27,49,1,1,2.57341210110092,3.81537182904827,0.386987810809829,1
27,50,1,1,2.57341210110092,3.81537182904827,0.42557480353381,1
27,51,-1,1,2.32851956110265,1.06807785927381,0.870974903541511,-1
27,52,-1,-1,2.21939066755782,1.1488853472106,0.395501083864016,1
27,53,-1,1,2.32851956110265,1.06807785927381,0.471329906191838,-1
27,54,-1,-1,2.21939066755782,1.1488853472106,0.778279130632456,1
27,55,-1,1,2.32851956110265,1.06807785927381,0.856897980172438,1
27,56,-1,1,2.32851956110265,1.06807785927381,1.37610355629779,1
27,57,-1,1,2.32851956110265,1.06807785927381,0.498326134462605,1
27,58,1,1,2.57341210110092,3.81537182904827,0.393286170011554,1
27,59,1,1,2.57341210110092,3.81537182904827,0.500718945863541,1
27,60,-1,1,2.32851956110265,1.06807785927381,0.638089535700765,1
27,61,1,1,2.57341210110092,3.81537182904827,0.608195421076111,1
27,62,-1,1,2.32851956110265,1.06807785927381,0.667668205428986,1
27,63,-1,1,2.32851956110265,1.06807785927381,0.975865335809307,-1
27,64,1,-1,2.4528060216334,2.76766496446732,0.56699384165458,1
27,65,1,1,2.57341210110092,3.81537182904827,0.94261565054957,1
27,66,-1,1,2.32851956110265,1.06807785927381,0.506000837819412,1
27,67,-1,1,2.32851956110265,1.06807785927381,0.949211325951804,1
27,68,1,1,2.57341210110092,3.81537182904827,0.993118825117383,1
27,69,-1,1,2.32851956110265,1.06807785927381,1.05011135771936,1
27,70,1,1,2.57341210110092,3.81537182904827,0.408939567635324,1
27,71,-1,1,2.32851956110265,1.06807785927381,0.398149884082014,1
27,72,1,1,2.57341210110092,3.81537182904827,0.89810055714528,1
27,73,-1,1,2.32851956110265,1.06807785927381,0.530427242712159,1
27,74,-1,1,2.32851956110265,1.06807785927381,0.328957238077884,1
27,75,-1,1,2.32851956110265,1.06807785927381,1.11125351659777,1
27,76,-1,1,2.32851956110265,1.06807785927381,0.520293158922293,1
27,77,1,1,2.57341210110092,3.81537182904827,0.46382577395278,1
27,78,1,1,2.57341210110092,3.81537182904827,0.329992474263868,1
27,79,-1,1,2.32851956110265,1.06807785927381,0.98790664184624,-1
27,80,1,-1,2.4528060216334,2.76766496446732,0.715644505092882,1
27,81,1,1,2.57341210110092,3.81537182904827,0.372317099451196,1
27,82,-1,1,2.32851956110265,1.06807785927381,0.896350039464023,1
27,83,-1,1,2.32851956110265,1.06807785927381,1.24573971962092,-1
27,84,1,-1,2.4528060216334,2.76766496446732,0.434521665040183,1
27,85,-1,1,2.32851956110265,1.06807785927381,1.21535528306769,1
27,86,-1,1,2.32851956110265,1.06807785927381,1.20652021675007,1
27,87,1,1,2.57341210110092,3.81537182904827,0.350545771454995,1
27,88,-1,1,2.32851956110265,1.06807785927381,0.680433428552863,1
27,89,1,1,2.57341210110092,3.81537182904827,0.348097008744131,1
27,90,-1,1,2.32851956110265,1.06807785927381,0.793927448441273,1
27,91,1,1,2.57341210110092,3.81537182904827,0.336934558769974,1
27,92,1,1,2.57341210110092,3.81537182904827,0.589133232260186,1
27,93,1,1,2.57341210110092,3.81537182904827,0.328568723888684,1
27,94,1,1,2.57341210110092,3.81537182904827,0.332465787375785,1
27,95,1,1,2.57341210110092,3.81537182904827,0.574300634958836,1
27,96,-1,1,2.32851956110265,1.06807785927381,2.00124104041695,1
27,97,1,1,2.57341210110092,3.81537182904827,0.565791862494511,1
27,98,1,1,2.57341210110092,3.81537182904827,0.268464186954456,1
27,99,-1,1,2.32851956110265,1.06807785927381,0.364313524789352,1
27,100,1,1,2.57341210110092,3.81537182904827,0.482456363180925,1
27,101,1,1,2.57341210110092,3.81537182904827,0.75909816679646,1
28,2,1,1,1.96552073893084,4.49546338794731,0.400639204359838,1
28,3,1,1,1.96552073893084,4.49546338794731,0.339798902750565,1
28,4,-1,1,1.77847671051032,0.957034755983919,0.357180761661167,1
28,5,-1,1,1.77847671051032,0.957034755983919,0.416838030283602,1
28,6,1,1,1.96552073893084,4.49546338794731,0.405229072443109,1
28,7,-1,1,1.77847671051032,0.957034755983919,0.613192864699745,1
28,8,1,1,1.96552073893084,4.49546338794731,0.305525031873557,1
28,9,1,1,1.96552073893084,4.49546338794731,0.368214062669661,1
28,10,-1,1,1.77847671051032,0.957034755983919,0.444260658071023,1
28,11,-1,1,1.77847671051032,0.957034755983919,0.905764795844982,1
28,12,1,1,1.96552073893084,4.49546338794731,0.416487527893484,1
28,13,1,1,1.96552073893084,4.49546338794731,0.479072777360424,1
28,14,1,1,1.96552073893084,4.49546338794731,0.511005587382235,1
28,15,-1,1,1.77847671051032,0.957034755983919,0.610992344447566,1
28,16,1,1,1.96552073893084,4.49546338794731,0.402633072115449,1
28,17,-1,1,1.77847671051032,0.957034755983919,0.520299009752656,1
28,18,-1,1,1.77847671051032,0.957034755983919,0.631388326006128,1
28,19,1,1,1.96552073893084,4.49546338794731,0.535394156793406,1
28,20,-1,1,1.77847671051032,0.957034755983919,0.616346098837703,1
28,21,1,1,1.96552073893084,4.49546338794731,0.398213593850873,1
28,22,1,1,1.96552073893084,4.49546338794731,0.328765995375862,1
28,23,1,1,1.96552073893084,4.49546338794731,0.477010287652732,1
28,24,-1,1,1.77847671051032,0.957034755983919,0.584610070359911,1
28,25,1,1,1.96552073893084,4.49546338794731,0.460831396860758,1
28,26,1,1,1.96552073893084,4.49546338794731,0.483687832627055,1
28,27,-1,1,1.77847671051032,0.957034755983919,0.627913522666001,1
28,28,1,1,1.96552073893084,4.49546338794731,0.38432223154692,1
28,29,1,1,1.96552073893084,4.49546338794731,0.606091578939902,1
28,30,1,1,1.96552073893084,4.49546338794731,0.544234265074857,1
28,31,1,1,1.96552073893084,4.49546338794731,0.49011113516141,1
28,32,1,1,1.96552073893084,4.49546338794731,0.292925422648953,1
28,33,1,1,1.96552073893084,4.49546338794731,0.442974643510654,1
28,34,-1,1,1.77847671051032,0.957034755983919,0.849259781031165,1
28,35,-1,1,1.77847671051032,0.957034755983919,2.93878043537902,1
28,36,1,1,1.96552073893084,4.49546338794731,0.422810098332933,1
28,37,-1,1,1.77847671051032,0.957034755983919,0.378240242671672,1
28,38,1,1,1.96552073893084,4.49546338794731,0.303355618859103,1
28,39,1,1,1.96552073893084,4.49546338794731,0.340886374350849,1
28,40,-1,1,1.77847671051032,0.957034755983919,0.566685140950835,1
28,41,1,1,1.96552073893084,4.49546338794731,0.286959916186241,1
28,42,-1,1,1.77847671051032,0.957034755983919,0.814096743663555,-1
28,43,-1,-1,1.69512624231784,0.71009198348771,1.84263100084393,-1
28,44,-1,-1,1.69512624231784,0.71009198348771,0.797742391612162,-1
28,45,-1,-1,1.69512624231784,0.71009198348771,0.674612745980205,1
28,46,1,1,1.96552073893084,4.49546338794731,0.381864940573434,1
28,47,-1,1,1.77847671051032,0.957034755983919,1.44756557689688,-1
28,48,1,-1,1.87340422547653,2.63740987258106,0.888962210326837,1
28,49,1,1,1.96552073893084,4.49546338794731,0.35698919616138,1
28,50,-1,1,1.77847671051032,0.957034755983919,0.840473999769698,1
28,51,1,1,1.96552073893084,4.49546338794731,0.330269763704599,1
28,52,-1,1,1.77847671051032,0.957034755983919,2.0233105631965,-1
28,53,1,-1,1.87340422547653,2.63740987258106,0.640411520371325,1
28,54,-1,1,1.77847671051032,0.957034755983919,0.356676683629922,-1
28,55,1,-1,1.87340422547653,2.63740987258106,0.595894979559056,1
28,56,-1,1,1.77847671051032,0.957034755983919,1.22231406973653,-1
28,57,1,-1,1.87340422547653,2.63740987258106,0.679454046994501,1
28,58,-1,1,1.77847671051032,0.957034755983919,0.906208030368483,1
28,59,1,1,1.96552073893084,4.49546338794731,0.316503521831202,1
28,60,1,1,1.96552073893084,4.49546338794731,0.306730064180649,1
28,61,1,1,1.96552073893084,4.49546338794731,0.363587182512927,1
28,62,-1,1,1.77847671051032,0.957034755983919,1.53902046134588,-1
28,63,1,-1,1.87340422547653,2.63740987258106,0.383070045050466,1
28,64,-1,1,1.77847671051032,0.957034755983919,0.585161011463161,-1
28,65,1,-1,1.87340422547653,2.63740987258106,0.659026020288519,1
28,66,1,1,1.96552073893084,4.49546338794731,0.385276707543373,1
28,67,-1,1,1.77847671051032,0.957034755983919,0.519755222965536,1
28,68,-1,1,1.77847671051032,0.957034755983919,1.46219603381306,1
28,69,-1,1,1.77847671051032,0.957034755983919,1.20989285419839,1
28,70,-1,1,1.77847671051032,0.957034755983919,0.462170199087074,-1
28,71,1,-1,1.87340422547653,2.63740987258106,0.65009405127821,1
28,72,-1,1,1.77847671051032,0.957034755983919,1.43094462230645,1
28,73,1,1,1.96552073893084,4.49546338794731,0.387152912344142,1
28,74,-1,1,1.77847671051032,0.957034755983919,0.262396868651926,1
28,75,1,1,1.96552073893084,4.49546338794731,0.39126671818379,1
28,76,-1,1,1.77847671051032,0.957034755983919,1.40056064930536,1
28,77,-1,1,1.77847671051032,0.957034755983919,0.455272547747507,1
28,78,1,1,1.96552073893084,4.49546338794731,0.302677635900135,1
28,79,-1,1,1.77847671051032,0.957034755983919,0.526575745841221,1
28,80,-1,1,1.77847671051032,0.957034755983919,0.820648220668102,1
28,81,-1,1,1.77847671051032,0.957034755983919,1.0392275199257,1
28,82,1,1,1.96552073893084,4.49546338794731,0.569244024958257,1
28,83,1,1,1.96552073893084,4.49546338794731,0.325998956223182,1
28,84,1,1,1.96552073893084,4.49546338794731,0.385058230390601,1
28,85,-1,1,1.77847671051032,0.957034755983919,0.780226852815846,1
28,86,-1,1,1.77847671051032,0.957034755983919,0.550888653689937,-1
28,87,-1,-1,1.69512624231784,0.71009198348771,0.948828421915955,1
28,88,-1,1,1.77847671051032,0.957034755983919,1.31274144017326,1
28,89,1,1,1.96552073893084,4.49546338794731,0.926987824689273,1
28,90,1,1,1.96552073893084,4.49546338794731,0.333398225129872,1
28,91,1,1,1.96552073893084,4.49546338794731,0.380787326798617,1
28,92,-1,1,1.77847671051032,0.957034755983919,0.471773888760012,1
28,93,-1,1,1.77847671051032,0.957034755983919,1.19206158593661,1
28,94,-1,1,1.77847671051032,0.957034755983919,0.530010692217785,1
28,95,-1,1,1.77847671051032,0.957034755983919,1.06746115576107,1
28,96,-1,1,1.77847671051032,0.957034755983919,0.720568051839624,-1
28,97,-1,-1,1.69512624231784,0.71009198348771,0.900239575339333,-1
28,98,1,-1,1.87340422547653,2.63740987258106,0.557736849535453,1
28,99,-1,1,1.77847671051032,0.957034755983919,0.54352248045526,1
28,100,1,1,1.96552073893084,4.49546338794731,0.386013615041886,1
28,101,-1,1,1.77847671051032,0.957034755983919,0.918995322518864,1
29,2,1,1,1.89566286273067,5.86539065895636,0.311847636218672,1
29,3,-1,1,1.71526669017987,0.732024848704002,0.550093363856727,1
29,4,1,1,1.89566286273067,5.86539065895636,0.388087463305142,1
29,5,-1,1,1.71526669017987,0.732024848704002,2.56798046614294,-1
29,6,-1,-1,1.63487863625904,0.851279822183073,0.854003513428979,1
29,7,-1,1,1.71526669017987,0.732024848704002,0.431599092795822,1
29,8,-1,1,1.71526669017987,0.732024848704002,0.684775995894609,-1
29,9,-1,-1,1.63487863625904,0.851279822183073,0.511765511188531,1
29,10,1,1,1.89566286273067,5.86539065895636,0.55420167615025,1
29,11,1,1,1.89566286273067,5.86539065895636,0.343281901189337,1
29,12,1,1,1.89566286273067,5.86539065895636,0.492222516655367,1
29,13,1,1,1.89566286273067,5.86539065895636,0.546150628553539,1
29,14,1,1,1.89566286273067,5.86539065895636,0.366766291999761,1
29,15,-1,1,1.71526669017987,0.732024848704002,0.380058575155628,1
29,16,1,1,1.89566286273067,5.86539065895636,0.467946950000568,1
29,17,-1,1,1.71526669017987,0.732024848704002,2.36318212480658,1
29,18,1,1,1.89566286273067,5.86539065895636,0.369555791097667,1
29,19,-1,1,1.71526669017987,0.732024848704002,2.50046783700129,1
29,20,-1,1,1.71526669017987,0.732024848704002,0.67802015844321,1
29,21,-1,1,1.71526669017987,0.732024848704002,0.726368768072852,-1
29,22,-1,-1,1.63487863625904,0.851279822183073,0.632689982249709,1
29,23,1,1,1.89566286273067,5.86539065895636,0.354669598424963,1
29,24,-1,1,1.71526669017987,0.732024848704002,0.713949642871054,-1
29,25,1,-1,1.80682032337667,1.35130467015657,0.621300194110656,1
29,26,1,1,1.89566286273067,5.86539065895636,0.676756534594757,1
29,27,-1,1,1.71526669017987,0.732024848704002,0.809748104111496,1
29,28,-1,1,1.71526669017987,0.732024848704002,0.580981462460833,1
29,29,1,1,1.89566286273067,5.86539065895636,0.383500713680548,1
29,30,-1,1,1.71526669017987,0.732024848704002,0.646282496437219,1
29,31,-1,1,1.71526669017987,0.732024848704002,0.365779192913292,1
29,32,1,1,1.89566286273067,5.86539065895636,0.380167371985083,1
29,33,1,1,1.89566286273067,5.86539065895636,0.496790631783516,1
29,34,1,1,1.89566286273067,5.86539065895636,0.481187616020817,1
29,35,-1,1,1.71526669017987,0.732024848704002,0.465589550210065,1
29,36,-1,1,1.71526669017987,0.732024848704002,1.21436435578588,-1
29,37,1,-1,1.80682032337667,1.35130467015657,1.43353543692993,1
29,38,1,1,1.89566286273067,5.86539065895636,0.385550185306982,1
29,39,1,1,1.89566286273067,5.86539065895636,0.436588156078725,1
29,40,-1,1,1.71526669017987,0.732024848704002,0.881467296691566,1
29,41,-1,1,1.71526669017987,0.732024848704002,1.47644674318453,1
29,42,1,1,1.89566286273067,5.86539065895636,0.478331312779954,1
29,43,-1,1,1.71526669017987,0.732024848704002,0.485301471699618,1
29,44,1,1,1.89566286273067,5.86539065895636,0.369745510934237,1
29,45,1,1,1.89566286273067,5.86539065895636,0.644901773249015,1
29,46,1,1,1.89566286273067,5.86539065895636,0.44721504408447,1
29,47,1,1,1.89566286273067,5.86539065895636,0.437141292499195,1
29,48,1,1,1.89566286273067,5.86539065895636,0.351356928744362,1
29,49,1,1,1.89566286273067,5.86539065895636,0.41227572802508,1
29,50,-1,1,1.71526669017987,0.732024848704002,0.452705015000972,-1
29,51,1,-1,1.80682032337667,1.35130467015657,0.795112597785013,1
29,52,1,1,1.89566286273067,5.86539065895636,0.344344207063093,1
29,53,-1,1,1.71526669017987,0.732024848704002,0.639192129274492,-1
29,54,-1,-1,1.63487863625904,0.851279822183073,0.597700111213591,-1
29,55,1,-1,1.80682032337667,1.35130467015657,0.447619128509621,1
29,56,-1,1,1.71526669017987,0.732024848704002,0.505024965776052,1
29,57,-1,1,1.71526669017987,0.732024848704002,0.577080405728132,1
29,58,-1,1,1.71526669017987,0.732024848704002,0.530536896067432,1
29,59,1,1,1.89566286273067,5.86539065895636,0.532531914749466,1
29,60,-1,1,1.71526669017987,0.732024848704002,1.58861163987599,1
29,61,1,1,1.89566286273067,5.86539065895636,0.396158106068592,1
29,62,1,1,1.89566286273067,5.86539065895636,0.413554873466539,1
29,63,-1,1,1.71526669017987,0.732024848704002,0.548115872633345,1
29,64,-1,1,1.71526669017987,0.732024848704002,0.49331315217556,1
29,65,1,1,1.89566286273067,5.86539065895636,0.393590597295482,1
29,66,-1,1,1.71526669017987,0.732024848704002,0.952060612929007,1
29,67,-1,1,1.71526669017987,0.732024848704002,1.68355236942038,-1
29,68,-1,-1,1.63487863625904,0.851279822183073,1.43525641055428,1
29,69,1,1,1.89566286273067,5.86539065895636,0.439582036223522,1
29,70,1,1,1.89566286273067,5.86539065895636,0.413954097523451,1
29,71,1,1,1.89566286273067,5.86539065895636,0.433432499609296,1
29,72,-1,1,1.71526669017987,0.732024848704002,0.456822911458939,-1
29,73,-1,-1,1.63487863625904,0.851279822183073,1.03697205140638,1
29,74,1,1,1.89566286273067,5.86539065895636,0.370252550781672,1
29,75,-1,1,1.71526669017987,0.732024848704002,1.62742987274428,1
29,76,-1,1,1.71526669017987,0.732024848704002,1.2939209013451,1
29,77,1,1,1.89566286273067,5.86539065895636,0.457524360594867,1
29,78,-1,1,1.71526669017987,0.732024848704002,0.439841708945647,1
29,79,-1,1,1.71526669017987,0.732024848704002,0.507604574567647,-1
29,80,-1,-1,1.63487863625904,0.851279822183073,0.947063322182309,1
29,81,1,1,1.89566286273067,5.86539065895636,0.375293702672788,1
29,82,-1,1,1.71526669017987,0.732024848704002,1.724861729945,1
29,83,1,1,1.89566286273067,5.86539065895636,0.345166589438823,1
29,84,1,1,1.89566286273067,5.86539065895636,0.395063934563124,1
29,85,1,1,1.89566286273067,5.86539065895636,0.447336603750557,1
29,86,1,1,1.89566286273067,5.86539065895636,0.345283476720965,1
29,87,1,1,1.89566286273067,5.86539065895636,0.521936154070466,1
29,88,-1,1,1.71526669017987,0.732024848704002,0.705996766825093,-1
29,89,1,-1,1.80682032337667,1.35130467015657,0.644781685031942,1
29,90,-1,1,1.71526669017987,0.732024848704002,0.67516565530899,1
29,91,-1,1,1.71526669017987,0.732024848704002,0.390685952580549,1
29,92,1,1,1.89566286273067,5.86539065895636,0.419996947327856,1
29,93,1,1,1.89566286273067,5.86539065895636,0.342375584703257,1
29,94,1,1,1.89566286273067,5.86539065895636,0.446158558584089,1
29,95,-1,1,1.71526669017987,0.732024848704002,1.23234705406896,1
29,96,-1,1,1.71526669017987,0.732024848704002,0.656901775563047,-1
29,97,1,-1,1.80682032337667,1.35130467015657,1.22360152674002,1
29,98,1,1,1.89566286273067,5.86539065895636,0.487755610364894,1
29,99,-1,1,1.71526669017987,0.732024848704002,0.765955094455044,1
29,100,-1,1,1.71526669017987,0.732024848704002,0.385066386700657,1
29,101,-1,1,1.71526669017987,0.732024848704002,0.809368246227536,1
30,2,1,1,1.96304952092625,4.00592775572696,0.515614899288918,1
30,3,-1,1,1.77624065999163,0.620262789703452,1.79123759267535,-1
30,4,1,-1,1.87104882410112,2.90825124348639,0.503730423269878,1
30,5,-1,1,1.77624065999163,0.620262789703452,0.490355736162482,-1
30,6,1,-1,1.87104882410112,2.90825124348639,0.590166994864121,1
30,7,-1,1,1.77624065999163,0.620262789703452,0.89566458712227,1
30,8,1,1,1.96304952092625,4.00592775572696,0.495513624475865,1
30,9,1,1,1.96304952092625,4.00592775572696,0.459747433383894,1
30,10,-1,1,1.77624065999163,0.620262789703452,0.455168561027626,-1
30,11,-1,-1,1.69299498701887,1.2655582110832,0.54724016865687,1
30,12,1,1,1.96304952092625,4.00592775572696,0.452708474501598,1
30,13,1,1,1.96304952092625,4.00592775572696,0.472387479997371,1
30,14,1,1,1.96304952092625,4.00592775572696,0.336554795548146,1
30,15,-1,1,1.77624065999163,0.620262789703452,0.409855687966935,-1
30,16,1,-1,1.87104882410112,2.90825124348639,0.349591586753602,1
30,17,-1,1,1.77624065999163,0.620262789703452,0.873283881708293,1
30,18,1,1,1.96304952092625,4.00592775572696,0.430767895844946,1
30,19,-1,1,1.77624065999163,0.620262789703452,1.65598872030057,1
30,20,1,1,1.96304952092625,4.00592775572696,0.417774663517137,1
30,21,1,1,1.96304952092625,4.00592775572696,0.499547965790068,1
30,22,1,1,1.96304952092625,4.00592775572696,0.472874699556689,1
30,23,1,1,1.96304952092625,4.00592775572696,0.357121902949092,1
30,24,-1,1,1.77624065999163,0.620262789703452,0.476722803041081,1
30,25,-1,1,1.77624065999163,0.620262789703452,1.06348676324159,1
30,26,-1,1,1.77624065999163,0.620262789703452,1.51366245190691,1
30,27,-1,1,1.77624065999163,0.620262789703452,0.713508420696886,1
30,28,1,1,1.96304952092625,4.00592775572696,0.62182786472346,1
30,29,-1,1,1.77624065999163,0.620262789703452,0.909479354543304,1
30,30,1,1,1.96304952092625,4.00592775572696,0.543338964689347,1
30,31,1,1,1.96304952092625,4.00592775572696,0.386485889316912,1
30,32,-1,1,1.77624065999163,0.620262789703452,0.624970662960659,-1
30,33,1,-1,1.87104882410112,2.90825124348639,0.406473661319331,1
30,34,-1,1,1.77624065999163,0.620262789703452,0.402946045525167,1
30,35,1,1,1.96304952092625,4.00592775572696,0.541622357313547,1
30,36,1,1,1.96304952092625,4.00592775572696,0.36509388596915,1
30,37,-1,1,1.77624065999163,0.620262789703452,1.13920753853955,1
30,38,-1,1,1.77624065999163,0.620262789703452,0.887493668085946,1
30,39,-1,1,1.77624065999163,0.620262789703452,0.866135332639504,1
30,40,1,1,1.96304952092625,4.00592775572696,0.491137585869296,1
30,41,1,1,1.96304952092625,4.00592775572696,0.373161709051334,1
30,42,1,1,1.96304952092625,4.00592775572696,0.461004645002283,1
30,43,1,1,1.96304952092625,4.00592775572696,0.478871856693483,1
30,44,1,1,1.96304952092625,4.00592775572696,0.449076613047101,1
30,45,-1,1,1.77624065999163,0.620262789703452,0.747869966420018,1
30,46,-1,1,1.77624065999163,0.620262789703452,0.916450603637545,-1
30,47,1,-1,1.87104882410112,2.90825124348639,0.582537794041386,1
30,48,1,1,1.96304952092625,4.00592775572696,0.368074162414377,1
30,49,-1,1,1.77624065999163,0.620262789703452,1.05595095171559,1
30,50,-1,1,1.77624065999163,0.620262789703452,0.583742081957264,-1
30,51,1,-1,1.87104882410112,2.90825124348639,0.683404673452741,1
30,52,1,1,1.96304952092625,4.00592775572696,0.531170976792176,1
30,53,-1,1,1.77624065999163,0.620262789703452,3.32504888559187,-1
30,54,1,-1,1.87104882410112,2.90825124348639,0.451914001185609,1
30,55,-1,1,1.77624065999163,0.620262789703452,0.519071701634485,1
30,56,-1,1,1.77624065999163,0.620262789703452,0.558422668248277,1
30,57,1,1,1.96304952092625,4.00592775572696,0.341569601526548,1
30,58,-1,1,1.77624065999163,0.620262789703452,0.50510034433523,1
30,59,-1,1,1.77624065999163,0.620262789703452,1.50044015332038,1
30,60,-1,1,1.77624065999163,0.620262789703452,0.654238240650745,1
30,61,-1,1,1.77624065999163,0.620262789703452,0.845622462685044,1
30,62,1,1,1.96304952092625,4.00592775572696,0.449531528145593,1
30,63,1,1,1.96304952092625,4.00592775572696,0.701253309259289,1
30,64,-1,1,1.77624065999163,0.620262789703452,0.569992367009087,-1
30,65,1,-1,1.87104882410112,2.90825124348639,0.393886280857135,1
30,66,-1,1,1.77624065999163,0.620262789703452,0.484545310543673,1
30,67,-1,1,1.77624065999163,0.620262789703452,0.633505846927213,1
30,68,1,1,1.96304952092625,4.00592775572696,0.485955684168975,1
30,69,-1,1,1.77624065999163,0.620262789703452,1.10066437819894,1
30,70,1,1,1.96304952092625,4.00592775572696,0.376719327101138,1
30,71,-1,1,1.77624065999163,0.620262789703452,0.648765305977038,1
30,72,-1,1,1.77624065999163,0.620262789703452,1.10157194380082,1
30,73,1,1,1.96304952092625,4.00592775572696,0.87059581726178,1
30,74,1,1,1.96304952092625,4.00592775572696,0.362681177257824,1
30,75,-1,1,1.77624065999163,0.620262789703452,0.478759269709391,1
30,76,-1,1,1.77624065999163,0.620262789703452,0.985953378956446,1
30,77,1,1,1.96304952092625,4.00592775572696,0.47136375064362,1
30,78,-1,1,1.77624065999163,0.620262789703452,1.07474772230143,-1
30,79,1,-1,1.87104882410112,2.90825124348639,0.457391498950744,1
30,80,-1,1,1.77624065999163,0.620262789703452,0.82949963648024,1
30,81,-1,1,1.77624065999163,0.620262789703452,0.46596130461052,1
30,82,-1,1,1.77624065999163,0.620262789703452,1.97810024596158,1
30,83,-1,1,1.77624065999163,0.620262789703452,0.843349509145534,-1
30,84,-1,-1,1.69299498701887,1.2655582110832,0.469027853526934,1
30,85,1,1,1.96304952092625,4.00592775572696,0.511890600679234,1
30,86,1,1,1.96304952092625,4.00592775572696,0.453229228331868,1
30,87,-1,1,1.77624065999163,0.620262789703452,0.36451917018299,1
30,88,1,1,1.96304952092625,4.00592775572696,0.383850738655574,1
30,89,-1,1,1.77624065999163,0.620262789703452,0.36800448501538,1
30,90,-1,1,1.77624065999163,0.620262789703452,0.51592464199574,1
30,91,-1,1,1.77624065999163,0.620262789703452,1.94395936570154,1
30,92,-1,1,1.77624065999163,0.620262789703452,0.47180478797939,-1
30,93,1,-1,1.87104882410112,2.90825124348639,0.660164626974511,1
30,94,-1,1,1.77624065999163,0.620262789703452,1.27799246372525,-1
30,95,1,-1,1.87104882410112,2.90825124348639,0.623563037302496,1
30,96,1,1,1.96304952092625,4.00592775572696,0.895145354368944,1
30,97,1,1,1.96304952092625,4.00592775572696,0.53821399738659,1
30,98,1,1,1.96304952092625,4.00592775572696,0.555814474885562,1
30,99,-1,1,1.77624065999163,0.620262789703452,1.79017485976467,-1
30,100,1,-1,1.87104882410112,2.90825124348639,0.384810700015006,1
30,101,1,1,1.96304952092625,4.00592775572696,0.518588828689653,1
31,2,1,1,2.02459927582339,4.09162189012016,0.701551986981055,1
31,3,-1,1,1.83193318129351,1.55872257141689,0.705248442744687,1
31,4,1,1,2.02459927582339,4.09162189012016,0.376380665014353,1
31,5,1,1,2.02459927582339,4.09162189012016,0.583518673153218,1
31,6,-1,1,1.83193318129351,1.55872257141689,0.41951591805403,1
31,7,-1,1,1.83193318129351,1.55872257141689,0.363849259266978,1
31,8,1,1,2.02459927582339,4.09162189012016,0.317242255216104,1
31,9,1,1,2.02459927582339,4.09162189012016,0.814827954492037,1
31,10,1,1,2.02459927582339,4.09162189012016,0.618239701059283,1
31,11,1,1,2.02459927582339,4.09162189012016,0.246082479524763,1
31,12,-1,1,1.83193318129351,1.55872257141689,0.714575122157934,1
31,13,-1,1,1.83193318129351,1.55872257141689,0.376979634845173,1
31,14,1,1,2.02459927582339,4.09162189012016,0.460354517130754,1
31,15,-1,1,1.83193318129351,1.55872257141689,0.416752743286081,1
31,16,1,1,2.02459927582339,4.09162189012016,0.426278419549805,1
31,17,1,1,2.02459927582339,4.09162189012016,0.479926350764174,1
31,18,-1,1,1.83193318129351,1.55872257141689,1.29982597542018,1
31,19,-1,1,1.83193318129351,1.55872257141689,0.522374285412724,1
31,20,1,1,2.02459927582339,4.09162189012016,0.777702046273149,1
31,21,1,1,2.02459927582339,4.09162189012016,0.508359669787568,1
31,22,-1,1,1.83193318129351,1.55872257141689,0.392391124276351,1
31,23,1,1,2.02459927582339,4.09162189012016,0.487911747556928,1
31,24,1,1,2.02459927582339,4.09162189012016,0.509657463053159,1
31,25,1,1,2.02459927582339,4.09162189012016,0.44773054716509,1
31,26,-1,1,1.83193318129351,1.55872257141689,0.382737742775939,1
31,27,1,1,2.02459927582339,4.09162189012016,0.432428477523784,1
31,28,1,1,2.02459927582339,4.09162189012016,0.523767440568256,1
31,29,1,1,2.02459927582339,4.09162189012016,0.430122620175343,1
31,30,1,1,2.02459927582339,4.09162189012016,0.359202493139779,1
31,31,-1,1,1.83193318129351,1.55872257141689,0.796548408800145,1
31,32,1,1,2.02459927582339,4.09162189012016,0.376496932917788,1
31,33,-1,1,1.83193318129351,1.55872257141689,0.411115411072281,1
31,34,1,1,2.02459927582339,4.09162189012016,0.511546125194737,1
31,35,1,1,2.02459927582339,4.09162189012016,0.774598411477691,1
31,36,-1,1,1.83193318129351,1.55872257141689,0.49300752534218,1
31,37,1,1,2.02459927582339,4.09162189012016,0.436729959109721,1
31,38,-1,1,1.83193318129351,1.55872257141689,0.341632424559258,1
31,39,1,1,2.02459927582339,4.09162189012016,0.500592738921768,1
31,40,1,1,2.02459927582339,4.09162189012016,0.736716167148629,1
31,41,-1,1,1.83193318129351,1.55872257141689,0.666093062218893,1
31,42,-1,1,1.83193318129351,1.55872257141689,0.650803594362271,1
31,43,-1,1,1.83193318129351,1.55872257141689,0.409293685891319,1
31,44,1,1,2.02459927582339,4.09162189012016,0.454108370415701,1
31,45,-1,1,1.83193318129351,1.55872257141689,0.548646556435015,1
31,46,1,1,2.02459927582339,4.09162189012016,0.708626211059126,1
31,47,-1,1,1.83193318129351,1.55872257141689,0.530400884759864,1
31,48,-1,1,1.83193318129351,1.55872257141689,1.16968949369675,1
31,49,-1,1,1.83193318129351,1.55872257141689,0.627399627852263,1
31,50,-1,1,1.83193318129351,1.55872257141689,0.851650987923752,1
31,51,-1,1,1.83193318129351,1.55872257141689,0.446437071192961,1
31,52,-1,1,1.83193318129351,1.55872257141689,2.7118055170445,1
31,53,1,1,2.02459927582339,4.09162189012016,0.439587756683988,1
31,54,-1,1,1.83193318129351,1.55872257141689,0.344707686941362,-1
31,55,-1,-1,1.74607741075923,1.17610291582179,0.493000933328375,-1
31,56,-1,-1,1.74607741075923,1.17610291582179,1.57450795297557,1
31,57,-1,1,1.83193318129351,1.55872257141689,0.604405872491314,1
31,58,-1,1,1.83193318129351,1.55872257141689,0.339599059894792,1
31,59,1,1,2.02459927582339,4.09162189012016,0.327641721317855,1
31,60,1,1,2.02459927582339,4.09162189012016,0.797211849149352,1
31,61,1,1,2.02459927582339,4.09162189012016,0.596083791382921,1
31,62,-1,1,1.83193318129351,1.55872257141689,1.23847111858081,1
31,63,1,1,2.02459927582339,4.09162189012016,0.54032243206256,1
31,64,-1,1,1.83193318129351,1.55872257141689,0.385339484941945,1
31,65,-1,1,1.83193318129351,1.55872257141689,1.52685191873886,1
31,66,-1,1,1.83193318129351,1.55872257141689,0.623383989516572,1
31,67,1,1,2.02459927582339,4.09162189012016,0.489699033768035,1
31,68,1,1,2.02459927582339,4.09162189012016,0.542278153091183,1
31,69,-1,1,1.83193318129351,1.55872257141689,0.642954899152952,1
31,70,-1,1,1.83193318129351,1.55872257141689,0.582623890663746,1
31,71,-1,1,1.83193318129351,1.55872257141689,0.397075618880722,1
31,72,-1,1,1.83193318129351,1.55872257141689,0.455423737441816,1
31,73,-1,1,1.83193318129351,1.55872257141689,0.552997071847115,1
31,74,-1,1,1.83193318129351,1.55872257141689,0.823574534799963,1
31,75,1,1,2.02459927582339,4.09162189012016,0.584508636402576,1
31,76,-1,1,1.83193318129351,1.55872257141689,0.615786992754759,1
31,77,-1,1,1.83193318129351,1.55872257141689,0.715134841712397,1
31,78,1,1,2.02459927582339,4.09162189012016,0.503736503312307,1
31,79,1,1,2.02459927582339,4.09162189012016,0.494980353452316,1
31,80,-1,1,1.83193318129351,1.55872257141689,0.367791738386168,1
31,81,-1,1,1.83193318129351,1.55872257141689,0.476651187529115,1
31,82,1,1,2.02459927582339,4.09162189012016,0.442751515662206,1
31,83,-1,1,1.83193318129351,1.55872257141689,2.11227712047906,1
31,84,1,1,2.02459927582339,4.09162189012016,0.647905812516952,1
31,85,1,1,2.02459927582339,4.09162189012016,0.339664292446421,1
31,86,1,1,2.02459927582339,4.09162189012016,0.527535137989867,1
31,87,1,1,2.02459927582339,4.09162189012016,0.515921475095469,1
31,88,1,1,2.02459927582339,4.09162189012016,0.658838366606666,1
31,89,1,1,2.02459927582339,4.09162189012016,0.664304384651949,1
31,90,1,1,2.02459927582339,4.09162189012016,0.519161696942286,1
31,91,-1,1,1.83193318129351,1.55872257141689,0.614878882093874,1
31,92,1,1,2.02459927582339,4.09162189012016,0.364430292672022,1
31,93,1,1,2.02459927582339,4.09162189012016,0.404454128381039,1
31,94,-1,1,1.83193318129351,1.55872257141689,0.616126171536572,1
31,95,1,1,2.02459927582339,4.09162189012016,0.475948443469446,1
31,96,-1,1,1.83193318129351,1.55872257141689,0.421709223360381,1
31,97,-1,1,1.83193318129351,1.55872257141689,0.630096268798601,1
31,98,1,1,2.02459927582339,4.09162189012016,0.473675960699098,1
31,99,-1,1,1.83193318129351,1.55872257141689,0.517765834066308,1
31,100,1,1,2.02459927582339,4.09162189012016,0.564872564614857,1
31,101,-1,1,1.83193318129351,1.55872257141689,1.50166206781224,1
32,2,1,1,2.19649717966579,3.32221047490145,0.585381774219424,1
32,3,1,1,2.19649717966579,3.32221047490145,0.651582045392898,1
32,4,-1,1,1.98747283677206,2.21530284558961,0.426091250735987,1
32,5,-1,1,1.98747283677206,2.21530284558961,0.573889499998112,1
32,6,-1,1,1.98747283677206,2.21530284558961,0.865527588840833,1
32,7,1,1,2.19649717966579,3.32221047490145,0.835976726297009,1
32,8,-1,1,1.98747283677206,2.21530284558961,0.482165489599935,1
32,9,-1,1,1.98747283677206,2.21530284558961,1.10034907295718,1
32,10,-1,1,1.98747283677206,2.21530284558961,0.544358684685862,1
32,11,-1,1,1.98747283677206,2.21530284558961,0.552681589248959,1
32,12,1,1,2.19649717966579,3.32221047490145,0.512146578252194,1
32,13,-1,1,1.98747283677206,2.21530284558961,0.670908375458016,1
32,14,-1,1,1.98747283677206,2.21530284558961,0.518867476582053,1
32,15,-1,1,1.98747283677206,2.21530284558961,0.529819895343576,1
32,16,-1,1,1.98747283677206,2.21530284558961,0.4881075038635,1
32,17,-1,1,1.98747283677206,2.21530284558961,0.954840726164558,1
32,18,1,1,2.19649717966579,3.32221047490145,0.592501994877566,1
32,19,1,1,2.19649717966579,3.32221047490145,0.469295492107908,1
32,20,-1,1,1.98747283677206,2.21530284558961,1.17680532080788,1
32,21,-1,1,1.98747283677206,2.21530284558961,0.893496684469045,1
32,22,-1,1,1.98747283677206,2.21530284558961,0.617136603673435,1
32,23,1,1,2.19649717966579,3.32221047490145,0.704887345466522,1
32,24,1,1,2.19649717966579,3.32221047490145,0.463980764397773,1
32,25,1,1,2.19649717966579,3.32221047490145,0.514113262411432,1
32,26,1,1,2.19649717966579,3.32221047490145,0.475533996449235,1
32,27,-1,1,1.98747283677206,2.21530284558961,0.460099508355969,1
32,28,1,1,2.19649717966579,3.32221047490145,0.547174331540587,1
32,29,1,1,2.19649717966579,3.32221047490145,0.880066644074816,1
32,30,1,1,2.19649717966579,3.32221047490145,0.399463129408477,1
32,31,-1,1,1.98747283677206,2.21530284558961,0.622197228730791,1
32,32,-1,1,1.98747283677206,2.21530284558961,1.58087493521352,1
32,33,1,1,2.19649717966579,3.32221047490145,1.065094024516,1
32,34,1,1,2.19649717966579,3.32221047490145,0.646923607691152,1
32,35,1,1,2.19649717966579,3.32221047490145,0.735217128892543,1
32,36,-1,1,1.98747283677206,2.21530284558961,0.479348037737455,-1
32,37,1,-1,2.09355567515992,1.83380357334844,1.33443250536282,1
32,38,-1,1,1.98747283677206,2.21530284558961,0.462487172572702,1
32,39,-1,1,1.98747283677206,2.21530284558961,0.672217500385753,1
32,40,1,1,2.19649717966579,3.32221047490145,0.54907838170601,1
32,41,-1,1,1.98747283677206,2.21530284558961,0.466960191296084,1
32,42,-1,1,1.98747283677206,2.21530284558961,1.45188495582085,1
32,43,-1,1,1.98747283677206,2.21530284558961,0.402143482921653,1
32,44,1,1,2.19649717966579,3.32221047490145,0.623232090418618,1
32,45,1,1,2.19649717966579,3.32221047490145,1.11028444252633,1
32,46,-1,1,1.98747283677206,2.21530284558961,0.543814587428881,1
32,47,1,1,2.19649717966579,3.32221047490145,1.35878369860426,1
32,48,-1,1,1.98747283677206,2.21530284558961,0.593361262792447,1
32,49,1,1,2.19649717966579,3.32221047490145,0.391545204868995,1
32,50,-1,1,1.98747283677206,2.21530284558961,0.881015816502013,1
32,51,1,1,2.19649717966579,3.32221047490145,0.510313079502901,1
32,52,-1,1,1.98747283677206,2.21530284558961,0.72339719436777,1
32,53,1,1,2.19649717966579,3.32221047490145,0.557320212024711,1
32,54,1,1,2.19649717966579,3.32221047490145,0.743961052619678,1
32,55,-1,1,1.98747283677206,2.21530284558961,0.551475879764126,-1
32,56,-1,-1,1.89432751162623,1.4286831061605,0.65625294608358,1
32,57,1,1,2.19649717966579,3.32221047490145,1.0820656260343,1
32,58,1,1,2.19649717966579,3.32221047490145,0.628716206630276,1
32,59,1,1,2.19649717966579,3.32221047490145,0.418609205046602,1
32,60,-1,1,1.98747283677206,2.21530284558961,0.518634236157378,1
32,61,1,1,2.19649717966579,3.32221047490145,0.558868042912365,1
32,62,-1,1,1.98747283677206,2.21530284558961,0.547073469916904,1
32,63,1,1,2.19649717966579,3.32221047490145,0.619558535001046,1
32,64,-1,1,1.98747283677206,2.21530284558961,0.891053442659975,1
32,65,-1,1,1.98747283677206,2.21530284558961,0.726374914644045,1
32,66,-1,1,1.98747283677206,2.21530284558961,0.927771199221849,1
32,67,1,1,2.19649717966579,3.32221047490145,0.520865541865449,1
32,68,1,1,2.19649717966579,3.32221047490145,0.825066207423968,1
32,69,1,1,2.19649717966579,3.32221047490145,0.630656816621854,1
32,70,1,1,2.19649717966579,3.32221047490145,0.447052787388242,1
32,71,-1,1,1.98747283677206,2.21530284558961,0.492628145864604,1
32,72,1,1,2.19649717966579,3.32221047490145,0.934230755834609,1
32,73,1,1,2.19649717966579,3.32221047490145,0.496666537245819,1
32,74,-1,1,1.98747283677206,2.21530284558961,1.28813458025676,1
32,75,-1,1,1.98747283677206,2.21530284558961,0.524190144100542,1
32,76,-1,1,1.98747283677206,2.21530284558961,0.61220695086359,1
32,77,1,1,2.19649717966579,3.32221047490145,0.474808793554719,1
32,78,1,1,2.19649717966579,3.32221047490145,0.547182259115872,1
32,79,1,1,2.19649717966579,3.32221047490145,0.639355314369301,1
32,80,-1,1,1.98747283677206,2.21530284558961,1.54541364761459,1
32,81,1,1,2.19649717966579,3.32221047490145,0.512644120974062,1
32,82,1,1,2.19649717966579,3.32221047490145,0.569675235241204,1
32,83,1,1,2.19649717966579,3.32221047490145,0.602783119059589,1
32,84,-1,1,1.98747283677206,2.21530284558961,0.587354305320004,1
32,85,1,1,2.19649717966579,3.32221047490145,0.792808520616522,1
32,86,1,1,2.19649717966579,3.32221047490145,0.550881420250532,1
32,87,-1,1,1.98747283677206,2.21530284558961,0.493012086400784,1
32,88,-1,1,1.98747283677206,2.21530284558961,0.826774651517323,1
32,89,1,1,2.19649717966579,3.32221047490145,0.797137428300042,1
32,90,1,1,2.19649717966579,3.32221047490145,0.466445731077195,1
32,91,1,1,2.19649717966579,3.32221047490145,0.450464879143133,1
32,92,-1,1,1.98747283677206,2.21530284558961,0.512822191340936,1
32,93,1,1,2.19649717966579,3.32221047490145,0.590455176321947,1
32,94,-1,1,1.98747283677206,2.21530284558961,0.84081347749149,1
32,95,1,1,2.19649717966579,3.32221047490145,0.39362539192883,1
32,96,-1,1,1.98747283677206,2.21530284558961,1.17104842108085,1
32,97,1,1,2.19649717966579,3.32221047490145,0.789291152741615,1
32,98,-1,1,1.98747283677206,2.21530284558961,0.945303483905172,1
32,99,-1,1,1.98747283677206,2.21530284558961,1.54531188664672,1
32,100,-1,1,1.98747283677206,2.21530284558961,0.367538012512492,1
32,101,-1,1,1.98747283677206,2.21530284558961,0.695256771815455,1
33,2,1,1,2.07377372727723,5.39665270092397,0.330253300791194,1
33,3,-1,1,1.87642806498033,0.726414100887045,1.65687276641767,1
33,4,1,1,2.07377372727723,5.39665270092397,0.408191900302126,1
33,5,-1,1,1.87642806498033,0.726414100887045,0.752614583630833,1
33,6,-1,1,1.87642806498033,0.726414100887045,0.685160951418307,1
33,7,-1,1,1.87642806498033,0.726414100887045,0.365187029623258,1
33,8,1,1,2.07377372727723,5.39665270092397,0.425933350027686,1
33,9,-1,1,1.87642806498033,0.726414100887045,0.37092808709699,1
33,10,1,1,2.07377372727723,5.39665270092397,0.403692054532453,1
33,11,1,1,2.07377372727723,5.39665270092397,0.492248844062165,1
33,12,1,1,2.07377372727723,5.39665270092397,0.52646165778087,1
33,13,1,1,2.07377372727723,5.39665270092397,0.366619547196385,1
33,14,-1,1,1.87642806498033,0.726414100887045,1.20047497275026,-1
33,15,-1,-1,1.78848698775322,0.35270574647094,0.440901690431072,1
33,16,-1,1,1.87642806498033,0.726414100887045,1.23364597630355,1
33,17,1,1,2.07377372727723,5.39665270092397,0.276250556767592,1
33,18,-1,1,1.87642806498033,0.726414100887045,0.606444209973954,1
33,19,1,1,2.07377372727723,5.39665270092397,0.486938286314792,1
33,20,1,1,2.07377372727723,5.39665270092397,0.462488371964415,1
33,21,1,1,2.07377372727723,5.39665270092397,0.311414365459394,1
33,22,1,1,2.07377372727723,5.39665270092397,0.406253597686878,1
33,23,-1,1,1.87642806498033,0.726414100887045,0.736458826015898,1
33,24,1,1,2.07377372727723,5.39665270092397,0.390356610362644,1
33,25,-1,1,1.87642806498033,0.726414100887045,0.64956796492246,1
33,26,-1,1,1.87642806498033,0.726414100887045,0.920556813803824,1
33,27,1,1,2.07377372727723,5.39665270092397,0.379741325717135,1
33,28,-1,1,1.87642806498033,0.726414100887045,0.379795390017002,1
33,29,-1,1,1.87642806498033,0.726414100887045,1.17069407579049,1
33,30,-1,1,1.87642806498033,0.726414100887045,0.518286802485134,1
33,31,1,1,2.07377372727723,5.39665270092397,0.414791188800726,1
33,32,-1,1,1.87642806498033,0.726414100887045,1.42171417078154,-1
33,33,1,-1,1.97658380622158,2.32422745171804,0.431074768900278,1
33,34,-1,1,1.87642806498033,0.726414100887045,0.569087268263041,1
33,35,1,1,2.07377372727723,5.39665270092397,0.354394863642392,1
33,36,-1,1,1.87642806498033,0.726414100887045,1.03560481412176,1
33,37,-1,1,1.87642806498033,0.726414100887045,1.0094557245943,-1
33,38,1,-1,1.97658380622158,2.32422745171804,0.479511789414946,1
33,39,-1,1,1.87642806498033,0.726414100887045,2.15487303961811,-1
33,40,-1,-1,1.78848698775322,0.35270574647094,1.43919593174191,-1
33,41,1,-1,1.97658380622158,2.32422745171804,0.42136941165622,1
33,42,-1,1,1.87642806498033,0.726414100887045,0.39420090819182,1
33,43,-1,1,1.87642806498033,0.726414100887045,0.639408537702985,1
33,44,-1,1,1.87642806498033,0.726414100887045,0.83705443724954,1
33,45,-1,1,1.87642806498033,0.726414100887045,0.368094825494236,1
33,46,1,1,2.07377372727723,5.39665270092397,0.373897460778083,1
33,47,1,1,2.07377372727723,5.39665270092397,0.5189111685873,1
33,48,-1,1,1.87642806498033,0.726414100887045,0.432580274606664,1
33,49,-1,1,1.87642806498033,0.726414100887045,2.07425243637383,1
33,50,1,1,2.07377372727723,5.39665270092397,0.386018790461304,1
33,51,-1,1,1.87642806498033,0.726414100887045,0.658663434859478,-1
33,52,1,-1,1.97658380622158,2.32422745171804,1.77031749152615,1
33,53,-1,1,1.87642806498033,0.726414100887045,1.24864112322161,1
33,54,-1,1,1.87642806498033,0.726414100887045,0.800034564628419,-1
33,55,1,-1,1.97658380622158,2.32422745171804,0.89114230713515,1
33,56,1,1,2.07377372727723,5.39665270092397,0.303946775587698,1
33,57,-1,1,1.87642806498033,0.726414100887045,1.68049009189029,-1
33,58,-1,-1,1.78848698775322,0.35270574647094,0.341379026695027,1
33,59,1,1,2.07377372727723,5.39665270092397,0.356151632822494,1
33,60,-1,1,1.87642806498033,0.726414100887045,0.479127695723364,1
33,61,-1,1,1.87642806498033,0.726414100887045,0.891200303520369,-1
33,62,-1,-1,1.78848698775322,0.35270574647094,0.548766698269623,-1
33,63,1,-1,1.97658380622158,2.32422745171804,0.624962040429248,1
33,64,1,1,2.07377372727723,5.39665270092397,0.296161785604023,1
33,65,1,1,2.07377372727723,5.39665270092397,0.37536700838375,1
33,66,-1,1,1.87642806498033,0.726414100887045,0.872968604177071,1
33,67,-1,1,1.87642806498033,0.726414100887045,0.41954167159654,1
33,68,-1,1,1.87642806498033,0.726414100887045,0.961394631979407,1
33,69,-1,1,1.87642806498033,0.726414100887045,0.445006480077889,1
33,70,-1,1,1.87642806498033,0.726414100887045,0.572673415789135,-1
33,71,1,-1,1.97658380622158,2.32422745171804,0.68372368907559,1
33,72,1,1,2.07377372727723,5.39665270092397,0.415835386902214,1
33,73,1,1,2.07377372727723,5.39665270092397,0.359787623805803,1
33,74,1,1,2.07377372727723,5.39665270092397,0.418181168849774,1
33,75,1,1,2.07377372727723,5.39665270092397,0.390069195960548,1
33,76,-1,1,1.87642806498033,0.726414100887045,0.659779238568589,1
33,77,1,1,2.07377372727723,5.39665270092397,0.569437110325349,1
33,78,1,1,2.07377372727723,5.39665270092397,0.491072077368391,1
33,79,-1,1,1.87642806498033,0.726414100887045,0.720784982835956,1
33,80,-1,1,1.87642806498033,0.726414100887045,1.37026743559017,1
33,81,1,1,2.07377372727723,5.39665270092397,0.369366002017865,1
33,82,-1,1,1.87642806498033,0.726414100887045,0.714758618784621,1
33,83,-1,1,1.87642806498033,0.726414100887045,0.885739280583815,1
33,84,1,1,2.07377372727723,5.39665270092397,0.38117844940763,1
33,85,1,1,2.07377372727723,5.39665270092397,0.283462312866755,1
33,86,1,1,2.07377372727723,5.39665270092397,0.345197817469004,1
33,87,1,1,2.07377372727723,5.39665270092397,0.382080798938262,1
33,88,1,1,2.07377372727723,5.39665270092397,0.239410144250609,1
33,89,-1,1,1.87642806498033,0.726414100887045,0.907682016732987,1
33,90,1,1,2.07377372727723,5.39665270092397,0.490782489511172,1
33,91,1,1,2.07377372727723,5.39665270092397,0.343697909470183,1
33,92,-1,1,1.87642806498033,0.726414100887045,0.479854265518818,1
33,93,-1,1,1.87642806498033,0.726414100887045,0.61987754407478,1
33,94,1,1,2.07377372727723,5.39665270092397,0.382027502633759,1
33,95,1,1,2.07377372727723,5.39665270092397,0.431457033346372,1
33,96,1,1,2.07377372727723,5.39665270092397,0.41311905003357,1
33,97,1,1,2.07377372727723,5.39665270092397,0.330527915416285,1
33,98,-1,1,1.87642806498033,0.726414100887045,1.5484156488678,1
33,99,-1,1,1.87642806498033,0.726414100887045,0.498163574287469,1
33,100,1,1,2.07377372727723,5.39665270092397,0.351322562337167,1
33,101,1,1,2.07377372727723,5.39665270092397,0.361608641045718,1
34,2,-1,1,1.58802977531701,1.08332962365082,0.519014066284648,-1
34,3,1,-1,1.67279204370789,2.22906240845044,0.561749576586601,1
34,4,1,1,1.75504432471857,3.66481352395437,0.649443415332953,1
34,5,1,1,1.75504432471857,3.66481352395437,0.497969509052625,1
34,6,1,1,1.75504432471857,3.66481352395437,0.369589440733523,1
34,7,1,1,1.75504432471857,3.66481352395437,0.462893036163207,1
34,8,-1,1,1.58802977531701,1.08332962365082,0.368253743390672,1
34,9,1,1,1.75504432471857,3.66481352395437,0.398156527872573,1
34,10,1,1,1.75504432471857,3.66481352395437,0.642867939040335,1
34,11,1,1,1.75504432471857,3.66481352395437,0.480495887925739,1
34,12,1,1,1.75504432471857,3.66481352395437,0.283746552927768,1
34,13,-1,1,1.58802977531701,1.08332962365082,0.898502177697098,-1
34,14,-1,-1,1.51360483373974,1.82279444394438,0.985168135443743,1
34,15,1,1,1.75504432471857,3.66481352395437,0.326129521411447,1
34,16,1,1,1.75504432471857,3.66481352395437,0.634479031342592,1
34,17,-1,1,1.58802977531701,1.08332962365082,0.5500862782402,1
34,18,-1,1,1.58802977531701,1.08332962365082,0.403542976108454,1
34,19,1,1,1.75504432471857,3.66481352395437,0.376585078145804,1
34,20,-1,1,1.58802977531701,1.08332962365082,1.06414849759529,1
34,21,-1,1,1.58802977531701,1.08332962365082,0.5899033647276,1
34,22,1,1,1.75504432471857,3.66481352395437,0.408059059646774,1
34,23,1,1,1.75504432471857,3.66481352395437,0.462004640895368,1
34,24,-1,1,1.58802977531701,1.08332962365082,0.530407732074472,1
34,25,-1,1,1.58802977531701,1.08332962365082,0.401891503628393,-1
34,26,-1,-1,1.51360483373974,1.82279444394438,0.897401310384776,1
34,27,-1,1,1.58802977531701,1.08332962365082,0.430826657191776,1
34,28,1,1,1.75504432471857,3.66481352395437,0.382646237228054,1
34,29,1,1,1.75504432471857,3.66481352395437,0.437417168677426,1
34,30,-1,1,1.58802977531701,1.08332962365082,0.676148227901625,1
34,31,1,1,1.75504432471857,3.66481352395437,0.310836461781685,1
34,32,1,1,1.75504432471857,3.66481352395437,0.308613803683594,1
34,33,-1,1,1.58802977531701,1.08332962365082,1.39169154966303,-1
34,34,1,-1,1.67279204370789,2.22906240845044,0.435036303416049,1
34,35,1,1,1.75504432471857,3.66481352395437,0.379567255210612,1
34,36,-1,1,1.58802977531701,1.08332962365082,0.568969844162484,1
34,37,-1,1,1.58802977531701,1.08332962365082,0.629544769463751,1
34,38,1,1,1.75504432471857,3.66481352395437,0.526450128950363,1
34,39,-1,1,1.58802977531701,1.08332962365082,0.568786476998101,1
34,40,1,1,1.75504432471857,3.66481352395437,0.419945975864319,1
34,41,-1,1,1.58802977531701,1.08332962365082,0.609168861489169,1
34,42,1,1,1.75504432471857,3.66481352395437,0.410261077692438,1
34,43,-1,1,1.58802977531701,1.08332962365082,0.818510736953929,1
34,44,-1,1,1.58802977531701,1.08332962365082,0.527782631066314,1
34,45,-1,1,1.58802977531701,1.08332962365082,0.562760209603114,1
34,46,1,1,1.75504432471857,3.66481352395437,0.618578081987528,1
34,47,1,1,1.75504432471857,3.66481352395437,0.401534444579188,1
34,48,1,1,1.75504432471857,3.66481352395437,0.473261654986384,1
34,49,-1,1,1.58802977531701,1.08332962365082,0.386638146632222,1
34,50,-1,1,1.58802977531701,1.08332962365082,0.503643994100102,1
34,51,1,1,1.75504432471857,3.66481352395437,0.884843540162663,1
34,52,-1,1,1.58802977531701,1.08332962365082,0.476856221176186,1
34,53,1,1,1.75504432471857,3.66481352395437,0.316436499908954,1
34,54,-1,1,1.58802977531701,1.08332962365082,0.714513815233008,1
34,55,-1,1,1.58802977531701,1.08332962365082,0.457939113579952,-1
34,56,1,-1,1.67279204370789,2.22906240845044,0.771324085337492,1
34,57,1,1,1.75504432471857,3.66481352395437,0.415205597370025,1
34,58,-1,1,1.58802977531701,1.08332962365082,0.40064606864112,1
34,59,-1,1,1.58802977531701,1.08332962365082,0.331702551033699,1
34,60,1,1,1.75504432471857,3.66481352395437,0.691582884155622,1
34,61,1,1,1.75504432471857,3.66481352395437,0.373765622092699,1
34,62,1,1,1.75504432471857,3.66481352395437,0.385916226633802,1
34,63,-1,1,1.58802977531701,1.08332962365082,1.33337954050034,-1
34,64,1,-1,1.67279204370789,2.22906240845044,0.42921302289928,1
34,65,-1,1,1.58802977531701,1.08332962365082,0.70886803254688,1
34,66,-1,1,1.58802977531701,1.08332962365082,0.542840193473465,1
34,67,-1,1,1.58802977531701,1.08332962365082,0.573064428600807,1
34,68,-1,1,1.58802977531701,1.08332962365082,0.277345725647342,1
34,69,-1,1,1.58802977531701,1.08332962365082,0.447669993301031,-1
34,70,-1,-1,1.51360483373974,1.82279444394438,0.415793284832468,1
34,71,1,1,1.75504432471857,3.66481352395437,0.655532612581066,1
34,72,1,1,1.75504432471857,3.66481352395437,0.414013783744481,1
34,73,1,1,1.75504432471857,3.66481352395437,0.297709763462361,1
34,74,-1,1,1.58802977531701,1.08332962365082,0.478761552131742,1
34,75,-1,1,1.58802977531701,1.08332962365082,1.10397198671819,1
34,76,1,1,1.75504432471857,3.66481352395437,0.60224897093839,1
34,77,1,1,1.75504432471857,3.66481352395437,0.463510638681944,1
34,78,1,1,1.75504432471857,3.66481352395437,0.396148155829103,1
34,79,-1,1,1.58802977531701,1.08332962365082,0.497733318692338,1
34,80,1,1,1.75504432471857,3.66481352395437,0.420436150631935,1
34,81,-1,1,1.58802977531701,1.08332962365082,0.618904020321363,1
34,82,-1,1,1.58802977531701,1.08332962365082,0.539878627237576,1
34,83,-1,1,1.58802977531701,1.08332962365082,0.346158428403423,1
34,84,1,1,1.75504432471857,3.66481352395437,0.548985151158909,1
34,85,-1,1,1.58802977531701,1.08332962365082,0.499263862248239,-1
34,86,-1,-1,1.51360483373974,1.82279444394438,0.359669271777521,1
34,87,1,1,1.75504432471857,3.66481352395437,0.392311612012552,1
34,88,-1,1,1.58802977531701,1.08332962365082,1.80453386510469,-1
34,89,1,-1,1.67279204370789,2.22906240845044,0.347810212818228,1
34,90,1,1,1.75504432471857,3.66481352395437,0.508792440717755,1
34,91,-1,1,1.58802977531701,1.08332962365082,0.719574868016222,1
34,92,1,1,1.75504432471857,3.66481352395437,0.549374275119738,1
34,93,-1,1,1.58802977531701,1.08332962365082,0.631504957829037,1
34,94,-1,1,1.58802977531701,1.08332962365082,0.316544833999859,1
34,95,-1,1,1.58802977531701,1.08332962365082,0.7393113136335,1
34,96,1,1,1.75504432471857,3.66481352395437,0.510377657018327,1
34,97,-1,1,1.58802977531701,1.08332962365082,0.277382997101464,1
34,98,1,1,1.75504432471857,3.66481352395437,0.414980041224378,1
34,99,-1,1,1.58802977531701,1.08332962365082,1.25655923126856,-1
34,100,1,-1,1.67279204370789,2.22906240845044,0.284875792823321,1
34,101,1,1,1.75504432471857,3.66481352395437,0.648375888641576,1
35,2,1,1,1.84527833977789,3.13968890088074,0.430899181955384,1
35,3,-1,1,1.66967688852231,1.99631481514019,0.715099608713965,1
35,4,1,1,1.84527833977789,3.13968890088074,0.471749172360162,1
35,5,1,1,1.84527833977789,3.13968890088074,0.501215494855329,1
35,6,1,1,1.84527833977789,3.13968890088074,0.501557705440507,1
35,7,1,1,1.84527833977789,3.13968890088074,0.376674358617417,1
35,8,-1,1,1.66967688852231,1.99631481514019,0.712192597797957,1
35,9,1,1,1.84527833977789,3.13968890088074,0.432431988360863,1
35,10,1,1,1.84527833977789,3.13968890088074,0.566669511941524,1
35,11,-1,1,1.66967688852231,1.99631481514019,0.502879511617309,1
35,12,-1,1,1.66967688852231,1.99631481514019,0.860753664688097,1
35,13,1,1,1.84527833977789,3.13968890088074,0.43320203788199,1
35,14,-1,1,1.66967688852231,1.99631481514019,0.874266187707724,1
35,15,1,1,1.84527833977789,3.13968890088074,0.462835977099187,1
35,16,-1,1,1.66967688852231,1.99631481514019,0.428611618950107,-1
35,17,-1,-1,1.59142545595306,2.91670400570708,0.736963849470178,1
35,18,-1,1,1.66967688852231,1.99631481514019,0.347288821792613,1
35,19,1,1,1.84527833977789,3.13968890088074,0.471779740145081,1
35,20,-1,1,1.66967688852231,1.99631481514019,0.450454953281867,1
35,21,-1,1,1.66967688852231,1.99631481514019,1.12066613057895,1
35,22,1,1,1.84527833977789,3.13968890088074,0.566882802552992,1
35,23,1,1,1.84527833977789,3.13968890088074,0.325649170540185,1
35,24,1,1,1.84527833977789,3.13968890088074,0.338597048740177,1
35,25,1,1,1.84527833977789,3.13968890088074,0.489436077053774,1
35,26,1,1,1.84527833977789,3.13968890088074,0.29161981875389,1
35,27,-1,1,1.66967688852231,1.99631481514019,0.343797253090063,1
35,28,1,1,1.84527833977789,3.13968890088074,0.340093605390175,1
35,29,-1,1,1.66967688852231,1.99631481514019,0.882516859904657,1
35,30,1,1,1.84527833977789,3.13968890088074,0.44188412864783,1
35,31,-1,1,1.66967688852231,1.99631481514019,0.387414353244465,1
35,32,1,1,1.84527833977789,3.13968890088074,0.54186971779633,1
35,33,1,1,1.84527833977789,3.13968890088074,0.43768985763298,1
35,34,-1,1,1.66967688852231,1.99631481514019,0.741045534359576,1
35,35,1,1,1.84527833977789,3.13968890088074,0.733582972659191,1
35,36,1,1,1.84527833977789,3.13968890088074,0.593061718425327,1
35,37,-1,1,1.66967688852231,1.99631481514019,1.03546077712361,1
35,38,1,1,1.84527833977789,3.13968890088074,0.664685684070982,1
35,39,-1,1,1.66967688852231,1.99631481514019,0.553363344263646,1
35,40,-1,1,1.66967688852231,1.99631481514019,0.330857539812088,1
35,41,1,1,1.84527833977789,3.13968890088074,0.318109985627449,1
35,42,1,1,1.84527833977789,3.13968890088074,0.582795523297795,1
35,43,-1,1,1.66967688852231,1.99631481514019,0.503553455900862,1
35,44,1,1,1.84527833977789,3.13968890088074,0.412302637468846,1
35,45,-1,1,1.66967688852231,1.99631481514019,0.62716463141187,1
35,46,-1,1,1.66967688852231,1.99631481514019,0.650546866302141,1
35,47,1,1,1.84527833977789,3.13968890088074,0.717630357956143,1
35,48,1,1,1.84527833977789,3.13968890088074,0.375700748718407,1
35,49,1,1,1.84527833977789,3.13968890088074,0.246030778341331,1
35,50,-1,1,1.66967688852231,1.99631481514019,0.651020726701736,1
35,51,-1,1,1.66967688852231,1.99631481514019,0.611087831871812,1
35,52,1,1,1.84527833977789,3.13968890088074,0.571501669476996,1
35,53,-1,1,1.66967688852231,1.99631481514019,1.16384120613762,1
35,54,-1,1,1.66967688852231,1.99631481514019,0.379631193496708,1
35,55,-1,1,1.66967688852231,1.99631481514019,0.416016418421319,1
35,56,1,1,1.84527833977789,3.13968890088074,0.434294430290753,1
35,57,1,1,1.84527833977789,3.13968890088074,0.724508636310149,1
35,58,1,1,1.84527833977789,3.13968890088074,0.646206733596001,1
35,59,-1,1,1.66967688852231,1.99631481514019,0.901922841562854,1
35,60,1,1,1.84527833977789,3.13968890088074,0.324038595539876,1
35,61,1,1,1.84527833977789,3.13968890088074,0.35858226889102,1
35,62,1,1,1.84527833977789,3.13968890088074,0.386525499955725,1
35,63,1,1,1.84527833977789,3.13968890088074,0.496021163222225,1
35,64,-1,1,1.66967688852231,1.99631481514019,0.459213121855984,1
35,65,1,1,1.84527833977789,3.13968890088074,0.677102481359032,1
35,66,-1,1,1.66967688852231,1.99631481514019,0.47996185190775,1
35,67,1,1,1.84527833977789,3.13968890088074,0.623454755343302,1
35,68,-1,1,1.66967688852231,1.99631481514019,0.847497229781359,1
35,69,-1,1,1.66967688852231,1.99631481514019,0.515908010702284,1
35,70,-1,1,1.66967688852231,1.99631481514019,0.37078075223103,1
35,71,-1,1,1.66967688852231,1.99631481514019,0.532610881968101,1
35,72,-1,1,1.66967688852231,1.99631481514019,0.487484080464282,1
35,73,-1,1,1.66967688852231,1.99631481514019,0.694789277783484,1
35,74,-1,1,1.66967688852231,1.99631481514019,0.376355364554196,1
35,75,-1,1,1.66967688852231,1.99631481514019,0.55085989855178,1
35,76,1,1,1.84527833977789,3.13968890088074,0.643830633562214,1
35,77,-1,1,1.66967688852231,1.99631481514019,0.534341063398016,1
35,78,1,1,1.84527833977789,3.13968890088074,0.760747500672331,1
35,79,-1,1,1.66967688852231,1.99631481514019,0.463215655079279,1
35,80,1,1,1.84527833977789,3.13968890088074,0.578500610026633,1
35,81,-1,1,1.66967688852231,1.99631481514019,0.337701433086527,1
35,82,-1,1,1.66967688852231,1.99631481514019,0.76201282759542,1
35,83,1,1,1.84527833977789,3.13968890088074,0.411728950730536,1
35,84,-1,1,1.66967688852231,1.99631481514019,0.442506421840529,1
35,85,1,1,1.84527833977789,3.13968890088074,0.633130428376386,1
35,86,-1,1,1.66967688852231,1.99631481514019,0.536633231072457,1
35,87,-1,1,1.66967688852231,1.99631481514019,0.852100884267182,1
35,88,-1,1,1.66967688852231,1.99631481514019,0.465272889790243,1
35,89,-1,1,1.66967688852231,1.99631481514019,0.253837849193943,-1
35,90,1,-1,1.7587971322046,0.747292278271992,1.30835134044565,-1
35,91,1,-1,1.7587971322046,0.747292278271992,0.411400047520897,1
35,92,-1,1,1.66967688852231,1.99631481514019,0.390411778592539,1
35,93,1,1,1.84527833977789,3.13968890088074,0.352605271739271,1
35,94,1,1,1.84527833977789,3.13968890088074,0.742867228982633,1
35,95,1,1,1.84527833977789,3.13968890088074,0.363597587006047,1
35,96,1,1,1.84527833977789,3.13968890088074,0.71875162217681,1
35,97,-1,1,1.66967688852231,1.99631481514019,0.512506191729354,1
35,98,-1,1,1.66967688852231,1.99631481514019,0.387585783127396,1
35,99,-1,1,1.66967688852231,1.99631481514019,0.272354384791258,1
35,100,1,1,1.84527833977789,3.13968890088074,0.423349576327767,1
35,101,-1,1,1.66967688852231,1.99631481514019,1.02948326616696,1
36,2,-1,1,1.90723301546826,1.03086867703765,1.4578891296036,1
36,3,-1,1,1.90723301546826,1.03086867703765,0.446585877012721,-1
36,4,1,-1,2.00903299381489,3.72378699784418,0.37895839689511,1
36,5,-1,1,1.90723301546826,1.03086867703765,1.01227761272947,1
36,6,-1,1,1.90723301546826,1.03086867703765,1.24037474956952,1
36,7,1,1,2.10781846268925,4.42267628922707,0.488178158933704,1
36,8,-1,1,1.90723301546826,1.03086867703765,0.908093322462936,1
36,9,-1,1,1.90723301546826,1.03086867703765,0.676160393732667,1
36,10,1,1,2.10781846268925,4.42267628922707,0.522266274383377,1
36,11,-1,1,1.90723301546826,1.03086867703765,0.838361858589198,1
36,12,1,1,2.10781846268925,4.42267628922707,0.474378890144978,1
36,13,1,1,2.10781846268925,4.42267628922707,0.429219886122259,1
36,14,-1,1,1.90723301546826,1.03086867703765,0.425062454617357,-1
36,15,1,-1,2.00903299381489,3.72378699784418,0.433648053175231,1
36,16,1,1,2.10781846268925,4.42267628922707,0.373227580836194,1
36,17,1,1,2.10781846268925,4.42267628922707,0.668029810275075,1
36,18,-1,1,1.90723301546826,1.03086867703765,1.68065652877597,1
36,19,-1,1,1.90723301546826,1.03086867703765,0.404856197236732,1
36,20,1,1,2.10781846268925,4.42267628922707,0.455287535949619,1
36,21,1,1,2.10781846268925,4.42267628922707,0.377776007959864,1
36,22,-1,1,1.90723301546826,1.03086867703765,0.520183616803979,1
36,23,1,1,2.10781846268925,4.42267628922707,0.479739051359171,1
36,24,1,1,2.10781846268925,4.42267628922707,0.481742534120229,1
36,25,-1,1,1.90723301546826,1.03086867703765,0.545361621968052,1
36,26,-1,1,1.90723301546826,1.03086867703765,0.438315534722385,1
36,27,-1,1,1.90723301546826,1.03086867703765,1.33309393903839,-1
36,28,-1,-1,1.81784822687252,-0.377331964108898,0.293098665481972,-1
36,29,1,-1,2.00903299381489,3.72378699784418,0.353519035918127,1
36,30,-1,1,1.90723301546826,1.03086867703765,0.492367868745329,1
36,31,-1,1,1.90723301546826,1.03086867703765,0.793132628145986,1
36,32,1,1,2.10781846268925,4.42267628922707,0.390498990376282,1
36,33,-1,1,1.90723301546826,1.03086867703765,1.65159274778694,1
36,34,-1,1,1.90723301546826,1.03086867703765,1.02073477794937,1
36,35,-1,1,1.90723301546826,1.03086867703765,0.554792870897853,1
36,36,-1,1,1.90723301546826,1.03086867703765,0.376347947590225,1
36,37,1,1,2.10781846268925,4.42267628922707,0.591405376905899,1
36,38,1,1,2.10781846268925,4.42267628922707,0.378369607225247,1
36,39,-1,1,1.90723301546826,1.03086867703765,0.627840234430347,-1
36,40,1,-1,2.00903299381489,3.72378699784418,0.515213337096436,1
36,41,1,1,2.10781846268925,4.42267628922707,0.362883188497695,1
36,42,-1,1,1.90723301546826,1.03086867703765,0.813499951348337,1
36,43,1,1,2.10781846268925,4.42267628922707,0.701244039034889,1
36,44,-1,1,1.90723301546826,1.03086867703765,0.468731126462643,1
36,45,1,1,2.10781846268925,4.42267628922707,0.362002725044513,1
36,46,1,1,2.10781846268925,4.42267628922707,0.335727053870723,1
36,47,1,1,2.10781846268925,4.42267628922707,0.580451273654554,1
36,48,-1,1,1.90723301546826,1.03086867703765,1.06903433152643,1
36,49,-1,1,1.90723301546826,1.03086867703765,0.961273994273444,1
36,50,1,1,2.10781846268925,4.42267628922707,0.570516986574093,1
36,51,-1,1,1.90723301546826,1.03086867703765,0.413450602628918,1
36,52,-1,1,1.90723301546826,1.03086867703765,0.674680785720066,1
36,53,1,1,2.10781846268925,4.42267628922707,0.520468403123634,1
36,54,1,1,2.10781846268925,4.42267628922707,0.664322880092074,1
36,55,1,1,2.10781846268925,4.42267628922707,0.322357219988255,1
36,56,-1,1,1.90723301546826,1.03086867703765,1.43164699099966,-1
36,57,1,-1,2.00903299381489,3.72378699784418,0.37457144598852,1
36,58,-1,1,1.90723301546826,1.03086867703765,0.335798086912232,1
36,59,1,1,2.10781846268925,4.42267628922707,0.393961323124533,1
36,60,1,1,2.10781846268925,4.42267628922707,0.402706582550917,1
36,61,-1,1,1.90723301546826,1.03086867703765,0.44462451970778,1
36,62,-1,1,1.90723301546826,1.03086867703765,0.602262538294702,1
36,63,1,1,2.10781846268925,4.42267628922707,0.344490079397794,1
36,64,1,1,2.10781846268925,4.42267628922707,0.400218527726298,1
36,65,-1,1,1.90723301546826,1.03086867703765,0.42787404011478,1
36,66,-1,1,1.90723301546826,1.03086867703765,0.364228821807867,1
36,67,-1,1,1.90723301546826,1.03086867703765,0.923751581112941,1
36,68,-1,1,1.90723301546826,1.03086867703765,0.609854542534171,1
36,69,1,1,2.10781846268925,4.42267628922707,0.518342698113685,1
36,70,-1,1,1.90723301546826,1.03086867703765,0.560767285272067,1
36,71,-1,1,1.90723301546826,1.03086867703765,0.983463620485426,1
36,72,1,1,2.10781846268925,4.42267628922707,0.52704247643039,1
36,73,1,1,2.10781846268925,4.42267628922707,0.595916401520422,1
36,74,1,1,2.10781846268925,4.42267628922707,0.422036593120223,1
36,75,-1,1,1.90723301546826,1.03086867703765,0.661283317099726,1
36,76,-1,1,1.90723301546826,1.03086867703765,1.14358991066553,1
36,77,1,1,2.10781846268925,4.42267628922707,0.393663307906309,1
36,78,-1,1,1.90723301546826,1.03086867703765,0.988976527354855,1
36,79,-1,1,1.90723301546826,1.03086867703765,1.33841585172854,1
36,80,1,1,2.10781846268925,4.42267628922707,0.480383877431902,1
36,81,-1,1,1.90723301546826,1.03086867703765,1.9837379161748,1
36,82,-1,1,1.90723301546826,1.03086867703765,0.59034800466546,-1
36,83,-1,-1,1.81784822687252,-0.377331964108898,0.509298038330053,-1
36,84,1,-1,2.00903299381489,3.72378699784418,0.34101066219547,1
36,85,1,1,2.10781846268925,4.42267628922707,0.333843225845324,1
36,86,-1,1,1.90723301546826,1.03086867703765,0.577177356962035,1
36,87,-1,1,1.90723301546826,1.03086867703765,0.336325075547404,1
36,88,1,1,2.10781846268925,4.42267628922707,0.40091494959036,1
36,89,1,1,2.10781846268925,4.42267628922707,0.39628556861143,1
36,90,1,1,2.10781846268925,4.42267628922707,0.38824583665673,1
36,91,1,1,2.10781846268925,4.42267628922707,0.713618224972252,1
36,92,-1,1,1.90723301546826,1.03086867703765,0.332578448488244,1
36,93,1,1,2.10781846268925,4.42267628922707,0.445516344681444,1
36,94,-1,1,1.90723301546826,1.03086867703765,0.677063672074839,-1
36,95,1,-1,2.00903299381489,3.72378699784418,0.364557227274639,1
36,96,-1,1,1.90723301546826,1.03086867703765,0.890052103530154,1
36,97,1,1,2.10781846268925,4.42267628922707,0.342525605630885,1
36,98,1,1,2.10781846268925,4.42267628922707,0.275365225119313,1
36,99,1,1,2.10781846268925,4.42267628922707,0.3652900016001,1
36,100,1,1,2.10781846268925,4.42267628922707,0.328965245098061,1
36,101,1,1,2.10781846268925,4.42267628922707,0.46860955030014,1
37,2,1,1,2.54636939647546,3.51296687705881,0.425930281912136,1
37,3,1,1,2.54636939647546,3.51296687705881,0.489886455966577,1
37,4,-1,1,2.30405031007264,2.66878323071716,0.52656872613122,1
37,5,1,1,2.54636939647546,3.51296687705881,0.885392789646725,1
37,6,1,1,2.54636939647546,3.51296687705881,0.524061039914692,1
37,7,-1,1,2.30405031007264,2.66878323071716,0.513214431954129,1
37,8,-1,1,2.30405031007264,2.66878323071716,0.496474457321661,1
37,9,1,1,2.54636939647546,3.51296687705881,0.327605480178708,1
37,10,-1,1,2.30405031007264,2.66878323071716,0.320894338196781,1
37,11,-1,1,2.30405031007264,2.66878323071716,0.500850898222769,1
37,12,-1,1,2.30405031007264,2.66878323071716,0.467811365764211,1
37,13,-1,1,2.30405031007264,2.66878323071716,0.532770104736628,1
37,14,1,1,2.54636939647546,3.51296687705881,0.729959902742844,1
37,15,-1,1,2.30405031007264,2.66878323071716,0.556694862859594,1
37,16,1,1,2.54636939647546,3.51296687705881,0.68333575119806,1
37,17,1,1,2.54636939647546,3.51296687705881,0.345781220788472,1
37,18,1,1,2.54636939647546,3.51296687705881,0.564653752533999,1
37,19,-1,1,2.30405031007264,2.66878323071716,0.661291822505931,1
37,20,-1,1,2.30405031007264,2.66878323071716,0.407457168514546,1
37,21,-1,1,2.30405031007264,2.66878323071716,0.309521249242617,1
37,22,1,1,2.54636939647546,3.51296687705881,0.484145172475608,1
37,23,-1,1,2.30405031007264,2.66878323071716,0.387461418284977,1
37,24,1,1,2.54636939647546,3.51296687705881,0.354024863576305,1
37,25,1,1,2.54636939647546,3.51296687705881,0.492099439647336,1
37,26,1,1,2.54636939647546,3.51296687705881,0.397309386734203,1
37,27,-1,1,2.30405031007264,2.66878323071716,0.991932915099271,1
37,28,1,1,2.54636939647546,3.51296687705881,0.315347158070881,1
37,29,-1,1,2.30405031007264,2.66878323071716,0.564223494263892,1
37,30,1,1,2.54636939647546,3.51296687705881,0.65049505672789,1
37,31,1,1,2.54636939647546,3.51296687705881,0.556572507962629,1
37,32,-1,1,2.30405031007264,2.66878323071716,0.527763650203827,1
37,33,-1,1,2.30405031007264,2.66878323071716,0.5779072589228,1
37,34,-1,1,2.30405031007264,2.66878323071716,0.495839232936773,1
37,35,-1,1,2.30405031007264,2.66878323071716,0.567856663795977,1
37,36,1,1,2.54636939647546,3.51296687705881,0.340018758863673,1
37,37,-1,1,2.30405031007264,2.66878323071716,0.330894923307988,1
37,38,-1,1,2.30405031007264,2.66878323071716,0.631081776924411,1
37,39,1,1,2.54636939647546,3.51296687705881,0.312349977939263,1
37,40,-1,1,2.30405031007264,2.66878323071716,0.609347233619921,1
37,41,1,1,2.54636939647546,3.51296687705881,0.384346154140848,1
37,42,1,1,2.54636939647546,3.51296687705881,0.459483828350881,1
37,43,1,1,2.54636939647546,3.51296687705881,0.355267306128385,1
37,44,1,1,2.54636939647546,3.51296687705881,0.521253298411477,1
37,45,1,1,2.54636939647546,3.51296687705881,0.49171936585254,1
37,46,-1,1,2.30405031007264,2.66878323071716,0.372424692513391,1
37,47,-1,1,2.30405031007264,2.66878323071716,0.831721152293942,1
37,48,-1,1,2.30405031007264,2.66878323071716,0.376119712336931,1
37,49,1,1,2.54636939647546,3.51296687705881,0.38460557336685,1
37,50,1,1,2.54636939647546,3.51296687705881,0.581436065170477,1
37,51,1,1,2.54636939647546,3.51296687705881,0.379313468214727,1
37,52,-1,1,2.30405031007264,2.66878323071716,1.01332442982341,1
37,53,-1,1,2.30405031007264,2.66878323071716,0.685411252173764,1
37,54,-1,1,2.30405031007264,2.66878323071716,0.803317029111085,1
37,55,-1,1,2.30405031007264,2.66878323071716,1.39501731321268,1
37,56,1,1,2.54636939647546,3.51296687705881,0.594520386726745,1
37,57,-1,1,2.30405031007264,2.66878323071716,0.456334581674065,1
37,58,-1,1,2.30405031007264,2.66878323071716,0.641977598334591,1
37,59,1,1,2.54636939647546,3.51296687705881,0.37530316645151,1
37,60,1,1,2.54636939647546,3.51296687705881,1.139520905537,1
37,61,1,1,2.54636939647546,3.51296687705881,0.50787192831971,1
37,62,1,1,2.54636939647546,3.51296687705881,0.428788978424618,1
37,63,-1,1,2.30405031007264,2.66878323071716,0.45978150725971,1
37,64,1,1,2.54636939647546,3.51296687705881,0.398621828747981,1
37,65,-1,1,2.30405031007264,2.66878323071716,0.380093361614051,1
37,66,-1,1,2.30405031007264,2.66878323071716,0.482619489127479,1
37,67,-1,1,2.30405031007264,2.66878323071716,0.319074898006932,1
37,68,1,1,2.54636939647546,3.51296687705881,0.690911457088192,1
37,69,1,1,2.54636939647546,3.51296687705881,0.874398504648735,1
37,70,1,1,2.54636939647546,3.51296687705881,0.286273145605028,1
37,71,1,1,2.54636939647546,3.51296687705881,0.978901511015645,1
37,72,1,1,2.54636939647546,3.51296687705881,0.464314478495249,1
37,73,-1,1,2.30405031007264,2.66878323071716,0.308734094961955,1
37,74,1,1,2.54636939647546,3.51296687705881,0.534192583658361,1
37,75,-1,1,2.30405031007264,2.66878323071716,0.295186360994777,1
37,76,1,1,2.54636939647546,3.51296687705881,0.965211444257853,1
37,77,-1,1,2.30405031007264,2.66878323071716,0.62750149368855,1
37,78,-1,1,2.30405031007264,2.66878323071716,0.424319116183383,1
37,79,-1,1,2.30405031007264,2.66878323071716,0.317320315338389,1
37,80,1,1,2.54636939647546,3.51296687705881,0.483167694074009,1
37,81,1,1,2.54636939647546,3.51296687705881,0.620662175944442,1
37,82,1,1,2.54636939647546,3.51296687705881,0.424960587325887,1
37,83,-1,1,2.30405031007264,2.66878323071716,0.752066950455695,1
37,84,1,1,2.54636939647546,3.51296687705881,0.522373236090092,1
37,85,1,1,2.54636939647546,3.51296687705881,0.458931769694467,1
37,86,1,1,2.54636939647546,3.51296687705881,0.510464660640255,1
37,87,-1,1,2.30405031007264,2.66878323071716,0.410969498056247,1
37,88,-1,1,2.30405031007264,2.66878323071716,0.239523821407119,1
37,89,-1,1,2.30405031007264,2.66878323071716,0.322666024595209,1
37,90,-1,1,2.30405031007264,2.66878323071716,1.117126466501,1
37,91,-1,1,2.30405031007264,2.66878323071716,0.915195042857031,1
37,92,1,1,2.54636939647546,3.51296687705881,0.382754081354148,1
37,93,1,1,2.54636939647546,3.51296687705881,0.294886555860267,1
37,94,1,1,2.54636939647546,3.51296687705881,0.501676920239005,1
37,95,-1,1,2.30405031007264,2.66878323071716,0.511735597089434,1
37,96,-1,1,2.30405031007264,2.66878323071716,0.75936820383407,1
37,97,-1,1,2.30405031007264,2.66878323071716,0.352940577280812,1
37,98,1,1,2.54636939647546,3.51296687705881,0.580938056690603,1
37,99,1,1,2.54636939647546,3.51296687705881,1.18592175500322,1
37,100,-1,1,2.30405031007264,2.66878323071716,0.668457686259891,1
37,101,-1,1,2.30405031007264,2.66878323071716,0.406883312447081,1
38,2,-1,1,2.06879020759459,1.63647774756435,0.680433728974213,1
38,3,1,1,2.28636677303323,4.99107703666195,0.751981142236487,1
38,4,-1,1,2.06879020759459,1.63647774756435,0.360353941412107,1
38,5,-1,1,2.06879020759459,1.63647774756435,0.51505209049029,1
38,6,1,1,2.28636677303323,4.99107703666195,0.337549204356668,1
38,7,-1,1,2.06879020759459,1.63647774756435,0.437738386927342,1
38,8,-1,1,2.06879020759459,1.63647774756435,1.391375002137,1
38,9,-1,1,2.06879020759459,1.63647774756435,0.919678921445929,1
38,10,1,1,2.28636677303323,4.99107703666195,0.36181526937498,1
38,11,-1,1,2.06879020759459,1.63647774756435,0.41772086303209,1
38,12,-1,1,2.06879020759459,1.63647774756435,0.418296269570592,1
38,13,1,1,2.28636677303323,4.99107703666195,0.374688721712285,1
38,14,1,1,2.28636677303323,4.99107703666195,0.516377729486872,1
38,15,1,1,2.28636677303323,4.99107703666195,0.337941137569579,1
38,16,-1,1,2.06879020759459,1.63647774756435,1.01737367173117,1
38,17,1,1,2.28636677303323,4.99107703666195,0.603556900387527,1
38,18,-1,1,2.06879020759459,1.63647774756435,0.616758555602874,1
38,19,1,1,2.28636677303323,4.99107703666195,0.313032825406075,1
38,20,1,1,2.28636677303323,4.99107703666195,0.466521129222462,1
38,21,-1,1,2.06879020759459,1.63647774756435,0.583205187484525,1
38,22,-1,1,2.06879020759459,1.63647774756435,0.874286825477588,1
38,23,1,1,2.28636677303323,4.99107703666195,0.417102561086455,1
38,24,-1,1,2.06879020759459,1.63647774756435,0.538437443379665,1
38,25,-1,1,2.06879020759459,1.63647774756435,1.20767756031147,1
38,26,-1,1,2.06879020759459,1.63647774756435,1.67264014541698,1
38,27,1,1,2.28636677303323,4.99107703666195,0.345802076962651,1
38,28,-1,1,2.06879020759459,1.63647774756435,0.935112047002692,1
38,29,1,1,2.28636677303323,4.99107703666195,0.477230430205932,1
38,30,-1,1,2.06879020759459,1.63647774756435,0.783174773665426,1
38,31,-1,1,2.06879020759459,1.63647774756435,0.455240215284019,1
38,32,-1,1,2.06879020759459,1.63647774756435,1.10165726578194,1
38,33,1,1,2.28636677303323,4.99107703666195,0.701411298344295,1
38,34,-1,1,2.06879020759459,1.63647774756435,0.600631037733286,1
38,35,1,1,2.28636677303323,4.99107703666195,0.399668781546014,1
38,36,-1,1,2.06879020759459,1.63647774756435,0.672649016310399,1
38,37,1,1,2.28636677303323,4.99107703666195,0.485622504075745,1
38,38,-1,1,2.06879020759459,1.63647774756435,0.876252444331427,1
38,39,-1,1,2.06879020759459,1.63647774756435,0.631333132257104,1
38,40,1,1,2.28636677303323,4.99107703666195,0.418921590810935,1
38,41,1,1,2.28636677303323,4.99107703666195,0.498572380116712,1
38,42,-1,1,2.06879020759459,1.63647774756435,0.723456029580713,1
38,43,-1,1,2.06879020759459,1.63647774756435,0.58460400128317,1
38,44,1,1,2.28636677303323,4.99107703666195,0.540933752192326,1
38,45,-1,1,2.06879020759459,1.63647774756435,1.6935386585752,1
38,46,-1,1,2.06879020759459,1.63647774756435,0.678072915896998,1
38,47,-1,1,2.06879020759459,1.63647774756435,0.770313004009205,1
38,48,1,1,2.28636677303323,4.99107703666195,0.306128222647407,1
38,49,-1,1,2.06879020759459,1.63647774756435,0.542385799919955,1
38,50,-1,1,2.06879020759459,1.63647774756435,0.666811939991639,1
38,51,1,1,2.28636677303323,4.99107703666195,0.47576523890888,1
38,52,1,1,2.28636677303323,4.99107703666195,0.43931972366837,1
38,53,1,1,2.28636677303323,4.99107703666195,0.531055237515791,1
38,54,1,1,2.28636677303323,4.99107703666195,0.457062995009409,1
38,55,-1,1,2.06879020759459,1.63647774756435,0.50375020456463,1
38,56,-1,1,2.06879020759459,1.63647774756435,0.573796000628689,1
38,57,-1,1,2.06879020759459,1.63647774756435,0.698600432305526,1
38,58,1,1,2.28636677303323,4.99107703666195,0.372072367197118,1
38,59,-1,1,2.06879020759459,1.63647774756435,0.876601690722408,1
38,60,1,1,2.28636677303323,4.99107703666195,0.451474302682787,1
38,61,1,1,2.28636677303323,4.99107703666195,0.301581331207728,1
38,62,1,1,2.28636677303323,4.99107703666195,0.387250771649806,1
38,63,1,1,2.28636677303323,4.99107703666195,0.472675771938901,1
38,64,-1,1,2.06879020759459,1.63647774756435,0.565333974522463,1
38,65,-1,1,2.06879020759459,1.63647774756435,1.607226647789,1
38,66,1,1,2.28636677303323,4.99107703666195,0.36160230800865,1
38,67,1,1,2.28636677303323,4.99107703666195,0.435447043843937,1
38,68,1,1,2.28636677303323,4.99107703666195,0.39715224970656,1
38,69,1,1,2.28636677303323,4.99107703666195,0.37389326722534,1
38,70,1,1,2.28636677303323,4.99107703666195,0.46446959819026,1
38,71,1,1,2.28636677303323,4.99107703666195,0.426702718275817,1
38,72,1,1,2.28636677303323,4.99107703666195,0.380181632467691,1
38,73,1,1,2.28636677303323,4.99107703666195,0.432518498513357,1
38,74,1,1,2.28636677303323,4.99107703666195,0.552542296628848,1
38,75,-1,1,2.06879020759459,1.63647774756435,0.57520899411312,1
38,76,-1,1,2.06879020759459,1.63647774756435,0.567344925384077,1
38,77,1,1,2.28636677303323,4.99107703666195,0.354346575430815,1
38,78,-1,1,2.06879020759459,1.63647774756435,0.726452784123433,1
38,79,1,1,2.28636677303323,4.99107703666195,0.655639124807386,1
38,80,1,1,2.28636677303323,4.99107703666195,0.49059236050669,1
38,81,1,1,2.28636677303323,4.99107703666195,0.478037106406692,1
38,82,1,1,2.28636677303323,4.99107703666195,0.485698927619448,1
38,83,-1,1,2.06879020759459,1.63647774756435,0.667152070717961,1
38,84,1,1,2.28636677303323,4.99107703666195,0.381017803557062,1
38,85,-1,1,2.06879020759459,1.63647774756435,0.542701331979162,1
38,86,1,1,2.28636677303323,4.99107703666195,0.350356339880148,1
38,87,1,1,2.28636677303323,4.99107703666195,0.571571696723477,1
38,88,-1,1,2.06879020759459,1.63647774756435,1.26061855501492,1
38,89,-1,1,2.06879020759459,1.63647774756435,0.819475562414026,1
38,90,1,1,2.28636677303323,4.99107703666195,0.494656045529713,1
38,91,-1,1,2.06879020759459,1.63647774756435,0.389492653637989,1
38,92,-1,1,2.06879020759459,1.63647774756435,0.724873847606545,1
38,93,1,1,2.28636677303323,4.99107703666195,0.36668281366033,1
38,94,-1,1,2.06879020759459,1.63647774756435,0.550838535373574,1
38,95,1,1,2.28636677303323,4.99107703666195,0.573698523909054,1
38,96,-1,1,2.06879020759459,1.63647774756435,1.88484710214382,1
38,97,-1,1,2.06879020759459,1.63647774756435,0.440645022228226,1
38,98,1,1,2.28636677303323,4.99107703666195,0.486125757509438,1
38,99,-1,1,2.06879020759459,1.63647774756435,0.573975677344122,1
38,100,1,1,2.28636677303323,4.99107703666195,0.359462222010929,1
38,101,-1,1,2.06879020759459,1.63647774756435,0.793795002385628,1
39,2,-1,1,2.0000279143306,1.73565902432847,0.407053105652072,1
39,3,-1,1,2.0000279143306,1.73565902432847,0.720863001523721,1
39,4,-1,1,2.0000279143306,1.73565902432847,0.418686358579915,1
39,5,-1,1,2.0000279143306,1.73565902432847,0.614827866457208,1
39,6,-1,1,2.0000279143306,1.73565902432847,0.731569237484076,1
39,7,-1,1,2.0000279143306,1.73565902432847,0.532725843358297,1
39,8,-1,1,2.0000279143306,1.73565902432847,0.493124840515124,1
39,9,1,1,2.21037268625767,2.85055147728515,0.526024547028737,1
39,10,-1,1,2.0000279143306,1.73565902432847,0.507212550154921,1
39,11,1,1,2.21037268625767,2.85055147728515,0.735655877066196,1
39,12,1,1,2.21037268625767,2.85055147728515,0.985077850947398,1
39,13,-1,1,2.0000279143306,1.73565902432847,0.634941906593989,1
39,14,-1,1,2.0000279143306,1.73565902432847,0.891272082272898,1
39,15,1,1,2.21037268625767,2.85055147728515,0.614859844327957,1
39,16,1,1,2.21037268625767,2.85055147728515,0.473072569254439,1
39,17,1,1,2.21037268625767,2.85055147728515,0.526981940252607,1
39,18,1,1,2.21037268625767,2.85055147728515,0.331048626355962,1
39,19,-1,1,2.0000279143306,1.73565902432847,0.398367068602118,1
39,20,1,1,2.21037268625767,2.85055147728515,0.635626305895334,1
39,21,-1,1,2.0000279143306,1.73565902432847,0.663090041535755,1
39,22,1,1,2.21037268625767,2.85055147728515,0.423855905863218,1
39,23,1,1,2.21037268625767,2.85055147728515,1.05261394420589,1
39,24,1,1,2.21037268625767,2.85055147728515,0.550768658095271,1
39,25,-1,1,2.0000279143306,1.73565902432847,0.343674068054873,1
39,26,-1,1,2.0000279143306,1.73565902432847,0.366016576842035,1
39,27,-1,1,2.0000279143306,1.73565902432847,0.424625932826276,1
39,28,1,1,2.21037268625767,2.85055147728515,0.728741150618684,1
39,29,-1,1,2.0000279143306,1.73565902432847,0.469396068709153,1
39,30,1,1,2.21037268625767,2.85055147728515,1.01463623107569,1
39,31,-1,1,2.0000279143306,1.73565902432847,0.422205667106489,1
39,32,-1,1,2.0000279143306,1.73565902432847,0.688880768651071,1
39,33,-1,1,2.0000279143306,1.73565902432847,0.342893119284486,1
39,34,1,1,2.21037268625767,2.85055147728515,0.801650544998526,1
39,35,1,1,2.21037268625767,2.85055147728515,0.338270761727892,1
39,36,-1,1,2.0000279143306,1.73565902432847,0.458797390616782,1
39,37,1,1,2.21037268625767,2.85055147728515,0.498151019713578,1
39,38,1,1,2.21037268625767,2.85055147728515,0.387716109801937,1
39,39,1,1,2.21037268625767,2.85055147728515,0.415413075408189,1
39,40,1,1,2.21037268625767,2.85055147728515,0.679573196385979,1
39,41,1,1,2.21037268625767,2.85055147728515,0.525976919140592,1
39,42,1,1,2.21037268625767,2.85055147728515,0.555759514532362,1
39,43,1,1,2.21037268625767,2.85055147728515,0.865978252973956,1
39,44,-1,1,2.0000279143306,1.73565902432847,0.677649147815446,1
39,45,-1,1,2.0000279143306,1.73565902432847,0.6270992418812,1
39,46,-1,1,2.0000279143306,1.73565902432847,1.07776845829938,1
39,47,1,1,2.21037268625767,2.85055147728515,0.851509060768774,1
39,48,1,1,2.21037268625767,2.85055147728515,0.468993392918722,1
39,49,1,1,2.21037268625767,2.85055147728515,0.321203413796031,1
39,50,-1,1,2.0000279143306,1.73565902432847,0.427629020794298,1
39,51,1,1,2.21037268625767,2.85055147728515,0.628608126402997,1
39,52,1,1,2.21037268625767,2.85055147728515,0.562341819979926,1
39,53,1,1,2.21037268625767,2.85055147728515,0.542078705327839,1
39,54,1,1,2.21037268625767,2.85055147728515,0.647108587494766,1
39,55,-1,1,2.0000279143306,1.73565902432847,0.517424518732036,1
39,56,-1,1,2.0000279143306,1.73565902432847,0.804133474335009,1
39,57,-1,1,2.0000279143306,1.73565902432847,0.552188275061377,-1
39,58,-1,-1,1.90629418024665,1.35905044695945,0.810538562429972,1
39,59,-1,1,2.0000279143306,1.73565902432847,0.499312912047673,1
39,60,-1,1,2.0000279143306,1.73565902432847,1.77039706268763,1
39,61,1,1,2.21037268625767,2.85055147728515,0.802803280886848,1
39,62,1,1,2.21037268625767,2.85055147728515,0.367764609704304,1
39,63,1,1,2.21037268625767,2.85055147728515,0.806227994929939,1
39,64,1,1,2.21037268625767,2.85055147728515,0.554656608406075,1
39,65,1,1,2.21037268625767,2.85055147728515,0.321468531064967,1
39,66,1,1,2.21037268625767,2.85055147728515,0.384679607936033,1
39,67,-1,1,2.0000279143306,1.73565902432847,1.0193797790532,1
39,68,-1,1,2.0000279143306,1.73565902432847,0.459124114005859,1
39,69,-1,1,2.0000279143306,1.73565902432847,0.720520956352167,1
39,70,1,1,2.21037268625767,2.85055147728515,0.825267215052059,1
39,71,1,1,2.21037268625767,2.85055147728515,0.658521667235216,1
39,72,1,1,2.21037268625767,2.85055147728515,0.622480731864362,1
39,73,1,1,2.21037268625767,2.85055147728515,1.58770143903465,1
39,74,-1,1,2.0000279143306,1.73565902432847,0.530693997253574,1
39,75,-1,1,2.0000279143306,1.73565902432847,1.39030089877516,1
39,76,-1,1,2.0000279143306,1.73565902432847,0.644017489923473,1
39,77,-1,1,2.0000279143306,1.73565902432847,0.464430465569065,1
39,78,1,1,2.21037268625767,2.85055147728515,0.527198576247132,1
39,79,1,1,2.21037268625767,2.85055147728515,0.489114566029046,1
39,80,1,1,2.21037268625767,2.85055147728515,0.430925383289475,1
39,81,1,1,2.21037268625767,2.85055147728515,0.328254310459466,1
39,82,-1,1,2.0000279143306,1.73565902432847,0.37257095492453,1
39,83,-1,1,2.0000279143306,1.73565902432847,0.404901439633707,1
39,84,-1,1,2.0000279143306,1.73565902432847,0.390866406803656,1
39,85,1,1,2.21037268625767,2.85055147728515,0.422596452599221,1
39,86,1,1,2.21037268625767,2.85055147728515,0.569744875626804,1
39,87,1,1,2.21037268625767,2.85055147728515,1.18169736764568,1
39,88,-1,1,2.0000279143306,1.73565902432847,0.784907139239713,1
39,89,-1,1,2.0000279143306,1.73565902432847,0.453496425475061,1
39,90,1,1,2.21037268625767,2.85055147728515,0.465074214105498,1
39,91,-1,1,2.0000279143306,1.73565902432847,0.35464722192765,1
39,92,1,1,2.21037268625767,2.85055147728515,0.675782865258685,1
39,93,-1,1,2.0000279143306,1.73565902432847,0.452863665567131,-1
39,94,1,-1,2.10678088930545,2.85473905142694,0.500588135522811,1
39,95,-1,1,2.0000279143306,1.73565902432847,0.561873715849543,1
39,96,-1,1,2.0000279143306,1.73565902432847,0.35961686155564,-1
39,97,-1,-1,1.90629418024665,1.35905044695945,0.8460909408147,1
39,98,1,1,2.21037268625767,2.85055147728515,0.475980462840495,1
39,99,-1,1,2.0000279143306,1.73565902432847,0.38387874794523,1
39,100,-1,1,2.0000279143306,1.73565902432847,0.561156428787063,1
39,101,-1,1,2.0000279143306,1.73565902432847,2.28435092121177,1
40,2,-1,1,2.25308468545118,0.447018551488936,2.11592989995129,-1
40,3,-1,-1,2.14749113885041,0.668031413004706,1.47033486374847,1
40,4,1,1,2.49004367032226,4.34718617435704,0.735619099654511,1
40,5,-1,1,2.25308468545118,0.447018551488936,0.348910640296933,1
40,6,-1,1,2.25308468545118,0.447018551488936,0.614748494765427,-1
40,7,1,-1,2.37334475348263,3.33776386114932,0.380673979865539,1
40,8,1,1,2.49004367032226,4.34718617435704,0.313606688238667,1
40,9,-1,1,2.25308468545118,0.447018551488936,0.457898516461165,1
40,10,-1,1,2.25308468545118,0.447018551488936,0.8341017418472,1
40,11,-1,1,2.25308468545118,0.447018551488936,2.79664112281405,-1
40,12,1,-1,2.37334475348263,3.33776386114932,0.510605311692521,1
40,13,-1,1,2.25308468545118,0.447018551488936,2.35381663979279,1
40,14,1,1,2.49004367032226,4.34718617435704,0.56544185419778,1
40,15,1,1,2.49004367032226,4.34718617435704,0.499707315294335,1
40,16,1,1,2.49004367032226,4.34718617435704,0.359825019449675,1
40,17,-1,1,2.25308468545118,0.447018551488936,0.585657551652702,-1
40,18,1,-1,2.37334475348263,3.33776386114932,0.453417837969251,1
40,19,1,1,2.49004367032226,4.34718617435704,0.290070309235015,1
40,20,1,1,2.49004367032226,4.34718617435704,0.272145294612413,1
40,21,1,1,2.49004367032226,4.34718617435704,0.435449790157993,1
40,22,-1,1,2.25308468545118,0.447018551488936,0.612437177233488,1
40,23,1,1,2.49004367032226,4.34718617435704,0.293594414694902,1
40,24,-1,1,2.25308468545118,0.447018551488936,0.68449342616216,1
40,25,-1,1,2.25308468545118,0.447018551488936,0.865047591255366,1
40,26,-1,1,2.25308468545118,0.447018551488936,0.719732735877478,1
40,27,1,1,2.49004367032226,4.34718617435704,0.392116695729532,1
40,28,1,1,2.49004367032226,4.34718617435704,0.402538271706748,1
40,29,-1,1,2.25308468545118,0.447018551488936,1.32045624251307,-1
40,30,-1,-1,2.14749113885041,0.668031413004706,1.36628847664722,1
40,31,-1,1,2.25308468545118,0.447018551488936,3.28457249764002,-1
40,32,-1,-1,2.14749113885041,0.668031413004706,2.64021400004079,-1
40,33,-1,-1,2.14749113885041,0.668031413004706,3.03593095552643,1
40,34,-1,1,2.25308468545118,0.447018551488936,0.984718087282595,1
40,35,-1,1,2.25308468545118,0.447018551488936,0.949615418968285,1
40,36,-1,1,2.25308468545118,0.447018551488936,0.397419331226194,1
40,37,1,1,2.49004367032226,4.34718617435704,0.611077397316516,1
40,38,-1,1,2.25308468545118,0.447018551488936,0.67574922738759,1
40,39,-1,1,2.25308468545118,0.447018551488936,0.901903197727812,-1
40,40,-1,-1,2.14749113885041,0.668031413004706,2.87781456870389,1
40,41,-1,1,2.25308468545118,0.447018551488936,1.33321379191853,1
40,42,1,1,2.49004367032226,4.34718617435704,0.459062899129721,1
40,43,1,1,2.49004367032226,4.34718617435704,0.400602901606222,1
40,44,-1,1,2.25308468545118,0.447018551488936,1.86670889589606,1
40,45,1,1,2.49004367032226,4.34718617435704,0.390016507518527,1
40,46,-1,1,2.25308468545118,0.447018551488936,0.538129719484409,-1
40,47,-1,-1,2.14749113885041,0.668031413004706,1.3477663908606,1
40,48,1,1,2.49004367032226,4.34718617435704,0.321232179001531,1
40,49,1,1,2.49004367032226,4.34718617435704,0.428031118824855,1
40,50,-1,1,2.25308468545118,0.447018551488936,2.27234586130704,-1
40,51,1,-1,2.37334475348263,3.33776386114932,0.341316697863157,1
40,52,-1,1,2.25308468545118,0.447018551488936,2.23276395895546,1
40,53,-1,1,2.25308468545118,0.447018551488936,1.39609702705449,1
40,54,-1,1,2.25308468545118,0.447018551488936,0.767109728900503,1
40,55,1,1,2.49004367032226,4.34718617435704,0.286727162489551,1
40,56,-1,1,2.25308468545118,0.447018551488936,0.937896002112618,-1
40,57,1,-1,2.37334475348263,3.33776386114932,0.502231391212057,1
40,58,-1,1,2.25308468545118,0.447018551488936,0.51877724170597,1
40,59,-1,1,2.25308468545118,0.447018551488936,2.9328098796657,-1
40,60,1,-1,2.37334475348263,3.33776386114932,0.427829053679222,1
40,61,-1,1,2.25308468545118,0.447018551488936,1.33046746976773,1
40,62,-1,1,2.25308468545118,0.447018551488936,0.50141485094264,1
40,63,-1,1,2.25308468545118,0.447018551488936,0.476740808063743,1
40,64,-1,1,2.25308468545118,0.447018551488936,0.67681673700543,1
40,65,1,1,2.49004367032226,4.34718617435704,0.449337997993309,1
40,66,1,1,2.49004367032226,4.34718617435704,0.440339101670215,1
40,67,1,1,2.49004367032226,4.34718617435704,0.544578251395569,1
40,68,1,1,2.49004367032226,4.34718617435704,0.883028734614667,1
40,69,1,1,2.49004367032226,4.34718617435704,0.618414489698074,1
40,70,1,1,2.49004367032226,4.34718617435704,0.410934910022893,1
40,71,1,1,2.49004367032226,4.34718617435704,0.517069545292112,1
40,72,-1,1,2.25308468545118,0.447018551488936,0.760689808815978,-1
40,73,1,-1,2.37334475348263,3.33776386114932,0.483345015973922,1
40,74,1,1,2.49004367032226,4.34718617435704,0.440222056237988,1
40,75,-1,1,2.25308468545118,0.447018551488936,2.35081922037998,-1
40,76,1,-1,2.37334475348263,3.33776386114932,0.459340954667067,1
40,77,1,1,2.49004367032226,4.34718617435704,0.289212270435153,1
40,78,1,1,2.49004367032226,4.34718617435704,0.684985098066188,1
40,79,1,1,2.49004367032226,4.34718617435704,0.409197858332699,1
40,80,-1,1,2.25308468545118,0.447018551488936,1.15181174262952,1
40,81,-1,1,2.25308468545118,0.447018551488936,0.407545006997486,1
40,82,-1,1,2.25308468545118,0.447018551488936,1.05210665310815,1
40,83,1,1,2.49004367032226,4.34718617435704,0.492409677042616,1
40,84,1,1,2.49004367032226,4.34718617435704,0.367035207519464,1
40,85,1,1,2.49004367032226,4.34718617435704,0.342882386680885,1
40,86,-1,1,2.25308468545118,0.447018551488936,1.47572811972642,1
40,87,1,1,2.49004367032226,4.34718617435704,0.58137733581112,1
40,88,1,1,2.49004367032226,4.34718617435704,0.517130425955146,1
40,89,-1,1,2.25308468545118,0.447018551488936,0.630131496828836,1
40,90,1,1,2.49004367032226,4.34718617435704,0.620055955918725,1
40,91,-1,1,2.25308468545118,0.447018551488936,1.54102715021281,-1
40,92,1,-1,2.37334475348263,3.33776386114932,0.458646186108969,1
40,93,1,1,2.49004367032226,4.34718617435704,0.643641458509932,1
40,94,1,1,2.49004367032226,4.34718617435704,0.27439857537674,1
40,95,-1,1,2.25308468545118,0.447018551488936,0.40137229255441,1
40,96,1,1,2.49004367032226,4.34718617435704,0.463481232466647,1
40,97,-1,1,2.25308468545118,0.447018551488936,1.60571334022868,1
40,98,-1,1,2.25308468545118,0.447018551488936,0.622184512492079,1
40,99,1,1,2.49004367032226,4.34718617435704,0.270599700897914,1
40,100,1,1,2.49004367032226,4.34718617435704,0.393493703919094,1
40,101,1,1,2.49004367032226,4.34718617435704,0.507789894846261,1
41,2,1,1,1.65155186794949,4.36017484270322,0.422702094249686,1
41,3,-1,1,1.49438592794788,0.854941031117731,0.54004293383258,1
41,4,-1,1,1.49438592794788,0.854941031117731,0.617753119986296,1
41,5,1,1,1.65155186794949,4.36017484270322,0.490115024917382,1
41,6,1,1,1.65155186794949,4.36017484270322,0.415545951773175,1
41,7,-1,1,1.49438592794788,0.854941031117731,0.547666281863202,-1
41,8,1,-1,1.57414988645362,3.63076120182963,0.386378258083294,1
41,9,1,1,1.65155186794949,4.36017484270322,0.727286261054335,1
41,10,1,1,1.65155186794949,4.36017484270322,0.370399416310805,1
41,11,-1,1,1.49438592794788,0.854941031117731,0.362544454130765,1
41,12,-1,1,1.49438592794788,0.854941031117731,2.26903906647219,-1
41,13,-1,-1,1.42434971886029,-0.045877075650574,0.477277524234278,1
41,14,1,1,1.65155186794949,4.36017484270322,0.31666299110423,1
41,15,-1,1,1.49438592794788,0.854941031117731,0.74425425083235,-1
41,16,-1,-1,1.42434971886029,-0.045877075650574,0.458535791834924,-1
41,17,1,-1,1.57414988645362,3.63076120182963,0.459835528178963,1
41,18,1,1,1.65155186794949,4.36017484270322,0.694297187252858,1
41,19,1,1,1.65155186794949,4.36017484270322,0.36035552788613,1
41,20,-1,1,1.49438592794788,0.854941031117731,0.517689554042685,1
41,21,1,1,1.65155186794949,4.36017484270322,0.597805686411755,1
41,22,-1,1,1.49438592794788,0.854941031117731,1.1759510993924,1
41,23,1,1,1.65155186794949,4.36017484270322,0.420763986425696,1
41,24,-1,1,1.49438592794788,0.854941031117731,1.32414131718086,1
41,25,1,1,1.65155186794949,4.36017484270322,0.372258158309119,1
41,26,1,1,1.65155186794949,4.36017484270322,0.751887370154005,1
41,27,1,1,1.65155186794949,4.36017484270322,0.412914869767609,1
41,28,-1,1,1.49438592794788,0.854941031117731,0.997305749467313,1
41,29,-1,1,1.49438592794788,0.854941031117731,0.604188199784348,1
41,30,1,1,1.65155186794949,4.36017484270322,0.40711755672266,1
41,31,1,1,1.65155186794949,4.36017484270322,0.432462791343684,1
41,32,1,1,1.65155186794949,4.36017484270322,0.339608270825538,1
41,33,-1,1,1.49438592794788,0.854941031117731,0.710518573936898,-1
41,34,-1,-1,1.42434971886029,-0.045877075650574,0.924639258861195,1
41,35,-1,1,1.49438592794788,0.854941031117731,1.71712010402965,-1
41,36,-1,-1,1.42434971886029,-0.045877075650574,1.09782132532227,1
41,37,-1,1,1.49438592794788,0.854941031117731,0.498206980054877,1
41,38,-1,1,1.49438592794788,0.854941031117731,1.1798734252204,1
41,39,-1,1,1.49438592794788,0.854941031117731,0.760835631858946,1
41,40,-1,1,1.49438592794788,0.854941031117731,0.440809420511398,1
41,41,1,1,1.65155186794949,4.36017484270322,0.483795328944908,1
41,42,-1,1,1.49438592794788,0.854941031117731,1.05901549373808,1
41,43,1,1,1.65155186794949,4.36017484270322,0.356948531989222,1
41,44,-1,1,1.49438592794788,0.854941031117731,0.461873696350222,1
41,45,1,1,1.65155186794949,4.36017484270322,0.380866360229957,1
41,46,1,1,1.65155186794949,4.36017484270322,0.434156467766712,1
41,47,1,1,1.65155186794949,4.36017484270322,0.355908748738305,1
41,48,1,1,1.65155186794949,4.36017484270322,0.391552859232897,1
41,49,-1,1,1.49438592794788,0.854941031117731,0.454211482198215,1
41,50,-1,1,1.49438592794788,0.854941031117731,1.47061396816385,1
41,51,1,1,1.65155186794949,4.36017484270322,0.497231621741034,1
41,52,1,1,1.65155186794949,4.36017484270322,0.367727885831866,1
41,53,-1,1,1.49438592794788,0.854941031117731,0.404953328726301,-1
41,54,-1,-1,1.42434971886029,-0.045877075650574,0.339893253943813,1
41,55,-1,1,1.49438592794788,0.854941031117731,0.855067575053755,1
41,56,-1,1,1.49438592794788,0.854941031117731,0.802655804335845,1
41,57,1,1,1.65155186794949,4.36017484270322,0.587716248736506,1
41,58,1,1,1.65155186794949,4.36017484270322,0.340651589132299,1
41,59,1,1,1.65155186794949,4.36017484270322,0.441998196415478,1
41,60,-1,1,1.49438592794788,0.854941031117731,1.41597805384196,1
41,61,1,1,1.65155186794949,4.36017484270322,0.401648044017575,1
41,62,1,1,1.65155186794949,4.36017484270322,0.348476356159143,1
41,63,1,1,1.65155186794949,4.36017484270322,0.413777131373326,1
41,64,-1,1,1.49438592794788,0.854941031117731,0.889215271819543,1
41,65,-1,1,1.49438592794788,0.854941031117731,0.54184766990665,1
41,66,-1,1,1.49438592794788,0.854941031117731,0.736864060968053,1
41,67,-1,1,1.49438592794788,0.854941031117731,0.404755700042459,1
41,68,-1,1,1.49438592794788,0.854941031117731,0.988167016567579,1
41,69,1,1,1.65155186794949,4.36017484270322,0.351246398337078,1
41,70,1,1,1.65155186794949,4.36017484270322,0.368947188053768,1
41,71,1,1,1.65155186794949,4.36017484270322,0.357192028380935,1
41,72,-1,1,1.49438592794788,0.854941031117731,0.579377385026219,1
41,73,1,1,1.65155186794949,4.36017484270322,0.395305034300591,1
41,74,1,1,1.65155186794949,4.36017484270322,0.412300364272193,1
41,75,-1,1,1.49438592794788,0.854941031117731,0.528467572177575,1
41,76,1,1,1.65155186794949,4.36017484270322,0.625752149026142,1
41,77,1,1,1.65155186794949,4.36017484270322,0.37323646456511,1
41,78,1,1,1.65155186794949,4.36017484270322,0.54507514476837,1
41,79,-1,1,1.49438592794788,0.854941031117731,0.475763451380481,1
41,80,-1,1,1.49438592794788,0.854941031117731,0.59155673983335,1
41,81,-1,1,1.49438592794788,0.854941031117731,0.498066793749751,1
41,82,-1,1,1.49438592794788,0.854941031117731,0.576307932016156,-1
41,83,-1,-1,1.42434971886029,-0.045877075650574,0.414733022979214,1
41,84,-1,1,1.49438592794788,0.854941031117731,0.4312481208091,-1
41,85,1,-1,1.57414988645362,3.63076120182963,0.390157296327627,1
41,86,1,1,1.65155186794949,4.36017484270322,0.382757231700475,1
41,87,-1,1,1.49438592794788,0.854941031117731,0.489597771212305,1
41,88,-1,1,1.49438592794788,0.854941031117731,1.17933936264887,1
41,89,-1,1,1.49438592794788,0.854941031117731,1.21774126129505,-1
41,90,-1,-1,1.42434971886029,-0.045877075650574,0.811440245220315,1
41,91,1,1,1.65155186794949,4.36017484270322,0.4522478813895,1
41,92,-1,1,1.49438592794788,0.854941031117731,0.796124614018579,-1
41,93,1,-1,1.57414988645362,3.63076120182963,0.675042464838826,1
41,94,1,1,1.65155186794949,4.36017484270322,0.380251000908149,1
41,95,1,1,1.65155186794949,4.36017484270322,0.568099018784318,1
41,96,-1,1,1.49438592794788,0.854941031117731,0.403875948145231,1
41,97,1,1,1.65155186794949,4.36017484270322,0.363385626206721,1
41,98,1,1,1.65155186794949,4.36017484270322,0.379038742546315,1
41,99,1,1,1.65155186794949,4.36017484270322,0.396902849885923,1
41,100,1,1,1.65155186794949,4.36017484270322,0.387918935978424,1
41,101,-1,1,1.49438592794788,0.854941031117731,0.548441619999127,1
42,2,1,1,2.46976672683257,4.53562419958991,0.446316532413021,1
42,3,-1,1,2.23473734825831,1.96988362262676,0.524540156945344,1
42,4,-1,1,2.23473734825831,1.96988362262676,0.996072090772955,1
42,5,1,1,2.46976672683257,4.53562419958991,0.560747137752888,1
42,6,-1,1,2.23473734825831,1.96988362262676,0.722836711918103,1
42,7,1,1,2.46976672683257,4.53562419958991,0.535820368025933,1
42,8,1,1,2.46976672683257,4.53562419958991,0.43294378649211,1
42,9,1,1,2.46976672683257,4.53562419958991,0.479002225436057,1
42,10,-1,1,2.23473734825831,1.96988362262676,0.640751753216262,1
42,11,-1,1,2.23473734825831,1.96988362262676,0.585154758725638,1
42,12,-1,1,2.23473734825831,1.96988362262676,0.517446632196574,1
42,13,-1,1,2.23473734825831,1.96988362262676,0.818818893959819,1
42,14,-1,1,2.23473734825831,1.96988362262676,1.185931684811,1
42,15,1,1,2.46976672683257,4.53562419958991,0.55325110559319,1
42,16,-1,1,2.23473734825831,1.96988362262676,0.466912607259151,1
42,17,-1,1,2.23473734825831,1.96988362262676,0.780132061349031,1
42,18,1,1,2.46976672683257,4.53562419958991,0.612996667516524,1
42,19,1,1,2.46976672683257,4.53562419958991,0.550617625098166,1
42,20,1,1,2.46976672683257,4.53562419958991,0.385716855198805,1
42,21,1,1,2.46976672683257,4.53562419958991,0.563981424400589,1
42,22,-1,1,2.23473734825831,1.96988362262676,0.442988375380423,1
42,23,-1,1,2.23473734825831,1.96988362262676,0.894795182233821,1
42,24,-1,1,2.23473734825831,1.96988362262676,0.399939399813225,1
42,25,-1,1,2.23473734825831,1.96988362262676,1.54228502825817,1
42,26,-1,1,2.23473734825831,1.96988362262676,1.69090670258359,1
42,27,1,1,2.46976672683257,4.53562419958991,0.479720096152637,1
42,28,-1,1,2.23473734825831,1.96988362262676,1.10337611025841,1
42,29,1,1,2.46976672683257,4.53562419958991,0.579600496940927,1
42,30,1,1,2.46976672683257,4.53562419958991,0.490590783047308,1
42,31,-1,1,2.23473734825831,1.96988362262676,0.695876612724541,1
42,32,1,1,2.46976672683257,4.53562419958991,0.605464311863133,1
42,33,-1,1,2.23473734825831,1.96988362262676,1.01446402741115,1
42,34,1,1,2.46976672683257,4.53562419958991,0.395740044965426,1
42,35,1,1,2.46976672683257,4.53562419958991,0.485561473324293,1
42,36,-1,1,2.23473734825831,1.96988362262676,0.380485216723609,1
42,37,-1,1,2.23473734825831,1.96988362262676,0.424607052329791,1
42,38,-1,1,2.23473734825831,1.96988362262676,0.500779264982924,1
42,39,1,1,2.46976672683257,4.53562419958991,0.477263878495774,1
42,40,-1,1,2.23473734825831,1.96988362262676,0.482772900896989,1
42,41,-1,1,2.23473734825831,1.96988362262676,0.942682081748894,1
42,42,-1,1,2.23473734825831,1.96988362262676,0.42012889912086,1
42,43,-1,1,2.23473734825831,1.96988362262676,0.667135043868956,1
42,44,1,1,2.46976672683257,4.53562419958991,0.343273119279815,1
42,45,1,1,2.46976672683257,4.53562419958991,0.593582703351003,1
42,46,1,1,2.46976672683257,4.53562419958991,0.595952070078061,1
42,47,1,1,2.46976672683257,4.53562419958991,0.614550508024808,1
42,48,1,1,2.46976672683257,4.53562419958991,0.53713637735334,1
42,49,-1,1,2.23473734825831,1.96988362262676,0.396400643199512,1
42,50,1,1,2.46976672683257,4.53562419958991,0.483677512815118,1
42,51,1,1,2.46976672683257,4.53562419958991,0.550483662517899,1
42,52,-1,1,2.23473734825831,1.96988362262676,0.745196779054049,1
42,53,1,1,2.46976672683257,4.53562419958991,0.53137583612135,1
42,54,1,1,2.46976672683257,4.53562419958991,0.386412160065708,1
42,55,1,1,2.46976672683257,4.53562419958991,0.451430579405281,1
42,56,1,1,2.46976672683257,4.53562419958991,0.46119736268823,1
42,57,-1,1,2.23473734825831,1.96988362262676,0.408778373568691,1
42,58,1,1,2.46976672683257,4.53562419958991,0.562008456360466,1
42,59,1,1,2.46976672683257,4.53562419958991,0.541485683410192,1
42,60,1,1,2.46976672683257,4.53562419958991,0.455696668749906,1
42,61,-1,1,2.23473734825831,1.96988362262676,0.697727911403417,1
42,62,1,1,2.46976672683257,4.53562419958991,0.428449083779991,1
42,63,1,1,2.46976672683257,4.53562419958991,0.437524699457544,1
42,64,-1,1,2.23473734825831,1.96988362262676,0.468910908023599,1
42,65,-1,1,2.23473734825831,1.96988362262676,1.0380660110181,1
42,66,1,1,2.46976672683257,4.53562419958991,0.490336466702777,1
42,67,-1,1,2.23473734825831,1.96988362262676,0.382312603951322,1
42,68,1,1,2.46976672683257,4.53562419958991,0.598440352534515,1
42,69,-1,1,2.23473734825831,1.96988362262676,0.82102144513484,1
42,70,1,1,2.46976672683257,4.53562419958991,0.396147224384672,1
42,71,-1,1,2.23473734825831,1.96988362262676,0.820035588923724,1
42,72,1,1,2.46976672683257,4.53562419958991,0.381742697508143,1
42,73,1,1,2.46976672683257,4.53562419958991,0.486944871287411,1
42,74,-1,1,2.23473734825831,1.96988362262676,0.980980618447901,1
42,75,1,1,2.46976672683257,4.53562419958991,0.411086475964867,1
42,76,1,1,2.46976672683257,4.53562419958991,0.404897042024955,1
42,77,-1,1,2.23473734825831,1.96988362262676,0.762356029434508,1
42,78,-1,1,2.23473734825831,1.96988362262676,1.57537850512498,1
42,79,-1,1,2.23473734825831,1.96988362262676,1.10963942669249,-1
42,80,-1,-1,2.13000367186898,0.344071376424169,0.964542441590044,1
42,81,-1,1,2.23473734825831,1.96988362262676,0.929046958924688,1
42,82,-1,1,2.23473734825831,1.96988362262676,0.743188009861338,1
42,83,-1,1,2.23473734825831,1.96988362262676,0.691303841099448,1
42,84,1,1,2.46976672683257,4.53562419958991,0.35987617650847,1
42,85,-1,1,2.23473734825831,1.96988362262676,0.623126192794285,1
42,86,-1,1,2.23473734825831,1.96988362262676,1.03077339533787,1
42,87,-1,1,2.23473734825831,1.96988362262676,0.990725583348907,1
42,88,-1,1,2.23473734825831,1.96988362262676,1.82199639559517,1
42,89,1,1,2.46976672683257,4.53562419958991,0.547902636518096,1
42,90,1,1,2.46976672683257,4.53562419958991,0.520443634781755,1
42,91,1,1,2.46976672683257,4.53562419958991,0.491426414956558,1
42,92,-1,1,2.23473734825831,1.96988362262676,0.488648373766829,1
42,93,-1,1,2.23473734825831,1.96988362262676,0.653299202814194,1
42,94,-1,1,2.23473734825831,1.96988362262676,1.20297709410081,1
42,95,1,1,2.46976672683257,4.53562419958991,0.485487260018089,1
42,96,1,1,2.46976672683257,4.53562419958991,0.671416464470688,1
42,97,1,1,2.46976672683257,4.53562419958991,0.443161463457871,1
42,98,1,1,2.46976672683257,4.53562419958991,0.59367747370385,1
42,99,1,1,2.46976672683257,4.53562419958991,0.442046229657272,1
42,100,-1,1,2.23473734825831,1.96988362262676,1.40852373729407,-1
42,101,1,-1,2.35401811354394,1.95042080135915,0.417995572310041,1
43,2,-1,1,1.36086290235435,1.42625902095776,0.885074479112801,1
43,3,-1,1,1.36086290235435,1.42625902095776,0.739180481453012,1
43,4,-1,1,1.36086290235435,1.42625902095776,0.332069093424812,1
43,5,1,1,1.50398610317005,3.88973620793716,0.270041334320778,1
43,6,-1,1,1.36086290235435,1.42625902095776,0.520363833893414,1
43,7,-1,1,1.36086290235435,1.42625902095776,0.336791190426952,1
43,8,1,1,1.50398610317005,3.88973620793716,0.531933559231023,1
43,9,1,1,1.50398610317005,3.88973620793716,0.44698333966405,1
43,10,1,1,1.50398610317005,3.88973620793716,0.318395990158436,1
43,11,1,1,1.50398610317005,3.88973620793716,0.259729281083851,1
43,12,-1,1,1.36086290235435,1.42625902095776,0.5633682714463,1
43,13,1,1,1.50398610317005,3.88973620793716,0.307974570521967,1
43,14,1,1,1.50398610317005,3.88973620793716,0.387747349724615,1
43,15,1,1,1.50398610317005,3.88973620793716,0.364284818939233,1
43,16,1,1,1.50398610317005,3.88973620793716,1.3467716387184,1
43,17,1,1,1.50398610317005,3.88973620793716,0.316511146345844,1
43,18,1,1,1.50398610317005,3.88973620793716,0.366298329982446,1
43,19,1,1,1.50398610317005,3.88973620793716,0.570197284739596,1
43,20,-1,1,1.36086290235435,1.42625902095776,0.339977081196344,1
43,21,-1,1,1.36086290235435,1.42625902095776,0.906023978881198,1
43,22,-1,1,1.36086290235435,1.42625902095776,0.354328321261711,1
43,23,-1,1,1.36086290235435,1.42625902095776,0.42362668978911,1
43,24,-1,1,1.36086290235435,1.42625902095776,0.353163812015748,-1
43,25,-1,-1,1.29708441181429,1.32026032883412,0.470014486634862,1
43,26,-1,1,1.36086290235435,1.42625902095776,0.332316252175936,1
43,27,1,1,1.50398610317005,3.88973620793716,0.266900323721734,1
43,28,-1,1,1.36086290235435,1.42625902095776,0.224249872273133,1
43,29,-1,1,1.36086290235435,1.42625902095776,0.54161384870586,1
43,30,-1,1,1.36086290235435,1.42625902095776,0.574448255241437,1
43,31,-1,1,1.36086290235435,1.42625902095776,0.758367725200607,1
43,32,-1,1,1.36086290235435,1.42625902095776,0.524549926690071,1
43,33,1,1,1.50398610317005,3.88973620793716,0.343745768846172,1
43,34,1,1,1.50398610317005,3.88973620793716,0.599658755628966,1
43,35,-1,1,1.36086290235435,1.42625902095776,0.293168580849393,1
43,36,1,1,1.50398610317005,3.88973620793716,0.469180173294857,1
43,37,1,1,1.50398610317005,3.88973620793716,0.272053218314949,1
43,38,-1,1,1.36086290235435,1.42625902095776,0.475719859340152,1
43,39,-1,1,1.36086290235435,1.42625902095776,0.394748122878385,1
43,40,-1,1,1.36086290235435,1.42625902095776,0.43193130389872,1
43,41,1,1,1.50398610317005,3.88973620793716,0.291164618759385,1
43,42,1,1,1.50398610317005,3.88973620793716,0.467382187384544,1
43,43,-1,1,1.36086290235435,1.42625902095776,0.417867761908686,1
43,44,1,1,1.50398610317005,3.88973620793716,0.352011680182402,1
43,45,-1,1,1.36086290235435,1.42625902095776,0.360758494310675,1
43,46,-1,1,1.36086290235435,1.42625902095776,0.469542071678969,1
43,47,-1,1,1.36086290235435,1.42625902095776,0.309656637405584,-1
43,48,1,-1,1.4334999702264,2.16374444227096,0.536201148297231,1
43,49,-1,1,1.36086290235435,1.42625902095776,0.897187959968027,1
43,50,1,1,1.50398610317005,3.88973620793716,0.311290933593868,1
43,51,-1,1,1.36086290235435,1.42625902095776,0.298588117786036,1
43,52,-1,1,1.36086290235435,1.42625902095776,0.463373055212095,1
43,53,-1,1,1.36086290235435,1.42625902095776,0.325529161964806,1
43,54,-1,1,1.36086290235435,1.42625902095776,0.688002253189701,1
43,55,-1,1,1.36086290235435,1.42625902095776,0.268655792824954,1
43,56,-1,1,1.36086290235435,1.42625902095776,0.709009349827965,1
43,57,-1,1,1.36086290235435,1.42625902095776,0.664847123271329,1
43,58,-1,1,1.36086290235435,1.42625902095776,0.564635919004734,1
43,59,-1,1,1.36086290235435,1.42625902095776,0.67311744375141,1
43,60,-1,1,1.36086290235435,1.42625902095776,0.386662734189406,1
43,61,1,1,1.50398610317005,3.88973620793716,0.301418607797199,1
43,62,-1,1,1.36086290235435,1.42625902095776,0.382107599601606,1
43,63,-1,1,1.36086290235435,1.42625902095776,0.675138403469849,1
43,64,1,1,1.50398610317005,3.88973620793716,0.280878604850766,1
43,65,-1,1,1.36086290235435,1.42625902095776,0.361308140520411,1
43,66,1,1,1.50398610317005,3.88973620793716,0.390125324949647,1
43,67,1,1,1.50398610317005,3.88973620793716,0.30170965547567,1
43,68,1,1,1.50398610317005,3.88973620793716,0.355959992323422,1
43,69,1,1,1.50398610317005,3.88973620793716,0.383319888858984,1
43,70,-1,1,1.36086290235435,1.42625902095776,0.304107784849462,1
43,71,1,1,1.50398610317005,3.88973620793716,0.326916668511517,1
43,72,1,1,1.50398610317005,3.88973620793716,0.276855997877629,1
43,73,1,1,1.50398610317005,3.88973620793716,0.356254394818005,1
43,74,-1,1,1.36086290235435,1.42625902095776,0.407945459911087,1
43,75,1,1,1.50398610317005,3.88973620793716,0.334035539561463,1
43,76,1,1,1.50398610317005,3.88973620793716,0.464574416957555,1
43,77,1,1,1.50398610317005,3.88973620793716,0.487277123258206,1
43,78,1,1,1.50398610317005,3.88973620793716,1.02579195175608,1
43,79,1,1,1.50398610317005,3.88973620793716,0.36190755631107,1
43,80,1,1,1.50398610317005,3.88973620793716,0.403167621641481,1
43,81,1,1,1.50398610317005,3.88973620793716,0.334980597455965,1
43,82,-1,1,1.36086290235435,1.42625902095776,0.371774676732582,1
43,83,1,1,1.50398610317005,3.88973620793716,0.334538355557361,1
43,84,1,1,1.50398610317005,3.88973620793716,0.248953911207287,1
43,85,1,1,1.50398610317005,3.88973620793716,0.355149930937796,1
43,86,1,1,1.50398610317005,3.88973620793716,0.242077893836308,1
43,87,1,1,1.50398610317005,3.88973620793716,0.510431083195772,1
43,88,1,1,1.50398610317005,3.88973620793716,0.288384420191672,1
43,89,-1,1,1.36086290235435,1.42625902095776,0.651514946703256,1
43,90,1,1,1.50398610317005,3.88973620793716,0.315208840650982,1
43,91,-1,1,1.36086290235435,1.42625902095776,0.306564010916879,1
43,92,-1,1,1.36086290235435,1.42625902095776,0.459856315443396,1
43,93,1,1,1.50398610317005,3.88973620793716,0.300882977347726,1
43,94,-1,1,1.36086290235435,1.42625902095776,0.629480684740135,1
43,95,1,1,1.50398610317005,3.88973620793716,0.377940785792897,1
43,96,1,1,1.50398610317005,3.88973620793716,0.406839284652191,1
43,97,-1,1,1.36086290235435,1.42625902095776,0.335241667076037,1
43,98,1,1,1.50398610317005,3.88973620793716,0.379887511411916,1
43,99,1,1,1.50398610317005,3.88973620793716,0.302698948428873,1
43,100,-1,1,1.36086290235435,1.42625902095776,0.50648182052079,1
43,101,-1,1,1.36086290235435,1.42625902095776,0.514454922530034,-1
44,2,-1,1,1.69651846499955,0.688043592168775,0.52323233509006,1
44,3,1,1,1.87494286949585,3.86261079715312,0.336745997323305,1
44,4,-1,1,1.69651846499955,0.688043592168775,0.465890929685,1
44,5,-1,1,1.69651846499955,0.688043592168775,0.669161820093432,-1
44,6,1,-1,1.78707139775654,3.4231533457648,0.385065936310482,1
44,7,-1,1,1.69651846499955,0.688043592168775,0.742579533874947,1
44,8,1,1,1.87494286949585,3.86261079715312,0.33134577323523,1
44,9,-1,1,1.69651846499955,0.688043592168775,0.812122319259317,1
44,10,-1,1,1.69651846499955,0.688043592168775,0.665211991971239,-1
44,11,-1,-1,1.61700906939194,0.826192264913307,0.923752615936145,1
44,12,1,1,1.87494286949585,3.86261079715312,0.567494631957938,1
44,13,1,1,1.87494286949585,3.86261079715312,0.407973080588841,-1
44,14,-1,-1,1.61700906939194,0.826192264913307,0.863128220187597,-1
44,15,-1,-1,1.61700906939194,0.826192264913307,0.368103916596278,1
44,16,1,1,1.87494286949585,3.86261079715312,0.37729906976098,1
44,17,1,1,1.87494286949585,3.86261079715312,0.324916682363725,1
44,18,-1,1,1.69651846499955,0.688043592168775,1.7361856401228,1
44,19,-1,1,1.69651846499955,0.688043592168775,0.337375500302584,1
44,20,-1,1,1.69651846499955,0.688043592168775,0.803794755226765,1
44,21,-1,1,1.69651846499955,0.688043592168775,0.694001323132851,-1
44,22,-1,-1,1.61700906939194,0.826192264913307,1.53232519317705,-1
44,23,-1,-1,1.61700906939194,0.826192264913307,0.636797791549483,-1
44,24,1,-1,1.78707139775654,3.4231533457648,0.407104107855619,1
44,25,-1,1,1.69651846499955,0.688043592168775,0.984078205780979,1
44,26,1,1,1.87494286949585,3.86261079715312,0.539853017859381,1
44,27,1,1,1.87494286949585,3.86261079715312,0.493526696711558,1
44,28,-1,1,1.69651846499955,0.688043592168775,0.538291527894536,-1
44,29,-1,-1,1.61700906939194,0.826192264913307,0.651003994753607,1
44,30,-1,1,1.69651846499955,0.688043592168775,2.86525203648792,1
44,31,1,1,1.87494286949585,3.86261079715312,0.610353169000534,1
44,32,1,1,1.87494286949585,3.86261079715312,0.40361192194174,1
44,33,1,1,1.87494286949585,3.86261079715312,0.349448152316391,1
44,34,1,1,1.87494286949585,3.86261079715312,0.371083713922501,1
44,35,1,1,1.87494286949585,3.86261079715312,0.371577452336705,1
44,36,-1,1,1.69651846499955,0.688043592168775,0.811906849958188,1
44,37,-1,1,1.69651846499955,0.688043592168775,1.52885660047595,1
44,38,-1,1,1.69651846499955,0.688043592168775,2.29879478347303,1
44,39,-1,1,1.69651846499955,0.688043592168775,1.75767793009001,-1
44,40,1,-1,1.78707139775654,3.4231533457648,0.46116903254578,1
44,41,1,1,1.87494286949585,3.86261079715312,0.388122189351186,1
44,42,1,1,1.87494286949585,3.86261079715312,0.399699403055928,1
44,43,-1,1,1.69651846499955,0.688043592168775,1.15424386136381,1
44,44,-1,1,1.69651846499955,0.688043592168775,0.59988200048852,-1
44,45,1,-1,1.78707139775654,3.4231533457648,0.519190536772933,1
44,46,1,1,1.87494286949585,3.86261079715312,0.299473662401359,1
44,47,1,1,1.87494286949585,3.86261079715312,0.714619298069667,1
44,48,-1,1,1.69651846499955,0.688043592168775,0.53381472514466,1
44,49,-1,1,1.69651846499955,0.688043592168775,0.489858660678613,-1
44,50,1,-1,1.78707139775654,3.4231533457648,0.463186057812992,1
44,51,1,1,1.87494286949585,3.86261079715312,0.50931470890513,1
44,52,-1,1,1.69651846499955,0.688043592168775,0.869869402595417,1
44,53,-1,1,1.69651846499955,0.688043592168775,0.626754425032316,1
44,54,-1,1,1.69651846499955,0.688043592168775,1.2107436933258,1
44,55,1,1,1.87494286949585,3.86261079715312,0.440429261605412,1
44,56,1,1,1.87494286949585,3.86261079715312,0.396426261514017,1
44,57,1,1,1.87494286949585,3.86261079715312,0.357274468399096,1
44,58,1,1,1.87494286949585,3.86261079715312,0.422818937730457,1
44,59,-1,1,1.69651846499955,0.688043592168775,0.676699459216429,-1
44,60,-1,-1,1.61700906939194,0.826192264913307,0.934093192029474,1
44,61,1,1,1.87494286949585,3.86261079715312,0.378120388225136,1
44,62,-1,1,1.69651846499955,0.688043592168775,1.07122421466363,1
44,63,-1,1,1.69651846499955,0.688043592168775,0.669940015023567,1
44,64,1,1,1.87494286949585,3.86261079715312,0.675138769519689,1
44,65,1,1,1.87494286949585,3.86261079715312,0.387753962168451,1
44,66,1,1,1.87494286949585,3.86261079715312,0.379864459129102,1
44,67,1,1,1.87494286949585,3.86261079715312,0.474306414100573,1
44,68,1,1,1.87494286949585,3.86261079715312,0.417790485438248,1
44,69,1,1,1.87494286949585,3.86261079715312,0.43693974067904,1
44,70,1,1,1.87494286949585,3.86261079715312,0.376333918014082,1
44,71,-1,1,1.69651846499955,0.688043592168775,0.423499969541129,-1
44,72,1,-1,1.78707139775654,3.4231533457648,0.334593963897535,1
44,73,1,1,1.87494286949585,3.86261079715312,0.424213644756685,1
44,74,-1,1,1.69651846499955,0.688043592168775,1.06389852212545,1
44,75,-1,1,1.69651846499955,0.688043592168775,1.12402250703138,1
44,76,-1,1,1.69651846499955,0.688043592168775,0.871956167896668,1
44,77,-1,1,1.69651846499955,0.688043592168775,1.04683810934328,1
44,78,1,1,1.87494286949585,3.86261079715312,0.580877442761687,1
44,79,-1,1,1.69651846499955,0.688043592168775,0.779971933172582,-1
44,80,1,-1,1.78707139775654,3.4231533457648,0.45572692284594,1
44,81,1,1,1.87494286949585,3.86261079715312,0.365234623332549,1
44,82,1,1,1.87494286949585,3.86261079715312,1.19281504902719,1
44,83,-1,1,1.69651846499955,0.688043592168775,0.791181976586389,1
44,84,-1,1,1.69651846499955,0.688043592168775,0.692258396000384,-1
44,85,-1,-1,1.61700906939194,0.826192264913307,0.381335701349833,1
44,86,1,1,1.87494286949585,3.86261079715312,0.470341155356172,1
44,87,1,1,1.87494286949585,3.86261079715312,0.484709094467946,1
44,88,1,1,1.87494286949585,3.86261079715312,0.414059241787839,1
44,89,1,1,1.87494286949585,3.86261079715312,0.38736257438713,1
44,90,1,1,1.87494286949585,3.86261079715312,0.441162243885309,1
44,91,-1,1,1.69651846499955,0.688043592168775,0.788068854822301,1
44,92,-1,1,1.69651846499955,0.688043592168775,0.824954476309269,1
44,93,1,1,1.87494286949585,3.86261079715312,0.441086242877091,1
44,94,-1,1,1.69651846499955,0.688043592168775,0.667925820399336,1
44,95,1,1,1.87494286949585,3.86261079715312,0.383567392433075,1
44,96,1,1,1.87494286949585,3.86261079715312,0.686738596119898,1
44,97,-1,1,1.69651846499955,0.688043592168775,0.646734580709122,1
44,98,-1,1,1.69651846499955,0.688043592168775,0.471568287460101,1
44,99,-1,1,1.69651846499955,0.688043592168775,0.842462878431535,1
44,100,-1,1,1.69651846499955,0.688043592168775,1.28747061415887,1
44,101,1,1,1.87494286949585,3.86261079715312,0.78927254437451,1
45,2,-1,1,1.74461212689551,1.01228760630649,2.24148052403975,1
45,3,1,1,1.92809458596702,4.12898821650755,0.372844319696257,1
45,4,-1,1,1.74461212689551,1.01228760630649,0.702237322416486,1
45,5,1,1,1.92809458596702,4.12898821650755,0.272774261137251,1
45,6,-1,1,1.74461212689551,1.01228760630649,1.07337308683686,1
45,7,-1,1,1.74461212689551,1.01228760630649,0.675522433987789,-1
45,8,-1,-1,1.66284876348926,0.315949091504119,0.919340367943583,1
45,9,1,1,1.92809458596702,4.12898821650755,0.468981512040522,1
45,10,1,1,1.92809458596702,4.12898821650755,0.465366929668999,1
45,11,1,1,1.92809458596702,4.12898821650755,0.344711483131723,1
45,12,-1,1,1.74461212689551,1.01228760630649,1.92944493142693,-1
45,13,-1,-1,1.66284876348926,0.315949091504119,0.755634569680029,1
45,14,1,1,1.92809458596702,4.12898821650755,0.357865303960604,1
45,15,1,1,1.92809458596702,4.12898821650755,0.320916485093135,1
45,16,1,1,1.92809458596702,4.12898821650755,0.560830135353329,1
45,17,1,1,1.92809458596702,4.12898821650755,0.40940582722063,1
45,18,1,1,1.92809458596702,4.12898821650755,0.317348907638017,1
45,19,1,1,1.92809458596702,4.12898821650755,0.540797651990482,1
45,20,-1,1,1.74461212689551,1.01228760630649,0.651733621165297,1
45,21,-1,1,1.74461212689551,1.01228760630649,0.553431894748727,-1
45,22,-1,-1,1.66284876348926,0.315949091504119,1.21311211128328,1
45,23,-1,1,1.74461212689551,1.01228760630649,0.40672851587387,1
45,24,1,1,1.92809458596702,4.12898821650755,0.373762155754396,1
45,25,1,1,1.92809458596702,4.12898821650755,0.569411380255558,1
45,26,1,1,1.92809458596702,4.12898821650755,0.433251464668882,1
45,27,1,1,1.92809458596702,4.12898821650755,0.444753755932701,1
45,28,-1,1,1.74461212689551,1.01228760630649,0.379166706307771,1
45,29,1,1,1.92809458596702,4.12898821650755,0.449691790818178,1
45,30,-1,1,1.74461212689551,1.01228760630649,0.596948171045963,1
45,31,1,1,1.92809458596702,4.12898821650755,0.436336809284413,1
45,32,-1,1,1.74461212689551,1.01228760630649,0.594568416127692,1
45,33,1,1,1.92809458596702,4.12898821650755,0.42176089609124,1
45,34,-1,1,1.74461212689551,1.01228760630649,0.482628990798429,1
45,35,1,1,1.92809458596702,4.12898821650755,0.409905702963731,1
45,36,-1,1,1.74461212689551,1.01228760630649,0.33015905453593,1
45,37,1,1,1.92809458596702,4.12898821650755,0.618399755122254,1
45,38,1,1,1.92809458596702,4.12898821650755,0.434860220351618,1
45,39,1,1,1.92809458596702,4.12898821650755,0.395800023115961,1
45,40,-1,1,1.74461212689551,1.01228760630649,0.763018302347938,1
45,41,1,1,1.92809458596702,4.12898821650755,0.512426561427414,1
45,42,-1,1,1.74461212689551,1.01228760630649,0.526539536440067,1
45,43,-1,1,1.74461212689551,1.01228760630649,1.03863728418468,1
45,44,1,1,1.92809458596702,4.12898821650755,0.409194235622062,1
45,45,1,1,1.92809458596702,4.12898821650755,0.326245204533501,1
45,46,1,1,1.92809458596702,4.12898821650755,0.402344633965115,1
45,47,1,1,1.92809458596702,4.12898821650755,0.524053361015935,1
45,48,-1,1,1.74461212689551,1.01228760630649,0.504336463699994,1
45,49,1,1,1.92809458596702,4.12898821650755,0.537507093865986,1
45,50,1,1,1.92809458596702,4.12898821650755,0.355808599718705,1
45,51,-1,1,1.74461212689551,1.01228760630649,1.03273435948671,1
45,52,-1,1,1.74461212689551,1.01228760630649,0.701310332604776,1
45,53,-1,1,1.74461212689551,1.01228760630649,0.408190049705992,1
45,54,1,1,1.92809458596702,4.12898821650755,0.396992218009093,1
45,55,-1,1,1.74461212689551,1.01228760630649,0.48710986136258,1
45,56,-1,1,1.74461212689551,1.01228760630649,0.991170401655159,1
45,57,-1,1,1.74461212689551,1.01228760630649,0.901497140274473,1
45,58,1,1,1.92809458596702,4.12898821650755,0.413294578069205,1
45,59,1,1,1.92809458596702,4.12898821650755,0.313925383782308,1
45,60,-1,1,1.74461212689551,1.01228760630649,0.496654753942215,1
45,61,1,1,1.92809458596702,4.12898821650755,0.319493786009521,1
45,62,-1,1,1.74461212689551,1.01228760630649,0.403731931159206,1
45,63,1,1,1.92809458596702,4.12898821650755,0.532605436714953,1
45,64,1,1,1.92809458596702,4.12898821650755,0.653076994696329,1
45,65,-1,1,1.74461212689551,1.01228760630649,0.577574641659386,1
45,66,-1,1,1.74461212689551,1.01228760630649,0.492556801918155,-1
45,67,1,-1,1.83773209456638,3.34277508568184,0.569990257782529,1
45,68,-1,1,1.74461212689551,1.01228760630649,1.36684256143358,1
45,69,-1,1,1.74461212689551,1.01228760630649,0.787510206522554,1
45,70,1,1,1.92809458596702,4.12898821650755,0.545026432094872,1
45,71,-1,1,1.74461212689551,1.01228760630649,0.710005437240889,1
45,72,1,1,1.92809458596702,4.12898821650755,0.508499544381272,1
45,73,-1,1,1.74461212689551,1.01228760630649,0.346707550292321,1
45,74,-1,1,1.74461212689551,1.01228760630649,2.14837399706866,-1
45,75,1,-1,1.83773209456638,3.34277508568184,0.345473365302696,1
45,76,1,1,1.92809458596702,4.12898821650755,0.481247857016616,1
45,77,1,1,1.92809458596702,4.12898821650755,0.32132115195872,1
45,78,-1,1,1.74461212689551,1.01228760630649,0.785856750888767,1
45,79,-1,1,1.74461212689551,1.01228760630649,1.1282593398501,1
45,80,1,1,1.92809458596702,4.12898821650755,0.383418396120238,1
45,81,-1,1,1.74461212689551,1.01228760630649,0.595785290643539,1
45,82,-1,1,1.74461212689551,1.01228760630649,0.661236121419851,1
45,83,1,1,1.92809458596702,4.12898821650755,0.537091677406807,1
45,84,1,1,1.92809458596702,4.12898821650755,0.322071088035956,1
45,85,1,1,1.92809458596702,4.12898821650755,0.384338853730924,1
45,86,-1,1,1.74461212689551,1.01228760630649,1.08822020360795,1
45,87,1,1,1.92809458596702,4.12898821650755,0.394657040462507,1
45,88,-1,1,1.74461212689551,1.01228760630649,0.541102689187534,1
45,89,1,1,1.92809458596702,4.12898821650755,0.341897271170297,1
45,90,-1,1,1.74461212689551,1.01228760630649,0.56318806789566,1
45,91,-1,1,1.74461212689551,1.01228760630649,0.691909608335019,1
45,92,-1,1,1.74461212689551,1.01228760630649,0.967777486422503,-1
45,93,-1,-1,1.66284876348926,0.315949091504119,0.909356060933955,1
45,94,-1,1,1.74461212689551,1.01228760630649,0.684811138495329,1
45,95,1,1,1.92809458596702,4.12898821650755,0.398987394426083,1
45,96,-1,1,1.74461212689551,1.01228760630649,0.395710695120852,1
45,97,1,1,1.92809458596702,4.12898821650755,0.415615393144547,1
45,98,1,1,1.92809458596702,4.12898821650755,0.313050266517281,1
45,99,-1,1,1.74461212689551,1.01228760630649,0.456917049192571,1
45,100,-1,1,1.74461212689551,1.01228760630649,1.06793257525606,1
45,101,-1,1,1.74461212689551,1.01228760630649,0.764010796182888,1
46,2,-1,1,2.02600986409759,2.30035957203181,0.52570727552353,1
46,3,1,1,2.23908718153505,2.51010129888487,0.560747205106673,1
46,4,1,1,2.23908718153505,2.51010129888487,1.5735922763925,1
46,5,-1,1,2.02600986409759,2.30035957203181,0.616160346949989,1
46,6,-1,1,2.02600986409759,2.30035957203181,1.69138832861236,1
46,7,-1,1,2.02600986409759,2.30035957203181,0.458363699659193,1
46,8,1,1,2.23908718153505,2.51010129888487,0.509667382345559,1
46,9,-1,1,2.02600986409759,2.30035957203181,0.941768140439198,1
46,10,1,1,2.23908718153505,2.51010129888487,0.692796624391328,1
46,11,1,1,2.23908718153505,2.51010129888487,0.882662693922441,1
46,12,1,1,2.23908718153505,2.51010129888487,0.537205601877502,1
46,13,-1,1,2.02600986409759,2.30035957203181,1.02254609365867,1
46,14,-1,1,2.02600986409759,2.30035957203181,0.499523097070687,1
46,15,1,1,2.23908718153505,2.51010129888487,1.45212955404955,1
46,16,-1,1,2.02600986409759,2.30035957203181,0.501998881908539,1
46,17,1,1,2.23908718153505,2.51010129888487,0.531935612545863,1
46,18,-1,1,2.02600986409759,2.30035957203181,1.20507510003377,1
46,19,1,1,2.23908718153505,2.51010129888487,0.343696388241602,1
46,20,-1,1,2.02600986409759,2.30035957203181,0.746853890284773,1
46,21,1,1,2.23908718153505,2.51010129888487,0.384870205410602,1
46,22,-1,1,2.02600986409759,2.30035957203181,0.432285978383087,1
46,23,-1,1,2.02600986409759,2.30035957203181,0.662512234566905,1
46,24,1,1,2.23908718153505,2.51010129888487,0.561905427369412,1
46,25,-1,1,2.02600986409759,2.30035957203181,0.553704300259418,1
46,26,1,1,2.23908718153505,2.51010129888487,0.62739542743106,1
46,27,-1,1,2.02600986409759,2.30035957203181,0.651789138868771,-1
46,28,1,-1,2.1341496449332,2.07704674589668,0.698096032733151,1
46,29,1,1,2.23908718153505,2.51010129888487,0.777029642191452,1
46,30,1,1,2.23908718153505,2.51010129888487,1.71560928413455,-1
46,31,-1,-1,1.93105845442372,1.91249238318665,0.544327910430785,1
46,32,-1,1,2.02600986409759,2.30035957203181,0.871090640421756,1
46,33,1,1,2.23908718153505,2.51010129888487,1.23520051659896,1
46,34,-1,1,2.02600986409759,2.30035957203181,0.398278208099525,1
46,35,1,1,2.23908718153505,2.51010129888487,0.435007441827689,1
46,36,1,1,2.23908718153505,2.51010129888487,0.440249809644112,1
46,37,1,1,2.23908718153505,2.51010129888487,0.59273098351116,1
46,38,1,1,2.23908718153505,2.51010129888487,0.567240157448559,1
46,39,1,1,2.23908718153505,2.51010129888487,0.505696870381152,1
46,40,-1,1,2.02600986409759,2.30035957203181,0.768005166171119,1
46,41,-1,1,2.02600986409759,2.30035957203181,0.991979235310873,1
46,42,1,1,2.23908718153505,2.51010129888487,0.392764779860254,1
46,43,-1,1,2.02600986409759,2.30035957203181,0.405887762591811,1
46,44,1,1,2.23908718153505,2.51010129888487,0.787710764392717,1
46,45,-1,1,2.02600986409759,2.30035957203181,0.977298144790397,1
46,46,1,1,2.23908718153505,2.51010129888487,0.635815518357076,1
46,47,-1,1,2.02600986409759,2.30035957203181,0.364928617582848,1
46,48,1,1,2.23908718153505,2.51010129888487,0.448478699629061,1
46,49,-1,1,2.02600986409759,2.30035957203181,0.49033230402302,1
46,50,1,1,2.23908718153505,2.51010129888487,0.385706232184059,1
46,51,-1,1,2.02600986409759,2.30035957203181,0.539663115908339,1
46,52,-1,1,2.02600986409759,2.30035957203181,0.897423620229028,1
46,53,-1,1,2.02600986409759,2.30035957203181,0.665663396726941,1
46,54,1,1,2.23908718153505,2.51010129888487,0.428378145413318,1
46,55,1,1,2.23908718153505,2.51010129888487,0.449520117215878,1
46,56,1,1,2.23908718153505,2.51010129888487,0.425519921537325,1
46,57,-1,1,2.02600986409759,2.30035957203181,0.519637610072889,1
46,58,1,1,2.23908718153505,2.51010129888487,0.62194774451963,1
46,59,1,1,2.23908718153505,2.51010129888487,0.969693708981188,1
46,60,1,1,2.23908718153505,2.51010129888487,0.567047753295041,1
46,61,-1,1,2.02600986409759,2.30035957203181,0.807306959658412,1
46,62,-1,1,2.02600986409759,2.30035957203181,0.544932547092168,1
46,63,-1,1,2.02600986409759,2.30035957203181,0.349781308805094,1
46,64,1,1,2.23908718153505,2.51010129888487,0.643678340934851,1
46,65,-1,1,2.02600986409759,2.30035957203181,0.69956429300928,1
46,66,1,1,2.23908718153505,2.51010129888487,1.34656239607477,1
46,67,1,1,2.23908718153505,2.51010129888487,1.7125170995036,1
46,68,-1,1,2.02600986409759,2.30035957203181,0.479461603856012,1
46,69,1,1,2.23908718153505,2.51010129888487,0.529505236143893,1
46,70,-1,1,2.02600986409759,2.30035957203181,0.444917559861039,1
46,71,-1,1,2.02600986409759,2.30035957203181,0.429792456455765,1
46,72,-1,1,2.02600986409759,2.30035957203181,1.28741755399743,1
46,73,1,1,2.23908718153505,2.51010129888487,0.729669621069283,1
46,74,-1,1,2.02600986409759,2.30035957203181,0.596089633665654,1
46,75,-1,1,2.02600986409759,2.30035957203181,0.66601719424965,1
46,76,-1,1,2.02600986409759,2.30035957203181,0.661982150643983,1
46,77,1,1,2.23908718153505,2.51010129888487,0.572903767131919,1
46,78,1,1,2.23908718153505,2.51010129888487,0.917339711834957,1
46,79,-1,1,2.02600986409759,2.30035957203181,1.22517978093555,1
46,80,-1,1,2.02600986409759,2.30035957203181,0.43493057313703,1
46,81,-1,1,2.02600986409759,2.30035957203181,0.976335374163889,1
46,82,1,1,2.23908718153505,2.51010129888487,0.584341996452416,1
46,83,1,1,2.23908718153505,2.51010129888487,1.0069014737987,1
46,84,1,1,2.23908718153505,2.51010129888487,0.744717883237623,1
46,85,-1,1,2.02600986409759,2.30035957203181,0.594236921942669,1
46,86,-1,1,2.02600986409759,2.30035957203181,0.350670637443165,1
46,87,1,1,2.23908718153505,2.51010129888487,0.374440151143032,1
46,88,1,1,2.23908718153505,2.51010129888487,0.531673328980065,1
46,89,-1,1,2.02600986409759,2.30035957203181,0.702159047279961,1
46,90,1,1,2.23908718153505,2.51010129888487,0.605257194301737,1
46,91,-1,1,2.02600986409759,2.30035957203181,0.492571748595615,1
46,92,-1,1,2.02600986409759,2.30035957203181,1.05095188189265,1
46,93,1,1,2.23908718153505,2.51010129888487,0.725850954991536,1
46,94,1,1,2.23908718153505,2.51010129888487,0.440632167646666,1
46,95,1,1,2.23908718153505,2.51010129888487,0.599718890963404,1
46,96,-1,1,2.02600986409759,2.30035957203181,0.6084314171305,1
46,97,1,1,2.23908718153505,2.51010129888487,0.452650249288923,1
46,98,-1,1,2.02600986409759,2.30035957203181,0.956710738257937,1
46,99,-1,1,2.02600986409759,2.30035957203181,1.30369204546586,1
46,100,1,1,2.23908718153505,2.51010129888487,0.653626706310158,1
46,101,-1,1,2.02600986409759,2.30035957203181,0.530803564229593,1
47,2,-1,1,1.76691360154017,2.04018568448917,0.525300811622839,1
47,3,-1,1,1.76691360154017,2.04018568448917,0.862007398455313,1
47,4,-1,1,1.76691360154017,2.04018568448917,0.976751335550621,1
47,5,1,1,1.9527415271745,3.83788864663882,0.216864120691316,1
47,6,1,1,1.9527415271745,3.83788864663882,0.30226279789569,1
47,7,1,1,1.9527415271745,3.83788864663882,0.5839873860624,1
47,8,-1,1,1.76691360154017,2.04018568448917,0.452779785396129,1
47,9,-1,1,1.76691360154017,2.04018568448917,1.04395191687454,1
47,10,-1,1,1.76691360154017,2.04018568448917,0.768395234948453,1
47,11,1,1,1.9527415271745,3.83788864663882,0.468020549548332,1
47,12,-1,1,1.76691360154017,2.04018568448917,0.76948507654658,1
47,13,1,1,1.9527415271745,3.83788864663882,0.329198277071447,1
47,14,1,1,1.9527415271745,3.83788864663882,0.447365844014366,1
47,15,-1,1,1.76691360154017,2.04018568448917,0.462831581426359,1
47,16,-1,1,1.76691360154017,2.04018568448917,0.255636607953142,1
47,17,1,1,1.9527415271745,3.83788864663882,0.385789895732184,1
47,18,1,1,1.9527415271745,3.83788864663882,1.13795287920985,1
47,19,-1,1,1.76691360154017,2.04018568448917,0.528232946818424,1
47,20,1,1,1.9527415271745,3.83788864663882,0.49924277262367,1
47,21,1,1,1.9527415271745,3.83788864663882,0.433470072233609,1
47,22,-1,1,1.76691360154017,2.04018568448917,1.55675366329284,-1
47,23,-1,-1,1.68410505247473,0.86770121549861,0.757366186830766,1
47,24,1,1,1.9527415271745,3.83788864663882,0.401757948393536,1
47,25,-1,1,1.76691360154017,2.04018568448917,0.471818115759415,1
47,26,1,1,1.9527415271745,3.83788864663882,0.289007108205072,1
47,27,-1,1,1.76691360154017,2.04018568448917,0.320354328614186,1
47,28,-1,1,1.76691360154017,2.04018568448917,0.445997973934199,1
47,29,-1,1,1.76691360154017,2.04018568448917,0.594168244181227,1
47,30,-1,1,1.76691360154017,2.04018568448917,0.770767148314741,1
47,31,-1,1,1.76691360154017,2.04018568448917,0.515737783915499,1
47,32,-1,1,1.76691360154017,2.04018568448917,0.625241052124895,1
47,33,1,1,1.9527415271745,3.83788864663882,0.609227263856683,1
47,34,-1,1,1.76691360154017,2.04018568448917,0.536837536594309,1
47,35,-1,1,1.76691360154017,2.04018568448917,0.230835899732054,1
47,36,-1,1,1.76691360154017,2.04018568448917,0.345554424950225,1
47,37,-1,1,1.76691360154017,2.04018568448917,0.430754864811392,1
47,38,-1,1,1.76691360154017,2.04018568448917,0.372259833892554,1
47,39,-1,1,1.76691360154017,2.04018568448917,0.278220585023062,1
47,40,1,1,1.9527415271745,3.83788864663882,0.760998311626286,1
47,41,-1,1,1.76691360154017,2.04018568448917,1.13600419813635,1
47,42,1,1,1.9527415271745,3.83788864663882,0.305452932703428,1
47,43,1,1,1.9527415271745,3.83788864663882,0.268496185595145,1
47,44,-1,1,1.76691360154017,2.04018568448917,0.307678021785392,1
47,45,1,1,1.9527415271745,3.83788864663882,0.51869499234418,1
47,46,1,1,1.9527415271745,3.83788864663882,0.393133768295046,1
47,47,-1,1,1.76691360154017,2.04018568448917,0.246741642498864,1
47,48,1,1,1.9527415271745,3.83788864663882,0.340685974181763,1
47,49,-1,1,1.76691360154017,2.04018568448917,0.542499629975689,1
47,50,-1,1,1.76691360154017,2.04018568448917,0.249613068685698,1
47,51,1,1,1.9527415271745,3.83788864663882,0.357129857840406,1
47,52,-1,1,1.76691360154017,2.04018568448917,0.328111761276864,1
47,53,-1,1,1.76691360154017,2.04018568448917,0.469040617244163,1
47,54,1,1,1.9527415271745,3.83788864663882,0.253112559952765,1
47,55,1,1,1.9527415271745,3.83788864663882,0.34262607636621,1
47,56,-1,1,1.76691360154017,2.04018568448917,0.31050136142669,1
47,57,1,1,1.9527415271745,3.83788864663882,0.319730847812651,1
47,58,1,1,1.9527415271745,3.83788864663882,0.514353829859427,1
47,59,1,1,1.9527415271745,3.83788864663882,0.424874841075026,1
47,60,-1,1,1.76691360154017,2.04018568448917,0.367549239968233,1
47,61,1,1,1.9527415271745,3.83788864663882,0.489724644100637,1
47,62,-1,1,1.76691360154017,2.04018568448917,0.520302270656743,1
47,63,-1,1,1.76691360154017,2.04018568448917,0.293374293524519,1
47,64,1,1,1.9527415271745,3.83788864663882,0.708526995295804,1
47,65,-1,1,1.76691360154017,2.04018568448917,0.699267726114283,1
47,66,1,1,1.9527415271745,3.83788864663882,0.28917206971129,1
47,67,1,1,1.9527415271745,3.83788864663882,0.58881651003647,1
47,68,-1,1,1.76691360154017,2.04018568448917,0.67062492845986,-1
47,69,-1,-1,1.68410505247473,0.86770121549861,0.685752725383596,1
47,70,-1,1,1.76691360154017,2.04018568448917,0.521480605173271,1
47,71,1,1,1.9527415271745,3.83788864663882,0.305603977154512,1
47,72,1,1,1.9527415271745,3.83788864663882,0.44317203858867,1
47,73,1,1,1.9527415271745,3.83788864663882,0.444249642077349,1
47,74,1,1,1.9527415271745,3.83788864663882,0.480854371430123,1
47,75,1,1,1.9527415271745,3.83788864663882,0.253021331122534,1
47,76,1,1,1.9527415271745,3.83788864663882,0.253178148624285,1
47,77,1,1,1.9527415271745,3.83788864663882,0.348830962242711,1
47,78,-1,1,1.76691360154017,2.04018568448917,0.574383290413312,1
47,79,-1,1,1.76691360154017,2.04018568448917,0.485847751614919,1
47,80,1,1,1.9527415271745,3.83788864663882,0.387505128986563,1
47,81,1,1,1.9527415271745,3.83788864663882,0.775029194121777,1
47,82,1,1,1.9527415271745,3.83788864663882,0.287070947538669,1
47,83,1,1,1.9527415271745,3.83788864663882,0.504770513750093,1
47,84,-1,1,1.76691360154017,2.04018568448917,0.506933961632529,1
47,85,1,1,1.9527415271745,3.83788864663882,0.392671781750782,1
47,86,-1,1,1.76691360154017,2.04018568448917,0.23681584136289,1
47,87,-1,1,1.76691360154017,2.04018568448917,0.26472797580539,1
47,88,1,1,1.9527415271745,3.83788864663882,0.437154768014257,1
47,89,1,1,1.9527415271745,3.83788864663882,0.227833731693576,1
47,90,-1,1,1.76691360154017,2.04018568448917,0.309407428788773,1
47,91,-1,1,1.76691360154017,2.04018568448917,0.431538372815069,1
47,92,1,1,1.9527415271745,3.83788864663882,0.584071685970536,1
47,93,1,1,1.9527415271745,3.83788864663882,0.482375318272728,1
47,94,1,1,1.9527415271745,3.83788864663882,0.446819734053997,1
47,95,1,1,1.9527415271745,3.83788864663882,0.2305952352677,1
47,96,-1,1,1.76691360154017,2.04018568448917,0.506778816191565,1
47,97,-1,1,1.76691360154017,2.04018568448917,0.595901930533957,1
47,98,1,1,1.9527415271745,3.83788864663882,0.47224661756605,1
47,99,-1,1,1.76691360154017,2.04018568448917,0.566622739330597,-1
47,100,1,-1,1.86122392697934,2.0542244533734,0.681292814782588,1
47,101,1,1,1.9527415271745,3.83788864663882,0.608144165611739,1
48,2,-1,1,1.67854575392582,0.640164034394106,0.93946567921044,1
48,3,-1,1,1.67854575392582,0.640164034394106,1.53117595212112,1
48,4,1,1,1.85507995189818,5.37876120686791,0.412689412330716,1
48,5,-1,1,1.67854575392582,0.640164034394106,1.01853704659252,1
48,6,-1,1,1.67854575392582,0.640164034394106,1.14498420513824,1
48,7,1,1,1.85507995189818,5.37876120686791,0.390745879278751,1
48,8,-1,1,1.67854575392582,0.640164034394106,0.427975554105911,1
48,9,-1,1,1.67854575392582,0.640164034394106,0.537075635177813,-1
48,10,-1,-1,1.59987867122219,0.311715417285019,1.26350982005497,1
48,11,-1,1,1.67854575392582,0.640164034394106,1.01457462977426,-1
48,12,1,-1,1.76813937988427,2.46935934145297,0.493672235674082,1
48,13,1,1,1.85507995189818,5.37876120686791,0.384049520392464,1
48,14,-1,1,1.67854575392582,0.640164034394106,0.959237264424235,1
48,15,-1,1,1.67854575392582,0.640164034394106,1.38510173605619,-1
48,16,1,-1,1.76813937988427,2.46935934145297,0.916656835066408,1
48,17,-1,1,1.67854575392582,0.640164034394106,1.08481044366609,-1
48,18,1,-1,1.76813937988427,2.46935934145297,0.520151294206922,1
48,19,-1,1,1.67854575392582,0.640164034394106,0.58799778293973,1
48,20,-1,1,1.67854575392582,0.640164034394106,0.391603457876905,1
48,21,1,1,1.85507995189818,5.37876120686791,0.464562005224441,1
48,22,-1,1,1.67854575392582,0.640164034394106,0.428954163290517,1
48,23,1,1,1.85507995189818,5.37876120686791,0.378741751538785,1
48,24,1,1,1.85507995189818,5.37876120686791,0.583820301963453,1
48,25,-1,1,1.67854575392582,0.640164034394106,0.550163856317162,1
48,26,1,1,1.85507995189818,5.37876120686791,0.560879248176281,1
48,27,1,1,1.85507995189818,5.37876120686791,0.402663572142038,1
48,28,1,1,1.85507995189818,5.37876120686791,0.412634465884595,1
48,29,-1,1,1.67854575392582,0.640164034394106,0.625593435525265,1
48,30,1,1,1.85507995189818,5.37876120686791,0.575342941621294,1
48,31,1,1,1.85507995189818,5.37876120686791,0.388555879525281,1
48,32,1,1,1.85507995189818,5.37876120686791,0.688179924927148,1
48,33,1,1,1.85507995189818,5.37876120686791,0.420490069365118,1
48,34,-1,1,1.67854575392582,0.640164034394106,1.32912951404096,-1
48,35,1,-1,1.76813937988427,2.46935934145297,0.541871803963179,1
48,36,1,1,1.85507995189818,5.37876120686791,0.488471361372302,1
48,37,-1,1,1.67854575392582,0.640164034394106,0.433301846239696,1
48,38,1,1,1.85507995189818,5.37876120686791,0.449897399136076,1
48,39,1,1,1.85507995189818,5.37876120686791,0.673306168175584,1
48,40,1,1,1.85507995189818,5.37876120686791,0.444965853418575,1
48,41,-1,1,1.67854575392582,0.640164034394106,0.691586400533301,1
48,42,-1,1,1.67854575392582,0.640164034394106,1.88882765055884,1
48,43,1,1,1.85507995189818,5.37876120686791,0.418199139535302,1
48,44,1,1,1.85507995189818,5.37876120686791,0.423229575028781,1
48,45,-1,1,1.67854575392582,0.640164034394106,0.547202936040652,-1
48,46,-1,-1,1.59987867122219,0.311715417285019,0.70022203837464,1
48,47,1,1,1.85507995189818,5.37876120686791,0.50833153076485,1
48,48,-1,1,1.67854575392582,0.640164034394106,0.733306853879892,1
48,49,-1,1,1.67854575392582,0.640164034394106,0.732236696182063,1
48,50,-1,1,1.67854575392582,0.640164034394106,0.899728675234938,1
48,51,1,1,1.85507995189818,5.37876120686791,0.361233068280287,1
48,52,1,1,1.85507995189818,5.37876120686791,0.602432543023043,1
48,53,1,1,1.85507995189818,5.37876120686791,0.597740669488267,1
48,54,1,1,1.85507995189818,5.37876120686791,0.350657959796052,1
48,55,1,1,1.85507995189818,5.37876120686791,0.502856977244475,1
48,56,1,1,1.85507995189818,5.37876120686791,0.317966713974468,1
48,57,1,1,1.85507995189818,5.37876120686791,0.465646995929328,1
48,58,1,1,1.85507995189818,5.37876120686791,0.517418033063556,1
48,59,1,1,1.85507995189818,5.37876120686791,0.340794429262283,1
48,60,1,1,1.85507995189818,5.37876120686791,0.39666938514201,1
48,61,1,1,1.85507995189818,5.37876120686791,0.356511732454798,1
48,62,-1,1,1.67854575392582,0.640164034394106,0.723799774074139,-1
48,63,-1,-1,1.59987867122219,0.311715417285019,1.43007414975294,-1
48,64,1,-1,1.76813937988427,2.46935934145297,0.410513526107524,1
48,65,1,1,1.85507995189818,5.37876120686791,0.486479436526845,1
48,66,-1,1,1.67854575392582,0.640164034394106,0.771581498750531,1
48,67,1,1,1.85507995189818,5.37876120686791,0.41495984025144,1
48,68,-1,1,1.67854575392582,0.640164034394106,0.485914713015638,-1
48,69,1,-1,1.76813937988427,2.46935934145297,0.71926555098075,1
48,70,-1,1,1.67854575392582,0.640164034394106,0.589406445810739,1
48,71,-1,1,1.67854575392582,0.640164034394106,1.64136094673353,-1
48,72,-1,-1,1.59987867122219,0.311715417285019,0.46725868358042,1
48,73,-1,1,1.67854575392582,0.640164034394106,2.2943028516031,1
48,74,1,1,1.85507995189818,5.37876120686791,0.446922031127375,1
48,75,1,1,1.85507995189818,5.37876120686791,0.378719382764726,1
48,76,1,1,1.85507995189818,5.37876120686791,0.34614323755749,1
48,77,-1,1,1.67854575392582,0.640164034394106,0.857931350865323,1
48,78,-1,1,1.67854575392582,0.640164034394106,0.992847682327926,1
48,79,-1,1,1.67854575392582,0.640164034394106,1.41371452813917,1
48,80,-1,1,1.67854575392582,0.640164034394106,0.574526610476485,1
48,81,-1,1,1.67854575392582,0.640164034394106,1.22408187135291,-1
48,82,1,-1,1.76813937988427,2.46935934145297,0.45879741260635,1
48,83,1,1,1.85507995189818,5.37876120686791,0.390298141748154,1
48,84,1,1,1.85507995189818,5.37876120686791,0.430332333143354,1
48,85,-1,1,1.67854575392582,0.640164034394106,1.48679153658013,-1
48,86,-1,-1,1.59987867122219,0.311715417285019,0.67760883516167,1
48,87,-1,1,1.67854575392582,0.640164034394106,3.02922647558878,-1
48,88,-1,-1,1.59987867122219,0.311715417285019,0.56007509436217,1
48,89,1,1,1.85507995189818,5.37876120686791,0.402175227165223,1
48,90,-1,1,1.67854575392582,0.640164034394106,0.948748306134895,-1
48,91,-1,-1,1.59987867122219,0.311715417285019,1.0649314799825,-1
48,92,1,-1,1.76813937988427,2.46935934145297,0.66485660648175,1
48,93,-1,1,1.67854575392582,0.640164034394106,1.16534431096027,1
48,94,-1,1,1.67854575392582,0.640164034394106,0.450140747592371,1
48,95,-1,1,1.67854575392582,0.640164034394106,1.04438788620921,-1
48,96,-1,-1,1.59987867122219,0.311715417285019,1.32716495380571,-1
48,97,1,-1,1.76813937988427,2.46935934145297,1.05844380072803,-1
48,98,1,-1,1.76813937988427,2.46935934145297,0.408228927578098,1
48,99,-1,1,1.67854575392582,0.640164034394106,0.640379379137022,-1
48,100,-1,-1,1.59987867122219,0.311715417285019,1.51095615675468,-1
48,101,1,-1,1.76813937988427,2.46935934145297,0.386256237056695,1
49,2,1,1,2.23696323485868,3.23778811681205,0.653169212598506,1
49,3,-1,1,2.02408803767089,2.46179217713139,0.756358614905416,1
49,4,-1,1,2.02408803767089,2.46179217713139,0.511683391851833,1
49,5,1,1,2.23696323485868,3.23778811681205,0.377457569643199,1
49,6,1,1,2.23696323485868,3.23778811681205,0.433830054684245,1
49,7,-1,1,2.02408803767089,2.46179217713139,0.364306388926435,1
49,8,-1,1,2.02408803767089,2.46179217713139,0.377922428456673,1
49,9,-1,1,2.02408803767089,2.46179217713139,0.328627364810954,1
49,10,-1,1,2.02408803767089,2.46179217713139,0.466719818457099,1
49,11,1,1,2.23696323485868,3.23778811681205,0.815019106937885,1
49,12,-1,1,2.02408803767089,2.46179217713139,1.18509409607309,1
49,13,1,1,2.23696323485868,3.23778811681205,0.605888279320236,1
49,14,-1,1,2.02408803767089,2.46179217713139,0.519015630881319,1
49,15,1,1,2.23696323485868,3.23778811681205,0.459023029318068,1
49,16,1,1,2.23696323485868,3.23778811681205,0.380918174162249,1
49,17,-1,1,2.02408803767089,2.46179217713139,0.647414176107749,1
49,18,-1,1,2.02408803767089,2.46179217713139,0.483247025969785,1
49,19,-1,1,2.02408803767089,2.46179217713139,0.510905659696188,1
49,20,-1,1,2.02408803767089,2.46179217713139,0.476696307267609,1
49,21,-1,1,2.02408803767089,2.46179217713139,0.461605470415143,1
49,22,1,1,2.23696323485868,3.23778811681205,0.397955902717653,1
49,23,1,1,2.23696323485868,3.23778811681205,0.439028915064302,1
49,24,1,1,2.23696323485868,3.23778811681205,0.59129268028227,1
49,25,-1,1,2.02408803767089,2.46179217713139,0.968258266021518,1
49,26,-1,1,2.02408803767089,2.46179217713139,0.600189075784001,1
49,27,-1,1,2.02408803767089,2.46179217713139,0.422456094249123,1
49,28,1,1,2.23696323485868,3.23778811681205,0.505674542974325,1
49,29,-1,1,2.02408803767089,2.46179217713139,0.371695938173547,1
49,30,1,1,2.23696323485868,3.23778811681205,0.446319900037566,1
49,31,1,1,2.23696323485868,3.23778811681205,0.555075416279762,1
49,32,1,1,2.23696323485868,3.23778811681205,0.744333765957885,1
49,33,1,1,2.23696323485868,3.23778811681205,0.403344428540094,1
49,34,1,1,2.23696323485868,3.23778811681205,0.274096174610252,1
49,35,1,1,2.23696323485868,3.23778811681205,0.484618917576137,1
49,36,-1,1,2.02408803767089,2.46179217713139,0.488663899570924,1
49,37,1,1,2.23696323485868,3.23778811681205,0.364382684366469,1
49,38,-1,1,2.02408803767089,2.46179217713139,0.603173806760554,1
49,39,1,1,2.23696323485868,3.23778811681205,0.631677820103794,1
49,40,-1,1,2.02408803767089,2.46179217713139,0.505299876448339,1
49,41,1,1,2.23696323485868,3.23778811681205,0.573192559635177,1
49,42,-1,1,2.02408803767089,2.46179217713139,0.35865510731835,1
49,43,-1,1,2.02408803767089,2.46179217713139,0.381584419213405,1
49,44,-1,1,2.02408803767089,2.46179217713139,0.631071339700268,1
49,45,1,1,2.23696323485868,3.23778811681205,0.449555558020929,1
49,46,1,1,2.23696323485868,3.23778811681205,0.503650341220353,1
49,47,1,1,2.23696323485868,3.23778811681205,1.12501632986326,1
49,48,-1,1,2.02408803767089,2.46179217713139,0.830037367056653,1
49,49,1,1,2.23696323485868,3.23778811681205,0.664195186951504,1
49,50,1,1,2.23696323485868,3.23778811681205,0.861719167151897,1
49,51,1,1,2.23696323485868,3.23778811681205,1.1807034633069,1
49,52,-1,1,2.02408803767089,2.46179217713139,0.576656449552707,1
49,53,1,1,2.23696323485868,3.23778811681205,0.530804361244475,1
49,54,-1,1,2.02408803767089,2.46179217713139,1.82751448743479,1
49,55,-1,1,2.02408803767089,2.46179217713139,0.477130970427744,1
49,56,-1,1,2.02408803767089,2.46179217713139,0.41313695096176,1
49,57,1,1,2.23696323485868,3.23778811681205,0.815987217267129,1
49,58,1,1,2.23696323485868,3.23778811681205,0.347937913456864,1
49,59,-1,1,2.02408803767089,2.46179217713139,0.629742844354719,1
49,60,-1,1,2.02408803767089,2.46179217713139,0.357810008874125,1
49,61,-1,1,2.02408803767089,2.46179217713139,0.324079601330812,1
49,62,-1,1,2.02408803767089,2.46179217713139,0.543664820744315,1
49,63,-1,1,2.02408803767089,2.46179217713139,0.637307976987637,1
49,64,1,1,2.23696323485868,3.23778811681205,0.984843640685729,1
49,65,-1,1,2.02408803767089,2.46179217713139,0.946011830126184,1
49,66,-1,1,2.02408803767089,2.46179217713139,0.67015200775318,1
49,67,1,1,2.23696323485868,3.23778811681205,0.554037283382775,1
49,68,1,1,2.23696323485868,3.23778811681205,0.506091783798697,1
49,69,-1,1,2.02408803767089,2.46179217713139,0.9082553774824,1
49,70,-1,1,2.02408803767089,2.46179217713139,0.698326011791009,1
49,71,-1,1,2.02408803767089,2.46179217713139,0.512395088326296,1
49,72,-1,1,2.02408803767089,2.46179217713139,0.387280003699766,1
49,73,1,1,2.23696323485868,3.23778811681205,0.677066674948452,1
49,74,-1,1,2.02408803767089,2.46179217713139,0.530244725314556,1
49,75,-1,1,2.02408803767089,2.46179217713139,1.03801130170144,1
49,76,-1,1,2.02408803767089,2.46179217713139,0.826677668742403,1
49,77,1,1,2.23696323485868,3.23778811681205,0.366437138839756,1
49,78,-1,1,2.02408803767089,2.46179217713139,0.560557696320608,1
49,79,1,1,2.23696323485868,3.23778811681205,0.708651870167763,1
49,80,-1,1,2.02408803767089,2.46179217713139,0.827163686277648,1
49,81,-1,1,2.02408803767089,2.46179217713139,1.09460779733084,1
49,82,1,1,2.23696323485868,3.23778811681205,0.539611537783418,1
49,83,1,1,2.23696323485868,3.23778811681205,0.396776260197316,1
49,84,1,1,2.23696323485868,3.23778811681205,0.548471639473324,1
49,85,1,1,2.23696323485868,3.23778811681205,0.666591609357971,1
49,86,1,1,2.23696323485868,3.23778811681205,0.521935489499938,1
49,87,1,1,2.23696323485868,3.23778811681205,0.442458239348601,1
49,88,1,1,2.23696323485868,3.23778811681205,0.627429241964654,1
49,89,1,1,2.23696323485868,3.23778811681205,0.701307225469997,1
49,90,1,1,2.23696323485868,3.23778811681205,0.37582989767252,1
49,91,-1,1,2.02408803767089,2.46179217713139,0.364936429852539,1
49,92,-1,1,2.02408803767089,2.46179217713139,0.721990661683095,1
49,93,-1,1,2.02408803767089,2.46179217713139,1.8733791377775,1
49,94,1,1,2.23696323485868,3.23778811681205,0.395512277726482,1
49,95,-1,1,2.02408803767089,2.46179217713139,0.663043986600316,1
49,96,1,1,2.23696323485868,3.23778811681205,0.578912867713728,1
49,97,1,1,2.23696323485868,3.23778811681205,0.410194146698773,1
49,98,-1,1,2.02408803767089,2.46179217713139,1.16617450114276,1
49,99,1,1,2.23696323485868,3.23778811681205,0.774481391178224,1
49,100,1,1,2.23696323485868,3.23778811681205,0.359528212855872,1
49,101,1,1,2.23696323485868,3.23778811681205,1.10961916198936,1
50,2,1,1,1.52926626189251,3.80958824380243,0.179115128516007,1
50,3,-1,1,1.38373733590032,1.5722151469183,0.413543510258188,1
50,4,-1,1,1.38373733590032,1.5722151469183,0.279673943158501,1
50,5,1,1,1.52926626189251,3.80958824380243,0.286445145956394,1
50,6,-1,1,1.38373733590032,1.5722151469183,0.926478823523673,1
50,7,1,1,1.52926626189251,3.80958824380243,0.467919701420733,1
50,8,-1,1,1.38373733590032,1.5722151469183,0.220130695453979,1
50,9,-1,1,1.38373733590032,1.5722151469183,0.469298721789558,1
50,10,1,1,1.52926626189251,3.80958824380243,0.386120993487113,1
50,11,1,1,1.52926626189251,3.80958824380243,0.414883438201207,1
50,12,-1,1,1.38373733590032,1.5722151469183,0.48489704654615,-1
50,13,1,-1,1.45759534364747,2.70982616442567,0.466023920114165,1
50,14,1,1,1.52926626189251,3.80958824380243,0.337092865303815,1
50,15,-1,1,1.38373733590032,1.5722151469183,0.665642449527009,1
50,16,-1,1,1.38373733590032,1.5722151469183,0.359363855900768,1
50,17,-1,1,1.38373733590032,1.5722151469183,0.440531648560775,1
50,18,-1,1,1.38373733590032,1.5722151469183,0.269535339111862,-1
50,19,1,-1,1.45759534364747,2.70982616442567,0.430087905219247,-1
50,20,-1,-1,1.31888680728721,0.708370444853597,0.452338024769608,-1
50,21,-1,-1,1.31888680728721,0.708370444853597,1.2055450678026,1
50,22,-1,1,1.38373733590032,1.5722151469183,0.744756851366768,1
50,23,-1,1,1.38373733590032,1.5722151469183,0.769291349571363,1
50,24,1,1,1.52926626189251,3.80958824380243,0.780542480398275,1
50,25,-1,1,1.38373733590032,1.5722151469183,0.436695896545096,1
50,26,1,1,1.52926626189251,3.80958824380243,0.234121703493039,1
50,27,-1,1,1.38373733590032,1.5722151469183,0.307732670457229,-1
50,28,-1,-1,1.31888680728721,0.708370444853597,0.363243790175363,1
50,29,1,1,1.52926626189251,3.80958824380243,0.386067413191396,1
50,30,-1,1,1.38373733590032,1.5722151469183,0.298531322204977,-1
50,31,1,-1,1.45759534364747,2.70982616442567,0.460381400481581,1
50,32,1,1,1.52926626189251,3.80958824380243,0.267358336929619,1
50,33,-1,1,1.38373733590032,1.5722151469183,0.522345724544532,1
50,34,1,1,1.52926626189251,3.80958824380243,0.363411273180574,1
50,35,1,1,1.52926626189251,3.80958824380243,0.579051321186149,1
50,36,1,1,1.52926626189251,3.80958824380243,0.398899771202645,1
50,37,1,1,1.52926626189251,3.80958824380243,0.378143464298593,1
50,38,1,1,1.52926626189251,3.80958824380243,0.264491966181683,1
50,39,-1,1,1.38373733590032,1.5722151469183,0.273051287054607,-1
50,40,1,-1,1.45759534364747,2.70982616442567,0.226720655254665,1
50,41,1,1,1.52926626189251,3.80958824380243,0.239673174929261,1
50,42,-1,1,1.38373733590032,1.5722151469183,0.238322533193891,-1
50,43,-1,-1,1.31888680728721,0.708370444853597,0.740222507274085,1
50,44,1,1,1.52926626189251,3.80958824380243,0.26928653547236,1
50,45,1,1,1.52926626189251,3.80958824380243,0.348744485224482,1
50,46,-1,1,1.38373733590032,1.5722151469183,1.07192921625213,1
50,47,-1,1,1.38373733590032,1.5722151469183,0.351937726750357,1
50,48,-1,1,1.38373733590032,1.5722151469183,0.877669133898249,1
50,49,1,1,1.52926626189251,3.80958824380243,0.508813849028601,1
50,50,1,1,1.52926626189251,3.80958824380243,0.340816712714074,1
50,51,-1,1,1.38373733590032,1.5722151469183,0.867463335604489,1
50,52,1,1,1.52926626189251,3.80958824380243,0.33512237723367,1
50,53,1,1,1.52926626189251,3.80958824380243,0.537087043999994,1
50,54,-1,1,1.38373733590032,1.5722151469183,0.326532641689357,-1
50,55,1,-1,1.45759534364747,2.70982616442567,0.443828879787757,-1
50,56,1,-1,1.45759534364747,2.70982616442567,0.3771372359832,1
50,57,-1,1,1.38373733590032,1.5722151469183,0.180010871205878,1
50,58,1,1,1.52926626189251,3.80958824380243,0.357093716639964,1
50,59,-1,1,1.38373733590032,1.5722151469183,0.292065422794078,1
50,60,-1,1,1.38373733590032,1.5722151469183,0.194678767769951,1
50,61,-1,1,1.38373733590032,1.5722151469183,0.56966783799002,1
50,62,1,1,1.52926626189251,3.80958824380243,0.358239562600443,1
50,63,1,1,1.52926626189251,3.80958824380243,0.326440859670031,1
50,64,-1,1,1.38373733590032,1.5722151469183,0.390601396184846,1
50,65,-1,1,1.38373733590032,1.5722151469183,0.327045119237113,1
50,66,-1,1,1.38373733590032,1.5722151469183,0.35520921361165,1
50,67,-1,1,1.38373733590032,1.5722151469183,0.359640430940624,1
50,68,-1,1,1.38373733590032,1.5722151469183,0.416273483115131,1
50,69,-1,1,1.38373733590032,1.5722151469183,0.346023157770277,1
50,70,1,1,1.52926626189251,3.80958824380243,0.318599718805267,1
50,71,1,1,1.52926626189251,3.80958824380243,0.289982557859942,1
50,72,-1,1,1.38373733590032,1.5722151469183,0.220388323902611,1
50,73,-1,1,1.38373733590032,1.5722151469183,0.294244797047984,-1
50,74,1,-1,1.45759534364747,2.70982616442567,0.414031270482825,-1
50,75,1,-1,1.45759534364747,2.70982616442567,0.347479266624737,1
50,76,-1,1,1.38373733590032,1.5722151469183,0.448299523182169,1
50,77,-1,1,1.38373733590032,1.5722151469183,0.349111965822934,1
50,78,1,1,1.52926626189251,3.80958824380243,0.364978261448934,1
50,79,1,1,1.52926626189251,3.80958824380243,0.236123618336997,1
50,80,1,1,1.52926626189251,3.80958824380243,0.446931284448274,1
50,81,1,1,1.52926626189251,3.80958824380243,0.250134474503116,1
50,82,1,1,1.52926626189251,3.80958824380243,0.258261283562419,1
50,83,-1,1,1.38373733590032,1.5722151469183,0.279018277438213,1
50,84,1,1,1.52926626189251,3.80958824380243,0.279155513352209,1
50,85,1,1,1.52926626189251,3.80958824380243,0.295530612468623,1
50,86,-1,1,1.38373733590032,1.5722151469183,0.210557437073829,1
50,87,-1,1,1.38373733590032,1.5722151469183,0.755914418866,-1
50,88,1,-1,1.45759534364747,2.70982616442567,0.218567401751833,1
50,89,-1,1,1.38373733590032,1.5722151469183,0.476668405226931,1
50,90,-1,1,1.38373733590032,1.5722151469183,0.596598446423416,1
50,91,1,1,1.52926626189251,3.80958824380243,0.271668128034028,1
50,92,-1,1,1.38373733590032,1.5722151469183,0.320897283398849,1
50,93,1,1,1.52926626189251,3.80958824380243,0.226365562266504,1
50,94,1,1,1.52926626189251,3.80958824380243,0.281436599404359,1
50,95,1,1,1.52926626189251,3.80958824380243,0.374167894531436,1
50,96,1,1,1.52926626189251,3.80958824380243,0.41387384283731,1
50,97,1,1,1.52926626189251,3.80958824380243,0.397566880720093,1
50,98,-1,1,1.38373733590032,1.5722151469183,0.396091332192981,1
50,99,-1,1,1.38373733590032,1.5722151469183,0.848542302152187,1
50,100,-1,1,1.38373733590032,1.5722151469183,0.406044970530662,1
50,101,1,1,1.52926626189251,3.80958824380243,0.348290205597372,1
51,2,1,1,1.89454277227693,4.22737096077581,0.377090686869965,1
51,3,1,1,1.89454277227693,4.22737096077581,0.40753895213932,1
51,4,-1,1,1.71425319042575,0.585856154672465,2.98729736529728,1
51,5,1,1,1.89454277227693,4.22737096077581,0.466639361624769,1
51,6,1,1,1.89454277227693,4.22737096077581,0.38223822448014,1
51,7,1,1,1.89454277227693,4.22737096077581,0.275262641022216,1
51,8,-1,1,1.71425319042575,0.585856154672465,0.345498007708488,1
51,9,1,1,1.89454277227693,4.22737096077581,0.383963022278749,1
51,10,-1,1,1.71425319042575,0.585856154672465,0.395501095110479,-1
51,11,-1,-1,1.63391263540019,0.777659498973553,1.10537976274849,1
51,12,1,1,1.89454277227693,4.22737096077581,0.372600044808019,1
51,13,-1,1,1.71425319042575,0.585856154672465,0.955400073490008,1
51,14,-1,1,1.71425319042575,0.585856154672465,0.673829406868017,-1
51,15,1,-1,1.80575272732063,3.20911338557817,0.295869508451037,1
51,16,-1,1,1.71425319042575,0.585856154672465,0.550557871601513,1
51,17,-1,1,1.71425319042575,0.585856154672465,1.1848386711512,1
51,18,-1,1,1.71425319042575,0.585856154672465,0.269873403097437,1
51,19,-1,1,1.71425319042575,0.585856154672465,0.569128208185172,1
51,20,-1,1,1.71425319042575,0.585856154672465,2.01706587165412,1
51,21,1,1,1.89454277227693,4.22737096077581,0.427404144431384,1
51,22,1,1,1.89454277227693,4.22737096077581,0.505687033604499,1
51,23,-1,1,1.71425319042575,0.585856154672465,1.35369118188948,1
51,24,-1,1,1.71425319042575,0.585856154672465,0.360892379317835,1
51,25,1,1,1.89454277227693,4.22737096077581,1.09408397341651,1
51,26,1,1,1.89454277227693,4.22737096077581,0.608045520722129,1
51,27,-1,1,1.71425319042575,0.585856154672465,1.46699829144271,-1
51,28,1,-1,1.80575272732063,3.20911338557817,0.548720235872371,1
51,29,1,1,1.89454277227693,4.22737096077581,0.328936300417559,1
51,30,1,1,1.89454277227693,4.22737096077581,0.400548056557517,1
51,31,-1,1,1.71425319042575,0.585856154672465,1.2849070064898,1
51,32,-1,1,1.71425319042575,0.585856154672465,1.38376271404833,-1
51,33,1,-1,1.80575272732063,3.20911338557817,0.316962698233893,1
51,34,1,1,1.89454277227693,4.22737096077581,0.304545483563033,1
51,35,1,1,1.89454277227693,4.22737096077581,0.479253925050368,1
51,36,-1,1,1.71425319042575,0.585856154672465,0.825010061547028,-1
51,37,-1,-1,1.63391263540019,0.777659498973553,0.742919738017678,1
51,38,-1,1,1.71425319042575,0.585856154672465,0.400568237013121,1
51,39,1,1,1.89454277227693,4.22737096077581,0.286736360013859,1
51,40,-1,1,1.71425319042575,0.585856154672465,1.47652003923748,1
51,41,-1,1,1.71425319042575,0.585856154672465,1.33954510338735,-1
51,42,1,-1,1.80575272732063,3.20911338557817,0.312051516357253,1
51,43,1,1,1.89454277227693,4.22737096077581,0.348111505562783,1
51,44,-1,1,1.71425319042575,0.585856154672465,0.430873934145768,1
51,45,1,1,1.89454277227693,4.22737096077581,0.75570303892885,1
51,46,1,1,1.89454277227693,4.22737096077581,0.264189634694673,1
51,47,1,1,1.89454277227693,4.22737096077581,0.37985652318814,1
51,48,1,1,1.89454277227693,4.22737096077581,0.51314937243724,1
51,49,-1,1,1.71425319042575,0.585856154672465,0.256200159044027,1
51,50,1,1,1.89454277227693,4.22737096077581,0.3700352976907,1
51,51,-1,1,1.71425319042575,0.585856154672465,0.454191287081809,-1
51,52,-1,-1,1.63391263540019,0.777659498973553,0.737942714068211,1
51,53,1,1,1.89454277227693,4.22737096077581,0.819784229056029,1
51,54,1,1,1.89454277227693,4.22737096077581,0.289688054609301,1
51,55,1,1,1.89454277227693,4.22737096077581,0.362194562187417,1
51,56,1,1,1.89454277227693,4.22737096077581,0.263844764054466,1
51,57,-1,1,1.71425319042575,0.585856154672465,0.323621907974844,1
51,58,1,1,1.89454277227693,4.22737096077581,0.513481866248227,1
51,59,-1,1,1.71425319042575,0.585856154672465,0.543104338652154,1
51,60,-1,1,1.71425319042575,0.585856154672465,0.856339213347726,1
51,61,-1,1,1.71425319042575,0.585856154672465,0.557203278034424,-1
51,62,1,-1,1.80575272732063,3.20911338557817,0.949747310984477,1
51,63,1,1,1.89454277227693,4.22737096077581,0.298159640003602,1
51,64,-1,1,1.71425319042575,0.585856154672465,1.50056587698503,1
51,65,-1,1,1.71425319042575,0.585856154672465,1.4960447811232,-1
51,66,1,-1,1.80575272732063,3.20911338557817,0.445356978994103,1
51,67,-1,1,1.71425319042575,0.585856154672465,0.493906529342775,1
51,68,1,1,1.89454277227693,4.22737096077581,0.74288955884856,1
51,69,-1,1,1.71425319042575,0.585856154672465,1.31894170565415,1
51,70,1,1,1.89454277227693,4.22737096077581,0.281385894970093,1
51,71,1,1,1.89454277227693,4.22737096077581,0.560158488366952,1
51,72,1,1,1.89454277227693,4.22737096077581,0.418098627212525,1
51,73,1,1,1.89454277227693,4.22737096077581,0.352532933294778,1
51,74,1,1,1.89454277227693,4.22737096077581,0.362217677307385,1
51,75,1,1,1.89454277227693,4.22737096077581,0.5,1
51,76,-1,1,1.71425319042575,0.585856154672465,0.650225544292248,1
51,77,-1,1,1.71425319042575,0.585856154672465,0.383363076595596,1
51,78,-1,1,1.71425319042575,0.585856154672465,0.707677404442126,1
51,79,1,1,1.89454277227693,4.22737096077581,0.327057638854929,1
51,80,-1,1,1.71425319042575,0.585856154672465,0.463816913130609,-1
51,81,-1,-1,1.63391263540019,0.777659498973553,1.18564614606296,-1
51,82,1,-1,1.80575272732063,3.20911338557817,0.329197969677501,1
51,83,1,1,1.89454277227693,4.22737096077581,0.758509928755403,1
51,84,-1,1,1.71425319042575,0.585856154672465,0.449824343389653,1
51,85,-1,1,1.71425319042575,0.585856154672465,0.491765529919319,1
51,86,-1,1,1.71425319042575,0.585856154672465,1.71831683685229,1
51,87,-1,1,1.71425319042575,0.585856154672465,0.769121692535851,-1
51,88,-1,-1,1.63391263540019,0.777659498973553,0.299871613059513,1
51,89,-1,1,1.71425319042575,0.585856154672465,0.801690779977777,1
51,90,1,1,1.89454277227693,4.22737096077581,0.362080052579422,1
51,91,-1,1,1.71425319042575,0.585856154672465,0.580865266949325,-1
51,92,-1,-1,1.63391263540019,0.777659498973553,0.572827964250097,1
51,93,-1,1,1.71425319042575,0.585856154672465,0.50710258100144,1
51,94,1,1,1.89454277227693,4.22737096077581,0.349126088322899,1
51,95,-1,1,1.71425319042575,0.585856154672465,0.787969540922087,1
51,96,1,1,1.89454277227693,4.22737096077581,0.407903218711547,1
51,97,1,1,1.89454277227693,4.22737096077581,0.36455243828676,1
51,98,-1,1,1.71425319042575,0.585856154672465,1.60896375409879,1
51,99,-1,1,1.71425319042575,0.585856154672465,0.791132924704041,1
51,100,1,1,1.89454277227693,4.22737096077581,0.335457177844998,1
51,101,1,1,1.89454277227693,4.22737096077581,0.447959014756213,1
52,2,-1,1,1.96696647203902,0.223166007458035,0.396387710695453,1
52,3,1,1,2.17383414172738,4.86512158214689,0.267073079398252,1
52,4,-1,1,1.96696647203902,0.223166007458035,1.03773801528645,1
52,5,1,1,2.17383414172738,4.86512158214689,0.42073386804693,1
52,6,1,1,2.17383414172738,4.86512158214689,0.43020109209764,1
52,7,1,1,2.17383414172738,4.86512158214689,0.365004635575726,1
52,8,1,1,2.17383414172738,4.86512158214689,0.503099671567567,1
52,9,-1,1,1.96696647203902,0.223166007458035,1.19838963233901,-1
52,10,1,-1,2.07195476798299,3.86616856609907,0.372742784926835,1
52,11,1,1,2.17383414172738,4.86512158214689,0.409651529979301,1
52,12,1,1,2.17383414172738,4.86512158214689,0.279923498874519,1
52,13,-1,1,1.96696647203902,0.223166007458035,0.963327609297791,1
52,14,1,1,2.17383414172738,4.86512158214689,0.359741115820631,1
52,15,-1,1,1.96696647203902,0.223166007458035,1.08093278599156,1
52,16,1,1,2.17383414172738,4.86512158214689,0.492399470488102,1
52,17,-1,1,1.96696647203902,0.223166007458035,1.55358728535931,1
52,18,-1,1,1.96696647203902,0.223166007458035,1.46509073222359,1
52,19,-1,1,1.96696647203902,0.223166007458035,0.406887387186448,1
52,20,-1,1,1.96696647203902,0.223166007458035,1.11319912739014,-1
52,21,1,-1,2.07195476798299,3.86616856609907,0.382266449184384,1
52,22,-1,1,1.96696647203902,0.223166007458035,0.721749606863349,1
52,23,1,1,2.17383414172738,4.86512158214689,0.333368626407716,1
52,24,-1,1,1.96696647203902,0.223166007458035,2.20918835723833,1
52,25,1,1,2.17383414172738,4.86512158214689,0.296457270143051,1
52,26,1,1,2.17383414172738,4.86512158214689,0.674058474861574,1
52,27,1,1,2.17383414172738,4.86512158214689,0.569178326482898,1
52,28,1,1,2.17383414172738,4.86512158214689,0.37925717018544,1
52,29,-1,1,1.96696647203902,0.223166007458035,2.9,1
52,30,-1,1,1.96696647203902,0.223166007458035,1.26305853467357,-1
52,31,1,-1,2.07195476798299,3.86616856609907,0.345075553415797,1
52,32,1,1,2.17383414172738,4.86512158214689,0.314401932126202,1
52,33,-1,1,1.96696647203902,0.223166007458035,0.408322717962448,1
52,34,-1,1,1.96696647203902,0.223166007458035,0.436138628077872,-1
52,35,1,-1,2.07195476798299,3.86616856609907,0.294814300191324,1
52,36,1,1,2.17383414172738,4.86512158214689,0.296672439906825,1
52,37,-1,1,1.96696647203902,0.223166007458035,0.336704681402363,1
52,38,-1,1,1.96696647203902,0.223166007458035,1.6569802489286,-1
52,39,1,-1,2.07195476798299,3.86616856609907,0.314300623510211,1
52,40,-1,1,1.96696647203902,0.223166007458035,0.51074277441696,1
52,41,1,1,2.17383414172738,4.86512158214689,0.379823569910914,1
52,42,-1,1,1.96696647203902,0.223166007458035,2.36486298664594,1
52,43,1,1,2.17383414172738,4.86512158214689,0.474092119906023,1
52,44,-1,1,1.96696647203902,0.223166007458035,1.17334149386482,1
52,45,-1,1,1.96696647203902,0.223166007458035,0.835621274745699,-1
52,46,-1,-1,1.87478220254903,-0.154456155703994,0.421261653389294,1
52,47,1,1,2.17383414172738,4.86512158214689,0.540145149831881,1
52,48,-1,1,1.96696647203902,0.223166007458035,0.557161869430998,1
52,49,-1,1,1.96696647203902,0.223166007458035,0.522167437197885,1
52,50,1,1,2.17383414172738,4.86512158214689,0.416285504427324,1
52,51,1,1,2.17383414172738,4.86512158214689,0.597142854334528,1
52,52,-1,1,1.96696647203902,0.223166007458035,0.769687119434975,1
52,53,1,1,2.17383414172738,4.86512158214689,0.274972310564486,1
52,54,-1,1,1.96696647203902,0.223166007458035,1.2274170119504,1
52,55,-1,1,1.96696647203902,0.223166007458035,0.442454862570078,1
52,56,-1,1,1.96696647203902,0.223166007458035,0.444915957931482,1
52,57,-1,1,1.96696647203902,0.223166007458035,3.69732165477699,1
52,58,-1,1,1.96696647203902,0.223166007458035,0.553070925936285,1
52,59,-1,1,1.96696647203902,0.223166007458035,1.87300741628551,-1
52,60,-1,-1,1.87478220254903,-0.154456155703994,2.70400059642002,-1
52,61,-1,-1,1.87478220254903,-0.154456155703994,2.58315579564966,-1
52,62,-1,-1,1.87478220254903,-0.154456155703994,0.767697473178822,-1
52,63,1,-1,2.07195476798299,3.86616856609907,0.432467588839981,1
52,64,1,1,2.17383414172738,4.86512158214689,0.364883301818663,1
52,65,-1,1,1.96696647203902,0.223166007458035,1.07706786736349,1
52,66,1,1,2.17383414172738,4.86512158214689,0.466310641963018,1
52,67,-1,1,1.96696647203902,0.223166007458035,0.994545733603456,1
52,68,-1,1,1.96696647203902,0.223166007458035,0.3792777671172,-1
52,69,-1,-1,1.87478220254903,-0.154456155703994,0.718705334241543,-1
52,70,-1,-1,1.87478220254903,-0.154456155703994,0.48669654557381,1
52,71,-1,1,1.96696647203902,0.223166007458035,1.25920089667041,1
52,72,1,1,2.17383414172738,4.86512158214689,0.483157883252848,1
52,73,-1,1,1.96696647203902,0.223166007458035,1.11189523503988,1
52,74,-1,1,1.96696647203902,0.223166007458035,1.527111055519,-1
52,75,-1,-1,1.87478220254903,-0.154456155703994,1.15435260851322,1
52,76,1,1,2.17383414172738,4.86512158214689,0.421714604707193,1
52,77,-1,1,1.96696647203902,0.223166007458035,1.48447145995004,1
52,78,1,1,2.17383414172738,4.86512158214689,0.523889694502937,1
52,79,1,1,2.17383414172738,4.86512158214689,0.42839458898292,1
52,80,-1,1,1.96696647203902,0.223166007458035,0.794034809408803,1
52,81,1,1,2.17383414172738,4.86512158214689,0.530363165992945,1
52,82,1,1,2.17383414172738,4.86512158214689,0.50381488345907,1
52,83,-1,1,1.96696647203902,0.223166007458035,1.69638289243523,1
52,84,1,1,2.17383414172738,4.86512158214689,0.474218074089153,1
52,85,-1,1,1.96696647203902,0.223166007458035,1.1294578387258,1
52,86,1,1,2.17383414172738,4.86512158214689,0.504606702016521,1
52,87,1,1,2.17383414172738,4.86512158214689,0.260866903471402,1
52,88,1,1,2.17383414172738,4.86512158214689,0.373573219951365,1
52,89,1,1,2.17383414172738,4.86512158214689,0.571186857952322,1
52,90,1,1,2.17383414172738,4.86512158214689,0.377356896998385,1
52,91,1,1,2.17383414172738,4.86512158214689,0.293519395346814,1
52,92,1,1,2.17383414172738,4.86512158214689,0.448232821413456,1
52,93,1,1,2.17383414172738,4.86512158214689,0.505762622766321,1
52,94,1,1,2.17383414172738,4.86512158214689,0.671149162785899,1
52,95,1,1,2.17383414172738,4.86512158214689,0.368694978717234,1
52,96,1,1,2.17383414172738,4.86512158214689,0.348922664863278,1
52,97,-1,1,1.96696647203902,0.223166007458035,1.82301792593121,-1
52,98,-1,-1,1.87478220254903,-0.154456155703994,0.667854682346985,1
52,99,-1,1,1.96696647203902,0.223166007458035,0.52954545181718,1
52,100,1,1,2.17383414172738,4.86512158214689,0.439336003735781,1
52,101,1,1,2.17383414172738,4.86512158214689,0.32608975585776,1
53,2,1,1,2.11840548999472,4.33041421956482,0.277624554932474,1
53,3,-1,1,1.91681255392002,2.00349057897074,0.255987275308251,1
53,4,-1,1,1.91681255392002,2.00349057897074,0.430957080458035,1
53,5,-1,1,1.91681255392002,2.00349057897074,1.00488276007245,1
53,6,-1,1,1.91681255392002,2.00349057897074,0.421423820725614,1
53,7,-1,1,1.91681255392002,2.00349057897074,0.874912317206255,1
53,8,1,1,2.11840548999472,4.33041421956482,0.673647598562999,1
53,9,-1,1,1.91681255392002,2.00349057897074,0.743697548215029,1
53,10,-1,1,1.91681255392002,2.00349057897074,0.710105110716322,1
53,11,-1,1,1.91681255392002,2.00349057897074,0.676040063734113,1
53,12,-1,1,1.91681255392002,2.00349057897074,0.442836082573998,1
53,13,1,1,2.11840548999472,4.33041421956482,0.280677056781225,1
53,14,1,1,2.11840548999472,4.33041421956482,0.260009299176126,1
53,15,-1,1,1.91681255392002,2.00349057897074,0.703423378637781,1
53,16,-1,1,1.91681255392002,2.00349057897074,1.05728458471847,1
53,17,-1,1,1.91681255392002,2.00349057897074,0.497836070254512,1
53,18,1,1,2.11840548999472,4.33041421956482,0.472167923456599,1
53,19,1,1,2.11840548999472,4.33041421956482,0.408381472197536,1
53,20,-1,1,1.91681255392002,2.00349057897074,1.24743621914437,1
53,21,1,1,2.11840548999472,4.33041421956482,0.3185867107221,1
53,22,1,1,2.11840548999472,4.33041421956482,0.291318224230368,1
53,23,-1,1,1.91681255392002,2.00349057897074,0.639199804133175,1
53,24,-1,1,1.91681255392002,2.00349057897074,0.539192287198712,1
53,25,1,1,2.11840548999472,4.33041421956482,0.534000630513578,1
53,26,-1,1,1.91681255392002,2.00349057897074,0.614807717547719,1
53,27,-1,1,1.91681255392002,2.00349057897074,0.304859939378955,1
53,28,1,1,2.11840548999472,4.33041421956482,0.353038414347147,1
53,29,-1,1,1.91681255392002,2.00349057897074,0.346251574967366,1
53,30,1,1,2.11840548999472,4.33041421956482,0.382084877731672,1
53,31,-1,1,1.91681255392002,2.00349057897074,0.542951558514971,1
53,32,1,1,2.11840548999472,4.33041421956482,0.357395152721444,1
53,33,-1,1,1.91681255392002,2.00349057897074,0.675262910616902,1
53,34,1,1,2.11840548999472,4.33041421956482,0.477698666199727,1
53,35,1,1,2.11840548999472,4.33041421956482,0.338101097140435,1
53,36,1,1,2.11840548999472,4.33041421956482,0.287961330900183,1
53,37,1,1,2.11840548999472,4.33041421956482,0.56226147657838,1
53,38,1,1,2.11840548999472,4.33041421956482,0.462432297780385,1
53,39,-1,1,1.91681255392002,2.00349057897074,0.347469149253227,1
53,40,1,1,2.11840548999472,4.33041421956482,0.363363403780478,1
53,41,-1,1,1.91681255392002,2.00349057897074,0.647596629835722,1
53,42,1,1,2.11840548999472,4.33041421956482,0.532622703356709,1
53,43,1,1,2.11840548999472,4.33041421956482,0.620023873372131,1
53,44,1,1,2.11840548999472,4.33041421956482,0.39781891567949,1
53,45,1,1,2.11840548999472,4.33041421956482,0.694663155857903,1
53,46,-1,1,1.91681255392002,2.00349057897074,0.349803419085725,1
53,47,1,1,2.11840548999472,4.33041421956482,0.348751196088593,1
53,48,-1,1,1.91681255392002,2.00349057897074,0.747534018874604,1
53,49,1,1,2.11840548999472,4.33041421956482,0.494767629910916,1
53,50,-1,1,1.91681255392002,2.00349057897074,0.534267473536729,1
53,51,-1,1,1.91681255392002,2.00349057897074,0.501634047081055,1
53,52,-1,1,1.91681255392002,2.00349057897074,0.301262707558068,1
53,53,1,1,2.11840548999472,4.33041421956482,0.401839460108768,1
53,54,1,1,2.11840548999472,4.33041421956482,0.432833502751687,1
53,55,-1,1,1.91681255392002,2.00349057897074,0.995978526022653,1
53,56,1,1,2.11840548999472,4.33041421956482,0.407042289940217,1
53,57,1,1,2.11840548999472,4.33041421956482,0.4112922103297,1
53,58,1,1,2.11840548999472,4.33041421956482,0.430094699639925,1
53,59,-1,1,1.91681255392002,2.00349057897074,0.340712845909403,1
53,60,1,1,2.11840548999472,4.33041421956482,0.359054485459344,1
53,61,-1,1,1.91681255392002,2.00349057897074,0.445162535673045,1
53,62,1,1,2.11840548999472,4.33041421956482,0.572988268451553,1
53,63,1,1,2.11840548999472,4.33041421956482,0.489752594778991,1
53,64,1,1,2.11840548999472,4.33041421956482,0.441563351013932,1
53,65,1,1,2.11840548999472,4.33041421956482,0.396432232385328,1
53,66,1,1,2.11840548999472,4.33041421956482,0.466855355320034,1
53,67,-1,1,1.91681255392002,2.00349057897074,0.302642238386142,1
53,68,1,1,2.11840548999472,4.33041421956482,0.707006362334318,1
53,69,-1,1,1.91681255392002,2.00349057897074,0.555109941345014,1
53,70,1,1,2.11840548999472,4.33041421956482,0.288465458470244,1
53,71,-1,1,1.91681255392002,2.00349057897074,0.305234798123189,1
53,72,-1,1,1.91681255392002,2.00349057897074,0.36372391873884,1
53,73,1,1,2.11840548999472,4.33041421956482,0.521560977186795,1
53,74,1,1,2.11840548999472,4.33041421956482,0.31716085249752,1
53,75,-1,1,1.91681255392002,2.00349057897074,0.831088712909037,1
53,76,1,1,2.11840548999472,4.33041421956482,0.27297703636919,1
53,77,-1,1,1.91681255392002,2.00349057897074,0.402730108739689,1
53,78,1,1,2.11840548999472,4.33041421956482,0.281760935046213,1
53,79,1,1,2.11840548999472,4.33041421956482,0.374004957097607,1
53,80,-1,1,1.91681255392002,2.00349057897074,0.704305309512756,1
53,81,-1,1,1.91681255392002,2.00349057897074,0.39884796998254,1
53,82,-1,1,1.91681255392002,2.00349057897074,0.484339903427837,1
53,83,1,1,2.11840548999472,4.33041421956482,0.441365682600523,1
53,84,-1,1,1.91681255392002,2.00349057897074,0.916937270907059,1
53,85,-1,1,1.91681255392002,2.00349057897074,0.418072683498794,1
53,86,-1,1,1.91681255392002,2.00349057897074,0.569199637703717,1
53,87,-1,1,1.91681255392002,2.00349057897074,0.757431842410556,1
53,88,-1,1,1.91681255392002,2.00349057897074,0.745059662602575,-1
53,89,-1,-1,1.82697880863549,0.787811770032179,0.444451048682102,-1
53,90,-1,-1,1.82697880863549,0.787811770032179,0.325196926423005,1
53,91,1,1,2.11840548999472,4.33041421956482,0.635577511118669,1
53,92,1,1,2.11840548999472,4.33041421956482,0.424764893029705,1
53,93,1,1,2.11840548999472,4.33041421956482,0.82485177173094,1
53,94,-1,1,1.91681255392002,2.00349057897074,0.394111095520501,1
53,95,-1,1,1.91681255392002,2.00349057897074,0.418313219446788,1
53,96,1,1,2.11840548999472,4.33041421956482,0.487647673041379,1
53,97,1,1,2.11840548999472,4.33041421956482,0.33091580909814,1
53,98,-1,1,1.91681255392002,2.00349057897074,0.476586961461613,1
53,99,-1,1,1.91681255392002,2.00349057897074,0.816540948903025,1
53,100,1,1,2.11840548999472,4.33041421956482,0.383909202322327,1
53,101,1,1,2.11840548999472,4.33041421956482,0.312993266501898,1
54,2,-1,1,1.78726766805552,1.1576555519787,0.340290142940097,1
54,3,1,1,1.97523624955184,3.77778992806614,0.390399831979209,1
54,4,1,1,1.97523624955184,3.77778992806614,0.384482947028332,1
54,5,-1,1,1.78726766805552,1.1576555519787,0.760891427664492,1
54,6,1,1,1.97523624955184,3.77778992806614,0.494053860179702,1
54,7,-1,1,1.78726766805552,1.1576555519787,0.343969526558152,1
54,8,-1,1,1.78726766805552,1.1576555519787,1.73839182656596,1
54,9,1,1,1.97523624955184,3.77778992806614,0.638609669463346,1
54,10,1,1,1.97523624955184,3.77778992806614,0.404874456248405,1
54,11,-1,1,1.78726766805552,1.1576555519787,0.391905162814671,1
54,12,1,1,1.97523624955184,3.77778992806614,0.56187335513269,1
54,13,1,1,1.97523624955184,3.77778992806614,0.293000294334703,1
54,14,1,1,1.97523624955184,3.77778992806614,0.40116621846658,1
54,15,1,1,1.97523624955184,3.77778992806614,0.364869527267506,1
54,16,1,1,1.97523624955184,3.77778992806614,0.366381505912276,1
54,17,-1,1,1.78726766805552,1.1576555519787,0.308147226183276,1
54,18,-1,1,1.78726766805552,1.1576555519787,1.11431817668491,-1
54,19,-1,-1,1.70350520097494,1.43823000361077,0.594152593039925,1
54,20,-1,1,1.78726766805552,1.1576555519787,1.38639364538961,1
54,21,-1,1,1.78726766805552,1.1576555519787,0.705924920373363,1
54,22,-1,1,1.78726766805552,1.1576555519787,0.288075679869527,1
54,23,-1,1,1.78726766805552,1.1576555519787,0.600435908563083,1
54,24,1,1,1.97523624955184,3.77778992806614,0.636516737017154,1
54,25,-1,1,1.78726766805552,1.1576555519787,0.581098195281416,1
54,26,1,1,1.97523624955184,3.77778992806614,0.475044220391786,1
54,27,-1,1,1.78726766805552,1.1576555519787,1.09631983356153,1
54,28,-1,1,1.78726766805552,1.1576555519787,0.808452298765162,1
54,29,1,1,1.97523624955184,3.77778992806614,0.540312797216996,1
54,30,-1,1,1.78726766805552,1.1576555519787,1.29504732409792,1
54,31,-1,1,1.78726766805552,1.1576555519787,0.75895425332582,1
54,32,1,1,1.97523624955184,3.77778992806614,0.394041925779267,1
54,33,1,1,1.97523624955184,3.77778992806614,0.249854298103619,1
54,34,-1,1,1.78726766805552,1.1576555519787,1.1261026537546,1
54,35,1,1,1.97523624955184,3.77778992806614,0.36466322962107,1
54,36,1,1,1.97523624955184,3.77778992806614,0.43373253664949,1
54,37,1,1,1.97523624955184,3.77778992806614,0.299922517274286,1
54,38,-1,1,1.78726766805552,1.1576555519787,0.898645907771346,1
54,39,-1,1,1.78726766805552,1.1576555519787,0.644670178041015,1
54,40,-1,1,1.78726766805552,1.1576555519787,0.659646077047278,1
54,41,1,1,1.97523624955184,3.77778992806614,0.528929343707927,1
54,42,-1,1,1.78726766805552,1.1576555519787,0.393606001005649,1
54,43,-1,1,1.78726766805552,1.1576555519787,0.406616701406884,1
54,44,1,1,1.97523624955184,3.77778992806614,0.456750311541101,1
54,45,1,1,1.97523624955184,3.77778992806614,0.471973148716236,1
54,46,-1,1,1.78726766805552,1.1576555519787,0.640846583182435,1
54,47,-1,1,1.78726766805552,1.1576555519787,0.336945863417558,1
54,48,-1,1,1.78726766805552,1.1576555519787,0.801984883647316,1
54,49,1,1,1.97523624955184,3.77778992806614,0.369510352787067,1
54,50,1,1,1.97523624955184,3.77778992806614,0.914779555796575,1
54,51,-1,1,1.78726766805552,1.1576555519787,0.465907859938547,1
54,52,-1,1,1.78726766805552,1.1576555519787,0.909912245246306,1
54,53,1,1,1.97523624955184,3.77778992806614,0.643512957675412,1
54,54,1,1,1.97523624955184,3.77778992806614,0.267209163302931,1
54,55,-1,1,1.78726766805552,1.1576555519787,0.313639163451817,-1
54,56,1,-1,1.88266440690811,2.42632451634439,1.27129520046305,1
54,57,1,1,1.97523624955184,3.77778992806614,0.651383041608238,1
54,58,-1,1,1.78726766805552,1.1576555519787,0.947111493633988,1
54,59,1,1,1.97523624955184,3.77778992806614,0.323939777814172,1
54,60,1,1,1.97523624955184,3.77778992806614,0.486872578905122,1
54,61,-1,1,1.78726766805552,1.1576555519787,0.409119481018868,-1
54,62,-1,-1,1.70350520097494,1.43823000361077,0.332589520944374,1
54,63,1,1,1.97523624955184,3.77778992806614,0.642690902493338,1
54,64,-1,1,1.78726766805552,1.1576555519787,0.950789137764516,1
54,65,-1,1,1.78726766805552,1.1576555519787,1.03045326268929,1
54,66,-1,1,1.78726766805552,1.1576555519787,0.623731845112225,1
54,67,1,1,1.97523624955184,3.77778992806614,0.436425462815746,1
54,68,1,1,1.97523624955184,3.77778992806614,0.567759179488712,1
54,69,-1,1,1.78726766805552,1.1576555519787,0.514447832233944,1
54,70,1,1,1.97523624955184,3.77778992806614,0.581101220106009,1
54,71,1,1,1.97523624955184,3.77778992806614,0.465640942343971,1
54,72,-1,1,1.78726766805552,1.1576555519787,0.378415406050088,1
54,73,1,1,1.97523624955184,3.77778992806614,0.838012786650673,1
54,74,1,1,1.97523624955184,3.77778992806614,0.466053572886114,1
54,75,1,1,1.97523624955184,3.77778992806614,0.983228129564267,1
54,76,-1,1,1.78726766805552,1.1576555519787,0.442472629348482,1
54,77,1,1,1.97523624955184,3.77778992806614,0.585809997374341,1
54,78,1,1,1.97523624955184,3.77778992806614,0.341286301858558,1
54,79,1,1,1.97523624955184,3.77778992806614,1.08101318435734,1
54,80,1,1,1.97523624955184,3.77778992806614,0.356664032809186,1
54,81,-1,1,1.78726766805552,1.1576555519787,1.02896706614267,1
54,82,1,1,1.97523624955184,3.77778992806614,0.26114935133515,1
54,83,-1,1,1.78726766805552,1.1576555519787,0.718414316960751,1
54,84,-1,1,1.78726766805552,1.1576555519787,0.4283719090056,1
54,85,1,1,1.97523624955184,3.77778992806614,0.370131435483957,1
54,86,1,1,1.97523624955184,3.77778992806614,0.353094219576451,1
54,87,-1,1,1.78726766805552,1.1576555519787,0.74081169546181,1
54,88,-1,1,1.78726766805552,1.1576555519787,1.90076590641359,1
54,89,1,1,1.97523624955184,3.77778992806614,0.287945421732126,1
54,90,1,1,1.97523624955184,3.77778992806614,0.410207371156904,1
54,91,-1,1,1.78726766805552,1.1576555519787,0.641065486409326,1
54,92,-1,1,1.78726766805552,1.1576555519787,0.545205723723186,1
54,93,1,1,1.97523624955184,3.77778992806614,0.330116209543149,1
54,94,-1,1,1.78726766805552,1.1576555519787,0.422816556356192,1
54,95,-1,1,1.78726766805552,1.1576555519787,0.401437863114921,1
54,96,-1,1,1.78726766805552,1.1576555519787,1.89138276673845,1
54,97,1,1,1.97523624955184,3.77778992806614,0.403304359463177,1
54,98,1,1,1.97523624955184,3.77778992806614,0.464557432528044,1
54,99,-1,1,1.78726766805552,1.1576555519787,0.479153294130826,1
54,100,-1,1,1.78726766805552,1.1576555519787,1.21336964084145,1
54,101,1,1,1.97523624955184,3.77778992806614,0.365843373919253,1
55,2,-1,1,1.59397565116514,0.229033281417438,0.445981940573226,1
55,3,1,1,1.76161553378841,5.12642660453952,0.322994480262485,1
55,4,-1,1,1.59397565116514,0.229033281417438,0.817099655735132,1
55,5,-1,1,1.59397565116514,0.229033281417438,0.780455773504684,1
55,6,-1,1,1.59397565116514,0.229033281417438,0.399269105433516,1
55,7,1,1,1.76161553378841,5.12642660453952,0.321122615653709,1
55,8,1,1,1.76161553378841,5.12642660453952,0.504959461372204,1
55,9,-1,1,1.59397565116514,0.229033281417438,2.24401250265613,-1
55,10,-1,-1,1.51927204890436,-0.174872823435111,2.02120453195874,-1
55,11,-1,-1,1.51927204890436,-0.174872823435111,0.443906421804875,-1
55,12,1,-1,1.6790552850943,3.61941293747816,0.770548122578387,1
55,13,1,1,1.76161553378841,5.12642660453952,0.410870741802819,1
55,14,1,1,1.76161553378841,5.12642660453952,0.541915704063659,1
55,15,1,1,1.76161553378841,5.12642660453952,0.352064154458623,1
55,16,1,1,1.76161553378841,5.12642660453952,0.326080520694953,1
55,17,-1,1,1.59397565116514,0.229033281417438,0.573354980580355,1
55,18,-1,1,1.59397565116514,0.229033281417438,0.361057911506921,1
55,19,-1,1,1.59397565116514,0.229033281417438,2.17079146985896,1
55,20,1,1,1.76161553378841,5.12642660453952,0.374750426103746,1
55,21,1,1,1.76161553378841,5.12642660453952,0.330256313768633,1
55,22,-1,1,1.59397565116514,0.229033281417438,1.38767573970312,-1
55,23,1,-1,1.6790552850943,3.61941293747816,0.445292864121333,1
55,24,-1,1,1.59397565116514,0.229033281417438,0.444730920534399,1
55,25,-1,1,1.59397565116514,0.229033281417438,0.73090568312532,1
55,26,-1,1,1.59397565116514,0.229033281417438,1.13239674262297,1
55,27,-1,1,1.59397565116514,0.229033281417438,1.24902073593223,1
55,28,1,1,1.76161553378841,5.12642660453952,0.342458509745888,1
55,29,1,1,1.76161553378841,5.12642660453952,0.381850648922744,1
55,30,1,1,1.76161553378841,5.12642660453952,0.386177741399789,1
55,31,-1,1,1.59397565116514,0.229033281417438,0.42083669865262,1
55,32,1,1,1.76161553378841,5.12642660453952,0.320145901444882,1
55,33,-1,1,1.59397565116514,0.229033281417438,0.772122968482658,-1
55,34,1,-1,1.6790552850943,3.61941293747816,0.973618234507532,1
55,35,1,1,1.76161553378841,5.12642660453952,0.312472874042406,1
55,36,1,1,1.76161553378841,5.12642660453952,0.394099718413496,1
55,37,1,1,1.76161553378841,5.12642660453952,0.457126994061424,1
55,38,-1,1,1.59397565116514,0.229033281417438,0.52186370250516,1
55,39,1,1,1.76161553378841,5.12642660453952,0.390914814550106,1
55,40,1,1,1.76161553378841,5.12642660453952,0.301598210417422,1
55,41,-1,1,1.59397565116514,0.229033281417438,0.9952135740952,1
55,42,1,1,1.76161553378841,5.12642660453952,0.350814017465295,1
55,43,1,1,1.76161553378841,5.12642660453952,0.360144766475651,1
55,44,1,1,1.76161553378841,5.12642660453952,0.394609954870601,1
55,45,1,1,1.76161553378841,5.12642660453952,0.355052362961045,1
55,46,1,1,1.76161553378841,5.12642660453952,0.382348827959323,1
55,47,-1,1,1.59397565116514,0.229033281417438,1.04166432990054,1
55,48,1,1,1.76161553378841,5.12642660453952,0.373840737035989,1
55,49,1,1,1.76161553378841,5.12642660453952,0.517814010486775,1
55,50,-1,1,1.59397565116514,0.229033281417438,0.563222978753177,-1
55,51,1,-1,1.6790552850943,3.61941293747816,0.505203492070164,1
55,52,1,1,1.76161553378841,5.12642660453952,0.452405147937155,1
55,53,1,1,1.76161553378841,5.12642660453952,0.494061968239907,1
55,54,-1,1,1.59397565116514,0.229033281417438,0.390692202585996,1
55,55,-1,1,1.59397565116514,0.229033281417438,2.55178618746282,1
55,56,1,1,1.76161553378841,5.12642660453952,0.307495695216318,1
55,57,-1,1,1.59397565116514,0.229033281417438,0.4837142402028,1
55,58,-1,1,1.59397565116514,0.229033281417438,0.496314122441812,1
55,59,1,1,1.76161553378841,5.12642660453952,0.460550945880899,1
55,60,-1,1,1.59397565116514,0.229033281417438,0.41668830389746,-1
55,61,1,-1,1.6790552850943,3.61941293747816,0.373098369104422,1
55,62,1,1,1.76161553378841,5.12642660453952,0.392293112376061,1
55,63,1,1,1.76161553378841,5.12642660453952,0.553937357013757,1
55,64,1,1,1.76161553378841,5.12642660453952,0.354011306860212,1
55,65,-1,1,1.59397565116514,0.229033281417438,1.58323296082506,-1
55,66,-1,-1,1.51927204890436,-0.174872823435111,0.700451784950643,1
55,67,1,1,1.76161553378841,5.12642660453952,0.43766396074742,1
55,68,-1,1,1.59397565116514,0.229033281417438,0.357563497817539,1
55,69,-1,1,1.59397565116514,0.229033281417438,0.745016268047782,1
55,70,-1,1,1.59397565116514,0.229033281417438,0.593028198822648,1
55,71,-1,1,1.59397565116514,0.229033281417438,0.351979859561647,-1
55,72,1,-1,1.6790552850943,3.61941293747816,0.41469124003251,1
55,73,1,1,1.76161553378841,5.12642660453952,0.766017207431249,1
55,74,-1,1,1.59397565116514,0.229033281417438,0.289291138981151,1
55,75,1,1,1.76161553378841,5.12642660453952,0.31934989586983,1
55,76,-1,1,1.59397565116514,0.229033281417438,0.69366984103292,-1
55,77,-1,-1,1.51927204890436,-0.174872823435111,0.485856642966307,1
55,78,-1,1,1.59397565116514,0.229033281417438,0.571708703244425,1
55,79,-1,1,1.59397565116514,0.229033281417438,0.601692626890431,1
55,80,-1,1,1.59397565116514,0.229033281417438,0.913815471354842,1
55,81,-1,1,1.59397565116514,0.229033281417438,1.27010622181378,1
55,82,1,1,1.76161553378841,5.12642660453952,0.30930282045479,1
55,83,1,1,1.76161553378841,5.12642660453952,0.296833145201551,1
55,84,1,1,1.76161553378841,5.12642660453952,0.451458424379028,1
55,85,-1,1,1.59397565116514,0.229033281417438,0.70336591644103,-1
55,86,-1,-1,1.51927204890436,-0.174872823435111,0.537404280192743,1
55,87,1,1,1.76161553378841,5.12642660453952,0.318181886443736,1
55,88,-1,1,1.59397565116514,0.229033281417438,1.32625631482286,-1
55,89,1,-1,1.6790552850943,3.61941293747816,0.30825464759781,1
55,90,-1,1,1.59397565116514,0.229033281417438,1.071661707574,1
55,91,1,1,1.76161553378841,5.12642660453952,0.393448711475674,1
55,92,1,1,1.76161553378841,5.12642660453952,0.356156774349009,1
55,93,-1,1,1.59397565116514,0.229033281417438,0.537233635316025,-1
55,94,1,-1,1.6790552850943,3.61941293747816,0.377569882675929,1
55,95,-1,1,1.59397565116514,0.229033281417438,1.81224574627047,1
55,96,-1,1,1.59397565116514,0.229033281417438,0.735345974928334,-1
55,97,-1,-1,1.51927204890436,-0.174872823435111,0.564385303439289,-1
55,98,-1,-1,1.51927204890436,-0.174872823435111,0.487481827050171,1
55,99,-1,1,1.59397565116514,0.229033281417438,0.510226373436748,1
55,100,1,1,1.76161553378841,5.12642660453952,0.469181309688278,1
55,101,-1,1,1.59397565116514,0.229033281417438,0.752869531454544,-1
56,2,1,1,1.57205246212893,4.66972870502708,0.430755736125879,1
56,3,-1,1,1.42245189084981,0.847687185723547,0.407597149953766,-1
56,4,-1,-1,1.35578695766124,0.13044938287992,0.593567160243651,1
56,5,1,1,1.57205246212893,4.66972870502708,0.263166329773358,1
56,6,1,1,1.57205246212893,4.66972870502708,0.251365024250653,1
56,7,1,1,1.57205246212893,4.66972870502708,0.276905335817332,1
56,8,-1,1,1.42245189084981,0.847687185723547,0.32106203333636,1
56,9,1,1,1.57205246212893,4.66972870502708,0.313720524670661,1
56,10,1,1,1.57205246212893,4.66972870502708,0.415991281817134,1
56,11,1,1,1.57205246212893,4.66972870502708,0.469217439518598,1
56,12,1,1,1.57205246212893,4.66972870502708,0.508892997037316,1
56,13,-1,1,1.42245189084981,0.847687185723547,0.293588634081574,1
56,14,-1,1,1.42245189084981,0.847687185723547,0.363127410977116,1
56,15,-1,1,1.42245189084981,0.847687185723547,0.440689111391249,1
56,16,-1,1,1.42245189084981,0.847687185723547,0.471716022876093,1
56,17,1,1,1.57205246212893,4.66972870502708,0.366082491157125,1
56,18,-1,1,1.42245189084981,0.847687185723547,0.636031261912272,-1
56,19,-1,-1,1.35578695766124,0.13044938287992,0.418433779852499,1
56,20,-1,1,1.42245189084981,0.847687185723547,0.492959112157834,1
56,21,-1,1,1.42245189084981,0.847687185723547,1.32019423003871,1
56,22,1,1,1.57205246212893,4.66972870502708,0.387033826090097,1
56,23,-1,1,1.42245189084981,0.847687185723547,0.462489721064386,1
56,24,1,1,1.57205246212893,4.66972870502708,0.400327944099176,1
56,25,-1,1,1.42245189084981,0.847687185723547,0.283397384085465,1
56,26,1,1,1.57205246212893,4.66972870502708,0.486001843924467,1
56,27,1,1,1.57205246212893,4.66972870502708,0.294748696105971,1
56,28,1,1,1.57205246212893,4.66972870502708,0.354791369651572,1
56,29,1,1,1.57205246212893,4.66972870502708,0.363899584974047,1
56,30,-1,1,1.42245189084981,0.847687185723547,0.751216479407679,-1
56,31,-1,-1,1.35578695766124,0.13044938287992,0.920785523830799,1
56,32,-1,1,1.42245189084981,0.847687185723547,0.400976037182388,1
56,33,-1,1,1.42245189084981,0.847687185723547,0.506810102786841,1
56,34,1,1,1.57205246212893,4.66972870502708,0.324889066892856,1
56,35,1,1,1.57205246212893,4.66972870502708,0.298860555203323,1
56,36,-1,1,1.42245189084981,0.847687185723547,0.33429991875855,1
56,37,-1,1,1.42245189084981,0.847687185723547,0.463945411640322,1
56,38,-1,1,1.42245189084981,0.847687185723547,0.460869115097411,1
56,39,1,1,1.57205246212893,4.66972870502708,0.436643145707215,1
56,40,1,1,1.57205246212893,4.66972870502708,0.433160399372611,1
56,41,1,1,1.57205246212893,4.66972870502708,0.391599264777769,1
56,42,1,1,1.57205246212893,4.66972870502708,0.340646652949553,1
56,43,1,1,1.57205246212893,4.66972870502708,0.50613414141875,1
56,44,1,1,1.57205246212893,4.66972870502708,0.399616594533773,1
56,45,-1,1,1.42245189084981,0.847687185723547,0.33177716829543,1
56,46,-1,1,1.42245189084981,0.847687185723547,0.348629980417919,1
56,47,-1,1,1.42245189084981,0.847687185723547,0.28674511459147,1
56,48,-1,1,1.42245189084981,0.847687185723547,1.60406117115186,1
56,49,1,1,1.57205246212893,4.66972870502708,0.338307540528143,1
56,50,-1,1,1.42245189084981,0.847687185723547,0.343530161583097,1
56,51,1,1,1.57205246212893,4.66972870502708,0.325040065623874,1
56,52,-1,1,1.42245189084981,0.847687185723547,1.10112269639051,1
56,53,1,1,1.57205246212893,4.66972870502708,0.314252066032436,1
56,54,-1,1,1.42245189084981,0.847687185723547,1.28989055445988,1
56,55,1,1,1.57205246212893,4.66972870502708,0.385028300489712,1
56,56,-1,1,1.42245189084981,0.847687185723547,1.32037726651681,1
56,57,1,1,1.57205246212893,4.66972870502708,0.281085329676185,1
56,58,1,1,1.57205246212893,4.66972870502708,0.306995773885695,1
56,59,1,1,1.57205246212893,4.66972870502708,0.333218203843589,1
56,60,-1,1,1.42245189084981,0.847687185723547,0.429184454494199,1
56,61,1,1,1.57205246212893,4.66972870502708,0.610851419589048,1
56,62,-1,1,1.42245189084981,0.847687185723547,0.455040304875602,-1
56,63,-1,-1,1.35578695766124,0.13044938287992,0.342712048785694,-1
56,64,1,-1,1.49837631671346,3.15213472636946,0.286096981987995,1
56,65,1,1,1.57205246212893,4.66972870502708,0.533816971977693,1
56,66,-1,1,1.42245189084981,0.847687185723547,0.237326267060728,1
56,67,-1,1,1.42245189084981,0.847687185723547,1.28747558852409,1
56,68,-1,1,1.42245189084981,0.847687185723547,0.443242551033805,1
56,69,-1,1,1.42245189084981,0.847687185723547,0.398247786010372,-1
56,70,-1,-1,1.35578695766124,0.13044938287992,0.332756822655445,1
56,71,1,1,1.57205246212893,4.66972870502708,0.307918772182328,1
56,72,-1,1,1.42245189084981,0.847687185723547,0.261102430653276,1
56,73,-1,1,1.42245189084981,0.847687185723547,0.2995182302523,-1
56,74,1,-1,1.49837631671346,3.15213472636946,0.570696787115247,1
56,75,1,1,1.57205246212893,4.66972870502708,0.366515056670767,1
56,76,-1,1,1.42245189084981,0.847687185723547,0.349722217523077,1
56,77,-1,1,1.42245189084981,0.847687185723547,0.339649160953973,-1
56,78,1,-1,1.49837631671346,3.15213472636946,0.570929782447053,1
56,79,1,1,1.57205246212893,4.66972870502708,0.378542073628204,1
56,80,1,1,1.57205246212893,4.66972870502708,0.29562218534686,1
56,81,1,1,1.57205246212893,4.66972870502708,0.307416774013217,1
56,82,1,1,1.57205246212893,4.66972870502708,0.367299205225049,1
56,83,-1,1,1.42245189084981,0.847687185723547,0.706941948413783,1
56,84,1,1,1.57205246212893,4.66972870502708,0.310418971815913,1
56,85,1,1,1.57205246212893,4.66972870502708,0.328276183347282,1
56,86,-1,1,1.42245189084981,0.847687185723547,0.703555932541256,1
56,87,-1,1,1.42245189084981,0.847687185723547,0.374283947073596,1
56,88,-1,1,1.42245189084981,0.847687185723547,0.296556881290066,1
56,89,-1,1,1.42245189084981,0.847687185723547,0.409992020060122,-1
56,90,-1,-1,1.35578695766124,0.13044938287992,0.521249085165399,-1
56,91,-1,-1,1.35578695766124,0.13044938287992,0.58627783159949,1
56,92,1,1,1.57205246212893,4.66972870502708,0.312463306848897,1
56,93,-1,1,1.42245189084981,0.847687185723547,0.52776040968955,1
56,94,1,1,1.57205246212893,4.66972870502708,0.768154617502847,1
56,95,1,1,1.57205246212893,4.66972870502708,0.340639834778609,1
56,96,1,1,1.57205246212893,4.66972870502708,0.411522342787846,1
56,97,1,1,1.57205246212893,4.66972870502708,0.539902195052533,1
56,98,1,1,1.57205246212893,4.66972870502708,0.505618897534303,1
56,99,1,1,1.57205246212893,4.66972870502708,0.381871071362666,1
56,100,-1,1,1.42245189084981,0.847687185723547,0.365808921682851,-1
56,101,-1,-1,1.35578695766124,0.13044938287992,0.582674212808092,1
57,2,-1,1,1.72980340700839,2.30659300363248,0.909790974815899,1
57,3,1,1,1.91172841941385,2.89769277046993,1.0593460907357,1
57,4,1,1,1.91172841941385,2.89769277046993,0.51339039394634,1
57,5,1,1,1.91172841941385,2.89769277046993,0.729379678898984,1
57,6,1,1,1.91172841941385,2.89769277046993,0.552417992230078,1
57,7,1,1,1.91172841941385,2.89769277046993,0.648265585787163,1
57,8,-1,1,1.72980340700839,2.30659300363248,0.685396291212987,1
57,9,1,1,1.91172841941385,2.89769277046993,0.548926434707523,1
57,10,1,1,1.91172841941385,2.89769277046993,0.588085443351793,1
57,11,-1,1,1.72980340700839,2.30659300363248,0.401210422770042,1
57,12,-1,1,1.72980340700839,2.30659300363248,0.400718896165919,1
57,13,1,1,1.91172841941385,2.89769277046993,0.686587430428666,1
57,14,1,1,1.91172841941385,2.89769277046993,0.686475944935052,1
57,15,-1,1,1.72980340700839,2.30659300363248,0.935483924442349,1
57,16,1,1,1.91172841941385,2.89769277046993,0.616814910896135,1
57,17,-1,1,1.72980340700839,2.30659300363248,0.617461835392451,1
57,18,1,1,1.91172841941385,2.89769277046993,0.454268976366257,1
57,19,1,1,1.91172841941385,2.89769277046993,0.479691681344335,1
57,20,1,1,1.91172841941385,2.89769277046993,0.516262558582255,1
57,21,-1,1,1.72980340700839,2.30659300363248,0.323917687274304,1
57,22,1,1,1.91172841941385,2.89769277046993,0.951547481414208,1
57,23,1,1,1.91172841941385,2.89769277046993,0.840533811176154,1
57,24,-1,1,1.72980340700839,2.30659300363248,0.924570191230677,1
57,25,-1,1,1.72980340700839,2.30659300363248,0.522014684044185,1
57,26,1,1,1.91172841941385,2.89769277046993,0.608265781080623,1
57,27,-1,1,1.72980340700839,2.30659300363248,0.392536067041648,1
57,28,-1,1,1.72980340700839,2.30659300363248,1.06782746237497,1
57,29,-1,1,1.72980340700839,2.30659300363248,1.16369900956026,1
57,30,-1,1,1.72980340700839,2.30659300363248,0.491015452416684,1
57,31,1,1,1.91172841941385,2.89769277046993,0.497162109313047,1
57,32,1,1,1.91172841941385,2.89769277046993,0.504675321899527,1
57,33,-1,1,1.72980340700839,2.30659300363248,0.495803503216298,1
57,34,1,1,1.91172841941385,2.89769277046993,0.343866723192445,1
57,35,-1,1,1.72980340700839,2.30659300363248,0.709031033981853,1
57,36,1,1,1.91172841941385,2.89769277046993,1.05803223180287,1
57,37,-1,1,1.72980340700839,2.30659300363248,1.17692194374521,1
57,38,-1,1,1.72980340700839,2.30659300363248,2.00784134423488,1
57,39,-1,1,1.72980340700839,2.30659300363248,0.538292671403669,1
57,40,-1,1,1.72980340700839,2.30659300363248,1.19687493570885,1
57,41,-1,1,1.72980340700839,2.30659300363248,1.2305741148935,1
57,42,-1,1,1.72980340700839,2.30659300363248,0.667702450873918,1
57,43,-1,1,1.72980340700839,2.30659300363248,0.960324004080637,1
57,44,1,1,1.91172841941385,2.89769277046993,1.05924966981919,1
57,45,-1,1,1.72980340700839,2.30659300363248,0.468126452978622,1
57,46,1,1,1.91172841941385,2.89769277046993,0.541300154498937,1
57,47,1,1,1.91172841941385,2.89769277046993,0.854563947618469,1
57,48,-1,1,1.72980340700839,2.30659300363248,0.519743392273072,1
57,49,1,1,1.91172841941385,2.89769277046993,0.387763000157138,1
57,50,-1,1,1.72980340700839,2.30659300363248,0.700191802216367,1
57,51,1,1,1.91172841941385,2.89769277046993,0.478643637045792,1
57,52,1,1,1.91172841941385,2.89769277046993,0.407870601580772,1
57,53,1,1,1.91172841941385,2.89769277046993,0.513557114989551,1
57,54,1,1,1.91172841941385,2.89769277046993,0.435872545459985,1
57,55,1,1,1.91172841941385,2.89769277046993,0.43227961231032,1
57,56,-1,1,1.72980340700839,2.30659300363248,0.620395469961476,1
57,57,-1,1,1.72980340700839,2.30659300363248,0.998659929324943,1
57,58,-1,1,1.72980340700839,2.30659300363248,0.407631169001867,1
57,59,1,1,1.91172841941385,2.89769277046993,0.394721346702442,1
57,60,-1,1,1.72980340700839,2.30659300363248,0.617132137561033,1
57,61,-1,1,1.72980340700839,2.30659300363248,0.352240007523627,1
57,62,1,1,1.91172841941385,2.89769277046993,0.866461612136867,1
57,63,1,1,1.91172841941385,2.89769277046993,0.893868756539522,1
57,64,-1,1,1.72980340700839,2.30659300363248,0.454593457558643,1
57,65,1,1,1.91172841941385,2.89769277046993,0.895914006105447,1
57,66,-1,1,1.72980340700839,2.30659300363248,1.66184786672178,1
57,67,1,1,1.91172841941385,2.89769277046993,0.577545935540819,1
57,68,1,1,1.91172841941385,2.89769277046993,0.402230929870444,1
57,69,-1,1,1.72980340700839,2.30659300363248,0.571557173328316,1
57,70,-1,1,1.72980340700839,2.30659300363248,0.703586744602492,1
57,71,-1,1,1.72980340700839,2.30659300363248,0.516718832199592,1
57,72,1,1,1.91172841941385,2.89769277046993,0.717178647611806,1
57,73,-1,1,1.72980340700839,2.30659300363248,0.415732016748011,1
57,74,-1,1,1.72980340700839,2.30659300363248,0.448653335277057,1
57,75,1,1,1.91172841941385,2.89769277046993,0.451857910130816,1
57,76,1,1,1.91172841941385,2.89769277046993,0.824065374182711,1
57,77,-1,1,1.72980340700839,2.30659300363248,0.457317687183426,1
57,78,-1,1,1.72980340700839,2.30659300363248,0.51749701497274,1
57,79,1,1,1.91172841941385,2.89769277046993,0.525307098637109,1
57,80,-1,1,1.72980340700839,2.30659300363248,0.445356889530027,1
57,81,1,1,1.91172841941385,2.89769277046993,0.467405381363752,1
57,82,-1,1,1.72980340700839,2.30659300363248,0.877235484119918,1
57,83,1,1,1.91172841941385,2.89769277046993,0.830052770932086,1
57,84,-1,1,1.72980340700839,2.30659300363248,0.491828601994406,1
57,85,-1,1,1.72980340700839,2.30659300363248,0.605592702368123,1
57,86,1,1,1.91172841941385,2.89769277046993,0.545420575495433,-1
57,87,-1,-1,1.64873407222148,1.9134515976502,0.771295826487425,1
57,88,1,1,1.91172841941385,2.89769277046993,0.53849408993349,1
57,89,-1,1,1.72980340700839,2.30659300363248,0.465891791730015,1
57,90,-1,1,1.72980340700839,2.30659300363248,0.785978099989233,1
57,91,-1,1,1.72980340700839,2.30659300363248,0.370851788269663,1
57,92,1,1,1.91172841941385,2.89769277046993,0.703021057335887,1
57,93,1,1,1.91172841941385,2.89769277046993,0.581445797502617,1
57,94,1,1,1.91172841941385,2.89769277046993,0.664124698581813,1
57,95,-1,1,1.72980340700839,2.30659300363248,1.05713759182871,1
57,96,1,1,1.91172841941385,2.89769277046993,0.352869225822086,1
57,97,-1,1,1.72980340700839,2.30659300363248,0.62118768783893,1
57,98,1,1,1.91172841941385,2.89769277046993,0.589048784114726,1
57,99,-1,1,1.72980340700839,2.30659300363248,0.381518404874761,1
57,100,1,1,1.91172841941385,2.89769277046993,1.44641386443827,1
57,101,1,1,1.91172841941385,2.89769277046993,0.605382749907295,1
58,2,-1,1,1.61903639996096,0.502708421886501,0.552687146963419,1
58,3,-1,1,1.61903639996096,0.502708421886501,0.632563835298578,-1
58,4,-1,-1,1.54315829531112,2.47284790432495,0.557238173829359,1
58,5,-1,1,1.61903639996096,0.502708421886501,0.46796613719644,1
58,6,-1,1,1.61903639996096,0.502708421886501,0.863746258121618,1
58,7,1,1,1.78931194454275,3.05520419374567,0.401657081594385,1
58,8,1,1,1.78931194454275,3.05520419374567,0.439981246361623,1
58,9,1,1,1.78931194454275,3.05520419374567,0.421100449919159,1
58,10,-1,1,1.61903639996096,0.502708421886501,0.466126326164854,1
58,11,1,1,1.78931194454275,3.05520419374567,0.335800393560084,1
58,12,-1,1,1.61903639996096,0.502708421886501,1.89336555364257,1
58,13,-1,1,1.61903639996096,0.502708421886501,1.66225473049681,1
58,14,1,1,1.78931194454275,3.05520419374567,0.389523443132869,1
58,15,1,1,1.78931194454275,3.05520419374567,0.861847736664033,-1
58,16,-1,-1,1.54315829531112,2.47284790432495,0.448037167049152,1
58,17,1,1,1.78931194454275,3.05520419374567,0.58519812830463,1
58,18,1,1,1.78931194454275,3.05520419374567,0.533184622725609,1
58,19,1,1,1.78931194454275,3.05520419374567,0.446099318220919,1
58,20,-1,1,1.61903639996096,0.502708421886501,0.596731489730317,1
58,21,-1,1,1.61903639996096,0.502708421886501,1.23715872133509,1
58,22,1,1,1.78931194454275,3.05520419374567,0.466870363176078,1
58,23,1,1,1.78931194454275,3.05520419374567,0.457298939669734,1
58,24,1,1,1.78931194454275,3.05520419374567,0.332024025408899,1
58,25,-1,1,1.61903639996096,0.502708421886501,1.53316220891031,1
58,26,-1,1,1.61903639996096,0.502708421886501,0.348005122965275,-1
58,27,1,-1,1.70545366996504,2.76923948004288,0.551750901917018,1
58,28,1,1,1.78931194454275,3.05520419374567,0.391658294844308,1
58,29,1,1,1.78931194454275,3.05520419374567,0.535697744517854,1
58,30,-1,1,1.61903639996096,0.502708421886501,1.44384262356682,-1
58,31,-1,-1,1.54315829531112,2.47284790432495,0.459592114977793,1
58,32,-1,1,1.61903639996096,0.502708421886501,0.717024900085019,1
58,33,-1,1,1.61903639996096,0.502708421886501,0.380917895895831,1
58,34,1,1,1.78931194454275,3.05520419374567,0.523377788993748,1
58,35,1,1,1.78931194454275,3.05520419374567,0.448747648428492,1
58,36,1,1,1.78931194454275,3.05520419374567,0.568214729188478,1
58,37,1,1,1.78931194454275,3.05520419374567,0.533450165832952,1
58,38,-1,1,1.61903639996096,0.502708421886501,0.950099445462062,-1
58,39,1,-1,1.70545366996504,2.76923948004288,0.700545757053482,1
58,40,1,1,1.78931194454275,3.05520419374567,0.423703707635357,1
58,41,1,1,1.78931194454275,3.05520419374567,0.556953619217411,1
58,42,-1,1,1.61903639996096,0.502708421886501,0.722291392777931,1
58,43,-1,1,1.61903639996096,0.502708421886501,1.32565362189074,-1
58,44,-1,-1,1.54315829531112,2.47284790432495,0.369741548183942,1
58,45,-1,1,1.61903639996096,0.502708421886501,0.71099824250953,-1
58,46,-1,-1,1.54315829531112,2.47284790432495,0.654524829471562,1
58,47,-1,1,1.61903639996096,0.502708421886501,1.38960544247396,-1
58,48,1,-1,1.70545366996504,2.76923948004288,0.443731756921905,1
58,49,1,1,1.78931194454275,3.05520419374567,0.389163738839424,1
58,50,-1,1,1.61903639996096,0.502708421886501,0.375573608388578,-1
58,51,-1,-1,1.54315829531112,2.47284790432495,0.352378254445892,1
58,52,-1,1,1.61903639996096,0.502708421886501,0.657827258407528,-1
58,53,-1,-1,1.54315829531112,2.47284790432495,0.35102893982155,1
58,54,1,1,1.78931194454275,3.05520419374567,0.526179607432947,1
58,55,1,1,1.78931194454275,3.05520419374567,0.37487865790059,1
58,56,-1,1,1.61903639996096,0.502708421886501,0.35516136088282,1
58,57,-1,1,1.61903639996096,0.502708421886501,0.575306488049354,-1
58,58,1,-1,1.70545366996504,2.76923948004288,0.465520278124081,1
58,59,-1,1,1.61903639996096,0.502708421886501,0.404559840062883,-1
58,60,1,-1,1.70545366996504,2.76923948004288,0.609190887719629,1
58,61,-1,1,1.61903639996096,0.502708421886501,2.00207866371182,1
58,62,1,1,1.78931194454275,3.05520419374567,0.323181933455852,1
58,63,1,1,1.78931194454275,3.05520419374567,0.551822143873673,1
58,64,-1,1,1.61903639996096,0.502708421886501,0.397355922858414,-1
58,65,1,-1,1.70545366996504,2.76923948004288,0.433817444424257,1
58,66,-1,1,1.61903639996096,0.502708421886501,0.439027840626578,1
58,67,1,1,1.78931194454275,3.05520419374567,0.373583853566181,1
58,68,-1,1,1.61903639996096,0.502708421886501,1.07137574722333,-1
58,69,1,-1,1.70545366996504,2.76923948004288,0.595191712054007,1
58,70,1,1,1.78931194454275,3.05520419374567,0.374485451370368,1
58,71,1,1,1.78931194454275,3.05520419374567,0.651707606031616,1
58,72,1,1,1.78931194454275,3.05520419374567,0.349315612090149,1
58,73,1,1,1.78931194454275,3.05520419374567,0.348346621268366,1
58,74,-1,1,1.61903639996096,0.502708421886501,0.641203194565827,1
58,75,1,1,1.78931194454275,3.05520419374567,0.818803054105401,1
58,76,1,1,1.78931194454275,3.05520419374567,0.956280675321892,1
58,77,1,1,1.78931194454275,3.05520419374567,0.363953278102067,1
58,78,1,1,1.78931194454275,3.05520419374567,0.459368453922212,1
58,79,1,1,1.78931194454275,3.05520419374567,0.564614452603501,1
58,80,-1,1,1.61903639996096,0.502708421886501,0.921422495684915,1
58,81,1,1,1.78931194454275,3.05520419374567,0.439039946073594,1
58,82,-1,1,1.61903639996096,0.502708421886501,0.60633814482275,-1
58,83,-1,-1,1.54315829531112,2.47284790432495,0.556890441890147,-1
58,84,-1,-1,1.54315829531112,2.47284790432495,0.332910450743333,1
58,85,-1,1,1.61903639996096,0.502708421886501,1.00342351323248,1
58,86,1,1,1.78931194454275,3.05520419374567,0.362167759149162,1
58,87,1,1,1.78931194454275,3.05520419374567,0.642265721533503,1
58,88,-1,1,1.61903639996096,0.502708421886501,0.611688227202506,-1
58,89,1,-1,1.70545366996504,2.76923948004288,0.414570532932637,1
58,90,-1,1,1.61903639996096,0.502708421886501,0.515620418714312,1
58,91,1,1,1.78931194454275,3.05520419374567,0.583092588008896,1
58,92,-1,1,1.61903639996096,0.502708421886501,1.4651845628345,1
58,93,-1,1,1.61903639996096,0.502708421886501,1.5764275915874,1
58,94,1,1,1.78931194454275,3.05520419374567,0.524939717914437,1
58,95,-1,1,1.61903639996096,0.502708421886501,0.845641543375726,1
58,96,-1,1,1.61903639996096,0.502708421886501,2.43511775628077,1
58,97,1,1,1.78931194454275,3.05520419374567,0.655822798323052,1
58,98,-1,1,1.61903639996096,0.502708421886501,0.466797810958607,1
58,99,-1,1,1.61903639996096,0.502708421886501,0.743394918879382,1
58,100,1,1,1.78931194454275,3.05520419374567,0.533166411869402,1
58,101,-1,1,1.61903639996096,0.502708421886501,0.601935091452802,1
59,2,1,1,1.70604323683657,4.24816187864505,0.518912515328364,1
59,3,1,1,1.70604323683657,4.24816187864505,0.390384244978181,1
59,4,-1,1,1.54369175747692,2.25232645377928,0.574815742312954,1
59,5,-1,1,1.54369175747692,2.25232645377928,0.495311479085802,1
59,6,1,1,1.70604323683657,4.24816187864505,0.332745624478689,1
59,7,-1,1,1.54369175747692,2.25232645377928,1.14388480439943,1
59,8,-1,1,1.54369175747692,2.25232645377928,0.798853893855366,1
59,9,-1,1,1.54369175747692,2.25232645377928,0.447452294621392,1
59,10,-1,1,1.54369175747692,2.25232645377928,1.73127632763523,1
59,11,1,1,1.70604323683657,4.24816187864505,0.36216758305873,1
59,12,-1,1,1.54369175747692,2.25232645377928,0.548818920947315,-1
59,13,1,-1,1.62608745124401,1.13690822724638,0.337189085134241,1
59,14,1,1,1.70604323683657,4.24816187864505,0.325532618733413,1
59,15,-1,1,1.54369175747692,2.25232645377928,0.333766251442794,1
59,16,1,1,1.70604323683657,4.24816187864505,0.376508654336388,1
59,17,-1,1,1.54369175747692,2.25232645377928,0.35191618893789,1
59,18,-1,1,1.54369175747692,2.25232645377928,0.431840355808053,1
59,19,-1,1,1.54369175747692,2.25232645377928,0.532470737191098,1
59,20,-1,1,1.54369175747692,2.25232645377928,0.36161707470315,1
59,21,-1,1,1.54369175747692,2.25232645377928,0.721190513553338,1
59,22,1,1,1.70604323683657,4.24816187864505,0.426187818841396,1
59,23,-1,1,1.54369175747692,2.25232645377928,0.39128449931908,1
59,24,1,1,1.70604323683657,4.24816187864505,0.455313878240755,1
59,25,1,1,1.70604323683657,4.24816187864505,0.500866485760151,1
59,26,1,1,1.70604323683657,4.24816187864505,0.372541218456809,1
59,27,-1,1,1.54369175747692,2.25232645377928,0.558901012249237,1
59,28,1,1,1.70604323683657,4.24816187864505,0.366445664302253,1
59,29,-1,1,1.54369175747692,2.25232645377928,1.68916063617325,-1
59,30,-1,-1,1.4713447708843,1.16260344032929,0.567151610661757,1
59,31,1,1,1.70604323683657,4.24816187864505,0.435609823701611,1
59,32,-1,1,1.54369175747692,2.25232645377928,0.373164955636095,1
59,33,-1,1,1.54369175747692,2.25232645377928,0.371076134458833,1
59,34,1,1,1.70604323683657,4.24816187864505,0.386218424780462,1
59,35,-1,1,1.54369175747692,2.25232645377928,0.736376244751147,1
59,36,1,1,1.70604323683657,4.24816187864505,0.390066931269849,1
59,37,1,1,1.70604323683657,4.24816187864505,0.292662981976807,1
59,38,-1,1,1.54369175747692,2.25232645377928,0.550093794665789,1
59,39,-1,1,1.54369175747692,2.25232645377928,0.511195589370293,1
59,40,1,1,1.70604323683657,4.24816187864505,0.463312494042499,1
59,41,1,1,1.70604323683657,4.24816187864505,0.360727252361694,1
59,42,-1,1,1.54369175747692,2.25232645377928,0.471605997891785,1
59,43,1,1,1.70604323683657,4.24816187864505,0.355889918615634,1
59,44,-1,1,1.54369175747692,2.25232645377928,0.629329097216181,1
59,45,-1,1,1.54369175747692,2.25232645377928,0.452118791837987,1
59,46,-1,1,1.54369175747692,2.25232645377928,0.527896843063745,1
59,47,1,1,1.70604323683657,4.24816187864505,0.435378532849253,1
59,48,-1,1,1.54369175747692,2.25232645377928,0.847769245139538,1
59,49,1,1,1.70604323683657,4.24816187864505,0.519628473120581,1
59,50,-1,1,1.54369175747692,2.25232645377928,0.497406817951924,1
59,51,1,1,1.70604323683657,4.24816187864505,0.333544456311706,1
59,52,1,1,1.70604323683657,4.24816187864505,0.532358699748721,1
59,53,1,1,1.70604323683657,4.24816187864505,0.379842666247139,1
59,54,1,1,1.70604323683657,4.24816187864505,0.444952908977071,1
59,55,1,1,1.70604323683657,4.24816187864505,0.381884511825787,1
59,56,1,1,1.70604323683657,4.24816187864505,0.594234863845115,1
59,57,-1,1,1.54369175747692,2.25232645377928,0.383601636452834,1
59,58,-1,1,1.54369175747692,2.25232645377928,0.405059582876655,1
59,59,1,1,1.70604323683657,4.24816187864505,0.480059288414115,1
59,60,1,1,1.70604323683657,4.24816187864505,0.446962467479785,1
59,61,1,1,1.70604323683657,4.24816187864505,0.52715771140095,1
59,62,1,1,1.70604323683657,4.24816187864505,0.422805675088916,1
59,63,1,1,1.70604323683657,4.24816187864505,0.622693712901257,1
59,64,-1,1,1.54369175747692,2.25232645377928,0.410447057030275,1
59,65,-1,1,1.54369175747692,2.25232645377928,0.568895485095718,1
59,66,1,1,1.70604323683657,4.24816187864505,0.39611525959881,1
59,67,1,1,1.70604323683657,4.24816187864505,0.355811688729661,1
59,68,-1,1,1.54369175747692,2.25232645377928,0.707396707374908,1
59,69,1,1,1.70604323683657,4.24816187864505,0.489063653897674,1
59,70,-1,1,1.54369175747692,2.25232645377928,0.489839733709368,1
59,71,1,1,1.70604323683657,4.24816187864505,0.507106471187897,1
59,72,-1,1,1.54369175747692,2.25232645377928,0.434143290161162,1
59,73,-1,1,1.54369175747692,2.25232645377928,0.461448527673702,1
59,74,1,1,1.70604323683657,4.24816187864505,0.442944412416505,1
59,75,1,1,1.70604323683657,4.24816187864505,0.431894772080859,1
59,76,1,1,1.70604323683657,4.24816187864505,0.386523942301555,1
59,77,1,1,1.70604323683657,4.24816187864505,0.469763473437512,1
59,78,1,1,1.70604323683657,4.24816187864505,0.487430264252435,1
59,79,-1,1,1.54369175747692,2.25232645377928,0.575490133021769,1
59,80,-1,1,1.54369175747692,2.25232645377928,0.875417068805163,1
59,81,1,1,1.70604323683657,4.24816187864505,0.397533756604634,1
59,82,1,1,1.70604323683657,4.24816187864505,0.721920024719986,1
59,83,-1,1,1.54369175747692,2.25232645377928,0.375521145416469,1
59,84,-1,1,1.54369175747692,2.25232645377928,0.699768784433193,1
59,85,-1,1,1.54369175747692,2.25232645377928,0.677432072217388,1
59,86,1,1,1.70604323683657,4.24816187864505,0.394083288453122,1
59,87,-1,1,1.54369175747692,2.25232645377928,0.345476093465151,1
59,88,-1,1,1.54369175747692,2.25232645377928,0.436913374586413,1
59,89,1,1,1.70604323683657,4.24816187864505,0.496690280659537,1
59,90,-1,1,1.54369175747692,2.25232645377928,0.736450273561684,1
59,91,1,1,1.70604323683657,4.24816187864505,0.325513587222387,1
59,92,1,1,1.70604323683657,4.24816187864505,0.500162926154218,1
59,93,1,1,1.70604323683657,4.24816187864505,0.395097672106106,1
59,94,-1,1,1.54369175747692,2.25232645377928,0.348266260446657,1
59,95,1,1,1.70604323683657,4.24816187864505,0.432480301551772,1
59,96,-1,1,1.54369175747692,2.25232645377928,0.54130390922095,1
59,97,1,1,1.70604323683657,4.24816187864505,0.457209841685561,1
59,98,-1,1,1.54369175747692,2.25232645377928,0.397932874701273,1
59,99,-1,1,1.54369175747692,2.25232645377928,1.05866861088436,1
59,100,-1,1,1.54369175747692,2.25232645377928,0.609637707385027,1
59,101,-1,1,1.54369175747692,2.25232645377928,0.368084084910842,1
60,2,-1,1,1.97937459330328,1.29984286804406,0.368849533587131,1
60,3,-1,1,1.97937459330328,1.29984286804406,1.09785538286063,1
60,4,1,1,2.1875472364966,5.69412380579729,0.388314590529242,1
60,5,1,1,2.1875472364966,5.69412380579729,0.60933250345877,1
60,6,1,1,2.1875472364966,5.69412380579729,0.239855290782336,1
60,7,1,1,2.1875472364966,5.69412380579729,0.285152462534377,1
60,8,-1,1,1.97937459330328,1.29984286804406,0.670517558759048,1
60,9,1,1,2.1875472364966,5.69412380579729,0.290797772065016,1
60,10,-1,1,1.97937459330328,1.29984286804406,0.407068671398639,1
60,11,1,1,2.1875472364966,5.69412380579729,0.285489091400256,1
60,12,1,1,2.1875472364966,5.69412380579729,0.363353735122061,1
60,13,1,1,2.1875472364966,5.69412380579729,0.42098685394595,1
60,14,1,1,2.1875472364966,5.69412380579729,0.271012591672102,1
60,15,-1,1,1.97937459330328,1.29984286804406,0.486278065231754,-1
60,16,1,-1,2.08502518193293,2.03731666846746,1.53341300912542,1
60,17,1,1,2.1875472364966,5.69412380579729,0.335617235976939,1
60,18,-1,1,1.97937459330328,1.29984286804406,1.08194144460741,-1
60,19,-1,-1,1.88660880216015,-0.231283342308807,0.566043927890684,-1
60,20,-1,-1,1.88660880216015,-0.231283342308807,0.376196697708702,-1
60,21,-1,-1,1.88660880216015,-0.231283342308807,0.378442771788463,-1
60,22,1,-1,2.08502518193293,2.03731666846746,0.399358638669332,1
60,23,-1,1,1.97937459330328,1.29984286804406,0.856054086354227,1
60,24,1,1,2.1875472364966,5.69412380579729,0.298893627444272,1
60,25,1,1,2.1875472364966,5.69412380579729,0.439123904150708,1
60,26,-1,1,1.97937459330328,1.29984286804406,0.436979628101078,1
60,27,-1,1,1.97937459330328,1.29984286804406,0.340911671258476,1
60,28,1,1,2.1875472364966,5.69412380579729,0.376766743426829,1
60,29,-1,1,1.97937459330328,1.29984286804406,1.57162328166134,1
60,30,-1,1,1.97937459330328,1.29984286804406,0.32969406621002,1
60,31,1,1,2.1875472364966,5.69412380579729,0.316576402059458,1
60,32,1,1,2.1875472364966,5.69412380579729,0.287824724059511,1
60,33,1,1,2.1875472364966,5.69412380579729,0.532277160390705,1
60,34,-1,1,1.97937459330328,1.29984286804406,0.696592142842454,1
60,35,-1,1,1.97937459330328,1.29984286804406,0.336738896806782,1
60,36,-1,1,1.97937459330328,1.29984286804406,0.543792538659605,1
60,37,1,1,2.1875472364966,5.69412380579729,0.376137516270806,1
60,38,-1,1,1.97937459330328,1.29984286804406,0.574922044677334,1
60,39,1,1,2.1875472364966,5.69412380579729,0.405519364638609,1
60,40,-1,1,1.97937459330328,1.29984286804406,0.320389835427649,1
60,41,-1,1,1.97937459330328,1.29984286804406,0.741565679140804,1
60,42,1,1,2.1875472364966,5.69412380579729,0.301322670192351,1
60,43,1,1,2.1875472364966,5.69412380579729,0.407568324457811,1
60,44,1,1,2.1875472364966,5.69412380579729,0.352255525868793,1
60,45,-1,1,1.97937459330328,1.29984286804406,0.576327831723814,1
60,46,1,1,2.1875472364966,5.69412380579729,0.355622681260456,1
60,47,-1,1,1.97937459330328,1.29984286804406,0.533240961213253,1
60,48,1,1,2.1875472364966,5.69412380579729,0.383347415967485,1
60,49,-1,1,1.97937459330328,1.29984286804406,0.752893331890934,-1
60,50,-1,-1,1.88660880216015,-0.231283342308807,0.324716357248279,-1
60,51,-1,-1,1.88660880216015,-0.231283342308807,0.341738434102831,-1
60,52,1,-1,2.08502518193293,2.03731666846746,0.453832362530678,1
60,53,-1,1,1.97937459330328,1.29984286804406,0.75282948429897,1
60,54,-1,1,1.97937459330328,1.29984286804406,0.404456280600969,1
60,55,1,1,2.1875472364966,5.69412380579729,0.367916087343351,1
60,56,1,1,2.1875472364966,5.69412380579729,0.300811616817517,1
60,57,1,1,2.1875472364966,5.69412380579729,0.332127248455894,1
60,58,-1,1,1.97937459330328,1.29984286804406,0.374798566886897,1
60,59,1,1,2.1875472364966,5.69412380579729,0.294361709686523,1
60,60,1,1,2.1875472364966,5.69412380579729,0.327719999969238,1
60,61,-1,1,1.97937459330328,1.29984286804406,0.459664451059174,1
60,62,1,1,2.1875472364966,5.69412380579729,0.506723647108199,1
60,63,1,1,2.1875472364966,5.69412380579729,0.337412741837129,1
60,64,-1,1,1.97937459330328,1.29984286804406,0.831236154595223,1
60,65,1,1,2.1875472364966,5.69412380579729,0.302273982275079,1
60,66,1,1,2.1875472364966,5.69412380579729,0.529758457108148,1
60,67,-1,1,1.97937459330328,1.29984286804406,0.405625366786748,1
60,68,1,1,2.1875472364966,5.69412380579729,0.400456873687819,1
60,69,-1,1,1.97937459330328,1.29984286804406,1.10909508181386,1
60,70,-1,1,1.97937459330328,1.29984286804406,0.310738675595297,1
60,71,-1,1,1.97937459330328,1.29984286804406,0.490277608247092,-1
60,72,-1,-1,1.88660880216015,-0.231283342308807,0.958936412717464,1
60,73,1,1,2.1875472364966,5.69412380579729,0.300721103798368,1
60,74,1,1,2.1875472364966,5.69412380579729,0.346581592124752,1
60,75,-1,1,1.97937459330328,1.29984286804406,0.369556030521001,1
60,76,1,1,2.1875472364966,5.69412380579729,0.296419568665221,1
60,77,1,1,2.1875472364966,5.69412380579729,0.433555254630845,1
60,78,1,1,2.1875472364966,5.69412380579729,0.441502742404182,1
60,79,-1,1,1.97937459330328,1.29984286804406,0.283307281149722,1
60,80,-1,1,1.97937459330328,1.29984286804406,0.86681588691656,1
60,81,1,1,2.1875472364966,5.69412380579729,0.319862529481659,1
60,82,-1,1,1.97937459330328,1.29984286804406,0.961250866685768,1
60,83,1,1,2.1875472364966,5.69412380579729,0.433752810504311,1
60,84,1,1,2.1875472364966,5.69412380579729,0.373890504465711,1
60,85,1,1,2.1875472364966,5.69412380579729,0.381721710061013,1
60,86,1,1,2.1875472364966,5.69412380579729,0.510252756497425,1
60,87,1,1,2.1875472364966,5.69412380579729,0.418815746319111,1
60,88,1,1,2.1875472364966,5.69412380579729,0.422534064932614,1
60,89,1,1,2.1875472364966,5.69412380579729,0.424033314857228,1
60,90,-1,1,1.97937459330328,1.29984286804406,1.03713946719586,1
60,91,-1,1,1.97937459330328,1.29984286804406,1.50485227466226,1
60,92,-1,1,1.97937459330328,1.29984286804406,0.492946480139886,1
60,93,1,1,2.1875472364966,5.69412380579729,0.374945912281276,1
60,94,-1,1,1.97937459330328,1.29984286804406,0.652585677733232,1
60,95,-1,1,1.97937459330328,1.29984286804406,0.373069185969175,1
60,96,-1,1,1.97937459330328,1.29984286804406,0.954543817988696,1
60,97,-1,1,1.97937459330328,1.29984286804406,0.784620450351099,1
60,98,-1,1,1.97937459330328,1.29984286804406,0.393507997330275,1
60,99,-1,1,1.97937459330328,1.29984286804406,0.766079536511218,1
60,100,-1,1,1.97937459330328,1.29984286804406,0.658508288536323,1
60,101,-1,1,1.97937459330328,1.29984286804406,0.721120251220156,1
61,2,1,1,2.48947168657618,4.2989451372574,0.799138767676156,1
61,3,-1,1,2.25256713315521,1.26196797773791,0.850960382770053,1
61,4,1,1,2.48947168657618,4.2989451372574,0.622896036718586,1
61,5,1,1,2.48947168657618,4.2989451372574,0.623325501925326,1
61,6,1,1,2.48947168657618,4.2989451372574,0.365670058422127,1
61,7,1,1,2.48947168657618,4.2989451372574,0.414775201352852,1
61,8,1,1,2.48947168657618,4.2989451372574,0.537598124977581,1
61,9,-1,1,2.25256713315521,1.26196797773791,1.55336551937674,1
61,10,-1,1,2.25256713315521,1.26196797773791,0.418577336114776,1
61,11,-1,1,2.25256713315521,1.26196797773791,0.88422255077884,1
61,12,1,1,2.48947168657618,4.2989451372574,0.40351184538778,1
61,13,-1,1,2.25256713315521,1.26196797773791,1.60222467670967,1
61,14,-1,1,2.25256713315521,1.26196797773791,0.420996655312836,1
61,15,1,1,2.48947168657618,4.2989451372574,0.598885815253441,1
61,16,-1,1,2.25256713315521,1.26196797773791,0.483489828101056,1
61,17,1,1,2.48947168657618,4.2989451372574,0.627858368945825,1
61,18,-1,1,2.25256713315521,1.26196797773791,0.673265414850273,1
61,19,1,1,2.48947168657618,4.2989451372574,0.431464715413194,1
61,20,-1,1,2.25256713315521,1.26196797773791,0.606461464261419,1
61,21,1,1,2.48947168657618,4.2989451372574,0.535383134581569,1
61,22,1,1,2.48947168657618,4.2989451372574,0.458095734428897,1
61,23,-1,1,2.25256713315521,1.26196797773791,0.388527938563016,1
61,24,-1,1,2.25256713315521,1.26196797773791,0.757135972197024,1
61,25,-1,1,2.25256713315521,1.26196797773791,1.35793074717174,-1
61,26,-1,-1,2.14699784227055,0.177459206560889,3.52211316261743,1
61,27,-1,1,2.25256713315521,1.26196797773791,1.37858199160723,1
61,28,-1,1,2.25256713315521,1.26196797773791,1.96339155364662,-1
61,29,-1,-1,2.14699784227055,0.177459206560889,1.43744136799708,-1
61,30,1,-1,2.37279957644857,3.0616276784438,0.814276081804116,1
61,31,1,1,2.48947168657618,4.2989451372574,0.419997291130419,1
61,32,-1,1,2.25256713315521,1.26196797773791,0.579381830461981,1
61,33,-1,1,2.25256713315521,1.26196797773791,0.502295900765376,1
61,34,1,1,2.48947168657618,4.2989451372574,0.473120632418565,1
61,35,1,1,2.48947168657618,4.2989451372574,0.558446480888458,1
61,36,1,1,2.48947168657618,4.2989451372574,0.439642357369783,1
61,37,1,1,2.48947168657618,4.2989451372574,0.445859930173074,1
61,38,1,1,2.48947168657618,4.2989451372574,0.394809856834574,1
61,39,1,1,2.48947168657618,4.2989451372574,0.453988134965248,1
61,40,1,1,2.48947168657618,4.2989451372574,0.648531279296051,1
61,41,-1,1,2.25256713315521,1.26196797773791,0.774463141494301,1
61,42,-1,1,2.25256713315521,1.26196797773791,0.68243620127209,1
61,43,-1,1,2.25256713315521,1.26196797773791,1.2629741900644,1
61,44,1,1,2.48947168657618,4.2989451372574,0.423011679182206,1
61,45,1,1,2.48947168657618,4.2989451372574,0.385783189185136,1
61,46,-1,1,2.25256713315521,1.26196797773791,1.54884890642592,1
61,47,-1,1,2.25256713315521,1.26196797773791,1.54694840740728,1
61,48,-1,1,2.25256713315521,1.26196797773791,0.686115164220903,1
61,49,-1,1,2.25256713315521,1.26196797773791,2.07544674806623,1
61,50,1,1,2.48947168657618,4.2989451372574,0.468535744993806,1
61,51,-1,1,2.25256713315521,1.26196797773791,0.467158909325447,1
61,52,-1,1,2.25256713315521,1.26196797773791,0.750062302850964,1
61,53,1,1,2.48947168657618,4.2989451372574,0.57011104395949,1
61,54,-1,1,2.25256713315521,1.26196797773791,0.860916560913948,1
61,55,1,1,2.48947168657618,4.2989451372574,0.581651186239269,1
61,56,-1,1,2.25256713315521,1.26196797773791,1.3099136987038,1
61,57,1,1,2.48947168657618,4.2989451372574,0.451411125696016,1
61,58,1,1,2.48947168657618,4.2989451372574,0.70378219658226,1
61,59,-1,1,2.25256713315521,1.26196797773791,1.03276895365185,1
61,60,1,1,2.48947168657618,4.2989451372574,0.668563457089998,1
61,61,1,1,2.48947168657618,4.2989451372574,0.468317311892207,1
61,62,1,1,2.48947168657618,4.2989451372574,0.720814496421766,1
61,63,1,1,2.48947168657618,4.2989451372574,0.379005854528717,1
61,64,1,1,2.48947168657618,4.2989451372574,0.629154002684179,1
61,65,-1,1,2.25256713315521,1.26196797773791,0.865167882176787,1
61,66,-1,1,2.25256713315521,1.26196797773791,0.648626025935387,1
61,67,-1,1,2.25256713315521,1.26196797773791,0.446526784749618,1
61,68,-1,1,2.25256713315521,1.26196797773791,0.661318117568322,-1
61,69,-1,-1,2.14699784227055,0.177459206560889,2.46805507202181,1
61,70,-1,1,2.25256713315521,1.26196797773791,1.02401724365528,1
61,71,1,1,2.48947168657618,4.2989451372574,0.498640164764113,1
61,72,-1,1,2.25256713315521,1.26196797773791,0.702723823389955,1
61,73,1,1,2.48947168657618,4.2989451372574,0.480939455709717,1
61,74,1,1,2.48947168657618,4.2989451372574,0.512791119783498,1
61,75,-1,1,2.25256713315521,1.26196797773791,1.10949970668614,1
61,76,1,1,2.48947168657618,4.2989451372574,0.45623533337396,1
61,77,-1,1,2.25256713315521,1.26196797773791,1.46866496402834,1
61,78,1,1,2.48947168657618,4.2989451372574,0.471743169805344,1
61,79,1,1,2.48947168657618,4.2989451372574,0.424387954667605,1
61,80,1,1,2.48947168657618,4.2989451372574,0.486876267742672,1
61,81,1,1,2.48947168657618,4.2989451372574,0.448313452356281,1
61,82,-1,1,2.25256713315521,1.26196797773791,0.617458964801991,1
61,83,1,1,2.48947168657618,4.2989451372574,0.438753489993664,1
61,84,-1,1,2.25256713315521,1.26196797773791,0.807465738623492,1
61,85,1,1,2.48947168657618,4.2989451372574,0.538009767771549,1
61,86,1,1,2.48947168657618,4.2989451372574,0.601964294585058,1
61,87,-1,1,2.25256713315521,1.26196797773791,0.577463478110077,1
61,88,-1,1,2.25256713315521,1.26196797773791,0.777861107757928,1
61,89,-1,1,2.25256713315521,1.26196797773791,0.977347469456916,1
61,90,-1,1,2.25256713315521,1.26196797773791,1.2001826697627,1
61,91,-1,1,2.25256713315521,1.26196797773791,0.274839863047545,1
61,92,1,1,2.48947168657618,4.2989451372574,0.435095594452663,1
61,93,1,1,2.48947168657618,4.2989451372574,0.407313813987062,1
61,94,1,1,2.48947168657618,4.2989451372574,0.489863307992805,1
61,95,1,1,2.48947168657618,4.2989451372574,0.384883296904454,1
61,96,-1,1,2.25256713315521,1.26196797773791,1.7819680674152,1
61,97,-1,1,2.25256713315521,1.26196797773791,1.05193801320732,1
61,98,1,1,2.48947168657618,4.2989451372574,0.415916123056453,1
61,99,1,1,2.48947168657618,4.2989451372574,0.908955385417077,1
61,100,-1,1,2.25256713315521,1.26196797773791,0.580990625123368,1
61,101,-1,1,2.25256713315521,1.26196797773791,0.487575550189561,1
62,2,-1,1,1.47044715231577,1.36765356195263,0.728328866657731,1
62,3,1,1,1.62509542930655,3.36553789973123,0.530641440536518,1
62,4,1,1,1.62509542930655,3.36553789973123,0.515325257439,1
62,5,-1,1,1.47044715231577,1.36765356195263,0.588426612178286,1
62,6,-1,1,1.47044715231577,1.36765356195263,0.360195375923519,1
62,7,-1,1,1.47044715231577,1.36765356195263,0.49991750570477,1
62,8,1,1,1.62509542930655,3.36553789973123,0.508665687340482,1
62,9,-1,1,1.47044715231577,1.36765356195263,1.14411089782259,-1
62,10,-1,-1,1.40153286298407,0.733168205035056,0.488958645582221,1
62,11,1,1,1.62509542930655,3.36553789973123,0.408941215047713,1
62,12,1,1,1.62509542930655,3.36553789973123,0.494525647984431,1
62,13,-1,1,1.47044715231577,1.36765356195263,0.431544217036287,1
62,14,-1,1,1.47044715231577,1.36765356195263,0.627673483445348,1
62,15,-1,1,1.47044715231577,1.36765356195263,0.425165898843764,1
62,16,-1,1,1.47044715231577,1.36765356195263,0.730121565924121,1
62,17,1,1,1.62509542930655,3.36553789973123,0.349256809995899,1
62,18,1,1,1.62509542930655,3.36553789973123,0.311567326931003,1
62,19,1,1,1.62509542930655,3.36553789973123,0.346061884449181,-1
62,20,-1,-1,1.40153286298407,0.733168205035056,1.38746359104938,1
62,21,1,1,1.62509542930655,3.36553789973123,0.497316745415796,1
62,22,-1,1,1.47044715231577,1.36765356195263,0.972431729506904,1
62,23,1,1,1.62509542930655,3.36553789973123,0.514140681605735,1
62,24,1,1,1.62509542930655,3.36553789973123,0.386745020837524,1
62,25,1,1,1.62509542930655,3.36553789973123,0.406279152814063,1
62,26,-1,1,1.47044715231577,1.36765356195263,0.530675240227041,1
62,27,-1,1,1.47044715231577,1.36765356195263,0.685738900224983,1
62,28,-1,1,1.47044715231577,1.36765356195263,0.809637290079915,1
62,29,-1,1,1.47044715231577,1.36765356195263,0.460746841936223,1
62,30,-1,1,1.47044715231577,1.36765356195263,0.894573727749998,1
62,31,1,1,1.62509542930655,3.36553789973123,0.622477570815077,1
62,32,1,1,1.62509542930655,3.36553789973123,0.668364061416001,1
62,33,1,1,1.62509542930655,3.36553789973123,0.45222162205495,1
62,34,-1,1,1.47044715231577,1.36765356195263,0.349441306914978,1
62,35,-1,1,1.47044715231577,1.36765356195263,0.818096852914152,1
62,36,-1,1,1.47044715231577,1.36765356195263,0.436033896732824,1
62,37,1,1,1.62509542930655,3.36553789973123,0.364951329313784,1
62,38,1,1,1.62509542930655,3.36553789973123,0.438425621655461,1
62,39,1,1,1.62509542930655,3.36553789973123,0.422973514971176,1
62,40,1,1,1.62509542930655,3.36553789973123,0.482778854894852,1
62,41,1,1,1.62509542930655,3.36553789973123,0.657642572734901,1
62,42,-1,1,1.47044715231577,1.36765356195263,1.24233814323153,1
62,43,1,1,1.62509542930655,3.36553789973123,0.664867894251923,1
62,44,-1,1,1.47044715231577,1.36765356195263,0.357137238666624,1
62,45,-1,1,1.47044715231577,1.36765356195263,0.445397900185682,1
62,46,-1,1,1.47044715231577,1.36765356195263,0.757277805396317,1
62,47,1,1,1.62509542930655,3.36553789973123,0.404598593704074,1
62,48,-1,1,1.47044715231577,1.36765356195263,0.358731248926367,1
62,49,-1,1,1.47044715231577,1.36765356195263,0.773000002700902,1
62,50,1,1,1.62509542930655,3.36553789973123,0.526715160567534,1
62,51,-1,1,1.47044715231577,1.36765356195263,0.597994273887547,1
62,52,1,1,1.62509542930655,3.36553789973123,0.386347997429912,1
62,53,1,1,1.62509542930655,3.36553789973123,0.391257120530357,1
62,54,-1,1,1.47044715231577,1.36765356195263,0.899862479660941,1
62,55,1,1,1.62509542930655,3.36553789973123,0.62179420988328,1
62,56,1,1,1.62509542930655,3.36553789973123,0.506295300361835,1
62,57,1,1,1.62509542930655,3.36553789973123,0.504136147291785,1
62,58,1,1,1.62509542930655,3.36553789973123,0.427099158161346,1
62,59,1,1,1.62509542930655,3.36553789973123,0.378944897122873,1
62,60,1,1,1.62509542930655,3.36553789973123,1.05092354841424,1
62,61,-1,1,1.47044715231577,1.36765356195263,0.557011657707332,1
62,62,-1,1,1.47044715231577,1.36765356195263,0.460561626558046,1
62,63,1,1,1.62509542930655,3.36553789973123,0.60750246126806,1
62,64,-1,1,1.47044715231577,1.36765356195263,0.591809023309156,1
62,65,1,1,1.62509542930655,3.36553789973123,0.686674571937226,1
62,66,-1,1,1.47044715231577,1.36765356195263,0.373669471478792,1
62,67,1,1,1.62509542930655,3.36553789973123,0.726108226628132,1
62,68,1,1,1.62509542930655,3.36553789973123,0.583933459559493,1
62,69,1,1,1.62509542930655,3.36553789973123,0.540214940468395,1
62,70,1,1,1.62509542930655,3.36553789973123,0.568218445116095,1
62,71,-1,1,1.47044715231577,1.36765356195263,0.648717555964511,-1
62,72,1,-1,1.54893336089729,3.33364033328109,0.837498645694459,1
62,73,1,1,1.62509542930655,3.36553789973123,0.540867537655962,1
62,74,-1,1,1.47044715231577,1.36765356195263,0.625122417577736,1
62,75,-1,1,1.47044715231577,1.36765356195263,1.18722345717642,1
62,76,-1,1,1.47044715231577,1.36765356195263,0.652708711955862,1
62,77,-1,1,1.47044715231577,1.36765356195263,1.64430863457955,1
62,78,-1,1,1.47044715231577,1.36765356195263,0.286842527186685,1
62,79,1,1,1.62509542930655,3.36553789973123,0.601544146815006,1
62,80,-1,1,1.47044715231577,1.36765356195263,0.811399447583852,1
62,81,1,1,1.62509542930655,3.36553789973123,0.374302711446089,1
62,82,1,1,1.62509542930655,3.36553789973123,0.461797762666472,1
62,83,-1,1,1.47044715231577,1.36765356195263,0.554779951435175,-1
62,84,1,-1,1.54893336089729,3.33364033328109,0.382159892644317,1
62,85,-1,1,1.47044715231577,1.36765356195263,0.669508887158176,1
62,86,-1,1,1.47044715231577,1.36765356195263,0.364455049063533,1
62,87,1,1,1.62509542930655,3.36553789973123,0.625235657960845,1
62,88,-1,1,1.47044715231577,1.36765356195263,0.554679163216521,1
62,89,1,1,1.62509542930655,3.36553789973123,0.661640619250388,1
62,90,1,1,1.62509542930655,3.36553789973123,0.476727366693715,1
62,91,-1,1,1.47044715231577,1.36765356195263,0.369992781939577,1
62,92,1,1,1.62509542930655,3.36553789973123,0.730855577242979,1
62,93,-1,1,1.47044715231577,1.36765356195263,0.710591135663908,1
62,94,-1,1,1.47044715231577,1.36765356195263,0.825730151114347,-1
62,95,-1,-1,1.40153286298407,0.733168205035056,1.29167972965977,-1
62,96,-1,-1,1.40153286298407,0.733168205035056,0.749393518883661,1
62,97,-1,1,1.47044715231577,1.36765356195263,0.449007870620483,1
62,98,-1,1,1.47044715231577,1.36765356195263,0.409293890065743,1
62,99,1,1,1.62509542930655,3.36553789973123,0.447239167403255,1
62,100,1,1,1.62509542930655,3.36553789973123,0.693649937375779,1
62,101,1,1,1.62509542930655,3.36553789973123,0.481651982189579,1
63,2,1,1,1.64653809795951,4.40857398498837,0.543084795261436,1
63,3,1,1,1.64653809795951,4.40857398498837,0.370551118269149,1
63,4,1,1,1.64653809795951,4.40857398498837,0.333815292063106,1
63,5,1,1,1.64653809795951,4.40857398498837,0.392080566055767,1
63,6,1,1,1.64653809795951,4.40857398498837,0.389916515805407,1
63,7,-1,1,1.48984928125552,1.91014301749322,0.650428737916215,1
63,8,-1,1,1.48984928125552,1.91014301749322,1.10997372623142,1
63,9,1,1,1.64653809795951,4.40857398498837,0.426870583848981,1
63,10,1,1,1.64653809795951,4.40857398498837,0.390946335138582,1
63,11,1,1,1.64653809795951,4.40857398498837,0.573104452373876,1
63,12,1,1,1.64653809795951,4.40857398498837,0.392370383754165,1
63,13,-1,1,1.48984928125552,1.91014301749322,0.795541015700444,1
63,14,1,1,1.64653809795951,4.40857398498837,0.5402578072786,1
63,15,-1,1,1.48984928125552,1.91014301749322,0.560738180693112,1
63,16,1,1,1.64653809795951,4.40857398498837,0.424142028775533,1
63,17,1,1,1.64653809795951,4.40857398498837,0.419256672672499,1
63,18,1,1,1.64653809795951,4.40857398498837,0.402860487759121,1
63,19,-1,1,1.48984928125552,1.91014301749322,0.393180837417158,1
63,20,1,1,1.64653809795951,4.40857398498837,0.435233337458751,1
63,21,-1,1,1.48984928125552,1.91014301749322,0.300203648343105,1
63,22,-1,1,1.48984928125552,1.91014301749322,0.409212632360709,1
63,23,-1,1,1.48984928125552,1.91014301749322,0.708526212037543,1
63,24,-1,1,1.48984928125552,1.91014301749322,0.373234312522944,1
63,25,1,1,1.64653809795951,4.40857398498837,0.477373896597872,1
63,26,-1,1,1.48984928125552,1.91014301749322,0.54500677021396,1
63,27,1,1,1.64653809795951,4.40857398498837,0.337648999805901,1
63,28,-1,1,1.48984928125552,1.91014301749322,0.383241791414242,1
63,29,1,1,1.64653809795951,4.40857398498837,0.368537813743042,1
63,30,-1,1,1.48984928125552,1.91014301749322,0.715863417182872,1
63,31,-1,1,1.48984928125552,1.91014301749322,0.566983943022043,1
63,32,-1,1,1.48984928125552,1.91014301749322,0.308635681721936,1
63,33,-1,1,1.48984928125552,1.91014301749322,0.691776564676293,1
63,34,-1,1,1.48984928125552,1.91014301749322,0.350650822968328,1
63,35,1,1,1.64653809795951,4.40857398498837,0.364464360252341,1
63,36,1,1,1.64653809795951,4.40857398498837,0.452406603244131,1
63,37,1,1,1.64653809795951,4.40857398498837,0.546448569507602,1
63,38,1,1,1.64653809795951,4.40857398498837,0.618745905769483,1
63,39,-1,1,1.48984928125552,1.91014301749322,0.831184099679159,1
63,40,-1,1,1.48984928125552,1.91014301749322,0.658331780968176,1
63,41,1,1,1.64653809795951,4.40857398498837,0.385542369077537,1
63,42,-1,1,1.48984928125552,1.91014301749322,0.555055777580039,1
63,43,1,1,1.64653809795951,4.40857398498837,0.613456815687516,1
63,44,1,1,1.64653809795951,4.40857398498837,0.508925882367048,1
63,45,-1,1,1.48984928125552,1.91014301749322,0.29335816205632,-1
63,46,1,-1,1.56937109287554,1.94900787770153,0.392746935501854,1
63,47,-1,1,1.48984928125552,1.91014301749322,0.427296089889779,1
63,48,-1,1,1.48984928125552,1.91014301749322,0.586305100580279,1
63,49,1,1,1.64653809795951,4.40857398498837,0.456243172229871,1
63,50,-1,1,1.48984928125552,1.91014301749322,0.509596401057144,1
63,51,1,1,1.64653809795951,4.40857398498837,0.330918460430828,1
63,52,1,1,1.64653809795951,4.40857398498837,0.378120994987258,1
63,53,-1,1,1.48984928125552,1.91014301749322,0.655949965756874,1
63,54,-1,1,1.48984928125552,1.91014301749322,0.329367742191047,1
63,55,-1,1,1.48984928125552,1.91014301749322,0.643257697864152,1
63,56,1,1,1.64653809795951,4.40857398498837,0.422990864707015,1
63,57,-1,1,1.48984928125552,1.91014301749322,0.485929957904884,1
63,58,-1,1,1.48984928125552,1.91014301749322,0.400343614865563,1
63,59,1,1,1.64653809795951,4.40857398498837,0.594370707253693,1
63,60,-1,1,1.48984928125552,1.91014301749322,0.584400682405145,1
63,61,-1,1,1.48984928125552,1.91014301749322,0.759225139184175,1
63,62,-1,1,1.48984928125552,1.91014301749322,0.64935784442708,1
63,63,-1,1,1.48984928125552,1.91014301749322,0.288518400189056,1
63,64,1,1,1.64653809795951,4.40857398498837,0.363359719568926,1
63,65,-1,1,1.48984928125552,1.91014301749322,0.925734973989358,1
63,66,-1,1,1.48984928125552,1.91014301749322,0.336723893798897,1
63,67,-1,1,1.48984928125552,1.91014301749322,1.06930141278398,1
63,68,1,1,1.64653809795951,4.40857398498837,0.379566685779282,1
63,69,1,1,1.64653809795951,4.40857398498837,0.403817173258512,1
63,70,-1,1,1.48984928125552,1.91014301749322,0.79286971697814,1
63,71,1,1,1.64653809795951,4.40857398498837,0.410649847795753,1
63,72,-1,1,1.48984928125552,1.91014301749322,0.521468301613784,1
63,73,-1,1,1.48984928125552,1.91014301749322,0.654707760332932,1
63,74,-1,1,1.48984928125552,1.91014301749322,0.322814046045952,1
63,75,-1,1,1.48984928125552,1.91014301749322,0.592270763738309,1
63,76,-1,1,1.48984928125552,1.91014301749322,0.588464556243603,1
63,77,-1,1,1.48984928125552,1.91014301749322,0.460355396225578,1
63,78,1,1,1.64653809795951,4.40857398498837,0.377053569664723,1
63,79,-1,1,1.48984928125552,1.91014301749322,0.835965925484449,1
63,80,1,1,1.64653809795951,4.40857398498837,0.482064243183271,1
63,81,1,1,1.64653809795951,4.40857398498837,0.523711609820155,1
63,82,-1,1,1.48984928125552,1.91014301749322,0.700845614944013,1
63,83,1,1,1.64653809795951,4.40857398498837,0.515271829418564,1
63,84,1,1,1.64653809795951,4.40857398498837,0.46013869030328,1
63,85,1,1,1.64653809795951,4.40857398498837,0.361774854640097,1
63,86,-1,1,1.48984928125552,1.91014301749322,0.630494915805543,-1
63,87,1,-1,1.56937109287554,1.94900787770153,0.601697655841012,1
63,88,1,1,1.64653809795951,4.40857398498837,0.36881161511239,1
63,89,1,1,1.64653809795951,4.40857398498837,0.52425677467545,1
63,90,-1,1,1.48984928125552,1.91014301749322,0.321981755578739,1
63,91,-1,1,1.48984928125552,1.91014301749322,0.646050740482417,1
63,92,-1,1,1.48984928125552,1.91014301749322,0.383497278006281,1
63,93,1,1,1.64653809795951,4.40857398498837,0.400128126603543,1
63,94,1,1,1.64653809795951,4.40857398498837,0.489454734445885,1
63,95,1,1,1.64653809795951,4.40857398498837,0.31389514895222,1
63,96,-1,1,1.48984928125552,1.91014301749322,0.621534306415266,1
63,97,1,1,1.64653809795951,4.40857398498837,0.633943723891654,1
63,98,1,1,1.64653809795951,4.40857398498837,0.453389117292655,1
63,99,1,1,1.64653809795951,4.40857398498837,0.476688823243158,1
63,100,-1,1,1.48984928125552,1.91014301749322,0.459542086909695,1
63,101,1,1,1.64653809795951,4.40857398498837,0.424192272616019,1
64,2,-1,1,2.15329316640735,0.939429649531753,0.422002469271552,1
64,3,1,1,2.37975698560443,4.62382472631142,0.457941048429328,1
64,4,1,1,2.37975698560443,4.62382472631142,0.438918636190828,1
64,5,1,1,2.37975698560443,4.62382472631142,0.418307435693849,1
64,6,-1,1,2.15329316640735,0.939429649531753,0.908383268719879,1
64,7,1,1,2.37975698560443,4.62382472631142,0.458558869868173,1
64,8,1,1,2.37975698560443,4.62382472631142,0.327071989671649,1
64,9,1,1,2.37975698560443,4.62382472631142,0.403426685575668,1
64,10,-1,1,2.15329316640735,0.939429649531753,1.02764237656918,1
64,11,1,1,2.37975698560443,4.62382472631142,0.456065350989985,1
64,12,-1,1,2.15329316640735,0.939429649531753,0.725618640372738,1
64,13,1,1,2.37975698560443,4.62382472631142,0.416865482834852,1
64,14,1,1,2.37975698560443,4.62382472631142,0.530738479772884,1
64,15,1,1,2.37975698560443,4.62382472631142,0.475101015864602,1
64,16,-1,1,2.15329316640735,0.939429649531753,1.14394992502329,1
64,17,-1,1,2.15329316640735,0.939429649531753,0.808551289635479,1
64,18,1,1,2.37975698560443,4.62382472631142,0.739211999909774,1
64,19,1,1,2.37975698560443,4.62382472631142,0.355950065692061,1
64,20,-1,1,2.15329316640735,0.939429649531753,0.584396588468016,1
64,21,1,1,2.37975698560443,4.62382472631142,0.388642210171954,1
64,22,1,1,2.37975698560443,4.62382472631142,0.65617114083047,1
64,23,-1,1,2.15329316640735,0.939429649531753,0.468615637460062,1
64,24,1,1,2.37975698560443,4.62382472631142,0.434652370998159,1
64,25,1,1,2.37975698560443,4.62382472631142,0.402945916277976,1
64,26,1,1,2.37975698560443,4.62382472631142,0.510309407426479,1
64,27,-1,1,2.15329316640735,0.939429649531753,0.592468419902313,1
64,28,1,1,2.37975698560443,4.62382472631142,0.745016830262457,1
64,29,-1,1,2.15329316640735,0.939429649531753,0.525767434777967,1
64,30,-1,1,2.15329316640735,0.939429649531753,1.78665503483514,1
64,31,-1,1,2.15329316640735,0.939429649531753,1.0664911869337,1
64,32,-1,1,2.15329316640735,0.939429649531753,0.68201432453937,1
64,33,-1,1,2.15329316640735,0.939429649531753,0.687833739125249,1
64,34,1,1,2.37975698560443,4.62382472631142,0.454375281295255,1
64,35,1,1,2.37975698560443,4.62382472631142,0.355432619022128,1
64,36,-1,1,2.15329316640735,0.939429649531753,0.649734730367559,-1
64,37,-1,-1,2.05237647038595,1.67993324082598,1.06014412308276,1
64,38,1,1,2.37975698560443,4.62382472631142,0.326774348080002,1
64,39,-1,1,2.15329316640735,0.939429649531753,1.70985022772953,-1
64,40,-1,-1,2.05237647038595,1.67993324082598,0.346447839522475,1
64,41,1,1,2.37975698560443,4.62382472631142,0.682049901247397,1
64,42,-1,1,2.15329316640735,0.939429649531753,0.660399707965292,1
64,43,1,1,2.37975698560443,4.62382472631142,0.387023060845167,1
64,44,-1,1,2.15329316640735,0.939429649531753,0.577910231095865,1
64,45,1,1,2.37975698560443,4.62382472631142,0.373561064538457,1
64,46,-1,1,2.15329316640735,0.939429649531753,1.02459405912348,1
64,47,-1,1,2.15329316640735,0.939429649531753,0.449438897962753,1
64,48,1,1,2.37975698560443,4.62382472631142,0.476978583363206,1
64,49,1,1,2.37975698560443,4.62382472631142,0.521727986682155,1
64,50,1,1,2.37975698560443,4.62382472631142,0.419828867254568,1
64,51,-1,1,2.15329316640735,0.939429649531753,0.866232794727778,1
64,52,-1,1,2.15329316640735,0.939429649531753,0.474479982297867,1
64,53,1,1,2.37975698560443,4.62382472631142,0.45470463946203,1
64,54,-1,1,2.15329316640735,0.939429649531753,1.38330677271826,1
64,55,-1,1,2.15329316640735,0.939429649531753,0.47247628268438,1
64,56,1,1,2.37975698560443,4.62382472631142,0.447182105313577,1
64,57,-1,1,2.15329316640735,0.939429649531753,0.429595795376385,1
64,58,-1,1,2.15329316640735,0.939429649531753,0.581089925727442,1
64,59,1,1,2.37975698560443,4.62382472631142,0.557508844003556,1
64,60,-1,1,2.15329316640735,0.939429649531753,0.575231086503799,1
64,61,-1,1,2.15329316640735,0.939429649531753,0.646495430101294,1
64,62,-1,1,2.15329316640735,0.939429649531753,1.03889826954656,1
64,63,1,1,2.37975698560443,4.62382472631142,0.400157730804308,1
64,64,1,1,2.37975698560443,4.62382472631142,0.380301451378806,1
64,65,-1,1,2.15329316640735,0.939429649531753,0.810705099378726,1
64,66,1,1,2.37975698560443,4.62382472631142,0.389735582536333,1
64,67,-1,1,2.15329316640735,0.939429649531753,0.660328066213808,1
64,68,-1,1,2.15329316640735,0.939429649531753,0.622918151074285,1
64,69,-1,1,2.15329316640735,0.939429649531753,0.479914314110773,1
64,70,1,1,2.37975698560443,4.62382472631142,0.39257738644459,1
64,71,-1,1,2.15329316640735,0.939429649531753,0.371380180294806,-1
64,72,-1,-1,2.05237647038595,1.67993324082598,0.511575625812181,-1
64,73,1,-1,2.26822678801329,1.55681238333085,0.408841587849187,1
64,74,-1,1,2.15329316640735,0.939429649531753,0.391367057076148,-1
64,75,-1,-1,2.05237647038595,1.67993324082598,0.641059584378963,1
64,76,-1,1,2.15329316640735,0.939429649531753,1.31440342835443,1
64,77,1,1,2.37975698560443,4.62382472631142,0.418693975641886,1
64,78,-1,1,2.15329316640735,0.939429649531753,0.915519837530519,1
64,79,1,1,2.37975698560443,4.62382472631142,0.450369103768333,1
64,80,1,1,2.37975698560443,4.62382472631142,0.484731635390804,1
64,81,1,1,2.37975698560443,4.62382472631142,0.388270066810548,1
64,82,-1,1,2.15329316640735,0.939429649531753,2.18728933300479,1
64,83,1,1,2.37975698560443,4.62382472631142,0.999131063973454,1
64,84,-1,1,2.15329316640735,0.939429649531753,0.798279594171017,1
64,85,1,1,2.37975698560443,4.62382472631142,0.399797153254291,1
64,86,-1,1,2.15329316640735,0.939429649531753,1.43722505865916,1
64,87,-1,1,2.15329316640735,0.939429649531753,1.11112092333316,1
64,88,1,1,2.37975698560443,4.62382472631142,0.488562244078211,1
64,89,-1,1,2.15329316640735,0.939429649531753,1.54652894508328,1
64,90,-1,1,2.15329316640735,0.939429649531753,0.592019011840204,-1
64,91,1,-1,2.26822678801329,1.55681238333085,0.597123017403301,1
64,92,-1,1,2.15329316640735,0.939429649531753,0.563520221772533,-1
64,93,1,-1,2.26822678801329,1.55681238333085,0.992781277671161,1
64,94,1,1,2.37975698560443,4.62382472631142,0.375428107308686,1
64,95,1,1,2.37975698560443,4.62382472631142,0.643723068334477,1
64,96,1,1,2.37975698560443,4.62382472631142,0.373119590127194,1
64,97,-1,1,2.15329316640735,0.939429649531753,0.921708604253294,1
64,98,1,1,2.37975698560443,4.62382472631142,0.58561467937201,1
64,99,-1,1,2.15329316640735,0.939429649531753,1.79838085673988,1
64,100,1,1,2.37975698560443,4.62382472631142,0.406312968359514,1
64,101,1,1,2.37975698560443,4.62382472631142,0.359923051866656,1
65,2,-1,1,1.74138531384425,1.78806534542772,0.589343190320808,-1
65,3,1,-1,1.83433304797256,2.03294832120395,0.451892245598046,1
65,4,1,1,1.9245284060247,4.48594683227921,0.375737079661404,1
65,5,-1,1,1.74138531384425,1.78806534542772,0.534901473598535,1
65,6,-1,1,1.74138531384425,1.78806534542772,0.330566528837902,1
65,7,1,1,1.9245284060247,4.48594683227921,0.445406014743755,1
65,8,1,1,1.9245284060247,4.48594683227921,0.453559881981096,1
65,9,1,1,1.9245284060247,4.48594683227921,0.453815114008886,1
65,10,1,1,1.9245284060247,4.48594683227921,0.389673953511322,1
65,11,1,1,1.9245284060247,4.48594683227921,0.479361362974164,1
65,12,-1,1,1.74138531384425,1.78806534542772,0.996603151885455,1
65,13,-1,1,1.74138531384425,1.78806534542772,0.383106528496888,1
65,14,1,1,1.9245284060247,4.48594683227921,0.51783135281663,1
65,15,1,1,1.9245284060247,4.48594683227921,0.339374944345475,1
65,16,-1,1,1.74138531384425,1.78806534542772,0.680385486584185,1
65,17,-1,1,1.74138531384425,1.78806534542772,0.442690681120396,1
65,18,1,1,1.9245284060247,4.48594683227921,0.515902530192308,1
65,19,-1,1,1.74138531384425,1.78806534542772,0.453023646355522,1
65,20,1,1,1.9245284060247,4.48594683227921,0.377616592789052,1
65,21,-1,1,1.74138531384425,1.78806534542772,0.659356651536621,1
65,22,-1,1,1.74138531384425,1.78806534542772,0.690310791601052,1
65,23,-1,1,1.74138531384425,1.78806534542772,0.283716448088638,1
65,24,-1,1,1.74138531384425,1.78806534542772,1.14615702802017,1
65,25,1,1,1.9245284060247,4.48594683227921,0.372186793169782,1
65,26,-1,1,1.74138531384425,1.78806534542772,0.69763594084616,1
65,27,-1,1,1.74138531384425,1.78806534542772,2.23744588490561,1
65,28,-1,1,1.74138531384425,1.78806534542772,0.681893986097233,1
65,29,-1,1,1.74138531384425,1.78806534542772,0.457011260699445,1
65,30,1,1,1.9245284060247,4.48594683227921,0.437074033637167,1
65,31,-1,1,1.74138531384425,1.78806534542772,1.55044507336886,1
65,32,-1,1,1.74138531384425,1.78806534542772,0.357538880779992,1
65,33,1,1,1.9245284060247,4.48594683227921,0.581766540265953,1
65,34,1,1,1.9245284060247,4.48594683227921,0.555781132218437,1
65,35,-1,1,1.74138531384425,1.78806534542772,0.984866283474879,1
65,36,1,1,1.9245284060247,4.48594683227921,0.332048327393684,1
65,37,-1,1,1.74138531384425,1.78806534542772,0.827351967321317,1
65,38,-1,1,1.74138531384425,1.78806534542772,1.08425670908145,1
65,39,-1,1,1.74138531384425,1.78806534542772,0.843518525811605,1
65,40,1,1,1.9245284060247,4.48594683227921,0.324503439114625,1
65,41,1,1,1.9245284060247,4.48594683227921,0.466706274521574,1
65,42,-1,1,1.74138531384425,1.78806534542772,0.838295825977198,-1
65,43,-1,-1,1.65977317894552,0.493039501089129,1.09700640354594,1
65,44,1,1,1.9245284060247,4.48594683227921,0.444419599247416,1
65,45,-1,1,1.74138531384425,1.78806534542772,0.311241639003256,1
65,46,-1,1,1.74138531384425,1.78806534542772,0.620947034321395,1
65,47,1,1,1.9245284060247,4.48594683227921,0.49731023772229,1
65,48,1,1,1.9245284060247,4.48594683227921,0.38170013495425,1
65,49,1,1,1.9245284060247,4.48594683227921,0.322152172830724,1
65,50,-1,1,1.74138531384425,1.78806534542772,1.09320685722312,1
65,51,-1,1,1.74138531384425,1.78806534542772,0.50689947821633,1
65,52,1,1,1.9245284060247,4.48594683227921,0.342469493375262,1
65,53,-1,1,1.74138531384425,1.78806534542772,0.391334608471285,1
65,54,-1,1,1.74138531384425,1.78806534542772,0.810271797847475,1
65,55,1,1,1.9245284060247,4.48594683227921,0.362615152412395,1
65,56,1,1,1.9245284060247,4.48594683227921,0.579356656573756,1
65,57,1,1,1.9245284060247,4.48594683227921,0.551920570940999,1
65,58,1,1,1.9245284060247,4.48594683227921,0.346191083275738,1
65,59,1,1,1.9245284060247,4.48594683227921,0.510015331078522,1
65,60,1,1,1.9245284060247,4.48594683227921,0.395807063005846,1
65,61,-1,1,1.74138531384425,1.78806534542772,0.959637160502921,1
65,62,-1,1,1.74138531384425,1.78806534542772,0.44614297289193,1
65,63,1,1,1.9245284060247,4.48594683227921,0.567367615721804,1
65,64,-1,1,1.74138531384425,1.78806534542772,0.440002269317924,1
65,65,1,1,1.9245284060247,4.48594683227921,0.523485659232752,1
65,66,-1,1,1.74138531384425,1.78806534542772,0.462305425322407,1
65,67,-1,1,1.74138531384425,1.78806534542772,0.884405715942949,1
65,68,-1,1,1.74138531384425,1.78806534542772,0.309839192609505,1
65,69,1,1,1.9245284060247,4.48594683227921,0.428300736721787,1
65,70,-1,1,1.74138531384425,1.78806534542772,0.686398663362813,1
65,71,-1,1,1.74138531384425,1.78806534542772,0.532217490023824,1
65,72,1,1,1.9245284060247,4.48594683227921,0.413385581662092,1
65,73,1,1,1.9245284060247,4.48594683227921,0.46817598993955,1
65,74,1,1,1.9245284060247,4.48594683227921,0.294326325215902,1
65,75,-1,1,1.74138531384425,1.78806534542772,0.438347746818929,1
65,76,-1,1,1.74138531384425,1.78806534542772,0.335608174994612,1
65,77,-1,1,1.74138531384425,1.78806534542772,0.421353862562203,1
65,78,-1,1,1.74138531384425,1.78806534542772,0.811344443848829,1
65,79,-1,1,1.74138531384425,1.78806534542772,0.366050752054607,1
65,80,1,1,1.9245284060247,4.48594683227921,0.385202107129973,1
65,81,1,1,1.9245284060247,4.48594683227921,0.386463942437733,1
65,82,-1,1,1.74138531384425,1.78806534542772,0.577713140853747,1
65,83,1,1,1.9245284060247,4.48594683227921,0.600562910640108,1
65,84,-1,1,1.74138531384425,1.78806534542772,0.62317374094301,1
65,85,1,1,1.9245284060247,4.48594683227921,0.493678087250284,1
65,86,1,1,1.9245284060247,4.48594683227921,0.383148908317386,1
65,87,-1,1,1.74138531384425,1.78806534542772,0.48157817505484,1
65,88,-1,1,1.74138531384425,1.78806534542772,0.56066599782965,1
65,89,1,1,1.9245284060247,4.48594683227921,0.393980037884267,1
65,90,1,1,1.9245284060247,4.48594683227921,0.452438294778201,1
65,91,1,1,1.9245284060247,4.48594683227921,0.67317193983799,1
65,92,1,1,1.9245284060247,4.48594683227921,0.389689170637306,1
65,93,1,1,1.9245284060247,4.48594683227921,0.513865666755788,1
65,94,1,1,1.9245284060247,4.48594683227921,0.659950931943454,1
65,95,1,1,1.9245284060247,4.48594683227921,0.584261611780357,1
65,96,1,1,1.9245284060247,4.48594683227921,0.673563252615538,1
65,97,-1,1,1.74138531384425,1.78806534542772,1.6620533950275,1
65,98,1,1,1.9245284060247,4.48594683227921,0.391440758967883,1
65,99,-1,1,1.74138531384425,1.78806534542772,0.486449193888191,1
65,100,-1,1,1.74138531384425,1.78806534542772,0.367228357503024,1
65,101,1,1,1.9245284060247,4.48594683227921,0.485611859478918,1
66,2,-1,1,1.93147138718593,1.59617123407529,0.295104247641742,1
66,3,-1,1,1.93147138718593,1.59617123407529,0.754931128555124,1
66,4,1,1,2.13460600621312,3.7262656801919,0.456446797917103,1
66,5,-1,1,1.93147138718593,1.59617123407529,1.56718492265193,1
66,6,-1,1,1.93147138718593,1.59617123407529,1.52544755275316,1
66,7,1,1,2.13460600621312,3.7262656801919,0.636184185324388,1
66,8,-1,1,1.93147138718593,1.59617123407529,0.834617856878744,1
66,9,-1,1,1.93147138718593,1.59617123407529,0.426900609925911,1
66,10,-1,1,1.93147138718593,1.59617123407529,0.510240002715272,1
66,11,1,1,2.13460600621312,3.7262656801919,0.64873124129831,1
66,12,-1,1,1.93147138718593,1.59617123407529,0.398831870358436,1
66,13,-1,1,1.93147138718593,1.59617123407529,0.372365119997817,1
66,14,1,1,2.13460600621312,3.7262656801919,0.604198430585802,1
66,15,-1,1,1.93147138718593,1.59617123407529,0.529906344725715,1
66,16,1,1,2.13460600621312,3.7262656801919,0.506497844918802,1
66,17,1,1,2.13460600621312,3.7262656801919,1.05594857273818,1
66,18,1,1,2.13460600621312,3.7262656801919,0.717573623238868,1
66,19,-1,1,1.93147138718593,1.59617123407529,0.495161221009528,1
66,20,1,1,2.13460600621312,3.7262656801919,0.375363177271921,1
66,21,-1,1,1.93147138718593,1.59617123407529,1.04457832448147,1
66,22,1,1,2.13460600621312,3.7262656801919,0.343877208213619,1
66,23,1,1,2.13460600621312,3.7262656801919,0.434946364901629,1
66,24,1,1,2.13460600621312,3.7262656801919,0.744963530557553,1
66,25,1,1,2.13460600621312,3.7262656801919,0.409893241540081,1
66,26,-1,1,1.93147138718593,1.59617123407529,0.409613983331266,1
66,27,1,1,2.13460600621312,3.7262656801919,0.648128344987744,1
66,28,1,1,2.13460600621312,3.7262656801919,0.404911801530319,1
66,29,1,1,2.13460600621312,3.7262656801919,0.514521302056597,1
66,30,1,1,2.13460600621312,3.7262656801919,0.374973838865019,1
66,31,-1,1,1.93147138718593,1.59617123407529,0.572479337178511,1
66,32,-1,1,1.93147138718593,1.59617123407529,0.328326742332654,1
66,33,-1,1,1.93147138718593,1.59617123407529,0.915533104867638,1
66,34,1,1,2.13460600621312,3.7262656801919,0.375106989170822,1
66,35,-1,1,1.93147138718593,1.59617123407529,0.602480841274129,1
66,36,1,1,2.13460600621312,3.7262656801919,0.786819708243384,1
66,37,-1,1,1.93147138718593,1.59617123407529,0.522698113762251,1
66,38,1,1,2.13460600621312,3.7262656801919,0.957009600805374,1
66,39,1,1,2.13460600621312,3.7262656801919,0.468179537140874,1
66,40,-1,1,1.93147138718593,1.59617123407529,0.494738973916591,-1
66,41,-1,-1,1.84095063790037,1.24616782946606,0.522160752697833,1
66,42,1,1,2.13460600621312,3.7262656801919,0.473175115406031,1
66,43,-1,1,1.93147138718593,1.59617123407529,1.04181774625925,1
66,44,-1,1,1.93147138718593,1.59617123407529,0.9,1
66,45,-1,1,1.93147138718593,1.59617123407529,0.429317208205309,1
66,46,1,1,2.13460600621312,3.7262656801919,0.601379475312464,1
66,47,-1,1,1.93147138718593,1.59617123407529,0.377448913743252,-1
66,48,-1,-1,1.84095063790037,1.24616782946606,0.549724567434807,1
66,49,1,1,2.13460600621312,3.7262656801919,0.383759016466661,1
66,50,1,1,2.13460600621312,3.7262656801919,0.571233613306326,1
66,51,1,1,2.13460600621312,3.7262656801919,0.679745733378157,1
66,52,-1,1,1.93147138718593,1.59617123407529,0.453079388471292,1
66,53,1,1,2.13460600621312,3.7262656801919,0.468915127314195,1
66,54,-1,1,1.93147138718593,1.59617123407529,0.468810567492202,1
66,55,1,1,2.13460600621312,3.7262656801919,0.335062426354087,1
66,56,1,1,2.13460600621312,3.7262656801919,0.554665500765676,1
66,57,1,1,2.13460600621312,3.7262656801919,0.326613934084213,1
66,58,1,1,2.13460600621312,3.7262656801919,0.547078476744355,1
66,59,-1,1,1.93147138718593,1.59617123407529,0.499000060840553,1
66,60,1,1,2.13460600621312,3.7262656801919,0.509042125739243,1
66,61,-1,1,1.93147138718593,1.59617123407529,0.797696146329878,1
66,62,-1,1,1.93147138718593,1.59617123407529,0.706016540543622,1
66,63,1,1,2.13460600621312,3.7262656801919,0.547898668926549,1
66,64,-1,1,1.93147138718593,1.59617123407529,0.443120303440005,1
66,65,1,1,2.13460600621312,3.7262656801919,0.591060150710516,1
66,66,1,1,2.13460600621312,3.7262656801919,0.55712994181812,1
66,67,1,1,2.13460600621312,3.7262656801919,0.492259354351524,1
66,68,-1,1,1.93147138718593,1.59617123407529,0.471945601288066,1
66,69,1,1,2.13460600621312,3.7262656801919,0.478590314396238,1
66,70,-1,1,1.93147138718593,1.59617123407529,1.26376716146347,1
66,71,1,1,2.13460600621312,3.7262656801919,0.609084599934283,1
66,72,-1,1,1.93147138718593,1.59617123407529,1.18348955438701,1
66,73,-1,1,1.93147138718593,1.59617123407529,1.1294200559216,1
66,74,1,1,2.13460600621312,3.7262656801919,0.414416076287381,1
66,75,-1,1,1.93147138718593,1.59617123407529,0.313730083448791,1
66,76,-1,1,1.93147138718593,1.59617123407529,0.77207097764708,1
66,77,-1,1,1.93147138718593,1.59617123407529,0.347032534159288,1
66,78,1,1,2.13460600621312,3.7262656801919,0.486351475034622,1
66,79,-1,1,1.93147138718593,1.59617123407529,0.358226211097915,1
66,80,-1,1,1.93147138718593,1.59617123407529,0.650662656723374,1
66,81,1,1,2.13460600621312,3.7262656801919,0.534978042031782,1
66,82,-1,1,1.93147138718593,1.59617123407529,0.841639093622941,1
66,83,-1,1,1.93147138718593,1.59617123407529,1.8251034734521,1
66,84,1,1,2.13460600621312,3.7262656801919,0.726214458899691,1
66,85,1,1,2.13460600621312,3.7262656801919,0.593369720422038,1
66,86,-1,1,1.93147138718593,1.59617123407529,1.7978211455438,1
66,87,1,1,2.13460600621312,3.7262656801919,0.467052562525557,1
66,88,-1,1,1.93147138718593,1.59617123407529,0.544713326157492,1
66,89,-1,1,1.93147138718593,1.59617123407529,0.854235512400677,1
66,90,-1,1,1.93147138718593,1.59617123407529,0.442476724538696,1
66,91,1,1,2.13460600621312,3.7262656801919,0.358918725820869,1
66,92,1,1,2.13460600621312,3.7262656801919,0.589337434868201,1
66,93,1,1,2.13460600621312,3.7262656801919,0.4307119400289,1
66,94,1,1,2.13460600621312,3.7262656801919,0.438973311527718,1
66,95,1,1,2.13460600621312,3.7262656801919,0.327221602068576,1
66,96,-1,1,1.93147138718593,1.59617123407529,0.332536837438063,1
66,97,1,1,2.13460600621312,3.7262656801919,0.693060966135399,1
66,98,1,1,2.13460600621312,3.7262656801919,0.508230506984814,1
66,99,-1,1,1.93147138718593,1.59617123407529,0.557008890050963,1
66,100,-1,1,1.93147138718593,1.59617123407529,0.709063648090312,1
66,101,-1,1,1.93147138718593,1.59617123407529,2.02745624559633,1
67,2,-1,1,1.87136191119022,1.20541047514391,0.45073610453261,1
67,3,1,1,2.0681747614419,4.85985243620855,0.347285901601217,1
67,4,-1,1,1.87136191119022,1.20541047514391,0.722063793153445,1
67,5,-1,1,1.87136191119022,1.20541047514391,0.828531595075112,1
67,6,-1,1,1.87136191119022,1.20541047514391,0.557278794211348,1
67,7,1,1,2.0681747614419,4.85985243620855,0.650541943274872,1
67,8,-1,1,1.87136191119022,1.20541047514391,1.30421961021179,-1
67,9,1,-1,1.97124724271123,1.71715864032319,0.67128096057375,1
67,10,-1,1,1.87136191119022,1.20541047514391,0.630027363181998,1
67,11,1,1,2.0681747614419,4.85985243620855,0.44823929921092,1
67,12,1,1,2.0681747614419,4.85985243620855,0.673866044774899,1
67,13,-1,1,1.87136191119022,1.20541047514391,0.673397496980664,1
67,14,-1,1,1.87136191119022,1.20541047514391,0.352607819383533,1
67,15,1,1,2.0681747614419,4.85985243620855,0.48271699547579,1
67,16,1,1,2.0681747614419,4.85985243620855,0.494190553831891,1
67,17,1,1,2.0681747614419,4.85985243620855,0.399273600792339,1
67,18,-1,1,1.87136191119022,1.20541047514391,1.34188686553839,1
67,19,-1,1,1.87136191119022,1.20541047514391,1.48691451974284,1
67,20,-1,1,1.87136191119022,1.20541047514391,0.556163125873732,1
67,21,-1,1,1.87136191119022,1.20541047514391,0.509594560896897,1
67,22,-1,1,1.87136191119022,1.20541047514391,0.448080820611508,1
67,23,1,1,2.0681747614419,4.85985243620855,0.46462916935958,1
67,24,-1,1,1.87136191119022,1.20541047514391,0.640828749897326,1
67,25,-1,1,1.87136191119022,1.20541047514391,0.847121141111932,1
67,26,-1,1,1.87136191119022,1.20541047514391,1.47837289907592,-1
67,27,-1,-1,1.78365826540533,1.01757844832435,1.30728528482219,-1
67,28,-1,-1,1.78365826540533,1.01757844832435,0.713265934209785,1
67,29,-1,1,1.87136191119022,1.20541047514391,1.30234626417096,1
67,30,1,1,2.0681747614419,4.85985243620855,0.475944891839246,1
67,31,1,1,2.0681747614419,4.85985243620855,0.721530895525547,1
67,32,1,1,2.0681747614419,4.85985243620855,0.695599341895549,1
67,33,1,1,2.0681747614419,4.85985243620855,0.326610656214303,1
67,34,-1,1,1.87136191119022,1.20541047514391,0.62699327091156,1
67,35,1,1,2.0681747614419,4.85985243620855,0.544955187037203,1
67,36,1,1,2.0681747614419,4.85985243620855,0.534091788369468,1
67,37,-1,1,1.87136191119022,1.20541047514391,0.523384795257903,-1
67,38,-1,-1,1.78365826540533,1.01757844832435,1.0830684115674,1
67,39,1,1,2.0681747614419,4.85985243620855,0.42631818785489,1
67,40,1,1,2.0681747614419,4.85985243620855,0.7521303250154,1
67,41,1,1,2.0681747614419,4.85985243620855,0.61013287211616,1
67,42,1,1,2.0681747614419,4.85985243620855,0.427366100342054,1
67,43,-1,1,1.87136191119022,1.20541047514391,0.94665348013978,1
67,44,1,1,2.0681747614419,4.85985243620855,0.447967779821136,1
67,45,1,1,2.0681747614419,4.85985243620855,0.503014912753313,1
67,46,1,1,2.0681747614419,4.85985243620855,0.46874793674465,1
67,47,-1,1,1.87136191119022,1.20541047514391,0.972627177434208,1
67,48,-1,1,1.87136191119022,1.20541047514391,0.628832362868933,-1
67,49,-1,-1,1.78365826540533,1.01757844832435,0.616512189830511,1
67,50,1,1,2.0681747614419,4.85985243620855,0.644822669793127,1
67,51,1,1,2.0681747614419,4.85985243620855,0.336818966449295,1
67,52,1,1,2.0681747614419,4.85985243620855,0.398976297442836,1
67,53,-1,1,1.87136191119022,1.20541047514391,1.47015653094833,1
67,54,1,1,2.0681747614419,4.85985243620855,0.529506246635833,1
67,55,1,1,2.0681747614419,4.85985243620855,0.526437029689636,1
67,56,1,1,2.0681747614419,4.85985243620855,0.466406958311132,1
67,57,-1,1,1.87136191119022,1.20541047514391,1.01672401522846,1
67,58,-1,1,1.87136191119022,1.20541047514391,0.559811480032774,1
67,59,-1,1,1.87136191119022,1.20541047514391,0.985636134385414,1
67,60,1,1,2.0681747614419,4.85985243620855,0.405104474471913,1
67,61,1,1,2.0681747614419,4.85985243620855,0.6915506130296,1
67,62,1,1,2.0681747614419,4.85985243620855,0.467316846403616,1
67,63,-1,1,1.87136191119022,1.20541047514391,1.82230673584949,1
67,64,1,1,2.0681747614419,4.85985243620855,0.37303803694204,1
67,65,-1,1,1.87136191119022,1.20541047514391,0.588478368348127,1
67,66,1,1,2.0681747614419,4.85985243620855,0.524460124775088,1
67,67,1,1,2.0681747614419,4.85985243620855,0.416847063474737,1
67,68,1,1,2.0681747614419,4.85985243620855,0.457416352674893,1
67,69,1,1,2.0681747614419,4.85985243620855,0.405220349192074,1
67,70,-1,1,1.87136191119022,1.20541047514391,0.454976445247661,1
67,71,1,1,2.0681747614419,4.85985243620855,0.457340516451002,1
67,72,1,1,2.0681747614419,4.85985243620855,0.703399662036459,1
67,73,-1,1,1.87136191119022,1.20541047514391,0.544126292008822,1
67,74,-1,1,1.87136191119022,1.20541047514391,0.764207035608688,-1
67,75,-1,-1,1.78365826540533,1.01757844832435,2.34386753175411,-1
67,76,1,-1,1.97124724271123,1.71715864032319,0.507053766929708,1
67,77,-1,1,1.87136191119022,1.20541047514391,0.482853063885815,1
67,78,-1,1,1.87136191119022,1.20541047514391,1.33359838497392,1
67,79,-1,1,1.87136191119022,1.20541047514391,0.390687060394877,1
67,80,-1,1,1.87136191119022,1.20541047514391,0.408571070748703,1
67,81,-1,1,1.87136191119022,1.20541047514391,0.397051322804158,1
67,82,-1,1,1.87136191119022,1.20541047514391,0.343645929762556,1
67,83,1,1,2.0681747614419,4.85985243620855,0.430534628220677,1
67,84,1,1,2.0681747614419,4.85985243620855,0.432440887120555,1
67,85,-1,1,1.87136191119022,1.20541047514391,0.405987457707143,1
67,86,-1,1,1.87136191119022,1.20541047514391,0.869373721907336,1
67,87,1,1,2.0681747614419,4.85985243620855,0.611975969210752,1
67,88,-1,1,1.87136191119022,1.20541047514391,0.533417755534236,1
67,89,1,1,2.0681747614419,4.85985243620855,0.540813522214441,1
67,90,1,1,2.0681747614419,4.85985243620855,0.470976899166868,1
67,91,1,1,2.0681747614419,4.85985243620855,0.379426814318403,1
67,92,1,1,2.0681747614419,4.85985243620855,0.43679136716601,1
67,93,1,1,2.0681747614419,4.85985243620855,0.395475776561388,1
67,94,-1,1,1.87136191119022,1.20541047514391,1.30530551473463,1
67,95,-1,1,1.87136191119022,1.20541047514391,0.852192448550682,1
67,96,1,1,2.0681747614419,4.85985243620855,0.381357680877465,1
67,97,1,1,2.0681747614419,4.85985243620855,0.706492775460237,1
67,98,-1,1,1.87136191119022,1.20541047514391,0.70830650627223,1
67,99,1,1,2.0681747614419,4.85985243620855,0.54109113438739,1
67,100,-1,1,1.87136191119022,1.20541047514391,0.431484071140387,1
67,101,-1,1,1.87136191119022,1.20541047514391,0.9927381596231,1
68,2,1,1,2.07550318405194,3.70447238052217,0.367769357349317,1
68,3,-1,1,1.87799294218297,1.03373234058999,2.47568764826232,1
68,4,-1,1,1.87799294218297,1.03373234058999,0.491134546484205,1
68,5,1,1,2.07550318405194,3.70447238052217,0.356173890150004,1
68,6,-1,1,1.87799294218297,1.03373234058999,0.494416906104846,-1
68,7,-1,-1,1.78997852508768,1.00972408620347,1.52516458654773,1
68,8,-1,1,1.87799294218297,1.03373234058999,0.51160835998295,1
68,9,1,1,2.07550318405194,3.70447238052217,0.390465403991791,1
68,10,1,1,2.07550318405194,3.70447238052217,0.388539907845075,1
68,11,-1,1,1.87799294218297,1.03373234058999,0.939616395678719,-1
68,12,1,-1,1.97823220990684,3.05207119268436,0.377457292367818,1
68,13,-1,1,1.87799294218297,1.03373234058999,1.33534519007105,1
68,14,1,1,2.07550318405194,3.70447238052217,0.774378060134044,1
68,15,-1,1,1.87799294218297,1.03373234058999,2.677073440437,-1
68,16,1,-1,1.97823220990684,3.05207119268436,0.572961190466037,1
68,17,1,1,2.07550318405194,3.70447238052217,0.616897244925826,1
68,18,-1,1,1.87799294218297,1.03373234058999,0.640566933748024,1
68,19,1,1,2.07550318405194,3.70447238052217,0.419967688131638,1
68,20,1,1,2.07550318405194,3.70447238052217,0.46074966516735,1
68,21,-1,1,1.87799294218297,1.03373234058999,0.638046077854839,1
68,22,1,1,2.07550318405194,3.70447238052217,0.367956156080685,1
68,23,-1,1,1.87799294218297,1.03373234058999,1.02959955207347,1
68,24,-1,1,1.87799294218297,1.03373234058999,0.723465714504866,1
68,25,-1,1,1.87799294218297,1.03373234058999,1.17835312988532,1
68,26,-1,1,1.87799294218297,1.03373234058999,0.782426493499793,-1
68,27,-1,-1,1.78997852508768,1.00972408620347,0.420083229208243,1
68,28,-1,1,1.87799294218297,1.03373234058999,0.689193264715949,1
68,29,-1,1,1.87799294218297,1.03373234058999,1.07346060598666,1
68,30,-1,1,1.87799294218297,1.03373234058999,0.485257906878646,1
68,31,1,1,2.07550318405194,3.70447238052217,0.590882191027204,1
68,32,1,1,2.07550318405194,3.70447238052217,0.95699777137917,1
68,33,1,1,2.07550318405194,3.70447238052217,0.437909575811148,1
68,34,1,1,2.07550318405194,3.70447238052217,1.10685235201107,1
68,35,1,1,2.07550318405194,3.70447238052217,0.798528593276196,1
68,36,1,1,2.07550318405194,3.70447238052217,0.342109068626722,1
68,37,1,1,2.07550318405194,3.70447238052217,0.530078243776459,1
68,38,1,1,2.07550318405194,3.70447238052217,0.47082373058201,1
68,39,1,1,2.07550318405194,3.70447238052217,0.552041187057985,1
68,40,-1,1,1.87799294218297,1.03373234058999,0.594089156432452,1
68,41,1,1,2.07550318405194,3.70447238052217,0.491978036609535,1
68,42,-1,1,1.87799294218297,1.03373234058999,0.719567608397244,1
68,43,1,1,2.07550318405194,3.70447238052217,0.461802627932679,1
68,44,1,1,2.07550318405194,3.70447238052217,0.391179719163123,1
68,45,1,1,2.07550318405194,3.70447238052217,0.390819949118303,1
68,46,1,1,2.07550318405194,3.70447238052217,0.724124672993928,1
68,47,-1,1,1.87799294218297,1.03373234058999,0.417199570108548,1
68,48,1,1,2.07550318405194,3.70447238052217,0.803711521656931,1
68,49,-1,1,1.87799294218297,1.03373234058999,0.472799401891922,1
68,50,1,1,2.07550318405194,3.70447238052217,0.328573564981636,1
68,51,-1,1,1.87799294218297,1.03373234058999,0.68998130561383,1
68,52,1,1,2.07550318405194,3.70447238052217,0.415467601620568,1
68,53,1,1,2.07550318405194,3.70447238052217,0.586885658868205,1
68,54,-1,1,1.87799294218297,1.03373234058999,0.306228738037292,1
68,55,-1,1,1.87799294218297,1.03373234058999,0.736558555243342,-1
68,56,-1,-1,1.78997852508768,1.00972408620347,0.639238681739867,1
68,57,-1,1,1.87799294218297,1.03373234058999,0.351948093072713,1
68,58,1,1,2.07550318405194,3.70447238052217,0.468885755109742,1
68,59,-1,1,1.87799294218297,1.03373234058999,0.683100636943202,1
68,60,-1,1,1.87799294218297,1.03373234058999,1.59037180498222,1
68,61,1,1,2.07550318405194,3.70447238052217,0.489733347070696,1
68,62,-1,1,1.87799294218297,1.03373234058999,0.455274806284694,1
68,63,1,1,2.07550318405194,3.70447238052217,0.481523835631028,1
68,64,1,1,2.07550318405194,3.70447238052217,1.1075741281362,1
68,65,-1,1,1.87799294218297,1.03373234058999,0.563134154066683,1
68,66,-1,1,1.87799294218297,1.03373234058999,0.701438603591012,1
68,67,1,1,2.07550318405194,3.70447238052217,0.634094224839667,1
68,68,1,1,2.07550318405194,3.70447238052217,0.402888462454246,1
68,69,1,1,2.07550318405194,3.70447238052217,0.471108845668432,1
68,70,1,1,2.07550318405194,3.70447238052217,0.578746777863474,1
68,71,-1,1,1.87799294218297,1.03373234058999,0.61959180608685,1
68,72,1,1,2.07550318405194,3.70447238052217,0.69928919756314,1
68,73,-1,1,1.87799294218297,1.03373234058999,0.419360480400698,1
68,74,-1,1,1.87799294218297,1.03373234058999,1.21272797360165,-1
68,75,-1,-1,1.78997852508768,1.00972408620347,1.38499908645075,-1
68,76,1,-1,1.97823220990684,3.05207119268436,0.433366504240044,1
68,77,-1,1,1.87799294218297,1.03373234058999,0.591344385075327,-1
68,78,-1,-1,1.78997852508768,1.00972408620347,0.800155727157952,1
68,79,-1,1,1.87799294218297,1.03373234058999,0.626958039032142,1
68,80,-1,1,1.87799294218297,1.03373234058999,0.657118144474319,1
68,81,-1,1,1.87799294218297,1.03373234058999,0.555722723490833,1
68,82,-1,1,1.87799294218297,1.03373234058999,0.524315091453173,1
68,83,-1,1,1.87799294218297,1.03373234058999,0.777755095391589,1
68,84,1,1,2.07550318405194,3.70447238052217,0.356558674764923,1
68,85,-1,1,1.87799294218297,1.03373234058999,0.409481733216927,1
68,86,-1,1,1.87799294218297,1.03373234058999,1.44393788281786,1
68,87,1,1,2.07550318405194,3.70447238052217,0.50621337220796,1
68,88,1,1,2.07550318405194,3.70447238052217,0.497939882751679,1
68,89,1,1,2.07550318405194,3.70447238052217,0.342654801236497,1
68,90,1,1,2.07550318405194,3.70447238052217,0.344569029262238,1
68,91,-1,1,1.87799294218297,1.03373234058999,1.42272642128992,-1
68,92,1,-1,1.97823220990684,3.05207119268436,0.410149985102078,1
68,93,1,1,2.07550318405194,3.70447238052217,0.404724909315072,1
68,94,-1,1,1.87799294218297,1.03373234058999,0.611563771921313,1
68,95,1,1,2.07550318405194,3.70447238052217,0.641877147527401,1
68,96,-1,1,1.87799294218297,1.03373234058999,0.913422143794411,-1
68,97,1,-1,1.97823220990684,3.05207119268436,0.431252345854983,1
68,98,-1,1,1.87799294218297,1.03373234058999,1.46928363101815,1
68,99,1,1,2.07550318405194,3.70447238052217,0.424555950410244,1
68,100,1,1,2.07550318405194,3.70447238052217,0.373054576267934,1
68,101,-1,1,1.87799294218297,1.03373234058999,0.562981679822028,1
69,2,1,1,1.92707361358608,3.56409666253976,0.528697195654808,1
69,3,-1,1,1.74368831288246,1.81112005126925,0.57933316089286,1
69,4,-1,1,1.74368831288246,1.81112005126925,1.13305577915649,1
69,5,-1,1,1.74368831288246,1.81112005126925,0.827132549463312,1
69,6,-1,1,1.74368831288246,1.81112005126925,0.460780333889713,1
69,7,1,1,1.92707361358608,3.56409666253976,0.376951815494146,1
69,8,1,1,1.92707361358608,3.56409666253976,0.584878355223055,1
69,9,-1,1,1.74368831288246,1.81112005126925,1.12176302576037,1
69,10,-1,1,1.74368831288246,1.81112005126925,0.453830083060921,1
69,11,-1,1,1.74368831288246,1.81112005126925,0.617185664523456,1
69,12,-1,1,1.74368831288246,1.81112005126925,0.613255555878981,1
69,13,-1,1,1.74368831288246,1.81112005126925,0.476456814977545,1
69,14,1,1,1.92707361358608,3.56409666253976,0.435589486156584,1
69,15,-1,1,1.74368831288246,1.81112005126925,0.740674104615868,1
69,16,1,1,1.92707361358608,3.56409666253976,0.657946035157357,1
69,17,1,1,1.92707361358608,3.56409666253976,0.522283097071945,1
69,18,-1,1,1.74368831288246,1.81112005126925,0.681169416339563,1
69,19,1,1,1.92707361358608,3.56409666253976,0.667343057222927,1
69,20,1,1,1.92707361358608,3.56409666253976,0.422452661214674,1
69,21,-1,1,1.74368831288246,1.81112005126925,0.87058871409651,-1
69,22,1,-1,1.83675897129443,2.46010566972912,0.640252729461599,1
69,23,1,1,1.92707361358608,3.56409666253976,0.722888859083184,1
69,24,-1,1,1.74368831288246,1.81112005126925,0.864648134040378,1
69,25,-1,1,1.74368831288246,1.81112005126925,0.558717347522045,1
69,26,-1,1,1.74368831288246,1.81112005126925,0.373675766819305,1
69,27,1,1,1.92707361358608,3.56409666253976,0.385956306702447,1
69,28,1,1,1.92707361358608,3.56409666253976,0.36740020843748,1
69,29,-1,1,1.74368831288246,1.81112005126925,0.91837896053333,1
69,30,-1,1,1.74368831288246,1.81112005126925,0.916258821131745,1
69,31,-1,1,1.74368831288246,1.81112005126925,0.930138499223371,1
69,32,1,1,1.92707361358608,3.56409666253976,0.324735663235254,1
69,33,-1,1,1.74368831288246,1.81112005126925,0.398870902833545,1
69,34,1,1,1.92707361358608,3.56409666253976,0.438006763387772,1
69,35,-1,1,1.74368831288246,1.81112005126925,0.449799362302968,1
69,36,-1,1,1.74368831288246,1.81112005126925,0.927978898791324,1
69,37,1,1,1.92707361358608,3.56409666253976,0.610095964603198,1
69,38,1,1,1.92707361358608,3.56409666253976,0.345603982654527,1
69,39,-1,1,1.74368831288246,1.81112005126925,0.403589731723456,1
69,40,-1,1,1.74368831288246,1.81112005126925,0.397668600787396,1
69,41,1,1,1.92707361358608,3.56409666253976,0.349077610813826,1
69,42,1,1,1.92707361358608,3.56409666253976,0.427561427991816,1
69,43,1,1,1.92707361358608,3.56409666253976,0.415514707035075,1
69,44,-1,1,1.74368831288246,1.81112005126925,0.811736919288964,1
69,45,-1,1,1.74368831288246,1.81112005126925,0.749056877652209,1
69,46,1,1,1.92707361358608,3.56409666253976,0.341615624699412,1
69,47,-1,1,1.74368831288246,1.81112005126925,0.52802086207562,1
69,48,1,1,1.92707361358608,3.56409666253976,0.514003185763201,1
69,49,-1,1,1.74368831288246,1.81112005126925,0.720400363465059,1
69,50,-1,1,1.74368831288246,1.81112005126925,0.476184430347046,1
69,51,-1,1,1.74368831288246,1.81112005126925,1.41890456818625,1
69,52,1,1,1.92707361358608,3.56409666253976,0.399929815112208,1
69,53,1,1,1.92707361358608,3.56409666253976,0.429221756531593,1
69,54,1,1,1.92707361358608,3.56409666253976,0.562430902083594,1
69,55,1,1,1.92707361358608,3.56409666253976,0.372300119080709,1
69,56,-1,1,1.74368831288246,1.81112005126925,0.666028170683613,1
69,57,1,1,1.92707361358608,3.56409666253976,0.411450280304379,1
69,58,1,1,1.92707361358608,3.56409666253976,0.534773961077338,1
69,59,1,1,1.92707361358608,3.56409666253976,0.449480871227878,1
69,60,-1,1,1.74368831288246,1.81112005126925,0.856900637367114,1
69,61,-1,1,1.74368831288246,1.81112005126925,0.978596379959865,1
69,62,1,1,1.92707361358608,3.56409666253976,0.317127523159614,1
69,63,-1,1,1.74368831288246,1.81112005126925,0.389122784603345,1
69,64,1,1,1.92707361358608,3.56409666253976,0.525159537247398,1
69,65,-1,1,1.74368831288246,1.81112005126925,0.669050938323376,1
69,66,-1,1,1.74368831288246,1.81112005126925,0.742307096000713,1
69,67,1,1,1.92707361358608,3.56409666253976,0.468474447231094,1
69,68,-1,1,1.74368831288246,1.81112005126925,0.495101148164373,1
69,69,1,1,1.92707361358608,3.56409666253976,0.427492414309868,1
69,70,-1,1,1.74368831288246,1.81112005126925,0.899839269652752,1
69,71,1,1,1.92707361358608,3.56409666253976,0.469798468335613,1
69,72,-1,1,1.74368831288246,1.81112005126925,0.50258138023199,1
69,73,-1,1,1.74368831288246,1.81112005126925,0.462878310951038,1
69,74,1,1,1.92707361358608,3.56409666253976,0.378344083571116,1
69,75,1,1,1.92707361358608,3.56409666253976,1.13329242368928,1
69,76,-1,1,1.74368831288246,1.81112005126925,0.492073396302139,1
69,77,1,1,1.92707361358608,3.56409666253976,0.57808730650512,1
69,78,-1,1,1.74368831288246,1.81112005126925,0.313016238705911,1
69,79,1,1,1.92707361358608,3.56409666253976,0.376577507131793,1
69,80,1,1,1.92707361358608,3.56409666253976,0.559233585980188,1
69,81,1,1,1.92707361358608,3.56409666253976,0.3019366253551,1
69,82,1,1,1.92707361358608,3.56409666253976,0.456168473681245,1
69,83,1,1,1.92707361358608,3.56409666253976,0.427216816299262,1
69,84,1,1,1.92707361358608,3.56409666253976,0.414808237260347,1
69,85,1,1,1.92707361358608,3.56409666253976,0.561103453840114,1
69,86,-1,1,1.74368831288246,1.81112005126925,0.404429594694784,1
69,87,1,1,1.92707361358608,3.56409666253976,0.500676680099861,1
69,88,-1,1,1.74368831288246,1.81112005126925,0.597384393116132,1
69,89,-1,1,1.74368831288246,1.81112005126925,1.13959229590898,1
69,90,-1,1,1.74368831288246,1.81112005126925,0.586054692430729,1
69,91,-1,1,1.74368831288246,1.81112005126925,0.527083742918096,1
69,92,-1,1,1.74368831288246,1.81112005126925,0.417636696050964,1
69,93,-1,1,1.74368831288246,1.81112005126925,0.643121023957792,1
69,94,-1,1,1.74368831288246,1.81112005126925,0.442153768423574,1
69,95,1,1,1.92707361358608,3.56409666253976,0.592164169889103,1
69,96,1,1,1.92707361358608,3.56409666253976,0.469015651439903,1
69,97,1,1,1.92707361358608,3.56409666253976,0.326885595848253,1
69,98,1,1,1.92707361358608,3.56409666253976,0.412997869012834,1
69,99,-1,1,1.74368831288246,1.81112005126925,0.401149143378547,1
69,100,1,1,1.92707361358608,3.56409666253976,0.425516842494049,1
69,101,1,1,1.92707361358608,3.56409666253976,0.356169813430831,1
70,2,1,1,1.53088296583637,4.74344973868719,0.308170625125592,1
70,3,1,1,1.53088296583637,4.74344973868719,0.341095814915982,1
70,4,-1,1,1.38520019012261,2.3732926662591,0.345937062952172,1
70,5,1,1,1.53088296583637,4.74344973868719,0.362507023455449,1
70,6,-1,1,1.38520019012261,2.3732926662591,0.36052782959067,1
70,7,1,1,1.53088296583637,4.74344973868719,0.321098537314746,1
70,8,1,1,1.53088296583637,4.74344973868719,0.519015088461946,1
70,9,1,1,1.53088296583637,4.74344973868719,0.39098832783863,1
70,10,1,1,1.53088296583637,4.74344973868719,0.323016971994207,1
70,11,-1,1,1.38520019012261,2.3732926662591,0.635964616761881,1
70,12,-1,1,1.38520019012261,2.3732926662591,0.384132743428914,1
70,13,-1,1,1.38520019012261,2.3732926662591,0.325721633791631,1
70,14,-1,1,1.38520019012261,2.3732926662591,0.429818325974055,1
70,15,1,1,1.53088296583637,4.74344973868719,0.314844195590181,1
70,16,1,1,1.53088296583637,4.74344973868719,0.60460793547484,1
70,17,-1,1,1.38520019012261,2.3732926662591,0.546969130626582,1
70,18,-1,1,1.38520019012261,2.3732926662591,0.486358862463018,1
70,19,-1,1,1.38520019012261,2.3732926662591,0.44170142411761,1
70,20,-1,1,1.38520019012261,2.3732926662591,0.3171993671923,1
70,21,1,1,1.53088296583637,4.74344973868719,0.379733948072835,1
70,22,1,1,1.53088296583637,4.74344973868719,0.640522233786313,1
70,23,1,1,1.53088296583637,4.74344973868719,0.342902873518911,1
70,24,-1,1,1.38520019012261,2.3732926662591,0.421370791355497,1
70,25,1,1,1.53088296583637,4.74344973868719,0.487081980367022,1
70,26,1,1,1.53088296583637,4.74344973868719,0.522867786461084,1
70,27,-1,1,1.38520019012261,2.3732926662591,0.435788990602517,1
70,28,-1,1,1.38520019012261,2.3732926662591,0.33530914030973,-1
70,29,1,-1,1.45913627880006,0.965890030121783,1.45357064339006,1
70,30,-1,1,1.38520019012261,2.3732926662591,1.059525207939,1
70,31,1,1,1.53088296583637,4.74344973868719,0.57805685492907,1
70,32,1,1,1.53088296583637,4.74344973868719,0.346166242383395,1
70,33,-1,1,1.38520019012261,2.3732926662591,0.581809737118928,1
70,34,-1,1,1.38520019012261,2.3732926662591,0.395686770064079,1
70,35,-1,1,1.38520019012261,2.3732926662591,0.37895077220577,1
70,36,1,1,1.53088296583637,4.74344973868719,0.361927983437895,1
70,37,-1,1,1.38520019012261,2.3732926662591,0.260641704432707,1
70,38,1,1,1.53088296583637,4.74344973868719,0.386276323882002,1
70,39,-1,1,1.38520019012261,2.3732926662591,0.424380236083145,1
70,40,1,1,1.53088296583637,4.74344973868719,0.313180704092783,1
70,41,1,1,1.53088296583637,4.74344973868719,0.314614326651298,1
70,42,1,1,1.53088296583637,4.74344973868719,0.451602471610272,1
70,43,1,1,1.53088296583637,4.74344973868719,0.406616961333873,1
70,44,1,1,1.53088296583637,4.74344973868719,0.302318108152941,1
70,45,1,1,1.53088296583637,4.74344973868719,0.401961861632528,1
70,46,1,1,1.53088296583637,4.74344973868719,0.333039464023918,1
70,47,-1,1,1.38520019012261,2.3732926662591,0.326129487379837,1
70,48,-1,1,1.38520019012261,2.3732926662591,0.409930538208042,1
70,49,1,1,1.53088296583637,4.74344973868719,0.395504801467888,1
70,50,1,1,1.53088296583637,4.74344973868719,0.638541149235875,1
70,51,-1,1,1.38520019012261,2.3732926662591,0.357350246054527,-1
70,52,-1,-1,1.32028110307204,0.717367564931929,0.276336368709731,1
70,53,1,1,1.53088296583637,4.74344973868719,0.275249584701181,1
70,54,-1,1,1.38520019012261,2.3732926662591,0.475463834065251,1
70,55,-1,1,1.38520019012261,2.3732926662591,0.4195412664881,1
70,56,-1,1,1.38520019012261,2.3732926662591,0.609908313664482,1
70,57,-1,1,1.38520019012261,2.3732926662591,0.438675716688578,1
70,58,1,1,1.53088296583637,4.74344973868719,0.441956475725362,1
70,59,1,1,1.53088296583637,4.74344973868719,0.487204780153852,1
70,60,-1,1,1.38520019012261,2.3732926662591,0.551766718955798,1
70,61,1,1,1.53088296583637,4.74344973868719,0.320720792044544,1
70,62,1,1,1.53088296583637,4.74344973868719,0.292852303008497,1
70,63,-1,1,1.38520019012261,2.3732926662591,0.495506798387031,1
70,64,-1,1,1.38520019012261,2.3732926662591,0.392722267264669,1
70,65,1,1,1.53088296583637,4.74344973868719,0.5,1
70,66,1,1,1.53088296583637,4.74344973868719,0.345807763846335,1
70,67,1,1,1.53088296583637,4.74344973868719,0.376566182645522,1
70,68,-1,1,1.38520019012261,2.3732926662591,0.378440860952232,1
70,69,-1,1,1.38520019012261,2.3732926662591,0.53136238877223,-1
70,70,1,-1,1.45913627880006,0.965890030121783,0.950973781567224,1
70,71,-1,1,1.38520019012261,2.3732926662591,0.407768173677241,1
70,72,1,1,1.53088296583637,4.74344973868719,0.38098016663313,1
70,73,-1,1,1.38520019012261,2.3732926662591,0.407585609116263,1
70,74,1,1,1.53088296583637,4.74344973868719,0.39257568652734,1
70,75,-1,1,1.38520019012261,2.3732926662591,0.386660829241804,1
70,76,1,1,1.53088296583637,4.74344973868719,0.353121965819862,1
70,77,1,1,1.53088296583637,4.74344973868719,0.393938184714558,1
70,78,-1,1,1.38520019012261,2.3732926662591,0.398010493415974,1
70,79,-1,1,1.38520019012261,2.3732926662591,0.430907238123979,1
70,80,-1,1,1.38520019012261,2.3732926662591,0.431464528258047,1
70,81,-1,1,1.38520019012261,2.3732926662591,0.589501066393422,1
70,82,-1,1,1.38520019012261,2.3732926662591,0.358586124379114,1
70,83,1,1,1.53088296583637,4.74344973868719,0.35725550712849,1
70,84,1,1,1.53088296583637,4.74344973868719,0.40367046042868,1
70,85,1,1,1.53088296583637,4.74344973868719,0.282899044980682,1
70,86,1,1,1.53088296583637,4.74344973868719,0.319179793397432,1
70,87,1,1,1.53088296583637,4.74344973868719,0.297036174290985,1
70,88,1,1,1.53088296583637,4.74344973868719,0.699125718452383,1
70,89,-1,1,1.38520019012261,2.3732926662591,0.453140486116237,1
70,90,-1,1,1.38520019012261,2.3732926662591,0.369872162007619,1
70,91,1,1,1.53088296583637,4.74344973868719,0.375702411171139,1
70,92,-1,1,1.38520019012261,2.3732926662591,0.423373844171057,1
70,93,-1,1,1.38520019012261,2.3732926662591,0.76397331079923,1
70,94,1,1,1.53088296583637,4.74344973868719,0.515553197203354,1
70,95,-1,1,1.38520019012261,2.3732926662591,0.326733499993382,1
70,96,-1,1,1.38520019012261,2.3732926662591,0.396912770481167,1
70,97,-1,1,1.38520019012261,2.3732926662591,0.577125792809141,1
70,98,-1,1,1.38520019012261,2.3732926662591,0.466865893309068,1
70,99,1,1,1.53088296583637,4.74344973868719,0.42895321386829,1
70,100,-1,1,1.38520019012261,2.3732926662591,0.379196178447858,1
70,101,-1,1,1.38520019012261,2.3732926662591,0.374927990805889,1
71,2,1,1,1.93813106033092,2.98015349319005,0.352575340712634,1
71,3,1,1,1.93813106033092,2.98015349319005,1.08014622337139,1
71,4,-1,1,1.75369350444512,2.73704699216911,0.610542626727531,1
71,5,-1,1,1.75369350444512,2.73704699216911,0.507351523175879,1
71,6,1,1,1.93813106033092,2.98015349319005,0.474962577948984,1
71,7,1,1,1.93813106033092,2.98015349319005,0.62835061641636,1
71,8,-1,1,1.75369350444512,2.73704699216911,0.351646085472375,-1
71,9,1,-1,1.84729819738575,1.24616197016314,0.422483002056112,1
71,10,1,1,1.93813106033092,2.98015349319005,0.456316419047716,1
71,11,1,1,1.93813106033092,2.98015349319005,0.392976625621602,1
71,12,1,1,1.93813106033092,2.98015349319005,0.396130101110295,1
71,13,1,1,1.93813106033092,2.98015349319005,0.464932245989417,1
71,14,1,1,1.93813106033092,2.98015349319005,0.359345309412126,1
71,15,1,1,1.93813106033092,2.98015349319005,0.572456562497674,1
71,16,-1,1,1.75369350444512,2.73704699216911,0.349300922946074,1
71,17,1,1,1.93813106033092,2.98015349319005,0.342801651200654,1
71,18,-1,1,1.75369350444512,2.73704699216911,0.743419429525456,1
71,19,1,1,1.93813106033092,2.98015349319005,0.52746245255588,1
71,20,-1,1,1.75369350444512,2.73704699216911,0.469955351369593,1
71,21,1,1,1.93813106033092,2.98015349319005,0.497848111474491,1
71,22,1,1,1.93813106033092,2.98015349319005,0.71371959365065,1
71,23,-1,1,1.75369350444512,2.73704699216911,0.301988305303261,1
71,24,-1,1,1.75369350444512,2.73704699216911,0.415472547600605,1
71,25,-1,1,1.75369350444512,2.73704699216911,0.778494571186991,1
71,26,1,1,1.93813106033092,2.98015349319005,1.0469242364663,1
71,27,1,1,1.93813106033092,2.98015349319005,0.285495157910214,1
71,28,1,1,1.93813106033092,2.98015349319005,0.442131063423549,1
71,29,1,1,1.93813106033092,2.98015349319005,0.758225480675941,1
71,30,-1,1,1.75369350444512,2.73704699216911,0.389703416163435,1
71,31,-1,1,1.75369350444512,2.73704699216911,0.648465900799039,1
71,32,1,1,1.93813106033092,2.98015349319005,0.399603304084046,1
71,33,-1,1,1.75369350444512,2.73704699216911,0.541939240760941,1
71,34,1,1,1.93813106033092,2.98015349319005,0.517635485200648,1
71,35,-1,1,1.75369350444512,2.73704699216911,0.398703569115723,1
71,36,-1,1,1.75369350444512,2.73704699216911,0.417904628005438,1
71,37,1,1,1.93813106033092,2.98015349319005,0.414756826233018,1
71,38,-1,1,1.75369350444512,2.73704699216911,0.309452275859518,1
71,39,-1,1,1.75369350444512,2.73704699216911,0.672527308544374,1
71,40,-1,1,1.75369350444512,2.73704699216911,0.446766101060281,1
71,41,-1,1,1.75369350444512,2.73704699216911,0.605774338696957,1
71,42,1,1,1.93813106033092,2.98015349319005,0.437117162734899,1
71,43,-1,1,1.75369350444512,2.73704699216911,0.620704537686589,1
71,44,-1,1,1.75369350444512,2.73704699216911,0.283961833868874,1
71,45,-1,1,1.75369350444512,2.73704699216911,0.383967843431514,1
71,46,-1,1,1.75369350444512,2.73704699216911,0.374145949912475,1
71,47,1,1,1.93813106033092,2.98015349319005,0.270154792367898,1
71,48,-1,1,1.75369350444512,2.73704699216911,0.368862611131678,1
71,49,-1,1,1.75369350444512,2.73704699216911,0.789188689908842,1
71,50,-1,1,1.75369350444512,2.73704699216911,0.909990809382475,1
71,51,1,1,1.93813106033092,2.98015349319005,0.448233723400788,1
71,52,1,1,1.93813106033092,2.98015349319005,0.95052476027313,1
71,53,1,1,1.93813106033092,2.98015349319005,0.536449703038078,1
71,54,1,1,1.93813106033092,2.98015349319005,0.487085990102053,1
71,55,-1,1,1.75369350444512,2.73704699216911,0.440733276933266,1
71,56,-1,1,1.75369350444512,2.73704699216911,0.779243770472802,-1
71,57,-1,-1,1.671504531265,1.83663754447771,0.357114106477899,1
71,58,-1,1,1.75369350444512,2.73704699216911,0.470346022915305,1
71,59,1,1,1.93813106033092,2.98015349319005,0.353426015310821,1
71,60,-1,1,1.75369350444512,2.73704699216911,0.5530077035789,1
71,61,-1,1,1.75369350444512,2.73704699216911,0.474114159723897,1
71,62,1,1,1.93813106033092,2.98015349319005,0.579165823684006,1
71,63,1,1,1.93813106033092,2.98015349319005,0.460726597811003,1
71,64,1,1,1.93813106033092,2.98015349319005,0.701949089522944,1
71,65,-1,1,1.75369350444512,2.73704699216911,0.571623934323492,1
71,66,1,1,1.93813106033092,2.98015349319005,0.312083873404411,1
71,67,-1,1,1.75369350444512,2.73704699216911,0.502924750571175,1
71,68,-1,1,1.75369350444512,2.73704699216911,0.502519866647346,1
71,69,1,1,1.93813106033092,2.98015349319005,0.380033058471701,1
71,70,-1,1,1.75369350444512,2.73704699216911,0.971981843680579,1
71,71,1,1,1.93813106033092,2.98015349319005,0.510748182025323,1
71,72,-1,1,1.75369350444512,2.73704699216911,0.355928961665982,1
71,73,1,1,1.93813106033092,2.98015349319005,0.558883067265075,1
71,74,1,1,1.93813106033092,2.98015349319005,0.426649420563562,1
71,75,-1,1,1.75369350444512,2.73704699216911,0.603978793187111,1
71,76,-1,1,1.75369350444512,2.73704699216911,0.939957597372526,1
71,77,-1,1,1.75369350444512,2.73704699216911,0.338508051109901,1
71,78,1,1,1.93813106033092,2.98015349319005,0.335909288855937,1
71,79,-1,1,1.75369350444512,2.73704699216911,0.488073114641133,1
71,80,1,1,1.93813106033092,2.98015349319005,0.362223171526875,1
71,81,1,1,1.93813106033092,2.98015349319005,0.610316805098304,1
71,82,-1,1,1.75369350444512,2.73704699216911,0.381399883680965,1
71,83,-1,1,1.75369350444512,2.73704699216911,0.415359848377174,1
71,84,1,1,1.93813106033092,2.98015349319005,0.734485017667367,1
71,85,1,1,1.93813106033092,2.98015349319005,0.425391264582698,1
71,86,1,1,1.93813106033092,2.98015349319005,0.460555675497476,1
71,87,1,1,1.93813106033092,2.98015349319005,0.351017909790855,1
71,88,1,1,1.93813106033092,2.98015349319005,1.36205189074658,1
71,89,1,1,1.93813106033092,2.98015349319005,0.427307924852332,1
71,90,1,1,1.93813106033092,2.98015349319005,0.444825877397006,1
71,91,1,1,1.93813106033092,2.98015349319005,0.434663083391382,1
71,92,-1,1,1.75369350444512,2.73704699216911,0.348780263819791,1
71,93,-1,1,1.75369350444512,2.73704699216911,0.488600509310722,1
71,94,-1,1,1.75369350444512,2.73704699216911,0.474317772137722,1
71,95,1,1,1.93813106033092,2.98015349319005,0.641740935640006,1
71,96,-1,1,1.75369350444512,2.73704699216911,0.542116937918069,1
71,97,-1,1,1.75369350444512,2.73704699216911,0.358839609315224,1
71,98,1,1,1.93813106033092,2.98015349319005,1.18484092041598,1
71,99,-1,1,1.75369350444512,2.73704699216911,0.435546091107219,1
71,100,-1,1,1.75369350444512,2.73704699216911,0.762179965390572,1
71,101,-1,1,1.75369350444512,2.73704699216911,0.419229276124778,1
72,2,1,1,1.79557614214826,4.2337586007835,0.406646009430246,1
72,3,-1,1,1.6247044803484,1.27488586550972,1.41148585620208,-1
72,4,-1,-1,1.54856073423626,1.07597459064828,0.587789746076892,1
72,5,-1,1,1.6247044803484,1.27488586550972,0.582193934775345,1
72,6,-1,1,1.6247044803484,1.27488586550972,0.976346073790002,1
72,7,1,1,1.79557614214826,4.2337586007835,0.966757614069515,1
72,8,1,1,1.79557614214826,4.2337586007835,0.51156429947285,1
72,9,1,1,1.79557614214826,4.2337586007835,0.46689175587416,1
72,10,1,1,1.79557614214826,4.2337586007835,0.548166143727888,1
72,11,1,1,1.79557614214826,4.2337586007835,0.379575548464773,1
72,12,-1,1,1.6247044803484,1.27488586550972,0.560411310272263,1
72,13,1,1,1.79557614214826,4.2337586007835,0.341061150817442,1
72,14,-1,1,1.6247044803484,1.27488586550972,0.481026291052534,1
72,15,-1,1,1.6247044803484,1.27488586550972,0.760314427791754,1
72,16,1,1,1.79557614214826,4.2337586007835,0.405576821093597,1
72,17,1,1,1.79557614214826,4.2337586007835,0.823993144131185,1
72,18,-1,1,1.6247044803484,1.27488586550972,0.585404629386969,1
72,19,1,1,1.79557614214826,4.2337586007835,0.431524596067978,1
72,20,-1,1,1.6247044803484,1.27488586550972,0.788444261251003,1
72,21,-1,1,1.6247044803484,1.27488586550972,0.712098214555812,1
72,22,-1,1,1.6247044803484,1.27488586550972,0.4052298006971,1
72,23,-1,1,1.6247044803484,1.27488586550972,0.952638899728576,1
72,24,1,1,1.79557614214826,4.2337586007835,0.520785227089521,1
72,25,1,1,1.79557614214826,4.2337586007835,0.388554467191074,1
72,26,1,1,1.79557614214826,4.2337586007835,0.887530024863372,1
72,27,1,1,1.79557614214826,4.2337586007835,0.381796592210018,1
72,28,1,1,1.79557614214826,4.2337586007835,0.430128762482278,1
72,29,1,1,1.79557614214826,4.2337586007835,0.436062131595279,1
72,30,-1,1,1.6247044803484,1.27488586550972,0.483411694484539,1
72,31,-1,1,1.6247044803484,1.27488586550972,0.638540989411625,1
72,32,1,1,1.79557614214826,4.2337586007835,0.468916474196145,1
72,33,-1,1,1.6247044803484,1.27488586550972,1.6807660978326,-1
72,34,-1,-1,1.54856073423626,1.07597459064828,0.374942900911666,1
72,35,-1,1,1.6247044803484,1.27488586550972,1.08515761943963,-1
72,36,1,-1,1.71142428835179,2.2153809430585,0.332819834032299,1
72,37,1,1,1.79557614214826,4.2337586007835,0.874040910358559,1
72,38,-1,1,1.6247044803484,1.27488586550972,1.07277998625816,-1
72,39,1,-1,1.71142428835179,2.2153809430585,0.440850237781408,1
72,40,1,1,1.79557614214826,4.2337586007835,0.702897747735321,1
72,41,1,1,1.79557614214826,4.2337586007835,0.364973270991364,1
72,42,1,1,1.79557614214826,4.2337586007835,0.475520218848197,1
72,43,-1,1,1.6247044803484,1.27488586550972,0.630963397378943,1
72,44,1,1,1.79557614214826,4.2337586007835,0.34729791324902,1
72,45,1,1,1.79557614214826,4.2337586007835,0.3275866455378,1
72,46,1,1,1.79557614214826,4.2337586007835,0.418627504338625,1
72,47,-1,1,1.6247044803484,1.27488586550972,0.561203083669543,1
72,48,1,1,1.79557614214826,4.2337586007835,0.454694944456234,1
72,49,1,1,1.79557614214826,4.2337586007835,0.38581743187626,1
72,50,1,1,1.79557614214826,4.2337586007835,0.705193004205056,1
72,51,-1,1,1.6247044803484,1.27488586550972,0.503227935909661,1
72,52,-1,1,1.6247044803484,1.27488586550972,0.719015667152783,1
72,53,-1,1,1.6247044803484,1.27488586550972,0.443675411223758,1
72,54,-1,1,1.6247044803484,1.27488586550972,0.741309058088831,1
72,55,-1,1,1.6247044803484,1.27488586550972,1.58339988117287,1
72,56,1,1,1.79557614214826,4.2337586007835,0.466825677836199,1
72,57,-1,1,1.6247044803484,1.27488586550972,1.19330639084892,-1
72,58,1,-1,1.71142428835179,2.2153809430585,0.362879193286647,1
72,59,1,1,1.79557614214826,4.2337586007835,0.35816229636493,1
72,60,1,1,1.79557614214826,4.2337586007835,0.495944898409272,1
72,61,1,1,1.79557614214826,4.2337586007835,0.380827908032804,1
72,62,1,1,1.79557614214826,4.2337586007835,0.482464310920654,1
72,63,-1,1,1.6247044803484,1.27488586550972,0.587088327150529,1
72,64,1,1,1.79557614214826,4.2337586007835,0.482182943272257,1
72,65,-1,1,1.6247044803484,1.27488586550972,1.52545893919461,1
72,66,-1,1,1.6247044803484,1.27488586550972,0.465186163911768,1
72,67,-1,1,1.6247044803484,1.27488586550972,0.552423936749929,1
72,68,-1,1,1.6247044803484,1.27488586550972,0.519442751145086,1
72,69,-1,1,1.6247044803484,1.27488586550972,0.396799123323488,1
72,70,1,1,1.79557614214826,4.2337586007835,0.299636011949824,1
72,71,-1,1,1.6247044803484,1.27488586550972,0.568143563333287,1
72,72,-1,1,1.6247044803484,1.27488586550972,0.336273868602294,1
72,73,-1,1,1.6247044803484,1.27488586550972,0.772043016884465,-1
72,74,1,-1,1.71142428835179,2.2153809430585,0.573926205246224,1
72,75,-1,1,1.6247044803484,1.27488586550972,0.445270273474225,1
72,76,1,1,1.79557614214826,4.2337586007835,0.568152593207825,1
72,77,-1,1,1.6247044803484,1.27488586550972,0.559024350042502,1
72,78,1,1,1.79557614214826,4.2337586007835,0.557186905945963,1
72,79,-1,1,1.6247044803484,1.27488586550972,0.605889023889681,1
72,80,-1,1,1.6247044803484,1.27488586550972,0.377950336732391,1
72,81,-1,1,1.6247044803484,1.27488586550972,0.455245951736484,1
72,82,1,1,1.79557614214826,4.2337586007835,0.424796606615765,1
72,83,1,1,1.79557614214826,4.2337586007835,0.409371307668544,1
72,84,1,1,1.79557614214826,4.2337586007835,0.595342123464991,1
72,85,-1,1,1.6247044803484,1.27488586550972,0.549146460104062,1
72,86,1,1,1.79557614214826,4.2337586007835,0.386652269757009,1
72,87,-1,1,1.6247044803484,1.27488586550972,0.344201333471044,1
72,88,1,1,1.79557614214826,4.2337586007835,0.452463778054161,1
72,89,-1,1,1.6247044803484,1.27488586550972,0.569993299413719,1
72,90,-1,1,1.6247044803484,1.27488586550972,0.378724278715431,1
72,91,-1,1,1.6247044803484,1.27488586550972,0.429396259360505,1
72,92,1,1,1.79557614214826,4.2337586007835,0.343143029560116,1
72,93,-1,1,1.6247044803484,1.27488586550972,0.68240368015899,1
72,94,-1,1,1.6247044803484,1.27488586550972,0.708290592304255,1
72,95,1,1,1.79557614214826,4.2337586007835,0.402652116575069,1
72,96,1,1,1.79557614214826,4.2337586007835,0.669072783225708,1
72,97,-1,1,1.6247044803484,1.27488586550972,0.576479837994673,1
72,98,-1,1,1.6247044803484,1.27488586550972,0.4478452525205,1
72,99,1,1,1.79557614214826,4.2337586007835,0.448541723230299,1
72,100,-1,1,1.6247044803484,1.27488586550972,0.448819538177347,1
72,101,1,1,1.79557614214826,4.2337586007835,0.40365948059116,1
73,2,-1,1,1.67116795139289,0.417651503759066,0.71795986637339,-1
73,3,1,-1,1.76036778166303,2.0400990841322,0.565436486812845,1
73,4,-1,1,1.67116795139289,0.417651503759066,0.521570501076065,1
73,5,-1,1,1.67116795139289,0.417651503759066,1.51017084740533,1
73,6,1,1,1.84692621909948,5.80926223944238,0.339552953908391,1
73,7,1,1,1.84692621909948,5.80926223944238,0.485376804011456,1
73,8,-1,1,1.67116795139289,0.417651503759066,0.412510860582267,1
73,9,-1,1,1.67116795139289,0.417651503759066,0.444145570516319,1
73,10,-1,1,1.67116795139289,0.417651503759066,0.912795045062399,1
73,11,-1,1,1.67116795139289,0.417651503759066,0.632809622911279,-1
73,12,1,-1,1.76036778166303,2.0400990841322,2.31755176154883,1
73,13,1,1,1.84692621909948,5.80926223944238,0.307057164200657,1
73,14,-1,1,1.67116795139289,0.417651503759066,0.501239576538239,1
73,15,-1,1,1.67116795139289,0.417651503759066,0.927340406586792,1
73,16,1,1,1.84692621909948,5.80926223944238,0.347449308210919,1
73,17,-1,1,1.67116795139289,0.417651503759066,0.600419873042143,1
73,18,1,1,1.84692621909948,5.80926223944238,0.377790498669793,1
73,19,1,1,1.84692621909948,5.80926223944238,0.399892379584342,1
73,20,1,1,1.84692621909948,5.80926223944238,0.401624384086158,1
73,21,1,1,1.84692621909948,5.80926223944238,0.353632116562721,1
73,22,-1,1,1.67116795139289,0.417651503759066,0.420004217996117,-1
73,23,1,-1,1.76036778166303,2.0400990841322,0.698882387342545,1
73,24,1,1,1.84692621909948,5.80926223944238,0.402390586358133,1
73,25,-1,1,1.67116795139289,0.417651503759066,0.791376221824611,1
73,26,-1,1,1.67116795139289,0.417651503759066,0.987256440577091,1
73,27,1,1,1.84692621909948,5.80926223944238,0.317350256826395,1
73,28,-1,1,1.67116795139289,0.417651503759066,0.464778997538283,-1
73,29,-1,-1,1.59284663835366,0.532987172666353,0.915054065871193,1
73,30,1,1,1.84692621909948,5.80926223944238,0.366475743176862,1
73,31,1,1,1.84692621909948,5.80926223944238,0.351627125127727,1
73,32,1,1,1.84692621909948,5.80926223944238,0.6,1
73,33,1,1,1.84692621909948,5.80926223944238,0.46747218871666,1
73,34,1,1,1.84692621909948,5.80926223944238,0.285002106486885,1
73,35,-1,1,1.67116795139289,0.417651503759066,1.15389178265533,1
73,36,-1,1,1.67116795139289,0.417651503759066,0.322627230400362,1
73,37,1,1,1.84692621909948,5.80926223944238,0.336232772141299,1
73,38,-1,1,1.67116795139289,0.417651503759066,0.703280769091965,-1
73,39,-1,-1,1.59284663835366,0.532987172666353,0.456743486240364,1
73,40,-1,1,1.67116795139289,0.417651503759066,0.684311852613055,-1
73,41,-1,-1,1.59284663835366,0.532987172666353,0.36415072579371,1
73,42,-1,1,1.67116795139289,0.417651503759066,1.67515124437571,-1
73,43,1,-1,1.76036778166303,2.0400990841322,0.644153828819513,1
73,44,1,1,1.84692621909948,5.80926223944238,0.31546048659409,1
73,45,1,1,1.84692621909948,5.80926223944238,0.370566348447573,1
73,46,1,1,1.84692621909948,5.80926223944238,0.383968398052391,1
73,47,1,1,1.84692621909948,5.80926223944238,0.421497164916444,1
73,48,1,1,1.84692621909948,5.80926223944238,0.410459757010287,1
73,49,-1,1,1.67116795139289,0.417651503759066,0.310576687187014,-1
73,50,1,-1,1.76036778166303,2.0400990841322,0.391055273539038,1
73,51,1,1,1.84692621909948,5.80926223944238,0.376998364888148,1
73,52,1,1,1.84692621909948,5.80926223944238,0.379976335923745,1
73,53,1,1,1.84692621909948,5.80926223944238,0.386350122217081,1
73,54,-1,1,1.67116795139289,0.417651503759066,0.518216363490366,1
73,55,-1,1,1.67116795139289,0.417651503759066,0.797126675743149,1
73,56,-1,1,1.67116795139289,0.417651503759066,1.2068518774833,1
73,57,-1,1,1.67116795139289,0.417651503759066,0.594488329146019,-1
73,58,-1,-1,1.59284663835366,0.532987172666353,0.374473778720023,1
73,59,1,1,1.84692621909948,5.80926223944238,0.396893395419774,1
73,60,-1,1,1.67116795139289,0.417651503759066,0.332592898221302,1
73,61,1,1,1.84692621909948,5.80926223944238,0.303672909217023,1
73,62,-1,1,1.67116795139289,0.417651503759066,1.75371201751568,-1
73,63,1,-1,1.76036778166303,2.0400990841322,0.346375401802267,1
73,64,-1,1,1.67116795139289,0.417651503759066,0.30383546951235,1
73,65,1,1,1.84692621909948,5.80926223944238,0.364905883072839,1
73,66,1,1,1.84692621909948,5.80926223944238,0.396360131028738,1
73,67,-1,1,1.67116795139289,0.417651503759066,0.612120891554617,1
73,68,1,1,1.84692621909948,5.80926223944238,0.314013080962732,1
73,69,-1,1,1.67116795139289,0.417651503759066,0.975565280051812,-1
73,70,1,-1,1.76036778166303,2.0400990841322,0.421517699686569,1
73,71,-1,1,1.67116795139289,0.417651503759066,0.379021117142767,1
73,72,-1,1,1.67116795139289,0.417651503759066,0.690706312207963,-1
73,73,1,-1,1.76036778166303,2.0400990841322,0.397731616181138,1
73,74,-1,1,1.67116795139289,0.417651503759066,0.783858285122825,1
73,75,1,1,1.84692621909948,5.80926223944238,0.685768137013651,1
73,76,1,1,1.84692621909948,5.80926223944238,0.401268740598311,1
73,77,-1,1,1.67116795139289,0.417651503759066,1.4931225332777,1
73,78,-1,1,1.67116795139289,0.417651503759066,0.461894583800413,1
73,79,1,1,1.84692621909948,5.80926223944238,0.406938374003781,1
73,80,-1,1,1.67116795139289,0.417651503759066,0.789331368300428,-1
73,81,1,-1,1.76036778166303,2.0400990841322,0.467772566440642,1
73,82,1,1,1.84692621909948,5.80926223944238,0.51790593962785,1
73,83,-1,1,1.67116795139289,0.417651503759066,0.552142971201372,1
73,84,-1,1,1.67116795139289,0.417651503759066,0.752643734467676,-1
73,85,-1,-1,1.59284663835366,0.532987172666353,0.923862225186974,1
73,86,-1,1,1.67116795139289,0.417651503759066,0.685020801503521,1
73,87,1,1,1.84692621909948,5.80926223944238,0.435634173439936,1
73,88,-1,1,1.67116795139289,0.417651503759066,0.688742712672718,1
73,89,1,1,1.84692621909948,5.80926223944238,0.421146318615651,1
73,90,1,1,1.84692621909948,5.80926223944238,0.381516495259994,1
73,91,-1,1,1.67116795139289,0.417651503759066,0.86403225407526,1
73,92,-1,1,1.67116795139289,0.417651503759066,0.683038531532962,1
73,93,-1,1,1.67116795139289,0.417651503759066,1.33156658855284,1
73,94,-1,1,1.67116795139289,0.417651503759066,0.594968208233411,1
73,95,1,1,1.84692621909948,5.80926223944238,0.321361065728796,1
73,96,1,1,1.84692621909948,5.80926223944238,0.540104089077607,1
73,97,1,1,1.84692621909948,5.80926223944238,0.3200626889963,1
73,98,1,1,1.84692621909948,5.80926223944238,0.337894454845946,1
73,99,-1,1,1.67116795139289,0.417651503759066,1.50810567482405,-1
73,100,1,-1,1.76036778166303,2.0400990841322,0.479474690375898,1
73,101,-1,1,1.67116795139289,0.417651503759066,0.964859869944253,1
74,2,1,1,2.0033278463137,3.69550334281873,0.406859490154748,1
74,3,1,1,2.0033278463137,3.69550334281873,0.49751663338632,1
74,4,-1,1,1.81268599593803,2.70850486976682,0.577719963288795,1
74,5,1,1,2.0033278463137,3.69550334281873,0.643936207130471,1
74,6,-1,1,1.81268599593803,2.70850486976682,0.859437748233677,1
74,7,-1,1,1.81268599593803,2.70850486976682,0.663872581704395,1
74,8,-1,1,1.81268599593803,2.70850486976682,0.45830047949056,1
74,9,1,1,2.0033278463137,3.69550334281873,0.747877862459534,1
74,10,1,1,2.0033278463137,3.69550334281873,0.356529476047084,1
74,11,-1,1,1.81268599593803,2.70850486976682,0.704658098451489,1
74,12,-1,1,1.81268599593803,2.70850486976682,0.903332174156875,1
74,13,-1,1,1.81268599593803,2.70850486976682,0.880759531979968,1
74,14,-1,1,1.81268599593803,2.70850486976682,0.545963290288723,1
74,15,1,1,2.0033278463137,3.69550334281873,0.494715246024377,1
74,16,1,1,2.0033278463137,3.69550334281873,0.482307061614847,1
74,17,1,1,2.0033278463137,3.69550334281873,0.480793261991026,1
74,18,-1,1,1.81268599593803,2.70850486976682,0.416818058584839,1
74,19,1,1,2.0033278463137,3.69550334281873,0.66213385193727,1
74,20,1,1,2.0033278463137,3.69550334281873,0.41715882742765,1
74,21,1,1,2.0033278463137,3.69550334281873,0.522642897215881,1
74,22,-1,1,1.81268599593803,2.70850486976682,0.60518792113722,1
74,23,-1,1,1.81268599593803,2.70850486976682,0.365090425435067,1
74,24,1,1,2.0033278463137,3.69550334281873,0.376293443554821,1
74,25,1,1,2.0033278463137,3.69550334281873,0.378171685481981,1
74,26,1,1,2.0033278463137,3.69550334281873,0.48913905365718,1
74,27,-1,1,1.81268599593803,2.70850486976682,0.339234069314068,1
74,28,-1,1,1.81268599593803,2.70850486976682,0.457254169098756,1
74,29,-1,1,1.81268599593803,2.70850486976682,0.4827547306186,1
74,30,-1,1,1.81268599593803,2.70850486976682,1.22852007525239,1
74,31,-1,1,1.81268599593803,2.70850486976682,0.380832298087594,1
74,32,-1,1,1.81268599593803,2.70850486976682,1.07528854288098,1
74,33,-1,1,1.81268599593803,2.70850486976682,0.784686813307034,1
74,34,-1,1,1.81268599593803,2.70850486976682,0.471307301435088,1
74,35,-1,1,1.81268599593803,2.70850486976682,0.512020605005688,1
74,36,-1,1,1.81268599593803,2.70850486976682,0.487330629537523,1
74,37,-1,1,1.81268599593803,2.70850486976682,0.545094185788279,1
74,38,1,1,2.0033278463137,3.69550334281873,0.57476116874471,1
74,39,-1,1,1.81268599593803,2.70850486976682,1.12788198991947,1
74,40,1,1,2.0033278463137,3.69550334281873,0.536813709120219,1
74,41,1,1,2.0033278463137,3.69550334281873,0.511404422069657,1
74,42,-1,1,1.81268599593803,2.70850486976682,0.639551276315916,1
74,43,1,1,2.0033278463137,3.69550334281873,0.769841293449289,1
74,44,1,1,2.0033278463137,3.69550334281873,0.374949038403876,1
74,45,1,1,2.0033278463137,3.69550334281873,0.448492868039426,1
74,46,1,1,2.0033278463137,3.69550334281873,0.765343526790131,1
74,47,1,1,2.0033278463137,3.69550334281873,0.662274226223558,1
74,48,1,1,2.0033278463137,3.69550334281873,0.355001247651829,1
74,49,1,1,2.0033278463137,3.69550334281873,0.420508810433476,1
74,50,-1,1,1.81268599593803,2.70850486976682,0.47779946968099,1
74,51,1,1,2.0033278463137,3.69550334281873,0.653786412804238,1
74,52,1,1,2.0033278463137,3.69550334281873,0.432522964456707,1
74,53,-1,1,1.81268599593803,2.70850486976682,0.732992351518333,1
74,54,-1,1,1.81268599593803,2.70850486976682,0.673830045796786,1
74,55,1,1,2.0033278463137,3.69550334281873,0.393172394882775,1
74,56,-1,1,1.81268599593803,2.70850486976682,0.740517410145385,1
74,57,-1,1,1.81268599593803,2.70850486976682,0.318645537450057,1
74,58,-1,1,1.81268599593803,2.70850486976682,0.526154511721877,1
74,59,-1,1,1.81268599593803,2.70850486976682,0.466564778527702,1
74,60,-1,1,1.81268599593803,2.70850486976682,0.424745770715661,1
74,61,1,1,2.0033278463137,3.69550334281873,0.364631916853204,1
74,62,-1,1,1.81268599593803,2.70850486976682,1.63446218778228,1
74,63,1,1,2.0033278463137,3.69550334281873,0.552993629416621,1
74,64,1,1,2.0033278463137,3.69550334281873,0.418102264198037,1
74,65,-1,1,1.81268599593803,2.70850486976682,0.581786659204719,1
74,66,-1,1,1.81268599593803,2.70850486976682,0.904592724151429,1
74,67,-1,1,1.81268599593803,2.70850486976682,0.635587527024841,1
74,68,1,1,2.0033278463137,3.69550334281873,0.627041647876223,1
74,69,-1,1,1.81268599593803,2.70850486976682,0.812119498425663,1
74,70,-1,1,1.81268599593803,2.70850486976682,0.336116002253579,1
74,71,-1,1,1.81268599593803,2.70850486976682,0.456528946300793,1
74,72,1,1,2.0033278463137,3.69550334281873,0.378319751616171,1
74,73,1,1,2.0033278463137,3.69550334281873,0.47879215998356,1
74,74,1,1,2.0033278463137,3.69550334281873,0.397885408293862,1
74,75,1,1,2.0033278463137,3.69550334281873,0.597606643434685,1
74,76,-1,1,1.81268599593803,2.70850486976682,0.712409408139911,1
74,77,-1,1,1.81268599593803,2.70850486976682,0.50294827678704,1
74,78,-1,1,1.81268599593803,2.70850486976682,0.407383631893248,1
74,79,1,1,2.0033278463137,3.69550334281873,0.526940434886021,1
74,80,1,1,2.0033278463137,3.69550334281873,0.354015026407835,1
74,81,1,1,2.0033278463137,3.69550334281873,0.52901312912011,1
74,82,1,1,2.0033278463137,3.69550334281873,0.511911784324232,1
74,83,1,1,2.0033278463137,3.69550334281873,0.607907150727549,1
74,84,1,1,2.0033278463137,3.69550334281873,0.323436509333079,1
74,85,1,1,2.0033278463137,3.69550334281873,0.35007914571908,1
74,86,1,1,2.0033278463137,3.69550334281873,0.817509043320669,1
74,87,1,1,2.0033278463137,3.69550334281873,0.705377749582074,1
74,88,-1,1,1.81268599593803,2.70850486976682,0.628435235500736,1
74,89,1,1,2.0033278463137,3.69550334281873,0.495138376078775,1
74,90,1,1,2.0033278463137,3.69550334281873,0.314875280088168,1
74,91,-1,1,1.81268599593803,2.70850486976682,0.792424401268322,1
74,92,-1,1,1.81268599593803,2.70850486976682,0.540314092610665,1
74,93,-1,1,1.81268599593803,2.70850486976682,1.16498392742752,1
74,94,-1,1,1.81268599593803,2.70850486976682,0.491863832318591,1
74,95,1,1,2.0033278463137,3.69550334281873,0.528688246551298,1
74,96,1,1,2.0033278463137,3.69550334281873,0.478585810460373,1
74,97,1,1,2.0033278463137,3.69550334281873,0.609744208395367,1
74,98,1,1,2.0033278463137,3.69550334281873,0.478543679813862,1
74,99,-1,1,1.81268599593803,2.70850486976682,0.45604423531951,1
74,100,-1,1,1.81268599593803,2.70850486976682,0.449814911101915,1
74,101,-1,1,1.81268599593803,2.70850486976682,0.488828119666036,1
75,2,1,1,1.48611530486526,3.35577536864721,0.326019653839175,1
75,3,-1,1,1.34469273535801,1.77353095979941,0.636817156750574,1
75,4,-1,1,1.34469273535801,1.77353095979941,0.638128002555519,1
75,5,1,1,1.48611530486526,3.35577536864721,0.362232994477773,1
75,6,1,1,1.48611530486526,3.35577536864721,0.399092083959243,1
75,7,1,1,1.48611530486526,3.35577536864721,0.457743460366474,1
75,8,1,1,1.48611530486526,3.35577536864721,0.299182169388593,1
75,9,-1,1,1.34469273535801,1.77353095979941,0.522028206358047,-1
75,10,1,-1,1.41646670856007,2.32822395382402,0.425929993087674,1
75,11,1,1,1.48611530486526,3.35577536864721,0.986608084711081,-1
75,12,-1,-1,1.28167207930739,1.34246971772937,0.650885612459539,1
75,13,1,1,1.48611530486526,3.35577536864721,0.306804646643459,1
75,14,-1,1,1.34469273535801,1.77353095979941,0.538606839621329,1
75,15,1,1,1.48611530486526,3.35577536864721,0.350439659834925,1
75,16,1,1,1.48611530486526,3.35577536864721,0.29731273636184,1
75,17,-1,1,1.34469273535801,1.77353095979941,0.501192406472474,1
75,18,-1,1,1.34469273535801,1.77353095979941,0.315297324203566,1
75,19,-1,1,1.34469273535801,1.77353095979941,0.412463736588631,1
75,20,1,1,1.48611530486526,3.35577536864721,0.297183703501385,1
75,21,1,1,1.48611530486526,3.35577536864721,0.484162921847712,1
75,22,-1,1,1.34469273535801,1.77353095979941,1.66813052842024,1
75,23,-1,1,1.34469273535801,1.77353095979941,0.295326796852827,1
75,24,1,1,1.48611530486526,3.35577536864721,0.293884777631646,1
75,25,1,1,1.48611530486526,3.35577536864721,0.362511441562422,1
75,26,-1,1,1.34469273535801,1.77353095979941,0.25778624474434,1
75,27,-1,1,1.34469273535801,1.77353095979941,0.31043413277507,1
75,28,1,1,1.48611530486526,3.35577536864721,0.493047790156186,1
75,29,-1,1,1.34469273535801,1.77353095979941,0.981090349077266,1
75,30,1,1,1.48611530486526,3.35577536864721,0.484683532772603,1
75,31,-1,1,1.34469273535801,1.77353095979941,0.267663692715084,1
75,32,-1,1,1.34469273535801,1.77353095979941,0.524049956162987,1
75,33,1,1,1.48611530486526,3.35577536864721,0.431226773925124,1
75,34,1,1,1.48611530486526,3.35577536864721,0.246258972057598,1
75,35,1,1,1.48611530486526,3.35577536864721,0.388654062460234,1
75,36,1,1,1.48611530486526,3.35577536864721,0.391451231527586,1
75,37,1,1,1.48611530486526,3.35577536864721,0.302629321573092,1
75,38,-1,1,1.34469273535801,1.77353095979941,0.485468133714999,1
75,39,-1,1,1.34469273535801,1.77353095979941,0.512609492334836,1
75,40,-1,1,1.34469273535801,1.77353095979941,0.538695923563096,1
75,41,-1,1,1.34469273535801,1.77353095979941,0.316763044852183,1
75,42,1,1,1.48611530486526,3.35577536864721,0.52199179939362,1
75,43,1,1,1.48611530486526,3.35577536864721,0.307100394242358,1
75,44,1,1,1.48611530486526,3.35577536864721,0.594055360156,1
75,45,-1,1,1.34469273535801,1.77353095979941,0.373169767911735,1
75,46,1,1,1.48611530486526,3.35577536864721,0.404279097105449,1
75,47,1,1,1.48611530486526,3.35577536864721,0.592035375617349,1
75,48,1,1,1.48611530486526,3.35577536864721,0.458394898535899,1
75,49,1,1,1.48611530486526,3.35577536864721,0.605841609625054,1
75,50,1,1,1.48611530486526,3.35577536864721,0.346882038049059,1
75,51,1,1,1.48611530486526,3.35577536864721,0.355180763921327,1
75,52,-1,1,1.34469273535801,1.77353095979941,0.859251863217944,1
75,53,-1,1,1.34469273535801,1.77353095979941,0.65685542095951,1
75,54,-1,1,1.34469273535801,1.77353095979941,0.374179115461564,1
75,55,-1,1,1.34469273535801,1.77353095979941,0.31155610847621,1
75,56,1,1,1.48611530486526,3.35577536864721,0.346737729656703,1
75,57,-1,1,1.34469273535801,1.77353095979941,0.309965058937046,1
75,58,-1,1,1.34469273535801,1.77353095979941,0.297457871940425,1
75,59,-1,1,1.34469273535801,1.77353095979941,0.376129776293509,1
75,60,1,1,1.48611530486526,3.35577536864721,0.468967763270297,1
75,61,1,1,1.48611530486526,3.35577536864721,0.474645699512994,1
75,62,1,1,1.48611530486526,3.35577536864721,0.277395135629375,1
75,63,1,1,1.48611530486526,3.35577536864721,0.426042762013997,1
75,64,1,1,1.48611530486526,3.35577536864721,0.359379906842884,1
75,65,-1,1,1.34469273535801,1.77353095979941,0.56809253260071,1
75,66,-1,1,1.34469273535801,1.77353095979941,0.442446375777778,1
75,67,-1,1,1.34469273535801,1.77353095979941,0.35367089845792,1
75,68,1,1,1.48611530486526,3.35577536864721,0.324321008178078,1
75,69,1,1,1.48611530486526,3.35577536864721,0.702169350534132,1
75,70,1,1,1.48611530486526,3.35577536864721,0.464716655467836,1
75,71,-1,1,1.34469273535801,1.77353095979941,0.435697053306112,-1
75,72,1,-1,1.41646670856007,2.32822395382402,0.464683917451323,1
75,73,1,1,1.48611530486526,3.35577536864721,0.342142089240157,1
75,74,-1,1,1.34469273535801,1.77353095979941,0.343911543780371,1
75,75,-1,1,1.34469273535801,1.77353095979941,0.32957234931972,1
75,76,-1,1,1.34469273535801,1.77353095979941,1.41192813030649,1
75,77,-1,1,1.34469273535801,1.77353095979941,0.454078651546994,-1
75,78,-1,-1,1.28167207930739,1.34246971772937,0.760521042392355,1
75,79,1,1,1.48611530486526,3.35577536864721,0.385258296239886,1
75,80,1,1,1.48611530486526,3.35577536864721,0.294447891402836,1
75,81,-1,1,1.34469273535801,1.77353095979941,0.263380530491906,1
75,82,-1,1,1.34469273535801,1.77353095979941,0.520704289805221,1
75,83,-1,1,1.34469273535801,1.77353095979941,0.45940319923992,1
75,84,1,1,1.48611530486526,3.35577536864721,0.429759369623069,1
75,85,1,1,1.48611530486526,3.35577536864721,0.652874085824176,1
75,86,1,1,1.48611530486526,3.35577536864721,0.445787690056054,1
75,87,1,1,1.48611530486526,3.35577536864721,0.334079598445769,1
75,88,-1,1,1.34469273535801,1.77353095979941,0.640688751453478,1
75,89,-1,1,1.34469273535801,1.77353095979941,0.272527032597231,1
75,90,-1,1,1.34469273535801,1.77353095979941,0.617238253843863,1
75,91,-1,1,1.34469273535801,1.77353095979941,0.438435862587081,1
75,92,1,1,1.48611530486526,3.35577536864721,0.383861637500964,1
75,93,-1,1,1.34469273535801,1.77353095979941,2.14398011750225,1
75,94,-1,1,1.34469273535801,1.77353095979941,0.401087074619413,1
75,95,-1,1,1.34469273535801,1.77353095979941,0.426127064983874,1
75,96,1,1,1.48611530486526,3.35577536864721,0.345339060021137,1
75,97,1,1,1.48611530486526,3.35577536864721,0.343014981397617,1
75,98,-1,1,1.34469273535801,1.77353095979941,0.522167414942997,1
75,99,-1,1,1.34469273535801,1.77353095979941,0.666087488643356,1
75,100,-1,1,1.34469273535801,1.77353095979941,0.489136901193333,1
75,101,-1,1,1.34469273535801,1.77353095979941,0.354440891047736,1
76,2,-1,1,1.59817234099252,0.770804499166482,0.747851350546092,1
76,3,1,1,1.76625359333782,4.32105958465381,0.612132248408666,1
76,4,1,1,1.76625359333782,4.32105958465381,0.66426051003177,1
76,5,1,1,1.76625359333782,4.32105958465381,0.312669044565803,1
76,6,1,1,1.76625359333782,4.32105958465381,0.400424175884626,1
76,7,-1,1,1.59817234099252,0.770804499166482,0.651272285778967,1
76,8,-1,1,1.59817234099252,0.770804499166482,0.681010677680401,-1
76,9,1,-1,1.68347597635732,2.29901138032871,0.515765902052889,1
76,10,1,1,1.76625359333782,4.32105958465381,0.718725163164112,1
76,11,-1,1,1.59817234099252,0.770804499166482,0.52644058512739,1
76,12,-1,1,1.59817234099252,0.770804499166482,0.88847146099537,1
76,13,-1,1,1.59817234099252,0.770804499166482,0.6148356999691,-1
76,14,-1,-1,1.52327205577273,1.409124535851,1.20671846671335,1
76,15,-1,1,1.59817234099252,0.770804499166482,0.970093916396443,1
76,16,-1,1,1.59817234099252,0.770804499166482,0.41042674925457,1
76,17,-1,1,1.59817234099252,0.770804499166482,0.688910486966853,-1
76,18,1,-1,1.68347597635732,2.29901138032871,0.310006736537865,1
76,19,-1,1,1.59817234099252,0.770804499166482,1.66955842236732,1
76,20,-1,1,1.59817234099252,0.770804499166482,0.446250502161391,1
76,21,1,1,1.76625359333782,4.32105958465381,0.246331978050686,1
76,22,1,1,1.76625359333782,4.32105958465381,0.290370753829438,1
76,23,-1,1,1.59817234099252,0.770804499166482,0.673215240098033,-1
76,24,1,-1,1.68347597635732,2.29901138032871,0.469419366888535,1
76,25,1,1,1.76625359333782,4.32105958465381,0.475376853232427,1
76,26,1,1,1.76625359333782,4.32105958465381,0.34237855147034,1
76,27,1,1,1.76625359333782,4.32105958465381,0.349599209635614,1
76,28,1,1,1.76625359333782,4.32105958465381,0.527667022329637,1
76,29,1,1,1.76625359333782,4.32105958465381,0.86892949347385,1
76,30,-1,1,1.59817234099252,0.770804499166482,0.334275974507155,1
76,31,1,1,1.76625359333782,4.32105958465381,0.470826680361837,1
76,32,1,1,1.76625359333782,4.32105958465381,0.357024910644102,1
76,33,1,1,1.76625359333782,4.32105958465381,0.341919892671144,1
76,34,-1,1,1.59817234099252,0.770804499166482,0.46568372752011,1
76,35,1,1,1.76625359333782,4.32105958465381,0.3834334357694,1
76,36,1,1,1.76625359333782,4.32105958465381,0.336870737389909,1
76,37,-1,1,1.59817234099252,0.770804499166482,0.479227883144236,1
76,38,-1,1,1.59817234099252,0.770804499166482,0.859177677573209,1
76,39,-1,1,1.59817234099252,0.770804499166482,0.392606906924402,1
76,40,-1,1,1.59817234099252,0.770804499166482,0.732877433299987,1
76,41,-1,1,1.59817234099252,0.770804499166482,0.39549762547211,-1
76,42,-1,-1,1.52327205577273,1.409124535851,0.870646911449837,-1
76,43,1,-1,1.68347597635732,2.29901138032871,0.293335906414035,1
76,44,1,1,1.76625359333782,4.32105958465381,0.289050400166911,1
76,45,-1,1,1.59817234099252,0.770804499166482,0.841105344493269,1
76,46,-1,1,1.59817234099252,0.770804499166482,0.258605439169117,1
76,47,1,1,1.76625359333782,4.32105958465381,0.437704707809485,1
76,48,1,1,1.76625359333782,4.32105958465381,0.413852401367733,1
76,49,-1,1,1.59817234099252,0.770804499166482,0.50146368940875,1
76,50,1,1,1.76625359333782,4.32105958465381,0.309870399255131,1
76,51,1,1,1.76625359333782,4.32105958465381,0.338591224108489,1
76,52,1,1,1.76625359333782,4.32105958465381,0.392024322964124,1
76,53,-1,1,1.59817234099252,0.770804499166482,0.750002019123972,1
76,54,1,1,1.76625359333782,4.32105958465381,0.336562151232167,1
76,55,1,1,1.76625359333782,4.32105958465381,0.408952882746016,1
76,56,1,1,1.76625359333782,4.32105958465381,0.51715718774039,1
76,57,-1,1,1.59817234099252,0.770804499166482,1.00887662511783,1
76,58,-1,1,1.59817234099252,0.770804499166482,0.514130114889818,1
76,59,-1,1,1.59817234099252,0.770804499166482,0.447256314086824,1
76,60,1,1,1.76625359333782,4.32105958465381,0.303580732947416,1
76,61,-1,1,1.59817234099252,0.770804499166482,1.10046629670079,-1
76,62,1,-1,1.68347597635732,2.29901138032871,0.582302641464217,1
76,63,-1,1,1.59817234099252,0.770804499166482,0.611668826859036,1
76,64,1,1,1.76625359333782,4.32105958465381,0.45617882026261,1
76,65,-1,1,1.59817234099252,0.770804499166482,0.832250675582241,1
76,66,-1,1,1.59817234099252,0.770804499166482,0.318408077469083,1
76,67,1,1,1.76625359333782,4.32105958465381,0.250569630588096,1
76,68,1,1,1.76625359333782,4.32105958465381,0.349285832608891,1
76,69,1,1,1.76625359333782,4.32105958465381,0.300495375227155,1
76,70,-1,1,1.59817234099252,0.770804499166482,0.589825107812761,1
76,71,-1,1,1.59817234099252,0.770804499166482,0.781211389974177,1
76,72,-1,1,1.59817234099252,0.770804499166482,0.570673961284888,1
76,73,1,1,1.76625359333782,4.32105958465381,0.358711351401827,1
76,74,1,1,1.76625359333782,4.32105958465381,0.364465490389562,1
76,75,-1,1,1.59817234099252,0.770804499166482,0.464633761596779,1
76,76,-1,1,1.59817234099252,0.770804499166482,0.536685380815148,1
76,77,1,1,1.76625359333782,4.32105958465381,0.403421645807255,1
76,78,-1,1,1.59817234099252,0.770804499166482,1.46705364197817,-1
76,79,-1,-1,1.52327205577273,1.409124535851,0.227663861787502,1
76,80,-1,1,1.59817234099252,0.770804499166482,0.711285232957758,1
76,81,-1,1,1.59817234099252,0.770804499166482,0.385984551012842,1
76,82,1,1,1.76625359333782,4.32105958465381,0.378694088521233,1
76,83,-1,1,1.59817234099252,0.770804499166482,0.390026498345911,1
76,84,-1,1,1.59817234099252,0.770804499166482,0.45314832003557,1
76,85,-1,1,1.59817234099252,0.770804499166482,0.660947258818158,1
76,86,1,1,1.76625359333782,4.32105958465381,0.439936288197454,1
76,87,1,1,1.76625359333782,4.32105958465381,0.350539560469016,1
76,88,1,1,1.76625359333782,4.32105958465381,0.401671134254702,1
76,89,-1,1,1.59817234099252,0.770804499166482,0.511955802692373,1
76,90,1,1,1.76625359333782,4.32105958465381,0.352178144939758,1
76,91,1,1,1.76625359333782,4.32105958465381,0.358164813149894,1
76,92,-1,1,1.59817234099252,0.770804499166482,1.06387281084731,1
76,93,-1,1,1.59817234099252,0.770804499166482,0.517782553038504,1
76,94,1,1,1.76625359333782,4.32105958465381,0.343752715299322,1
76,95,1,1,1.76625359333782,4.32105958465381,0.400620403352238,1
76,96,-1,1,1.59817234099252,0.770804499166482,1.582331174313,-1
76,97,-1,-1,1.52327205577273,1.409124535851,0.355646658351165,1
76,98,1,1,1.76625359333782,4.32105958465381,0.277797483562698,1
76,99,-1,1,1.59817234099252,0.770804499166482,0.828038392680772,1
76,100,1,1,1.76625359333782,4.32105958465381,0.363257661728228,1
76,101,1,1,1.76625359333782,4.32105958465381,0.346878149745259,1
77,2,1,1,2.06327763715817,3.76901017345905,0.37657461571522,1
77,3,-1,1,1.86693080989754,1.54128164592369,0.327251128113511,1
77,4,-1,1,1.86693080989754,1.54128164592369,1.55838869392271,1
77,5,1,1,2.06327763715817,3.76901017345905,0.374623856540404,1
77,6,1,1,2.06327763715817,3.76901017345905,0.414280228598554,1
77,7,1,1,2.06327763715817,3.76901017345905,0.461976332557404,1
77,8,-1,1,1.86693080989754,1.54128164592369,0.479982893361165,1
77,9,1,1,2.06327763715817,3.76901017345905,0.443170925149035,1
77,10,1,1,2.06327763715817,3.76901017345905,0.325889527150525,1
77,11,1,1,2.06327763715817,3.76901017345905,0.323749484942763,-1
77,12,1,-1,1.96657962809689,3.0605565413872,0.852136795594598,1
77,13,1,1,2.06327763715817,3.76901017345905,0.504560706983506,1
77,14,-1,1,1.86693080989754,1.54128164592369,0.916273428436186,1
77,15,1,1,2.06327763715817,3.76901017345905,0.483684642687417,1
77,16,1,1,2.06327763715817,3.76901017345905,0.375548967267244,1
77,17,1,1,2.06327763715817,3.76901017345905,0.497956299529032,1
77,18,1,1,2.06327763715817,3.76901017345905,1.1056299358311,1
77,19,1,1,2.06327763715817,3.76901017345905,0.576037086290045,1
77,20,1,1,2.06327763715817,3.76901017345905,0.493554265853422,1
77,21,1,1,2.06327763715817,3.76901017345905,0.34428818014404,1
77,22,-1,1,1.86693080989754,1.54128164592369,0.472151576390576,1
77,23,-1,1,1.86693080989754,1.54128164592369,0.517115365973204,1
77,24,1,1,2.06327763715817,3.76901017345905,0.897727984699806,1
77,25,-1,1,1.86693080989754,1.54128164592369,0.501155854264409,1
77,26,1,1,2.06327763715817,3.76901017345905,0.507843215660886,1
77,27,-1,1,1.86693080989754,1.54128164592369,0.850475528352457,-1
77,28,-1,-1,1.77943483304931,0.429151639230058,0.565139876255218,1
77,29,1,1,2.06327763715817,3.76901017345905,0.585027045253777,1
77,30,1,1,2.06327763715817,3.76901017345905,0.578617894046305,1
77,31,1,1,2.06327763715817,3.76901017345905,0.645122666283527,1
77,32,1,1,2.06327763715817,3.76901017345905,0.442159328445173,1
77,33,1,1,2.06327763715817,3.76901017345905,0.996536313320963,1
77,34,1,1,2.06327763715817,3.76901017345905,0.515601494036502,1
77,35,1,1,2.06327763715817,3.76901017345905,0.442310892067582,1
77,36,-1,1,1.86693080989754,1.54128164592369,0.517055955269405,1
77,37,-1,1,1.86693080989754,1.54128164592369,1.08752265109872,1
77,38,1,1,2.06327763715817,3.76901017345905,0.325612261355556,1
77,39,-1,1,1.86693080989754,1.54128164592369,0.757109205820442,1
77,40,-1,1,1.86693080989754,1.54128164592369,1.08469705384645,1
77,41,1,1,2.06327763715817,3.76901017345905,0.515753398840777,1
77,42,1,1,2.06327763715817,3.76901017345905,0.492366140383543,1
77,43,1,1,2.06327763715817,3.76901017345905,0.61213308989574,1
77,44,1,1,2.06327763715817,3.76901017345905,0.368447493187999,1
77,45,-1,1,1.86693080989754,1.54128164592369,0.476013072327567,1
77,46,-1,1,1.86693080989754,1.54128164592369,0.482634912249013,1
77,47,-1,1,1.86693080989754,1.54128164592369,0.595525809334477,1
77,48,-1,1,1.86693080989754,1.54128164592369,0.84864550717604,1
77,49,-1,1,1.86693080989754,1.54128164592369,1.37136946930622,1
77,50,-1,1,1.86693080989754,1.54128164592369,1.94714655355218,-1
77,51,-1,-1,1.77943483304931,0.429151639230058,0.623886134101787,1
77,52,1,1,2.06327763715817,3.76901017345905,0.38500048608491,1
77,53,-1,1,1.86693080989754,1.54128164592369,1.32004397869597,-1
77,54,1,-1,1.96657962809689,3.0605565413872,0.793592035775727,1
77,55,-1,1,1.86693080989754,1.54128164592369,0.366287393806578,1
77,56,-1,1,1.86693080989754,1.54128164592369,0.676823897182756,1
77,57,1,1,2.06327763715817,3.76901017345905,0.560846514190167,1
77,58,-1,1,1.86693080989754,1.54128164592369,1.73666391891501,1
77,59,-1,1,1.86693080989754,1.54128164592369,1.38174214637888,1
77,60,-1,1,1.86693080989754,1.54128164592369,0.651446667314016,1
77,61,1,1,2.06327763715817,3.76901017345905,0.562240902484327,1
77,62,1,1,2.06327763715817,3.76901017345905,0.315178833574278,1
77,63,-1,1,1.86693080989754,1.54128164592369,0.804931866531502,1
77,64,1,1,2.06327763715817,3.76901017345905,0.697547404568201,1
77,65,-1,1,1.86693080989754,1.54128164592369,0.394056074111994,1
77,66,1,1,2.06327763715817,3.76901017345905,0.53071389645055,1
77,67,-1,1,1.86693080989754,1.54128164592369,0.957694264789895,1
77,68,1,1,2.06327763715817,3.76901017345905,0.435722089052521,1
77,69,-1,1,1.86693080989754,1.54128164592369,0.434402586498186,1
77,70,1,1,2.06327763715817,3.76901017345905,0.416664025633779,1
77,71,-1,1,1.86693080989754,1.54128164592369,0.346719233396658,1
77,72,-1,1,1.86693080989754,1.54128164592369,0.550428447431505,1
77,73,1,1,2.06327763715817,3.76901017345905,0.546573670448324,1
77,74,1,1,2.06327763715817,3.76901017345905,0.72564908198494,1
77,75,1,1,2.06327763715817,3.76901017345905,0.342595487315231,1
77,76,1,1,2.06327763715817,3.76901017345905,0.672065644034724,1
77,77,1,1,2.06327763715817,3.76901017345905,0.451192813113075,1
77,78,-1,1,1.86693080989754,1.54128164592369,0.71349704013149,1
77,79,-1,1,1.86693080989754,1.54128164592369,1.01773550042915,1
77,80,-1,1,1.86693080989754,1.54128164592369,1.08875512200374,1
77,81,-1,1,1.86693080989754,1.54128164592369,1.41585021697806,1
77,82,-1,1,1.86693080989754,1.54128164592369,0.632385802018989,-1
77,83,-1,-1,1.77943483304931,0.429151639230058,0.377189647715532,1
77,84,-1,1,1.86693080989754,1.54128164592369,1.29032925787414,1
77,85,1,1,2.06327763715817,3.76901017345905,0.334118816469883,1
77,86,1,1,2.06327763715817,3.76901017345905,0.938397176514822,1
77,87,1,1,2.06327763715817,3.76901017345905,0.475841950159704,1
77,88,-1,1,1.86693080989754,1.54128164592369,0.814202271961211,1
77,89,-1,1,1.86693080989754,1.54128164592369,0.610305655881161,1
77,90,-1,1,1.86693080989754,1.54128164592369,0.484661291749593,1
77,91,-1,1,1.86693080989754,1.54128164592369,0.778106800968905,1
77,92,1,1,2.06327763715817,3.76901017345905,0.630030747054848,1
77,93,1,1,2.06327763715817,3.76901017345905,0.458619443080552,1
77,94,-1,1,1.86693080989754,1.54128164592369,0.892799158454185,1
77,95,-1,1,1.86693080989754,1.54128164592369,2.09363341490437,1
77,96,-1,1,1.86693080989754,1.54128164592369,0.625944465210065,1
77,97,-1,1,1.86693080989754,1.54128164592369,0.546852852689621,1
77,98,-1,1,1.86693080989754,1.54128164592369,0.718066246638216,1
77,99,-1,1,1.86693080989754,1.54128164592369,0.560516563303318,1
77,100,-1,1,1.86693080989754,1.54128164592369,0.510275586319648,1
77,101,1,1,2.06327763715817,3.76901017345905,0.475863034295658,1
78,2,1,1,2.40333101585126,4.81387924618906,0.607060893420428,1
78,3,1,1,2.40333101585126,4.81387924618906,0.488422700493088,1
78,4,-1,1,2.1746238310686,1.30174006205235,2.21141494054672,1
78,5,-1,1,2.1746238310686,1.30174006205235,0.471112188622062,1
78,6,-1,1,2.1746238310686,1.30174006205235,0.551729376942844,1
78,7,-1,1,2.1746238310686,1.30174006205235,0.406657449872086,1
78,8,1,1,2.40333101585126,4.81387924618906,0.414513294977991,1
78,9,-1,1,2.1746238310686,1.30174006205235,1.15945614063184,1
78,10,-1,1,2.1746238310686,1.30174006205235,0.491172588398776,1
78,11,-1,1,2.1746238310686,1.30174006205235,1.5513468378509,1
78,12,-1,1,2.1746238310686,1.30174006205235,0.894714140487506,1
78,13,-1,1,2.1746238310686,1.30174006205235,0.778898172182973,1
78,14,-1,1,2.1746238310686,1.30174006205235,0.343294254983026,1
78,15,1,1,2.40333101585126,4.81387924618906,0.416743864660475,1
78,16,-1,1,2.1746238310686,1.30174006205235,0.508075314780132,1
78,17,1,1,2.40333101585126,4.81387924618906,0.431608412984932,1
78,18,1,1,2.40333101585126,4.81387924618906,0.452164923478514,1
78,19,1,1,2.40333101585126,4.81387924618906,0.246113367408576,1
78,20,-1,1,2.1746238310686,1.30174006205235,1.66649739196273,1
78,21,1,1,2.40333101585126,4.81387924618906,0.690396108613121,1
78,22,-1,1,2.1746238310686,1.30174006205235,0.984080665674863,1
78,23,-1,1,2.1746238310686,1.30174006205235,0.826097242212034,1
78,24,1,1,2.40333101585126,4.81387924618906,0.414935043456474,1
78,25,-1,1,2.1746238310686,1.30174006205235,0.807713944777854,-1
78,26,1,-1,2.29069599273914,2.6240487831946,0.60053969707304,1
78,27,-1,1,2.1746238310686,1.30174006205235,0.574384639684516,-1
78,28,1,-1,2.29069599273914,2.6240487831946,0.53733958108991,1
78,29,1,1,2.40333101585126,4.81387924618906,0.370157105775042,1
78,30,1,1,2.40333101585126,4.81387924618906,0.269398080547322,1
78,31,-1,1,2.1746238310686,1.30174006205235,0.505350461541622,1
78,32,-1,1,2.1746238310686,1.30174006205235,0.366364298937718,1
78,33,-1,1,2.1746238310686,1.30174006205235,0.339980850116347,1
78,34,1,1,2.40333101585126,4.81387924618906,0.377277369814166,1
78,35,1,1,2.40333101585126,4.81387924618906,0.554575224095596,1
78,36,1,1,2.40333101585126,4.81387924618906,0.337763414551571,1
78,37,-1,1,2.1746238310686,1.30174006205235,0.340445757909825,1
78,38,-1,1,2.1746238310686,1.30174006205235,1.79365213601257,1
78,39,1,1,2.40333101585126,4.81387924618906,0.253184451551371,1
78,40,-1,1,2.1746238310686,1.30174006205235,0.852988492509066,1
78,41,-1,1,2.1746238310686,1.30174006205235,1.17428934307618,1
78,42,-1,1,2.1746238310686,1.30174006205235,0.930943903935908,1
78,43,-1,1,2.1746238310686,1.30174006205235,0.578802938596948,1
78,44,1,1,2.40333101585126,4.81387924618906,0.321363720180085,1
78,45,1,1,2.40333101585126,4.81387924618906,0.29951061003191,1
78,46,1,1,2.40333101585126,4.81387924618906,0.321919132799371,1
78,47,1,1,2.40333101585126,4.81387924618906,0.491373189733219,1
78,48,-1,1,2.1746238310686,1.30174006205235,0.661130055051171,1
78,49,-1,1,2.1746238310686,1.30174006205235,2.0971780956979,1
78,50,1,1,2.40333101585126,4.81387924618906,0.355315597166888,1
78,51,1,1,2.40333101585126,4.81387924618906,0.36699889530496,1
78,52,1,1,2.40333101585126,4.81387924618906,0.363964545455317,1
78,53,1,1,2.40333101585126,4.81387924618906,0.307229560764797,1
78,54,1,1,2.40333101585126,4.81387924618906,0.452693169008373,1
78,55,-1,1,2.1746238310686,1.30174006205235,0.513946275653827,1
78,56,-1,1,2.1746238310686,1.30174006205235,0.41671725597594,1
78,57,1,1,2.40333101585126,4.81387924618906,0.76374280423611,1
78,58,1,1,2.40333101585126,4.81387924618906,0.450954339572872,1
78,59,-1,1,2.1746238310686,1.30174006205235,0.651689889239483,1
78,60,-1,1,2.1746238310686,1.30174006205235,0.445570416241629,1
78,61,-1,1,2.1746238310686,1.30174006205235,0.347728317344737,1
78,62,1,1,2.40333101585126,4.81387924618906,0.29161392880108,1
78,63,1,1,2.40333101585126,4.81387924618906,0.424898582221185,1
78,64,-1,1,2.1746238310686,1.30174006205235,0.962657140872563,1
78,65,-1,1,2.1746238310686,1.30174006205235,1.15570408315814,1
78,66,-1,1,2.1746238310686,1.30174006205235,0.410895195834714,1
78,67,-1,1,2.1746238310686,1.30174006205235,0.432994982388112,1
78,68,1,1,2.40333101585126,4.81387924618906,0.578354962652484,1
78,69,1,1,2.40333101585126,4.81387924618906,0.50144992196291,1
78,70,-1,1,2.1746238310686,1.30174006205235,0.666747667208359,1
78,71,1,1,2.40333101585126,4.81387924618906,0.457772007159171,1
78,72,1,1,2.40333101585126,4.81387924618906,0.695611923276637,1
78,73,-1,1,2.1746238310686,1.30174006205235,0.491028049918565,1
78,74,-1,1,2.1746238310686,1.30174006205235,1.20301499517559,1
78,75,-1,1,2.1746238310686,1.30174006205235,2.74644211405437,1
78,76,1,1,2.40333101585126,4.81387924618906,0.40414807683834,1
78,77,1,1,2.40333101585126,4.81387924618906,0.465708748396744,1
78,78,-1,1,2.1746238310686,1.30174006205235,0.610782438119006,1
78,79,1,1,2.40333101585126,4.81387924618906,0.283025004914557,1
78,80,-1,1,2.1746238310686,1.30174006205235,0.567384480343616,1
78,81,1,1,2.40333101585126,4.81387924618906,0.4232853951909,1
78,82,1,1,2.40333101585126,4.81387924618906,0.469362860811391,1
78,83,1,1,2.40333101585126,4.81387924618906,0.403381527906328,1
78,84,-1,1,2.1746238310686,1.30174006205235,0.363229173564614,1
78,85,-1,1,2.1746238310686,1.30174006205235,1.36180744201868,1
78,86,1,1,2.40333101585126,4.81387924618906,0.579195465108581,1
78,87,-1,1,2.1746238310686,1.30174006205235,0.833167980673584,1
78,88,1,1,2.40333101585126,4.81387924618906,0.338399898971767,1
78,89,1,1,2.40333101585126,4.81387924618906,0.403922604772389,1
78,90,1,1,2.40333101585126,4.81387924618906,0.412719286327582,1
78,91,-1,1,2.1746238310686,1.30174006205235,0.812014032829935,1
78,92,-1,1,2.1746238310686,1.30174006205235,0.39313191618416,1
78,93,-1,1,2.1746238310686,1.30174006205235,1.11468261727858,-1
78,94,1,-1,2.29069599273914,2.6240487831946,0.371238382779143,1
78,95,1,1,2.40333101585126,4.81387924618906,0.405761751776867,1
78,96,1,1,2.40333101585126,4.81387924618906,0.448777646032482,1
78,97,1,1,2.40333101585126,4.81387924618906,0.706927694132679,1
78,98,1,1,2.40333101585126,4.81387924618906,0.284652641069799,1
78,99,-1,1,2.1746238310686,1.30174006205235,0.854126817331433,1
78,100,1,1,2.40333101585126,4.81387924618906,0.480182894131292,1
78,101,-1,1,2.1746238310686,1.30174006205235,0.350336334188815,1
79,2,-1,1,2.03350081748822,1.73142275401219,0.570057574265607,1
79,3,1,1,2.24736596537104,3.74174283382239,0.553425464273732,1
79,4,-1,1,2.03350081748822,1.73142275401219,0.658286313743161,1
79,5,1,1,2.24736596537104,3.74174283382239,0.532603828176485,1
79,6,-1,1,2.03350081748822,1.73142275401219,0.632211706595236,1
79,7,1,1,2.24736596537104,3.74174283382239,1.08659830216603,1
79,8,1,1,2.24736596537104,3.74174283382239,0.569079314320695,1
79,9,1,1,2.24736596537104,3.74174283382239,0.5487242612302,1
79,10,-1,1,2.03350081748822,1.73142275401219,0.459855607668598,1
79,11,1,1,2.24736596537104,3.74174283382239,0.46588846379015,1
79,12,-1,1,2.03350081748822,1.73142275401219,0.596503045471638,1
79,13,-1,1,2.03350081748822,1.73142275401219,0.627783419669839,1
79,14,1,1,2.24736596537104,3.74174283382239,0.6369747392632,1
79,15,-1,1,2.03350081748822,1.73142275401219,0.939722037817538,1
79,16,-1,1,2.03350081748822,1.73142275401219,0.546036921342277,1
79,17,-1,1,2.03350081748822,1.73142275401219,0.592364443730446,1
79,18,1,1,2.24736596537104,3.74174283382239,0.468682438114672,1
79,19,-1,1,2.03350081748822,1.73142275401219,0.7198988372333,1
79,20,-1,1,2.03350081748822,1.73142275401219,0.935855800492663,1
79,21,-1,1,2.03350081748822,1.73142275401219,0.548122596794128,1
79,22,1,1,2.24736596537104,3.74174283382239,0.626199446589279,1
79,23,1,1,2.24736596537104,3.74174283382239,0.353914702815835,1
79,24,1,1,2.24736596537104,3.74174283382239,0.926292926306013,1
79,25,1,1,2.24736596537104,3.74174283382239,0.505866979396854,1
79,26,1,1,2.24736596537104,3.74174283382239,0.52040577203862,1
79,27,-1,1,2.03350081748822,1.73142275401219,1.22430738442042,1
79,28,1,1,2.24736596537104,3.74174283382239,0.585291277725023,1
79,29,-1,1,2.03350081748822,1.73142275401219,0.713885333640293,1
79,30,1,1,2.24736596537104,3.74174283382239,0.608400998062104,1
79,31,1,1,2.24736596537104,3.74174283382239,0.865314488420428,1
79,32,-1,1,2.03350081748822,1.73142275401219,0.991333040296698,1
79,33,-1,1,2.03350081748822,1.73142275401219,1.71456976954871,1
79,34,-1,1,2.03350081748822,1.73142275401219,0.659189347270747,1
79,35,1,1,2.24736596537104,3.74174283382239,0.604861382280051,1
79,36,-1,1,2.03350081748822,1.73142275401219,0.541543652021546,1
79,37,-1,1,2.03350081748822,1.73142275401219,0.86351976486461,1
79,38,-1,1,2.03350081748822,1.73142275401219,0.993472629852266,1
79,39,-1,1,2.03350081748822,1.73142275401219,0.501646629792273,1
79,40,1,1,2.24736596537104,3.74174283382239,0.718603911429648,1
79,41,-1,1,2.03350081748822,1.73142275401219,0.641782851051357,1
79,42,1,1,2.24736596537104,3.74174283382239,0.619046601681234,1
79,43,1,1,2.24736596537104,3.74174283382239,1.02138905726973,1
79,44,-1,1,2.03350081748822,1.73142275401219,1.01842161274967,1
79,45,1,1,2.24736596537104,3.74174283382239,0.770640630044752,1
79,46,1,1,2.24736596537104,3.74174283382239,0.814168620718541,1
79,47,1,1,2.24736596537104,3.74174283382239,0.639917072058886,1
79,48,1,1,2.24736596537104,3.74174283382239,0.707716068855274,1
79,49,-1,1,2.03350081748822,1.73142275401219,0.678513414397233,1
79,50,-1,1,2.03350081748822,1.73142275401219,0.62949691519264,1
79,51,1,1,2.24736596537104,3.74174283382239,0.553602968166118,1
79,52,-1,1,2.03350081748822,1.73142275401219,1.23102065082733,1
79,53,1,1,2.24736596537104,3.74174283382239,0.515548617182089,1
79,54,1,1,2.24736596537104,3.74174283382239,0.576911398946405,1
79,55,1,1,2.24736596537104,3.74174283382239,0.822270870609168,1
79,56,-1,1,2.03350081748822,1.73142275401219,0.87374514841299,1
79,57,-1,1,2.03350081748822,1.73142275401219,0.496513468910124,1
79,58,1,1,2.24736596537104,3.74174283382239,0.438568933632363,1
79,59,-1,1,2.03350081748822,1.73142275401219,0.674746459145983,1
79,60,-1,1,2.03350081748822,1.73142275401219,0.530050184715718,1
79,61,1,1,2.24736596537104,3.74174283382239,0.714386395970226,1
79,62,1,1,2.24736596537104,3.74174283382239,0.690372502932719,1
79,63,1,1,2.24736596537104,3.74174283382239,0.607449556580495,1
79,64,1,1,2.24736596537104,3.74174283382239,0.955877436598352,1
79,65,1,1,2.24736596537104,3.74174283382239,0.589122080414696,1
79,66,-1,1,2.03350081748822,1.73142275401219,0.865620997418972,1
79,67,1,1,2.24736596537104,3.74174283382239,0.624890682442808,1
79,68,1,1,2.24736596537104,3.74174283382239,0.505004888054546,1
79,69,-1,1,2.03350081748822,1.73142275401219,1.4106437528145,-1
79,70,-1,-1,1.93819833519775,0.889440821122946,2.61732147575627,1
79,71,-1,1,2.03350081748822,1.73142275401219,0.492250582436506,1
79,72,1,1,2.24736596537104,3.74174283382239,0.76396039211097,1
79,73,-1,1,2.03350081748822,1.73142275401219,1.65356253213042,-1
79,74,1,-1,2.14204043352319,2.43739359104247,0.489475346486012,1
79,75,-1,1,2.03350081748822,1.73142275401219,0.69379622479017,1
79,76,1,1,2.24736596537104,3.74174283382239,0.521356921231718,1
79,77,-1,1,2.03350081748822,1.73142275401219,2.06322388641665,1
79,78,-1,1,2.03350081748822,1.73142275401219,1.82631045288439,1
79,79,1,1,2.24736596537104,3.74174283382239,0.825333564072354,1
79,80,-1,1,2.03350081748822,1.73142275401219,0.851588741133775,1
79,81,1,1,2.24736596537104,3.74174283382239,0.513937717722283,1
79,82,1,1,2.24736596537104,3.74174283382239,0.36565897915544,1
79,83,1,1,2.24736596537104,3.74174283382239,0.491811526284958,1
79,84,1,1,2.24736596537104,3.74174283382239,0.517115932691406,1
79,85,-1,1,2.03350081748822,1.73142275401219,0.757508490483344,1
79,86,-1,1,2.03350081748822,1.73142275401219,0.482384474984823,1
79,87,-1,1,2.03350081748822,1.73142275401219,0.555409571967767,1
79,88,1,1,2.24736596537104,3.74174283382239,0.86705777456566,1
79,89,-1,1,2.03350081748822,1.73142275401219,0.847625666989218,1
79,90,-1,1,2.03350081748822,1.73142275401219,1.22523613899085,1
79,91,-1,1,2.03350081748822,1.73142275401219,1.84856174341923,-1
79,92,-1,-1,1.93819833519775,0.889440821122946,2.25847938791584,1
79,93,1,1,2.24736596537104,3.74174283382239,0.794257104000327,1
79,94,-1,1,2.03350081748822,1.73142275401219,0.792772008411418,1
79,95,1,1,2.24736596537104,3.74174283382239,1.00937381663825,1
79,96,-1,1,2.03350081748822,1.73142275401219,0.428872052802304,-1
79,97,1,-1,2.14204043352319,2.43739359104247,0.496434869468193,1
79,98,1,1,2.24736596537104,3.74174283382239,0.719921614757455,1
79,99,1,1,2.24736596537104,3.74174283382239,0.571219152906435,1
79,100,-1,1,2.03350081748822,1.73142275401219,0.93409569569832,1
79,101,-1,1,2.03350081748822,1.73142275401219,1.1681346729923,1
80,2,-1,1,2.19527744849463,0.500123018603839,1.37566754124412,1
80,3,-1,1,2.19527744849463,0.500123018603839,0.861653610871514,-1
80,4,-1,-1,2.09239310816953,0.886576075329806,3.01985325401936,-1
80,5,1,-1,2.31245201233088,3.14383424047271,0.582290189281038,1
80,6,-1,1,2.19527744849463,0.500123018603839,0.662545778143369,1
80,7,1,1,2.42615679318358,4.26946666559365,0.525251310482902,1
80,8,-1,1,2.19527744849463,0.500123018603839,0.813543576092181,1
80,9,-1,1,2.19527744849463,0.500123018603839,0.995216416230684,1
80,10,1,1,2.42615679318358,4.26946666559365,0.285261803739999,1
80,11,-1,1,2.19527744849463,0.500123018603839,1.16935976172906,1
80,12,-1,1,2.19527744849463,0.500123018603839,2.96902695672581,-1
80,13,1,-1,2.31245201233088,3.14383424047271,0.672381400478906,1
80,14,1,1,2.42615679318358,4.26946666559365,0.56796441130369,1
80,15,-1,1,2.19527744849463,0.500123018603839,0.717433586195361,1
80,16,1,1,2.42615679318358,4.26946666559365,0.377607036393235,1
80,17,-1,1,2.19527744849463,0.500123018603839,0.532275736990538,1
80,18,1,1,2.42615679318358,4.26946666559365,0.371452593248377,1
80,19,-1,1,2.19527744849463,0.500123018603839,1.62176269610346,1
80,20,1,1,2.42615679318358,4.26946666559365,0.299095253454965,1
80,21,1,1,2.42615679318358,4.26946666559365,0.635489574190158,1
80,22,-1,1,2.19527744849463,0.500123018603839,1.41145598006127,1
80,23,-1,1,2.19527744849463,0.500123018603839,1.47468214618193,1
80,24,-1,1,2.19527744849463,0.500123018603839,0.894943712189127,1
80,25,1,1,2.42615679318358,4.26946666559365,0.485151490575379,1
80,26,-1,1,2.19527744849463,0.500123018603839,1.7877219325538,1
80,27,-1,1,2.19527744849463,0.500123018603839,0.397051143085177,1
80,28,1,1,2.42615679318358,4.26946666559365,0.430581488050534,1
80,29,-1,1,2.19527744849463,0.500123018603839,0.997750664556245,1
80,30,1,1,2.42615679318358,4.26946666559365,0.516201247615424,1
80,31,1,1,2.42615679318358,4.26946666559365,0.574774439483709,1
80,32,1,1,2.42615679318358,4.26946666559365,0.423573419604482,1
80,33,1,1,2.42615679318358,4.26946666559365,0.40806752294803,1
80,34,1,1,2.42615679318358,4.26946666559365,0.657618941078268,1
80,35,-1,1,2.19527744849463,0.500123018603839,0.888859550318391,-1
80,36,-1,-1,2.09239310816953,0.886576075329806,0.953181616316175,1
80,37,1,1,2.42615679318358,4.26946666559365,0.546244442510147,1
80,38,-1,1,2.19527744849463,0.500123018603839,0.612850331052083,-1
80,39,1,-1,2.31245201233088,3.14383424047271,0.363079919829309,1
80,40,-1,1,2.19527744849463,0.500123018603839,0.469942743796682,-1
80,41,1,-1,2.31245201233088,3.14383424047271,0.880622019257229,1
80,42,-1,1,2.19527744849463,0.500123018603839,1.68325590666237,-1
80,43,1,-1,2.31245201233088,3.14383424047271,0.333472408409249,1
80,44,-1,1,2.19527744849463,0.500123018603839,0.460905608442523,1
80,45,-1,1,2.19527744849463,0.500123018603839,0.389485018578426,1
80,46,1,1,2.42615679318358,4.26946666559365,0.693014564686095,1
80,47,-1,1,2.19527744849463,0.500123018603839,0.435709904502882,1
80,48,1,1,2.42615679318358,4.26946666559365,0.707132064818494,1
80,49,-1,1,2.19527744849463,0.500123018603839,0.455080554521506,-1
80,50,-1,-1,2.09239310816953,0.886576075329806,0.414406197905575,1
80,51,1,1,2.42615679318358,4.26946666559365,0.468084143491531,1
80,52,1,1,2.42615679318358,4.26946666559365,0.51374819507729,1
80,53,1,1,2.42615679318358,4.26946666559365,0.391754450604525,1
80,54,-1,1,2.19527744849463,0.500123018603839,2.10945945673268,1
80,55,1,1,2.42615679318358,4.26946666559365,1.05614329583562,1
80,56,1,1,2.42615679318358,4.26946666559365,0.381840825773359,1
80,57,-1,1,2.19527744849463,0.500123018603839,0.89944537383774,1
80,58,1,1,2.42615679318358,4.26946666559365,0.507880399509921,1
80,59,1,1,2.42615679318358,4.26946666559365,0.33608166523155,1
80,60,1,1,2.42615679318358,4.26946666559365,0.405060708242606,1
80,61,1,1,2.42615679318358,4.26946666559365,0.677145342735477,1
80,62,-1,1,2.19527744849463,0.500123018603839,0.398777787772844,1
80,63,1,1,2.42615679318358,4.26946666559365,0.584632577925702,1
80,64,1,1,2.42615679318358,4.26946666559365,0.488479291844078,1
80,65,-1,1,2.19527744849463,0.500123018603839,2.38909248535361,1
80,66,1,1,2.42615679318358,4.26946666559365,0.381282773607552,1
80,67,1,1,2.42615679318358,4.26946666559365,0.537850712732679,1
80,68,1,1,2.42615679318358,4.26946666559365,0.553423631423272,1
80,69,-1,1,2.19527744849463,0.500123018603839,1.72153419233438,-1
80,70,-1,-1,2.09239310816953,0.886576075329806,0.408525245631219,1
80,71,1,1,2.42615679318358,4.26946666559365,0.459970535364295,1
80,72,1,1,2.42615679318358,4.26946666559365,0.649329948439906,1
80,73,1,1,2.42615679318358,4.26946666559365,0.356700692829437,1
80,74,-1,1,2.19527744849463,0.500123018603839,0.978471014475643,-1
80,75,1,-1,2.31245201233088,3.14383424047271,0.561832110065686,1
80,76,-1,1,2.19527744849463,0.500123018603839,0.811492965684119,1
80,77,1,1,2.42615679318358,4.26946666559365,0.457013562677011,1
80,78,-1,1,2.19527744849463,0.500123018603839,0.777476938375334,1
80,79,-1,1,2.19527744849463,0.500123018603839,0.419511218485064,1
80,80,-1,1,2.19527744849463,0.500123018603839,0.667087253080354,1
80,81,-1,1,2.19527744849463,0.500123018603839,0.571782132240739,-1
80,82,1,-1,2.31245201233088,3.14383424047271,0.37377743796684,1
80,83,1,1,2.42615679318358,4.26946666559365,0.900727940805632,1
80,84,-1,1,2.19527744849463,0.500123018603839,1.14650378776553,1
80,85,-1,1,2.19527744849463,0.500123018603839,0.780091549347299,1
80,86,1,1,2.42615679318358,4.26946666559365,0.566470931256109,1
80,87,1,1,2.42615679318358,4.26946666559365,0.404576909347708,1
80,88,-1,1,2.19527744849463,0.500123018603839,0.526906510076478,1
80,89,-1,1,2.19527744849463,0.500123018603839,0.559289159055232,1
80,90,1,1,2.42615679318358,4.26946666559365,0.38865077084238,1
80,91,-1,1,2.19527744849463,0.500123018603839,1.70930440919666,-1
80,92,1,-1,2.31245201233088,3.14383424047271,0.534618255733413,1
80,93,1,1,2.42615679318358,4.26946666559365,0.430001594277632,1
80,94,-1,1,2.19527744849463,0.500123018603839,2.66534688631067,1
80,95,-1,1,2.19527744849463,0.500123018603839,1.65789063823834,1
80,96,-1,1,2.19527744849463,0.500123018603839,0.459761699083284,1
80,97,-1,1,2.19527744849463,0.500123018603839,0.659828326251354,1
80,98,-1,1,2.19527744849463,0.500123018603839,1.17407092271727,1
80,99,1,1,2.42615679318358,4.26946666559365,0.590308391188002,1
80,100,-1,1,2.19527744849463,0.500123018603839,2.5149518520918,1
80,101,1,1,2.42615679318358,4.26946666559365,0.455769010876155,1
81,2,1,1,2.32502740588024,4.98096401193,0.52762976833642,1
81,3,-1,1,2.10377179479952,0.73763218390247,0.626631395827123,1
81,4,1,1,2.32502740588024,4.98096401193,0.391559594361391,1
81,5,-1,1,2.10377179479952,0.73763218390247,1.30110446819278,1
81,6,1,1,2.32502740588024,4.98096401193,0.396238981912094,1
81,7,-1,1,2.10377179479952,0.73763218390247,0.536135501791327,1
81,8,1,1,2.32502740588024,4.98096401193,0.363995858741918,1
81,9,1,1,2.32502740588024,4.98096401193,0.611596877013901,1
81,10,-1,1,2.10377179479952,0.73763218390247,0.383370545262649,1
81,11,1,1,2.32502740588024,4.98096401193,0.401000478126077,1
81,12,-1,1,2.10377179479952,0.73763218390247,1.39953479908636,1
81,13,1,1,2.32502740588024,4.98096401193,0.498759917158352,1
81,14,1,1,2.32502740588024,4.98096401193,0.468299942524884,1
81,15,1,1,2.32502740588024,4.98096401193,0.574647109087284,1
81,16,1,1,2.32502740588024,4.98096401193,0.334305431997683,1
81,17,-1,1,2.10377179479952,0.73763218390247,0.412290046768843,1
81,18,-1,1,2.10377179479952,0.73763218390247,3.20196085777514,1
81,19,-1,1,2.10377179479952,0.73763218390247,2.4841300361768,1
81,20,1,1,2.32502740588024,4.98096401193,0.412194532656538,1
81,21,-1,1,2.10377179479952,0.73763218390247,1.01651303277138,1
81,22,1,1,2.32502740588024,4.98096401193,0.351581363537704,1
81,23,1,1,2.32502740588024,4.98096401193,0.423978559269944,1
81,24,-1,1,2.10377179479952,0.73763218390247,0.53495588364465,-1
81,25,-1,-1,2.0051759779241,0.755354830868131,1.94073612758833,-1
81,26,-1,-1,2.0051759779241,0.755354830868131,0.681629184521943,1
81,27,-1,1,2.10377179479952,0.73763218390247,0.917117156826611,1
81,28,-1,1,2.10377179479952,0.73763218390247,0.781819312324041,1
81,29,1,1,2.32502740588024,4.98096401193,0.266640681973867,1
81,30,1,1,2.32502740588024,4.98096401193,0.426036999615954,1
81,31,1,1,2.32502740588024,4.98096401193,0.453053078679279,1
81,32,1,1,2.32502740588024,4.98096401193,0.424155057744196,1
81,33,-1,1,2.10377179479952,0.73763218390247,0.773548229782556,1
81,34,-1,1,2.10377179479952,0.73763218390247,0.660327116919832,1
81,35,1,1,2.32502740588024,4.98096401193,0.458288854528935,1
81,36,1,1,2.32502740588024,4.98096401193,0.403408982133726,1
81,37,-1,1,2.10377179479952,0.73763218390247,0.420073798385154,1
81,38,-1,1,2.10377179479952,0.73763218390247,0.563600423486634,1
81,39,1,1,2.32502740588024,4.98096401193,0.359690355149802,1
81,40,-1,1,2.10377179479952,0.73763218390247,0.735726226286635,1
81,41,-1,1,2.10377179479952,0.73763218390247,4.73187579640656,-1
81,42,1,-1,2.21606217642562,2.3260489732994,0.471020994659912,1
81,43,1,1,2.32502740588024,4.98096401193,0.389530612434122,1
81,44,-1,1,2.10377179479952,0.73763218390247,1.78199217154198,-1
81,45,-1,-1,2.0051759779241,0.755354830868131,1.35278597769276,1
81,46,1,1,2.32502740588024,4.98096401193,0.592772544074975,1
81,47,1,1,2.32502740588024,4.98096401193,0.395425794787694,1
81,48,1,1,2.32502740588024,4.98096401193,0.425480687584767,1
81,49,-1,1,2.10377179479952,0.73763218390247,0.648347529188768,1
81,50,1,1,2.32502740588024,4.98096401193,0.517830106198902,1
81,51,-1,1,2.10377179479952,0.73763218390247,0.795496239985572,-1
81,52,-1,-1,2.0051759779241,0.755354830868131,0.582543566860059,1
81,53,-1,1,2.10377179479952,0.73763218390247,0.697376752717913,1
81,54,-1,1,2.10377179479952,0.73763218390247,0.802854510143902,1
81,55,1,1,2.32502740588024,4.98096401193,0.615322043378424,1
81,56,1,1,2.32502740588024,4.98096401193,0.623789478282257,1
81,57,-1,1,2.10377179479952,0.73763218390247,0.948279495903246,1
81,58,-1,1,2.10377179479952,0.73763218390247,1.1053032746037,1
81,59,-1,1,2.10377179479952,0.73763218390247,0.725466626435379,1
81,60,-1,1,2.10377179479952,0.73763218390247,1.11305049367893,1
81,61,1,1,2.32502740588024,4.98096401193,0.527626647811296,1
81,62,-1,1,2.10377179479952,0.73763218390247,1.35296690023442,-1
81,63,1,-1,2.21606217642562,2.3260489732994,0.645181456877859,1
81,64,-1,1,2.10377179479952,0.73763218390247,1.18813144924845,1
81,65,-1,1,2.10377179479952,0.73763218390247,0.907386396278965,1
81,66,-1,1,2.10377179479952,0.73763218390247,0.731160343995158,1
81,67,-1,1,2.10377179479952,0.73763218390247,0.690624185494727,-1
81,68,-1,-1,2.0051759779241,0.755354830868131,0.673964635816754,1
81,69,-1,1,2.10377179479952,0.73763218390247,0.633308404132059,1
81,70,1,1,2.32502740588024,4.98096401193,0.353900344601057,1
81,71,-1,1,2.10377179479952,0.73763218390247,1.61484914932735,-1
81,72,-1,-1,2.0051759779241,0.755354830868131,1.07637019717531,-1
81,73,1,-1,2.21606217642562,2.3260489732994,0.637884142230248,1
81,74,-1,1,2.10377179479952,0.73763218390247,0.505642653524975,1
81,75,1,1,2.32502740588024,4.98096401193,0.443511252985233,1
81,76,-1,1,2.10377179479952,0.73763218390247,1.32750603157989,1
81,77,1,1,2.32502740588024,4.98096401193,0.334059574751883,1
81,78,1,1,2.32502740588024,4.98096401193,0.368479405847167,1
81,79,-1,1,2.10377179479952,0.73763218390247,0.835886127834005,1
81,80,1,1,2.32502740588024,4.98096401193,0.297145529078162,1
81,81,-1,1,2.10377179479952,0.73763218390247,0.79015990076534,1
81,82,1,1,2.32502740588024,4.98096401193,0.280664078111439,1
81,83,-1,1,2.10377179479952,0.73763218390247,0.77408757371138,1
81,84,-1,1,2.10377179479952,0.73763218390247,0.600467464008459,1
81,85,1,1,2.32502740588024,4.98096401193,0.315896956196176,1
81,86,1,1,2.32502740588024,4.98096401193,0.623739622474635,1
81,87,1,1,2.32502740588024,4.98096401193,0.530397230341535,1
81,88,-1,1,2.10377179479952,0.73763218390247,0.34870207148485,1
81,89,1,1,2.32502740588024,4.98096401193,0.551373234788826,1
81,90,-1,1,2.10377179479952,0.73763218390247,2.4288871401499,-1
81,91,-1,-1,2.0051759779241,0.755354830868131,2.70934702197148,1
81,92,1,1,2.32502740588024,4.98096401193,0.453005366071161,1
81,93,1,1,2.32502740588024,4.98096401193,0.51451038534633,1
81,94,1,1,2.32502740588024,4.98096401193,0.373179320723414,1
81,95,1,1,2.32502740588024,4.98096401193,0.29089251520097,1
81,96,1,1,2.32502740588024,4.98096401193,0.443355849729652,1
81,97,1,1,2.32502740588024,4.98096401193,0.433014143274664,1
81,98,1,1,2.32502740588024,4.98096401193,0.321399669953539,1
81,99,-1,1,2.10377179479952,0.73763218390247,0.554949646669542,1
81,100,1,1,2.32502740588024,4.98096401193,0.579395955278096,1
81,101,1,1,2.32502740588024,4.98096401193,0.339527125383812,1
82,2,1,1,1.94791419704113,4.13646398375114,0.662176632000172,1
82,3,1,1,1.94791419704113,4.13646398375114,0.374615694064885,1
82,4,-1,1,1.76254565260628,1.95937999361057,0.671580191573032,1
82,5,-1,1,1.76254565260628,1.95937999361057,2.47986821042531,1
82,6,1,1,1.94791419704113,4.13646398375114,0.522748781963405,1
82,7,-1,1,1.76254565260628,1.95937999361057,0.450981133414777,1
82,8,1,1,1.94791419704113,4.13646398375114,0.719874661338662,1
82,9,1,1,1.94791419704113,4.13646398375114,0.33580624877159,1
82,10,1,1,1.94791419704113,4.13646398375114,0.394019021666486,1
82,11,-1,1,1.76254565260628,1.95937999361057,0.578429955153766,1
82,12,-1,1,1.76254565260628,1.95937999361057,0.452958102255588,1
82,13,-1,1,1.76254565260628,1.95937999361057,0.491752303985431,1
82,14,1,1,1.94791419704113,4.13646398375114,0.368440665495356,1
82,15,1,1,1.94791419704113,4.13646398375114,0.481884525319158,1
82,16,-1,1,1.76254565260628,1.95937999361057,1.02586548806179,1
82,17,1,1,1.94791419704113,4.13646398375114,0.470427595307138,1
82,18,-1,1,1.76254565260628,1.95937999361057,0.491329809116475,1
82,19,-1,1,1.76254565260628,1.95937999361057,0.527558722663132,1
82,20,-1,1,1.76254565260628,1.95937999361057,0.938855387833409,1
82,21,1,1,1.94791419704113,4.13646398375114,0.46411678472435,1
82,22,1,1,1.94791419704113,4.13646398375114,0.362778842269726,1
82,23,1,1,1.94791419704113,4.13646398375114,0.48651097673086,1
82,24,-1,1,1.76254565260628,1.95937999361057,0.600996603552238,1
82,25,-1,1,1.76254565260628,1.95937999361057,0.538767747231261,1
82,26,-1,1,1.76254565260628,1.95937999361057,0.569042334209802,1
82,27,-1,1,1.76254565260628,1.95937999361057,0.784008738536994,1
82,28,1,1,1.94791419704113,4.13646398375114,0.406295563974674,1
82,29,1,1,1.94791419704113,4.13646398375114,0.599643632326826,1
82,30,-1,1,1.76254565260628,1.95937999361057,0.509180268948087,1
82,31,-1,1,1.76254565260628,1.95937999361057,0.603732156729118,1
82,32,1,1,1.94791419704113,4.13646398375114,0.549368463163354,1
82,33,1,1,1.94791419704113,4.13646398375114,0.337506380586368,1
82,34,1,1,1.94791419704113,4.13646398375114,0.429202910930722,1
82,35,1,1,1.94791419704113,4.13646398375114,0.469827794049137,1
82,36,1,1,1.94791419704113,4.13646398375114,0.388055241949493,1
82,37,-1,1,1.76254565260628,1.95937999361057,0.750257786673332,1
82,38,-1,1,1.76254565260628,1.95937999361057,0.420236392600518,1
82,39,-1,1,1.76254565260628,1.95937999361057,0.937500062291014,1
82,40,-1,1,1.76254565260628,1.95937999361057,0.436524310384253,1
82,41,1,1,1.94791419704113,4.13646398375114,0.540598028907143,1
82,42,-1,1,1.76254565260628,1.95937999361057,0.46601035418257,1
82,43,1,1,1.94791419704113,4.13646398375114,0.625400581263385,1
82,44,-1,1,1.76254565260628,1.95937999361057,0.508128922041661,1
82,45,1,1,1.94791419704113,4.13646398375114,0.583134284867883,1
82,46,-1,1,1.76254565260628,1.95937999361057,0.440536027027208,-1
82,47,-1,-1,1.67994181276562,-0.0553661520734717,0.706653625807521,-1
82,48,-1,-1,1.67994181276562,-0.0553661520734717,1.71740548856836,-1
82,49,1,-1,1.85662283552785,2.75952217471176,0.619835978474213,1
82,50,1,1,1.94791419704113,4.13646398375114,0.53503114057727,1
82,51,-1,1,1.76254565260628,1.95937999361057,0.451328777825725,1
82,52,-1,1,1.76254565260628,1.95937999361057,0.444151467879387,1
82,53,-1,1,1.76254565260628,1.95937999361057,1.05149230770727,1
82,54,-1,1,1.76254565260628,1.95937999361057,0.623877610126693,1
82,55,-1,1,1.76254565260628,1.95937999361057,0.436442486918471,1
82,56,-1,1,1.76254565260628,1.95937999361057,0.379417829833788,1
82,57,1,1,1.94791419704113,4.13646398375114,0.563170136664772,1
82,58,1,1,1.94791419704113,4.13646398375114,0.443237881121583,1
82,59,1,1,1.94791419704113,4.13646398375114,0.491348455827995,1
82,60,1,1,1.94791419704113,4.13646398375114,0.475911972035105,1
82,61,-1,1,1.76254565260628,1.95937999361057,0.724433939651547,1
82,62,-1,1,1.76254565260628,1.95937999361057,1.0331328694499,1
82,63,-1,1,1.76254565260628,1.95937999361057,0.565948966720099,1
82,64,-1,1,1.76254565260628,1.95937999361057,0.678810429135205,1
82,65,1,1,1.94791419704113,4.13646398375114,0.396780531997881,1
82,66,-1,1,1.76254565260628,1.95937999361057,0.703486238970964,1
82,67,1,1,1.94791419704113,4.13646398375114,0.388455115464168,1
82,68,1,1,1.94791419704113,4.13646398375114,0.613974726487097,1
82,69,1,1,1.94791419704113,4.13646398375114,0.418798177019929,1
82,70,-1,1,1.76254565260628,1.95937999361057,1.54551810468406,1
82,71,1,1,1.94791419704113,4.13646398375114,0.54210459146587,1
82,72,-1,1,1.76254565260628,1.95937999361057,0.583999585359716,1
82,73,-1,1,1.76254565260628,1.95937999361057,0.742684524920551,1
82,74,-1,1,1.76254565260628,1.95937999361057,0.49629738690004,1
82,75,1,1,1.94791419704113,4.13646398375114,0.403277596746711,1
82,76,-1,1,1.76254565260628,1.95937999361057,0.699930292588887,1
82,77,1,1,1.94791419704113,4.13646398375114,0.361318858897719,1
82,78,1,1,1.94791419704113,4.13646398375114,0.364068372228095,1
82,79,1,1,1.94791419704113,4.13646398375114,0.360112458276503,1
82,80,-1,1,1.76254565260628,1.95937999361057,0.626937489644993,1
82,81,-1,1,1.76254565260628,1.95937999361057,0.450809467753673,1
82,82,1,1,1.94791419704113,4.13646398375114,0.83767163759966,1
82,83,1,1,1.94791419704113,4.13646398375114,0.590685774512815,1
82,84,1,1,1.94791419704113,4.13646398375114,0.422544334450986,1
82,85,-1,1,1.76254565260628,1.95937999361057,0.460015052528092,1
82,86,1,1,1.94791419704113,4.13646398375114,0.475681723649737,1
82,87,-1,1,1.76254565260628,1.95937999361057,0.496744359470117,1
82,88,1,1,1.94791419704113,4.13646398375114,0.390653503977037,1
82,89,-1,1,1.76254565260628,1.95937999361057,0.353150292475859,1
82,90,1,1,1.94791419704113,4.13646398375114,0.509602048438806,1
82,91,1,1,1.94791419704113,4.13646398375114,0.377204997398538,1
82,92,-1,1,1.76254565260628,1.95937999361057,0.43309618496657,1
82,93,1,1,1.94791419704113,4.13646398375114,0.516331706964359,1
82,94,1,1,1.94791419704113,4.13646398375114,0.496265026475969,1
82,95,1,1,1.94791419704113,4.13646398375114,0.44658390147744,1
82,96,1,1,1.94791419704113,4.13646398375114,0.578475599426097,1
82,97,-1,1,1.76254565260628,1.95937999361057,1.32301129299726,1
82,98,-1,1,1.76254565260628,1.95937999361057,0.754069785317789,1
82,99,1,1,1.94791419704113,4.13646398375114,0.626265777650235,1
82,100,1,1,1.94791419704113,4.13646398375114,0.475879880214997,1
82,101,-1,1,1.76254565260628,1.95937999361057,0.569645397993133,1
83,2,-1,1,1.74586777256225,0.182067846590156,0.655252834807318,-1
83,3,-1,-1,1.66404556179882,1.76761184833224,0.638846136757796,1
83,4,-1,1,1.74586777256225,0.182067846590156,0.818044472035655,1
83,5,1,1,1.92948228904131,4.54703021796148,0.287120096417662,1
83,6,1,1,1.92948228904131,4.54703021796148,0.495384023847482,1
83,7,1,1,1.92948228904131,4.54703021796148,0.348834950046487,1
83,8,1,1,1.92948228904131,4.54703021796148,0.581947934790485,1
83,9,1,1,1.92948228904131,4.54703021796148,0.356162995194794,1
83,10,1,1,1.92948228904131,4.54703021796148,0.496137714950192,1
83,11,-1,1,1.74586777256225,0.182067846590156,0.496345537572956,-1
83,12,1,-1,1.83905476125291,2.30329008711612,0.576546152141277,1
83,13,-1,1,1.74586777256225,0.182067846590156,0.415396891909983,-1
83,14,-1,-1,1.66404556179882,1.76761184833224,0.859499937307321,1
83,15,1,1,1.92948228904131,4.54703021796148,0.396527969548364,1
83,16,1,1,1.92948228904131,4.54703021796148,0.337667628758014,1
83,17,-1,1,1.74586777256225,0.182067846590156,0.799222209866651,-1
83,18,1,-1,1.83905476125291,2.30329008711612,0.341102593392175,1
83,19,-1,1,1.74586777256225,0.182067846590156,0.959026862867345,1
83,20,-1,1,1.74586777256225,0.182067846590156,0.472951987773161,1
83,21,1,1,1.92948228904131,4.54703021796148,0.428760218029814,1
83,22,-1,1,1.74586777256225,0.182067846590156,0.558400971386012,1
83,23,-1,1,1.74586777256225,0.182067846590156,0.671404305095037,1
83,24,1,1,1.92948228904131,4.54703021796148,0.455763574339839,1
83,25,1,1,1.92948228904131,4.54703021796148,0.668310791101122,1
83,26,-1,1,1.74586777256225,0.182067846590156,0.32890241968062,-1
83,27,1,-1,1.83905476125291,2.30329008711612,0.434793182479985,1
83,28,1,1,1.92948228904131,4.54703021796148,0.408466301625634,1
83,29,-1,1,1.74586777256225,0.182067846590156,1.97673362981719,-1
83,30,1,-1,1.83905476125291,2.30329008711612,0.855848268428092,1
83,31,-1,1,1.74586777256225,0.182067846590156,0.427915557855669,-1
83,32,1,-1,1.83905476125291,2.30329008711612,0.498439855985812,1
83,33,-1,1,1.74586777256225,0.182067846590156,0.477798473416026,1
83,34,1,1,1.92948228904131,4.54703021796148,0.423197936602079,1
83,35,-1,1,1.74586777256225,0.182067846590156,1.19022115597794,1
83,36,1,1,1.92948228904131,4.54703021796148,0.551658122288392,1
83,37,1,1,1.92948228904131,4.54703021796148,0.476265672633891,1
83,38,1,1,1.92948228904131,4.54703021796148,0.40350999297426,1
83,39,1,1,1.92948228904131,4.54703021796148,0.356358152870491,1
83,40,1,1,1.92948228904131,4.54703021796148,0.40061678487329,1
83,41,1,1,1.92948228904131,4.54703021796148,0.38399267512606,1
83,42,-1,1,1.74586777256225,0.182067846590156,0.481391519231316,1
83,43,-1,1,1.74586777256225,0.182067846590156,0.612657416030809,1
83,44,-1,1,1.74586777256225,0.182067846590156,0.657816948011206,1
83,45,-1,1,1.74586777256225,0.182067846590156,1.18403791644869,1
83,46,-1,1,1.74586777256225,0.182067846590156,0.57884243877075,1
83,47,-1,1,1.74586777256225,0.182067846590156,1.24733846035911,-1
83,48,1,-1,1.83905476125291,2.30329008711612,0.726680726332473,1
83,49,1,1,1.92948228904131,4.54703021796148,0.358107316867169,1
83,50,-1,1,1.74586777256225,0.182067846590156,0.666810925839675,1
83,51,1,1,1.92948228904131,4.54703021796148,0.371362551398351,1
83,52,1,1,1.92948228904131,4.54703021796148,0.426265751301448,1
83,53,-1,1,1.74586777256225,0.182067846590156,0.729055092231456,1
83,54,-1,1,1.74586777256225,0.182067846590156,0.408287024375184,1
83,55,1,1,1.92948228904131,4.54703021796148,0.350452218161713,1
83,56,-1,1,1.74586777256225,0.182067846590156,1.59630135989988,1
83,57,1,1,1.92948228904131,4.54703021796148,0.504016112816555,1
83,58,1,1,1.92948228904131,4.54703021796148,0.438795031925354,1
83,59,-1,1,1.74586777256225,0.182067846590156,1.51137295677886,1
83,60,-1,1,1.74586777256225,0.182067846590156,0.66350434948087,1
83,61,-1,1,1.74586777256225,0.182067846590156,0.544904775486294,1
83,62,1,1,1.92948228904131,4.54703021796148,0.308177259386008,1
83,63,1,1,1.92948228904131,4.54703021796148,0.504075167902041,1
83,64,-1,1,1.74586777256225,0.182067846590156,1.21597179749917,1
83,65,1,1,1.92948228904131,4.54703021796148,0.465038389422344,1
83,66,-1,1,1.74586777256225,0.182067846590156,0.868641957400144,1
83,67,-1,1,1.74586777256225,0.182067846590156,0.545146061893918,1
83,68,1,1,1.92948228904131,4.54703021796148,0.355076636958401,1
83,69,-1,1,1.74586777256225,0.182067846590156,1.37493892239278,-1
83,70,-1,-1,1.66404556179882,1.76761184833224,0.48805462543456,1
83,71,1,1,1.92948228904131,4.54703021796148,0.368566629073272,1
83,72,1,1,1.92948228904131,4.54703021796148,0.495729904851669,1
83,73,1,1,1.92948228904131,4.54703021796148,0.560886423416737,1
83,74,1,1,1.92948228904131,4.54703021796148,0.4284080230539,1
83,75,-1,1,1.74586777256225,0.182067846590156,1.23928785263569,-1
83,76,-1,-1,1.66404556179882,1.76761184833224,0.75271654470411,1
83,77,-1,1,1.74586777256225,0.182067846590156,1.62415629997455,-1
83,78,1,-1,1.83905476125291,2.30329008711612,0.575493384176461,1
83,79,1,1,1.92948228904131,4.54703021796148,0.332344956465436,1
83,80,1,1,1.92948228904131,4.54703021796148,0.346658811935928,1
83,81,-1,1,1.74586777256225,0.182067846590156,0.514159745460018,1
83,82,-1,1,1.74586777256225,0.182067846590156,4.55912291157872,1
83,83,-1,1,1.74586777256225,0.182067846590156,2.46674172843066,1
83,84,1,1,1.92948228904131,4.54703021796148,0.48606133349579,1
83,85,-1,1,1.74586777256225,0.182067846590156,0.74600663274256,1
83,86,1,1,1.92948228904131,4.54703021796148,0.371224724824001,1
83,87,-1,1,1.74586777256225,0.182067846590156,0.521274905446747,1
83,88,1,1,1.92948228904131,4.54703021796148,0.416009631517838,1
83,89,-1,1,1.74586777256225,0.182067846590156,0.59720964873518,-1
83,90,-1,-1,1.66404556179882,1.76761184833224,0.561790477607331,1
83,91,-1,1,1.74586777256225,0.182067846590156,0.733831434765262,1
83,92,1,1,1.92948228904131,4.54703021796148,0.552989447502386,1
83,93,1,1,1.92948228904131,4.54703021796148,0.383949013113739,1
83,94,1,1,1.92948228904131,4.54703021796148,0.441261782050441,1
83,95,1,1,1.92948228904131,4.54703021796148,0.879059080443573,1
83,96,-1,1,1.74586777256225,0.182067846590156,1.00551159631344,-1
83,97,1,-1,1.83905476125291,2.30329008711612,0.431433214443828,1
83,98,-1,1,1.74586777256225,0.182067846590156,0.902014384982351,1
83,99,-1,1,1.74586777256225,0.182067846590156,0.569990310385653,1
83,100,-1,1,1.74586777256225,0.182067846590156,2.04265272555528,1
83,101,-1,1,1.74586777256225,0.182067846590156,0.300604063187542,1
84,2,-1,1,1.68870443576903,1.427697577975,0.377014154920764,1
84,3,1,1,1.86630703163728,4.05312285118502,0.373347918040123,1
84,4,-1,1,1.68870443576903,1.427697577975,0.609573418079907,1
84,5,1,1,1.86630703163728,4.05312285118502,0.254506278298841,1
84,6,-1,1,1.68870443576903,1.427697577975,0.403505861715312,-1
84,7,-1,-1,1.60956125411911,0.364915163108359,0.493992859709767,1
84,8,1,1,1.86630703163728,4.05312285118502,0.256547191305558,1
84,9,1,1,1.86630703163728,4.05312285118502,0.268306441989137,1
84,10,-1,1,1.68870443576903,1.427697577975,0.310998528840302,1
84,11,-1,1,1.68870443576903,1.427697577975,0.604073023697204,1
84,12,1,1,1.86630703163728,4.05312285118502,0.293418135558574,1
84,13,-1,1,1.68870443576903,1.427697577975,0.547900470657613,1
84,14,1,1,1.86630703163728,4.05312285118502,0.476468798641289,1
84,15,-1,1,1.68870443576903,1.427697577975,0.875856068362027,1
84,16,1,1,1.86630703163728,4.05312285118502,0.562736560305965,1
84,17,1,1,1.86630703163728,4.05312285118502,0.269513232259807,1
84,18,1,1,1.86630703163728,4.05312285118502,0.348656142528255,1
84,19,-1,1,1.68870443576903,1.427697577975,0.395263966782436,1
84,20,1,1,1.86630703163728,4.05312285118502,0.326523626548958,1
84,21,-1,1,1.68870443576903,1.427697577975,0.454385297510023,1
84,22,-1,1,1.68870443576903,1.427697577975,0.296704874523346,-1
84,23,-1,-1,1.60956125411911,0.364915163108359,0.395415821235936,1
84,24,1,1,1.86630703163728,4.05312285118502,0.56179662909061,1
84,25,1,1,1.86630703163728,4.05312285118502,0.378609779628673,1
84,26,1,1,1.86630703163728,4.05312285118502,0.358734384325211,1
84,27,1,1,1.86630703163728,4.05312285118502,0.399155720762311,1
84,28,-1,1,1.68870443576903,1.427697577975,0.286514695008363,1
84,29,1,1,1.86630703163728,4.05312285118502,0.518145624447607,1
84,30,1,1,1.86630703163728,4.05312285118502,0.355772616337574,1
84,31,1,1,1.86630703163728,4.05312285118502,0.45936633722586,1
84,32,-1,1,1.68870443576903,1.427697577975,0.304973812901748,1
84,33,1,1,1.86630703163728,4.05312285118502,0.419065858332474,1
84,34,1,1,1.86630703163728,4.05312285118502,0.295632940706799,1
84,35,-1,1,1.68870443576903,1.427697577975,0.515500288480093,1
84,36,1,1,1.86630703163728,4.05312285118502,0.713769982510979,1
84,37,-1,1,1.68870443576903,1.427697577975,0.372683475712718,1
84,38,1,1,1.86630703163728,4.05312285118502,0.349048220587831,1
84,39,-1,1,1.68870443576903,1.427697577975,0.796019000355084,1
84,40,1,1,1.86630703163728,4.05312285118502,0.34541374054035,1
84,41,-1,1,1.68870443576903,1.427697577975,0.971468243665537,-1
84,42,1,-1,1.77884028891381,2.95426440773162,0.599570925994286,1
84,43,-1,1,1.68870443576903,1.427697577975,0.36204899310249,1
84,44,-1,1,1.68870443576903,1.427697577975,0.600217256223594,1
84,45,1,1,1.86630703163728,4.05312285118502,0.716634203381566,1
84,46,1,1,1.86630703163728,4.05312285118502,0.25173287023557,1
84,47,1,1,1.86630703163728,4.05312285118502,0.361670466707602,1
84,48,-1,1,1.68870443576903,1.427697577975,1.36837830222775,1
84,49,-1,1,1.68870443576903,1.427697577975,0.402190150283434,1
84,50,1,1,1.86630703163728,4.05312285118502,0.275994858993566,1
84,51,1,1,1.86630703163728,4.05312285118502,0.424757034718782,1
84,52,-1,1,1.68870443576903,1.427697577975,0.566568827374965,1
84,53,-1,1,1.68870443576903,1.427697577975,0.882364287549743,1
84,54,-1,1,1.68870443576903,1.427697577975,0.800432788255703,1
84,55,1,1,1.86630703163728,4.05312285118502,0.267284972429986,1
84,56,1,1,1.86630703163728,4.05312285118502,0.345903231021167,1
84,57,-1,1,1.68870443576903,1.427697577975,0.500784111768394,1
84,58,1,1,1.86630703163728,4.05312285118502,0.370426264856769,1
84,59,-1,1,1.68870443576903,1.427697577975,0.446438883799933,1
84,60,-1,1,1.68870443576903,1.427697577975,0.322482212881624,1
84,61,1,1,1.86630703163728,4.05312285118502,0.510196838312387,1
84,62,-1,1,1.68870443576903,1.427697577975,1.44259625353447,1
84,63,1,1,1.86630703163728,4.05312285118502,0.324177732669283,1
84,64,-1,1,1.68870443576903,1.427697577975,0.558279127375202,1
84,65,-1,1,1.68870443576903,1.427697577975,0.50774633657218,1
84,66,1,1,1.86630703163728,4.05312285118502,0.390842436414321,1
84,67,-1,1,1.68870443576903,1.427697577975,0.71652099473685,1
84,68,-1,1,1.68870443576903,1.427697577975,0.317338216701622,1
84,69,1,1,1.86630703163728,4.05312285118502,0.456825048134865,1
84,70,-1,1,1.68870443576903,1.427697577975,1.62493030303443,1
84,71,1,1,1.86630703163728,4.05312285118502,0.327200385105785,1
84,72,-1,1,1.68870443576903,1.427697577975,0.3798391273067,1
84,73,-1,1,1.68870443576903,1.427697577975,0.287496499814129,1
84,74,1,1,1.86630703163728,4.05312285118502,0.3623660622358,1
84,75,1,1,1.86630703163728,4.05312285118502,0.334831905651106,1
84,76,-1,1,1.68870443576903,1.427697577975,1.04273108277893,1
84,77,-1,1,1.68870443576903,1.427697577975,0.692129554392273,1
84,78,-1,1,1.68870443576903,1.427697577975,1.10877437655139,1
84,79,1,1,1.86630703163728,4.05312285118502,0.573629940450304,1
84,80,1,1,1.86630703163728,4.05312285118502,0.528153168429948,1
84,81,-1,1,1.68870443576903,1.427697577975,1.58220430829802,-1
84,82,-1,-1,1.60956125411911,0.364915163108359,0.373371983445635,1
84,83,1,1,1.86630703163728,4.05312285118502,0.492997344024152,1
84,84,1,1,1.86630703163728,4.05312285118502,0.349037372331704,1
84,85,1,1,1.86630703163728,4.05312285118502,0.374446573623475,1
84,86,-1,1,1.68870443576903,1.427697577975,0.708330902347952,1
84,87,-1,1,1.68870443576903,1.427697577975,0.444390677625313,1
84,88,-1,1,1.68870443576903,1.427697577975,0.601249547511432,1
84,89,-1,1,1.68870443576903,1.427697577975,0.427893929191911,1
84,90,-1,1,1.68870443576903,1.427697577975,0.827255134968651,1
84,91,-1,1,1.68870443576903,1.427697577975,0.512880540315064,1
84,92,1,1,1.86630703163728,4.05312285118502,0.50241785974207,1
84,93,1,1,1.86630703163728,4.05312285118502,0.4899591600479,1
84,94,-1,1,1.68870443576903,1.427697577975,0.241505044350467,1
84,95,-1,1,1.68870443576903,1.427697577975,0.39314935250242,1
84,96,1,1,1.86630703163728,4.05312285118502,0.648674754116803,1
84,97,1,1,1.86630703163728,4.05312285118502,0.417079914926249,1
84,98,1,1,1.86630703163728,4.05312285118502,0.459682374138791,1
84,99,-1,1,1.68870443576903,1.427697577975,1.00226422282411,-1
84,100,1,-1,1.77884028891381,2.95426440773162,0.347020288275827,1
84,101,1,1,1.86630703163728,4.05312285118502,0.325125758852566,1
85,2,-1,1,1.4781344523976,1.18573595938089,0.236093666343241,1
85,3,1,1,1.6335912097955,4.22885149005835,0.204959107474948,1
85,4,1,1,1.6335912097955,4.22885149005835,0.355658438901097,1
85,5,-1,1,1.4781344523976,1.18573595938089,1.26294756063668,1
85,6,-1,1,1.4781344523976,1.18573595938089,0.330214702379512,1
85,7,-1,1,1.4781344523976,1.18573595938089,0.683998269819895,1
85,8,-1,1,1.4781344523976,1.18573595938089,0.230773847455352,1
85,9,1,1,1.6335912097955,4.22885149005835,0.22424284284856,1
85,10,1,1,1.6335912097955,4.22885149005835,0.28841752660934,1
85,11,-1,1,1.4781344523976,1.18573595938089,1.0461248239961,1
85,12,-1,1,1.4781344523976,1.18573595938089,0.32185362277855,1
85,13,-1,1,1.4781344523976,1.18573595938089,0.32328557365122,1
85,14,-1,1,1.4781344523976,1.18573595938089,0.259448408396659,-1
85,15,1,-1,1.55703097632891,2.51069858395618,0.266343087153129,1
85,16,-1,1,1.4781344523976,1.18573595938089,0.260536760431745,1
85,17,1,1,1.6335912097955,4.22885149005835,0.318442854533292,1
85,18,1,1,1.6335912097955,4.22885149005835,0.232543099201687,1
85,19,1,1,1.6335912097955,4.22885149005835,0.196752125698423,1
85,20,1,1,1.6335912097955,4.22885149005835,0.180608416269428,1
85,21,-1,1,1.4781344523976,1.18573595938089,0.563303460606684,1
85,22,1,1,1.6335912097955,4.22885149005835,0.226787705012258,1
85,23,1,1,1.6335912097955,4.22885149005835,0.236853420987656,1
85,24,-1,1,1.4781344523976,1.18573595938089,0.530695536281309,1
85,25,-1,1,1.4781344523976,1.18573595938089,0.197514427859942,1
85,26,1,1,1.6335912097955,4.22885149005835,0.241446893948877,1
85,27,1,1,1.6335912097955,4.22885149005835,0.263249170085513,1
85,28,-1,1,1.4781344523976,1.18573595938089,0.275640636986568,1
85,29,-1,1,1.4781344523976,1.18573595938089,0.219453752969583,1
85,30,1,1,1.6335912097955,4.22885149005835,0.323370539432355,1
85,31,-1,1,1.4781344523976,1.18573595938089,0.857375462919844,-1
85,32,1,-1,1.55703097632891,2.51069858395618,0.225773184592344,1
85,33,-1,1,1.4781344523976,1.18573595938089,0.51692035160996,1
85,34,-1,1,1.4781344523976,1.18573595938089,0.217352242010514,1
85,35,1,1,1.6335912097955,4.22885149005835,0.286005483225196,1
85,36,-1,1,1.4781344523976,1.18573595938089,0.650139393507815,1
85,37,-1,1,1.4781344523976,1.18573595938089,0.222027048489045,1
85,38,1,1,1.6335912097955,4.22885149005835,0.349703708682099,1
85,39,1,1,1.6335912097955,4.22885149005835,0.250868591533399,1
85,40,1,1,1.6335912097955,4.22885149005835,0.295117500297994,1
85,41,1,1,1.6335912097955,4.22885149005835,0.174750998845926,1
85,42,-1,1,1.4781344523976,1.18573595938089,0.910337613511756,1
85,43,1,1,1.6335912097955,4.22885149005835,0.202791644582068,1
85,44,1,1,1.6335912097955,4.22885149005835,0.360828649646708,1
85,45,-1,1,1.4781344523976,1.18573595938089,0.730397596270965,1
85,46,-1,1,1.4781344523976,1.18573595938089,0.38622433955098,1
85,47,1,1,1.6335912097955,4.22885149005835,0.452580885373265,1
85,48,-1,1,1.4781344523976,1.18573595938089,0.395276544553766,1
85,49,1,1,1.6335912097955,4.22885149005835,0.422883106915002,1
85,50,1,1,1.6335912097955,4.22885149005835,0.202813046546664,1
85,51,-1,1,1.4781344523976,1.18573595938089,0.3193117418862,1
85,52,-1,1,1.4781344523976,1.18573595938089,1.25769061940219,1
85,53,1,1,1.6335912097955,4.22885149005835,0.324505970984324,1
85,54,1,1,1.6335912097955,4.22885149005835,0.270836217714911,1
85,55,1,1,1.6335912097955,4.22885149005835,0.233920659740367,1
85,56,-1,1,1.4781344523976,1.18573595938089,0.33237776194251,1
85,57,-1,1,1.4781344523976,1.18573595938089,0.518892179284373,1
85,58,-1,1,1.4781344523976,1.18573595938089,0.471351022349015,-1
85,59,-1,-1,1.40885988842346,0.87471396660458,0.302654833184087,1
85,60,1,1,1.6335912097955,4.22885149005835,0.492933823601011,1
85,61,-1,1,1.4781344523976,1.18573595938089,0.239071263392728,1
85,62,-1,1,1.4781344523976,1.18573595938089,1.2086895512954,1
85,63,1,1,1.6335912097955,4.22885149005835,0.234713779533305,1
85,64,-1,1,1.4781344523976,1.18573595938089,0.259665921274712,-1
85,65,1,-1,1.55703097632891,2.51069858395618,0.713842108023738,1
85,66,1,1,1.6335912097955,4.22885149005835,0.205195309841084,1
85,67,-1,1,1.4781344523976,1.18573595938089,0.315470107472923,1
85,68,-1,1,1.4781344523976,1.18573595938089,1.88840682501529,-1
85,69,-1,-1,1.40885988842346,0.87471396660458,0.38102756720778,1
85,70,1,1,1.6335912097955,4.22885149005835,0.473272999822393,1
85,71,-1,1,1.4781344523976,1.18573595938089,0.326670213146035,1
85,72,-1,1,1.4781344523976,1.18573595938089,0.488078005066865,1
85,73,1,1,1.6335912097955,4.22885149005835,0.263655101329057,1
85,74,-1,1,1.4781344523976,1.18573595938089,0.510091513508829,-1
85,75,-1,-1,1.40885988842346,0.87471396660458,0.714327321805722,1
85,76,1,1,1.6335912097955,4.22885149005835,0.329847358435377,1
85,77,1,1,1.6335912097955,4.22885149005835,0.230181284788933,1
85,78,1,1,1.6335912097955,4.22885149005835,0.326319851102408,1
85,79,1,1,1.6335912097955,4.22885149005835,0.340981564056458,1
85,80,-1,1,1.4781344523976,1.18573595938089,0.289661355500451,-1
85,81,-1,-1,1.40885988842346,0.87471396660458,0.355742082388754,1
85,82,1,1,1.6335912097955,4.22885149005835,0.315240550020185,1
85,83,1,1,1.6335912097955,4.22885149005835,0.316704598824685,1
85,84,-1,1,1.4781344523976,1.18573595938089,1.60238719936548,1
85,85,1,1,1.6335912097955,4.22885149005835,0.272868404252946,1
85,86,1,1,1.6335912097955,4.22885149005835,0.397250778980149,1
85,87,1,1,1.6335912097955,4.22885149005835,0.337852157318604,1
85,88,-1,1,1.4781344523976,1.18573595938089,0.408536567161522,-1
85,89,-1,-1,1.40885988842346,0.87471396660458,0.456889145275244,1
85,90,1,1,1.6335912097955,4.22885149005835,0.423502823976829,1
85,91,1,1,1.6335912097955,4.22885149005835,0.342568266689867,1
85,92,-1,1,1.4781344523976,1.18573595938089,0.961620398969055,1
85,93,1,1,1.6335912097955,4.22885149005835,0.268556517692757,1
85,94,1,1,1.6335912097955,4.22885149005835,0.635225562517555,1
85,95,1,1,1.6335912097955,4.22885149005835,0.238891403683949,1
85,96,-1,1,1.4781344523976,1.18573595938089,0.327675579024754,1
85,97,-1,1,1.4781344523976,1.18573595938089,0.516258683482226,1
85,98,-1,1,1.4781344523976,1.18573595938089,0.312249765580697,-1
85,99,1,-1,1.55703097632891,2.51069858395618,0.352521265903844,1
85,100,1,1,1.6335912097955,4.22885149005835,0.390693587920684,1
85,101,-1,1,1.4781344523976,1.18573595938089,0.588562876520574,1
86,2,-1,1,1.27258893530546,1.33754408349264,0.232942442448179,1
86,3,-1,1,1.27258893530546,1.33754408349264,0.553176429456434,-1
86,4,1,-1,1.34051431464168,2.52478412374499,0.489637762964079,1
86,5,-1,1,1.27258893530546,1.33754408349264,0.395353824603762,1
86,6,-1,1,1.27258893530546,1.33754408349264,0.295793785465304,-1
86,7,1,-1,1.34051431464168,2.52478412374499,0.383958814217825,-1
86,8,1,-1,1.34051431464168,2.52478412374499,0.226477108336067,1
86,9,1,1,1.40642828196444,3.70551782498883,0.2651451661207,1
86,10,-1,1,1.27258893530546,1.33754408349264,0.433914181871148,1
86,11,-1,1,1.27258893530546,1.33754408349264,0.644514764043153,1
86,12,-1,1,1.27258893530546,1.33754408349264,0.319526519745957,1
86,13,-1,1,1.27258893530546,1.33754408349264,0.284945984739631,-1
86,14,-1,-1,1.21294751130062,1.23215396777353,0.936223386073279,1
86,15,1,1,1.40642828196444,3.70551782498883,0.313351454923207,1
86,16,1,1,1.40642828196444,3.70551782498883,0.212404160196255,1
86,17,-1,1,1.27258893530546,1.33754408349264,0.36289668555842,1
86,18,1,1,1.40642828196444,3.70551782498883,0.434083556420231,1
86,19,1,1,1.40642828196444,3.70551782498883,0.265776915271273,1
86,20,1,1,1.40642828196444,3.70551782498883,0.276121384870878,1
86,21,-1,1,1.27258893530546,1.33754408349264,0.335424623009778,1
86,22,-1,1,1.27258893530546,1.33754408349264,0.27314185669354,1
86,23,-1,1,1.27258893530546,1.33754408349264,0.350962364209131,1
86,24,-1,1,1.27258893530546,1.33754408349264,0.315794332637739,-1
86,25,-1,-1,1.21294751130062,1.23215396777353,0.583062108096872,-1
86,26,1,-1,1.34051431464168,2.52478412374499,1.02334118982729,1
86,27,-1,1,1.27258893530546,1.33754408349264,0.53284324553851,1
86,28,-1,1,1.27258893530546,1.33754408349264,0.23481780031751,-1
86,29,-1,-1,1.21294751130062,1.23215396777353,0.811362658340719,-1
86,30,1,-1,1.34051431464168,2.52478412374499,0.40305671368984,1
86,31,-1,1,1.27258893530546,1.33754408349264,0.896592199480085,-1
86,32,1,-1,1.34051431464168,2.52478412374499,0.272337704957844,1
86,33,-1,1,1.27258893530546,1.33754408349264,0.292229684436975,1
86,34,-1,1,1.27258893530546,1.33754408349264,0.680366283765501,1
86,35,-1,1,1.27258893530546,1.33754408349264,0.881187365110429,-1
86,36,-1,-1,1.21294751130062,1.23215396777353,0.319980158070571,1
86,37,-1,1,1.27258893530546,1.33754408349264,0.517975040092774,1
86,38,1,1,1.40642828196444,3.70551782498883,0.34134827284584,1
86,39,1,1,1.40642828196444,3.70551782498883,0.294902166437308,1
86,40,1,1,1.40642828196444,3.70551782498883,0.300129031245576,1
86,41,1,1,1.40642828196444,3.70551782498883,0.267949604026086,1
86,42,-1,1,1.27258893530546,1.33754408349264,0.319052441206141,1
86,43,-1,1,1.27258893530546,1.33754408349264,0.3760802708596,-1
86,44,-1,-1,1.21294751130062,1.23215396777353,0.343347312159077,1
86,45,1,1,1.40642828196444,3.70551782498883,0.319814395154108,1
86,46,1,1,1.40642828196444,3.70551782498883,0.310896775366892,1
86,47,1,1,1.40642828196444,3.70551782498883,0.645191254776084,1
86,48,1,1,1.40642828196444,3.70551782498883,0.408001723958676,1
86,49,1,1,1.40642828196444,3.70551782498883,0.756766208752612,1
86,50,1,1,1.40642828196444,3.70551782498883,0.491548175751249,1
86,51,-1,1,1.27258893530546,1.33754408349264,0.361623123959294,1
86,52,1,1,1.40642828196444,3.70551782498883,0.282809776082985,1
86,53,-1,1,1.27258893530546,1.33754408349264,0.318934553472351,-1
86,54,1,-1,1.34051431464168,2.52478412374499,0.304695508329212,1
86,55,-1,1,1.27258893530546,1.33754408349264,0.413705143561296,1
86,56,-1,1,1.27258893530546,1.33754408349264,0.282125503422497,1
86,57,-1,1,1.27258893530546,1.33754408349264,0.449377033714676,1
86,58,1,1,1.40642828196444,3.70551782498883,0.663435362953452,1
86,59,-1,1,1.27258893530546,1.33754408349264,0.25829637607363,1
86,60,-1,1,1.27258893530546,1.33754408349264,0.307350679319043,1
86,61,1,1,1.40642828196444,3.70551782498883,0.341052610508078,1
86,62,1,1,1.40642828196444,3.70551782498883,0.402387512505397,1
86,63,-1,1,1.27258893530546,1.33754408349264,0.753860070881601,-1
86,64,1,-1,1.34051431464168,2.52478412374499,0.456620895486387,1
86,65,-1,1,1.27258893530546,1.33754408349264,0.579118031303206,1
86,66,-1,1,1.27258893530546,1.33754408349264,0.351911798148079,1
86,67,-1,1,1.27258893530546,1.33754408349264,0.358044371811193,1
86,68,1,1,1.40642828196444,3.70551782498883,0.388269913741286,1
86,69,1,1,1.40642828196444,3.70551782498883,0.418264616208371,1
86,70,1,1,1.40642828196444,3.70551782498883,0.534938877428433,1
86,71,1,1,1.40642828196444,3.70551782498883,0.298191522856452,1
86,72,-1,1,1.27258893530546,1.33754408349264,0.900788111850185,1
86,73,1,1,1.40642828196444,3.70551782498883,0.379322169095213,1
86,74,1,1,1.40642828196444,3.70551782498883,0.501363474469422,1
86,75,1,1,1.40642828196444,3.70551782498883,0.65248885195026,1
86,76,1,1,1.40642828196444,3.70551782498883,0.251238341833891,1
86,77,1,1,1.40642828196444,3.70551782498883,0.274441952555519,1
86,78,1,1,1.40642828196444,3.70551782498883,0.232750631000143,1
86,79,1,1,1.40642828196444,3.70551782498883,0.347398466934161,1
86,80,1,1,1.40642828196444,3.70551782498883,0.361117107841216,1
86,81,1,1,1.40642828196444,3.70551782498883,0.24014482901026,1
86,82,1,1,1.40642828196444,3.70551782498883,0.27975730666978,1
86,83,-1,1,1.27258893530546,1.33754408349264,0.23706457580769,1
86,84,-1,1,1.27258893530546,1.33754408349264,0.451435978050507,1
86,85,1,1,1.40642828196444,3.70551782498883,0.217307278059292,1
86,86,1,1,1.40642828196444,3.70551782498883,0.396063069391153,1
86,87,-1,1,1.27258893530546,1.33754408349264,0.298700038636702,1
86,88,-1,1,1.27258893530546,1.33754408349264,0.325865846834553,1
86,89,-1,1,1.27258893530546,1.33754408349264,0.553244591375583,-1
86,90,1,-1,1.34051431464168,2.52478412374499,0.678916092475418,-1
86,91,-1,-1,1.21294751130062,1.23215396777353,0.397959709232307,1
86,92,-1,1,1.27258893530546,1.33754408349264,0.326516425370893,1
86,93,-1,1,1.27258893530546,1.33754408349264,0.288237325279826,1
86,94,-1,1,1.27258893530546,1.33754408349264,0.779591523457727,1
86,95,1,1,1.40642828196444,3.70551782498883,0.732892518477321,1
86,96,1,1,1.40642828196444,3.70551782498883,0.343708490348053,1
86,97,1,1,1.40642828196444,3.70551782498883,0.36724347073877,1
86,98,-1,1,1.27258893530546,1.33754408349264,0.271034803939326,-1
86,99,1,-1,1.34051431464168,2.52478412374499,0.228075065337425,1
86,100,-1,1,1.27258893530546,1.33754408349264,0.517906971127101,1
86,101,1,1,1.40642828196444,3.70551782498883,0.562500913008085,1
87,2,-1,1,1.69761399896749,1.47847843485999,0.47407723395379,1
87,3,-1,1,1.69761399896749,1.47847843485999,1.09279284199574,1
87,4,1,1,1.87615362177697,4.10896842027923,0.331505555520154,1
87,5,-1,1,1.69761399896749,1.47847843485999,0.472282573408618,-1
87,6,-1,-1,1.61805325983167,1.24046123796713,0.356789266976187,1
87,7,1,1,1.87615362177697,4.10896842027923,0.325509882397764,1
87,8,-1,1,1.69761399896749,1.47847843485999,0.425536798899936,1
87,9,1,1,1.87615362177697,4.10896842027923,0.517140771602478,1
87,10,1,1,1.87615362177697,4.10896842027923,0.456098087398079,1
87,11,-1,1,1.69761399896749,1.47847843485999,0.712784485114912,1
87,12,1,1,1.87615362177697,4.10896842027923,0.262332189020385,1
87,13,1,1,1.87615362177697,4.10896842027923,0.388165676535886,1
87,14,1,1,1.87615362177697,4.10896842027923,0.43967142668209,1
87,15,1,1,1.87615362177697,4.10896842027923,0.275954492793951,1
87,16,1,1,1.87615362177697,4.10896842027923,0.479125577606147,1
87,17,1,1,1.87615362177697,4.10896842027923,0.315689131219074,1
87,18,-1,1,1.69761399896749,1.47847843485999,0.384249217369513,1
87,19,1,1,1.87615362177697,4.10896842027923,0.421356057421967,1
87,20,1,1,1.87615362177697,4.10896842027923,0.410847482661285,1
87,21,1,1,1.87615362177697,4.10896842027923,0.440231545487398,1
87,22,-1,1,1.69761399896749,1.47847843485999,0.371688161552241,1
87,23,1,1,1.87615362177697,4.10896842027923,0.232633058983886,1
87,24,-1,1,1.69761399896749,1.47847843485999,0.327848094317836,1
87,25,1,1,1.87615362177697,4.10896842027923,0.464271826385936,1
87,26,-1,1,1.69761399896749,1.47847843485999,1.03652076092121,1
87,27,-1,1,1.69761399896749,1.47847843485999,0.373120158379892,1
87,28,1,1,1.87615362177697,4.10896842027923,0.275294955795422,1
87,29,-1,1,1.69761399896749,1.47847843485999,0.276633732361109,1
87,30,1,1,1.87615362177697,4.10896842027923,0.331129562051364,1
87,31,-1,1,1.69761399896749,1.47847843485999,1.2254274336239,1
87,32,1,1,1.87615362177697,4.10896842027923,0.649530460821157,1
87,33,1,1,1.87615362177697,4.10896842027923,0.496517994314188,1
87,34,1,1,1.87615362177697,4.10896842027923,0.259795883805875,1
87,35,-1,1,1.69761399896749,1.47847843485999,1.04270385924848,-1
87,36,-1,-1,1.61805325983167,1.24046123796713,0.575562528020706,1
87,37,-1,1,1.69761399896749,1.47847843485999,0.485478945488537,1
87,38,-1,1,1.69761399896749,1.47847843485999,0.249154911041828,1
87,39,1,1,1.87615362177697,4.10896842027923,0.500896088017438,1
87,40,1,1,1.87615362177697,4.10896842027923,0.39683353352468,1
87,41,-1,1,1.69761399896749,1.47847843485999,0.691835455763597,1
87,42,1,1,1.87615362177697,4.10896842027923,0.356832277620239,1
87,43,-1,1,1.69761399896749,1.47847843485999,0.371864178384659,1
87,44,-1,1,1.69761399896749,1.47847843485999,0.244198090972155,1
87,45,1,1,1.87615362177697,4.10896842027923,0.317928535012803,1
87,46,-1,1,1.69761399896749,1.47847843485999,0.26858961789977,1
87,47,-1,1,1.69761399896749,1.47847843485999,1.47257787814895,1
87,48,1,1,1.87615362177697,4.10896842027923,0.542555812225231,1
87,49,1,1,1.87615362177697,4.10896842027923,0.227689329114185,1
87,50,1,1,1.87615362177697,4.10896842027923,0.687931789809677,1
87,51,-1,1,1.69761399896749,1.47847843485999,0.88519329448243,1
87,52,-1,1,1.69761399896749,1.47847843485999,0.623832934422226,1
87,53,-1,1,1.69761399896749,1.47847843485999,0.779189053208692,1
87,54,1,1,1.87615362177697,4.10896842027923,0.368723468645197,1
87,55,1,1,1.87615362177697,4.10896842027923,0.270074710085867,1
87,56,-1,1,1.69761399896749,1.47847843485999,0.656739245873467,1
87,57,-1,1,1.69761399896749,1.47847843485999,0.435271874654325,1
87,58,-1,1,1.69761399896749,1.47847843485999,0.524835499304212,1
87,59,-1,1,1.69761399896749,1.47847843485999,0.613155977726725,1
87,60,1,1,1.87615362177697,4.10896842027923,0.281256018561043,1
87,61,1,1,1.87615362177697,4.10896842027923,0.345558368443227,1
87,62,1,1,1.87615362177697,4.10896842027923,0.387427112237946,1
87,63,-1,1,1.69761399896749,1.47847843485999,0.252615592586811,1
87,64,1,1,1.87615362177697,4.10896842027923,0.370350846857191,1
87,65,-1,1,1.69761399896749,1.47847843485999,0.374431106961448,1
87,66,-1,1,1.69761399896749,1.47847843485999,0.437098904556813,1
87,67,1,1,1.87615362177697,4.10896842027923,0.458050435270338,1
87,68,1,1,1.87615362177697,4.10896842027923,0.614836185700647,1
87,69,1,1,1.87615362177697,4.10896842027923,0.26818803256375,1
87,70,1,1,1.87615362177697,4.10896842027923,0.264928398883613,1
87,71,-1,1,1.69761399896749,1.47847843485999,0.430065112459284,1
87,72,1,1,1.87615362177697,4.10896842027923,0.323906474086771,1
87,73,-1,1,1.69761399896749,1.47847843485999,0.834382111039778,1
87,74,-1,1,1.69761399896749,1.47847843485999,0.501431131534592,1
87,75,1,1,1.87615362177697,4.10896842027923,0.22671857902221,1
87,76,-1,1,1.69761399896749,1.47847843485999,0.905734819964239,1
87,77,1,1,1.87615362177697,4.10896842027923,0.290718747067287,1
87,78,-1,1,1.69761399896749,1.47847843485999,0.418498903459118,-1
87,79,1,-1,1.78822540666346,1.97209190689365,0.43934678301489,1
87,80,-1,1,1.69761399896749,1.47847843485999,0.509389752337194,1
87,81,1,1,1.87615362177697,4.10896842027923,0.453269278087617,1
87,82,-1,1,1.69761399896749,1.47847843485999,0.576850814070692,1
87,83,1,1,1.87615362177697,4.10896842027923,0.408732370353084,1
87,84,1,1,1.87615362177697,4.10896842027923,0.552694152503813,1
87,85,-1,1,1.69761399896749,1.47847843485999,0.590515017151234,1
87,86,1,1,1.87615362177697,4.10896842027923,0.275578780063543,1
87,87,1,1,1.87615362177697,4.10896842027923,0.275857567119419,1
87,88,-1,1,1.69761399896749,1.47847843485999,0.582637952080152,1
87,89,-1,1,1.69761399896749,1.47847843485999,0.350192500699094,1
87,90,1,1,1.87615362177697,4.10896842027923,0.284091581892147,1
87,91,-1,1,1.69761399896749,1.47847843485999,0.428576973201316,1
87,92,1,1,1.87615362177697,4.10896842027923,0.314878943776393,1
87,93,-1,1,1.69761399896749,1.47847843485999,0.314096030110768,1
87,94,1,1,1.87615362177697,4.10896842027923,0.291176465367448,1
87,95,-1,1,1.69761399896749,1.47847843485999,0.361575944420957,1
87,96,-1,1,1.69761399896749,1.47847843485999,0.567591172575157,1
87,97,1,1,1.87615362177697,4.10896842027923,0.234392420431144,1
87,98,-1,1,1.69761399896749,1.47847843485999,0.456308507404637,1
87,99,-1,1,1.69761399896749,1.47847843485999,0.3410586491769,-1
87,100,-1,-1,1.61805325983167,1.24046123796713,0.713259888197335,1
87,101,-1,1,1.69761399896749,1.47847843485999,0.375802541343253,1
88,2,1,1,2.31395202950896,5.0166669132939,0.526247401140214,1
88,3,1,1,2.31395202950896,5.0166669132939,0.396893220420455,1
88,4,1,1,2.31395202950896,5.0166669132939,0.504144313712259,1
88,5,1,1,2.31395202950896,5.0166669132939,0.461953351960971,1
88,6,1,1,2.31395202950896,5.0166669132939,0.387278318095112,1
88,7,-1,1,2.09375037983995,1.00984355816669,0.78018949250411,1
88,8,-1,1,2.09375037983995,1.00984355816669,1.18720317885164,-1
88,9,1,-1,2.20550586100155,1.88676703531835,0.651919647777834,1
88,10,1,1,2.31395202950896,5.0166669132939,0.599227238839601,1
88,11,1,1,2.31395202950896,5.0166669132939,0.813537918959834,1
88,12,-1,1,2.09375037983995,1.00984355816669,0.46716635541161,-1
88,13,1,-1,2.20550586100155,1.88676703531835,0.795689326101017,1
88,14,-1,1,2.09375037983995,1.00984355816669,0.422179353937523,1
88,15,1,1,2.31395202950896,5.0166669132939,0.36676920250992,1
88,16,1,1,2.31395202950896,5.0166669132939,0.812513566623403,1
88,17,1,1,2.31395202950896,5.0166669132939,0.609900976958533,1
88,18,1,1,2.31395202950896,5.0166669132939,0.341766037874316,1
88,19,1,1,2.31395202950896,5.0166669132939,0.41249011417709,1
88,20,-1,1,2.09375037983995,1.00984355816669,0.72555466480709,1
88,21,1,1,2.31395202950896,5.0166669132939,0.594431703045665,1
88,22,-1,1,2.09375037983995,1.00984355816669,1.50299099230487,-1
88,23,-1,-1,1.99562422873182,0.88672249322106,0.447502763010657,1
88,24,1,1,2.31395202950896,5.0166669132939,0.54301024156659,1
88,25,1,1,2.31395202950896,5.0166669132939,0.430601624598716,1
88,26,-1,1,2.09375037983995,1.00984355816669,2.04709026502298,1
88,27,-1,1,2.09375037983995,1.00984355816669,1.46206520170543,1
88,28,-1,1,2.09375037983995,1.00984355816669,0.924474906204943,1
88,29,1,1,2.31395202950896,5.0166669132939,0.348312642663153,1
88,30,1,1,2.31395202950896,5.0166669132939,0.513678935337646,1
88,31,1,1,2.31395202950896,5.0166669132939,0.355189581041897,1
88,32,-1,1,2.09375037983995,1.00984355816669,0.411456598242708,1
88,33,1,1,2.31395202950896,5.0166669132939,0.568059654595003,1
88,34,1,1,2.31395202950896,5.0166669132939,0.359488822467208,1
88,35,-1,1,2.09375037983995,1.00984355816669,0.73687333881569,1
88,36,1,1,2.31395202950896,5.0166669132939,0.379208149584269,1
88,37,-1,1,2.09375037983995,1.00984355816669,0.301700396397302,1
88,38,-1,1,2.09375037983995,1.00984355816669,2.67894657523988,-1
88,39,1,-1,2.20550586100155,1.88676703531835,0.576383924309131,1
88,40,1,1,2.31395202950896,5.0166669132939,0.430229857204607,1
88,41,1,1,2.31395202950896,5.0166669132939,0.417326402738469,1
88,42,1,1,2.31395202950896,5.0166669132939,0.480315907690538,1
88,43,-1,1,2.09375037983995,1.00984355816669,0.977369744262898,1
88,44,1,1,2.31395202950896,5.0166669132939,0.669598413604946,1
88,45,-1,1,2.09375037983995,1.00984355816669,0.743804711804329,1
88,46,1,1,2.31395202950896,5.0166669132939,0.513882635256799,1
88,47,1,1,2.31395202950896,5.0166669132939,0.368673604836085,1
88,48,-1,1,2.09375037983995,1.00984355816669,0.649375885918221,1
88,49,-1,1,2.09375037983995,1.00984355816669,1.08875348175182,1
88,50,1,1,2.31395202950896,5.0166669132939,0.37359416046945,1
88,51,1,1,2.31395202950896,5.0166669132939,0.442043378879498,1
88,52,-1,1,2.09375037983995,1.00984355816669,1.413541247183,1
88,53,-1,1,2.09375037983995,1.00984355816669,0.692777837134458,1
88,54,1,1,2.31395202950896,5.0166669132939,0.567447901301641,1
88,55,1,1,2.31395202950896,5.0166669132939,0.56403882572736,1
88,56,-1,1,2.09375037983995,1.00984355816669,0.749452888659897,1
88,57,1,1,2.31395202950896,5.0166669132939,0.423361720157834,1
88,58,-1,1,2.09375037983995,1.00984355816669,0.944826130629513,1
88,59,-1,1,2.09375037983995,1.00984355816669,0.426427494827552,1
88,60,1,1,2.31395202950896,5.0166669132939,0.44541468723549,1
88,61,-1,1,2.09375037983995,1.00984355816669,1.51281969027163,1
88,62,1,1,2.31395202950896,5.0166669132939,0.439525562827534,1
88,63,-1,1,2.09375037983995,1.00984355816669,2.22191100961097,1
88,64,1,1,2.31395202950896,5.0166669132939,0.323963256295936,1
88,65,1,1,2.31395202950896,5.0166669132939,0.489323327234866,1
88,66,1,1,2.31395202950896,5.0166669132939,0.437677670098427,1
88,67,-1,1,2.09375037983995,1.00984355816669,1.55813384046781,1
88,68,-1,1,2.09375037983995,1.00984355816669,0.752772454202513,1
88,69,-1,1,2.09375037983995,1.00984355816669,0.739837813465703,1
88,70,1,1,2.31395202950896,5.0166669132939,0.774671524403627,1
88,71,1,1,2.31395202950896,5.0166669132939,0.359168176969076,1
88,72,-1,1,2.09375037983995,1.00984355816669,0.819497216862596,1
88,73,-1,1,2.09375037983995,1.00984355816669,0.544563183874236,-1
88,74,-1,-1,1.99562422873182,0.88672249322106,0.412804544591217,1
88,75,1,1,2.31395202950896,5.0166669132939,0.38034164039002,1
88,76,-1,1,2.09375037983995,1.00984355816669,1.69298181010661,1
88,77,-1,1,2.09375037983995,1.00984355816669,3.08873290389697,1
88,78,-1,1,2.09375037983995,1.00984355816669,1.94740202474141,1
88,79,1,1,2.31395202950896,5.0166669132939,0.685987981666164,1
88,80,-1,1,2.09375037983995,1.00984355816669,0.847152285913271,-1
88,81,1,-1,2.20550586100155,1.88676703531835,1.04100727912905,1
88,82,-1,1,2.09375037983995,1.00984355816669,0.337281409249359,-1
88,83,1,-1,2.20550586100155,1.88676703531835,0.699722535054507,1
88,84,-1,1,2.09375037983995,1.00984355816669,1.13189026051064,-1
88,85,-1,-1,1.99562422873182,0.88672249322106,1.02517203852475,1
88,86,-1,1,2.09375037983995,1.00984355816669,0.788803197413654,1
88,87,1,1,2.31395202950896,5.0166669132939,0.44477251889453,1
88,88,-1,1,2.09375037983995,1.00984355816669,0.707288979999012,1
88,89,-1,1,2.09375037983995,1.00984355816669,1.83681371759988,1
88,90,-1,1,2.09375037983995,1.00984355816669,1.57795655712075,1
88,91,-1,1,2.09375037983995,1.00984355816669,0.783710954573534,1
88,92,-1,1,2.09375037983995,1.00984355816669,0.607282951452465,1
88,93,1,1,2.31395202950896,5.0166669132939,0.325122251538729,1
88,94,-1,1,2.09375037983995,1.00984355816669,0.42326253744522,1
88,95,-1,1,2.09375037983995,1.00984355816669,1.44873876854618,1
88,96,-1,1,2.09375037983995,1.00984355816669,0.844549563851823,1
88,97,-1,1,2.09375037983995,1.00984355816669,0.429690723423886,1
88,98,1,1,2.31395202950896,5.0166669132939,0.3688386631214,1
88,99,-1,1,2.09375037983995,1.00984355816669,0.875842364899702,-1
88,100,1,-1,2.20550586100155,1.88676703531835,1.15355576458172,1
88,101,-1,1,2.09375037983995,1.00984355816669,1.42944897067077,1
89,2,1,1,1.70870501254492,4.03152080192968,0.33811283437274,1
89,3,-1,1,1.54610023173625,2.36347803194177,0.615558900986486,1
89,4,-1,1,1.54610023173625,2.36347803194177,0.498392498590968,1
89,5,-1,1,1.54610023173625,2.36347803194177,0.965781738937034,1
89,6,-1,1,1.54610023173625,2.36347803194177,0.32437426199232,1
89,7,-1,1,1.54610023173625,2.36347803194177,0.347267877000499,1
89,8,1,1,1.70870501254492,4.03152080192968,0.425610737999343,1
89,9,-1,1,1.54610023173625,2.36347803194177,0.465704431918028,1
89,10,1,1,1.70870501254492,4.03152080192968,0.406934583691357,1
89,11,1,1,1.70870501254492,4.03152080192968,0.339864643175109,1
89,12,1,1,1.70870501254492,4.03152080192968,0.989150733493047,1
89,13,1,1,1.70870501254492,4.03152080192968,0.886385780947694,1
89,14,1,1,1.70870501254492,4.03152080192968,0.394577269625638,1
89,15,-1,1,1.54610023173625,2.36347803194177,0.512714026255963,1
89,16,-1,1,1.54610023173625,2.36347803194177,0.698226336574288,1
89,17,-1,1,1.54610023173625,2.36347803194177,0.51733899913717,1
89,18,1,1,1.70870501254492,4.03152080192968,0.386632215277956,1
89,19,1,1,1.70870501254492,4.03152080192968,0.419721293727723,1
89,20,-1,1,1.54610023173625,2.36347803194177,0.607811347378677,1
89,21,1,1,1.70870501254492,4.03152080192968,0.359397698281373,1
89,22,1,1,1.70870501254492,4.03152080192968,0.411194431916385,1
89,23,1,1,1.70870501254492,4.03152080192968,0.457614249674365,1
89,24,-1,1,1.54610023173625,2.36347803194177,0.400648337726387,1
89,25,-1,1,1.54610023173625,2.36347803194177,0.591581693830204,1
89,26,1,1,1.70870501254492,4.03152080192968,0.368751839855705,1
89,27,1,1,1.70870501254492,4.03152080192968,0.313995552227089,1
89,28,1,1,1.70870501254492,4.03152080192968,0.55774493439987,1
89,29,1,1,1.70870501254492,4.03152080192968,0.787405013102201,1
89,30,-1,1,1.54610023173625,2.36347803194177,0.472874334365764,1
89,31,-1,1,1.54610023173625,2.36347803194177,0.699925498275801,1
89,32,-1,1,1.54610023173625,2.36347803194177,0.445130940407011,-1
89,33,-1,-1,1.47364036907618,0.698194143764207,0.320002486514956,1
89,34,1,1,1.70870501254492,4.03152080192968,0.457293441350415,1
89,35,1,1,1.70870501254492,4.03152080192968,0.434971763945621,1
89,36,-1,1,1.54610023173625,2.36347803194177,0.503484735452037,1
89,37,1,1,1.70870501254492,4.03152080192968,0.78829915784108,1
89,38,-1,1,1.54610023173625,2.36347803194177,0.593495127728906,-1
89,39,1,-1,1.62862447960525,1.70680702236435,0.65236403963745,1
89,40,-1,1,1.54610023173625,2.36347803194177,0.380656851255383,1
89,41,-1,1,1.54610023173625,2.36347803194177,0.48003952276711,1
89,42,-1,1,1.54610023173625,2.36347803194177,0.300415157317032,1
89,43,-1,1,1.54610023173625,2.36347803194177,0.720376204608145,1
89,44,-1,1,1.54610023173625,2.36347803194177,0.451038269076825,1
89,45,1,1,1.70870501254492,4.03152080192968,0.437590344282664,1
89,46,-1,1,1.54610023173625,2.36347803194177,0.469566436308589,1
89,47,1,1,1.70870501254492,4.03152080192968,0.329744485834212,1
89,48,1,1,1.70870501254492,4.03152080192968,0.770706686003262,1
89,49,1,1,1.70870501254492,4.03152080192968,0.451249668121395,1
89,50,-1,1,1.54610023173625,2.36347803194177,0.762666605238335,1
89,51,-1,1,1.54610023173625,2.36347803194177,0.334419341738444,1
89,52,-1,1,1.54610023173625,2.36347803194177,0.412533111940319,1
89,53,-1,1,1.54610023173625,2.36347803194177,0.451773039433721,1
89,54,-1,1,1.54610023173625,2.36347803194177,0.627814805775869,1
89,55,1,1,1.70870501254492,4.03152080192968,0.366415949554112,1
89,56,1,1,1.70870501254492,4.03152080192968,0.3874746050874,1
89,57,-1,1,1.54610023173625,2.36347803194177,0.477756147962969,1
89,58,1,1,1.70870501254492,4.03152080192968,0.442163097899533,1
89,59,1,1,1.70870501254492,4.03152080192968,0.601240866349676,1
89,60,-1,1,1.54610023173625,2.36347803194177,0.423890706298977,1
89,61,-1,1,1.54610023173625,2.36347803194177,0.475717615877454,1
89,62,1,1,1.70870501254492,4.03152080192968,0.407386038988421,1
89,63,1,1,1.70870501254492,4.03152080192968,0.554463705732945,1
89,64,-1,1,1.54610023173625,2.36347803194177,0.377155506192979,1
89,65,-1,1,1.54610023173625,2.36347803194177,0.388221821090763,1
89,66,-1,1,1.54610023173625,2.36347803194177,0.990173236463345,1
89,67,1,1,1.70870501254492,4.03152080192968,0.279402534588625,1
89,68,-1,1,1.54610023173625,2.36347803194177,0.562954943531672,1
89,69,-1,1,1.54610023173625,2.36347803194177,0.425535319431724,1
89,70,-1,1,1.54610023173625,2.36347803194177,0.487614518134977,1
89,71,1,1,1.70870501254492,4.03152080192968,0.4627155177597,1
89,72,1,1,1.70870501254492,4.03152080192968,0.41344013810374,1
89,73,-1,1,1.54610023173625,2.36347803194177,0.350773640912079,1
89,74,1,1,1.70870501254492,4.03152080192968,0.312675590840027,1
89,75,1,1,1.70870501254492,4.03152080192968,0.417219139124079,1
89,76,-1,1,1.54610023173625,2.36347803194177,1.16442721428141,1
89,77,-1,1,1.54610023173625,2.36347803194177,0.453959477181321,1
89,78,1,1,1.70870501254492,4.03152080192968,0.412684984245436,1
89,79,1,1,1.70870501254492,4.03152080192968,0.513692493028354,1
89,80,1,1,1.70870501254492,4.03152080192968,0.368075037265047,1
89,81,1,1,1.70870501254492,4.03152080192968,0.398523992242175,1
89,82,1,1,1.70870501254492,4.03152080192968,0.289738539319582,1
89,83,1,1,1.70870501254492,4.03152080192968,0.406865607807676,1
89,84,-1,1,1.54610023173625,2.36347803194177,0.541090585329142,1
89,85,-1,1,1.54610023173625,2.36347803194177,0.491089099278239,1
89,86,1,1,1.70870501254492,4.03152080192968,0.425176450452624,1
89,87,1,1,1.70870501254492,4.03152080192968,0.523146726122237,-1
89,88,-1,-1,1.47364036907618,0.698194143764207,0.417909537989597,-1
89,89,-1,-1,1.47364036907618,0.698194143764207,1.45151995482822,1
89,90,-1,1,1.54610023173625,2.36347803194177,0.32913769728636,1
89,91,1,1,1.70870501254492,4.03152080192968,0.345411833048379,1
89,92,-1,1,1.54610023173625,2.36347803194177,0.370594270915828,1
89,93,1,1,1.70870501254492,4.03152080192968,0.576523375439206,1
89,94,1,1,1.70870501254492,4.03152080192968,0.526434872436737,1
89,95,1,1,1.70870501254492,4.03152080192968,0.326861702020954,1
89,96,1,1,1.70870501254492,4.03152080192968,0.578793341425005,1
89,97,-1,1,1.54610023173625,2.36347803194177,0.427874563080681,1
89,98,1,1,1.70870501254492,4.03152080192968,0.310228311121771,1
89,99,1,1,1.70870501254492,4.03152080192968,1.54908466231406,1
89,100,-1,1,1.54610023173625,2.36347803194177,0.433524788980354,1
89,101,-1,1,1.54610023173625,2.36347803194177,0.630237774561697,1
90,2,1,1,2.39629358427904,5.15023789360327,0.39988253858072,1
90,3,-1,1,2.16825609965518,0.672311300808066,1.17367410253344,-1
90,4,-1,-1,2.06663814761824,0.0562147303015714,0.390250466991356,1
90,5,1,1,2.39629358427904,5.15023789360327,0.519694712119888,1
90,6,-1,1,2.16825609965518,0.672311300808066,1.95430673816162,1
90,7,1,1,2.39629358427904,5.15023789360327,0.315919199745754,1
90,8,-1,1,2.16825609965518,0.672311300808066,2.47312062973083,1
90,9,1,1,2.39629358427904,5.15023789360327,0.762172950114755,1
90,10,-1,1,2.16825609965518,0.672311300808066,0.740119894681588,1
90,11,1,1,2.39629358427904,5.15023789360327,0.372015146878528,1
90,12,1,1,2.39629358427904,5.15023789360327,0.349094480272103,1
90,13,-1,1,2.16825609965518,0.672311300808066,1.02996871345707,1
90,14,-1,1,2.16825609965518,0.672311300808066,1.09264586131605,1
90,15,1,1,2.39629358427904,5.15023789360327,0.265370611240063,1
90,16,-1,1,2.16825609965518,0.672311300808066,2.0240251330707,1
90,17,1,1,2.39629358427904,5.15023789360327,0.417932257807931,1
90,18,1,1,2.39629358427904,5.15023789360327,0.332529319519022,1
90,19,1,1,2.39629358427904,5.15023789360327,0.22643484265074,1
90,20,1,1,2.39629358427904,5.15023789360327,0.275034900287412,1
90,21,-1,1,2.16825609965518,0.672311300808066,1.25029453755952,1
90,22,1,1,2.39629358427904,5.15023789360327,0.31708084468528,1
90,23,-1,1,2.16825609965518,0.672311300808066,1.25128904706572,-1
90,24,-1,-1,2.06663814761824,0.0562147303015714,1.89837265572741,-1
90,25,-1,-1,2.06663814761824,0.0562147303015714,0.766317204134409,1
90,26,-1,1,2.16825609965518,0.672311300808066,1.42047383329308,1
90,27,1,1,2.39629358427904,5.15023789360327,0.59320753880488,1
90,28,1,1,2.39629358427904,5.15023789360327,0.288133179939899,1
90,29,-1,1,2.16825609965518,0.672311300808066,0.779178646041285,1
90,30,1,1,2.39629358427904,5.15023789360327,0.384624847828722,1
90,31,-1,1,2.16825609965518,0.672311300808066,5.01657212164617,1
90,32,-1,1,2.16825609965518,0.672311300808066,0.758675180932925,-1
90,33,1,-1,2.28398837893341,2.9212360752871,0.423054682209343,1
90,34,1,1,2.39629358427904,5.15023789360327,0.363293634028331,1
90,35,1,1,2.39629358427904,5.15023789360327,0.415108613537078,1
90,36,-1,1,2.16825609965518,0.672311300808066,1.8653732716816,-1
90,37,1,-1,2.28398837893341,2.9212360752871,0.29020555714895,1
90,38,1,1,2.39629358427904,5.15023789360327,0.316494560516113,1
90,39,-1,1,2.16825609965518,0.672311300808066,0.885064051603587,1
90,40,-1,1,2.16825609965518,0.672311300808066,1.26592709802968,1
90,41,-1,1,2.16825609965518,0.672311300808066,0.36685901610737,1
90,42,1,1,2.39629358427904,5.15023789360327,0.349315295878658,1
90,43,-1,1,2.16825609965518,0.672311300808066,2.0390179222339,1
90,44,1,1,2.39629358427904,5.15023789360327,0.330664290848524,1
90,45,1,1,2.39629358427904,5.15023789360327,0.385918626541913,1
90,46,-1,1,2.16825609965518,0.672311300808066,2.58751089743698,1
90,47,-1,1,2.16825609965518,0.672311300808066,0.489487432998086,1
90,48,1,1,2.39629358427904,5.15023789360327,0.547155105552654,1
90,49,1,1,2.39629358427904,5.15023789360327,0.323573797549248,1
90,50,-1,1,2.16825609965518,0.672311300808066,0.342749886375359,1
90,51,-1,1,2.16825609965518,0.672311300808066,1.36547977170116,-1
90,52,1,-1,2.28398837893341,2.9212360752871,0.332494721121766,1
90,53,1,1,2.39629358427904,5.15023789360327,0.428049906770104,1
90,54,1,1,2.39629358427904,5.15023789360327,0.394239375097092,1
90,55,-1,1,2.16825609965518,0.672311300808066,1.61557539963045,1
90,56,-1,1,2.16825609965518,0.672311300808066,0.378228308056426,-1
90,57,1,-1,2.28398837893341,2.9212360752871,0.446866110389757,1
90,58,-1,1,2.16825609965518,0.672311300808066,0.514824543891807,1
90,59,1,1,2.39629358427904,5.15023789360327,0.378961999904109,1
90,60,-1,1,2.16825609965518,0.672311300808066,0.873573753924722,1
90,61,1,1,2.39629358427904,5.15023789360327,0.358209806395839,1
90,62,1,1,2.39629358427904,5.15023789360327,0.355546735919401,1
90,63,-1,1,2.16825609965518,0.672311300808066,1.56738023286488,-1
90,64,1,-1,2.28398837893341,2.9212360752871,1.29317360178717,1
90,65,-1,1,2.16825609965518,0.672311300808066,0.827941897111773,1
90,66,1,1,2.39629358427904,5.15023789360327,0.341033892717097,1
90,67,-1,1,2.16825609965518,0.672311300808066,3.14625330592715,-1
90,68,-1,-1,2.06663814761824,0.0562147303015714,1.13122896989332,-1
90,69,-1,-1,2.06663814761824,0.0562147303015714,0.418479755361489,-1
90,70,-1,-1,2.06663814761824,0.0562147303015714,0.346185643688226,-1
90,71,-1,-1,2.06663814761824,0.0562147303015714,0.999763629388671,1
90,72,1,1,2.39629358427904,5.15023789360327,0.423327734335197,1
90,73,-1,1,2.16825609965518,0.672311300808066,0.85881239088235,1
90,74,1,1,2.39629358427904,5.15023789360327,0.443991898348158,1
90,75,1,1,2.39629358427904,5.15023789360327,0.456172043379539,1
90,76,1,1,2.39629358427904,5.15023789360327,0.461400018659298,1
90,77,1,1,2.39629358427904,5.15023789360327,0.398683487872484,1
90,78,-1,1,2.16825609965518,0.672311300808066,0.382188042616915,1
90,79,-1,1,2.16825609965518,0.672311300808066,0.53820494112025,1
90,80,1,1,2.39629358427904,5.15023789360327,0.271122783992933,1
90,81,1,1,2.39629358427904,5.15023789360327,0.358363883875664,1
90,82,-1,1,2.16825609965518,0.672311300808066,3.53678270862801,1
90,83,-1,1,2.16825609965518,0.672311300808066,1.99962722288767,1
90,84,-1,1,2.16825609965518,0.672311300808066,1.31071875254493,-1
90,85,-1,-1,2.06663814761824,0.0562147303015714,1.53583622796252,-1
90,86,-1,-1,2.06663814761824,0.0562147303015714,2.08463346680701,-1
90,87,1,-1,2.28398837893341,2.9212360752871,0.352646573682907,1
90,88,1,1,2.39629358427904,5.15023789360327,0.526438874969265,1
90,89,1,1,2.39629358427904,5.15023789360327,0.433113792169056,1
90,90,1,1,2.39629358427904,5.15023789360327,0.430063087563772,1
90,91,1,1,2.39629358427904,5.15023789360327,0.587184496257656,1
90,92,1,1,2.39629358427904,5.15023789360327,0.290728637323601,1
90,93,1,1,2.39629358427904,5.15023789360327,0.472904814391995,1
90,94,-1,1,2.16825609965518,0.672311300808066,0.841199138309781,-1
90,95,-1,-1,2.06663814761824,0.0562147303015714,2.13498377998324,1
90,96,-1,1,2.16825609965518,0.672311300808066,1.43174771801766,1
90,97,1,1,2.39629358427904,5.15023789360327,0.432383475977317,1
90,98,-1,1,2.16825609965518,0.672311300808066,1.26647037431355,-1
90,99,-1,-1,2.06663814761824,0.0562147303015714,0.417669717652374,-1
90,100,1,-1,2.28398837893341,2.9212360752871,0.301720971035089,1
90,101,-1,1,2.16825609965518,0.672311300808066,1.6572152692091,1
91,2,1,1,1.55176615014942,4.94503384521296,0.278316895459073,1
91,3,1,1,1.55176615014942,4.94503384521296,0.355848706295114,1
91,4,1,1,1.55176615014942,4.94503384521296,0.669447893116436,1
91,5,1,1,1.55176615014942,4.94503384521296,0.336057532147334,1
91,6,-1,1,1.40409607669681,1.1836570729927,0.427209152841548,1
91,7,-1,1,1.40409607669681,1.1836570729927,1.11124161237349,1
91,8,1,1,1.55176615014942,4.94503384521296,0.394678922828194,1
91,9,1,1,1.55176615014942,4.94503384521296,0.279877559250113,1
91,10,1,1,1.55176615014942,4.94503384521296,0.459577227273734,1
91,11,-1,1,1.40409607669681,1.1836570729927,0.698778681628609,1
91,12,1,1,1.55176615014942,4.94503384521296,0.376154235895785,1
91,13,1,1,1.55176615014942,4.94503384521296,0.635653173144215,1
91,14,-1,1,1.40409607669681,1.1836570729927,0.344485066841267,1
91,15,1,1,1.55176615014942,4.94503384521296,0.41361341320893,1
91,16,-1,1,1.40409607669681,1.1836570729927,0.673524479445345,1
91,17,1,1,1.55176615014942,4.94503384521296,0.489253163608532,1
91,18,-1,1,1.40409607669681,1.1836570729927,0.508775229191694,1
91,19,-1,1,1.40409607669681,1.1836570729927,0.775204159983475,1
91,20,-1,1,1.40409607669681,1.1836570729927,0.489664454951161,1
91,21,1,1,1.55176615014942,4.94503384521296,0.288317836866628,1
91,22,1,1,1.55176615014942,4.94503384521296,0.382512224920805,1
91,23,-1,1,1.40409607669681,1.1836570729927,0.273396027298235,1
91,24,-1,1,1.40409607669681,1.1836570729927,0.626080063932519,-1
91,25,1,-1,1.4790407473506,2.25815115585514,0.386281299144186,1
91,26,1,1,1.55176615014942,4.94503384521296,0.427303362360496,1
91,27,-1,1,1.40409607669681,1.1836570729927,0.891962909838468,1
91,28,1,1,1.55176615014942,4.94503384521296,0.447389578617579,1
91,29,-1,1,1.40409607669681,1.1836570729927,0.91465151104642,1
91,30,1,1,1.55176615014942,4.94503384521296,0.298685200604017,1
91,31,1,1,1.55176615014942,4.94503384521296,0.362479365070883,1
91,32,1,1,1.55176615014942,4.94503384521296,0.360889355705773,1
91,33,-1,1,1.40409607669681,1.1836570729927,1.15212919638137,-1
91,34,1,-1,1.4790407473506,2.25815115585514,0.382641597282938,1
91,35,1,1,1.55176615014942,4.94503384521296,0.50499778915416,1
91,36,-1,1,1.40409607669681,1.1836570729927,0.89250617442412,1
91,37,-1,1,1.40409607669681,1.1836570729927,0.338233913500949,1
91,38,1,1,1.55176615014942,4.94503384521296,0.283311885978837,1
91,39,1,1,1.55176615014942,4.94503384521296,0.510704605799024,1
91,40,-1,1,1.40409607669681,1.1836570729927,0.818171526594174,1
91,41,1,1,1.55176615014942,4.94503384521296,0.350179165688717,1
91,42,-1,1,1.40409607669681,1.1836570729927,0.391972161246883,1
91,43,-1,1,1.40409607669681,1.1836570729927,0.407542010647183,1
91,44,-1,1,1.40409607669681,1.1836570729927,0.417382384198808,1
91,45,1,1,1.55176615014942,4.94503384521296,0.405601880725865,1
91,46,1,1,1.55176615014942,4.94503384521296,0.353995972397858,1
91,47,1,1,1.55176615014942,4.94503384521296,0.416895382807629,1
91,48,-1,1,1.40409607669681,1.1836570729927,1.29795239477327,-1
91,49,1,-1,1.4790407473506,2.25815115585514,0.903081273916677,1
91,50,1,1,1.55176615014942,4.94503384521296,0.322678209182792,1
91,51,1,1,1.55176615014942,4.94503384521296,0.406509286530834,1
91,52,-1,1,1.40409607669681,1.1836570729927,0.579052287575676,1
91,53,-1,1,1.40409607669681,1.1836570729927,0.460749140348654,1
91,54,-1,1,1.40409607669681,1.1836570729927,0.396058132433139,1
91,55,-1,1,1.40409607669681,1.1836570729927,0.545211385689434,-1
91,56,-1,-1,1.33829141100269,0.413157925939206,0.394986310493123,1
91,57,-1,1,1.40409607669681,1.1836570729927,0.576817810165574,1
91,58,1,1,1.55176615014942,4.94503384521296,0.427530168029657,1
91,59,1,1,1.55176615014942,4.94503384521296,0.39242460732082,1
91,60,1,1,1.55176615014942,4.94503384521296,0.444819600727745,1
91,61,1,1,1.55176615014942,4.94503384521296,0.324415208648942,1
91,62,-1,1,1.40409607669681,1.1836570729927,0.348925852453169,1
91,63,-1,1,1.40409607669681,1.1836570729927,0.886651234526671,1
91,64,1,1,1.55176615014942,4.94503384521296,0.345730241320714,1
91,65,-1,1,1.40409607669681,1.1836570729927,0.81771709339965,1
91,66,-1,1,1.40409607669681,1.1836570729927,0.387462547836548,1
91,67,1,1,1.55176615014942,4.94503384521296,0.277888999725889,1
91,68,1,1,1.55176615014942,4.94503384521296,0.279670577556555,1
91,69,-1,1,1.40409607669681,1.1836570729927,0.898188979692411,1
91,70,-1,1,1.40409607669681,1.1836570729927,0.418563545715082,1
91,71,1,1,1.55176615014942,4.94503384521296,0.396319273248402,1
91,72,-1,1,1.40409607669681,1.1836570729927,0.516871996502099,1
91,73,1,1,1.55176615014942,4.94503384521296,0.344958021915725,1
91,74,-1,1,1.40409607669681,1.1836570729927,0.468308154580532,-1
91,75,-1,-1,1.33829141100269,0.413157925939206,0.486096775289114,1
91,76,-1,1,1.40409607669681,1.1836570729927,0.505070407166276,1
91,77,1,1,1.55176615014942,4.94503384521296,0.303950920244358,1
91,78,1,1,1.55176615014942,4.94503384521296,0.340575134424263,1
91,79,-1,1,1.40409607669681,1.1836570729927,0.975988538571104,1
91,80,1,1,1.55176615014942,4.94503384521296,0.411754886302317,1
91,81,1,1,1.55176615014942,4.94503384521296,0.417254372210418,1
91,82,-1,1,1.40409607669681,1.1836570729927,0.676340068715665,1
91,83,-1,1,1.40409607669681,1.1836570729927,0.319926434300603,1
91,84,-1,1,1.40409607669681,1.1836570729927,0.739700530693487,1
91,85,-1,1,1.40409607669681,1.1836570729927,0.866210544398143,1
91,86,-1,1,1.40409607669681,1.1836570729927,0.555548243688761,-1
91,87,1,-1,1.4790407473506,2.25815115585514,0.853923091557648,1
91,88,1,1,1.55176615014942,4.94503384521296,0.268529380538294,1
91,89,-1,1,1.40409607669681,1.1836570729927,0.448277489324013,-1
91,90,1,-1,1.4790407473506,2.25815115585514,0.391478822837247,1
91,91,1,1,1.55176615014942,4.94503384521296,0.36648821399447,1
91,92,1,1,1.55176615014942,4.94503384521296,0.353842834699531,1
91,93,-1,1,1.40409607669681,1.1836570729927,0.523167412483127,1
91,94,-1,1,1.40409607669681,1.1836570729927,0.929395232812556,1
91,95,1,1,1.55176615014942,4.94503384521296,0.449330501299839,1
91,96,-1,1,1.40409607669681,1.1836570729927,0.446757854725798,1
91,97,1,1,1.55176615014942,4.94503384521296,0.51192234549421,1
91,98,-1,1,1.40409607669681,1.1836570729927,0.801271388574922,1
91,99,-1,1,1.40409607669681,1.1836570729927,0.43933873185679,1
91,100,-1,1,1.40409607669681,1.1836570729927,0.578479443822066,-1
91,101,-1,-1,1.33829141100269,0.413157925939206,0.724683456242367,1
92,2,-1,1,1.87176147882464,2.60874900271555,1.22313500155811,1
92,3,-1,1,1.87176147882464,2.60874900271555,0.371795683479947,1
92,4,-1,1,1.87176147882464,2.60874900271555,0.568201014043615,1
92,5,1,1,2.06861635197126,3.12669282011295,0.461881201536721,1
92,6,1,1,2.06861635197126,3.12669282011295,0.688944934434285,1
92,7,-1,1,1.87176147882464,2.60874900271555,0.276363732673915,1
92,8,1,1,2.06861635197126,3.12669282011295,0.497686544259298,1
92,9,-1,1,1.87176147882464,2.60874900271555,0.392062446579577,1
92,10,-1,1,1.87176147882464,2.60874900271555,0.556580411446239,1
92,11,-1,1,1.87176147882464,2.60874900271555,0.423908449193142,1
92,12,-1,1,1.87176147882464,2.60874900271555,0.461727621119143,1
92,13,-1,1,1.87176147882464,2.60874900271555,0.646748532123379,1
92,14,-1,1,1.87176147882464,2.60874900271555,0.41933334606404,1
92,15,-1,1,1.87176147882464,2.60874900271555,1.16173565695173,1
92,16,1,1,2.06861635197126,3.12669282011295,0.406215092211214,1
92,17,1,1,2.06861635197126,3.12669282011295,0.956002619779724,1
92,18,-1,1,1.87176147882464,2.60874900271555,1.14353060665683,1
92,19,-1,1,1.87176147882464,2.60874900271555,0.37640030471286,1
92,20,1,1,2.06861635197126,3.12669282011295,0.331287946667507,1
92,21,-1,1,1.87176147882464,2.60874900271555,0.385094677034394,1
92,22,1,1,2.06861635197126,3.12669282011295,0.345962441053121,1
92,23,1,1,2.06861635197126,3.12669282011295,0.418644422803162,1
92,24,1,1,2.06861635197126,3.12669282011295,0.443688957565205,1
92,25,-1,1,1.87176147882464,2.60874900271555,0.44919706300323,1
92,26,1,1,2.06861635197126,3.12669282011295,0.418742470873728,1
92,27,1,1,2.06861635197126,3.12669282011295,0.450417806288401,1
92,28,-1,1,1.87176147882464,2.60874900271555,0.866238904225154,1
92,29,1,1,2.06861635197126,3.12669282011295,0.422171928697811,1
92,30,1,1,2.06861635197126,3.12669282011295,0.39260101047313,1
92,31,-1,1,1.87176147882464,2.60874900271555,1.79920060977858,1
92,32,-1,1,1.87176147882464,2.60874900271555,0.308333369522898,1
92,33,1,1,2.06861635197126,3.12669282011295,0.660672462745986,1
92,34,-1,1,1.87176147882464,2.60874900271555,1.05402987196781,1
92,35,1,1,2.06861635197126,3.12669282011295,0.489079877290623,1
92,36,-1,1,1.87176147882464,2.60874900271555,0.397104416964875,1
92,37,1,1,2.06861635197126,3.12669282011295,0.716872794417354,1
92,38,1,1,2.06861635197126,3.12669282011295,0.829024265752865,1
92,39,1,1,2.06861635197126,3.12669282011295,0.554961459371731,1
92,40,1,1,2.06861635197126,3.12669282011295,0.371366514250221,1
92,41,1,1,2.06861635197126,3.12669282011295,0.306280779823558,1
92,42,-1,1,1.87176147882464,2.60874900271555,0.555002249631155,1
92,43,1,1,2.06861635197126,3.12669282011295,0.518842045080447,1
92,44,1,1,2.06861635197126,3.12669282011295,0.44977838812493,1
92,45,1,1,2.06861635197126,3.12669282011295,0.769575857701329,1
92,46,-1,1,1.87176147882464,2.60874900271555,0.47829321489531,1
92,47,1,1,2.06861635197126,3.12669282011295,0.342529724325117,1
92,48,-1,1,1.87176147882464,2.60874900271555,0.431601888496396,1
92,49,-1,1,1.87176147882464,2.60874900271555,0.32768208819434,1
92,50,-1,1,1.87176147882464,2.60874900271555,0.391521595890279,1
92,51,1,1,2.06861635197126,3.12669282011295,0.99806331814492,1
92,52,-1,1,1.87176147882464,2.60874900271555,0.759256811739448,1
92,53,1,1,2.06861635197126,3.12669282011295,0.530073694399521,1
92,54,1,1,2.06861635197126,3.12669282011295,0.447909002572988,1
92,55,-1,1,1.87176147882464,2.60874900271555,0.613793184731538,1
92,56,1,1,2.06861635197126,3.12669282011295,0.427438507447721,1
92,57,-1,1,1.87176147882464,2.60874900271555,0.405761986464796,1
92,58,1,1,2.06861635197126,3.12669282011295,0.506017283846568,1
92,59,-1,1,1.87176147882464,2.60874900271555,0.470656451813073,1
92,60,-1,1,1.87176147882464,2.60874900271555,0.398809124078484,1
92,61,-1,1,1.87176147882464,2.60874900271555,0.480166689161598,1
92,62,-1,1,1.87176147882464,2.60874900271555,0.638892215748305,1
92,63,-1,1,1.87176147882464,2.60874900271555,0.322742003539073,1
92,64,-1,1,1.87176147882464,2.60874900271555,0.418977146175661,1
92,65,-1,1,1.87176147882464,2.60874900271555,0.570158072181961,1
92,66,-1,1,1.87176147882464,2.60874900271555,0.505122632291548,1
92,67,-1,1,1.87176147882464,2.60874900271555,0.449169421256315,1
92,68,1,1,2.06861635197126,3.12669282011295,0.642193663215309,1
92,69,-1,1,1.87176147882464,2.60874900271555,0.412410496271256,1
92,70,1,1,2.06861635197126,3.12669282011295,0.578910832561024,1
92,71,1,1,2.06861635197126,3.12669282011295,0.89239692273343,1
92,72,1,1,2.06861635197126,3.12669282011295,0.345421959269583,1
92,73,1,1,2.06861635197126,3.12669282011295,0.426816259937403,1
92,74,-1,1,1.87176147882464,2.60874900271555,0.349261130350445,1
92,75,1,1,2.06861635197126,3.12669282011295,0.828396391500414,1
92,76,1,1,2.06861635197126,3.12669282011295,0.411457207406189,1
92,77,-1,1,1.87176147882464,2.60874900271555,0.388538615567058,1
92,78,-1,1,1.87176147882464,2.60874900271555,1.84697478966673,1
92,79,1,1,2.06861635197126,3.12669282011295,1.26458878273436,1
92,80,-1,1,1.87176147882464,2.60874900271555,0.286494032309158,1
92,81,1,1,2.06861635197126,3.12669282011295,0.572027242788908,1
92,82,1,1,2.06861635197126,3.12669282011295,0.423521416755486,1
92,83,1,1,2.06861635197126,3.12669282011295,0.503839267006704,1
92,84,-1,1,1.87176147882464,2.60874900271555,0.28753103684368,1
92,85,1,1,2.06861635197126,3.12669282011295,0.574898467786772,1
92,86,-1,1,1.87176147882464,2.60874900271555,0.396916581320106,1
92,87,1,1,2.06861635197126,3.12669282011295,0.711922919656732,1
92,88,-1,1,1.87176147882464,2.60874900271555,0.336323857664002,1
92,89,-1,1,1.87176147882464,2.60874900271555,0.763104110310564,1
92,90,-1,1,1.87176147882464,2.60874900271555,0.512491707385787,1
92,91,1,1,2.06861635197126,3.12669282011295,0.340834124805631,1
92,92,1,1,2.06861635197126,3.12669282011295,1.02410373016344,1
92,93,1,1,2.06861635197126,3.12669282011295,0.551926329284287,1
92,94,-1,1,1.87176147882464,2.60874900271555,0.4050305345348,1
92,95,1,1,2.06861635197126,3.12669282011295,0.397570803929768,1
92,96,1,1,2.06861635197126,3.12669282011295,0.4550149079226,1
92,97,-1,1,1.87176147882464,2.60874900271555,0.560148431057934,1
92,98,1,1,2.06861635197126,3.12669282011295,0.489103775508045,1
92,99,1,1,2.06861635197126,3.12669282011295,0.34961303979991,1
92,100,1,1,2.06861635197126,3.12669282011295,0.337070276024016,1
92,101,-1,1,1.87176147882464,2.60874900271555,0.340567239753947,1
93,2,-1,1,1.6595335803372,2.0785785718104,0.368004637824307,1
93,3,-1,1,1.6595335803372,2.0785785718104,0.556722522237639,1
93,4,-1,1,1.6595335803372,2.0785785718104,0.465924187893774,1
93,5,1,1,1.83406825055863,2.58150223475307,0.632796240836557,1
93,6,-1,1,1.6595335803372,2.0785785718104,0.509993510380775,1
93,7,1,1,1.83406825055863,2.58150223475307,0.389036881909714,1
93,8,1,1,1.83406825055863,2.58150223475307,0.404684654043969,1
93,9,-1,1,1.6595335803372,2.0785785718104,0.355613497852759,1
93,10,1,1,1.83406825055863,2.58150223475307,0.702716451485751,1
93,11,1,1,1.83406825055863,2.58150223475307,0.551325731644304,1
93,12,-1,1,1.6595335803372,2.0785785718104,0.740187203826532,1
93,13,1,1,1.83406825055863,2.58150223475307,0.282302843190836,1
93,14,-1,1,1.6595335803372,2.0785785718104,0.351605313577578,1
93,15,1,1,1.83406825055863,2.58150223475307,0.547531133619761,1
93,16,-1,1,1.6595335803372,2.0785785718104,0.561361675887478,1
93,17,-1,1,1.6595335803372,2.0785785718104,0.344053199110194,1
93,18,-1,1,1.6595335803372,2.0785785718104,0.363198877491689,1
93,19,-1,1,1.6595335803372,2.0785785718104,0.471952929738725,1
93,20,1,1,1.83406825055863,2.58150223475307,0.303333121971989,1
93,21,1,1,1.83406825055863,2.58150223475307,0.437072874075799,1
93,22,1,1,1.83406825055863,2.58150223475307,1.21924661806359,1
93,23,1,1,1.83406825055863,2.58150223475307,1.05557813099413,1
93,24,-1,1,1.6595335803372,2.0785785718104,0.775174075638432,1
93,25,-1,1,1.6595335803372,2.0785785718104,0.494296566236792,1
93,26,-1,1,1.6595335803372,2.0785785718104,0.9143284615929,1
93,27,-1,1,1.6595335803372,2.0785785718104,1.05054094516641,1
93,28,-1,1,1.6595335803372,2.0785785718104,0.483454419071272,1
93,29,1,1,1.83406825055863,2.58150223475307,0.396437706341215,1
93,30,1,1,1.83406825055863,2.58150223475307,0.568552333648858,1
93,31,1,1,1.83406825055863,2.58150223475307,0.622738366810803,1
93,32,-1,1,1.6595335803372,2.0785785718104,0.405551585382328,1
93,33,-1,1,1.6595335803372,2.0785785718104,0.31471589916118,1
93,34,-1,1,1.6595335803372,2.0785785718104,0.442509012487931,1
93,35,1,1,1.83406825055863,2.58150223475307,0.556352356076681,-1
93,36,1,-1,1.74811241741356,2.01661642212862,0.680567440970463,1
93,37,1,1,1.83406825055863,2.58150223475307,0.316213889538374,1
93,38,-1,1,1.6595335803372,2.0785785718104,0.272094061659351,1
93,39,1,1,1.83406825055863,2.58150223475307,0.432857858787254,1
93,40,-1,1,1.6595335803372,2.0785785718104,0.318748617501922,1
93,41,-1,1,1.6595335803372,2.0785785718104,0.53098009509219,1
93,42,-1,1,1.6595335803372,2.0785785718104,0.353251885875366,1
93,43,1,1,1.83406825055863,2.58150223475307,0.326603863016337,1
93,44,1,1,1.83406825055863,2.58150223475307,0.255356904441978,1
93,45,-1,1,1.6595335803372,2.0785785718104,0.899280298608736,1
93,46,-1,1,1.6595335803372,2.0785785718104,0.83827762500952,1
93,47,-1,1,1.6595335803372,2.0785785718104,0.43977679674424,1
93,48,1,1,1.83406825055863,2.58150223475307,0.597287757580899,1
93,49,1,1,1.83406825055863,2.58150223475307,0.296066519290853,1
93,50,1,1,1.83406825055863,2.58150223475307,0.793361698961712,1
93,51,-1,1,1.6595335803372,2.0785785718104,0.632691479689042,1
93,52,1,1,1.83406825055863,2.58150223475307,0.711094622393109,1
93,53,1,1,1.83406825055863,2.58150223475307,0.342732430894923,1
93,54,-1,1,1.6595335803372,2.0785785718104,0.556259252742222,1
93,55,-1,1,1.6595335803372,2.0785785718104,0.374085267773675,1
93,56,1,1,1.83406825055863,2.58150223475307,0.465433345603826,1
93,57,-1,1,1.6595335803372,2.0785785718104,0.367059612376991,1
93,58,1,1,1.83406825055863,2.58150223475307,0.368205081159617,1
93,59,-1,1,1.6595335803372,2.0785785718104,0.976959998131204,1
93,60,-1,1,1.6595335803372,2.0785785718104,0.411636368275155,1
93,61,-1,1,1.6595335803372,2.0785785718104,0.276360743108612,1
93,62,-1,1,1.6595335803372,2.0785785718104,0.460086692904206,1
93,63,1,1,1.83406825055863,2.58150223475307,0.33086623327217,1
93,64,-1,1,1.6595335803372,2.0785785718104,1.12062710086716,1
93,65,-1,1,1.6595335803372,2.0785785718104,0.395477212473319,1
93,66,-1,1,1.6595335803372,2.0785785718104,0.376245638933795,1
93,67,-1,1,1.6595335803372,2.0785785718104,0.317840209301012,1
93,68,1,1,1.83406825055863,2.58150223475307,0.499305391685006,1
93,69,1,1,1.83406825055863,2.58150223475307,0.484916138234971,1
93,70,1,1,1.83406825055863,2.58150223475307,0.361468092100418,1
93,71,1,1,1.83406825055863,2.58150223475307,0.54723244784846,1
93,72,-1,1,1.6595335803372,2.0785785718104,0.381935116128587,1
93,73,-1,1,1.6595335803372,2.0785785718104,0.308744460718693,1
93,74,1,1,1.83406825055863,2.58150223475307,0.37954726767517,1
93,75,1,1,1.83406825055863,2.58150223475307,0.432659750546129,1
93,76,-1,1,1.6595335803372,2.0785785718104,0.457576595040168,1
93,77,-1,1,1.6595335803372,2.0785785718104,0.297522280872411,1
93,78,1,1,1.83406825055863,2.58150223475307,0.51264045879374,1
93,79,-1,1,1.6595335803372,2.0785785718104,0.266668444168034,1
93,80,1,1,1.83406825055863,2.58150223475307,0.565794227068158,1
93,81,1,1,1.83406825055863,2.58150223475307,0.370166483456017,1
93,82,1,1,1.83406825055863,2.58150223475307,0.388646514347722,1
93,83,-1,1,1.6595335803372,2.0785785718104,0.284242961152757,1
93,84,-1,1,1.6595335803372,2.0785785718104,0.432508283247359,1
93,85,1,1,1.83406825055863,2.58150223475307,0.452110202246719,1
93,86,1,1,1.83406825055863,2.58150223475307,0.771581855902674,1
93,87,1,1,1.83406825055863,2.58150223475307,0.586538072417117,1
93,88,1,1,1.83406825055863,2.58150223475307,0.664042262080102,1
93,89,-1,1,1.6595335803372,2.0785785718104,0.423131816613115,1
93,90,-1,1,1.6595335803372,2.0785785718104,0.970449290815347,1
93,91,1,1,1.83406825055863,2.58150223475307,0.479408840375635,1
93,92,1,1,1.83406825055863,2.58150223475307,0.697888186516236,1
93,93,-1,1,1.6595335803372,2.0785785718104,0.664994571850455,1
93,94,1,1,1.83406825055863,2.58150223475307,0.745558108765177,1
93,95,1,1,1.83406825055863,2.58150223475307,1.64534794395772,1
93,96,1,1,1.83406825055863,2.58150223475307,0.648391448810043,1
93,97,-1,1,1.6595335803372,2.0785785718104,0.387799253016358,1
93,98,1,1,1.83406825055863,2.58150223475307,0.485688984940623,1
93,99,1,1,1.83406825055863,2.58150223475307,0.486087958014417,1
93,100,1,1,1.83406825055863,2.58150223475307,1.01262248808199,1
93,101,-1,1,1.6595335803372,2.0785785718104,0.852096694195276,1
94,2,-1,1,1.76184878877643,1.17510492428151,1.10435882827198,1
94,3,1,1,1.94714404340251,4.04009420234321,0.293651543806492,1
94,4,1,1,1.94714404340251,4.04009420234321,0.371733924458986,1
94,5,-1,1,1.76184878877643,1.17510492428151,0.498775743852702,1
94,6,1,1,1.94714404340251,4.04009420234321,0.375010084888599,1
94,7,-1,1,1.76184878877643,1.17510492428151,2.01826729867786,1
94,8,1,1,1.94714404340251,4.04009420234321,0.365834270590246,1
94,9,1,1,1.94714404340251,4.04009420234321,0.420656404580295,1
94,10,1,1,1.94714404340251,4.04009420234321,0.473068504201636,1
94,11,1,1,1.94714404340251,4.04009420234321,0.478045630414774,1
94,12,-1,1,1.76184878877643,1.17510492428151,0.420678299260712,1
94,13,1,1,1.94714404340251,4.04009420234321,0.423633095177757,1
94,14,-1,1,1.76184878877643,1.17510492428151,1.31179433729872,1
94,15,-1,1,1.76184878877643,1.17510492428151,1.08501921089914,1
94,16,-1,1,1.76184878877643,1.17510492428151,0.39542165970411,1
94,17,1,1,1.94714404340251,4.04009420234321,0.383476651743852,1
94,18,1,1,1.94714404340251,4.04009420234321,0.346488479819849,1
94,19,-1,1,1.76184878877643,1.17510492428151,0.56745980026652,1
94,20,1,1,1.94714404340251,4.04009420234321,0.301817793421319,1
94,21,1,1,1.94714404340251,4.04009420234321,0.359003044192066,1
94,22,1,1,1.94714404340251,4.04009420234321,0.407503969731924,1
94,23,-1,1,1.76184878877643,1.17510492428151,0.327817613296613,1
94,24,-1,1,1.76184878877643,1.17510492428151,0.387439778060878,1
94,25,1,1,1.94714404340251,4.04009420234321,0.304515950821463,1
94,26,-1,1,1.76184878877643,1.17510492428151,0.383542724193229,1
94,27,-1,1,1.76184878877643,1.17510492428151,0.388351733933957,1
94,28,-1,1,1.76184878877643,1.17510492428151,0.585415400920878,1
94,29,1,1,1.94714404340251,4.04009420234321,0.390662984275871,1
94,30,1,1,1.94714404340251,4.04009420234321,0.415392891503875,1
94,31,1,1,1.94714404340251,4.04009420234321,0.532004576131832,1
94,32,-1,1,1.76184878877643,1.17510492428151,0.309266916641335,1
94,33,-1,1,1.76184878877643,1.17510492428151,0.600507723303673,-1
94,34,-1,-1,1.67927760830439,1.13477335789742,0.316716129893747,1
94,35,1,1,1.94714404340251,4.04009420234321,0.372743027649454,1
94,36,1,1,1.94714404340251,4.04009420234321,0.313259310043143,1
94,37,-1,1,1.76184878877643,1.17510492428151,0.75923209959454,1
94,38,-1,1,1.76184878877643,1.17510492428151,1.60806198953606,1
94,39,-1,1,1.76184878877643,1.17510492428151,2.93566515052548,1
94,40,1,1,1.94714404340251,4.04009420234321,0.386658349884068,1
94,41,-1,1,1.76184878877643,1.17510492428151,1.35031731464602,-1
94,42,1,-1,1.85588877607364,2.45002751547787,0.491946907360112,1
94,43,1,1,1.94714404340251,4.04009420234321,0.307599151280163,1
94,44,1,1,1.94714404340251,4.04009420234321,0.575509293455147,1
94,45,-1,1,1.76184878877643,1.17510492428151,0.375304173397904,1
94,46,-1,1,1.76184878877643,1.17510492428151,2.90642792555982,-1
94,47,1,-1,1.85588877607364,2.45002751547787,0.289974840702654,1
94,48,-1,1,1.76184878877643,1.17510492428151,0.590705547581459,1
94,49,-1,1,1.76184878877643,1.17510492428151,0.461925539919631,1
94,50,-1,1,1.76184878877643,1.17510492428151,0.628384301889247,1
94,51,-1,1,1.76184878877643,1.17510492428151,1.18982506475854,1
94,52,-1,1,1.76184878877643,1.17510492428151,0.709943707826744,1
94,53,-1,1,1.76184878877643,1.17510492428151,1.50876690622294,1
94,54,-1,1,1.76184878877643,1.17510492428151,0.467825041421988,1
94,55,1,1,1.94714404340251,4.04009420234321,0.578561544778579,1
94,56,1,1,1.94714404340251,4.04009420234321,0.636330386359354,1
94,57,1,1,1.94714404340251,4.04009420234321,0.263722816017995,1
94,58,1,1,1.94714404340251,4.04009420234321,0.443069401524635,1
94,59,-1,1,1.76184878877643,1.17510492428151,0.431612545142204,1
94,60,1,1,1.94714404340251,4.04009420234321,0.711242918150631,1
94,61,-1,1,1.76184878877643,1.17510492428151,0.549420930471581,1
94,62,1,1,1.94714404340251,4.04009420234321,0.497061394383815,1
94,63,1,1,1.94714404340251,4.04009420234321,0.659607410256529,1
94,64,-1,1,1.76184878877643,1.17510492428151,0.543831340348847,1
94,65,-1,1,1.76184878877643,1.17510492428151,0.93950188048372,1
94,66,1,1,1.94714404340251,4.04009420234321,0.364531406385731,1
94,67,-1,1,1.76184878877643,1.17510492428151,0.688338108064058,-1
94,68,-1,-1,1.67927760830439,1.13477335789742,0.906414345742824,-1
94,69,-1,-1,1.67927760830439,1.13477335789742,1.6837825070671,1
94,70,1,1,1.94714404340251,4.04009420234321,0.709953666503166,1
94,71,1,1,1.94714404340251,4.04009420234321,0.630586558890215,1
94,72,-1,1,1.76184878877643,1.17510492428151,0.425371350543494,-1
94,73,-1,-1,1.67927760830439,1.13477335789742,0.739140562298257,1
94,74,1,1,1.94714404340251,4.04009420234321,0.339893929993534,1
94,75,-1,1,1.76184878877643,1.17510492428151,0.742827620263141,1
94,76,1,1,1.94714404340251,4.04009420234321,0.405641829593936,1
94,77,1,1,1.94714404340251,4.04009420234321,0.328491851189077,1
94,78,1,1,1.94714404340251,4.04009420234321,0.49538065285287,1
94,79,1,1,1.94714404340251,4.04009420234321,0.359764388428681,1
94,80,1,1,1.94714404340251,4.04009420234321,0.359796029910946,1
94,81,1,1,1.94714404340251,4.04009420234321,0.283756463917801,1
94,82,-1,1,1.76184878877643,1.17510492428151,0.937246745401825,1
94,83,1,1,1.94714404340251,4.04009420234321,0.383272320584483,1
94,84,-1,1,1.76184878877643,1.17510492428151,1.28419889203616,-1
94,85,-1,-1,1.67927760830439,1.13477335789742,0.502086187775419,1
94,86,1,1,1.94714404340251,4.04009420234321,0.408650356717353,1
94,87,-1,1,1.76184878877643,1.17510492428151,0.275149451031856,1
94,88,1,1,1.94714404340251,4.04009420234321,0.588332481070138,1
94,89,1,1,1.94714404340251,4.04009420234321,0.424664874543638,1
94,90,1,1,1.94714404340251,4.04009420234321,0.479304646777692,1
94,91,-1,1,1.76184878877643,1.17510492428151,0.805349187706201,1
94,92,1,1,1.94714404340251,4.04009420234321,0.397049530438148,1
94,93,-1,1,1.76184878877643,1.17510492428151,0.488248931733934,1
94,94,1,1,1.94714404340251,4.04009420234321,0.35336674731618,1
94,95,1,1,1.94714404340251,4.04009420234321,0.502466763288882,1
94,96,-1,1,1.76184878877643,1.17510492428151,0.783836707122108,1
94,97,-1,1,1.76184878877643,1.17510492428151,0.412810812586011,1
94,98,-1,1,1.76184878877643,1.17510492428151,0.502821163586694,1
94,99,-1,1,1.76184878877643,1.17510492428151,0.894318396813551,1
94,100,1,1,1.94714404340251,4.04009420234321,0.840230489882085,1
94,101,-1,1,1.76184878877643,1.17510492428151,0.550703547438952,1
95,2,1,1,2.08544897378313,2.40663133548198,0.508424795354937,1
95,3,-1,1,1.88699226488367,2.47226689288366,0.374239106219692,1
95,4,1,1,2.08544897378313,2.40663133548198,0.649991012424268,1
95,5,-1,1,1.88699226488367,2.47226689288366,0.790712093679816,1
95,6,-1,1,1.88699226488367,2.47226689288366,0.332863205725327,1
95,7,-1,1,1.88699226488367,2.47226689288366,0.37978598988058,1
95,8,1,1,2.08544897378313,2.40663133548198,1.20624523848193,1
95,9,1,1,2.08544897378313,2.40663133548198,1.80444015194247,1
95,10,-1,1,1.88699226488367,2.47226689288366,0.643710138815709,1
95,11,-1,1,1.88699226488367,2.47226689288366,0.489385538261841,1
95,12,1,1,2.08544897378313,2.40663133548198,0.439181955777991,1
95,13,1,1,2.08544897378313,2.40663133548198,0.96433458568581,1
95,14,-1,1,1.88699226488367,2.47226689288366,0.490597636929312,1
95,15,1,1,2.08544897378313,2.40663133548198,0.586234121183934,1
95,16,1,1,2.08544897378313,2.40663133548198,0.785604015900539,1
95,17,1,1,2.08544897378313,2.40663133548198,0.710595811039123,1
95,18,-1,1,1.88699226488367,2.47226689288366,0.659014828734364,1
95,19,-1,1,1.88699226488367,2.47226689288366,1.0393322716823,1
95,20,1,1,2.08544897378313,2.40663133548198,0.855594114608205,1
95,21,-1,1,1.88699226488367,2.47226689288366,0.628682406690916,1
95,22,-1,1,1.88699226488367,2.47226689288366,0.659008486815914,1
95,23,1,1,2.08544897378313,2.40663133548198,0.741895444398473,1
95,24,-1,1,1.88699226488367,2.47226689288366,0.348472050099307,1
95,25,1,1,2.08544897378313,2.40663133548198,0.560731753780252,1
95,26,-1,1,1.88699226488367,2.47226689288366,1.32163914275517,1
95,27,1,1,2.08544897378313,2.40663133548198,0.529496058243986,1
95,28,1,1,2.08544897378313,2.40663133548198,0.453304390016488,1
95,29,1,1,2.08544897378313,2.40663133548198,0.8641310173914,1
95,30,1,1,2.08544897378313,2.40663133548198,1.24694084148791,1
95,31,1,1,2.08544897378313,2.40663133548198,0.670222502025654,1
95,32,1,1,2.08544897378313,2.40663133548198,0.464454595029164,1
95,33,1,1,2.08544897378313,2.40663133548198,0.5290919295554,1
95,34,1,1,2.08544897378313,2.40663133548198,1.36323396822209,1
95,35,1,1,2.08544897378313,2.40663133548198,1.21665838765382,1
95,36,1,1,2.08544897378313,2.40663133548198,0.57677411755134,1
95,37,-1,1,1.88699226488367,2.47226689288366,0.793807121025969,1
95,38,-1,1,1.88699226488367,2.47226689288366,0.428039436405648,1
95,39,-1,1,1.88699226488367,2.47226689288366,0.315099216572229,-1
95,40,-1,-1,1.79855608361453,1.7700619228921,1.12622415833377,1
95,41,1,1,2.08544897378313,2.40663133548198,1.10440675521412,1
95,42,1,1,2.08544897378313,2.40663133548198,1.31509703762223,1
95,43,1,1,2.08544897378313,2.40663133548198,0.451851618052964,1
95,44,1,1,2.08544897378313,2.40663133548198,0.622586664606598,1
95,45,-1,1,1.88699226488367,2.47226689288366,0.474764420454552,1
95,46,-1,1,1.88699226488367,2.47226689288366,0.448664999809443,1
95,47,1,1,2.08544897378313,2.40663133548198,1.01188838669069,1
95,48,1,1,2.08544897378313,2.40663133548198,0.402271244948966,1
95,49,-1,1,1.88699226488367,2.47226689288366,0.341346184486896,1
95,50,-1,1,1.88699226488367,2.47226689288366,1.65027140578972,1
95,51,-1,1,1.88699226488367,2.47226689288366,0.45810509713188,1
95,52,1,1,2.08544897378313,2.40663133548198,0.524371494218503,1
95,53,1,1,2.08544897378313,2.40663133548198,0.547884268183923,1
95,54,-1,1,1.88699226488367,2.47226689288366,1.10493709631192,1
95,55,-1,1,1.88699226488367,2.47226689288366,0.407145000293249,1
95,56,-1,1,1.88699226488367,2.47226689288366,0.841924366187877,1
95,57,-1,1,1.88699226488367,2.47226689288366,0.967671356172357,1
95,58,-1,1,1.88699226488367,2.47226689288366,0.39075645268085,1
95,59,-1,1,1.88699226488367,2.47226689288366,0.281089203523878,1
95,60,1,1,2.08544897378313,2.40663133548198,0.793241701522204,1
95,61,1,1,2.08544897378313,2.40663133548198,0.507668003421424,1
95,62,-1,1,1.88699226488367,2.47226689288366,0.40322295587329,1
95,63,-1,1,1.88699226488367,2.47226689288366,0.395447608062693,1
95,64,-1,1,1.88699226488367,2.47226689288366,0.512286281514486,1
95,65,-1,1,1.88699226488367,2.47226689288366,0.424503983998701,1
95,66,1,1,2.08544897378313,2.40663133548198,0.387614884980592,1
95,67,1,1,2.08544897378313,2.40663133548198,0.375786421080107,1
95,68,-1,1,1.88699226488367,2.47226689288366,1.24619629503158,1
95,69,1,1,2.08544897378313,2.40663133548198,0.408700863458469,1
95,70,-1,1,1.88699226488367,2.47226689288366,0.471169663457865,1
95,71,-1,1,1.88699226488367,2.47226689288366,0.321093590043013,1
95,72,1,1,2.08544897378313,2.40663133548198,0.731287025388286,1
95,73,-1,1,1.88699226488367,2.47226689288366,0.496634844007963,1
95,74,1,1,2.08544897378313,2.40663133548198,0.431534096505146,1
95,75,-1,1,1.88699226488367,2.47226689288366,0.462669093325261,1
95,76,1,1,2.08544897378313,2.40663133548198,0.480034931782797,1
95,77,-1,1,1.88699226488367,2.47226689288366,0.378758625040907,1
95,78,1,1,2.08544897378313,2.40663133548198,0.353857955065444,1
95,79,-1,1,1.88699226488367,2.47226689288366,0.461952313331682,1
95,80,1,1,2.08544897378313,2.40663133548198,0.713697605412502,1
95,81,-1,1,1.88699226488367,2.47226689288366,0.316909781697165,1
95,82,-1,1,1.88699226488367,2.47226689288366,0.414365257032638,1
95,83,1,1,2.08544897378313,2.40663133548198,0.401941935359999,1
95,84,1,1,2.08544897378313,2.40663133548198,0.454061378443603,1
95,85,1,1,2.08544897378313,2.40663133548198,0.355762126492288,1
95,86,-1,1,1.88699226488367,2.47226689288366,0.522004250784328,1
95,87,-1,1,1.88699226488367,2.47226689288366,0.427382543991602,1
95,88,1,1,2.08544897378313,2.40663133548198,0.639774764832158,1
95,89,1,1,2.08544897378313,2.40663133548198,0.389557006957744,1
95,90,1,1,2.08544897378313,2.40663133548198,0.66588004958344,1
95,91,-1,1,1.88699226488367,2.47226689288366,0.764000257905536,1
95,92,1,1,2.08544897378313,2.40663133548198,0.402092935924207,1
95,93,-1,1,1.88699226488367,2.47226689288366,0.441588564093516,1
95,94,-1,1,1.88699226488367,2.47226689288366,0.470066806655423,1
95,95,-1,1,1.88699226488367,2.47226689288366,0.450758067576677,1
95,96,-1,1,1.88699226488367,2.47226689288366,0.744623604382087,1
95,97,1,1,2.08544897378313,2.40663133548198,0.371656192824265,1
95,98,-1,1,1.88699226488367,2.47226689288366,0.405665173708472,1
95,99,1,1,2.08544897378313,2.40663133548198,0.41503682758417,1
95,100,-1,1,1.88699226488367,2.47226689288366,0.741677735062523,1
95,101,1,1,2.08544897378313,2.40663133548198,0.503602905951924,1
96,2,-1,1,2.11948841923758,1.25773784755785,0.525494738121862,1
96,3,1,1,2.34239696213949,3.26513300807445,0.566382378880562,1
96,4,1,1,2.34239696213949,3.26513300807445,0.458783305254907,1
96,5,-1,1,2.11948841923758,1.25773784755785,0.680189892608251,1
96,6,1,1,2.34239696213949,3.26513300807445,0.435368922115973,1
96,7,-1,1,2.11948841923758,1.25773784755785,1.24033101087874,1
96,8,1,1,2.34239696213949,3.26513300807445,0.583105285198718,1
96,9,1,1,2.34239696213949,3.26513300807445,0.414036737510098,1
96,10,1,1,2.34239696213949,3.26513300807445,0.373791134437443,1
96,11,-1,1,2.11948841923758,1.25773784755785,0.451354003208487,1
96,12,-1,1,2.11948841923758,1.25773784755785,2.17684891599513,1
96,13,-1,1,2.11948841923758,1.25773784755785,0.440709203722474,1
96,14,1,1,2.34239696213949,3.26513300807445,0.513680444500418,1
96,15,1,1,2.34239696213949,3.26513300807445,0.572561013882297,1
96,16,-1,1,2.11948841923758,1.25773784755785,0.428696942684143,1
96,17,-1,1,2.11948841923758,1.25773784755785,0.608670827878723,1
96,18,-1,1,2.11948841923758,1.25773784755785,2.06275807706052,1
96,19,-1,1,2.11948841923758,1.25773784755785,0.479487704215677,1
96,20,1,1,2.34239696213949,3.26513300807445,0.571419314226623,1
96,21,-1,1,2.11948841923758,1.25773784755785,0.887334845359437,1
96,22,-1,1,2.11948841923758,1.25773784755785,0.637316116150458,1
96,23,-1,1,2.11948841923758,1.25773784755785,0.810457671365135,1
96,24,-1,1,2.11948841923758,1.25773784755785,0.364118685213557,1
96,25,1,1,2.34239696213949,3.26513300807445,0.373037304879969,1
96,26,-1,1,2.11948841923758,1.25773784755785,0.418309671063163,1
96,27,-1,1,2.11948841923758,1.25773784755785,1.38114313034182,1
96,28,-1,1,2.11948841923758,1.25773784755785,1.01943602721501,1
96,29,-1,1,2.11948841923758,1.25773784755785,0.666443721792861,1
96,30,1,1,2.34239696213949,3.26513300807445,0.379773128597786,1
96,31,1,1,2.34239696213949,3.26513300807445,0.422712588948115,1
96,32,-1,1,2.11948841923758,1.25773784755785,1.34424106164928,1
96,33,1,1,2.34239696213949,3.26513300807445,0.391715194312858,1
96,34,1,1,2.34239696213949,3.26513300807445,0.321914762422082,1
96,35,1,1,2.34239696213949,3.26513300807445,0.56692905458718,1
96,36,1,1,2.34239696213949,3.26513300807445,0.551630185767811,1
96,37,1,1,2.34239696213949,3.26513300807445,0.617400060888047,1
96,38,-1,1,2.11948841923758,1.25773784755785,1.2295099027942,1
96,39,1,1,2.34239696213949,3.26513300807445,0.769739991280046,1
96,40,-1,1,2.11948841923758,1.25773784755785,0.845562439258766,1
96,41,-1,1,2.11948841923758,1.25773784755785,0.66094889796981,-1
96,42,-1,-1,2.02015602369482,1.75235017867817,0.581801752970622,1
96,43,-1,1,2.11948841923758,1.25773784755785,3.19230429618258,1
96,44,1,1,2.34239696213949,3.26513300807445,0.434298527559813,1
96,45,-1,1,2.11948841923758,1.25773784755785,0.48325840708807,1
96,46,-1,1,2.11948841923758,1.25773784755785,0.657261732956403,1
96,47,-1,1,2.11948841923758,1.25773784755785,0.525346829836345,1
96,48,1,1,2.34239696213949,3.26513300807445,0.435136967058582,1
96,49,-1,1,2.11948841923758,1.25773784755785,1.19818725062097,1
96,50,1,1,2.34239696213949,3.26513300807445,0.722979783929537,1
96,51,1,1,2.34239696213949,3.26513300807445,0.309355120828924,1
96,52,1,1,2.34239696213949,3.26513300807445,0.305557861690181,1
96,53,1,1,2.34239696213949,3.26513300807445,0.445168580160058,1
96,54,1,1,2.34239696213949,3.26513300807445,0.520884474805239,1
96,55,1,1,2.34239696213949,3.26513300807445,0.683068024366801,1
96,56,-1,1,2.11948841923758,1.25773784755785,0.362025502783164,1
96,57,1,1,2.34239696213949,3.26513300807445,0.427084783238232,1
96,58,-1,1,2.11948841923758,1.25773784755785,0.683420644425953,1
96,59,-1,1,2.11948841923758,1.25773784755785,0.449840839255302,1
96,60,1,1,2.34239696213949,3.26513300807445,0.290982496204243,1
96,61,-1,1,2.11948841923758,1.25773784755785,0.907297994456094,1
96,62,-1,1,2.11948841923758,1.25773784755785,0.682365661301109,1
96,63,-1,1,2.11948841923758,1.25773784755785,0.846964874206163,1
96,64,1,1,2.34239696213949,3.26513300807445,0.45551933458993,1
96,65,1,1,2.34239696213949,3.26513300807445,0.488023679763477,1
96,66,1,1,2.34239696213949,3.26513300807445,0.719876163237073,1
96,67,-1,1,2.11948841923758,1.25773784755785,1.17564309012219,1
96,68,-1,1,2.11948841923758,1.25773784755785,1.47718742275527,1
96,69,-1,1,2.11948841923758,1.25773784755785,1.12091064627033,1
96,70,1,1,2.34239696213949,3.26513300807445,0.432946976204691,1
96,71,1,1,2.34239696213949,3.26513300807445,0.495508030574375,1
96,72,1,1,2.34239696213949,3.26513300807445,0.479517000349818,1
96,73,1,1,2.34239696213949,3.26513300807445,0.798411430685628,1
96,74,-1,1,2.11948841923758,1.25773784755785,0.83627946399808,1
96,75,1,1,2.34239696213949,3.26513300807445,0.612471282042244,1
96,76,1,1,2.34239696213949,3.26513300807445,0.562811278272052,1
96,77,-1,1,2.11948841923758,1.25773784755785,0.638437440163653,1
96,78,1,1,2.34239696213949,3.26513300807445,0.393604193528839,1
96,79,-1,1,2.11948841923758,1.25773784755785,0.48226072154217,-1
96,80,-1,-1,2.02015602369482,1.75235017867817,1.21936014279662,1
96,81,-1,1,2.11948841923758,1.25773784755785,0.379109493923535,1
96,82,-1,1,2.11948841923758,1.25773784755785,2.57631925138586,1
96,83,1,1,2.34239696213949,3.26513300807445,0.463871291339135,1
96,84,1,1,2.34239696213949,3.26513300807445,0.3275992888961,1
96,85,-1,1,2.11948841923758,1.25773784755785,0.33703669035877,-1
96,86,-1,-1,2.02015602369482,1.75235017867817,3.5937054228474,1
96,87,1,1,2.34239696213949,3.26513300807445,0.37190648677511,1
96,88,1,1,2.34239696213949,3.26513300807445,0.604698962436786,1
96,89,-1,1,2.11948841923758,1.25773784755785,0.491617647270639,1
96,90,1,1,2.34239696213949,3.26513300807445,0.309793148449336,1
96,91,1,1,2.34239696213949,3.26513300807445,0.581366502133876,1
96,92,1,1,2.34239696213949,3.26513300807445,0.508073568040411,1
96,93,1,1,2.34239696213949,3.26513300807445,0.546993138515399,1
96,94,1,1,2.34239696213949,3.26513300807445,0.419255449973278,1
96,95,1,1,2.34239696213949,3.26513300807445,0.255969518058255,1
96,96,-1,1,2.11948841923758,1.25773784755785,1.74351338821224,1
96,97,-1,1,2.11948841923758,1.25773784755785,0.71598368763848,-1
96,98,1,-1,2.23261768736286,2.52477896568953,0.543004810259315,1
96,99,1,1,2.34239696213949,3.26513300807445,0.441506889057846,1
96,100,-1,1,2.11948841923758,1.25773784755785,0.894594132394878,-1
96,101,-1,-1,2.02015602369482,1.75235017867817,0.584791586444983,1
97,2,-1,1,1.55473847085044,1.3729645058127,0.797183775035923,-1
97,3,-1,-1,1.48187376663677,1.36314487439536,0.284985034197169,1
97,4,1,1,1.71825174319731,4.12537071532308,0.565838578930465,1
97,5,1,1,1.71825174319731,4.12537071532308,0.744704963558511,1
97,6,-1,1,1.55473847085044,1.3729645058127,0.36159473700858,1
97,7,1,1,1.71825174319731,4.12537071532308,0.366009912959804,1
97,8,-1,1,1.55473847085044,1.3729645058127,0.475705825534868,1
97,9,1,1,1.71825174319731,4.12537071532308,0.306778351900924,1
97,10,-1,1,1.55473847085044,1.3729645058127,0.615182393138555,1
97,11,1,1,1.71825174319731,4.12537071532308,0.304589222296782,1
97,12,1,1,1.71825174319731,4.12537071532308,0.476453564071679,1
97,13,-1,1,1.55473847085044,1.3729645058127,0.597801247092904,1
97,14,-1,1,1.55473847085044,1.3729645058127,0.907015578027811,1
97,15,1,1,1.71825174319731,4.12537071532308,0.427464363378153,1
97,16,-1,1,1.55473847085044,1.3729645058127,0.749942054449898,1
97,17,-1,1,1.55473847085044,1.3729645058127,0.424263211472223,1
97,18,1,1,1.71825174319731,4.12537071532308,0.553183466192369,1
97,19,1,1,1.71825174319731,4.12537071532308,0.289044734773679,1
97,20,-1,1,1.55473847085044,1.3729645058127,0.25190047657339,1
97,21,1,1,1.71825174319731,4.12537071532308,0.307662333646812,1
97,22,-1,1,1.55473847085044,1.3729645058127,0.579732091584644,1
97,23,1,1,1.71825174319731,4.12537071532308,0.303345896321806,1
97,24,-1,1,1.55473847085044,1.3729645058127,0.355918758759768,1
97,25,-1,1,1.55473847085044,1.3729645058127,0.270667061298945,1
97,26,-1,1,1.55473847085044,1.3729645058127,0.620912556994139,1
97,27,-1,1,1.55473847085044,1.3729645058127,0.380151089305639,1
97,28,-1,1,1.55473847085044,1.3729645058127,0.398721911743284,1
97,29,-1,1,1.55473847085044,1.3729645058127,0.776529049942742,1
97,30,1,1,1.71825174319731,4.12537071532308,0.43767532269467,1
97,31,1,1,1.71825174319731,4.12537071532308,0.823295611355608,1
97,32,-1,1,1.55473847085044,1.3729645058127,1.03755964376044,1
97,33,-1,1,1.55473847085044,1.3729645058127,1.50178039425829,1
97,34,-1,1,1.55473847085044,1.3729645058127,0.3460794998712,1
97,35,-1,1,1.55473847085044,1.3729645058127,0.490674983340589,1
97,36,-1,1,1.55473847085044,1.3729645058127,0.485345251046655,-1
97,37,1,-1,1.63772379114618,1.93851990446886,0.614498827234041,1
97,38,1,1,1.71825174319731,4.12537071532308,0.314738685150294,1
97,39,1,1,1.71825174319731,4.12537071532308,0.258991731329973,1
97,40,1,1,1.71825174319731,4.12537071532308,0.469613553454023,1
97,41,-1,1,1.55473847085044,1.3729645058127,1.17890221999542,-1
97,42,-1,-1,1.48187376663677,1.36314487439536,0.461250340195898,1
97,43,-1,1,1.55473847085044,1.3729645058127,0.410601600179456,1
97,44,-1,1,1.55473847085044,1.3729645058127,1.37860712596326,1
97,45,-1,1,1.55473847085044,1.3729645058127,0.670741183915591,1
97,46,1,1,1.71825174319731,4.12537071532308,0.345402344263076,1
97,47,-1,1,1.55473847085044,1.3729645058127,1.05272712565055,1
97,48,1,1,1.71825174319731,4.12537071532308,0.338732567012466,1
97,49,1,1,1.71825174319731,4.12537071532308,0.569520526642393,1
97,50,1,1,1.71825174319731,4.12537071532308,0.300869031734757,1
97,51,1,1,1.71825174319731,4.12537071532308,0.462777243074231,1
97,52,-1,1,1.55473847085044,1.3729645058127,0.324871259414105,1
97,53,-1,1,1.55473847085044,1.3729645058127,0.949412541812878,1
97,54,1,1,1.71825174319731,4.12537071532308,0.385628797824871,1
97,55,1,1,1.71825174319731,4.12537071532308,0.337879980750029,1
97,56,-1,1,1.55473847085044,1.3729645058127,0.44652426141594,1
97,57,-1,1,1.55473847085044,1.3729645058127,1.11725390666716,1
97,58,-1,1,1.55473847085044,1.3729645058127,0.618586237211614,-1
97,59,-1,-1,1.48187376663677,1.36314487439536,0.455385239241717,1
97,60,1,1,1.71825174319731,4.12537071532308,0.411257163254317,1
97,61,1,1,1.71825174319731,4.12537071532308,0.342258312463127,1
97,62,-1,1,1.55473847085044,1.3729645058127,0.381945563856915,1
97,63,1,1,1.71825174319731,4.12537071532308,0.361888562602342,1
97,64,1,1,1.71825174319731,4.12537071532308,0.366629205831268,1
97,65,-1,1,1.55473847085044,1.3729645058127,0.556071076972935,1
97,66,-1,1,1.55473847085044,1.3729645058127,0.543529170817611,1
97,67,1,1,1.71825174319731,4.12537071532308,0.310854535086641,1
97,68,-1,1,1.55473847085044,1.3729645058127,1.04435543278216,1
97,69,-1,1,1.55473847085044,1.3729645058127,0.824384093881124,-1
97,70,-1,-1,1.48187376663677,1.36314487439536,0.323170575873168,1
97,71,-1,1,1.55473847085044,1.3729645058127,0.316842732108246,1
97,72,-1,1,1.55473847085044,1.3729645058127,1.21372611726856,-1
97,73,1,-1,1.63772379114618,1.93851990446886,0.929565617725787,1
97,74,-1,1,1.55473847085044,1.3729645058127,0.605941827529517,1
97,75,1,1,1.71825174319731,4.12537071532308,0.890292244834648,1
97,76,-1,1,1.55473847085044,1.3729645058127,0.328446235909006,1
97,77,-1,1,1.55473847085044,1.3729645058127,0.55625686296035,1
97,78,1,1,1.71825174319731,4.12537071532308,0.368288473233606,1
97,79,1,1,1.71825174319731,4.12537071532308,0.356787095144907,1
97,80,1,1,1.71825174319731,4.12537071532308,0.343593483762032,1
97,81,1,1,1.71825174319731,4.12537071532308,0.664075825766991,1
97,82,1,1,1.71825174319731,4.12537071532308,0.41668334922678,1
97,83,-1,1,1.55473847085044,1.3729645058127,0.343082026571205,1
97,84,1,1,1.71825174319731,4.12537071532308,0.371109001639446,1
97,85,-1,1,1.55473847085044,1.3729645058127,0.459472743342834,1
97,86,1,1,1.71825174319731,4.12537071532308,0.418627954606421,1
97,87,1,1,1.71825174319731,4.12537071532308,0.365803812989518,1
97,88,1,1,1.71825174319731,4.12537071532308,0.65457193179746,1
97,89,1,1,1.71825174319731,4.12537071532308,0.417491819184743,1
97,90,-1,1,1.55473847085044,1.3729645058127,0.318313997837566,1
97,91,1,1,1.71825174319731,4.12537071532308,0.26590959039068,1
97,92,1,1,1.71825174319731,4.12537071532308,0.32972598742928,1
97,93,-1,1,1.55473847085044,1.3729645058127,0.406967643635895,1
97,94,1,1,1.71825174319731,4.12537071532308,0.284622859471312,1
97,95,1,1,1.71825174319731,4.12537071532308,0.456779355272037,1
97,96,-1,1,1.55473847085044,1.3729645058127,0.494070737473875,1
97,97,1,1,1.71825174319731,4.12537071532308,0.317658876514129,1
97,98,1,1,1.71825174319731,4.12537071532308,0.312980148468195,1
97,99,1,1,1.71825174319731,4.12537071532308,0.399102041919643,1
97,100,1,1,1.71825174319731,4.12537071532308,0.285059935444894,1
97,101,1,1,1.71825174319731,4.12537071532308,0.269267738487966,1
98,2,1,1,1.9912641813839,3.37916665261826,0.311399874310555,1
98,3,-1,1,1.8017703405109,1.62937422612155,0.494995772029781,1
98,4,1,1,1.9912641813839,3.37916665261826,0.906133575981802,1
98,5,1,1,1.9912641813839,3.37916665261826,0.380612727661513,1
98,6,-1,1,1.8017703405109,1.62937422612155,1.10215945007714,1
98,7,-1,1,1.8017703405109,1.62937422612155,0.467546927373911,1
98,8,1,1,1.9912641813839,3.37916665261826,0.324042212457263,1
98,9,-1,1,1.8017703405109,1.62937422612155,0.728823294025206,1
98,10,1,1,1.9912641813839,3.37916665261826,0.41639388730531,1
98,11,1,1,1.9912641813839,3.37916665261826,0.664553960197849,1
98,12,-1,1,1.8017703405109,1.62937422612155,0.924190181075722,1
98,13,-1,1,1.8017703405109,1.62937422612155,0.845830452192028,1
98,14,1,1,1.9912641813839,3.37916665261826,0.619879648632916,1
98,15,1,1,1.9912641813839,3.37916665261826,0.591336377247815,1
98,16,-1,1,1.8017703405109,1.62937422612155,1.19761442355511,1
98,17,1,1,1.9912641813839,3.37916665261826,0.53279031924198,1
98,18,1,1,1.9912641813839,3.37916665261826,0.352167118098716,1
98,19,-1,1,1.8017703405109,1.62937422612155,0.515034747782738,1
98,20,1,1,1.9912641813839,3.37916665261826,0.429895451499294,1
98,21,-1,1,1.8017703405109,1.62937422612155,0.660531591445787,1
98,22,1,1,1.9912641813839,3.37916665261826,0.529957723987408,1
98,23,1,1,1.9912641813839,3.37916665261826,0.392793493952002,1
98,24,-1,1,1.8017703405109,1.62937422612155,0.59864046933005,-1
98,25,1,-1,1.89794117027422,2.70939308680033,0.386944099838431,1
98,26,-1,1,1.8017703405109,1.62937422612155,0.78966807299413,1
98,27,1,1,1.9912641813839,3.37916665261826,0.540421901050519,1
98,28,-1,1,1.8017703405109,1.62937422612155,1.06269913198021,1
98,29,1,1,1.9912641813839,3.37916665261826,0.480734141788116,1
98,30,1,1,1.9912641813839,3.37916665261826,0.822045898179045,1
98,31,-1,1,1.8017703405109,1.62937422612155,1.00256318603706,1
98,32,1,1,1.9912641813839,3.37916665261826,0.486089939219613,1
98,33,-1,1,1.8017703405109,1.62937422612155,0.454892451590664,1
98,34,1,1,1.9912641813839,3.37916665261826,0.487777664843141,1
98,35,1,1,1.9912641813839,3.37916665261826,0.415672672707845,1
98,36,-1,1,1.8017703405109,1.62937422612155,0.512402700146885,1
98,37,-1,1,1.8017703405109,1.62937422612155,0.436686221659763,1
98,38,1,1,1.9912641813839,3.37916665261826,0.495810909795356,1
98,39,-1,1,1.8017703405109,1.62937422612155,0.588751054252856,1
98,40,1,1,1.9912641813839,3.37916665261826,0.426090536111605,1
98,41,1,1,1.9912641813839,3.37916665261826,0.464163470478835,1
98,42,1,1,1.9912641813839,3.37916665261826,0.677299920356252,1
98,43,-1,1,1.8017703405109,1.62937422612155,0.525334913454412,1
98,44,-1,1,1.8017703405109,1.62937422612155,0.399457391030022,1
98,45,-1,1,1.8017703405109,1.62937422612155,1.38296100560018,1
98,46,1,1,1.9912641813839,3.37916665261826,0.54841818391108,1
98,47,1,1,1.9912641813839,3.37916665261826,0.402558163290202,1
98,48,1,1,1.9912641813839,3.37916665261826,0.388409579908477,1
98,49,1,1,1.9912641813839,3.37916665261826,0.388543356019126,1
98,50,1,1,1.9912641813839,3.37916665261826,0.6171894828864,1
98,51,-1,1,1.8017703405109,1.62937422612155,1.71260688743892,1
98,52,-1,1,1.8017703405109,1.62937422612155,0.345764523303953,1
98,53,-1,1,1.8017703405109,1.62937422612155,0.499571918361448,1
98,54,1,1,1.9912641813839,3.37916665261826,0.444277792374747,1
98,55,-1,1,1.8017703405109,1.62937422612155,0.425576589338124,1
98,56,-1,1,1.8017703405109,1.62937422612155,0.960452468742761,1
98,57,-1,1,1.8017703405109,1.62937422612155,0.424597876401212,1
98,58,1,1,1.9912641813839,3.37916665261826,0.563484725985873,1
98,59,-1,1,1.8017703405109,1.62937422612155,0.455762957305597,1
98,60,-1,1,1.8017703405109,1.62937422612155,0.55674965364604,1
98,61,1,1,1.9912641813839,3.37916665261826,0.523145462871275,1
98,62,-1,1,1.8017703405109,1.62937422612155,0.900518431448744,1
98,63,-1,1,1.8017703405109,1.62937422612155,0.510802285041525,1
98,64,-1,1,1.8017703405109,1.62937422612155,0.646562379853034,1
98,65,-1,1,1.8017703405109,1.62937422612155,0.356310613455928,1
98,66,-1,1,1.8017703405109,1.62937422612155,0.880672462612996,1
98,67,-1,1,1.8017703405109,1.62937422612155,0.609699713545366,1
98,68,1,1,1.9912641813839,3.37916665261826,0.410477846810088,1
98,69,-1,1,1.8017703405109,1.62937422612155,0.577386395156842,1
98,70,-1,1,1.8017703405109,1.62937422612155,0.720975215140827,1
98,71,1,1,1.9912641813839,3.37916665261826,0.380175000694727,1
98,72,-1,1,1.8017703405109,1.62937422612155,0.694614893711767,1
98,73,1,1,1.9912641813839,3.37916665261826,0.462119836112854,1
98,74,-1,1,1.8017703405109,1.62937422612155,0.413193592584794,1
98,75,1,1,1.9912641813839,3.37916665261826,0.397374814153012,1
98,76,-1,1,1.8017703405109,1.62937422612155,0.694321062059619,1
98,77,1,1,1.9912641813839,3.37916665261826,0.412085555966991,1
98,78,1,1,1.9912641813839,3.37916665261826,0.568366478213407,1
98,79,1,1,1.9912641813839,3.37916665261826,0.390973518358918,1
98,80,-1,1,1.8017703405109,1.62937422612155,0.419107840556519,1
98,81,-1,1,1.8017703405109,1.62937422612155,0.522078060740704,1
98,82,-1,1,1.8017703405109,1.62937422612155,0.566514210817905,1
98,83,1,1,1.9912641813839,3.37916665261826,0.311773946218329,1
98,84,1,1,1.9912641813839,3.37916665261826,0.46012428851792,1
98,85,1,1,1.9912641813839,3.37916665261826,0.595801481540389,1
98,86,1,1,1.9912641813839,3.37916665261826,0.49171927580402,1
98,87,1,1,1.9912641813839,3.37916665261826,0.458312914732224,1
98,88,-1,1,1.8017703405109,1.62937422612155,1.02512361636184,1
98,89,1,1,1.9912641813839,3.37916665261826,0.828564877359795,1
98,90,-1,1,1.8017703405109,1.62937422612155,1.61111556473998,1
98,91,1,1,1.9912641813839,3.37916665261826,0.652777258794057,1
98,92,1,1,1.9912641813839,3.37916665261826,0.88582917208688,1
98,93,-1,1,1.8017703405109,1.62937422612155,0.576505480928896,1
98,94,-1,1,1.8017703405109,1.62937422612155,0.52178379656963,1
98,95,-1,1,1.8017703405109,1.62937422612155,0.60646925321124,1
98,96,1,1,1.9912641813839,3.37916665261826,0.491224457661787,1
98,97,-1,1,1.8017703405109,1.62937422612155,0.663509725965288,1
98,98,-1,1,1.8017703405109,1.62937422612155,1.22821031981364,1
98,99,1,1,1.9912641813839,3.37916665261826,0.381311573474624,1
98,100,1,1,1.9912641813839,3.37916665261826,0.502686255982035,1
98,101,-1,1,1.8017703405109,1.62937422612155,0.419209070594265,1
99,2,1,1,1.62289501182857,4.92905654939062,0.397984869769333,1
99,3,-1,1,1.4684561322464,1.41522190396603,0.408832364983138,1
99,4,1,1,1.62289501182857,4.92905654939062,0.54270967578718,1
99,5,1,1,1.62289501182857,4.92905654939062,0.678632293103363,1
99,6,1,1,1.62289501182857,4.92905654939062,0.34956100647616,1
99,7,-1,1,1.4684561322464,1.41522190396603,0.435008704993574,1
99,8,-1,1,1.4684561322464,1.41522190396603,1.84818305639758,1
99,9,-1,1,1.4684561322464,1.41522190396603,0.761602223997059,1
99,10,-1,1,1.4684561322464,1.41522190396603,0.433998087003341,1
99,11,1,1,1.62289501182857,4.92905654939062,0.388746795200343,1
99,12,-1,1,1.4684561322464,1.41522190396603,1.33577503262474,1
99,13,-1,1,1.4684561322464,1.41522190396603,2.73695252349805,1
99,14,1,1,1.62289501182857,4.92905654939062,0.361922556456104,1
99,15,1,1,1.62289501182857,4.92905654939062,0.382865171334439,1
99,16,1,1,1.62289501182857,4.92905654939062,0.390030145477245,1
99,17,1,1,1.62289501182857,4.92905654939062,0.373769554168286,1
99,18,-1,1,1.4684561322464,1.41522190396603,0.664555016548303,1
99,19,-1,1,1.4684561322464,1.41522190396603,1.22380728363236,1
99,20,1,1,1.62289501182857,4.92905654939062,0.39417079023664,1
99,21,-1,1,1.4684561322464,1.41522190396603,0.524864516288056,1
99,22,1,1,1.62289501182857,4.92905654939062,0.311992820213471,1
99,23,-1,1,1.4684561322464,1.41522190396603,0.293745804617043,1
99,24,1,1,1.62289501182857,4.92905654939062,0.457167098791782,1
99,25,-1,1,1.4684561322464,1.41522190396603,0.523489540909205,1
99,26,1,1,1.62289501182857,4.92905654939062,0.371012688688944,1
99,27,1,1,1.62289501182857,4.92905654939062,0.503062420929524,1
99,28,-1,1,1.4684561322464,1.41522190396603,1.17647604487969,1
99,29,1,1,1.62289501182857,4.92905654939062,0.738421230179601,1
99,30,-1,1,1.4684561322464,1.41522190396603,0.372500744187028,1
99,31,-1,1,1.4684561322464,1.41522190396603,0.85053387215965,1
99,32,1,1,1.62289501182857,4.92905654939062,0.393352448005762,1
99,33,1,1,1.62289501182857,4.92905654939062,0.428702756645139,1
99,34,-1,1,1.4684561322464,1.41522190396603,1.15559650770734,1
99,35,1,1,1.62289501182857,4.92905654939062,0.417754702760652,1
99,36,1,1,1.62289501182857,4.92905654939062,0.546025822559136,1
99,37,-1,1,1.4684561322464,1.41522190396603,0.637329057164043,1
99,38,1,1,1.62289501182857,4.92905654939062,0.305852962411092,1
99,39,-1,1,1.4684561322464,1.41522190396603,0.848138436207906,1
99,40,1,1,1.62289501182857,4.92905654939062,0.417191113712145,1
99,41,1,1,1.62289501182857,4.92905654939062,0.410764773020959,1
99,42,-1,1,1.4684561322464,1.41522190396603,0.554253859469902,1
99,43,-1,1,1.4684561322464,1.41522190396603,0.886085020403476,-1
99,44,-1,-1,1.3996351544852,0.535746277440826,0.599820465630179,1
99,45,1,1,1.62289501182857,4.92905654939062,0.402618738252371,1
99,46,-1,1,1.4684561322464,1.41522190396603,0.818902730288816,1
99,47,-1,1,1.4684561322464,1.41522190396603,0.55628987049505,1
99,48,1,1,1.62289501182857,4.92905654939062,0.408146496435904,1
99,49,1,1,1.62289501182857,4.92905654939062,0.381934685716878,1
99,50,-1,1,1.4684561322464,1.41522190396603,0.456954702277271,-1
99,51,1,-1,1.54683606865336,1.91997526920252,1.83476830901323,1
99,52,-1,1,1.4684561322464,1.41522190396603,0.413159688879786,1
99,53,-1,1,1.4684561322464,1.41522190396603,0.383901329239089,1
99,54,1,1,1.62289501182857,4.92905654939062,0.291993465499883,1
99,55,-1,1,1.4684561322464,1.41522190396603,0.796148814745758,1
99,56,-1,1,1.4684561322464,1.41522190396603,0.604731752121799,1
99,57,1,1,1.62289501182857,4.92905654939062,0.435450431471872,1
99,58,1,1,1.62289501182857,4.92905654939062,0.323422786747656,1
99,59,1,1,1.62289501182857,4.92905654939062,0.39442412577571,1
99,60,1,1,1.62289501182857,4.92905654939062,0.349127887946232,1
99,61,1,1,1.62289501182857,4.92905654939062,0.359287344358998,1
99,62,1,1,1.62289501182857,4.92905654939062,0.35385911362167,1
99,63,1,1,1.62289501182857,4.92905654939062,0.430106942203711,1
99,64,1,1,1.62289501182857,4.92905654939062,0.44967729538691,1
99,65,-1,1,1.4684561322464,1.41522190396603,0.289412857048737,1
99,66,-1,1,1.4684561322464,1.41522190396603,0.443082950005453,1
99,67,-1,1,1.4684561322464,1.41522190396603,0.79454010273881,1
99,68,-1,1,1.4684561322464,1.41522190396603,0.325899763529993,1
99,69,-1,1,1.4684561322464,1.41522190396603,0.469341927282928,-1
99,70,-1,-1,1.3996351544852,0.535746277440826,0.665058133722819,1
99,71,-1,1,1.4684561322464,1.41522190396603,1.44280623427682,1
99,72,1,1,1.62289501182857,4.92905654939062,0.381401653618348,1
99,73,1,1,1.62289501182857,4.92905654939062,0.505924058151703,1
99,74,1,1,1.62289501182857,4.92905654939062,0.39847030737837,1
99,75,-1,1,1.4684561322464,1.41522190396603,0.988790244788066,1
99,76,1,1,1.62289501182857,4.92905654939062,0.476365105953467,1
99,77,-1,1,1.4684561322464,1.41522190396603,0.477799493006218,1
99,78,1,1,1.62289501182857,4.92905654939062,0.39172602179435,1
99,79,1,1,1.62289501182857,4.92905654939062,0.323314433473535,1
99,80,1,1,1.62289501182857,4.92905654939062,0.35109032312807,1
99,81,1,1,1.62289501182857,4.92905654939062,0.415081226320239,1
99,82,-1,1,1.4684561322464,1.41522190396603,0.446868349237039,-1
99,83,-1,-1,1.3996351544852,0.535746277440826,0.658214892961161,1
99,84,-1,1,1.4684561322464,1.41522190396603,0.598659460162112,1
99,85,1,1,1.62289501182857,4.92905654939062,0.388345188256079,1
99,86,-1,1,1.4684561322464,1.41522190396603,0.71945058977322,1
99,87,1,1,1.62289501182857,4.92905654939062,0.623346632490137,1
99,88,-1,1,1.4684561322464,1.41522190396603,0.544608075093355,1
99,89,1,1,1.62289501182857,4.92905654939062,0.457408456211605,1
99,90,1,1,1.62289501182857,4.92905654939062,0.360197584354781,1
99,91,-1,1,1.4684561322464,1.41522190396603,0.499727448029149,1
99,92,-1,1,1.4684561322464,1.41522190396603,0.617307710136869,-1
99,93,1,-1,1.54683606865336,1.91997526920252,0.526083797196663,1
99,94,-1,1,1.4684561322464,1.41522190396603,1.16687866372217,1
99,95,-1,1,1.4684561322464,1.41522190396603,0.482638297718404,1
99,96,1,1,1.62289501182857,4.92905654939062,0.399943128376461,1
99,97,-1,1,1.4684561322464,1.41522190396603,0.348597856923835,1
99,98,1,1,1.62289501182857,4.92905654939062,0.603744858552645,1
99,99,-1,1,1.4684561322464,1.41522190396603,0.456931752888734,1
99,100,-1,1,1.4684561322464,1.41522190396603,0.503116129887873,1
99,101,-1,1,1.4684561322464,1.41522190396603,0.37570757307287,1
100,2,-1,1,1.63391715717168,1.82532029541754,0.339815960368242,1
100,3,-1,1,1.63391715717168,1.82532029541754,1.1066051559149,-1
100,4,1,-1,1.72112869864105,1.85715903764749,0.873993234130138,1
100,5,1,1,1.80575772465098,4.52247853439988,0.266196627430505,1
100,6,-1,1,1.63391715717168,1.82532029541754,1.03224753093181,-1
100,7,1,-1,1.72112869864105,1.85715903764749,0.271551653434765,1
100,8,-1,1,1.63391715717168,1.82532029541754,0.767057841274865,1
100,9,-1,1,1.63391715717168,1.82532029541754,0.258776731530982,1
100,10,-1,1,1.63391715717168,1.82532029541754,0.417641892628876,1
100,11,1,1,1.80575772465098,4.52247853439988,0.636774523020615,1
100,12,-1,1,1.63391715717168,1.82532029541754,0.502307744664316,1
100,13,1,1,1.80575772465098,4.52247853439988,0.267990172002126,1
100,14,-1,1,1.63391715717168,1.82532029541754,0.298131302046873,1
100,15,-1,1,1.63391715717168,1.82532029541754,0.475578528709861,1
100,16,-1,1,1.63391715717168,1.82532029541754,0.595804640811621,1
100,17,1,1,1.80575772465098,4.52247853439988,0.347564091829714,1
100,18,1,1,1.80575772465098,4.52247853439988,0.325737227849933,1
100,19,-1,1,1.63391715717168,1.82532029541754,0.621919681617753,1
100,20,-1,1,1.63391715717168,1.82532029541754,0.459169397049658,1
100,21,-1,1,1.63391715717168,1.82532029541754,0.754936990625454,1
100,22,-1,1,1.63391715717168,1.82532029541754,0.6331974257148,1
100,23,1,1,1.80575772465098,4.52247853439988,0.300236058959274,1
100,24,-1,1,1.63391715717168,1.82532029541754,0.719311802964137,1
100,25,-1,1,1.63391715717168,1.82532029541754,0.681004713932435,1
100,26,-1,1,1.63391715717168,1.82532029541754,1.083642354189,1
100,27,-1,1,1.63391715717168,1.82532029541754,0.511416801899902,1
100,28,-1,1,1.63391715717168,1.82532029541754,0.557045847287067,1
100,29,-1,1,1.63391715717168,1.82532029541754,1.58217238063303,1
100,30,1,1,1.80575772465098,4.52247853439988,0.334589942019554,1
100,31,1,1,1.80575772465098,4.52247853439988,0.552277278837541,1
100,32,1,1,1.80575772465098,4.52247853439988,0.418252465013574,1
100,33,1,1,1.80575772465098,4.52247853439988,0.307446139711011,1
100,34,-1,1,1.63391715717168,1.82532029541754,0.566057683575924,1
100,35,-1,1,1.63391715717168,1.82532029541754,0.825525620270241,1
100,36,1,1,1.80575772465098,4.52247853439988,0.349125404474279,1
100,37,-1,1,1.63391715717168,1.82532029541754,0.412371653555446,1
100,38,1,1,1.80575772465098,4.52247853439988,0.414940282486546,1
100,39,-1,1,1.63391715717168,1.82532029541754,0.424981638279687,1
100,40,1,1,1.80575772465098,4.52247853439988,0.282145434873535,1
100,41,-1,1,1.63391715717168,1.82532029541754,0.81047698971472,1
100,42,1,1,1.80575772465098,4.52247853439988,0.339011565412211,1
100,43,-1,1,1.63391715717168,1.82532029541754,0.278539442956749,1
100,44,-1,1,1.63391715717168,1.82532029541754,0.451273920830069,1
100,45,1,1,1.80575772465098,4.52247853439988,0.3852608210731,1
100,46,1,1,1.80575772465098,4.52247853439988,0.555199590164905,1
100,47,-1,1,1.63391715717168,1.82532029541754,0.720900073743318,1
100,48,-1,1,1.63391715717168,1.82532029541754,0.633667908433107,1
100,49,1,1,1.80575772465098,4.52247853439988,0.449630584670668,1
100,50,1,1,1.80575772465098,4.52247853439988,0.524485191238631,1
100,51,1,1,1.80575772465098,4.52247853439988,0.386430336552735,1
100,52,1,1,1.80575772465098,4.52247853439988,0.453503113043597,1
100,53,1,1,1.80575772465098,4.52247853439988,0.335785512655188,1
100,54,1,1,1.80575772465098,4.52247853439988,0.276983113354005,1
100,55,1,1,1.80575772465098,4.52247853439988,0.30401232918934,1
100,56,1,1,1.80575772465098,4.52247853439988,0.372016774995017,1
100,57,-1,1,1.63391715717168,1.82532029541754,0.632670960989535,1
100,58,-1,1,1.63391715717168,1.82532029541754,0.536893227069505,1
100,59,1,1,1.80575772465098,4.52247853439988,0.459654745491702,1
100,60,1,1,1.80575772465098,4.52247853439988,0.445512837765364,1
100,61,1,1,1.80575772465098,4.52247853439988,0.305248131965397,1
100,62,1,1,1.80575772465098,4.52247853439988,0.310738792287552,1
100,63,-1,1,1.63391715717168,1.82532029541754,0.65055144510972,1
100,64,-1,1,1.63391715717168,1.82532029541754,0.822706232140519,1
100,65,-1,1,1.63391715717168,1.82532029541754,0.280325366096103,1
100,66,-1,1,1.63391715717168,1.82532029541754,0.444417513091233,1
100,67,1,1,1.80575772465098,4.52247853439988,0.52406510336508,1
100,68,-1,1,1.63391715717168,1.82532029541754,1.46707957730476,1
100,69,-1,1,1.63391715717168,1.82532029541754,0.890046145597196,1
100,70,1,1,1.80575772465098,4.52247853439988,0.303366009819835,1
100,71,-1,1,1.63391715717168,1.82532029541754,0.356789109906213,1
100,72,1,1,1.80575772465098,4.52247853439988,0.41408701883202,1
100,73,1,1,1.80575772465098,4.52247853439988,0.399388412149939,1
100,74,-1,1,1.63391715717168,1.82532029541754,1.10534762376712,1
100,75,1,1,1.80575772465098,4.52247853439988,0.297027758968567,1
100,76,1,1,1.80575772465098,4.52247853439988,0.347300402484181,1
100,77,1,1,1.80575772465098,4.52247853439988,0.291958953101701,1
100,78,-1,1,1.63391715717168,1.82532029541754,0.426754360757976,1
100,79,1,1,1.80575772465098,4.52247853439988,0.438495498126866,1
100,80,-1,1,1.63391715717168,1.82532029541754,0.663861214219574,1
100,81,1,1,1.80575772465098,4.52247853439988,0.311150270882218,1
100,82,1,1,1.80575772465098,4.52247853439988,0.51162032885514,1
100,83,1,1,1.80575772465098,4.52247853439988,0.325045809814741,1
100,84,1,1,1.80575772465098,4.52247853439988,0.452754672280784,1
100,85,-1,1,1.63391715717168,1.82532029541754,1.6124495875967,1
100,86,-1,1,1.63391715717168,1.82532029541754,0.480568376491689,1
100,87,-1,1,1.63391715717168,1.82532029541754,0.404614371809868,1
100,88,1,1,1.80575772465098,4.52247853439988,0.28949718319283,1
100,89,-1,1,1.63391715717168,1.82532029541754,0.558376309606943,1
100,90,-1,1,1.63391715717168,1.82532029541754,0.688967653276186,1
100,91,-1,1,1.63391715717168,1.82532029541754,0.629405029914322,-1
100,92,-1,-1,1.55734164778596,0.595042132535093,0.751807098227908,1
100,93,-1,1,1.63391715717168,1.82532029541754,0.379073806877045,1
100,94,1,1,1.80575772465098,4.52247853439988,0.306906200950094,1
100,95,-1,1,1.63391715717168,1.82532029541754,0.583419224468814,1
100,96,1,1,1.80575772465098,4.52247853439988,0.457807320416954,1
100,97,1,1,1.80575772465098,4.52247853439988,0.364722477891278,1
100,98,1,1,1.80575772465098,4.52247853439988,0.268070782094251,1
100,99,1,1,1.80575772465098,4.52247853439988,0.480516313724231,1
100,100,1,1,1.80575772465098,4.52247853439988,0.314749535013506,1
100,101,1,1,1.80575772465098,4.52247853439988,0.268254792605859,1
