"variable","mean","median","sd","mad","q5","q95","rhat","ess_bulk","ess_tail"
"lp__",-11568.543629,-11566.3105,200.674191335778,215.8287537,-11899.42845,-11258.52825,1.0906418724937,16.8272578193811,39.70417573233
"beta_nu[1]",1.13869046565,1.13861925,0.014127404475611,0.01387076082,1.115489225,1.161415645,1.00141705088526,1116.99882356215,1284.19796503766
"beta_nu[2]",0.686416057205,0.687583745,0.0539525856789664,0.052609445721,0.5937768695,0.773755015,1.00549396822531,289.34139394036,530.492772687234
"beta_nu[3]",0.477760539575,0.4768038,0.0279515373266835,0.028203662886,0.4330371705,0.5255659045,0.999996657277815,757.512701780472,997.473572126493
"beta_nu[4]",0.27407186914,0.27466898,0.0339311650293261,0.034712128626,0.2190361235,0.3288594305,1.00032770903215,688.839037725337,890.89679517398
"beta_alpha[1]",1.73538444995,1.73558135,0.0207239184135111,0.0209021395799998,1.700279685,1.769191665,1.00141513484743,609.07593693141,1002.23962057988
"beta_alpha[2]",0.054915794341,0.054734887,0.00763170964955151,0.007508042073,0.04211899235,0.0673837261,0.99952956852894,1316.88877816161,1585.29163188954
"beta_alpha[3]",0.0970710788535,0.097148488,0.00773374381248142,0.0076421669646,0.0841535154,0.1104548635,0.99958778086183,992.159040100768,1443.35602017893
"beta_tau",0.20984636036,0.20973001,0.00364066223793537,0.003537009168,0.2039140565,0.215798735,1.00253058397576,737.709899062507,976.433918139822
"sigma_nu",0.1095139871075,0.11165689,0.037679522332997,0.037590166572,0.0467419775,0.16794874,1.05041500763633,23.41975506178,50.9264193183969
"sigma_alpha",0.099493180183,0.0992130505,0.0085608944523103,0.0086321923884,0.08611416945,0.1140361295,1.01211687260196,372.620598657506,756.227114408155
"sigma_tau",0.0072497846239,0.00727216255,0.00234666995892879,0.00209530609596,0.003087525255,0.0110546154,1.22019194876048,7.34293671486179,15.5181162531935
"sigma_nu_c",0.5190512644,0.516629705,0.0384491993938665,0.038513566917,0.458892009,0.582737689,1.00119506276386,686.84639928324,1008.50530862494
"sigma_nu_r",0.24450268031,0.243985695,0.0222604299232609,0.020820314886,0.208807911,0.2836630835,1.00362374876516,437.71716800268,833.902344142743
"sigma_nu_cr",0.30466384994,0.30281484,0.0269526837755868,0.025957271844,0.2630053515,0.3501638865,1.00179382800976,857.034622541677,1127.41673226261
"sigma_alpha_intercept",0.179554675785,0.17868626,0.0149838855987604,0.014710468395,0.1563699395,0.2052829055,1.00058441395697,722.410603660621,917.915105205357
"sigma_tau_intercept",0.027736887111,0.0276648465,0.00325446274172651,0.0032687601261,0.02265703635,0.03329094845,1.00613588172632,296.311828085402,878.637733139118
"z_nu_c[1]",0.40132359359475,0.3971836,0.256354520164964,0.253360683744,-0.0297821574,0.8184761735,1.00068022358518,1005.31327707824,1194.61389515762
"z_nu_c[2]",-1.449706291285,-1.44907725,0.239820966428533,0.23361943479,-1.84504222,-1.06227244,1.00566745257213,818.360432543158,1101.16415340071
"z_nu_c[3]",-1.56624704368,-1.56957805,0.283212940479995,0.28078509207,-2.02781779,-1.105370795,1.00237082068715,997.297634237027,1226.16799235058
"z_nu_c[4]",-0.767847882499,-0.779108545,0.242346216807375,0.240813136011,-1.14169373,-0.3622374825,1.00256520652069,830.312814634509,1240.71598386412
"z_nu_c[5]",-0.53382207862085,-0.53105253,0.217351544202047,0.209613168177,-0.898081582,-0.188896535,1.00517188463144,798.934034057545,1281.4360534537
"z_nu_c[6]",-0.47894133083637,-0.48060068,0.239113248442833,0.243477219951,-0.87866318,-0.0931843363500001,1.0001123187609,856.774576373149,1452.6439895364
"z_nu_c[7]",0.72253673390835,0.71676458,0.252426868701395,0.267581093535,0.319134143,1.136867865,1.00152614329614,863.312971210594,1266.99530339585
"z_nu_c[8]",-1.159426449235,-1.15703055,0.246911216761812,0.243386959263,-1.566597775,-0.761112915,1.00070171606958,990.42050851133,1020.44260090695
"z_nu_c[9]",0.273607805567585,0.27114312,0.260559833338904,0.2576351818887,-0.1460941215,0.70678767,1.00023340983306,867.369983559547,1043.50931290107
"z_nu_c[10]",0.99728342259095,0.99745269,0.35320484218294,0.345094186584,0.3863643115,1.5863466,1.00040908957422,1011.19264442535,1060.00671228616
"z_nu_c[11]",-1.12999651015,-1.1402067,0.282065687306376,0.277957351329,-1.58833293,-0.678781362,1.00244531283801,779.075246540869,1000.84656630966
"z_nu_c[12]",1.776613880015,1.7700178,0.292700444780207,0.2946059634,1.312346145,2.266337875,0.999831807889186,1070.46831425188,1106.93920413368
"z_nu_c[13]",-1.85603645015,-1.85311555,0.248588223909912,0.23310022827,-2.27474682,-1.45027679,1.00161397476745,610.655908247013,1086.32117859531
"z_nu_c[14]",-0.33947441077165,-0.332017825,0.24107004454645,0.237488509293,-0.7326289605,0.0350738719,1.00201898522479,851.094667717742,1176.04114055622
"z_nu_c[15]",1.11757399411,1.11033485,0.271254918259988,0.27759275775,0.6827559735,1.57188326,1.00050669909533,879.47000113063,1337.61395813216
"z_nu_c[16]",1.55973828042,1.56356335,0.286221253381805,0.27444534621,1.083046635,2.03623804,0.999585006299569,1091.22338220061,1498.15781964028
"z_nu_c[17]",0.296773606633333,0.292558245,0.22322727292292,0.21880536972,-0.06459713415,0.6676391455,1.00124544342849,1008.53295875935,1135.31301799254
"z_nu_c[18]",0.46455547190806,0.455722315,0.21149594711784,0.201417207117,0.1344985295,0.8336693305,1.00055099941586,842.165389130292,1339.21351587308
"z_nu_c[19]",0.5189171797315,0.518927905,0.220648156197547,0.219890277096,0.1584028115,0.8820612465,1.00101235168737,883.783219928446,996.700086259867
"z_nu_c[20]",0.973544053265,0.95850035,0.244097876683837,0.234009862674,0.593999231,1.389527835,1.00567503613567,1032.85486038576,1522.34073574636
"z_nu_c[21]",0.299277821329115,0.294123605,0.218661071072347,0.208652591637,-0.04055806335,0.6645918215,1.00277920964856,827.85591220384,1117.52106585371
"z_nu_c[22]",-0.14935687107198,-0.16491601,0.269504610449689,0.24955735335888,-0.5771780575,0.326998309,1.00125552727448,1075.92293508327,1198.78931006297
"z_nu_c[23]",1.79602224481,1.79284365,0.294781384380213,0.29121310743,1.31105631,2.276538055,1.00041835315576,1093.71861044572,1262.875601864
"z_nu_c[24]",0.42256410117335,0.423701175,0.242370851954239,0.248074451205,0.0267866675,0.820547437,1.00493647831277,1026.26604733678,1374.52217170674
"z_nu_c[25]",-0.63844776710265,-0.6352741,0.217322718641886,0.223860917112,-1.00684206,-0.2852827585,1.00082589139568,889.3257930316,1132.83209828429
"z_nu_c[26]",1.070998312825,1.05850615,0.249847183799988,0.258568753611,0.6916319155,1.49222159,1.00040669464522,951.683140042421,1378.39251502508
"z_nu_c[27]",-0.219482943173895,-0.22685211,0.244404106557214,0.2434381341672,-0.6191813245,0.2028275745,1.00320672851175,944.745311173717,1464.13521245786
"z_nu_c[28]",-1.032310511165,-1.0299338,0.251219105183483,0.246109353861,-1.44766868,-0.6179479065,1.00073535912792,1001.10788531537,1424.04520497481
"z_nu_c[29]",-0.158641423709968,-0.1573209,0.351593519482273,0.3627848210847,-0.736157539,0.3956817195,1.00267126001553,1270.19565438337,1519.53224538833
"z_nu_c[30]",-0.401846059685665,-0.400655715,0.218975979904384,0.210842658705,-0.771392867,-0.03966623745,1.00257810201022,876.874966844458,1145.67356101696
"z_nu_c[31]",-0.303700974452775,-0.330470685,0.277190599379842,0.282975818895,-0.7252783235,0.170556932,1.00180832034134,964.697495613652,1516.20490241792
"z_nu_c[32]",-0.50567421942475,-0.50317902,0.242688305943646,0.240625587111,-0.8955375505,-0.1019425695,1.00092920814756,897.810989017448,803.519385521958
"z_nu_c[33]",-1.507415582325,-1.4984787,0.311283197782699,0.29594593728,-2.04904363,-1.02979031,1.00133003335192,805.39222945723,1319.98397768005
"z_nu_c[34]",-1.571790025285,-1.5527291,0.269677878048751,0.26296750179,-2.04034479,-1.14887989,1.00072648455449,992.562506380919,1201.47943589035
"z_nu_c[35]",-0.495259306942225,-0.487622875,0.208467895913225,0.211883191863,-0.837141681,-0.1612158555,1.00125195187376,842.850967011436,1266.05881459593
"z_nu_c[36]",-1.29384641723,-1.27793435,0.311782539259323,0.29233580628,-1.84043761,-0.812510292,1.00118290737502,781.065322729242,712.62277469914
"z_nu_c[37]",-0.674914726969,-0.67836756,0.2027705268985,0.205879625553,-1.00076323,-0.346232135,1.00656314994093,690.022287371878,1037.02600158659
"z_nu_c[38]",0.89302951426,0.886964705,0.239620127109942,0.24617713092,0.5029866005,1.2813974,1.00197508370336,992.238221849929,1193.31014259292
"z_nu_c[39]",1.223851130315,1.22367355,0.282598545286277,0.27501214419,0.7596771535,1.690767275,1.00161606585601,920.468991554386,1234.43569565339
"z_nu_c[40]",-0.409772774284215,-0.4146519,0.233459742470261,0.229049831787,-0.787483101,-0.01549603455,0.999661696063148,848.930518296468,1165.08045074924
"z_nu_c[41]",-1.084404736595,-1.0741636,0.272148659067383,0.270028673397,-1.54920786,-0.6568768635,1.00167261991729,1032.71965759561,1344.23283459551
"z_nu_c[42]",0.36060839235102,0.34920538,0.242234782922192,0.238767325923,-0.0177443904,0.7839632365,1.00154183218461,876.947552297704,1150.23309721741
"z_nu_c[43]",0.47489883899368,0.46895716,0.240778683487334,0.227308955454,0.09433099665,0.889347316,1.0028264871306,811.338581378561,973.037710228142
"z_nu_c[44]",-0.909833300285,-0.903295805,0.222054657461102,0.217783109607,-1.27231469,-0.549670057,1.00108216771601,971.720950770023,1183.60622675017
"z_nu_c[45]",-1.093879325995,-1.0818274,0.321187507684742,0.319829340831,-1.63308136,-0.587114246,1.00197607085816,1005.53535168056,1331.02964682128
"z_nu_c[46]",0.7181487016275,0.71440904,0.221269917595677,0.211966714134,0.35433318,1.091076735,1.00230840257976,749.813435465525,1389.58088935378
"z_nu_c[47]",0.022178964751795,0.0112530855,0.261209893626723,0.25647000729,-0.392930157,0.468281758,1.00119480888267,945.171866649623,1169.24009609437
"z_nu_c[48]",0.177307743397065,0.171364055,0.216392708978532,0.202758885987,-0.1778675995,0.545743359,1.00171345707793,1063.37160099026,1424.88418090886
"z_nu_c[49]",-1.13840010575,-1.13264705,0.220647626629458,0.22288022169,-1.516393155,-0.7960176495,1.00136927925492,644.433745207459,1091.86762672917
"z_nu_c[50]",-0.79422433994,-0.795323905,0.213475855905366,0.21296385159,-1.152482085,-0.447887557,1.00193630343383,665.660979059028,1330.64570647122
"z_nu_c[51]",-0.47410138592369,-0.46912092,0.372105703731717,0.375612833001,-1.066800225,0.1347512655,0.999632752012554,1180.33898785317,1338.23195535894
"z_nu_c[52]",-1.144530565165,-1.13301805,0.279084646405965,0.284727192036,-1.60898792,-0.7071874125,1.00315707830638,755.898543796716,1356.03216662946
"z_nu_c[53]",0.41139398789867,0.41003532,0.305287882668512,0.316708831068,-0.07318942635,0.902464854,1.00308760391717,1095.88088067997,1251.29347584236
"z_nu_c[54]",-0.65370198981375,-0.653755085,0.226097915802702,0.220340757693,-1.00540876,-0.290243544,1.00035645367111,912.023995004701,1181.7841306674
"z_nu_c[55]",1.103293200275,1.09547645,0.271141935047326,0.270327765708,0.6707134005,1.56066201,0.999931174089071,1016.89363447404,1545.18847707776
"z_nu_c[56]",-2.045794970735,-2.0156566,0.323149115260956,0.30640582854,-2.600085775,-1.54881696,1.00315424472218,875.080888036185,1318.95519332333
"z_nu_c[57]",0.42661919096064,0.408533895,0.253850198522596,0.251098532664,0.0120393514,0.850524054,1.00210088778351,880.61835611458,1353.3847410612
"z_nu_c[58]",-1.868221152565,-1.85014835,0.342329792817406,0.35074676217,-2.446041865,-1.33179648,1.00082384619822,962.088894634592,1220.3086462725
"z_nu_c[59]",-1.24773470613,-1.24314855,0.277867921527856,0.26667807894,-1.70856514,-0.799839204,1.00139745588583,960.362867423454,1109.19725661124
"z_nu_c[60]",0.208787463002152,0.201467465,0.257183666187862,0.2520724985646,-0.205450271,0.657461963,1.0040799775257,1045.62736152185,1326.62651723143
"z_nu_c[61]",-0.64617644545795,-0.64142672,0.224016577064364,0.226261202034,-1.02266689,-0.29481265,1.00006417384543,812.842773901503,1405.45304831706
"z_nu_c[62]",-0.12396116487115,-0.12441626,0.194795292355015,0.19332783061578,-0.4401483885,0.1950427025,1.00207759877648,1017.26048904184,1406.985701998
"z_nu_c[63]",0.833425039058,0.82634463,0.23091987142833,0.231505054452,0.4759205075,1.232198915,1.00046502427182,751.920639579185,1412.83817897262
"z_nu_c[64]",1.094668795025,1.08482475,0.288803296323408,0.292940595885,0.620227021,1.58524998,1.00009308285034,1138.69104070087,1506.55103208527
"z_nu_c[65]",1.11269995846,1.10814865,0.278783125499687,0.28124039853,0.6605788305,1.58052519,1.00193850650167,1032.12673225434,1277.78761762208
"z_nu_c[66]",-0.66842026495315,-0.66761795,0.208991398070409,0.200414065131,-1.01965613,-0.321929321,1.00201921804571,929.811721873824,1562.19958286978
"z_nu_c[67]",0.5379045942633,0.542141135,0.210600335569258,0.198327691107,0.1927562835,0.872638541,1.00234005773008,988.838524565079,1352.7136551729
"z_nu_c[68]",1.811100365745,1.8080464,0.299459226746048,0.30853506453,1.334799085,2.313723225,1.00153609919853,976.585906772665,983.463593989606
"z_nu_c[69]",0.184498258970425,0.18869673,0.239726349414282,0.235834824666,-0.2045578435,0.5629208805,1.00193576012081,870.655900329886,1155.67522707009
"z_nu_c[70]",1.721723544785,1.72005685,0.284796949193489,0.28128591435,1.26411189,2.195713695,1.00278905195297,1051.76727144539,1402.71411905302
"z_nu_c[71]",0.4350386872191,0.416144915,0.267269887645893,0.249901014405,0.02697274245,0.9142381245,1.00603398393911,652.295482764446,666.341818356408
"z_nu_c[72]",-0.745285002552,-0.74638968,0.216394763193162,0.219641837814,-1.10597976,-0.3866260775,1.00339431824076,777.291520822659,1263.2474236471
"z_nu_c[73]",0.17369661285393,0.165158135,0.251405934708104,0.24298381185708,-0.239482637,0.5970313445,0.999925155668631,931.010142583998,1226.15049861183
"z_nu_c[74]",-0.270310489600033,-0.26838471,0.226763877245771,0.226626329349,-0.631536156,0.1143452245,1.00296233330002,837.918275783736,959.774187185787
"z_nu_c[75]",1.19864893152,1.197055,0.24519622397126,0.24826070283,0.8025055625,1.60843153,1.00128836406877,884.724173018616,1154.34169369584
"z_nu_c[76]",0.942682312971,0.93620174,0.291949670905133,0.305319312543,0.482037556,1.41479462,1.0009885544171,1100.55487845218,1217.14597110804
"z_nu_c[77]",0.766601453637,0.770718385,0.336661477924937,0.356758060239,0.2045813285,1.335971565,1.00307792200438,845.94472005748,1428.92890137267
"z_nu_c[78]",1.9828897355,1.98066025,0.31551566643995,0.31006584903,1.45984771,2.522283175,1.00475278785251,1016.98020521506,980.870493610569
"z_nu_c[79]",-1.30110126886,-1.29286855,0.287639863729228,0.29519047845,-1.76046759,-0.817875448,1.00370921461317,1070.03987291419,1236.97137130717
"z_nu_c[80]",0.987408959745,0.98199043,0.260383873084962,0.263288959122,0.563085139,1.436019475,1.00164357933999,806.708713308046,1224.53376970666
"z_nu_c[81]",0.586934293876,0.55198858,0.292485620097122,0.290252819997,0.149636236,1.09798806,1.00105284496973,686.667475841161,1201.48419753156
"z_nu_c[82]",0.20842623615888,0.20511907,0.219429817117049,0.212348580003,-0.1517762295,0.5723883935,1.00479810947621,995.533849376537,1085.72597144162
"z_nu_c[83]",1.545652008445,1.54180435,0.276322538433444,0.28119050904,1.110870005,2.000385075,1.00047990064681,849.724055968831,1457.96233582879
"z_nu_c[84]",0.0435974197155945,0.039368066,0.193971732936919,0.1938543451677,-0.27383602,0.3735562615,1.00068456384981,996.348557242997,1261.56158730007
"z_nu_c[85]",-0.059718789927523,-0.0673700855,0.199560529055514,0.1951412538285,-0.3896103205,0.2701501275,1.003085794063,830.468023220494,1033.46910211723
"z_nu_c[86]",-0.348743009902225,-0.351609975,0.197221713672702,0.196193629254,-0.6771194395,-0.0260407994000001,1.00496217353271,655.755449147781,831.065231447006
"z_nu_c[87]",-0.229947081082934,-0.242045195,0.268576593048932,0.2692487694582,-0.6696246,0.220437928,1.00027386926723,1068.11912669155,1478.05419509964
"z_nu_c[88]",-0.32148693038245,-0.323145895,0.253806326993083,0.251515469436,-0.737161175,0.114915506,1.0030458282944,976.316181582943,1465.94715041558
"z_nu_c[89]",-0.530123877774948,-0.52696646,0.224089809285599,0.208753919934,-0.898453333,-0.1577846995,1.00140609646848,860.622985135045,1226.49471741686
"z_nu_c[90]",-0.12356571396115,-0.123518355,0.222088367188161,0.216942638493,-0.487546532,0.24223712,1.00303239358471,869.892843329308,1237.60899857755
"z_nu_c[91]",1.566873505845,1.56230375,0.304324565387486,0.30528209187,1.077248775,2.064386185,1.00539429656851,1266.10940908077,1530.07567491606
"z_nu_c[92]",-0.158845133546653,-0.167086315,0.227512324699453,0.2148595521345,-0.5140529905,0.2319827305,1.00135942468021,968.497090064283,1175.02793546167
"z_nu_c[93]",-0.230151323762714,-0.227629205,0.226471783657417,0.228088106232,-0.5966414995,0.144090314,1.00239137555966,898.791446769983,1355.61521577624
"z_nu_c[94]",1.23206548571,1.22690485,0.259048963960643,0.25812058587,0.7978400825,1.662063465,1.00305842888444,830.572312855457,1246.87875489693
"z_nu_c[95]",0.125444082225145,0.116513275,0.238846330084217,0.2266997009991,-0.2535643215,0.5291783505,1.00505150712084,883.432170362428,1182.83045252783
"z_nu_c[96]",-1.7890393804,-1.7735557,0.27306922182008,0.27122995746,-2.265601955,-1.35447388,1.00355363226043,560.822485143214,1142.35328584597
"z_nu_c[97]",-0.558449098085969,-0.558412695,0.24120542723911,0.235586489166,-0.9677248015,-0.162771855,1.00224550704805,811.266401971732,967.383091683082
"z_nu_c[98]",1.1096261141725,1.1064523,0.289854359715958,0.296755948377,0.6422546415,1.59218574,1.00095993504109,902.698031933361,1351.24118152175
"z_nu_r[1]",0.99480580325895,0.987850985,0.432763069842768,0.427259952714,0.2925168815,1.701085665,1.00033123007779,1777.66678028212,1253.8703658693
"z_nu_r[2]",-1.475949415789,-1.46912995,0.356022344964543,0.34322797866,-2.069492365,-0.877592717,1.0017347819773,2358.91493544708,1176.20703213638
"z_nu_r[3]",0.12660431456017,0.131922835,0.378607906268241,0.367580958696,-0.4834209735,0.74288855,1.00074328736803,1995.61991192134,1469.98372939072
"z_nu_r[4]",-0.47098008849305,-0.472647515,0.369271811042463,0.354923335326,-1.059102225,0.169388758,1.00449184766447,2425.56429438375,944.399877365315
"z_nu_r[5]",-0.132078369277965,-0.13315088,0.369306335212738,0.340240991853,-0.7589666025,0.473163627,1.00277689505133,2342.31854951341,1332.65839787221
"z_nu_r[6]",-0.84166147187135,-0.83710894,0.36206888546124,0.352783024314,-1.460868145,-0.272746086,1.00364514463149,2020.07598060713,1554.63823684381
"z_nu_r[7]",0.7224271813921,0.71518326,0.407139281508758,0.400808493225,0.05732097175,1.389825545,0.999610564465172,1671.85265697019,1083.30732646726
"z_nu_r[8]",0.276630923390285,0.274963845,0.377131278798279,0.3781607211312,-0.3387423875,0.8856891835,1.00256937392633,2073.87506675936,1363.94946099975
"z_nu_r[9]",0.02623711140254,0.010714057,0.424550740761644,0.431720873724,-0.6613288355,0.732134247,0.999341658635779,1967.47143345004,1265.76388280087
"z_nu_r[10]",-0.48139218389671,-0.479949445,0.41702968982461,0.39351932739,-1.172292455,0.1805152465,1.00213576658436,1637.00617819121,980.441664866829
"z_nu_r[11]",-0.19076517613124,-0.17999344,0.384140956414793,0.3771943513317,-0.8238080075,0.42510062,1.00154996503978,1628.46772050407,751.7756459233
"z_nu_r[12]",0.4929484692024,0.507394405,0.63475758985181,0.6628902364014,-0.5636052175,1.499822735,1.00016506634674,1490.81218116242,1697.24688104259
"z_nu_r[13]",-0.73574480407275,-0.758321355,0.37730131613469,0.368440696197,-1.32296257,-0.09962350885,1.00370376872918,331.636441562487,1005.6836252547
"z_nu_r[14]",1.508575895926,1.49753825,0.399823561996663,0.4015362645,0.8900869785,2.16268374,1.00175794587996,2035.44043918295,1414.86596511192
"z_nu_r[15]",1.269612221309,1.26811425,0.441775905506485,0.448358959335,0.539000177,2.009309005,1.00224975218957,1677.23453275753,1603.9988803134
"z_nu_r[16]",0.83566492748821,0.83061494,0.534755224719191,0.538344973446,-0.030009943,1.719135145,0.999825503002053,1864.52919528842,1289.72139392124
"z_nu_r[17]",-0.097302740224505,-0.11553403,0.371901365094237,0.365708449722,-0.6788073425,0.5070200955,1.00066086515249,1654.82154763093,1025.46845984539
"z_nu_r[18]",-1.780645466205,-1.7799592,0.388711711949524,0.39236445612,-2.402205925,-1.137279835,1.0002255610072,1542.30250959095,1304.62739550822
"z_nu_r[19]",-0.168184158397845,-0.177097195,0.369956350087997,0.367776469158,-0.758020321,0.455673173,0.999357151242522,1678.84369618328,1125.71277155837
"z_nu_r[20]",0.0340550409859,0.033961563,0.438445499081799,0.404366955615,-0.696618071,0.7872126235,1.00161311559933,1820.83942163295,1442.30408688451
"z_nu_r[21]",-0.546964994703755,-0.553740835,0.361177310879829,0.33920234901,-1.12152262,0.0666908663,1.0009729961217,1748.81491581939,1468.02339846538
"z_nu_r[22]",-1.436901080986,-1.4498328,0.412611152247331,0.40271233695,-2.08407546,-0.738328243,1.00020457828832,1653.30253133476,1495.7655136655
"z_nu_r[23]",-0.233455250180681,-0.193330255,0.578934669598539,0.574457803248,-1.22444981,0.6750552085,1.00093704794536,1700.00406263923,1401.22475483672
"z_nu_r[24]",1.2143866942305,1.20671545,0.431376256636708,0.429835451304,0.5066754635,1.932064675,1.00203502943233,1867.12824040843,1612.71109108916
"z_nu_r[25]",-0.940998651381,-0.937232855,0.354521656492115,0.346761340632,-1.53267595,-0.342847609,1.00305003874041,1847.82208797903,1272.98350873269
"z_nu_r[26]",-1.310698032692,-1.29539845,0.440702415138332,0.43700465256,-2.03549985,-0.606967669,1.00125364240024,1377.37976742651,1535.15792677848
"z_nu_r[27]",-0.08525224093572,-0.090473315,0.377527548058408,0.364107990435,-0.70653085,0.5344653445,1.00086226904214,1901.2489601105,1252.62250925934
"z_nu_r[28]",0.109936187491725,0.11160701,0.380637746692112,0.366344166363,-0.496241899,0.736440861,1.00072022067515,2230.51514994959,1635.65044855192
"z_nu_r[29]",1.5039748445694,1.51676535,0.467001761318443,0.46791019086,0.73779856,2.272814975,1.00030095215325,1214.65782501543,1192.87948462108
"z_nu_r[30]",-1.059993311442,-1.0631047,0.371344807676883,0.367703206479,-1.63327722,-0.431564346,0.999804192986257,887.248950847457,1005.39860053226
"z_nu_r[31]",0.67455177060008,0.674248155,0.394939433170803,0.387462847086,0.05073111165,1.343503745,1.00144053582029,1966.75073445345,1172.07180461547
"z_nu_r[32]",0.04970987604801,0.042996778,0.36914648301113,0.359428823292,-0.540940957,0.660188372,1.00187738812449,2209.24391610064,1443.53510296582
"z_nu_r[33]",-0.41246701046348,-0.413022175,0.373279074008728,0.356855140887,-1.00748276,0.206511454,1.00212391163042,1883.90597602169,1247.41316135006
"z_nu_r[34]",-0.17217195756148,-0.17787565,0.375199560397304,0.348244882083,-0.7793119545,0.4557282245,1.00091250183703,2470.43647600274,1111.23906916097
"z_nu_r[35]",0.662771335972945,0.65631771,0.365984596296177,0.367050187896,0.060372861,1.26390218,1.00090715406448,2032.38294106875,1443.08879222759
"z_nu_r[36]",0.34828485735269,0.353222875,0.388673559951727,0.37442936979,-0.3048704285,0.9513666295,1.00175943780648,1722.46299480202,1197.19821973353
"z_nu_r[37]",1.380537974515,1.36826455,0.360987178186304,0.34469775417,0.8082776925,1.975839405,1.00314370927363,1921.09540693101,1445.129750599
"z_nu_r[38]",-0.322126875587125,-0.314977445,0.438594528557001,0.4344527228622,-1.074707565,0.3989262055,1.00456927103799,1889.38498630404,1325.40762773642
"z_nu_r[39]",1.79684076800355,1.8152009,0.539598638576202,0.51244452966,0.8562301235,2.63113168,1.00719977306699,464.901091857898,347.047554556798
"z_nu_r[40]",0.2377929298952,0.23605912,0.377783620500635,0.35995290578688,-0.3745093495,0.874858291,1.00009492109584,1867.78893614133,1509.33092868645
"z_nu_r[41]",-0.274644367923233,-0.27133897,0.401710364859828,0.391370320929,-0.928914073,0.3967488655,1.00047837235331,2327.24343535828,1479.49815268919
"z_nu_r[42]",1.1478551891871,1.1253454,0.402339991219078,0.397579494207,0.522697618,1.81010282,1.00032726450144,1761.46418480568,1663.99083637688
"z_nu_r[43]",-0.630324593414955,-0.60284262,0.419469564840996,0.405922870185,-1.348629645,0.0195823416,1.00006241444782,1724.58933276784,1441.03979090406
"z_nu_r[44]",0.933831255496505,0.930929495,0.374549090653336,0.368447530983,0.3416022395,1.550170455,1.00086396749021,2302.26066975596,1554.1802454246
"z_nu_r[45]",1.883373954465,1.88610115,0.418783938546543,0.41860966371,1.2071924,2.559703245,1.00061111584001,1762.20570011185,1447.49672262522
"z_nu_r[46]",-0.35097349349309,-0.34530513,0.393288316885007,0.372961499421,-1.002474015,0.278440007,1.0041961656342,1825.10480986513,1435.2013873659
"z_nu_r[47]",0.64913937273646,0.638843965,0.430279505101976,0.437199414309,-0.0241315839,1.376002625,0.999764146042176,1752.68775433151,1178.35606131719
"z_nu_r[48]",-1.279622912519,-1.26275545,0.408217147938774,0.402833672934,-1.961395855,-0.6160186975,1.00030520645544,1560.15130601073,1462.04851151755
"z_nu_r[49]",-0.111782687536245,-0.114062975,0.355758205042817,0.334091952831,-0.6732922125,0.4949301345,1.00341828959723,868.990028975831,1221.87239195578
"z_nu_r[50]",0.23219100403264,0.221225425,0.347028145713855,0.33592871535531,-0.3301921175,0.7895622635,1.00201884955611,1510.40697465114,1009.54248683446
"z_nu_r[51]",1.93137218697,1.93569285,0.455606421609397,0.44546325621,1.171209585,2.662437065,1.00222418340806,1025.85765321454,1313.19075540621
"z_nu_r[52]",0.75850267507955,0.761491075,0.412373073991722,0.40001615472,0.0777913648,1.43844412,1.00207831461927,1931.48516323943,920.888134124847
"z_nu_r[53]",2.51590572458,2.514067,0.486293948098627,0.48527091795,1.72200755,3.32173954,1.00374769931604,655.114648962448,1242.58146071429
"z_nu_r[54]",-0.368594154880625,-0.375787275,0.382702705875987,0.354700589502,-0.981915998,0.2560807745,0.999499199623255,2222.4606539127,1505.15941000617
"z_nu_r[55]",-0.405039704933544,-0.405152805,0.404877750554818,0.39618541284,-1.07011112,0.2613083545,1.00281637204375,2141.87064942275,1380.87478075245
"z_nu_r[56]",-0.99317120183725,-0.989843465,0.398892639288381,0.386364625962,-1.643142995,-0.3518352325,1.00338296002063,1648.38045293885,1365.69940946756
"z_nu_r[57]",-0.153844768656605,-0.154604825,0.399605012481556,0.395328603474,-0.804730364,0.5191058865,1.00174269197236,1526.2934575367,1218.07191888438
"z_nu_r[58]",0.4907510322811,0.49194089,0.387675063088955,0.3872640156,-0.1456838045,1.123308495,1.00389387238715,1735.48370193953,1032.30041292826
"z_nu_r[59]",0.587587837610105,0.59000378,0.422508584583255,0.426031981851,-0.123813926,1.290986505,0.99977407692136,2280.20597887486,1868.23198267673
"z_nu_r[60]",0.51474237691999,0.50976479,0.391911066423944,0.388253747469,-0.1216943925,1.16031305,1.00220527206957,2153.71544526937,1293.03945616991
"z_nu_r[61]",-1.0771869539445,-1.0912836,0.374986954793439,0.364797399435,-1.680461585,-0.4343242405,1.00301859523798,2119.15018447882,1289.86831673216
"z_nu_r[62]",-0.9628821300655,-0.96341284,0.333514728761991,0.322192501449,-1.49761537,-0.423274804,1.00113277075617,1810.54698045887,1575.31414483606
"z_nu_r[63]",0.02058370873123,0.0342660835,0.394352001657732,0.3815403145029,-0.635895963,0.6375517505,1.00033534707362,1791.91290283621,1496.2605678673
"z_nu_r[64]",0.192146275159605,0.20678212,0.57875201081684,0.544132280307,-0.8183649405,1.10901309,1.00034305539201,1435.87109714414,1251.39362795895
"z_nu_r[65]",1.15833082614885,1.1668553,0.457733215155291,0.445124689674,0.40197392,1.90938985,0.999465091004829,1131.07629003345,765.043541126199
"z_nu_r[66]",-0.9070490787537,-0.89882847,0.362181089933259,0.353664341058,-1.48788839,-0.2988193735,0.999617424496058,1857.95131336537,1023.09931771769
"z_nu_r[67]",0.394481706184777,0.38970066,0.349387265037472,0.347620974351,-0.162982457,0.9547826785,1.00096586099289,1798.29712286475,1528.28127082885
"z_nu_r[68]",-0.058131823262,-0.0366550585,0.610605629623836,0.637905759204,-1.087523785,0.905507592,1.00045768317109,1655.31786897685,1730.18010505208
"z_nu_r[69]",1.4656418308375,1.4555295,0.430773593949496,0.42912100119,0.769365236,2.209040115,1.00149805571706,1651.70681928414,1531.55547502139
"z_nu_r[70]",-1.0540613131933,-1.01744025,0.574363338689868,0.58194726093,-2.045840865,-0.145362786,1.00233236120565,1355.37117442577,1396.71369302876
"z_nu_r[71]",-0.98786652012695,-0.94681377,0.512910718878241,0.43358184807,-1.911635745,-0.2691808815,1.00352732372041,703.542475505239,844.176017726291
"z_nu_r[72]",-1.083934812177,-1.07363835,0.379750915200408,0.375046894929,-1.70737429,-0.4687126845,1.00065450825624,2293.76027462197,1442.94969027244
"z_nu_r[73]",0.80813848073424,0.80106606,0.412158668080714,0.403224849531,0.144131953,1.48964685,0.999631231676039,1817.59835715802,1254.94990396938
"z_nu_r[74]",-0.8407282763443,-0.84531247,0.369623491349885,0.370017552492,-1.44131707,-0.2167352745,1.00118590686288,1971.16770958824,1631.99282877819
"z_nu_r[75]",-0.87218973495945,-0.87787225,0.442919908196162,0.428766978549,-1.601800905,-0.152631098,1.00034654018888,1808.45368173295,1128.58243098791
"z_nu_r[76]",-0.0904385243587,-0.102609385,0.440282743013296,0.43425109371,-0.795964555,0.65561941,0.999658725211892,1782.54601926796,1496.29681973008
"z_nu_r[77]",0.855185409343725,0.871514925,0.465661525573893,0.461266252545,0.0755189805,1.590363115,1.0009758050236,1268.59310755559,1687.73792910443
"z_nu_r[78]",1.34671731971015,1.3480441,0.658827743160045,0.67513022766,0.2756010605,2.453709175,1.0006070593649,1577.27785393771,1407.23280483714
"z_nu_r[79]",-0.730756347703175,-0.717633165,0.374090370984134,0.358616069385,-1.39207921,-0.1439251435,1.00319707126989,2209.99690474959,1451.34799948926
"z_nu_r[80]",-0.435255702567075,-0.4242275,0.471653431187219,0.463050183582,-1.216653765,0.3278904905,1.0022602752166,1689.34165613483,1231.10816306104
"z_nu_r[81]",-1.007095866439,-1.0070379,0.415284444521541,0.40063224915,-1.67653187,-0.3106420245,1.00280769825496,1140.19573581182,1223.49121860021
"z_nu_r[82]",0.9404706769655,0.92832262,0.376754357332738,0.351821254281,0.34410307,1.579332995,0.999667615672632,1740.29456225635,1657.01411668684
"z_nu_r[83]",1.0371519198729,1.0219356,0.536775170082504,0.525266847651,0.2102323605,1.93205608,0.999502783707692,1447.26043775262,1650.82841146362
"z_nu_r[84]",-1.61573890939,-1.61707785,0.340668758910677,0.32954721303,-2.1902847,-1.06881409,1.00006686466218,1912.49675791477,1300.87711247997
"z_nu_r[85]",-0.34796184517198,-0.34125742,0.364074738990061,0.348349813098,-0.9411700735,0.237862991,1.00045637039454,1902.68020058323,1213.30294189837
"z_nu_r[86]",0.491257974666825,0.47996861,0.343617664894922,0.320896657158,-0.0456723706,1.04997612,0.999597413518994,2198.24111083769,1191.16189921811
"z_nu_r[87]",0.022993738584765,0.00683038195,0.362698519523258,0.342951303261,-0.557304778,0.632672733,1.00114334033442,2062.47358077327,1470.79750148195
"z_nu_r[88]",-0.75465319604865,-0.755742705,0.368937560814297,0.355535671365,-1.36079921,-0.120963493,0.99977768645038,2022.51574130586,1382.29707953203
"z_nu_r[89]",0.121740341163594,0.118529865,0.36774057384611,0.354856351458,-0.4785041355,0.7273600625,1.00134268215129,2019.49213064028,1062.01471908856
"z_nu_r[90]",0.17396214851019,0.169755325,0.364966373426859,0.3656695841043,-0.423576311,0.77339825,1.0008849887732,1759.52471537979,1296.02172506499
"z_nu_r[91]",-1.2502364826943,-1.19968395,0.632122067886861,0.639925942551,-2.384498955,-0.3054525215,1.00384479391407,1301.99571387075,1248.66832172333
"z_nu_r[92]",-0.5485962621048,-0.544640915,0.35581971493767,0.346227063483,-1.117891805,0.0554312704999999,1.00356901054903,1223.62638932958,1524.77242433376
"z_nu_r[93]",0.015574523664295,0.0223287095,0.368027871414002,0.3491785353483,-0.5866297285,0.608022845,1.00368234981325,1307.21557541047,1583.77783351006
"z_nu_r[94]",-0.517703615865275,-0.5027184,0.504448371337509,0.52234273791,-1.341321795,0.291368612,1.00087173031779,1323.99356989611,1206.19294961151
"z_nu_r[95]",-0.771116943829175,-0.77960271,0.401799921679383,0.381315883704,-1.414184995,-0.0908718188500001,1.00162670854973,1849.55074123504,1231.00872320227
"z_nu_r[96]",-1.7206268092,-1.70867375,0.383995328639831,0.37732325673,-2.37068608,-1.09642258,1.00040173722441,2097.47843120055,1437.68145544937
"z_nu_r[97]",0.35859262903362,0.354966445,0.38743975304473,0.374725808247,-0.257629252,1.011030775,1.0011172192487,1905.16575714345,1244.91358694412
"z_nu_r[98]",0.167480007294115,0.17780244,0.430781771295221,0.429399337101,-0.5459018845,0.8511933075,1.00006359513754,1983.59201971747,1697.37564817712
"z_nu_cr[1]",0.245834710899705,0.244485575,0.362811922153178,0.36815687036646,-0.3655085055,0.8450150405,1.00091806809683,1717.62960868291,1223.93638631085
"z_nu_cr[2]",0.270600857396172,0.28010074,0.332755396107103,0.3382040840367,-0.272680671,0.8021776905,1.00014199575881,1911.24165222142,1639.79811351793
"z_nu_cr[3]",0.93474133816648,0.936504425,0.42631797174802,0.42316954827,0.226817011,1.624094095,1.00122836299489,1729.85303492195,1279.46059108694
"z_nu_cr[4]",-0.435803117076444,-0.431633295,0.359586332158511,0.358381737042,-1.03590451,0.149132334,1.00022887361933,1610.37016663322,1289.54823783676
"z_nu_cr[5]",0.7286093479159,0.720565995,0.3425239137754,0.335295942639,0.173861585,1.30410019,1.00123277576776,1993.03174273352,1732.73025909086
"z_nu_cr[6]",0.00486490132105,0.0076742474,0.346515638108626,0.330388573704,-0.5374119835,0.599184127,1.00024265107329,1762.57334510208,1420.55786709591
"z_nu_cr[7]",-0.269820838398103,-0.266883175,0.369640987114552,0.369647740161,-0.888719579,0.3170341245,1.00006745717686,1918.99612532197,1639.05896400421
"z_nu_cr[8]",0.00342930573397999,0.0017210504,0.362847221549625,0.36204852500796,-0.5893580655,0.5950497835,0.999830223623015,1736.34697077097,1555.00625488871
"z_nu_cr[9]",0.44527522867835,0.4618978,0.377005891275068,0.379416754647,-0.1949437935,1.030648115,1.00063231673882,1525.95980470191,1292.79307237626
"z_nu_cr[10]",-2.65553637977,-2.665765,0.543116724768092,0.564529676129999,-3.535021305,-1.739187455,1.00094443035781,1176.87192016671,1381.85265461772
"z_nu_cr[11]",-0.9022745071749,-0.89106484,0.4267640755971,0.42377074257,-1.60785399,-0.203193577,1.00156288590468,1228.10949957842,1114.72209847879
"z_nu_cr[12]",0.519792296525525,0.4958075,0.525303905912037,0.54302100489,-0.3078656215,1.41329969,1.00011366871676,1374.30426421961,1769.9026080474
"z_nu_cr[13]",0.017125064459265,0.02199738,0.327180623057509,0.336114345252,-0.521383718,0.536676489,1.00134971305769,1561.2369109988,1454.97548491899
"z_nu_cr[14]",1.184878086545,1.1699064,0.374216280570355,0.367710901173,0.5839971155,1.820732395,0.999812881294561,1528.49343368499,1388.98797215356
"z_nu_cr[15]",0.05350797347196,0.0552905975,0.350502376032273,0.350338461543,-0.5231349075,0.632750222,1.00046228938344,1670.59074020021,1760.4535294276
"z_nu_cr[16]",1.228006450395,1.21061175,0.450631043732316,0.444733342578,0.5189482855,1.993453935,0.999476650968406,1633.02987106454,1270.55734181035
"z_nu_cr[17]",-0.223934035636916,-0.214643215,0.329511910062065,0.32020957576587,-0.778301619,0.3045091985,1.00129708096365,1840.64551604519,1485.85422310959
"z_nu_cr[18]",-0.179776094915045,-0.180154995,0.307022856986384,0.2843033693283,-0.6928320555,0.342289837,1.00088311649573,1836.60096523013,1486.4639286549
"z_nu_cr[19]",-0.111118037544198,-0.103903495,0.323528594888347,0.310257015474,-0.6597583545,0.406021554,1.00059577852066,1719.40695416238,1268.05506594771
"z_nu_cr[20]",0.151812076942329,0.150592155,0.37378801331729,0.3618139894005,-0.456670012,0.776702,1.00036103413025,1517.39640119453,1402.45990934595
"z_nu_cr[21]",-0.392967779212505,-0.384343785,0.321229447167383,0.310308498759,-0.9283782305,0.125537238,1.00010693390296,1451.26358465665,1342.11510110945
"z_nu_cr[22]",-1.514912410005,-1.48314755,0.44110715974925,0.42142541763,-2.288436475,-0.813071207,1.00177579859355,1558.12930518219,1137.64069895723
"z_nu_cr[23]",0.16129943613561,0.130090015,0.503119117508222,0.519826973274,-0.6432570655,1.02356567,1.00140387041295,1784.51154408933,1737.24687031526
"z_nu_cr[24]",0.65380002933075,0.65864322,0.343991874089617,0.341191760994,0.0922115523,1.242835415,1.00375053990455,1745.22791243561,1504.49668000708
"z_nu_cr[25]",0.4700322725347,0.467588295,0.33174484828043,0.33647177046,-0.0811861159,1.010630355,1.00393684603347,1806.27388376441,1378.36143826658
"z_nu_cr[26]",-0.6373241309403,-0.62235293,0.363596512871564,0.357336837627,-1.247767315,-0.06988567725,0.999879465333715,1789.55229206106,1351.36764415161
"z_nu_cr[27]",-1.1080513730985,-1.10157785,0.386462761831567,0.379848769461,-1.754207935,-0.482107094,1.00046282052889,1259.94208083345,1685.80739462423
"z_nu_cr[28]",-2.12044043409,-2.10511205,0.406193023395358,0.4075748943,-2.81081522,-1.489324895,1.00018606733157,1876.62559227623,1673.94155647437
"z_nu_cr[29]",-0.757508125100125,-0.76196202,0.552233376488215,0.559631506728,-1.632724705,0.1684729415,1.00165027358239,1320.75477457127,1338.12072215564
"z_nu_cr[30]",-0.597073081278555,-0.593645225,0.334223228660986,0.326407829769,-1.135898685,-0.0540438163,1.00263546530141,1612.03260846138,1499.02474784392
"z_nu_cr[31]",-0.6979150891143,-0.667391145,0.441494684101203,0.428426336373,-1.44973147,-0.00493062935500009,1.00072531006275,1290.34032977437,1196.64549412634
"z_nu_cr[32]",-0.637855233906047,-0.62566551,0.37967638553901,0.366246485262,-1.26805946,-0.0555846535500001,1.00337513472183,1622.34355819199,1269.91694645829
"z_nu_cr[33]",0.298114844209815,0.26929261,0.44966330547106,0.437178198303,-0.4132807755,1.07114283,1.00212248624821,1680.66456376666,1454.98913748686
"z_nu_cr[34]",-0.31220715244007,-0.314197765,0.398431064057671,0.3973260600456,-0.956487714,0.355190753,1.00193462035477,1600.31858543303,1292.94314498955
"z_nu_cr[35]",1.03089873188795,1.03146435,0.33201838115453,0.316831190046,0.470622478,1.55169538,1.00109479695909,1756.31065008119,1396.30270801959
"z_nu_cr[36]",-0.73613109899405,-0.7492474,0.463638928949148,0.427049015799,-1.484681415,0.0620421302499998,1.00028930700955,977.88922931864,767.86845352777
"z_nu_cr[37]",0.394535252667035,0.39094135,0.300663585936165,0.289036494957,-0.09054854445,0.880772796,1.00169000565021,1720.29974538747,1352.51280849006
"z_nu_cr[38]",1.98244739026,1.9742777,0.409241335946307,0.40198756794,1.34678865,2.67461965,1.00032140620113,1483.73087654099,1358.80663813742
"z_nu_cr[39]",0.9400497387108,0.906288155,0.433882802961278,0.389095938399,0.289188062,1.703457975,1.00898650074108,434.926878330291,320.857704188084
"z_nu_cr[40]",-0.79883575892075,-0.79151301,0.363095970173671,0.346695787473,-1.40341044,-0.194474672,1.00204906516081,1541.94150744697,1492.67288672113
"z_nu_cr[41]",0.36633839477904,0.363609095,0.412668681526747,0.3986613652182,-0.2970022755,1.03915318,1.00134339262682,1946.09725620099,1479.3599886233
"z_nu_cr[42]",0.09975385742265,0.10802882,0.367903578489271,0.364623127218,-0.492569871,0.697255661,1.00127992723449,1637.58618129889,1437.50119678632
"z_nu_cr[43]",1.098464533041,1.0926555,0.364737430815647,0.354920629581,0.520292512,1.709974645,0.999902874140314,1637.78785978502,1397.10522960376
"z_nu_cr[44]",1.07757932555245,1.07268755,0.347671995634286,0.33912466077,0.507832719,1.65597987,1.00167857218579,1587.35681579883,957.097156908373
"z_nu_cr[45]",-0.402848798270505,-0.408788125,0.508955585699146,0.5073549892152,-1.228114075,0.4489987265,1.00280786717442,1582.4217036697,1462.97763197817
"z_nu_cr[46]",0.98900095083165,0.9916911,0.340759530893156,0.32167127118,0.439394722,1.565627275,1.00187393212784,1133.97181696374,1324.96707037997
"z_nu_cr[47]",-0.078054844561272,-0.0616937795,0.390328600194214,0.3779858521677,-0.7406434685,0.51610958,1.00000452625199,1626.45033660288,1558.38146320049
"z_nu_cr[48]",1.52924085842,1.52363545,0.378979708810093,0.37111294185,0.9238574125,2.162758205,0.999245872297906,1111.91626990707,1151.44950022167
"z_nu_cr[49]",-0.578784776719078,-0.578582325,0.327123912879206,0.320323847235,-1.118676245,-0.04809455305,1.00123390863817,2018.27485726439,1645.79542707625
"z_nu_cr[50]",-0.16571271600548,-0.166143175,0.324307117291734,0.3293745976185,-0.7055636125,0.3593231445,1.00044265453084,1636.48901861874,1256.74694333286
"z_nu_cr[51]",-1.4476681284407,-1.4405249,0.585517478527233,0.59455217787,-2.440291675,-0.5107145495,1.00106694402212,1350.2099545507,1439.02499479468
"z_nu_cr[52]",0.677361511786075,0.65820914,0.45079529941598,0.461830011195,-0.0282029134,1.42830003,1.00433962632321,1171.25013843625,1375.88768280304
"z_nu_cr[53]",-0.037832259241985,-0.0341214915,0.465141558074751,0.4649036389221,-0.784359579,0.72698968,1.00122534631007,1559.19284774078,1471.57830847855
"z_nu_cr[54]",0.099797607888385,0.10042611,0.34285633544154,0.335392200444,-0.4739855965,0.666202822,1.00203017247958,1887.40529000214,1492.09589143376
"z_nu_cr[55]",-1.0543211100897,-1.0552204,0.391346605680846,0.386862349608,-1.72873797,-0.4170315545,0.999813398621295,1551.92342408219,1417.53398899002
"z_nu_cr[56]",-0.18955720630163,-0.206244335,0.458503542194868,0.439350066456,-0.901618976,0.6107884155,1.00300041464487,1348.49573138989,1129.17878329415
"z_nu_cr[57]",-0.359802804359135,-0.350308425,0.38040144188313,0.3887917125855,-0.9716783045,0.245138573,1.00311965574146,1390.92007298074,1281.64945798805
"z_nu_cr[58]",1.1702490714818,1.14350165,0.529274921170511,0.539378946099,0.337305305,2.08380679,1.00371795499183,1590.36567584752,1194.9853721799
"z_nu_cr[59]",0.520721040988105,0.501379745,0.434044270491482,0.43446836874,-0.1803364825,1.25440865,1.00146884890737,1589.43916447191,1534.88536892842
"z_nu_cr[60]",-0.939976036198265,-0.92868274,0.395603608816364,0.393238389516,-1.611989375,-0.3001255485,1.00312648508353,1642.00979607946,1167.60278404948
"z_nu_cr[61]",0.328300939258905,0.324196455,0.329775087071485,0.331675737372,-0.2094888865,0.8762189495,1.00091171496635,1471.29240086123,1005.92454726947
"z_nu_cr[62]",0.6789563770188,0.67808339,0.306133753811972,0.301318850028,0.1812181055,1.196898815,0.999665715680253,1942.90206231621,1199.50838825302
"z_nu_cr[63]",0.29417350533436,0.29572964,0.341353500108264,0.325594505061,-0.284905683,0.85528241,0.999934038193103,1658.61846510982,1129.05094542341
"z_nu_cr[64]",0.72074774241043,0.72463728,0.480251491968175,0.470939594853,-0.0634567113,1.510958535,1.00074045536531,1608.29147607798,1582.35595216286
"z_nu_cr[65]",0.295608079082085,0.294878385,0.39724178610758,0.3958748140704,-0.356284859,0.9302292445,1.00168669035012,1183.53725280288,964.630315194101
"z_nu_cr[66]",0.9721593566185,0.96780005,0.327427951616951,0.320292801591,0.4418485375,1.5312792,1.00042764717843,1670.75529412185,1666.92326982226
"z_nu_cr[67]",0.449138728989215,0.4557938,0.309778807379669,0.298459744884,-0.05755986,0.942711557,1.00345959650672,1609.84678222846,1321.58303698676
"z_nu_cr[68]",0.3755166101712,0.368083705,0.510583340003663,0.5308798400409,-0.451736039,1.238850485,0.99941406164912,1533.40002701175,1353.16870580231
"z_nu_cr[69]",2.207744695975,2.195667,0.405501339500784,0.42052444161,1.583060205,2.89191605,1.0013030053801,1304.57165467344,1473.98012943876
"z_nu_cr[70]",-0.5292886719735,-0.547572405,0.492204260530263,0.505837433955,-1.30494743,0.315156096,1.00184136944395,1533.57128957154,1433.87731119233
"z_nu_cr[71]",0.43337171188915,0.399028075,0.416444918043733,0.389073662334,-0.198244321,1.152850215,1.00263669186527,778.231620607553,801.569843434027
"z_nu_cr[72]",-0.084444100681245,-0.080253874,0.333016280102804,0.317718125844,-0.618071606,0.4593848575,1.00165179924675,1673.59993483665,1298.32156194799
"z_nu_cr[73]",-0.15600684123896,-0.149337715,0.373812006449522,0.376414556364,-0.797416279,0.427943576,1.0012973192216,1437.19141674878,1093.27931066374
"z_nu_cr[74]",-0.59325524373974,-0.59143021,0.345213616320292,0.344512688625,-1.175192395,-0.0365487218,1.0027823714337,1717.75607092794,1282.12339188048
"z_nu_cr[75]",-0.287042124336255,-0.29256552,0.38392416327756,0.3809272015815,-0.941061092,0.337695193,1.00086506132117,1774.51043206352,1453.33366844979
"z_nu_cr[76]",-0.563776427235825,-0.56178333,0.4240708046962,0.439865181,-1.26009888,0.1189114065,1.00052387334855,1742.88000238171,1573.99138071139
"z_nu_cr[77]",0.38957286099261,0.36419999,0.485940593887232,0.4968958496334,-0.3692645545,1.203661195,1.00136127231569,1241.29940479068,1417.15966181716
"z_nu_cr[78]",1.699286406435,1.6827955,0.532959230207923,0.55392663984,0.8640278945,2.611315365,0.999758326245146,1609.10493934409,1503.59915561885
"z_nu_cr[79]",-0.997243464041,-0.99717051,0.422958543563843,0.416561540766,-1.68494503,-0.2805528685,1.00214861452246,1929.14230579438,1603.0674072801
"z_nu_cr[80]",-0.0921664934689545,-0.10297236,0.410021194366396,0.403960263609,-0.7507091065,0.595601905,1.00251726726346,1643.80558044419,1459.38573930565
"z_nu_cr[81]",-0.431610778388854,-0.3880723,0.438507768913667,0.4303340444949,-1.22578661,0.241211995,1.00067068861231,1017.21833276982,990.760291641463
"z_nu_cr[82]",1.290766398005,1.289236,0.340268681500132,0.32864527332,0.7367674095,1.83505104,1.00231255679452,1182.63339787321,1098.451304985
"z_nu_cr[83]",1.44807169813,1.44189765,0.454334104593531,0.44215587213,0.709681538,2.22984613,0.999827231629757,1572.86201082068,1465.58926243426
"z_nu_cr[84]",0.0027243076601155,0.0086639791,0.293057432004876,0.291305725452,-0.466089256,0.4672376235,1.00369254351429,2107.49316620165,1605.95606129386
"z_nu_cr[85]",1.049288322867,1.0387138,0.310546609953567,0.298434377598,0.5663288045,1.562143835,1.00024175813128,1459.35550294858,1032.15411974452
"z_nu_cr[86]",0.9162385916935,0.917234315,0.302017378493426,0.279991055988,0.4129395445,1.422642665,0.999769910889555,1401.77614122625,1069.03630116936
"z_nu_cr[87]",-0.9390213819076,-0.92482891,0.421309855169513,0.405260229528,-1.643469725,-0.2590927105,1.0002148649828,1518.05715586526,1521.50589706721
"z_nu_cr[88]",-2.6219928046,-2.6136328,0.426314909665128,0.408886179869999,-3.34629215,-1.950576575,1.00427495458197,1202.94386908633,1431.95468280112
"z_nu_cr[89]",-1.72988821593,-1.71052725,0.369209148017228,0.35591236296,-2.36120798,-1.152363465,1.00178950521037,1535.4333288613,1489.05972603997
"z_nu_cr[90]",0.102756371126872,0.11033056,0.327354682134129,0.323033802819,-0.445221056,0.639703963,1.00392014447143,1547.12963811614,1357.99030395701
"z_nu_cr[91]",-0.414539137700388,-0.437897215,0.536610913252445,0.5591320173054,-1.23909111,0.5260920155,1.00130992877111,1223.64479836662,1476.05641527313
"z_nu_cr[92]",-1.49060378664,-1.48730445,0.336559207470136,0.32677653015,-2.05431293,-0.953492464,1.00174133370092,1728.08205597446,1326.63900403953
"z_nu_cr[93]",0.78778006636205,0.76417377,0.350332802603197,0.334169774505,0.2548677555,1.36916695,1.00105469469276,1694.18833614801,1365.1402370845
"z_nu_cr[94]",0.335177472231055,0.33130296,0.42199207628112,0.4309652102952,-0.3396389745,1.027530135,1.00000984868788,1289.32148219501,1405.52303898837
"z_nu_cr[95]",-0.716097179461,-0.690891875,0.372400923793336,0.353573294592,-1.372294205,-0.15259336,1.00065810592865,1513.06160930873,1060.68587653184
"z_nu_cr[96]",0.425782013256685,0.412870285,0.387492694026931,0.374215764195,-0.205105046,1.0542747,1.00174200971104,1584.6151537344,1251.78669738128
"z_nu_cr[97]",-1.45947278243,-1.4465208,0.391592483726794,0.38345291817,-2.109694845,-0.827491113,0.999981437250348,1680.10473836381,1474.55719132928
"z_nu_cr[98]",-1.01747599515125,-1.0205926,0.41167093920726,0.419720086632,-1.691606775,-0.3405852925,0.999618179346944,1861.61073738077,1541.42511074819
"z_alpha_intercept[1]",-0.9760041064441,-0.97845709,0.366766075604141,0.370465445952,-1.57544518,-0.374618289,1.00073942605777,1372.29256458936,1546.71654528906
"z_alpha_intercept[2]",0.35644852863905,0.346487745,0.382952761552441,0.3749608952334,-0.2617455645,0.997758546,0.999727652081847,1288.03082208185,936.070685270764
"z_alpha_intercept[3]",1.55790694224,1.53394735,0.437981523155188,0.43466785257,0.8936620255,2.345892045,1.00212242214786,1516.41266749885,1335.34934433968
"z_alpha_intercept[4]",0.478201122672935,0.465241765,0.395991804420187,0.400481061015,-0.1446479965,1.152337565,0.99963355144053,1625.25252726307,1485.68277181096
"z_alpha_intercept[5]",-1.08974642340995,-1.08525995,0.359076507095075,0.35463510306,-1.67996674,-0.506879096,1.00151656151448,1336.41834753758,1519.84217004469
"z_alpha_intercept[6]",-0.229106827505204,-0.21614049,0.397474951737406,0.4041467724651,-0.8859977285,0.3917710215,1.00036201364008,1380.12602779602,1520.9598321852
"z_alpha_intercept[7]",0.31488426922361,0.31215162,0.405759845445136,0.4058423183031,-0.335623475,0.975660258,1.0010751094399,1405.13532926211,1716.24393254249
"z_alpha_intercept[8]",0.034016936392145,0.02270441,0.400531479831392,0.404446267302,-0.6184044175,0.6898420455,1.00822214281245,1705.08849473059,1689.09974182363
"z_alpha_intercept[9]",-1.572251416767,-1.5774609,0.38436432656154,0.37729390125,-2.207311355,-0.9461221645,1.00028963168493,1305.40628032625,1470.59651473415
"z_alpha_intercept[10]",-0.352313205341898,-0.365589095,0.458222907049739,0.4569654352851,-1.114702665,0.396022775,1.00016049561491,1312.36770883468,1684.1107678304
"z_alpha_intercept[11]",-0.40188429666827,-0.40318171,0.400891571355708,0.396921664587,-1.03648934,0.2617772645,0.999629895921992,1632.29645448048,1430.79820415977
"z_alpha_intercept[12]",1.660661493105,1.643708,0.449673017194287,0.43433256258,0.9183874225,2.408981135,1.00163793330613,1386.29940082941,1616.88133668749
"z_alpha_intercept[13]",1.47424525247,1.47167785,0.443488224692134,0.45206646009,0.760089699,2.199542545,1.00220034111967,1448.65242079579,1561.48135652539
"z_alpha_intercept[14]",0.7193540066989,0.7138114,0.391662726012263,0.37581552666,0.09848952205,1.394223855,1.00096210601489,1387.01517664609,1445.10520407532
"z_alpha_intercept[15]",0.78990912633495,0.778907755,0.428715308943306,0.418582205958,0.1178182835,1.527922585,0.999885372791149,1492.52938028833,1580.50382305172
"z_alpha_intercept[16]",0.457357224930095,0.45240178,0.403883322593256,0.384521813466,-0.1827973885,1.129670295,1.00231794629628,1443.60377390191,1559.71934733694
"z_alpha_intercept[17]",0.854306034999635,0.847514625,0.405453003980945,0.39345431538,0.19329469,1.50816824,1.00079271954886,1346.11663430173,1307.69700952942
"z_alpha_intercept[18]",-0.8443127586443,-0.83898949,0.375730473728292,0.37149864024,-1.478750855,-0.225778956,1.00029257021072,1385.80787474612,1508.32792181221
"z_alpha_intercept[19]",1.224276290919,1.2225858,0.428280337692608,0.416372205333,0.5134757775,1.913202475,1.00197360272435,1329.50264698431,1375.81423582129
"z_alpha_intercept[20]",-0.86188759346145,-0.864364695,0.375217114515949,0.377780134746,-1.465182795,-0.2443275965,1.00012337709646,1500.11066608655,1728.05247331925
"z_alpha_intercept[21]",1.268414061361,1.2521598,0.405990227986014,0.407405551728,0.618488908,1.957571515,1.00063316647044,1281.51008160141,1438.41607580989
"z_alpha_intercept[22]",-1.42417398955,-1.421731,0.366777301777898,0.3761912175,-2.02683405,-0.8371203805,0.999271251703023,1561.28007702902,1329.67410318979
"z_alpha_intercept[23]",0.391999242126345,0.372940755,0.436696693010955,0.4613719122579,-0.282524532,1.150718405,1.00053335136418,1433.06389982291,1504.34803180838
"z_alpha_intercept[24]",-0.7398628264411,-0.73220074,0.383851457387709,0.377705567379,-1.375226685,-0.133370876,1.00187458616435,1504.52673409184,1441.90579382854
"z_alpha_intercept[25]",-0.0630733529911375,-0.061341894,0.374563554371819,0.3680009807586,-0.6954146025,0.5455975465,1.00238320541108,1629.58037975147,1462.30838147328
"z_alpha_intercept[26]",0.102109833325335,0.095397533,0.405224395663628,0.4112368970262,-0.5746733175,0.7870736675,0.999875075923758,1390.58558917168,1467.65347378948
"z_alpha_intercept[27]",0.556479885537105,0.54920884,0.390320611528525,0.396020317917,-0.07845270105,1.180210795,1.00066933885065,1854.45328800283,1530.37500006108
"z_alpha_intercept[28]",0.118480889528335,0.119877195,0.402875530370634,0.406273794192,-0.522353897,0.778292454,0.999617500145499,1742.10426443853,1401.87280414459
"z_alpha_intercept[29]",-0.519548848433065,-0.52921897,0.403211568749396,0.390188629425,-1.176152285,0.133390846,1.00169687273908,1173.22146653854,1493.31217762329
"z_alpha_intercept[30]",-0.383531074821,-0.388744905,0.360708169451515,0.348699980979,-0.981269061,0.206401207,1.0000435142616,1657.08554689824,1493.1161674287
"z_alpha_intercept[31]",0.97841545145805,0.96340669,0.423507508024807,0.396877875996,0.28951048,1.70451229,1.00013982063988,1518.63885015141,1322.03656603002
"z_alpha_intercept[32]",-0.21116578090725,-0.21060748,0.369631784711268,0.3794941678647,-0.8218375925,0.39665073,0.999454422520309,1519.95172300773,1409.4073716509
"z_alpha_intercept[33]",1.329887372923,1.31689185,0.457451811999379,0.43928459484,0.604196895,2.112356105,0.99981698333615,1290.11681815664,1346.12105171425
"z_alpha_intercept[34]",0.94787763434365,0.940408045,0.427233178166454,0.442925600985,0.285076396,1.67380741,1.00222269804016,1561.91092963659,1447.8527132844
"z_alpha_intercept[35]",-0.269871976412375,-0.27479934,0.37008238985944,0.3494421735042,-0.8855791865,0.342252002,1.00108936348714,1343.93653280337,1540.54748102271
"z_alpha_intercept[36]",-0.373838727059065,-0.364560175,0.407660586258053,0.4048820634873,-1.05961844,0.283854845,1.00120384583741,1528.9769214985,1471.32872736027
"z_alpha_intercept[37]",2.62593415375,2.61088655,0.423998515411851,0.4263201474,1.956190215,3.348702285,1.0006424214547,1413.76488499917,1419.01932588214
"z_alpha_intercept[38]",0.198177407651635,0.19566371,0.39579101020528,0.3767228000235,-0.440252351,0.8349640235,0.999805844948538,1501.50462064523,1448.34530304823
"z_alpha_intercept[39]",-0.995446211094,-0.99175329,0.387471830935077,0.368593693104,-1.64863734,-0.349802245,1.00030256698347,1200.55430968858,1177.94607327876
"z_alpha_intercept[40]",1.216560561123,1.1945877,0.432947194374184,0.418486415172,0.5483666515,1.970805205,1.00072044613826,1450.29406064801,1638.52423290721
"z_alpha_intercept[41]",-1.96609117301,-1.9534599,0.369183640446136,0.35933642766,-2.5804741,-1.37246455,1.00202863196382,1356.73375752249,1451.83697640608
"z_alpha_intercept[42]",0.38477455259358,0.37424104,0.434834526143852,0.4272293362827,-0.310488425,1.08790905,1.00014535476645,1505.27374902087,1580.76584271143
"z_alpha_intercept[43]",0.0991969462589795,0.101880165,0.38327187191409,0.384751112382,-0.5243719615,0.71880952,1.00062457137967,1549.34196117024,1588.97580103303
"z_alpha_intercept[44]",-0.50113512905305,-0.503074395,0.360193927701983,0.357914421522,-1.100052015,0.0861819799,1.00074818940037,1261.0122382011,1354.9212388072
"z_alpha_intercept[45]",-0.492186009657015,-0.503578605,0.449590131329615,0.457960321413,-1.22403393,0.245219436,1.00163068219354,1427.85879852228,1403.97943225538
"z_alpha_intercept[46]",0.44339712304826,0.43965268,0.389747133022919,0.398688286269,-0.190353748,1.079474315,1.00032599598216,1472.74099789744,1274.95505485249
"z_alpha_intercept[47]",-1.58106986417,-1.5755936,0.367741912053324,0.36429305598,-2.18340995,-0.9659031505,0.999513863748188,1406.11341014355,1556.12695181377
"z_alpha_intercept[48]",-0.02450673574434,-0.0202833045,0.389759685963651,0.400142464827,-0.6417377875,0.6155020485,0.999961081679338,1565.12695984244,1445.45040099484
"z_alpha_intercept[49]",1.2006216978575,1.18197285,0.40020475064584,0.408603863178,0.5664752795,1.886433105,1.00185697034845,1478.50569740826,1512.63177274094
"z_alpha_intercept[50]",1.34424426916575,1.32053125,0.408423544034361,0.39987271317,0.7052453095,2.02611595,1.00330187857046,1220.99325272744,1118.46877073289
"z_alpha_intercept[51]",0.75773443739035,0.742423345,0.430790830571561,0.430726968336,0.0908419127,1.48171795,1.00009317431755,1456.92925046307,1760.87490962557
"z_alpha_intercept[52]",-0.319680828891002,-0.31769777,0.398832503150201,0.386537141298,-0.985603095,0.3300787485,1.00122734745835,1175.4308675793,1657.20101780772
"z_alpha_intercept[53]",-1.2442459858375,-1.24764505,0.411443130217269,0.41462754837,-1.907224505,-0.5601932705,1.00110960113166,1457.43441196488,1589.30759260579
"z_alpha_intercept[54]",-0.5959832112375,-0.602625765,0.390834651680281,0.376017138021,-1.248816215,0.06423335435,1.00141383863104,1208.68093701691,1558.08120896119
"z_alpha_intercept[55]",0.03522031539852,0.02595514,0.422127572626633,0.418394026953,-0.631878413,0.727280295,1.00029726562448,1381.91245223386,1332.96019349277
"z_alpha_intercept[56]",-0.7124637423486,-0.71589455,0.394309003879934,0.394915929177,-1.33718152,-0.0415058460000003,1.00074973056533,1456.51395250946,1465.65496479842
"z_alpha_intercept[57]",0.07676471375809,0.076651458,0.39002950324661,0.394583122542,-0.5662006835,0.718260308,1.00132124139202,1660.36754775992,1693.59114667826
"z_alpha_intercept[58]",0.96015818441317,0.96154522,0.494365754373511,0.490843470201,0.132110251,1.77951447,1.00194470907844,1198.72292281298,1345.3788104821
"z_alpha_intercept[59]",-1.155158292393,-1.1517943,0.395498230914279,0.406195750128,-1.79191695,-0.485030373,0.999684800479174,1635.60411942896,1640.33381985497
"z_alpha_intercept[60]",-0.84879375368035,-0.845720475,0.405613056191438,0.376870811688,-1.540406015,-0.170330124,0.999878492141038,1412.22950204721,1491.18697915
"z_alpha_intercept[61]",-1.593123685335,-1.5806337,0.356870073479536,0.3489032232,-2.19667328,-0.9948824985,1.00118449001549,1632.18382552664,1729.57324395407
"z_alpha_intercept[62]",0.359025949090605,0.36225759,0.374014021336028,0.3925990241964,-0.242239042,0.9594564805,1.00166406139148,1482.34373803758,1543.88009698951
"z_alpha_intercept[63]",-0.18919846404164,-0.191655595,0.386888156062053,0.385972500501,-0.835079404,0.441817502,1.00180864620873,1434.62319858648,1344.50587988878
"z_alpha_intercept[64]",-1.4052946594835,-1.40332625,0.389067635531627,0.38861221791,-2.03235986,-0.7745948625,1.00075278560055,1362.68503909934,1608.68081354474
"z_alpha_intercept[65]",-0.75420523707496,-0.746869025,0.380283550846032,0.386974426755,-1.37371877,-0.13181129,0.999448074468882,1644.22643413457,1582.68269569259
"z_alpha_intercept[66]",-0.3262271635574,-0.33532492,0.387675922117656,0.3929034234741,-0.941103005,0.314819692,1.00088339010853,1397.61390455106,1411.43420693291
"z_alpha_intercept[67]",0.260095561124585,0.261141435,0.376680215581852,0.360929933553,-0.347723694,0.88222725,1.00038176954817,1446.43529244518,1511.57852775939
"z_alpha_intercept[68]",-0.84000625091085,-0.84833608,0.407378870068107,0.410782595769,-1.4857827,-0.1506265515,0.999657311453525,1438.22475929602,1622.22923466297
"z_alpha_intercept[69]",0.041673776418564,0.0492612945,0.380942475933344,0.3841965162,-0.5784505765,0.644757325,0.999853060125096,1647.09414615366,1366.81670061223
"z_alpha_intercept[70]",0.5322327970081,0.529878695,0.432303998088769,0.428675168544,-0.155018832,1.23735827,1.00088743781884,1298.8768155899,1621.60317489422
"z_alpha_intercept[71]",-0.369387105304195,-0.374477495,0.384883720866637,0.377843552961,-1.002684025,0.2580038855,1.00216855057801,1291.37352117557,1299.32742528636
"z_alpha_intercept[72]",-0.6933510337865,-0.692704255,0.352708952480284,0.357364562247,-1.281938935,-0.1374495875,1.00062627521867,1680.83262732798,1466.75773462009
"z_alpha_intercept[73]",-1.1402308472935,-1.14632795,0.387188172773121,0.381833096127,-1.76485065,-0.5042123505,1.00004025496224,1361.08578725625,1496.04631048475
"z_alpha_intercept[74]",0.376255655831565,0.37526621,0.39067215895124,0.392832468462,-0.2572390435,1.016981635,0.999569472456163,1590.81633103048,1863.83933559516
"z_alpha_intercept[75]",0.7329665492991,0.729829665,0.442017241716214,0.435228230892,0.02645658545,1.47509372,1.00103894223972,1408.53944321265,1472.5043242188
"z_alpha_intercept[76]",-0.9581634963345,-0.952544925,0.388202258052663,0.375704205639,-1.601469225,-0.316155818,1.00051847171815,1358.52140904642,1573.99367606455
"z_alpha_intercept[77]",-1.42298973763,-1.4265638,0.392989450061285,0.3895516674,-2.08108135,-0.7663785775,1.00068864948845,1136.38261697053,1155.59934259894
"z_alpha_intercept[78]",0.67823424383945,0.67498885,0.398937053693074,0.391248391905,0.0529051821,1.36182344,1.00099764603362,1672.64982212419,1419.82660784593
"z_alpha_intercept[79]",0.218914104664345,0.223626435,0.416816297222688,0.4077286614177,-0.451807336,0.901109512,1.0003985050916,1454.06484798583,1466.14782376358
"z_alpha_intercept[80]",-1.36216234626,-1.36189975,0.375059625438591,0.37050641019,-1.96333636,-0.756155528,1.00052745150908,1819.14566217074,1749.2059988926
"z_alpha_intercept[81]",0.0558088022965,0.0472293925,0.382525109721946,0.3861843455085,-0.575971352,0.68330167,0.999731292229198,1637.32788592879,1517.36679239026
"z_alpha_intercept[82]",0.386832627458325,0.369552725,0.391562464101812,0.378741904779,-0.2472874215,1.06838357,1.00001361492837,1387.81234635702,1582.69343659381
"z_alpha_intercept[83]",2.24199757266,2.23854965,0.444692282647389,0.43713452832,1.508047,2.969111975,1.00173281460711,1253.01093733667,1344.324898058
"z_alpha_intercept[84]",1.569370954525,1.5648169,0.406716276337925,0.40453845537,0.8786519875,2.23081974,1.00003469409523,1521.13596690734,1325.84341076742
"z_alpha_intercept[85]",-0.23792108118193,-0.236185505,0.367366032308044,0.3652848864693,-0.8381841875,0.3565595975,1.00413404354414,1369.02918658284,1575.95844639425
"z_alpha_intercept[86]",0.278467951191895,0.266400795,0.369873602384037,0.380084836446,-0.312120457,0.899722356,1.00125684289063,1395.87166661135,1529.83447660613
"z_alpha_intercept[87]",0.7584743321536,0.759703535,0.422599559892643,0.40028428293,0.0641252272,1.470794025,0.999639308526931,1720.94474297648,1445.02761052941
"z_alpha_intercept[88]",-0.101022453368185,-0.103655195,0.42912222419831,0.437497513278,-0.794257251,0.6190312965,1.00250181141318,1239.84986081746,1595.24958710465
"z_alpha_intercept[89]",0.27738214287525,0.2739808,0.427957083922734,0.4218663191484,-0.406800406,0.9999094525,0.999940309159192,1311.8560983644,1380.55834637233
"z_alpha_intercept[90]",0.75546449386775,0.752192955,0.394590361394652,0.396286444617,0.1083112395,1.400518335,1.00134386398439,1483.88279805234,1514.05876837236
"z_alpha_intercept[91]",0.22599207209042,0.227114715,0.393508882002242,0.398481967653,-0.421567742,0.859983407,0.999924955879495,1532.87010825355,1340.58268032244
"z_alpha_intercept[92]",-0.28424093277867,-0.29288898,0.377524644661835,0.3674834295615,-0.904990273,0.3457083775,1.0005315348232,1618.53491878783,1390.59470772334
"z_alpha_intercept[93]",0.279217793009805,0.273995185,0.39760871972569,0.39854625667311,-0.3733827375,0.9307549565,1.00014570094033,1313.25687938278,1492.17990361147
"z_alpha_intercept[94]",1.1153325294265,1.11658265,0.424041417697177,0.42231312438,0.428500428,1.816186205,1.00091683215037,1322.2281088035,1439.09982160002
"z_alpha_intercept[95]",-0.922337669253815,-0.921987935,0.364915969546119,0.354876270189,-1.520145205,-0.3174783695,1.00039077724292,1819.8872569589,1494.72343405423
"z_alpha_intercept[96]",-1.57126802023,-1.5643733,0.371689594344936,0.37361601543,-2.189045065,-0.9446918635,1.00115065594656,1483.04661998886,1612.95030198628
"z_alpha_intercept[97]",0.291018141272195,0.281393635,0.438327874421674,0.42098733334812,-0.3998513775,1.02903259,1.00002480127576,1343.81287299411,1398.22689375811
"z_alpha_intercept[98]",-0.982271585050345,-0.98573029,0.444023762207808,0.435338047074,-1.703345995,-0.233917133,1.00110028655779,1077.46715032067,1352.93180188129
"z_tau_intercept[1]",-0.996152807476,-0.99314938,0.536007433449289,0.524992388739,-1.89764295,-0.140399144,1.0029244594576,917.402821063114,1066.30451080661
"z_tau_intercept[2]",-0.98826983546435,-0.979241205,0.726392519910432,0.721904441475,-2.19763231,0.1916346605,1.00012679893191,808.433270302041,915.650245813253
"z_tau_intercept[3]",0.0338111130283535,0.0330250255,0.702192736579776,0.697347559461,-1.074870815,1.203288215,1.00160229714622,857.047200166006,901.625461406214
"z_tau_intercept[4]",0.223267663608144,0.22047773,0.672430543457812,0.675925205193,-0.8987990755,1.334016585,0.999629272655208,708.576641406318,954.222574642336
"z_tau_intercept[5]",-1.82070545002,-1.81560075,0.580351580067284,0.58615895688,-2.776998,-0.862966194,1.00231370148741,1016.70687003273,1203.50633807323
"z_tau_intercept[6]",0.8077546646331,0.8089657,0.684926074541431,0.68882129736,-0.384851931,1.933561855,1.00129019073424,818.698630239381,934.171456546585
"z_tau_intercept[7]",-0.41933431378585,-0.414152885,0.634946116324207,0.6437352178656,-1.479969545,0.60331812,1.00089689131658,929.179885790387,1150.9250285945
"z_tau_intercept[8]",-0.382047450233385,-0.374975045,0.66037672924295,0.6820034774931,-1.47836216,0.675830083,1.00053035960474,985.530878932715,1079.51760323135
"z_tau_intercept[9]",1.19133919628675,1.20385155,0.591914309434151,0.578201605464,0.2256846025,2.147238535,1.00104474456278,759.355848200686,883.883820199179
"z_tau_intercept[10]",-0.0920264029600795,-0.0894274455,0.66850054333966,0.66308558526,-1.20398327,1.011891905,1.00014399918196,671.608963013564,975.584474953078
"z_tau_intercept[11]",1.10970497319905,1.1020305,0.677628532107381,0.669875567088,0.00741477536500001,2.188189175,1.00351703921495,998.089361401585,1244.23780284732
"z_tau_intercept[12]",-1.6768046455182,-1.6575887,0.576766985400668,0.55921055211,-2.658392315,-0.7432035135,1.00416562469429,1042.51647906601,1302.7413785086
"z_tau_intercept[13]",-0.279883496157013,-0.27814027,0.736780284188796,0.738735198369,-1.510510915,0.9254571765,1.00323115200304,869.201811870826,1048.34048045806
"z_tau_intercept[14]",-0.0505464553526202,-0.0553185715,0.621416517051724,0.6259051374219,-1.086784465,0.9643561985,0.999678115030863,953.226077409987,940.371885839865
"z_tau_intercept[15]",0.74783925046825,0.758870055,0.614060661788568,0.575942834712,-0.2574773895,1.744253955,1.00302491517651,857.712976495448,832.581137552764
"z_tau_intercept[16]",1.2742988734417,1.2703942,0.575066297397533,0.57956576055,0.2962473405,2.218789085,1.00022182256637,922.218460275606,1166.42414729496
"z_tau_intercept[17]",0.288499750626405,0.305103105,0.662618090838559,0.662038410054,-0.7860126905,1.362882175,1.00341124482611,809.054673617442,1150.12060028781
"z_tau_intercept[18]",-0.474713047535197,-0.48295815,0.61190115060248,0.611984492301,-1.477642975,0.51239922,1.00124326099912,1204.1359907297,1154.73464585731
"z_tau_intercept[19]",1.13461365763994,1.1530082,0.698906143127231,0.70743704535,-0.0229573577,2.2699528,1.00556438458282,963.724594244491,1077.67558103199
"z_tau_intercept[20]",-0.720315524515055,-0.70719035,0.559122029785181,0.56557891215,-1.64506463,0.161736926,1.00531350628872,950.231400990064,959.632523611352
"z_tau_intercept[21]",-0.384637429593895,-0.388511605,0.68295461157143,0.6816020576127,-1.489701015,0.732814227,1.00053028427784,902.864689531866,849.329634163237
"z_tau_intercept[22]",-0.565066892083235,-0.56151381,0.639900816070447,0.653976616881,-1.634213875,0.4897029085,1.00131739253823,1038.00155779648,1038.26216168553
"z_tau_intercept[23]",1.28801271531485,1.2863746,0.57461242101663,0.5596637088,0.349475591,2.230074295,1.0001215561714,962.704506480351,1001.35769859031
"z_tau_intercept[24]",-0.051304329384185,-0.058004956,0.535735237199268,0.531523768062,-0.94335619,0.820417986,1.00253380932808,925.104067258261,1015.0128152353
"z_tau_intercept[25]",0.4712987502596,0.470724395,0.657002396038227,0.6524328789048,-0.602129713,1.540858805,1.00061751933877,1050.61192999938,1179.30278711791
"z_tau_intercept[26]",-0.22058911976856,-0.207635565,0.607823329672702,0.624861080865,-1.203266385,0.792903859,1.00146393466235,896.412156707655,1177.11541812781
"z_tau_intercept[27]",-0.26578173217015,-0.254660155,0.655260690423057,0.668834048001,-1.39445692,0.799438934,1.00215919289137,1219.4414310805,1281.00350919676
"z_tau_intercept[28]",-0.3049738866872,-0.29275527,0.660917591804342,0.672421717611,-1.386143185,0.74445814,0.9993787570819,936.555147899015,964.53172370248
"z_tau_intercept[29]",0.78194611030251,0.804624315,0.603912332621286,0.593279899506,-0.217296338,1.745479395,0.999836902014153,899.895836489434,890.079978620797
"z_tau_intercept[30]",-1.07224871238275,-1.0764843,0.679219505930547,0.688625394009,-2.19685228,0.031545098,1.00184000985796,917.36458400718,1017.05672691488
"z_tau_intercept[31]",0.276154041119516,0.275497395,0.662085823523459,0.646143944712,-0.815274865,1.325607175,1.00399998084391,858.202915997283,776.0033310129
"z_tau_intercept[32]",0.81241898996005,0.84161595,0.670032020133376,0.683300576805,-0.287193407,1.869547515,1.00165421081452,980.848547684517,878.223063706362
"z_tau_intercept[33]",-0.721479525448818,-0.700849865,0.71050348174073,0.696085244169,-1.90887256,0.4516348995,1.00164827890771,915.204198795127,1130.9895820172
"z_tau_intercept[34]",-0.42285485720833,-0.42503041,0.69657026177898,0.6997121100165,-1.57959076,0.7282955885,1.00140349471523,1089.85734359705,1192.5738901991
"z_tau_intercept[35]",0.52918626158915,0.52929471,0.636047217707725,0.636425909427,-0.519368117,1.556878965,1.00164817303503,804.229236753679,936.574835032562
"z_tau_intercept[36]",0.370900272208825,0.363070735,0.641610021911819,0.6223937512884,-0.672941095,1.39467344,1.00235448241531,992.855609390993,1004.78777443944
"z_tau_intercept[37]",-0.5613455781418,-0.553224725,0.659082818650532,0.652337743428,-1.65233657,0.5162435485,1.00328922272529,782.673978210285,1088.57413450652
"z_tau_intercept[38]",0.0594419004329,0.051868223,0.585075333215793,0.585524085321,-0.895005572,1.021108275,1.00002293739243,1074.84565375302,1120.60554809708
"z_tau_intercept[39]",-1.378467834979,-1.3672331,0.502663849704529,0.48243833652,-2.23503394,-0.5657315705,1.00222764589422,996.991613568439,1245.46000547327
"z_tau_intercept[40]",0.33716485567725,0.348888605,0.722925541825842,0.743697312309,-0.846098299,1.49771254,1.00294494284546,947.140757225054,861.848838380158
"z_tau_intercept[41]",1.34199735553975,1.349585,0.603648119197512,0.595380699228,0.358072887,2.301439655,1.00056819350465,811.612013652193,837.928156146643
"z_tau_intercept[42]",1.05982574866359,1.0628136,0.622333924233206,0.650277381621,0.0499985725,2.08590068,1.00124186624736,999.760638309087,719.015290786034
"z_tau_intercept[43]",-0.24474718265412,-0.218148795,0.585404114957588,0.593043135699,-1.21858364,0.657734023,1.00054807608934,986.433358142241,839.11122967958
"z_tau_intercept[44]",0.9278183106154,0.93639042,0.602683217728681,0.622182845508,-0.0396518968499999,1.8801935,1.00530494777454,929.731860437336,1050.35405895915
"z_tau_intercept[45]",-0.139702202294975,-0.130015145,0.574445636260602,0.574411479411,-1.116293305,0.7905900955,1.00179548372879,803.305461968474,1107.25918134889
"z_tau_intercept[46]",-0.008876263679625,-0.012595966,0.607144620068015,0.633508871688,-0.9820827055,1.00480149,1.00147692904948,1013.59254300327,1333.85304288632
"z_tau_intercept[47]",1.992484874915,1.9905705,0.570700107008802,0.5634947472,1.070738745,2.9502888,0.999984962496104,976.02092362486,1096.68348818998
"z_tau_intercept[48]",-0.392671135968295,-0.391867825,0.637157379433042,0.6360301545612,-1.434537395,0.6332489915,1.00237015123866,667.228724201218,983.244333480436
"z_tau_intercept[49]",-0.506552647873905,-0.510018365,0.700101055300771,0.6883526475,-1.65280043,0.6728094035,1.00139771774613,1127.18135346518,1228.91891897409
"z_tau_intercept[50]",0.93034143591032,0.927751485,0.698621795672019,0.688928207646,-0.207963993,2.081697855,1.0015738767657,894.503580600491,1043.7618558637
"z_tau_intercept[51]",-0.921155596098145,-0.90855333,0.597148690705533,0.584942387211,-1.967775075,-0.00215858565450009,1.00149840202287,1021.21342521508,892.305193682244
"z_tau_intercept[52]",0.549500529549185,0.535169425,0.615384344163093,0.607371486183,-0.4700303675,1.61995308,1.00260245655725,862.617382958264,1255.57523814166
"z_tau_intercept[53]",-0.10712127347614,-0.115785205,0.529496544957049,0.521554372773,-0.9576202485,0.7570452825,0.99989919274128,893.619050685415,1265.60358511405
"z_tau_intercept[54]",0.09539634861607,0.098401737,0.612991285992725,0.6328190950032,-0.9122955705,1.067612405,1.00149495145387,780.514157882952,708.115328396244
"z_tau_intercept[55]",0.31575620294035,0.328341375,0.651462361032011,0.63633229065,-0.809810742,1.379654315,1.00065266381297,867.827372263748,881.12129727548
"z_tau_intercept[56]",0.33719103936508,0.328145045,0.688240258216354,0.674817977274,-0.8271929685,1.448815505,1.00049067072991,962.191648992014,895.708256393693
"z_tau_intercept[57]",1.03798655607307,1.02943505,0.654730799659585,0.609200236218,-0.05397866095,2.115942965,1.00166001757013,1085.64752147957,1030.69863055482
"z_tau_intercept[58]",-1.05953219089162,-1.06294475,0.677471470088545,0.676027252551,-2.180434585,0.0558280780499999,1.00212256486546,670.187091816331,710.201872157311
"z_tau_intercept[59]",-0.18959185180664,-0.18949582,0.58419558426202,0.54766517526,-1.166365635,0.7926999435,1.00218007529123,999.169991255589,1015.67691097281
"z_tau_intercept[60]",-0.6360876781672,-0.63072581,0.61091832334752,0.628573392657,-1.65083222,0.348605601,1.00161465827721,758.263254423524,737.727279296377
"z_tau_intercept[61]",0.082866559324995,0.091895868,0.609474728459781,0.604209226404,-0.934813347,1.084536535,1.00028912100967,1047.14737155553,1141.87654368512
"z_tau_intercept[62]",1.2588717396945,1.2782055,0.710646910787447,0.709622583075,0.06274522675,2.422140015,1.00237995800079,881.523351833215,1074.39486970843
"z_tau_intercept[63]",0.69387224486795,0.693259835,0.634008592361015,0.645367610874,-0.354612956,1.78534236,1.00764590845928,686.150871123039,799.939811041034
"z_tau_intercept[64]",-0.102658396938175,-0.09242813,0.523779857742317,0.523392025821,-0.9763990855,0.7266516535,1.00100115808563,903.763130949437,1116.78726264071
"z_tau_intercept[65]",0.277970290750915,0.28138212,0.544456936276228,0.5343159479007,-0.6184278215,1.158961635,1.00696091475441,1031.35242122046,1271.32315561297
"z_tau_intercept[66]",-0.68577119214365,-0.671134885,0.6448166292884,0.650118454314,-1.729747235,0.313706117,1.00072058507304,902.864088596341,810.109875692134
"z_tau_intercept[67]",0.10924422444323,0.10663412,0.597390389382421,0.60145368087,-0.8666687985,1.07546868,1.0003570201929,891.83032957386,961.541391153658
"z_tau_intercept[68]",0.279403002860695,0.28863994,0.565620563690518,0.5752414559409,-0.663015169,1.201907925,1.00146549772245,916.007192279705,844.578963252673
"z_tau_intercept[69]",0.569955178332085,0.55618974,0.567651799763572,0.557120612433,-0.339682883,1.50936996,1.0008470393314,1093.65693513974,1144.75610696186
"z_tau_intercept[70]",1.0098463672425,1.0289926,0.628948647715171,0.610734838413,-0.09569345195,2.01040492,1.00125143483803,816.497726311516,805.138980911965
"z_tau_intercept[71]",-0.110659965316035,-0.0839249605,0.602338144714878,0.598687312356,-1.11091311,0.8697430495,1.00196212361418,916.443612172098,873.930511874096
"z_tau_intercept[72]",-0.6203322123563,-0.60659545,0.664601183588288,0.653129296155,-1.703681755,0.4702176515,1.00237759606946,939.340739683235,1012.24002249878
"z_tau_intercept[73]",0.5952821489379,0.600470945,0.609150159113323,0.615755959833,-0.402378301,1.606674935,1.00035499226321,712.821214589337,851.117407112948
"z_tau_intercept[74]",-0.11612227026156,-0.12067076,0.685735403291363,0.69412907949,-1.18847553,1.00591838,1.00067631165249,935.272791722849,995.594470345584
"z_tau_intercept[75]",-0.9307025723716,-0.923557055,0.666587592804081,0.694555616097,-2.003978295,0.143369152,1.00087655668167,896.72257891896,714.443956855877
"z_tau_intercept[76]",-0.286242963966454,-0.275911235,0.588747564581581,0.577849606572,-1.26081628,0.6656884785,1.00174591361782,651.037640478167,938.069417964373
"z_tau_intercept[77]",-1.1552785979642,-1.15652015,0.547437840296701,0.54608539083,-2.083818395,-0.2900481305,1.00246463390619,781.73834074618,708.882888242835
"z_tau_intercept[78]",-0.41291085172473,-0.39989917,0.548877087308544,0.4997190654792,-1.354130745,0.4371699405,1.00343959501921,1043.54801114581,950.092159397805
"z_tau_intercept[79]",0.623742768878615,0.624611035,0.716169869914732,0.712202203293,-0.5789222595,1.80320652,1.00102009442035,934.005010529434,1009.07082799125
"z_tau_intercept[80]",0.208269997962715,0.19843307,0.54264148681349,0.536983168281,-0.6916735115,1.08901551,1.00205724541622,1116.69497126489,1339.81459027921
"z_tau_intercept[81]",-0.454223462566951,-0.451585075,0.632133753901179,0.6278661316704,-1.474337795,0.572757153,1.00149799491017,837.063967023471,853.370220423595
"z_tau_intercept[82]",1.13724233393135,1.15019565,0.626158322874322,0.61989781791,0.130390721,2.099884185,1.00533989619855,791.467240925106,784.826850189497
"z_tau_intercept[83]",1.48626920550175,1.4871382,0.604235750253035,0.59942155518,0.488937338,2.450401775,1.00028156073925,829.899148502014,1115.7196257556
"z_tau_intercept[84]",-0.489653869695435,-0.49322375,0.734036144159108,0.722543679291,-1.745941015,0.71019708,0.999871487844023,776.900006163681,942.43067707915
"z_tau_intercept[85]",-0.373484946954338,-0.37371116,0.622766540529678,0.6202026945849,-1.38574169,0.643353508,1.00178886718556,964.418673227468,1148.55228116796
"z_tau_intercept[86]",-0.372920724630055,-0.37860253,0.60127394564222,0.5957692405035,-1.327819925,0.6268757685,1.00209024817748,1032.54396032599,1263.88305605322
"z_tau_intercept[87]",-0.44727688894022,-0.46835239,0.675399910089929,0.685888410627,-1.532890485,0.679774059,1.00061388314861,828.074286680953,908.152204925592
"z_tau_intercept[88]",0.0264005095206,0.0260953115,0.704040014181184,0.678326112807,-1.15439395,1.17992839,1.00316330430086,941.041198228273,1011.1550628179
"z_tau_intercept[89]",-1.6608970322545,-1.6387118,0.662609278647179,0.64185252936,-2.794437745,-0.5866354945,1.00140627722175,848.170363419918,859.024205752143
"z_tau_intercept[90]",-0.46717271768305,-0.45066046,0.653466416352384,0.665600534466,-1.563866605,0.5884126705,0.999368824837483,954.418751612074,1126.3797881082
"z_tau_intercept[91]",-1.5584590059259,-1.5689496,0.567556844257532,0.5608342215,-2.496442665,-0.6421454565,1.00205910872074,784.932114351666,1096.4570767475
"z_tau_intercept[92]",-0.5253584917263,-0.513883845,0.646743525401184,0.6289906793226,-1.62157011,0.5371519275,1.00090774656966,1086.00490820389,1086.1294772626
"z_tau_intercept[93]",0.576748852769795,0.57295734,0.647368246794385,0.635564541066,-0.443870873,1.6788719,1.00063189775233,947.886867599986,1079.35685657768
"z_tau_intercept[94]",-0.67160566200715,-0.653979865,0.61931747372482,0.602104979637,-1.70702535,0.3203880255,1.00224678117375,1000.84016641291,1279.50804467379
"z_tau_intercept[95]",-0.83528022809435,-0.845024605,0.612462599336406,0.600453407715,-1.84765875,0.152818708,1.00062855221467,894.10089167151,1029.61992027791
"z_tau_intercept[96]",0.69131944596275,0.697084845,0.64850426494918,0.654869023473,-0.373174689,1.779020605,1.00051024024251,922.579759269074,976.879977642728
"z_tau_intercept[97]",-0.346642643454193,-0.32974226,0.66249868861246,0.67510613541,-1.459797635,0.730584966,1.00191442769326,1090.2442681926,1001.27751455843
"z_tau_intercept[98]",0.70511727279765,0.72072624,0.612358888695085,0.626328484215,-0.3610223385,1.657100325,1.00143577362275,660.651615747326,864.651713153136
"nu[1,1]",3.1223613117,3.12850465,0.138938571238584,0.13525070391,2.88231917,3.34878683,1.00088999502054,1668.63401291223,1509.36716711945
"nu[2,1]",1.5047232299,1.5066569,0.0789519076971963,0.0795511269,1.37322684,1.63216228,1.00077249476121,2909.94107742865,1434.08430640456
"nu[3,1]",2.09395951425,2.09563905,0.0879850879383426,0.09043289199,1.95065843,2.23816826,1.0002315562731,2518.63061979324,1471.28356650392
"nu[4,1]",1.901127795,1.9030387,0.0843284404320251,0.08714700561,1.76136446,2.032623425,1.00002257237416,2623.85792242114,1820.3914868499
"nu[5,1]",2.47409206565,2.4771301,0.104429122258703,0.10138930599,2.299057555,2.640701145,1.00123032402847,1907.87813811217,1393.84524393866
"nu[6,1]",2.1449478452,2.1445741,0.097869823577263,0.0973450697099998,1.97764192,2.3020095,0.999409194230653,1772.09789519075,1281.57437393443
"nu[7,1]",3.067668336,3.06953525,0.117853405051719,0.1206006144,2.86999611,3.25674011,1.00129444790109,2237.91160225442,1156.19968495387
"nu[8,1]",2.0153304073,2.0159844,0.0930261680952944,0.0875556101699997,1.858476695,2.168493085,0.999907196763351,2704.55759262592,1534.28937199734
"nu[9,1]",2.874635799,2.87715875,0.130050524486998,0.13140009519,2.657378785,3.086588945,1.00136623899626,2163.03333696107,1345.39636239748
"nu[10,1]",2.1656666191,2.1665634,0.10041800694327,0.0968065893899998,1.99748117,2.32727973,1.00072516770177,1795.92815855773,1457.67204600151
"nu[11,1]",1.69365965205,1.69723035,0.0900287939603271,0.0877755538799999,1.538499885,1.83493061,1.00144719011291,2368.64281361377,1442.45672227326
"nu[12,1]",3.80627953185,3.80315325,0.14725728754386,0.14426839602,3.56404826,4.046398365,1.00001975709276,2356.23514358536,1578.25779090003
"nu[13,1]",1.34947022155,1.3509737,0.0680439842609816,0.0689609150999998,1.235200545,1.45885576,1.00234762795289,1653.23505878918,1560.46714708703
"nu[14,1]",3.1762040898,3.17796095,0.127411507663574,0.12660084486,2.953723475,3.37255726,1.00054224382644,2473.3020648804,1629.26062367965
"nu[15,1]",3.5274062602,3.53389105,0.147842363124306,0.14383043598,3.278460575,3.760284425,0.999245750103278,1997.57140981289,1646.23606284786
"nu[16,1]",3.99309408305,3.99455515,0.173948099193222,0.1686687303,3.69337623,4.278216145,0.99982062294688,2049.32554840977,1349.84972745607
"nu[17,1]",2.6187049903,2.6197415,0.0975838143172478,0.0953478592499997,2.455453895,2.77125518,0.999330603444299,2112.44337444735,1598.39151705927
"nu[18,1]",2.25318939135,2.2560878,0.107148547849288,0.10849918842,2.07322999,2.423766775,1.00021989523156,1954.28766760514,1365.97584487955
"nu[19,1]",2.75304906525,2.7571141,0.103621441409042,0.10336620483,2.579054515,2.91484286,1.00014946881044,2268.01712915441,1560.82531641441
"nu[20,1]",3.1246058221,3.12423465,0.132254069362669,0.13163182557,2.9067813,3.340561445,1.00068178796464,2522.50116385664,1430.29569260125
"nu[21,1]",2.4660000048,2.4659784,0.0914439242477165,0.09183854505,2.315468725,2.617919375,0.999816898248606,2060.14580820461,1608.36110239492
"nu[22,1]",1.65297920725,1.6557554,0.10403576869235,0.10173667917,1.47240822,1.818089195,1.00019067895589,2324.80785819755,1610.52115010849
"nu[23,1]",3.5087207758,3.5067852,0.146941316831783,0.14966884065,3.27060315,3.746655445,1.00106538735507,2495.68948367997,1476.68234132717
"nu[24,1]",3.3162679909,3.31987635,0.143297657556981,0.1425571791,3.063072475,3.54527078,1.00161177904291,2436.19619103601,1675.68318299952
"nu[25,1]",2.187690769,2.1903894,0.0975177117279145,0.0952299925499997,2.022753005,2.34588136,1.00178158888398,2420.08751412454,1573.65367885298
"nu[26,1]",2.57662284115,2.57871385,0.109846134813551,0.10813973205,2.39385442,2.753892705,1.00036929033875,2551.53402907546,1483.19159890487
"nu[27,1]",2.08068546825,2.0810768,0.0888967550276988,0.0909634403999999,1.93291602,2.226771715,1.00109856018306,2923.01145037984,1129.61047589
"nu[28,1]",1.39231730375,1.3917637,0.0808184815307659,0.0814797671099999,1.259171965,1.523427215,1.00403446364639,2756.45362525507,1561.9846815577
"nu[29,1]",2.6790217135,2.68076975,0.123060604888647,0.121782394859999,2.474913255,2.87860173,1.00452764537093,2235.11658680563,1365.79983649947
"nu[30,1]",1.8665210022,1.8694683,0.0846329947698595,0.0882357529199999,1.72251626,1.99965187,1.00060844860597,2557.26019918825,1538.24428997302
"nu[31,1]",2.39042117495,2.39237395,0.0998724878322785,0.0984588729600001,2.22260494,2.55703115,1.00092309095349,2326.34208930219,1450.25381850843
"nu[32,1]",2.1064445128,2.1065299,0.0917330802369602,0.0893915878799999,1.954090245,2.25850906,1.00027905407604,2502.36105680238,1574.35061260991
"nu[33,1]",1.78308687015,1.7852369,0.077187188762906,0.0768597631199999,1.65186841,1.90744375,1.00020387267405,2323.44021798592,1461.99817410186
"nu[34,1]",1.61023565485,1.61094825,0.0799662182832776,0.07893266031,1.475741085,1.737662955,1.00281393239338,3064.87559914638,1625.26680839193
"nu[35,1]",2.7609718315,2.76539165,0.112407368734048,0.111389813639999,2.576627355,2.94332628,1.00094296748627,1976.70279075025,1524.71934963796
"nu[36,1]",1.7673142635,1.76978895,0.0930055273026193,0.0916742729699998,1.61352619,1.919270125,0.999281510463511,2387.82260376716,1611.8759737426
"nu[37,1]",2.67117904065,2.6712762,0.095661125330143,0.0916444727100003,2.50951983,2.82672557,1.00098632362895,1810.32158835959,1236.04697699629
"nu[38,1]",3.60592433525,3.60776845,0.15090398602179,0.15332485812,3.360232215,3.854726,1.00027851388206,1890.25860283808,1534.8505811428
"nu[39,1]",3.99097751605,3.99161045,0.171734336808368,0.16829459619,3.700825305,4.26987115,0.999952778580546,1520.31676286227,1413.73001383756
"nu[40,1]",2.1598846603,2.16263525,0.0956550857267507,0.0955907091299996,1.998703575,2.3123889,0.999300985063846,2293.80626883669,1464.79714316671
"nu[41,1]",2.0877258582,2.0921384,0.113157254052066,0.110286610980001,1.89648371,2.26788148,0.999545458496838,2501.81482679239,1690.0222587133
"nu[42,1]",3.0967133351,3.09705055,0.118561821086127,0.11958955533,2.902655335,3.28489651,1.00071046727201,2122.71759463174,1640.82337025565
"nu[43,1]",3.0083698075,3.00700145,0.125161562482643,0.11844187467,2.7998405,3.21911142,1.00127066841659,2229.92817852896,1200.7971116784
"nu[44,1]",2.65962183665,2.66012975,0.111654430012097,0.11097105327,2.47130826,2.84114252,1.00302551499816,2939.74992561818,1668.98237692533
"nu[45,1]",2.36523341995,2.3662797,0.100604538781648,0.1017760422,2.19442471,2.525543925,0.999808371595279,2209.92352344181,1751.59565787998
"nu[46,1]",3.1501471914,3.15238785,0.1173938209181,0.11762221926,2.95278859,3.336070915,0.999847559994668,2507.64457613296,1501.86145136377
"nu[47,1]",2.7347585638,2.73069675,0.136178143640654,0.14124500397,2.51167154,2.95443472,1.00055868167585,2538.41314250073,1641.46031480823
"nu[48,1]",2.82791108395,2.82624465,0.117799115724232,0.11917383429,2.63017347,3.02332603,1.0001140237846,2711.14798218745,1595.29047964363
"nu[49,1]",1.72000834795,1.72280995,0.0716376921235177,0.06932326254,1.595238335,1.8324378,1.00164366743079,2295.22272884866,1626.85668919351
"nu[50,1]",2.1332588677,2.1377276,0.0860927354431308,0.0888887640899998,1.989455815,2.273030165,0.999477406227096,2162.72808585369,1335.2158831392
"nu[51,1]",2.4081743931,2.4137817,0.106479495464442,0.10671917886,2.23278962,2.5780555,1.0000634419648,2308.70786790133,1602.5709391766
"nu[52,1]",2.4118276785,2.4154552,0.10467710145215,0.109397792279999,2.236703185,2.57459378,1.00198529394015,2593.26021813755,1582.48236789233
"nu[53,1]",3.46452872425,3.46775375,0.147872752934626,0.14436083613,3.218342025,3.70439894,1.00762927843568,1989.14850653667,1229.87732160855
"nu[54,1]",2.1751342255,2.17539335,0.0976202610211736,0.09971515407,2.009448935,2.33464974,1.00217042599383,2122.79464509823,1396.35552396147
"nu[55,1]",2.72613879795,2.72670755,0.116277554323302,0.1135938468,2.537960755,2.911816395,0.999632019646586,2393.69536561957,1467.04376226791
"nu[56,1]",1.19914736604,1.1982765,0.0787033423656158,0.07863947616,1.070330875,1.3264301,0.999918841028891,3053.90493341274,1565.60777302152
"nu[57,1]",2.64068185745,2.64120625,0.113992736387813,0.11178055287,2.449599145,2.82412129,1.00103861037372,2789.35535584903,1480.42434537193
"nu[58,1]",2.11568929715,2.1192815,0.0880793657855406,0.0852350446500001,1.963003705,2.259144855,1.0012888119905,1848.33722085243,1519.53224538833
"nu[59,1]",2.25232301265,2.2508713,0.10867799702482,0.11057616276,2.065792915,2.430284215,1.00062573490832,2529.68365435491,1671.4417224334
"nu[60,1]",2.52763336975,2.5319751,0.104011134872844,0.1047293814,2.349239495,2.68837411,1.00046892565167,2677.92440943258,1420.57131207504
"nu[61,1]",2.0540431391,2.0517547,0.110697120471478,0.10939927488,1.87166996,2.2381701,0.999795891783748,3271.13064669634,1610.31296163706
"nu[62,1]",2.47229616815,2.47262275,0.107541731308667,0.10342135755,2.289759165,2.64316185,1.00227129290959,2987.36460373333,1608.02720431062
"nu[63,1]",3.07580816885,3.0786322,0.120612330980251,0.12226120053,2.87866771,3.271879575,1.00112594203712,1879.17255406984,1622.54286958656
"nu[64,1]",3.41745740265,3.4176239,0.150514878502617,0.15415029567,3.17475355,3.659065235,0.999329462828278,2406.15332245269,1654.86819238027
"nu[65,1]",3.5671247403,3.5686403,0.14950637802301,0.14849662296,3.324241865,3.808527515,1.00118248605377,2265.76703250568,1694.12651921271
"nu[66,1]",2.28022972545,2.28260845,0.0916289181265316,0.0949777281599997,2.12293479,2.42609868,1.00058829882041,2123.40772036601,1534.34020022322
"nu[67,1]",3.0661917033,3.067343,0.112224468748398,0.10943078013,2.878342035,3.24374389,1.00116156701065,2207.9861580114,1385.70363014521
"nu[68,1]",3.6314237159,3.63121405,0.17110415641504,0.17902446891,3.340201375,3.90367185,1.00015218117702,2341.82550639993,1555.44246910039
"nu[69,1]",3.79200524575,3.7905864,0.157261329089435,0.15600866064,3.536184205,4.05112575,1.00147484094438,1820.29997596981,1502.26170022104
"nu[70,1]",3.0372992917,3.041694,0.130583709538976,0.12990274332,2.81515395,3.23898908,1.00102385892312,2063.0255474519,1564.36319940907
"nu[71,1]",2.7304249387,2.7338499,0.124929743222174,0.12433713705,2.52273511,2.927645805,1.00263387273203,1736.73935960353,1306.55339080322
"nu[72,1]",1.89274554055,1.8956454,0.0916630411495999,0.09114587433,1.738001685,2.03915716,1.00064497365198,2676.40112853675,1438.83857402477
"nu[73,1]",2.81950866385,2.82361855,0.115494104677933,0.11640389271,2.6209766,3.006923455,0.999475183703264,2189.58518144407,1615.82736449548
"nu[74,1]",2.05341264005,2.0530899,0.0948163644889808,0.0927218039999999,1.896763165,2.20840993,1.0021905077101,2410.72973667055,1455.09763108108
"nu[75,1]",2.8703753052,2.87141815,0.116745470518131,0.11654103321,2.67956545,3.053286605,1.00136176490685,2580.76127196392,1609.06520511561
"nu[76,1]",2.8801045839,2.88382005,0.13192488307991,0.13062691929,2.658251725,3.084383725,1.00218207012906,2314.78760732065,1573.56683331182
"nu[77,1]",3.34443512115,3.3457235,0.144878598997433,0.1410975594,3.09305678,3.576620205,1.00053964982337,2048.00030938207,1596.04913799551
"nu[78,1]",4.49875423625,4.50712525,0.20292074154208,0.2070984636,4.160071315,4.83154484,1.00135492772387,2095.07900365286,1413.55477143617
"nu[79,1]",1.4029297633,1.40437585,0.0778274103519175,0.0779533288799999,1.27550657,1.52881811,1.00061542913958,2675.16521941916,1814.00345453793
"nu[80,1]",2.93710695745,2.93987325,0.129695090513122,0.13009355394,2.71585365,3.145236165,1.00208277043275,2434.13138312455,1487.87468769604
"nu[81,1]",2.5124842032,2.51566145,0.113523775477894,0.11914106883,2.32111919,2.68653257,0.999998636853565,1890.46230331002,1611.35455955958
"nu[82,1]",3.3199548084,3.3207867,0.123423362980012,0.12246468738,3.11927402,3.521789655,1.00015109022963,2243.48900802325,1468.97455812684
"nu[83,1]",4.1030792913,4.1025478,0.171721894224874,0.17248842681,3.822112415,4.37867968,0.99976698597857,1580.3092640952,1601.18288532764
"nu[84,1]",2.1935889371,2.19591315,0.0938688448292288,0.09301973247,2.037487525,2.339991545,1.00025923695256,2854.30526565572,1429.31621939834
"nu[85,1]",2.7701555799,2.77342615,0.105734165159744,0.10484042814,2.59543577,2.941635345,1.00298785569357,2240.52434469907,1346.88542966472
"nu[86,1]",2.7379409319,2.7381434,0.101077489982355,0.10068366252,2.57530105,2.90037341,1.00092159259134,941.921389652046,1279.7161639234
"nu[87,1]",2.16936797275,2.17328895,0.0884447564768348,0.0855042848100003,2.02337168,2.318807795,1.00340024515077,2517.70424867178,1482.06439029549
"nu[88,1]",1.391049876,1.3918082,0.0762364261187653,0.0738041986499996,1.26726679,1.515391835,1.00059658680695,2987.57286740074,1547.59345676112
"nu[89,1]",1.76531814795,1.7668636,0.0779170673766904,0.08000391294,1.638970375,1.88963675,1.0004672678484,2395.8493365867,1555.46289200153
"nu[90,1]",2.6007263709,2.60032415,0.100888751467491,0.0988162536899996,2.433911235,2.76298809,0.999933331278024,2765.71201712729,1823.06896272508
"nu[91,1]",2.9493330184,2.9521575,0.118363604333963,0.12413987712,2.755099755,3.14065692,1.00088650308895,2408.75182002209,1662.6668409278
"nu[92,1]",1.85413324845,1.852985,0.0904595152019042,0.0910413510299999,1.70819669,2.00127721,1.00030250617693,2480.91453649865,1555.89747568431
"nu[93,1]",2.7741471741,2.7762001,0.11286636539898,0.11291748468,2.58420433,2.951422275,1.00413948268564,665.710698451397,1600.9268554849
"nu[94,1]",3.18489695415,3.1869173,0.116636034829519,0.112980939959999,2.981825635,3.368613485,1.00133956031247,2329.51416396249,1652.71975073736
"nu[95,1]",2.23108084575,2.2327102,0.104369721779803,0.108173387070001,2.047967245,2.399439025,1.00066771968837,2115.68649443115,1102.28032885652
"nu[96,1]",1.352127731925,1.3531807,0.0939829479086978,0.09485800821,1.200310575,1.50787945,0.999936202352697,2548.46322200064,1505.97623410026
"nu[97,1]",1.91140899815,1.91282255,0.0876271721389592,0.0877840047,1.765803385,2.05524384,0.999783037377035,2245.87067257656,1662.28117441529
"nu[98,1]",2.89628964435,2.90000715,0.128701848828148,0.12545820504,2.67154966,3.102008735,1.00012309118464,2131.89709584446,1460.34838375293
"nu[1,2]",0.9571970017,0.95943302,0.161893078486836,0.169647453864,0.688208268,1.227790665,1.00082933268031,1848.23521641913,1610.56462649949
"nu[2,2]",0.595310863424,0.596183505,0.178327405466406,0.178456425546,0.3058601695,0.8818568055,1.00078747546997,2334.45941456749,1478.86654407446
"nu[3,2]",-0.060518340373325,-0.030385628,0.278519193711088,0.269102063223,-0.5579496065,0.3396106335,1.00116295476689,1830.57565474704,1082.6331582823
"nu[4,2]",0.91556320958,0.91722763,0.182877547246363,0.184503224472,0.6059713445,1.212151995,0.999364778409008,2139.67141944676,1475.10103088943
"nu[5,2]",0.5844536970475,0.5822465,0.166158804630139,0.168746299932,0.308063747,0.853921933,1.00071186714705,2047.63368294995,1753.09662688925
"nu[6,2]",1.0675147675,1.07125025,0.177255729977695,0.184883392764,0.768670608,1.347688735,1.00033188364345,1423.95282791936,1288.46098421374
"nu[7,2]",1.36264857398,1.3679874,0.165870686374988,0.17157633129,1.087891625,1.62718275,1.00291691015326,2229.59728859072,1352.25600559941
"nu[8,2]",0.36724729862494,0.378625055,0.18600676042202,0.176984885742,0.0538724912,0.6485843455,1.00022804407949,2260.48813456558,1432.58309610713
"nu[9,2]",1.08073278252,1.0810543,0.176578856530047,0.178161187995,0.783923609,1.366011185,1.00101833472048,1932.99343324842,1389.71647793087
"nu[10,2]",2.58622207435,2.59560645,0.296897143281725,0.29999187855,2.083400815,3.06680118,0.999567442951024,1311.94416770931,1410.06520555751
"nu[11,2]",0.85121041774,0.85096932,0.2479297269741,0.250325534676,0.4444262765,1.260020575,0.999447226872226,1322.14024889727,1403.82005577691
"nu[12,2]",1.721627693,1.7235696,0.128909870502208,0.13126599402,1.50163227,1.925063665,0.999780004469654,2752.09608747921,1649.65221760863
"nu[13,2]",0.21069618584013,0.204844675,0.219017972420962,0.2117603428857,-0.130981105,0.5865144665,1.00825602212239,183.014828004623,744.277839411977
"nu[14,2]",0.151056366149813,0.17957336,0.20469923751181,0.1697267929791,-0.2240843375,0.436106567,0.99992825610724,1767.69764579012,1275.83995605588
"nu[15,2]",1.331513694305,1.3361269,0.128957462369976,0.12761012481,1.11257033,1.5322358,1.00036308846407,2269.93416575678,1559.8408444638
"nu[16,2]",1.28177494854,1.2821262,0.125877369766533,0.12058816056,1.064898165,1.485914305,0.999262169170163,2418.76074462423,1485.18031380431
"nu[17,2]",1.305980149895,1.306301,0.160751267838057,0.15641348457,1.04032697,1.57289811,0.999638243355363,2273.10933671772,1451.43564741146
"nu[18,2]",1.778190365,1.7821737,0.13720836938896,0.13409857545,1.55415338,1.993342835,1.0001150042174,1957.76294713444,1272.24478971464
"nu[19,2]",1.408871177865,1.411418,0.128869314852556,0.13266549429,1.18965459,1.61370154,0.99973465867512,2552.91426065357,1714.17697142545
"nu[20,2]",1.5105618393,1.51279095,0.139712925779584,0.14141009148,1.27400351,1.733751485,1.00365072873973,2393.33169994787,1690.00326111613
"nu[21,2]",1.493015108545,1.49674975,0.140557783900048,0.13756593207,1.24654879,1.71373714,1.00052544192997,1819.60679235877,1523.24196977243
"nu[22,2]",1.851696182165,1.85105035,0.213736892928316,0.20798468775,1.492727435,2.221305725,1.00076831109597,1655.61621069156,1317.86072382188
"nu[23,2]",2.02455169445,2.02830885,0.140272450716724,0.14057257074,1.78710944,2.2465517,1.00458938309801,2784.95544930273,1580.94984298613
"nu[24,2]",0.776481654055,0.777667935,0.134012903743518,0.138646799361,0.5603041795,0.9929918435,0.999284561775303,2390.82644004259,1681.39397642248
"nu[25,2]",0.86698882846,0.86565843,0.155160018925504,0.155742422745,0.611566169,1.118239085,1.0012060848509,1725.40495939294,1243.80610950059
"nu[26,2]",2.1459317009,2.1514062,0.149408779911908,0.14627294535,1.900177785,2.388932885,0.999986172873237,2499.39668852583,1507.15894357293
"nu[27,2]",1.31686099139,1.31627525,0.201628991251226,0.20169038358,0.9872644075,1.650789035,1.00284570848321,2225.51188166781,1443.99672197858
"nu[28,2]",1.164321659525,1.1627627,0.205660351402876,0.20817438642,0.8160902825,1.493166945,1.00046819475273,2120.971068657,1757.48800766181
"nu[29,2]",0.881428779982933,0.88999799,0.290861883702291,0.291021570336,0.383940308,1.34018969,1.00204340176139,1833.72310360883,1747.16397596799
"nu[30,2]",1.28635613036,1.2932445,0.163660597264041,0.16281698223,1.00291645,1.548297675,1.00012077931925,2186.97140996762,1384.34432077948
"nu[31,2]",0.981892876185,0.98199154,0.239039744327048,0.242029535181,0.5798571375,1.367009815,1.00056084054227,1391.18722222904,1360.46187059243
"nu[32,2]",0.982603476945,0.981588615,0.19514974975463,0.188030641218,0.650066718,1.29842226,1.00025942521676,2327.18334893827,1573.76948919146
"nu[33,2]",0.304173349857715,0.321014225,0.296221322778042,0.285944362158,-0.209284344,0.7495163115,1.00125181342924,1716.67586956952,1663.4140551028
"nu[34,2]",0.39174188116247,0.402972945,0.242296761631096,0.218058628578,-0.04499094865,0.7629803305,1.00025140347633,1930.8796073904,1209.5847043972
"nu[35,2]",0.269031907441465,0.27888793,0.161350738459761,0.152353503078,-0.01263579675,0.5182421415,0.9996700230021,2249.12338782778,907.26484127175
"nu[36,2]",0.5460194289048,0.567122115,0.264508644404597,0.238820484546,0.1097630105,0.94550501,1.0001127800894,934.371925058479,549.390291262676
"nu[37,2]",0.20930166581953,0.21647967,0.141368284477982,0.130950630174,-0.03710472015,0.4223598225,1.00306493014498,2324.38661188536,1266.27467394262
"nu[38,2]",1.024377299995,1.0244107,0.115417676584901,0.11586874824,0.840278786,1.212620765,1.00102864084417,2139.90743796528,1692.49505342465
"nu[39,2]",0.973562715635,0.975824535,0.129573820802698,0.129235076649,0.757821063,1.18171986,1.00046325636713,1928.74317479254,1753.12413109445
"nu[40,2]",1.03643400793,1.0349509,0.159300428107731,0.161377807584,0.766700258,1.29642319,0.999819344230034,2192.86190965264,1637.29624850551
"nu[41,2]",0.48890052937605,0.4984551,0.220251147884331,0.212417698815,0.121688232,0.8184914965,1.00464366882688,1971.08418737425,921.806567254457
"nu[42,2]",0.93749941825,0.93813508,0.174038283027585,0.18023175009,0.6455815155,1.223278335,0.999715280121823,2242.41983055948,1446.42012356027
"nu[43,2]",1.14507197581,1.144361,0.158342171938161,0.16174491417,0.879462886,1.403500455,1.00146007842481,1843.29656955957,1585.66829480931
"nu[44,2]",-0.0057976007240885,0.011424036,0.178323469153824,0.1628448017364,-0.3311143425,0.257314029,1.00086639100285,2033.53382367231,1212.7085055068
"nu[45,2]",0.145825895501176,0.166080165,0.300066553651654,0.2823165985962,-0.3660502835,0.602579659,1.00380701175122,1739.32367738252,1199.53649515817
"nu[46,2]",1.205661220795,1.20715425,0.127781381751629,0.12989125317,0.9942223275,1.41007989,1.00116241472163,2254.43378718662,1591.23164830403
"nu[47,2]",0.945773984325,0.940737205,0.196581364277254,0.199555061517,0.6259538375,1.274444195,0.999924347526003,2149.04649376915,1718.16347544272
"nu[48,2]",1.030592890015,1.03060835,0.117330545666003,0.120938076399,0.838939546,1.21653347,0.999799777593604,2251.44943499575,1559.47087847457
"nu[49,2]",0.643040881142,0.64601308,0.155239781322012,0.153501524736,0.387590371,0.890773148,1.00258179311647,2117.45785860494,1135.22819834877
"nu[50,2]",0.61170710791055,0.61402972,0.174545399838887,0.179310492102,0.321993432,0.891286618,1.00016339468172,1922.88540672229,1456.0312019679
"nu[51,2]",0.8203878279732,0.8217833,0.360654847508258,0.35242343451,0.2558887285,1.424075285,1.00080229354797,1412.5469894718,1446.21264883282
"nu[52,2]",0.0854074459902065,0.113129065,0.301266747046834,0.3083795353422,-0.4351822925,0.5452160085,1.00366719521643,1250.11642725701,1376.27421606439
"nu[53,2]",0.69223733619155,0.705321595,0.236892096837844,0.235783815813,0.302783209,1.061320905,1.0021461467474,2114.23832602315,1499.64306042095
"nu[54,2]",0.80285751411,0.807768485,0.173795701513439,0.168036823941,0.515047459,1.0846601,1.00040466947956,2435.08374509625,1491.47994150596
"nu[55,2]",2.0958835385,2.09235705,0.181596432125786,0.18513411525,1.792252185,2.3931879,1.00034042046726,1925.46950371403,1733.98278532465
"nu[56,2]",0.3270332005442,0.34706548,0.303665034693609,0.262477732293,-0.2371345875,0.7808072305,1.00314035719662,1490.26494898221,1314.71201226472
"nu[57,2]",1.44332611292,1.45113105,0.167508354018306,0.17074222053,1.15860224,1.710099095,1.00242149991856,1802.17615578139,1657.07180785647
"nu[58,2]",-0.38357111642777,-0.34559002,0.33575831796481,0.350388514119,-1.003156035,0.0941760375,1.0008026255056,1557.59196260675,1368.04721537631
"nu[59,2]",0.116436353914063,0.133544835,0.28275507903194,0.2764894639101,-0.3726907995,0.551523138,1.00184439058955,1843.13262851359,1656.74933296184
"nu[60,2]",1.34994599472,1.351899,0.209422811607716,0.21490316652,1.012163295,1.691294435,1.0014823706739,1811.38285197801,1747.3267768683
"nu[61,2]",0.903932747625,0.902545485,0.167048775899084,0.167990018259,0.6275468405,1.178545885,1.00190136231347,2176.22519416028,1244.62285547891
"nu[62,2]",1.04128741934,1.04318985,0.13501215791577,0.13699794801,0.8210514045,1.26275515,1.00002099587891,2863.30474396487,1686.21450830904
"nu[63,2]",1.37801069846,1.3759038,0.143661534349212,0.14503119372,1.14707425,1.60854397,1.00032493076536,2302.23874375487,1429.8508599542
"nu[64,2]",1.361911990405,1.36650855,0.182275364023986,0.1862872074,1.059652825,1.65923166,0.999598103164331,2223.69249038522,1399.54460141054
"nu[65,2]",1.27599865222,1.28370545,0.176950953037038,0.18035317503,0.982303753,1.560135945,1.00115260480786,2120.38382744062,1404.28150502166
"nu[66,2]",0.6339337678445,0.639870395,0.186301978851146,0.18592004151,0.3237622285,0.928647317,1.00398357257586,2003.6959445754,1425.28060569755
"nu[67,2]",1.079647792905,1.0824932,0.119651420292462,0.11921104755,0.8762101035,1.26913555,1.0005234690019,2195.6650880018,1344.24775498616
"nu[68,2]",1.92069407745,1.9256393,0.139694800713059,0.13668689853,1.689254135,2.145596595,1.00310678373948,2371.9007907868,1611.77165805799
"nu[69,2]",0.147082601038865,0.197654445,0.2342893772287,0.1815801280881,-0.331634444,0.444476737,1.00439534771739,974.414238876583,1179.37113783497
"nu[70,2]",2.4107178014,2.4108073,0.152307533264175,0.15538300344,2.164216685,2.66295538,1.00073108832356,2257.9445769029,1609.88301980674
"nu[71,2]",1.466426929415,1.4710362,0.191128892708124,0.19111203258,1.137199265,1.76595921,1.00347259056763,1048.47174120699,1135.75194359405
"nu[72,2]",1.004349211345,1.004409,0.180746730398602,0.181156025169,0.6995697465,1.28896065,1.00042530547074,2492.12368760148,1683.17751318269
"nu[73,2]",1.003567643925,1.0048119,0.178863408113113,0.176739619224,0.700524668,1.299997605,1.00004865080509,2095.47974528528,1569.38392203452
"nu[74,2]",1.35584894986,1.35869595,0.184793623387966,0.18587274657,1.043132835,1.65748312,1.00231723593338,1855.63113800234,1411.49203395402
"nu[75,2]",1.99402184495,1.99787795,0.138762665066974,0.14018094195,1.765426635,2.215589925,1.00234263921452,2341.67235338004,1522.4795279257
"nu[76,2]",1.7747389729,1.77994965,0.199665238670096,0.19860946665,1.431480045,2.09793868,1.00064253366897,2091.40132675108,1662.36066712345
"nu[77,2]",1.164637852065,1.1714384,0.22782665146444,0.22922708403,0.77461189,1.52516924,1.00230126871733,1513.43372812928,1615.7195347023
"nu[78,2]",1.232296777475,1.23667145,0.11241984938797,0.11088610029,1.048555575,1.41740943,1.00122172210343,2488.12308189288,1642.41298168104
"nu[79,2]",0.905156683365,0.912255045,0.233229169764259,0.239319579597,0.5133778895,1.28605174,1.00102533725097,2182.15621625993,1573.04001201549
"nu[80,2]",1.7130929698,1.7106229,0.162502666192154,0.15795116316,1.44774756,1.98125064,1.00052549147718,2230.28252452512,1627.16869430401
"nu[81,2]",1.8067647017,1.81119975,0.214881527461701,0.22587952149,1.461421915,2.163888455,0.999514471445187,1265.28549524828,1600.14189815928
"nu[82,2]",0.5211959244995,0.523095535,0.15498929419395,0.149729894118,0.269063524,0.768748259,1.00033241008919,2562.46209772077,1442.67171970297
"nu[83,2]",1.15769320041,1.16293325,0.0991766160714591,0.10052939799,0.989909053,1.313294745,0.999336982321074,2406.2596593404,1784.10697210042
"nu[84,2]",1.522750322945,1.52764505,0.148675170477027,0.15068686794,1.28668478,1.75675091,1.00311611658456,2623.35861161088,1638.51515316701
"nu[85,2]",0.791511172085,0.788605975,0.13862337931224,0.140545676376,0.5786258245,1.02485316,1.0003253333075,2742.88351416934,1671.14270335199
"nu[86,2]",0.403900887705655,0.40848063,0.146162922665331,0.146645122428,0.1628858145,0.6365185515,1.00596396034982,265.028078993219,1474.87287283791
"nu[87,2]",1.236892144835,1.234791,0.218492306388029,0.21719474721,0.879571955,1.592072655,0.99976796251746,1718.64177581087,1633.23229603651
"nu[88,2]",1.9198526509,1.92328005,0.202965746897393,0.20532949941,1.575371445,2.25319494,1.00336816343446,1630.38626065806,1451.99797564527
"nu[89,2]",1.291719414245,1.3011197,0.179153873838372,0.17399674992,0.9901682085,1.572605125,1.00008812537452,2079.33902408811,1695.68891990114
"nu[90,2]",0.944573012305,0.947382445,0.148944052278415,0.149078284005,0.6972043155,1.18314062,1.00129078719245,1993.28317134888,1369.97217407511
"nu[91,2]",2.34772169325,2.3571611,0.177407730224299,0.17458793667,2.04806997,2.626574575,1.00079894265428,2553.93948378802,1791.78197749896
"nu[92,2]",1.56820828026,1.57387745,0.168429833387083,0.17060804523,1.2776994,1.836817905,1.00155472183761,1710.44262492849,1340.07629913096
"nu[93,2]",0.76977417967,0.770013545,0.168399687519698,0.165802827435,0.494143321,1.042025585,1.0017459339863,1150.96393098875,1221.91475808999
"nu[94,2]",1.73354685195,1.7352942,0.14139380971882,0.14303487282,1.49532588,1.95741242,0.999936973051302,2251.70619081805,1381.7975989278
"nu[95,2]",1.56831978354,1.5646012,0.187019280904784,0.19084427502,1.26955251,1.87540791,1.00159378652337,1868.91295465522,1583.38401864492
"nu[96,2]",0.47016820632715,0.48356065,0.223023136839809,0.200744966625,0.1219446805,0.8174681075,0.99968109046523,1640.01604418387,905.209322235895
"nu[97,2]",1.143358240635,1.15128955,0.188818799026588,0.19082366688,0.825788516,1.438639265,1.00151030938868,1826.34747060576,1271.30058977391
"nu[98,2]",1.9505905576,1.95331715,0.187456436103459,0.18006732975,1.64047566,2.250271765,1.00062582731364,1947.98608289374,1427.13710982931
"nu[1,3]",0.62794386296,0.629202335,0.0869769339336452,0.08676946152,0.4779329935,0.768056747,1.00245273094611,3287.45420107382,1633.93769041433
"nu[2,3]",0.940775395425,0.94081654,0.0794621382647923,0.0804995164680001,0.8148281405,1.07223989,0.999670133254782,3334.69165479935,1529.91462457934
"nu[3,3]",1.224769135455,1.2238712,0.0773862384827458,0.08032548888,1.09795283,1.351958525,1.00135166473721,2725.30282904204,1294.14951286946
"nu[4,3]",1.05730637528,1.0591259,0.0764188469515481,0.0779321277,0.926828671,1.180366325,1.00061018892484,3196.70938992684,1586.09651830408
"nu[5,3]",0.656099802255,0.65403577,0.0896377910629695,0.089333240157,0.5052244935,0.8016764905,0.999240461270299,3269.01873029622,1562.06593338464
"nu[6,3]",0.718757976035,0.71942288,0.083493146348005,0.0846694846409999,0.5834826135,0.853410199,1.00219613037286,4138.58633870989,1371.66259193845
"nu[7,3]",0.560894212595,0.560969595,0.0866454152189939,0.0883633751279999,0.4154593945,0.698919353,0.999385152481858,3194.78675918686,1466.85236838345
"nu[8,3]",1.30353730575,1.30404265,0.0827898680566713,0.0845885569200001,1.16653204,1.43803421,0.999679679222906,2673.34607378452,1385.25282553086
"nu[9,3]",0.3849893496595,0.38571462,0.10122132935741,0.096903499539,0.219074293,0.550353538,0.99936289123331,3615.50377175778,1500.45416893265
"nu[10,3]",0.876771325515,0.87617519,0.0895290999611691,0.089547149685,0.7335062125,1.023973915,1.00249427798624,2752.95464895744,1211.2492098031
"nu[11,3]",1.5192286317,1.5183065,0.095617912833062,0.0969140037600001,1.359772805,1.679284145,1.00151878749462,2567.34241361144,1672.80858134995
"nu[12,3]",-0.30733070469101,-0.27715229,0.329918582505174,0.3655718014452,-0.8900812705,0.1444945545,1.00129362411598,1175.70217525813,1748.7945576634
"nu[13,3]",1.35467665975,1.35715095,0.0786749118144881,0.0774625882800003,1.22304619,1.47845341,1.0001962594888,2385.65273696947,1176.10601677826
"nu[14,3]",0.86711257315,0.866855875,0.0753258992211185,0.075298125714,0.74536817,0.989525136,1.00033281371932,3065.71561287595,1691.30383260845
"nu[15,3]",0.40420098807,0.40296412,0.0787102631148508,0.0810958849050001,0.272534632,0.5340309,0.999941871886734,3392.68639886871,1427.3923193356
"nu[16,3]",-0.338995831151142,-0.30643396,0.25290510146576,0.265322915823,-0.804673081,-0.00324892531500002,1.00044603783811,1922.74776665112,1501.93585091419
"nu[17,3]",0.52897565044,0.52811718,0.0714774967951273,0.067735279332,0.4134491495,0.6450865685,1.00084201625965,2987.71970430071,1476.29892050853
"nu[18,3]",-0.041043803046589,-0.017037106,0.139838910433503,0.1132728431436,-0.306962836,0.149730628,1.00151529553738,1299.25362599935,1098.55820408355
"nu[19,3]",0.361743088737,0.362220195,0.0698328789507291,0.071498296044,0.2459977535,0.472778452,1.00208610089388,3611.06020102349,1424.12479006742
"nu[20,3]",0.089967038172195,0.133000145,0.177306506954155,0.118039482204,-0.285063224,0.2906246645,0.999291758350626,1474.55441273517,1201.80159169055
"nu[21,3]",0.47962772521,0.48053977,0.074911577698802,0.073027486749,0.357928153,0.6039193535,1.00430697324445,3646.69014838917,1508.10666910749
"nu[22,3]",0.84425123226,0.845691865,0.0953679205776451,0.0951374857230001,0.6824716865,0.996517981,1.0005749794563,3185.71594133961,1395.73660566892
"nu[23,3]",-0.395458670006925,-0.352623085,0.280023999853694,0.295269523269,-0.919441791,-0.01866023875,0.999784902531931,1683.58302268389,1232.14508236324
"nu[24,3]",0.53906139331,0.539801505,0.090571925491586,0.090010358403,0.384035695,0.6876993625,0.999958215130648,3542.23413012037,1447.01282059615
"nu[25,3]",0.631699317,0.63295174,0.0848926578169678,0.086267890527,0.490206185,0.7659751405,0.999495887006693,2930.31087221896,1115.91766873854
"nu[26,3]",-0.0658966326522735,-0.027248277,0.18133689616177,0.1615600628607,-0.4038042965,0.1595974365,1.00075331983298,1733.71265895133,1094.02765887427
"nu[27,3]",1.08377172264,1.0851191,0.0788597197334342,0.07846401045,0.9518362815,1.211641715,0.999851929219662,2276.40397764727,1412.13694851153
"nu[28,3]",1.8834318479,1.8863213,0.0946125561066326,0.0914777543399999,1.72794375,2.039569005,0.999501795557947,2776.54153125678,1540.52857556203
"nu[29,3]",1.3990050437,1.40144575,0.100421436570543,0.10022212914,1.22717694,1.55764179,1.00139645538366,3010.49605287616,1540.78493727818
"nu[30,3]",0.746385743525,0.747888245,0.088513130834707,0.086882939724,0.599082064,0.8922344735,1.0010182751538,2907.39513746182,1604.09365266234
"nu[31,3]",1.226855818505,1.22774635,0.0869267114021007,0.0883754879699999,1.08575961,1.36835502,0.999358320178389,2995.32789638463,1456.5100714078
"nu[32,3]",1.120342283515,1.121065,0.089725534723616,0.0929767370700001,0.9741746885,1.26620531,0.999617239656424,3851.68564882865,1634.1429490056
"nu[33,3]",1.25330983575,1.25275715,0.0745701634987821,0.0742758137100001,1.126425885,1.371829335,1.00219439791506,2259.95073775645,1556.18584811643
"nu[34,3]",1.5325304726,1.534125,0.0819852402372986,0.07986610527,1.396986195,1.66503709,1.00004198413966,2788.8074025774,1662.71044353074
"nu[35,3]",0.70712764162,0.708212245,0.0866043597538489,0.086181084297,0.562335373,0.84643167,1.00181880627494,2976.32170841934,1501.11718328183
"nu[36,3]",1.66313402655,1.66471185,0.0912151779020634,0.0892469602499999,1.50590227,1.807399585,1.00080288869297,2585.19206262613,1530.26942761227
"nu[37,3]",1.20847954055,1.20999935,0.0742776723251978,0.0749779730699999,1.085081255,1.3312202,1.00076271899145,2549.16809313514,1377.54950442095
"nu[38,3]",-0.48988989999355,-0.47270663,0.261527360777502,0.27327186831,-0.943004269,-0.0838660625500001,1.000116970046,1328.84167453721,1599.29408720454
"nu[39,3]",0.2000542872895,0.245113095,0.220335463214957,0.120046322151,-0.300770821,0.425512415,1.00879332236717,412.262294797964,216.432630514596
"nu[40,3]",1.171074592525,1.17066455,0.0737442109950208,0.0731757245099999,1.048375315,1.28779562,1.00203749819108,3749.92464111535,1369.94139264219
"nu[41,3]",1.066566833375,1.0678721,0.10303958392735,0.10420817337,0.892992153,1.23380706,1.000031579373,2689.37177896952,1613.70159352014
"nu[42,3]",0.73310670439,0.73538955,0.0760926534964912,0.072939331353,0.6018046985,0.85927666,1.00050178413423,3135.69755814288,1301.41147412306
"nu[43,3]",-0.0961683875659965,-0.0487356585,0.221729988452893,0.2116652778324,-0.5111090315,0.1744251365,1.00059067177381,1634.240495173,970.000707538382
"nu[44,3]",1.00997306459,1.0120716,0.102593646148128,0.101597129445,0.842176491,1.174816465,1.00216341364679,3337.51056457573,1567.20948477836
"nu[45,3]",1.84289618015,1.84257065,0.102605497089598,0.10155824826,1.666448355,2.00236769,1.00036730709256,3135.32248229168,1276.37327456904
"nu[46,3]",-0.14287476359417,-0.10632757,0.164279702139634,0.14948588024874,-0.4583007305,0.06141227555,1.00105611971234,1846.3772394194,1261.54885929968
"nu[47,3]",0.838586394835,0.838315775,0.109407989899442,0.111959747319,0.6575010675,1.016319835,1.00118313599523,3615.3219199789,1756.76112231433
"nu[48,3]",-0.23688736893016,-0.205504075,0.201635413303942,0.2068397543478,-0.615993551,0.02730858965,1.00026394882069,1619.53287195402,1339.74568096399
"nu[49,3]",1.3592153635,1.3589121,0.0823805464239098,0.0819428572200001,1.22357706,1.49291772,1.0005940863047,2834.755564928,1428.3943378852
"nu[50,3]",1.149330819885,1.15351395,0.0749041363178103,0.07577820642,1.019778905,1.267838975,0.99996297901226,3101.35637288851,1485.53768494772
"nu[51,3]",1.89461582685,1.89450055,0.0948464207575487,0.09166404303,1.743021885,2.050748475,0.999500147076053,2414.1603967127,1423.90104278187
"nu[52,3]",1.26095852589,1.2631793,0.0964738540712484,0.0964166655899999,1.10138962,1.416192485,1.0013847234165,3031.70306560907,1313.67221797371
"nu[53,3]",1.1354042735,1.135151,0.0961385670574122,0.0982163937299999,0.979599792,1.29033104,1.00094323143694,3055.55819151624,1365.93124429784
"nu[54,3]",0.87561580498,0.876209115,0.0843576325484283,0.085125095034,0.737381953,1.01036538,1.00007766151857,3234.20657369095,1741.61386081855
"nu[55,3]",0.319631768249,0.319478755,0.0816549129890631,0.082347866475,0.1850412845,0.456199335,1.00203347212922,3558.1522449738,1809.66700975612
"nu[56,3]",1.5352276895,1.53746405,0.0984196399856229,0.10210488288,1.366362645,1.691670465,1.00002418032014,2793.60631283387,1578.19479697672
"nu[57,3]",0.50352695628,0.503565915,0.0872251432735449,0.08676886848,0.3582570715,0.646502174,1.00030832404366,3996.00742909076,1389.33520909872
"nu[58,3]",1.4115830947,1.4111528,0.0745224732718722,0.07660534896,1.28938766,1.53355888,1.00102603160963,1925.13909732675,1485.54800261377
"nu[59,3]",1.307579989685,1.3066092,0.10148077726415,0.10344152091,1.138251475,1.46960473,1.00037515910275,2851.58040433975,1563.23784645065
"nu[60,3]",0.981581285765,0.982699995,0.0930488558977324,0.0952567683059999,0.8269456935,1.132178595,1.00251306623162,3211.72005019421,1643.83051288991
"nu[61,3]",0.60576246637,0.60688255,0.0917506495562074,0.09347540958,0.4567721555,0.753479355,0.999562484361236,3627.64188744699,1745.29559013721
"nu[62,3]",0.25972235631558,0.26101383,0.0802783056679096,0.075646017804,0.136303038,0.384581859,1.00217363367611,3255.58623676836,1418.22657638309
"nu[63,3]",0.103354494450323,0.129458015,0.149317307940384,0.111246802044,-0.190978262,0.2952359955,1.00061517351332,1770.27164641886,1214.77799494147
"nu[64,3]",-0.098326969427655,-0.033921919,0.260687635572398,0.2508955854804,-0.584353465,0.224927098,1.00077682042676,1457.4660630535,1336.17478696291
"nu[65,3]",0.29498095989735,0.308392365,0.120193831172626,0.089420187234,0.129627998,0.448481342,1.00942028196309,985.825974605923,234.739049850579
"nu[66,3]",0.452718092785,0.45291688,0.0863180773349555,0.089855204313,0.316633531,0.596019914,1.00027184670786,3929.99574842828,1481.55095664644
"nu[67,3]",0.30307925525,0.3029138,0.0842857044661742,0.085667400462,0.164979662,0.4437506265,1.00920199604154,2694.15753281653,1485.50249186032
"nu[68,3]",-0.4196854546593,-0.388152605,0.299162430558293,0.329608548192,-0.95454695,-0.00698652208000001,1.0004434952253,1535.38379080703,1441.85278756252
"nu[69,3]",0.293170348965,0.294163565,0.0823379375344323,0.084852667284,0.160118286,0.4260621865,0.99953867849849,2682.61400223099,1413.00473833951
"nu[70,3]",-0.35350849627572,-0.309103845,0.270737289445102,0.279498336117,-0.880910153,-0.00357151048000001,1.00109788800571,1467.87186799666,1070.5192881357
"nu[71,3]",0.0884159555706,0.171181765,0.258430686652574,0.106778594055,-0.4847201315,0.3165903065,1.00499152592565,601.542657490173,559.832617302682
"nu[72,3]",0.80217523325,0.800945075,0.0940910811456847,0.0923089369650001,0.648216742,0.954488291,1.00128229433914,3476.57476990977,1648.8318176324
"nu[73,3]",0.823282287885,0.823239885,0.0922065715971244,0.09161348637,0.6728873305,0.9787240995,1.00013912681234,3054.21352016853,1360.475049482
"nu[74,3]",0.787056249055,0.789795925,0.076486309312671,0.076960854201,0.6595794865,0.9121204385,0.999830481310959,3795.92962567544,1665.27774575215
"nu[75,3]",-0.127516653886315,-0.0910612285,0.18384811080869,0.1749032286099,-0.4764694015,0.1132452105,0.999571423908822,2076.73007875308,1396.34400780838
"nu[76,3]",0.32353248349,0.325421575,0.0906597637822218,0.091098156849,0.1800160105,0.468287825,1.00062117995615,3441.64581127675,1584.88956263564
"nu[77,3]",0.384135070054,0.384944425,0.0942923222539512,0.095452523397,0.2349864825,0.541665258,1.0037366731489,3744.44275165838,1532.981845329
"nu[78,3]",-0.560297966019909,-0.535762995,0.32955480515702,0.347089944096,-1.15624038,-0.0703481656500001,1.00106315294128,1618.51419589794,1584.28692554528
"nu[79,3]",1.4672083741,1.4683301,0.0852000428685016,0.08467269447,1.32309835,1.603666215,0.99933291469323,2721.84270722035,1381.647180644
"nu[80,3]",0.04709530948751,0.101721375,0.204745515708708,0.157156081845,-0.3698176275,0.2846179595,1.00179409514542,1544.45695717283,802.00681723631
"nu[81,3]",0.24832129410245,0.25584642,0.104856168608006,0.084167038914,0.1096905795,0.383038777,1.00077094421585,1612.51680653213,707.426744509618
"nu[82,3]",0.37125507332,0.36937216,0.0719155958882829,0.071677327407,0.25611087,0.490151339,1.00072492207573,3931.8032711366,1528.75066633137
"nu[83,3]",-0.345656394619,-0.310282155,0.254863958153029,0.273489743793,-0.811681373,-0.00828366902000002,0.999771432614654,1557.77914228648,1718.41787908041
"nu[84,3]",0.229854373098,0.228067685,0.0618518673620796,0.06200930022,0.1302926955,0.330825692,1.00222476028421,4050.5857719236,1640.34017896138
"nu[85,3]",0.25085311707185,0.255583135,0.112330367010786,0.096308413551,0.07568536565,0.4188906815,1.00145743912175,2596.07193484017,948.954928799535
"nu[86,3]",0.60571788222,0.606122255,0.085474534255357,0.085566783813,0.466900491,0.7410633575,1.00203842346259,2406.96422654953,1564.49860256682
"nu[87,3]",1.07581040289,1.0762649,0.0776420567069875,0.07694605044,0.9455722535,1.201584945,1.00115903881308,2903.02231702301,1522.23051346152
"nu[88,3]",1.4550398931,1.45156555,0.094099027577102,0.09775641708,1.30192418,1.61110703,0.999806304662101,2825.47154776687,1584.48774237521
"nu[89,3]",1.49009393175,1.4925509,0.083813710728853,0.0827792660099999,1.351149815,1.62564995,1.00665724612346,2563.6647971177,1335.91693101237
"nu[90,3]",0.750855903185,0.750096475,0.082193262192779,0.084433202679,0.6167260975,0.887852164,1.00124828829516,3246.62093192027,1563.2886942765
"nu[91,3]",-0.35494704649891,-0.30508022,0.283519918395417,0.289254600243,-0.885215942,0.00989531549499998,1.00133761040173,1282.19562134096,1042.46157650929
"nu[92,3]",1.03170553692,1.0309172,0.0869550803959609,0.0841345329090001,0.8909789475,1.178578255,0.99998373268244,3112.38322136228,1542.5160859424
"nu[93,3]",0.59907701742,0.599876755,0.074715446643225,0.069458223618,0.4781011475,0.719964258,1.00105501348996,2389.92063975068,1334.37290498085
"nu[94,3]",-0.239833927416479,-0.203153635,0.224799759493508,0.226342055625,-0.6574329575,0.0514289624,1.00147613936337,1464.22721296789,1451.19922317713
"nu[95,3]",0.623752132925,0.620787965,0.100252804575336,0.101506772388,0.4656249025,0.7921283775,1.00098020938095,3104.23837158196,1286.35723494874
"nu[96,3]",1.03814363405,1.04018165,0.104957936032547,0.10694490471,0.8638395775,1.21163703,1.00068823355783,2646.86062105217,1418.64874008614
"nu[97,3]",1.49178243745,1.4932303,0.0874607784036567,0.0864787977899999,1.347055695,1.633934125,1.00306201628811,2473.01553724986,1608.67762993474
"nu[98,3]",0.455975059895,0.455876225,0.0916564678842185,0.094208429259,0.303546482,0.6046871155,0.999570103172188,3678.28277761931,1354.46844933314
"nu[1,4]",-0.134456549262383,-0.121121095,0.262426188351815,0.2664720138486,-0.5858528915,0.2716446735,1.00154523202813,1606.85700737536,1283.99548220474
"nu[2,4]",1.457216912765,1.46563845,0.182817975703762,0.17265647952,1.137295305,1.74591905,1.00008432360935,2261.70603390585,1791.21971177222
"nu[3,4]",1.33958295281,1.3432759,0.232708194307175,0.23149657398,0.9431659705,1.708166785,1.00013363253239,2005.9062960244,1411.21951411748
"nu[4,4]",0.6163445249275,0.62543579,0.222255722489001,0.223640439666,0.244530679,0.9645275955,1.00056880828713,2116.96399592213,1550.31302691338
"nu[5,4]",0.76955115362725,0.77285058,0.18589838745157,0.179395971405,0.4573448295,1.065778325,1.00042922916304,2174.25822183462,1506.56945657283
"nu[6,4]",0.752722107084,0.749438435,0.218527176282334,0.227612406609,0.39791215,1.10175401,1.0013310074658,1952.30098655123,1339.01584384549
"nu[7,4]",-0.390090069183762,-0.378564805,0.268107319607018,0.271345214784,-0.8535106285,0.0265831923499999,0.999914015020318,1711.83272163724,1794.87227436573
"nu[8,4]",0.755855543523,0.759346515,0.236160247232798,0.234092814144,0.36114786,1.144212925,1.00129247315768,1599.24489075256,1604.23547600755
"nu[9,4]",0.243765693732036,0.27173064,0.267708522606583,0.236517895551,-0.252795454,0.640150143,1.00039719481198,1434.6775414515,999.920693303356
"nu[10,4]",-0.9553551369375,-0.96124693,0.386903281164556,0.407431853052,-1.582106165,-0.3208512605,1.00085293294076,1059.7474610232,1165.96571374696
"nu[11,4]",0.64278403098,0.64899778,0.263344709882474,0.254008416858,0.217114968,1.056906425,1.00340137632188,1124.85038975561,1192.65986779813
"nu[12,4]",-0.63380523103203,-0.62677039,0.333481598126377,0.363172973919,-1.18451305,-0.1033274005,1.0007501176716,1500.59322905998,1638.34746427518
"nu[13,4]",1.33917260847,1.3418821,0.149302606739293,0.15045269127,1.089378895,1.578421495,1.00161651865922,852.102015227258,1567.46621017455
"nu[14,4]",0.42455964827485,0.42637937,0.197423854868725,0.183755860638,0.09986386255,0.736526996,0.999917601351902,1940.47512891005,1459.42598610569
"nu[15,4]",-0.620157985262025,-0.621117365,0.287128118702446,0.297909552024,-1.09624619,-0.1462104395,1.00180455221771,1296.64681899734,1483.62739058992
"nu[16,4]",-0.403331567961395,-0.37741594,0.282946717356281,0.295506368619,-0.90481103,0.004732958335,0.999372000801876,1780.04517680451,1337.40812052389
"nu[17,4]",0.0355183449559975,0.062859385,0.220680654404434,0.1980925848468,-0.3584245665,0.350306452,1.00154987641411,1946.97568306641,1501.61254582988
"nu[18,4]",0.355811187112215,0.36267264,0.157321829184149,0.149353506456,0.0945614488,0.593094781,1.00228417421559,1338.86462588363,1374.387689868
"nu[19,4]",-0.031071428427365,-0.00332467535,0.22135855650183,0.20896258898991,-0.425463018,0.292363284,1.00026364127827,1578.17294466376,1121.99145201675
"nu[20,4]",-0.23529347628235,-0.201147075,0.228115850438559,0.2283585495219,-0.654295327,0.06201932525,1.00177130027122,2014.9653114482,1572.93673504677
"nu[21,4]",0.108705602995786,0.147071785,0.216285296157534,0.18549127359,-0.308080647,0.391798303,1.00043891421914,1498.60450597474,1174.2923278155
"nu[22,4]",0.227306874499895,0.27185794,0.282125517228573,0.235891104162,-0.3239108315,0.6237913235,1.00134876942747,1606.39354163002,1355.78479049611
"nu[23,4]",-0.580532011437701,-0.580011065,0.32426500937495,0.335791160691,-1.121331155,-0.0407167164,1.00124998168291,1657.36880417654,1522.63376090875
"nu[24,4]",-0.079730008269782,-0.0585775725,0.25438246240555,0.25879220367,-0.5307984585,0.3138002585,1.0022177596667,1886.06478900419,1482.65041523787
"nu[25,4]",1.00455980818,1.00992135,0.191067602105151,0.18669084525,0.684014574,1.31014144,1.00172046717433,1043.54793551311,1335.19016173961
"nu[26,4]",-0.20086692710682,-0.163782565,0.220439161788653,0.2115974170065,-0.6197177445,0.0961850749,0.999800720450479,1994.88608134739,1367.89328989267
"nu[27,4]",0.02532424135857,0.0442897245,0.233977112149198,0.2279676457233,-0.3870225845,0.3635655815,1.00074705148913,1659.46997313248,1325.88423152411
"nu[28,4]",0.08967547434886,0.10881306,0.246405317418903,0.23851038393,-0.3486418365,0.4716332765,1.00138885134352,1986.45110861383,1627.96323775982
"nu[29,4]",-0.26241496011377,-0.278259975,0.39391145476764,0.4300139081595,-0.9137357985,0.3645428495,1.00110415451371,1192.94512932308,1354.63028407533
"nu[30,4]",0.5056750943973,0.50864351,0.184453527472205,0.177081936738,0.2042987165,0.802374379,1.00244926626534,840.735528562141,820.493230093596
"nu[31,4]",0.033004417394655,0.094348435,0.297424890767422,0.30160650408,-0.5105280235,0.431110956,1.00072435267409,1280.89055965116,1382.99628736518
"nu[32,4]",0.28637683999098,0.300195705,0.224957750867918,0.208954486062,-0.0895199123,0.615128427,1.00277879971229,1541.29447819268,1055.20274821042
"nu[33,4]",1.2458657793,1.24217625,0.245238475237733,0.24280065768,0.85283076,1.64976165,1.00000032485161,1981.36873594627,1530.50741436921
"nu[34,4]",1.01599161298,1.02009815,0.222451263761467,0.219657901785,0.652721095,1.37280154,0.999860164756803,2150.97420442836,1333.04710002008
"nu[35,4]",0.610321398317,0.609910495,0.165522957526134,0.166043979738,0.332327714,0.877239686,1.00153402572068,1607.31591752322,1218.87735825882
"nu[36,4]",0.6116177291511,0.61212008,0.302291205065361,0.2914161495,0.110323048,1.105345345,1.00117150171262,1064.97573236921,1091.2372421789
"nu[37,4]",0.3360603825638,0.344690595,0.148990809812944,0.136086423291,0.0908674046,0.566570848,1.00257147693849,2105.15671099694,984.299256400019
"nu[38,4]",0.511659487257,0.508936465,0.138204520540658,0.136038750288,0.289182137,0.735736803,1.00014039727791,2981.02182440024,1688.79688485998
"nu[39,4]",-0.54351281803198,-0.53106625,0.299300418701604,0.315756823956,-1.060527325,-0.0690239502,1.00458234090674,559.284832302362,1112.80345986201
"nu[40,4]",0.136462996737698,0.160257065,0.239068893151572,0.232884643404,-0.274262859,0.482423412,0.999729904516181,1831.10666419034,1444.82194736236
"nu[41,4]",1.03180444228,1.03037795,0.254947699581961,0.255915055284,0.617189372,1.452011935,1.00044944037561,1595.94076381072,1549.92382333174
"nu[42,4]",-0.19615283600594,-0.17525526,0.254825666264011,0.25003279582491,-0.6350234225,0.1840085955,1.00087267485255,1406.58423950581,1322.39320379388
"nu[43,4]",0.51155106777755,0.517463635,0.142987237055475,0.143493507717,0.2803218345,0.734155306,1.0014682547621,2691.19737077389,1520.99015279127
"nu[44,4]",0.8051910087141,0.80586606,0.186647494656334,0.183569349558,0.505452788,1.114193185,1.00139151222832,2107.28580188822,1355.28587076183
"nu[45,4]",0.214779481355453,0.21710999,0.31665714334543,0.3043484956848,-0.2959070165,0.7266130795,1.00027148836698,1561.10748385724,1278.37476783207
"nu[46,4]",0.246444563670225,0.26619307,0.170365146110266,0.141989743602,-0.0827996577,0.486970064,1.00287865384104,1626.390039094,1076.44217665081
"nu[47,4]",0.051403826220215,0.097434644,0.261937216049401,0.2409324200766,-0.419110435,0.4046351415,1.0009697726749,1424.82931778525,1022.28995352528
"nu[48,4]",0.97423998831,0.97672676,0.152036986729853,0.154122763788,0.722990748,1.221416545,0.999692996007492,2045.77597982097,1675.74212099912
"nu[49,4]",0.640382438306,0.64770855,0.193221441506394,0.188163037398,0.313921183,0.9444946815,1.00023094210541,711.476208660924,1199.83502627968
"nu[50,4]",0.5206453816706,0.524582535,0.174603456291221,0.170725066848,0.2188828865,0.801197091,1.00016002805904,1387.30722805001,1384.577601649
"nu[51,4]",-0.41714442111492,-0.405039065,0.385975051789779,0.404538625869,-1.0623968,0.19005566,1.00057317699725,1191.12872663718,1277.26099942656
"nu[52,4]",0.88699965078,0.889604245,0.219583343067584,0.216905617971,0.5094806255,1.24504157,1.00266642718737,1597.68838698815,1575.79202267486
"nu[53,4]",-0.5922132529695,-0.60356862,0.339687316021068,0.341456041857,-1.14311191,-0.0258519840500001,1.00294983549463,812.116927581037,1532.85373034957
"nu[54,4]",0.7217658803643,0.721081205,0.215857615119516,0.213037099443,0.375909329,1.080770115,1.00064797301586,1968.51839928491,1489.32074437812
"nu[55,4]",-0.54800279894804,-0.53960889,0.281116780843968,0.295945536978,-1.029482405,-0.1060549265,1.00002158670535,1582.73852276198,1566.78442395384
"nu[56,4]",1.520166496125,1.5147166,0.264577823147317,0.25649854734,1.097918585,1.973153075,1.00231080276277,1633.41274524354,1413.4471268383
"nu[57,4]",-0.050259399355087,-0.027877346,0.268629068513808,0.281330066178,-0.518692716,0.333691058,1.00418356720133,1611.51281222047,1166.3857298568
"nu[58,4]",1.486660416515,1.47962985,0.323068313932219,0.33649719705,0.967724451,2.01044333,1.00218506684426,1711.9204951711,1249.10867705951
"nu[59,4]",0.927775074175,0.92624432,0.217683180748704,0.21712054308,0.5666584585,1.280769185,1.00237290213682,1797.20425413842,1308.32394150939
"nu[60,4]",-0.283594707204182,-0.266936395,0.250195526842471,0.2617215936909,-0.727169575,0.0633330694999999,1.00389617621546,1731.54928346649,1184.16507763054
"nu[61,4]",0.96063054359,0.964062965,0.185101188152222,0.191748787041,0.6574736715,1.26939476,1.00049953189252,1642.94269355643,1023.38808525568
"nu[62,4]",0.768939839655,0.77148318,0.143689864734066,0.143246106255,0.5256626345,0.9999502985,1.00150858741494,2263.06289868628,1389.65803505307
"nu[63,4]",-0.136276819940057,-0.106885185,0.189885522755811,0.1842777328728,-0.4768750055,0.1159372565,1.00110842614485,1507.89936181279,1479.16703527694
"nu[64,4]",-0.154378754913245,-0.13005255,0.311610643345379,0.317063802573,-0.690765386,0.3046574305,1.00040161512595,1510.77490889739,1574.14163292071
"nu[65,4]",-0.520071386299245,-0.510681845,0.292346567990117,0.299228873286,-1.011772165,-0.0550645773,1.00173350741528,1443.82750935918,1502.22553762409
"nu[66,4]",1.118261220415,1.12222825,0.157141396282429,0.14991954831,0.8560560135,1.36844772,1.00010629916557,2222.58995675213,1927.07921690733
"nu[67,4]",-0.02792882718141,-0.00804499805,0.18323466075927,0.168969631383,-0.363711071,0.2385316865,1.00033575057851,1513.03926302875,1164.76832541364
"nu[68,4]",-0.565014720686235,-0.5523202,0.327339815524078,0.348442846248,-1.138752305,-0.0499688546000001,0.999796371193917,1626.43676654213,1476.38646282426
"nu[69,4]",0.5138188191553,0.521192875,0.186172919992575,0.178738356762,0.222038324,0.798818393,1.00002106916132,1875.7812283624,1162.60748851471
"nu[70,4]",-0.550284122203455,-0.547218915,0.310867895468681,0.317884962822,-1.0997796,-0.0487596379000001,1.00077058227135,1550.8394703352,1370.32595845961
"nu[71,4]",0.464205829888,0.474506095,0.217771730840023,0.186247169787,0.15259781,0.7865853915,1.00587243560211,744.494173656908,632.301284795479
"nu[72,4]",0.901220714255,0.89808914,0.167932401139115,0.170474477796,0.627826188,1.170617825,1.00144620902331,2418.30583615468,1634.03748535291
"nu[73,4]",-0.100241260041565,-0.078889606,0.259157627110033,0.2380402136637,-0.562517837,0.2975556555,1.00244093740575,1387.55874397574,900.514190084939
"nu[74,4]",0.4441018580756,0.458946265,0.204053264890545,0.184909745979,0.103971831,0.748081709,1.0040329583301,1940.73265610886,948.755279083985
"nu[75,4]",-0.264196946641524,-0.235263305,0.236683003959543,0.2488597881315,-0.698883079,0.0564103568,0.999805665564273,1505.65232531015,1387.40368249568
"nu[76,4]",-0.38860527001746,-0.379266195,0.32031767726518,0.312383812587,-0.939635956,0.129365881,0.999878671633806,1577.08218372852,1261.23490555249
"nu[77,4]",-0.217970020127205,-0.258282915,0.392341232669799,0.4343065978062,-0.826422984,0.4361320645,1.00277672699191,882.311625823861,1556.56913092557
"nu[78,4]",-0.59342439823381,-0.571867635,0.346341806752086,0.361673516757,-1.189036735,-0.0621181812000002,1.00006550744087,1508.04847133254,1371.59552175485
"nu[79,4]",0.81133691456,0.809107485,0.267722679776052,0.263969472522,0.360489314,1.245568525,1.00068464357621,1800.88306737637,1347.2029494937
"nu[80,4]",-0.19637671157659,-0.17340725,0.256007697590836,0.27196292621169,-0.6510266085,0.1773676825,1.00154438953528,1804.09920529534,1195.16185630406
"nu[81,4]",0.0888493858695305,0.185179795,0.320077666322918,0.2449441459038,-0.5297371265,0.4767219765,1.00162010614881,903.220954608793,1302.27006368122
"nu[82,4]",0.29568940133555,0.30888961,0.191647412195226,0.172044617913,-0.0419850983,0.5698961045,1.00134168700287,2149.93800390964,981.363296936334
"nu[83,4]",-0.375127181091418,-0.34808427,0.281742094620346,0.30471514563,-0.8862381945,0.0202881225,1.00199521485804,1560.8866357088,1310.81989134122
"nu[84,4]",0.661303027436,0.66255875,0.137539952889201,0.138789907326,0.4336630985,0.8813188425,1.00167336643986,2894.3830789265,1650.75198987944
"nu[85,4]",0.68929658517,0.690901175,0.140028378336264,0.131961896808,0.4549647925,0.9211375055,1.00006619192841,2296.80542017278,1482.98662723622
"nu[86,4]",0.5187080125575,0.52317652,0.138098851691712,0.135497230638,0.2917782745,0.7332772525,1.00183535519455,584.166319029821,1471.91496252809
"nu[87,4]",0.06921861844331,0.094127771,0.269553716952594,0.2660657858964,-0.403743534,0.4616324435,1.00190871891736,1734.6158781275,1597.77782830411
"nu[88,4]",-0.218850418130245,-0.190112,0.25390144843255,0.241660011957,-0.6814880445,0.137847971,1.00457743303024,1553.60623033875,1241.98210131666
"nu[89,4]",-0.0631844509066076,-0.0483003105,0.209904820923546,0.1852973962119,-0.4243996915,0.2734300495,0.999924857419974,1685.44156264655,1526.50777069518
"nu[90,4]",0.317897745873926,0.33283576,0.21358910709463,0.203814119124,-0.0696016037,0.6353541755,1.0023004737877,1448.04867156191,1333.63000160356
"nu[91,4]",-0.37336757626414,-0.391599655,0.375718703921769,0.404515430592,-0.980378993,0.2230031125,1.0011959843898,1237.74454445376,1609.06520511561
"nu[92,4]",-0.032086962926325,-0.010156346,0.194465606687763,0.165051831231,-0.3847774285,0.254118797,1.00093245445694,1957.67822718317,1404.13932590724
"nu[93,4]",0.67982945780565,0.67820484,0.223881025961659,0.223460259288,0.3253504065,1.05226239,1.00120805227293,340.367573228522,1010.2152906784
"nu[94,4]",-0.167271579933878,-0.14035659,0.274691151978399,0.2923978100946,-0.663074194,0.220913594,0.999916588661011,1239.91690035127,1092.07179932471
"nu[95,4]",0.160600836580505,0.207187445,0.241787483442155,0.1853501337765,-0.334079699,0.4706832555,1.00859523944402,1558.9543605938,1106.07811155783
"nu[96,4]",1.78489766295,1.793297,0.213997335479159,0.21334858629,1.420714675,2.12998589,1.00156628710699,1756.00117093232,1566.83293165598
"nu[97,4]",-0.01615822502844,-0.0020197527,0.243626511224329,0.230816586903,-0.4178276325,0.3686612645,1.00049065917837,1744.38981184524,1485.50651288728
"nu[98,4]",-0.6764511347918,-0.68936014,0.308949844893368,0.316767883026,-1.177690915,-0.1608123285,1.00039144910485,1301.97668287642,1516.25193022486
"alpha[1,1]",1.58012280555,1.5808537,0.096028336337445,0.0934985381399999,1.422987245,1.74266381,1.00223193413483,1294.35242583999,1245.60210324897
"alpha[2,1]",1.95220343105,1.95096815,0.0719515788206701,0.07347928686,1.837510065,2.071979145,1.00048457928694,1823.85013920191,1555.60482090174
"alpha[3,1]",2.15024638485,2.1464172,0.0971650113794931,0.0975568591200002,1.99408246,2.31574905,1.00306069383717,1541.06896671335,1729.33310849712
"alpha[4,1]",2.00281122475,2.0002824,0.0846964428287478,0.0841061930099999,1.87077368,2.14462332,1.00080887509002,1450.44329494052,1633.49817242542
"alpha[5,1]",1.69123800245,1.69174975,0.0807203418151035,0.0823063907399999,1.562401285,1.82510533,1.00132211661526,1217.23009080072,1395.43705410557
"alpha[6,1]",1.901221792,1.898704,0.0869522285262416,0.0891531116699999,1.76401829,2.045973015,0.999497584945048,1228.54886304885,1596.56885419856
"alpha[7,1]",1.9377708327,1.93776265,0.110194872230594,0.11225120424,1.75967938,2.1179564,1.0015120982478,1102.86149051408,1248.13651044554
"alpha[8,1]",1.87280228225,1.87060305,0.0818758578452675,0.0814637550300001,1.74210689,2.01019161,1.00048791778089,1723.4205036471,1593.006628632
"alpha[9,1]",1.66365592385,1.66286625,0.0934204903134375,0.0963061377599999,1.5163545,1.82067117,0.999488990523736,1297.61334076729,1570.71283825887
"alpha[10,1]",1.89970726035,1.89947615,0.0936246489037802,0.0903921946199998,1.747454175,2.062451675,1.0005017209463,1191.38402353501,1524.35239299126
"alpha[11,1]",1.82527388635,1.8228544,0.0714407499348848,0.07060756479,1.709551075,1.95111952,1.00022689883612,1576.53003296158,1243.11791699133
"alpha[12,1]",2.12991744865,2.12842375,0.120029654352082,0.12183057936,1.93377971,2.325009005,1.00081496162445,1078.04203036808,1483.41388898972
"alpha[13,1]",2.1760068701,2.17269325,0.0750872001802269,0.0767236604400001,2.056820555,2.301846585,1.00223854236313,1608.19088994756,1657.07650437727
"alpha[14,1]",1.9936263292,1.9948901,0.105062458542086,0.10483160667,1.81854861,2.168185815,1.00312448257811,1382.26934348107,1584.24035970363
"alpha[15,1]",2.0482929992,2.04931425,0.114827225664285,0.11109373842,1.865305225,2.240077025,1.00070132377916,1274.36477162171,1412.38239828428
"alpha[16,1]",1.9910998705,1.9905205,0.114049118276897,0.11343535686,1.808737085,2.18419754,0.999794955181158,1267.01256238442,1413.38512075589
"alpha[17,1]",2.04762953685,2.04648095,0.101306959557319,0.0999895833299999,1.889483425,2.215872465,0.999985740218639,1264.57919206712,1374.96017868467
"alpha[18,1]",1.6784855852,1.6760434,0.079079748264308,0.0794740317000002,1.555868545,1.81572918,0.999776464555495,2035.87673467573,1584.16082595048
"alpha[19,1]",2.16929923105,2.1653598,0.106357230905746,0.10958089338,1.99953597,2.343028455,1.0018471833186,1433.63121004848,1370.62410680253
"alpha[20,1]",1.66832930465,1.66402565,0.0960671511865552,0.0968723427000002,1.51640211,1.83047908,1.00214094686032,1232.57232017871,1557.92163084628
"alpha[21,1]",2.1255839212,2.12360205,0.0999903587832747,0.10708486215,1.968020635,2.290590425,0.99938198215463,1497.29324518323,1378.93927686723
"alpha[22,1]",1.56117207355,1.5589929,0.0593057429069297,0.0584616608100001,1.467633885,1.660502715,0.999308900632505,1828.12504858938,1755.70426939564
"alpha[23,1]",1.98014026225,1.9754798,0.118861921294859,0.12248396118,1.7933585,2.183243575,1.00022848879797,1331.85105426948,1436.95711975395
"alpha[24,1]",1.693095899,1.69492995,0.101104576407784,0.09990092385,1.522273715,1.85402632,1.00058143787571,1440.49386054647,1512.2161320241
"alpha[25,1]",1.8975224002,1.89581645,0.0861056422812919,0.08503215084,1.75527244,2.04636987,1.00001670869233,1547.34765952692,1282.41630540351
"alpha[26,1]",1.928197927,1.92629475,0.0993843834319614,0.10482508323,1.76924327,2.094995915,1.00042073342665,1599.87414143137,1449.50279984367
"alpha[27,1]",2.0007428991,1.9988613,0.0882148417347702,0.0871162416600001,1.85775476,2.149149775,1.00747452992503,2150.18154917204,1490.32894746689
"alpha[28,1]",1.8493393685,1.8490484,0.0629818980416696,0.06431585517,1.75295756,1.955009985,1.00049981732031,1882.23036980924,1621.71936159558
"alpha[29,1]",1.72594122285,1.7207962,0.0936128693455257,0.0896846978999999,1.57483558,1.88264486,1.00246866596449,1264.82133161189,1297.90392800882
"alpha[30,1]",1.85435657335,1.85352095,0.0773713871632435,0.07882880418,1.73250036,1.98728671,1.00185285415,1513.35068344369,1055.33692120092
"alpha[31,1]",2.08760137745,2.08487935,0.103950457026888,0.0998734957499999,1.918520055,2.255573915,1.00204823801447,1388.63173611102,1439.60841208572
"alpha[32,1]",1.8759319705,1.87464205,0.0858489463459207,0.08647501716,1.735533735,2.02067829,0.999951223441847,1185.92799865842,1300.3759141565
"alpha[33,1]",2.20115106875,2.1988211,0.0926261937191337,0.0925517497799999,2.057219215,2.351112685,1.00030080369889,1501.36340121126,1691.2576602857
"alpha[34,1]",2.04524949705,2.04430935,0.0798277275893108,0.0779865391199999,1.91807747,2.181665355,1.00057933531843,1509.4221851183,1605.02066378542
"alpha[35,1]",1.79680851085,1.797775,0.0917242328868178,0.0951032302500003,1.65376513,1.944249585,1.00166193324839,1164.32979264433,1158.22361945579
"alpha[36,1]",1.8365439326,1.83395875,0.0734189637314863,0.0709340333100003,1.7184516,1.963936855,1.0004081113718,1732.2908400254,1692.61536393934
"alpha[37,1]",2.2894570124,2.2897393,0.107670786355712,0.10314959697,2.114958225,2.466918415,1.00471898001568,1105.83707678794,916.927603292464
"alpha[38,1]",1.90116431935,1.89774595,0.111603315211965,0.10987437405,1.723826525,2.09214287,1.00014978732678,1380.80912159184,1278.69341705857
"alpha[39,1]",1.59756170475,1.5992996,0.108631971751288,0.10701206649,1.414489975,1.774363355,1.00373907748069,1067.54996681733,1398.1693582715
"alpha[40,1]",2.0283320642,2.0256438,0.0978420912740203,0.0935936469300001,1.86742964,2.19620837,1.00013162054354,1319.71161828519,1553.41492146627
"alpha[41,1]",1.5180182498,1.51729395,0.0673715340297128,0.0677540787,1.408620795,1.631967795,1.00010627999911,1374.95379671819,1414.85066524534
"alpha[42,1]",2.00231082495,1.9983445,0.111777217874079,0.11441824653,1.825007925,2.1899286,1.00048641314677,1195.00442222624,1417.46019263877
"alpha[43,1]",1.89168510915,1.889069,0.105251248110189,0.10469646768,1.72069468,2.06598875,1.00153904674254,1351.00313418652,1229.45507146434
"alpha[44,1]",1.7337767423,1.73282315,0.0886900365688656,0.0869910360899999,1.58947109,1.88817321,1.0020264886908,1488.51240805837,1470.04562690218
"alpha[45,1]",1.8111411169,1.81053685,0.0875396428724202,0.0868231316400001,1.66680253,1.95398836,1.00123543238441,1309.59375008882,1471.27601851082
"alpha[46,1]",1.98655935545,1.9854231,0.105080271603728,0.10897732692,1.815917685,2.1610975,1.00214074753079,1395.60552465502,1522.29214431067
"alpha[47,1]",1.5435617499,1.5415794,0.0861054572081797,0.08498226135,1.40667459,1.68815068,1.0002186691627,1374.18704661642,1235.44981793827
"alpha[48,1]",1.8923010906,1.88672075,0.100530117308188,0.10079863815,1.736068845,2.064532665,0.999783240636248,1202.0292709541,1668.53789458833
"alpha[49,1]",2.13055132815,2.12932665,0.0834931078800258,0.0859160769600002,1.999176365,2.271076775,1.0027343748936,1876.24598367445,1411.26606892423
"alpha[50,1]",2.1509843154,2.14538,0.0959648270548866,0.09678716733,2.002038365,2.316629505,0.999944051338116,1266.53371453379,1404.34523759807
"alpha[51,1]",1.9533299624,1.95200755,0.0984814001992289,0.09587514594,1.79279322,2.12058646,0.999922919775026,1403.76148545347,1398.59940174167
"alpha[52,1]",1.8238492856,1.82203465,0.0908987963684106,0.08999278218,1.67454814,1.97797829,1.00024111509876,1406.7523845694,1561.78874146345
"alpha[53,1]",1.62859054165,1.6276253,0.105537483354384,0.10510900113,1.457542815,1.807280545,1.00507771143249,987.648255279249,1391.14920097155
"alpha[54,1]",1.80686565955,1.80395535,0.0848502589849972,0.0837848394600001,1.670640465,1.95308217,1.00235616655673,1365.66209173766,1525.00966173199
"alpha[55,1]",1.9020628004,1.8996146,0.103033325763362,0.10460966145,1.73533638,2.07293851,0.99983452669459,1177.70550391742,1339.8756239415
"alpha[56,1]",1.81950173215,1.8189666,0.0551411903658389,0.0569949246299999,1.73113415,1.91176632,1.0007517184403,1929.05849299927,1650.78081719262
"alpha[57,1]",1.9408723006,1.93766395,0.103466983303278,0.1056878823,1.76839289,2.11241726,1.00087048541121,1656.93249063473,1601.40066641066
"alpha[58,1]",2.11167923665,2.1098866,0.0998319900050303,0.10292839305,1.951483435,2.2735301,1.00147747061973,941.062753776637,1490.93099573701
"alpha[59,1]",1.6689685369,1.6655108,0.0795282159663892,0.0785969996700001,1.54158217,1.80969323,1.00115163674044,1665.23519748647,1601.9015301129
"alpha[60,1]",1.70775340335,1.7052545,0.0853127951288327,0.0850388225399998,1.57033579,1.849034215,1.00151539105569,1140.94156828366,1275.91310331303
"alpha[61,1]",1.51639121425,1.513979,0.0646795935178036,0.0653058613200001,1.41281985,1.624969215,0.999996874254873,1888.60838771037,1720.63592721027
"alpha[62,1]",1.91162940455,1.9112647,0.0954248517308641,0.09696418977,1.755602015,2.07216425,1.00107752815199,1280.52384950721,1432.49040856603
"alpha[63,1]",1.892745026,1.8881208,0.107680240161091,0.10691117556,1.723880575,2.07449236,1.00445926028495,967.403823395835,966.01093227126
"alpha[64,1]",1.6677805851,1.66376185,0.102526034350869,0.10577706069,1.50197186,1.8356758,1.00283481131996,1203.21782184281,1244.03423215322
"alpha[65,1]",1.75495013705,1.75374675,0.103606646548105,0.1034765844,1.58306985,1.929749625,1.00022773780518,1420.74462549797,1634.20133664821
"alpha[66,1]",1.8732138266,1.86911565,0.0884676289312463,0.0880060981799998,1.736136435,2.025234475,1.00243677252926,1320.43694325491,1239.40860481938
"alpha[67,1]",1.9401950144,1.93948485,0.100719379203067,0.09994043514,1.776639265,2.10281397,1.00105042202169,1461.36353613323,1657.93382736233
"alpha[68,1]",1.721229392,1.719995,0.111153489974361,0.11222058855,1.538324825,1.906270155,1.000605438905,1459.96847432655,1442.7281251417
"alpha[69,1]",1.85638450425,1.85682345,0.110097012352611,0.11059313853,1.67446243,2.038232335,1.00166988356243,1544.45566018504,1293.23561014615
"alpha[70,1]",2.0102811136,2.00921085,0.115341746207588,0.11792348358,1.82258249,2.20467507,1.00285683215248,1266.03197926445,1294.65321517082
"alpha[71,1]",1.79118089,1.78898725,0.1003634803047,0.10116054081,1.63055292,1.96268142,1.00047440565977,1382.64043065841,1612.8155547995
"alpha[72,1]",1.7796541353,1.7774945,0.073002464989966,0.0729795765299999,1.6651601,1.89909754,1.00057485267331,1822.6245091637,1534.44872262948
"alpha[73,1]",1.70337346445,1.70123435,0.0916064481888047,0.08967528339,1.55498509,1.85729047,0.999393475672676,1201.67147475074,1462.40779754247
"alpha[74,1]",1.9101952594,1.90796965,0.0865257920612901,0.0868435173900002,1.76945684,2.054262855,0.999639197076218,1533.1425727209,1707.45295450026
"alpha[75,1]",2.02859259865,2.02837765,0.114243096729272,0.11785239291,1.840422855,2.221918325,1.00159358830444,1183.05056044484,1486.07077165907
"alpha[76,1]",1.68490959735,1.6825588,0.0963698909040879,0.0948412548299999,1.52428632,1.84532857,1.00107113811864,966.92901222016,1562.77746637888
"alpha[77,1]",1.6126263179,1.60937605,0.103030116644753,0.10287420402,1.4456425,1.78805615,1.00228063921696,1049.13792529226,1314.91528160798
"alpha[78,1]",1.98702054425,1.98634695,0.119661051721177,0.12099817359,1.79187545,2.18435938,1.00045201152524,1563.11793353202,1727.25814978461
"alpha[79,1]",1.95347148125,1.9520845,0.0696689045036971,0.06990451587,1.841091735,2.06747283,1.00093890488805,1766.18832428055,1408.65743341553
"alpha[80,1]",1.640729136,1.6389411,0.0902013779107713,0.08974407603,1.497124035,1.79444419,1.00027208741042,1613.09715250489,1586.27246637347
"alpha[81,1]",1.867100879,1.8646032,0.0993797777409892,0.0980771775900001,1.7026579,2.035917975,1.0001851598911,1397.68420592895,1583.68732767526
"alpha[82,1]",2.00646605625,2.00756365,0.109035522530693,0.1139029689,1.82576223,2.179577825,1.00062164534295,1121.70326752995,1488.70866682922
"alpha[83,1]",2.31520938155,2.31450395,0.120391910924385,0.12021558318,2.1123434,2.51317782,1.00288122636674,1076.94003954427,1382.07972969836
"alpha[84,1]",2.1756729808,2.17067015,0.098722459377019,0.0966407605799999,2.018823335,2.34372982,1.00112768341843,1886.02423822311,1435.34005151276
"alpha[85,1]",1.8690100209,1.86655965,0.100139723716838,0.0983301091500001,1.70774392,2.031517835,1.00873062332533,1289.8683749088,1525.80113337078
"alpha[86,1]",1.94800290495,1.94705065,0.0962073604245033,0.0938800111199999,1.79273558,2.110874905,1.00188730757498,1324.88506056064,1511.11556954926
"alpha[87,1]",2.04193526235,2.04228595,0.0936366243058319,0.0927364076100002,1.88904771,2.20013858,1.00101651667592,1582.67458779794,1715.71014294073
"alpha[88,1]",1.9577442257,1.95354685,0.0690518532106124,0.06686978193,1.84762229,2.075623725,1.00196018269712,1734.78698196814,1467.32003459115
"alpha[89,1]",1.9480313284,1.9456146,0.0771494781548926,0.0780116691899999,1.82529794,2.073546795,0.999694869381413,1511.65240802983,1352.73686750549
"alpha[90,1]",2.05196824625,2.0516463,0.101498495280453,0.102130457730001,1.884725285,2.21967587,0.999117765327707,1299.08028104065,1504.55263966186
"alpha[91,1]",1.90283007675,1.90413195,0.103547257468708,0.10496489241,1.735781175,2.07222439,0.999777477497345,1281.43309669035,1541.60366115444
"alpha[92,1]",1.835364131,1.8337662,0.0754687267372959,0.0746770794000002,1.71303548,1.96303249,0.999859685586973,1854.45606553339,1479.9274453774
"alpha[93,1]",1.9649031886,1.96576515,0.104795049423984,0.10249117431,1.794027775,2.137772855,0.999789078372945,879.797453520786,1589.32909278984
"alpha[94,1]",2.0671740804,2.0665132,0.111010190854768,0.11292979026,1.89184121,2.251486855,0.999608047609577,1219.62057515618,1395.26350576632
"alpha[95,1]",1.71287694555,1.71200505,0.0810179535066985,0.0813069700799999,1.58209785,1.848637555,1.00157985546958,1615.65145452318,1528.84788667095
"alpha[96,1]",1.59144118945,1.5898939,0.0515768592700136,0.0525042033599999,1.50794212,1.678279445,1.00010164550985,2096.12671957741,1387.57324035124
"alpha[97,1]",1.9786905693,1.9756454,0.0873069041321262,0.0884462821200001,1.843562325,2.12755857,1.00074851604365,1471.71151141838,1660.27522288332
"alpha[98,1]",1.77243094915,1.77194735,0.103075939340322,0.10124734704,1.60970003,1.94534133,1.00013451196384,1157.96646266486,1418.95580650386
"alpha[1,2]",1.6710198631,1.667606,0.0753145099577031,0.0755409162899997,1.5493897,1.79685275,1.00176546110996,1948.84788916023,1214.70737451212
"alpha[2,2]",1.8421218182,1.84116775,0.09114014500914,0.0937115877599997,1.698597285,1.996934725,1.00355622202687,2713.10570723632,1607.70461195526
"alpha[3,2]",2.15976201245,2.15396975,0.0929155027481632,0.0917504786099997,2.014920595,2.326263905,1.00206892302623,2119.87381400277,1210.37549364166
"alpha[4,2]",1.84589926805,1.84272385,0.0953090569030435,0.0980412986700001,1.69553008,2.004679,0.99953923250226,2060.11231379578,1792.8003393762
"alpha[5,2]",1.58835878115,1.5855148,0.0682353524265515,0.0657799226700001,1.481783795,1.70441409,1.00113933804309,2605.51450342069,1503.92039048806
"alpha[6,2]",1.7361262546,1.7316471,0.0905666562053823,0.09226494081,1.59427729,1.892420365,1.00007720493733,1539.14349499234,1703.15762412179
"alpha[7,2]",1.870087448,1.86492385,0.100581873190281,0.09677930955,1.71609296,2.04360228,1.00078076467296,2025.42680408662,1579.10125175346
"alpha[8,2]",1.8493205168,1.84619865,0.0742218505430022,0.0733104187199997,1.7305968,1.97668516,1.00025509293993,2585.02815103444,1555.11028994723
"alpha[9,2]",1.46546440705,1.46061975,0.0737664865318972,0.0729944766600001,1.35028668,1.594646775,1.00008851057625,2377.07701580128,1624.20298445447
"alpha[10,2]",1.68570468795,1.68494335,0.118955814807249,0.12275905761,1.49275337,1.880364865,1.0010765996918,1537.3711997692,1507.61727908912
"alpha[11,2]",1.6581850295,1.65815775,0.104469522859845,0.10731051387,1.494620805,1.825955185,1.00195483768811,2089.65299794512,1816.31005262485
"alpha[12,2]",2.0418350451,2.041704,0.109022164381799,0.10820889534,1.872524085,2.221897145,1.00105875395246,1766.01267020339,1519.49496771017
"alpha[13,2]",1.9768846008,1.97554375,0.130285033626336,0.12711226773,1.766648575,2.20226667,1.00146801702269,2050.99589622579,1759.79102691561
"alpha[14,2]",1.9522372836,1.9506065,0.0769480741656713,0.07545826134,1.830113785,2.081849495,0.999751846248418,2877.13130777828,1432.47958234541
"alpha[15,2]",1.9742272005,1.9715988,0.0951957716753443,0.0929309988599999,1.8240832,2.13534985,1.00238387584108,1916.37787902975,1924.74686519959
"alpha[16,2]",1.8483296165,1.84344835,0.0831061739066365,0.0833777175000001,1.716539865,1.98961719,1.00252687070549,1854.02245778121,1480.52682965741
"alpha[17,2]",1.9173267835,1.91658855,0.102524246168818,0.10220792358,1.749274525,2.091558635,0.999893768828666,2215.77587473493,1622.10483010829
"alpha[18,2]",1.70775061595,1.704853,0.0869805680000782,0.0860850933600002,1.57061387,1.852945855,0.999625756647416,1885.98340047947,1430.37749657269
"alpha[19,2]",2.0302809303,2.02680135,0.0979673242534365,0.0965619603900002,1.87421415,2.19510935,1.00089795978888,1738.57851971962,1298.1180323944
"alpha[20,2]",1.675865269,1.67108225,0.0831718513199859,0.07982822484,1.54462751,1.819171635,1.00520504598438,2096.99081188693,1436.45594110614
"alpha[21,2]",2.0678414286,2.06602775,0.107877671810585,0.10993938606,1.89179293,2.24524641,0.999711581098444,1655.24536582379,1634.50583880038
"alpha[22,2]",1.5274935685,1.52579435,0.0936630001732544,0.09340765476,1.375779535,1.68545281,1.0006921260872,2059.02502772472,1390.43799590201
"alpha[23,2]",1.84980417725,1.84739865,0.102284505155845,0.10520210841,1.68509585,2.02038625,1.00232576984875,1789.34202379078,1600.4874241259
"alpha[24,2]",1.7347746236,1.73082225,0.0644957212282635,0.06449984583,1.634593835,1.84218142,0.999860403408361,2571.74546579884,1681.48736934177
"alpha[25,2]",1.79468787515,1.7938576,0.0838894535961749,0.0848423039099999,1.661441905,1.93603776,1.00305814541561,1984.24177865062,1322.42660974567
"alpha[26,2]",1.80770959325,1.80817335,0.100748235576736,0.0999795016499999,1.64257181,1.974252735,1.00010006100077,1888.99675701372,1730.54618340332
"alpha[27,2]",1.8491929922,1.8440991,0.105391038448973,0.10484457942,1.68316163,2.024445985,1.00030604382129,2443.29283119033,1409.63837791527
"alpha[28,2]",1.8259614336,1.8209618,0.10624873348522,0.10757612166,1.65468016,2.00896194,0.999794738845011,2759.12176857963,1757.12068230017
"alpha[29,2]",1.6604242155,1.65746225,0.102451368621213,0.1063031613,1.502372675,1.83517949,1.00067085017456,2037.17945382447,1586.19719929281
"alpha[30,2]",1.7118653807,1.7093148,0.0881956752015789,0.0900983433000001,1.576819765,1.8599499,1.00012844542027,2149.25979137292,1597.26145050078
"alpha[31,2]",1.9041028328,1.9024274,0.111857497480054,0.11176795077,1.719586905,2.08887959,1.00209704776633,1265.2309053179,1492.90489465128
"alpha[32,2]",1.71161663,1.7079918,0.0919692508248371,0.0937043230200001,1.563387425,1.865824595,0.999316285142308,2143.14319529082,1374.06297206723
"alpha[33,2]",1.9645374291,1.9631989,0.114434116385796,0.11683288302,1.786108875,2.15408895,1.00076577407878,1902.58349439798,1498.16525700098
"alpha[34,2]",1.9731496714,1.9687647,0.104186064918714,0.10214572851,1.810643415,2.157349135,1.00097027007421,2385.33192345165,1709.34177466552
"alpha[35,2]",1.73366475245,1.7289252,0.0779202984177476,0.07677822012,1.611954465,1.86959128,1.00137584817912,2636.24639140755,1069.06691747355
"alpha[36,2]",1.69714340605,1.6942829,0.093905268396684,0.0950005602000001,1.551624895,1.857584865,1.00222032911054,2392.29197951249,1661.45551471612
"alpha[37,2]",2.4313100702,2.42758365,0.0784170354281567,0.0766003822499997,2.30703354,2.56796371,1.00195194886098,2150.64422171282,1396.13953698959
"alpha[38,2]",1.8558610914,1.8549051,0.0736732257581858,0.0714887480999997,1.737504965,1.981631455,0.999397637338506,1949.70782408146,1608.27424395061
"alpha[39,2]",1.75638889795,1.75345855,0.0697478117532054,0.06774844482,1.647439775,1.8745479,0.999774803213367,1876.00754280286,1569.61632281102
"alpha[40,2]",2.061905539,2.05808065,0.104823175339108,0.10704060654,1.89501132,2.23502497,0.999660455629305,1932.0357285112,1445.30901833053
"alpha[41,2]",1.39537819115,1.3908871,0.0711161460234983,0.07073847837,1.2899256,1.523454165,0.999814204678335,2343.46038537761,1481.27249300423
"alpha[42,2]",1.8574129668,1.85404705,0.0955732538269412,0.0964837532399999,1.70774526,2.02090005,0.99986983343757,1961.66119160732,1457.11406163603
"alpha[43,2]",1.6807238299,1.6763503,0.0880509560390326,0.0872365546499999,1.541502165,1.828635615,1.0018121777494,1509.36564209759,1486.98604788491
"alpha[44,2]",1.8431317921,1.83926765,0.0690777988560382,0.06547317273,1.733862105,1.965350875,1.00007558224081,2099.01798969355,1007.55027894691
"alpha[45,2]",1.6756075399,1.67441415,0.100667647904186,0.10329978435,1.520874705,1.842763915,0.999576034675525,2382.70251014061,1483.09539024176
"alpha[46,2]",1.87272354115,1.86748045,0.0862179383871926,0.08576551893,1.73558339,2.01729797,1.00086089251652,1985.16295506083,1306.43000274139
"alpha[47,2]",1.38126548715,1.37657365,0.0763859173449305,0.07420398174,1.265571465,1.514314155,1.00036724274297,2118.51569498976,1226.89268738706
"alpha[48,2]",1.81764626515,1.8165381,0.0727379558208813,0.07198949625,1.700412845,1.941926935,0.999467048522534,1853.21323688725,1763.99655707907
"alpha[49,2]",2.11065825025,2.11049595,0.0910137439301136,0.0907681819799998,1.9648339,2.262537815,1.00202305375771,1718.2211236024,1601.03256014002
"alpha[50,2]",2.0219825057,2.02088905,0.097057313133973,0.0960922727099998,1.869803175,2.18549958,0.999983828521583,2315.90697557615,1519.99718631294
"alpha[51,2]",1.86332994125,1.85930235,0.120654412013512,0.12235519737,1.67769364,2.06461902,0.999312481086947,2049.54460645731,1689.65287244284
"alpha[52,2]",1.6673118075,1.6640834,0.104788859438514,0.10568024691,1.507216445,1.84533279,1.00045216918846,2346.06807923188,1406.24641525034
"alpha[53,2]",1.5230478766,1.5136277,0.0869829143512462,0.08741061189,1.388706935,1.67598904,1.00217630430681,2112.97395766451,1432.54819767519
"alpha[54,2]",1.66737835995,1.66295165,0.0880904215659939,0.0887611863600002,1.528292965,1.81844372,1.00077338929231,1776.32618083914,1611.14610880008
"alpha[55,2]",1.7885912917,1.7843279,0.107840729582376,0.11202088233,1.616515695,1.9683612,1.00071066463612,1393.10790356933,1632.15442802859
"alpha[56,2]",1.55038455925,1.54303125,0.106434179019178,0.10256886255,1.38944967,1.740837575,1.00169482091234,2028.68538619524,1366.2135149991
"alpha[57,2]",1.78356228425,1.782367,0.0956820915262629,0.0989296725900001,1.62618957,1.93714471,1.00323696980792,1858.69708531909,1631.40569138297
"alpha[58,2]",1.89251689605,1.8895146,0.136673063745745,0.14365778721,1.671099255,2.119510515,1.00017064512117,1233.46420155928,1402.49475272046
"alpha[59,2]",1.49559968425,1.49203665,0.104191164575509,0.10153786251,1.331535405,1.67222032,0.999846398390121,2690.53873341807,1841.71173608911
"alpha[60,2]",1.6036580116,1.6004295,0.0962974716229928,0.0987794110799999,1.44724365,1.764072915,1.00056493901538,2092.85209935442,1346.63095119205
"alpha[61,2]",1.4903383248,1.4896349,0.065745541358192,0.0662398251900001,1.38914648,1.60373006,1.00020894177207,2828.69291343612,1664.0696870888
"alpha[62,2]",1.85022838555,1.84452615,0.0818262237285327,0.0863884333200002,1.72426014,1.990064175,1.00242147725279,2119.64443569296,1843.51464728426
"alpha[63,2]",1.75287022365,1.7498062,0.0839375014999923,0.0814568609400001,1.62361876,1.898632395,1.00121170098367,1832.15053147321,1569.28020280385
"alpha[64,2]",1.4228288617,1.41800295,0.0727582062077386,0.07080460233,1.312993425,1.548030845,1.00022752788497,1763.98515015631,1472.30607537349
"alpha[65,2]",1.5661524882,1.56251845,0.081395076521377,0.07871264247,1.43432444,1.70564226,0.999325353640484,2194.17120328541,1774.16796417948
"alpha[66,2]",1.6499061454,1.64590865,0.0889967313739683,0.08781410148,1.5099185,1.80345579,1.00037695457404,2401.10554332293,1460.78698379145
"alpha[67,2]",1.9221403982,1.9197145,0.0804350427859408,0.08172921456,1.794051645,2.057909395,1.0010481777977,1866.97680879221,1318.38737442512
"alpha[68,2]",1.6692203293,1.66632145,0.0898189736065949,0.0929800729200002,1.524878455,1.81954368,1.00086035941837,1859.6151094881,1485.15230744278
"alpha[69,2]",1.8363114056,1.83505705,0.0702349850437126,0.07103225556,1.726332415,1.95414039,0.999874376367662,2722.23885970877,1638.7152844792
"alpha[70,2]",1.91512891705,1.91063095,0.110577662569792,0.10618195875,1.73919522,2.103158425,1.00136599143773,1308.8364775146,1318.69252920345
"alpha[71,2]",1.68959018805,1.68797385,0.0951265695398024,0.09320594703,1.5351902,1.84772655,1.00435323474294,1569.13108543308,1254.91927761174
"alpha[72,2]",1.6014313632,1.59779385,0.0852053773943908,0.08669184741,1.46839389,1.75105489,1.00326853736574,2753.88553987779,1224.90382855063
"alpha[73,2]",1.55297269695,1.54945765,0.0776883504492961,0.0756418072200002,1.431049425,1.684392405,0.999930963591959,2100.74436788732,1548.52856293492
"alpha[74,2]",1.83077310915,1.8301223,0.102796425849248,0.10196625978,1.660551035,1.99769353,1.00089973127999,1898.66665573217,1664.82643636475
"alpha[75,2]",1.8839246988,1.8827597,0.10583947547847,0.10590671406,1.7161922,2.058236265,1.00103133970879,1637.32736630767,1613.02453162434
"alpha[76,2]",1.55784350505,1.5538036,0.0931767993707904,0.09153802203,1.411593865,1.71674852,1.00136565676084,1537.79582785128,1664.477264134
"alpha[77,2]",1.444393532,1.4402339,0.082212469776539,0.08012200203,1.3180972,1.58860834,1.00065000919448,1658.69241912097,1440.39021741115
"alpha[78,2]",1.8791049815,1.8778415,0.0786856465513573,0.0768317419799998,1.750935595,2.01248046,0.999743766904994,1762.017928335,1578.23168727086
"alpha[79,2]",1.79622859545,1.7933521,0.10405627099778,0.10221874656,1.630066165,1.96720706,0.999621708067972,2305.92772039217,1498.46770968828
"alpha[80,2]",1.5080205336,1.50615315,0.0778302976751557,0.0771679215300001,1.385026165,1.63846195,0.999532836267237,2090.06310509074,1747.48029181258
"alpha[81,2]",1.74834853525,1.7450396,0.103740100045354,0.10499039313,1.582989745,1.922479485,1.00024801381874,1762.85090537712,1289.79737340848
"alpha[82,2]",1.75919504965,1.75476165,0.0822451039049104,0.0818999359500001,1.6284992,1.907793035,1.00249619567261,2260.15158798932,1629.22195846814
"alpha[83,2]",2.22773233535,2.22629785,0.0934698262092906,0.09550597854,2.0800994,2.383598465,0.999961988709138,1627.74935701406,1507.83690058604
"alpha[84,2]",1.9827234893,1.982436,0.107967223238552,0.10837264851,1.80687186,2.160835255,1.00145713694801,2167.14092857616,1266.20441115546
"alpha[85,2]",1.76909692615,1.7649275,0.0725590139404621,0.0735205031399999,1.658672295,1.893901395,1.00173803650624,2436.03700023371,1371.92035885784
"alpha[86,2]",1.8633661823,1.8602189,0.072439802301964,0.07314651729,1.74636001,1.98515119,1.00108117337601,2466.86772020825,1466.58926401839
"alpha[87,2]",1.87505436245,1.87431405,0.11030600753156,0.10976317905,1.69457732,2.06074705,0.999552052861328,2433.28632901999,1423.02700269212
"alpha[88,2]",1.75529416645,1.75513295,0.113866059123441,0.11632286862,1.572792245,1.943595345,1.00177825405158,1559.62708435748,1633.75651919685
"alpha[89,2]",1.8784014777,1.8772263,0.106316370623211,0.1034906691,1.70713764,2.050031755,1.00215409904167,1828.13351695939,1373.54361415486
"alpha[90,2]",2.0044803034,2.0018446,0.0929666090635673,0.0929502726599998,1.86032667,2.164252525,1.00157870242252,1706.77712058442,1616.7001616808
"alpha[91,2]",1.8130114033,1.8101974,0.10651139918166,0.10714661244,1.64278605,1.98796787,0.99947211544528,1574.94187414043,1611.57395360657
"alpha[92,2]",1.7546907829,1.75292075,0.0974596455091223,0.09881165763,1.59863658,1.92171004,1.00079175216637,2188.96292104171,1813.91220838341
"alpha[93,2]",1.84420005265,1.8417677,0.0886472692734985,0.0873967495800001,1.706557045,1.9928995,0.99978195019821,2643.88275030907,1710.61952438645
"alpha[94,2]",1.9891956138,1.98857435,0.106261904729071,0.10934360325,1.821969315,2.168801535,1.00112072959362,1892.02671217315,1588.09378797309
"alpha[95,2]",1.552910306,1.5533195,0.0885238583568459,0.0896083440000001,1.41161861,1.70092769,1.00101633608231,1874.15684885099,1635.24040578587
"alpha[96,2]",1.4411451603,1.4360548,0.074320435436959,0.07476736974,1.332307225,1.573718375,1.00041987355904,2867.58564194973,1610.92162479342
"alpha[97,2]",1.8783287775,1.8750782,0.108855666206991,0.10823595279,1.708344715,2.06391869,0.999189121850793,1800.89376926501,1636.85731831061
"alpha[98,2]",1.587964477,1.585652,0.100261536427356,0.09875947011,1.4282642,1.75791248,0.999856388479535,1356.85294059228,1564.27651501688
"alpha[1,3]",1.5915379048,1.5888109,0.0378367498776354,0.0375527753999999,1.52941379,1.65543428,1.0000765411358,2419.40473848706,1678.66752116728
"alpha[2,3]",1.79222522,1.7906798,0.0490251886504964,0.0487087473599999,1.713969185,1.877078035,1.00040453228677,1864.09016184581,1396.41965429421
"alpha[3,3]",1.9923382167,1.99133455,0.0664868724490271,0.0660787406999999,1.887445735,2.108707785,1.00347907689473,1554.62526401208,1263.46408070015
"alpha[4,3]",1.8367535973,1.83643245,0.0521509374033379,0.05238366798,1.75490113,1.924494895,1.00009894494038,2212.31800012695,1422.54694781402
"alpha[5,3]",1.5035808517,1.50213935,0.0366389424598062,0.03666862689,1.44709652,1.56569487,1.00009186925395,2078.73892754327,1255.67842083687
"alpha[6,3]",1.6340808668,1.63341585,0.0420316969792322,0.0432050396400001,1.567881205,1.70615954,1.00255975056372,2532.08955109,1759.7714531727
"alpha[7,3]",1.75477856285,1.7528029,0.0473106435598749,0.0467807001899997,1.68244331,1.833783625,0.99940211609988,2027.17289177788,1355.97000577411
"alpha[8,3]",1.76732097745,1.76435165,0.0553180103198811,0.0554148436800001,1.678310755,1.8610713,1.00063713186708,2084.71393743021,1730.35424066705
"alpha[9,3]",1.4237908352,1.42341785,0.0351971296712921,0.0359856671999999,1.368952945,1.483671735,1.00096177213052,2108.08398866734,1554.0630505224
"alpha[10,3]",1.6223976745,1.62131645,0.045424163573054,0.04584695871,1.551047775,1.70210286,0.999401745857621,1598.84010152562,1553.14910017102
"alpha[11,3]",1.64343001,1.6419849,0.0578474016054708,0.0587574395099998,1.548900575,1.740623145,1.0006799939939,1826.41984016156,1411.40276323143
"alpha[12,3]",2.0698454003,2.0688198,0.0458035653366695,0.0434471482199999,1.994847885,2.14790006,0.99994474457707,2256.11473369983,1469.41371805484
"alpha[13,3]",1.96684554105,1.96429055,0.0712862303269425,0.0710376670499999,1.857176795,2.08823854,1.00036718311831,1765.24225587846,1458.53004083325
"alpha[14,3]",1.8226597837,1.8226389,0.0472801944239679,0.0478664822999998,1.74818638,1.898342565,0.999594572673156,2500.39648690716,1602.61337809972
"alpha[15,3]",1.79625095545,1.7929786,0.0434948976487826,0.0426938391600001,1.72885808,1.872797105,1.00080976929197,2506.07381218847,1347.45520032191
"alpha[16,3]",1.7604918357,1.7568187,0.0532369631869947,0.0513446619000002,1.676968045,1.85229663,1.00090836085716,3381.38583248824,1419.18827557019
"alpha[17,3]",1.92114287475,1.92114635,0.046225426511367,0.0448065441600001,1.84839563,2.00188137,1.00040230393183,2100.41841900853,1274.94931984242
"alpha[18,3]",1.4279547274,1.42484185,0.0478022391057738,0.04786314645,1.355084565,1.51110295,1.00054448247731,2854.66813485528,1469.96957679798
"alpha[19,3]",1.95197097675,1.9492261,0.0473157734167553,0.0463347341099999,1.876706685,2.032138705,1.00583357856337,2751.18096114697,1125.86323369032
"alpha[20,3]",1.5138858859,1.5116191,0.0403839968962472,0.0392593221300001,1.451236275,1.58322524,0.999743322512301,2407.66237775441,1247.22290291477
"alpha[21,3]",1.83225022805,1.8305034,0.0452003529348957,0.0447487227599999,1.761664405,1.907580965,1.0031714785128,2261.98294830078,1305.4983931598
"alpha[22,3]",1.4652196435,1.4637465,0.0380872653694981,0.0392187730200002,1.4047188,1.529755255,1.00104964357842,2273.50712963739,1218.00138300901
"alpha[23,3]",1.74094800675,1.73887175,0.0840623529993993,0.08201113095,1.60868657,1.881085485,1.00049280155197,2576.99380231897,1640.01960992051
"alpha[24,3]",1.54426275025,1.54283595,0.0388820918343297,0.0398516208300003,1.48324241,1.61119259,1.00216382304183,2626.60426427342,1304.43165537107
"alpha[25,3]",1.62530627715,1.6232809,0.0399014951996282,0.0402392466,1.562695385,1.69244377,1.00040041984042,2567.96946675999,1779.66203329469
"alpha[26,3]",1.7190605336,1.7170717,0.0450712584403453,0.04378443972,1.649097575,1.792572845,1.0001415167895,2528.13743276659,1666.45640626189
"alpha[27,3]",1.7407740937,1.7383443,0.0501810658313422,0.04971995469,1.661405415,1.827442355,1.00028896523093,2247.63834009697,1698.41721400037
"alpha[28,3]",1.7621796738,1.75869025,0.075882931493972,0.07699549515,1.64348343,1.890093925,1.00009440562653,1626.67813011081,1300.91341415865
"alpha[29,3]",1.5429912232,1.5406171,0.0525710286175389,0.0521470450199999,1.461990945,1.633628155,1.0005356416915,1619.59904887185,1788.47842917463
"alpha[30,3]",1.61301958105,1.6115805,0.0420168199393897,0.0425353492200001,1.547452585,1.685076475,0.999778677498011,2386.70119970658,1581.12388309548
"alpha[31,3]",1.7858849432,1.7831877,0.0590354981407566,0.05901296562,1.69155328,1.887917895,1.00065433715165,1929.0993233636,1313.00878445704
"alpha[32,3]",1.6341137934,1.6324114,0.0497579929878318,0.0495805902900001,1.554366955,1.72071467,1.00024704716343,1706.8869499924,1462.19181144512
"alpha[33,3]",1.954399557,1.9523828,0.0640299069175504,0.0637945730100002,1.85451465,2.059665025,1.00302931798617,1659.91336719456,1747.04485802577
"alpha[34,3]",1.9089539876,1.90738145,0.0719395983319463,0.0738177644400001,1.793360785,2.02915782,1.00011939451903,1558.83280110578,1575.47181714135
"alpha[35,3]",1.6185078552,1.6178254,0.043499614403376,0.0435765050700001,1.548337255,1.69499454,1.00074234987148,2042.02056250759,1621.13623510431
"alpha[36,3]",1.6802409713,1.6761106,0.0630890944556072,0.0608155107,1.57806837,1.79037767,1.00148293917278,1808.45004807665,1400.04334823821
"alpha[37,3]",2.05746865045,2.0569809,0.0685294493988939,0.0680772855000001,1.947825785,2.175623985,1.00105354666871,1882.47841484114,1461.90572793375
"alpha[38,3]",1.70229454865,1.6980302,0.0665835076090578,0.0642747871500001,1.598146015,1.821462555,1.00197237302379,2950.39716382617,1488.08122224685
"alpha[39,3]",1.49090983455,1.48888175,0.0383618919542303,0.0377134892399999,1.430690185,1.55665679,1.00065038388046,2480.32003636577,1399.34912067403
"alpha[40,3]",1.97979724275,1.9763162,0.0630868237507606,0.0646276459500002,1.880914345,2.087983585,1.00186859922547,2013.46303360216,1687.79752962615
"alpha[41,3]",1.36376433345,1.36217325,0.0393072335567817,0.0382657577399999,1.3013185,1.43022067,0.999606165684096,1830.27134336725,1509.93857054346
"alpha[42,3]",1.8296442859,1.8269547,0.0478853933552757,0.04646549943,1.753882935,1.91415271,1.00088801809489,2275.80575321607,1487.04807420475
"alpha[43,3]",1.794429993,1.7940945,0.0403431331887993,0.0405700146599998,1.731809345,1.863978825,0.999822888748838,2528.41373148387,1075.39695678256
"alpha[44,3]",1.4772969915,1.4753257,0.0450181949439021,0.0439957102200001,1.405457985,1.5554874,1.00176334317768,2089.0493200903,1463.31876800865
"alpha[45,3]",1.64492333065,1.644946,0.0690717640340966,0.0669645200699999,1.53483488,1.765032075,0.99967701107716,1685.46007027833,1411.82436911758
"alpha[46,3]",1.74915231145,1.74603355,0.048559658848131,0.0476790816599998,1.674572765,1.83435594,1.00009970787689,2770.06014411426,1224.89402964727
"alpha[47,3]",1.26771126185,1.26580575,0.0374473436578427,0.0370174826699999,1.20945228,1.330893775,1.00052093844178,2085.22609214704,1579.37940283246
"alpha[48,3]",1.5908622498,1.58668905,0.0523315016246579,0.0516953709300001,1.51000199,1.67922408,1.00178734381817,2471.30275273304,1544.1094834447
"alpha[49,3]",1.8541017506,1.8544593,0.062008480810476,0.0645114842399998,1.754485725,1.957071145,1.00084602177569,2090.86129124125,1598.32040757238
"alpha[50,3]",1.93029765605,1.928879,0.0581148586329856,0.0590243816399999,1.83668536,2.02769125,1.00052037578729,2016.26611365883,1577.10787713049
"alpha[51,3]",1.71217150645,1.7087134,0.0736580961649343,0.07376928342,1.599852785,1.83721686,1.00061402402092,1553.43195380285,1520.46245102822
"alpha[52,3]",1.59803688515,1.5953378,0.0517995845270796,0.0513757223699999,1.51505301,1.68650316,1.00077338418076,1630.47698454305,1758.8968068745
"alpha[53,3]",1.4663134801,1.464656,0.0431958319048718,0.0431225329499997,1.39820842,1.541269245,0.99952968359083,1991.54986462572,1768.04089639984
"alpha[54,3]",1.58478801825,1.58381825,0.0422702564183793,0.0437487090599999,1.51861445,1.655672025,0.999328942709162,1627.71997363533,1722.64956661427
"alpha[55,3]",1.76439962835,1.76327795,0.0424403978731646,0.0445025370299999,1.69727802,1.835169815,1.00172318829673,2626.97204124946,1739.90767954247
"alpha[56,3]",1.6208297468,1.61798335,0.0594078220150077,0.0584348998800001,1.52727612,1.720658505,1.00064916253004,1747.35935998501,1508.46005973326
"alpha[57,3]",1.6470473808,1.64539505,0.0462976038243597,0.04520395509,1.57368207,1.727502105,0.999525213905368,1765.98333237337,1464.43549501274
"alpha[58,3]",1.9498627726,1.9484839,0.0703187481427166,0.07209668823,1.83778118,2.066492665,1.00016514754256,1522.46484940306,1475.5145632866
"alpha[59,3]",1.45776252145,1.4564052,0.04596358722797,0.0472501654800001,1.384678895,1.535335675,1.00042105664763,1806.86901622043,1669.11287815711
"alpha[60,3]",1.5670180843,1.5660282,0.0450286918486214,0.0449448707399999,1.49425148,1.64121665,1.00129554935584,1908.365332575,1152.68552046576
"alpha[61,3]",1.43222659345,1.43105385,0.0383321342969243,0.04074711123,1.37486368,1.499139215,0.999676111316125,2627.94831225475,1584.08617087703
"alpha[62,3]",1.77278220615,1.77016125,0.0447711839989479,0.04598194944,1.701127245,1.8489188,1.00138562349135,2243.21625650458,1605.84949514363
"alpha[63,3]",1.60914668175,1.60696825,0.0472984787154174,0.04731310185,1.536337195,1.691403855,1.00053335660234,1955.55152563421,1295.24333225385
"alpha[64,3]",1.514977142,1.51341935,0.0364034873899967,0.03575371443,1.458459555,1.5782432,1.00014597077213,3077.37032397265,1373.37239717252
"alpha[65,3]",1.594004531,1.5922903,0.039387888533617,0.04082820945,1.531596705,1.66013393,1.00149788552608,2562.85168486697,1609.06520511561
"alpha[66,3]",1.6432346012,1.6416237,0.0421259646279903,0.0422400153,1.57774163,1.715677585,1.00251423849261,2151.0634635538,1654.96812203978
"alpha[67,3]",1.66845204505,1.667526,0.0442049026803407,0.0422576582400001,1.597496155,1.745764655,1.00312089384304,2669.93719885282,1114.26290211785
"alpha[68,3]",1.56930289925,1.5682097,0.0459093143535692,0.0456784612199999,1.497416625,1.647554595,1.00041108635007,3265.29211315134,1584.04371958652
"alpha[69,3]",1.73517329545,1.73373455,0.042547985471621,0.0428019948299997,1.66777997,1.807640865,1.00063862786483,2782.75240738647,1179.17892454771
"alpha[70,3]",1.7285632072,1.72588475,0.058420191470872,0.0568414755300001,1.637487325,1.830433455,1.00176105048051,2103.9621897817,1316.86333199187
"alpha[71,3]",1.672324725,1.67022945,0.0404288201939229,0.0394900146899998,1.607443385,1.74221366,0.999948226941676,2646.89475835988,1382.72363439467
"alpha[72,3]",1.48915477155,1.4869269,0.040504064811304,0.0399362772899998,1.426777285,1.55894215,1.00115739155447,2133.4927642253,1530.0893198332
"alpha[73,3]",1.51146505195,1.51007045,0.0410579901291198,0.0410155359600001,1.44642398,1.582052475,1.00211409420749,1812.05513262595,1567.39949278449
"alpha[74,3]",1.76424839375,1.76218005,0.0450854718230719,0.0443588730899999,1.690897125,1.84376535,1.00001245680584,2163.65559949506,1809.6260547895
"alpha[75,3]",1.94429692715,1.94269725,0.0452146223990181,0.0462575647800003,1.87417177,2.020787275,0.999539354188112,2943.02582870651,1386.68472553311
"alpha[76,3]",1.539778138,1.5375876,0.0371557690134251,0.0359903373899999,1.481862435,1.603880935,1.00031748262107,2492.79742320102,1384.31116677406
"alpha[77,3]",1.5388932856,1.5375845,0.0359009998030745,0.0363781114200001,1.48255786,1.600735955,0.99980476937522,2972.07484067712,1597.47749174876
"alpha[78,3]",1.84955062105,1.8450433,0.066122805817129,0.06614745921,1.747702155,1.965767065,0.999629286253038,3380.11577982674,1198.32397284915
"alpha[79,3]",1.80577818285,1.80466495,0.0637213274564871,0.0637352690100001,1.704494015,1.909832125,0.99958273505605,1381.29117914812,1324.40726169729
"alpha[80,3]",1.4205125062,1.4187614,0.0402638688002366,0.03984183567,1.35795729,1.489964655,0.99982905379472,2805.25941763682,1414.62981885771
"alpha[81,3]",1.76559636175,1.7646547,0.0427247605117653,0.0425192630100002,1.699690465,1.84128667,0.999855847384409,2697.38476326022,1367.29018344349
"alpha[82,3]",1.89577486325,1.8938245,0.0417581648248848,0.0429412851,1.83077703,1.96643091,1.00026278881986,2434.7023749178,1693.987656958
"alpha[83,3]",2.2205305284,2.2166803,0.0570646218018644,0.0556343426099997,2.13210489,2.316144895,1.00357318293974,2372.32441943124,1427.17648753064
"alpha[84,3]",2.1229345811,2.1215139,0.0440266147349168,0.0441327765900001,2.05263807,2.200691435,1.00014806654448,3092.30982587363,1561.07058437331
"alpha[85,3]",1.5140065306,1.512367,0.0462126738699577,0.0451379052600002,1.44323594,1.594845555,1.00191525411465,2153.01427266276,1192.5688283162
"alpha[86,3]",1.6100271124,1.6085543,0.0456582432022096,0.04422618039,1.536681735,1.687263365,1.00026092441038,2526.22552921391,1403.91599759768
"alpha[87,3]",1.8721205361,1.8691007,0.0555599645109656,0.0557998748999999,1.781424315,1.96309826,1.00060305303227,2235.43027991727,1608.39259164134
"alpha[88,3]",1.662208379,1.65876845,0.0616540453789562,0.0619187874900001,1.56690431,1.768273165,1.00035651108764,1370.33395607938,1394.93719177191
"alpha[89,3]",1.7620090256,1.75798705,0.0623294004790768,0.0611044694399998,1.664505425,1.867667885,1.00156456793533,1696.52003016372,1665.04591853496
"alpha[90,3]",1.78632783355,1.7857747,0.047651788729169,0.0480516590399999,1.708387105,1.8689368,1.00418094593698,2567.18302547823,1604.87882445984
"alpha[91,3]",1.7826806658,1.7804611,0.0458886647197664,0.0463643861100001,1.710298915,1.86099113,1.00032998763583,2673.32983468801,1208.64858184584
"alpha[92,3]",1.58230898475,1.5813447,0.045451425432463,0.0442012727100001,1.510150415,1.65819831,0.999151477669542,2337.27251067628,1697.36534723633
"alpha[93,3]",1.78261631155,1.7812129,0.0418968333926722,0.0405525199799998,1.717159225,1.854908455,1.00194983794177,2117.93580715155,1698.41698991288
"alpha[94,3]",1.89965019675,1.8990198,0.0503122433392889,0.0532225230600001,1.82085001,1.982963175,1.00430820026192,2613.54073316941,1615.31049519112
"alpha[95,3]",1.4104261064,1.40816655,0.0372466300561951,0.0371953205400001,1.353660365,1.475137605,0.999923652295034,2415.81797574645,1740.36249120392
"alpha[96,3]",1.34758230925,1.34609485,0.0400752415965536,0.0413594991599999,1.284164255,1.412541685,1.00002931019142,1946.39785074449,1346.46864817204
"alpha[97,3]",1.7303680997,1.7295077,0.0626642304135103,0.0601788081300001,1.62876041,1.836475205,1.00374604953205,1568.67559122096,1176.33209875135
"alpha[98,3]",1.5394943743,1.5370445,0.040592509124264,0.03984494913,1.47440301,1.607709295,1.00144483560436,1604.93310113786,1396.85377917766
"alpha[1,4]",1.34423118595,1.34075145,0.0735976597591819,0.07083588519,1.22740715,1.469508815,1.00031528746325,2618.12296935635,1739.0888088441
"alpha[2,4]",1.6338114129,1.63314075,0.0950734365673196,0.0950603831099998,1.48227221,1.796813795,1.00064311700163,2165.53111231385,1492.95007386367
"alpha[3,4]",1.8494940462,1.8480592,0.112785190452532,0.11484857118,1.666334805,2.03454936,1.00522206992314,1897.55123665793,1627.15018653163
"alpha[4,4]",1.62422815145,1.62391085,0.0978377281327119,0.0977589375,1.469680685,1.7928554,1.00313910629065,2367.72173734763,1615.10132870608
"alpha[5,4]",1.32035540825,1.31727425,0.063247967868854,0.0615214506900002,1.220527355,1.42943225,1.00000089694519,2497.15613650459,1691.0093615855
"alpha[6,4]",1.48961578105,1.48641785,0.095017527430501,0.09360580425,1.33981739,1.6563067,1.00062951281596,2277.20300312704,1265.94576096341
"alpha[7,4]",1.62888570305,1.62396625,0.0764669072789279,0.07375075092,1.51334208,1.76505926,0.999962402341785,2530.90368201439,1487.12334968158
"alpha[8,4]",1.4837579333,1.4781566,0.109643717450544,0.10999164771,1.314503135,1.67792172,1.00039133987764,2443.40860884038,1412.37727910415
"alpha[9,4]",1.177377489345,1.17107765,0.0666884187890274,0.0651547102500001,1.076332865,1.29644993,1.00138186069374,2199.54868691149,1109.91877073353
"alpha[10,4]",1.4599429778,1.45150185,0.120484477674164,0.12069757644,1.26836515,1.672043935,0.999624894115528,1981.39506809723,1602.27662694164
"alpha[11,4]",1.51141903215,1.51119805,0.0905350547062877,0.08823419619,1.36502952,1.664923785,1.00052513198807,2083.24938281257,1708.08473142909
"alpha[12,4]",1.97673128935,1.9715271,0.0832493878823386,0.0830063262,1.848946595,2.11737757,1.00074881586643,2489.52205206858,1285.74393502434
"alpha[13,4]",1.9528138747,1.9503355,0.102737337295018,0.10047268854,1.790577215,2.133345225,1.00164901700776,1468.9574577388,1359.0087777164
"alpha[14,4]",1.72628195525,1.72107115,0.0855089957639439,0.0869301753599999,1.593556805,1.87212516,1.00031451126279,2910.42877167215,1507.8953888965
"alpha[15,4]",1.7343411677,1.7292212,0.0929366738872513,0.0940961742000001,1.590968095,1.8986388,1.0005187379581,2656.02474024258,1724.78735142663
"alpha[16,4]",1.69600370805,1.69120315,0.0654454585243029,0.06452453112,1.59202485,1.808090405,1.00068047493502,2694.71341891715,1338.23195535895
"alpha[17,4]",1.7155259093,1.71072665,0.0817943221325483,0.0822286283700001,1.587764805,1.85179854,1.00073898159311,2620.54732977873,1323.36874105825
"alpha[18,4]",1.4764519812,1.47375555,0.0549316007462288,0.0527738883,1.388759615,1.57048286,1.00125751010706,3347.77747565126,1642.96235322403
"alpha[19,4]",1.734600978,1.72707285,0.090209859218812,0.08998373832,1.59822417,1.895895085,1.00154710702771,1906.5835110833,1490.91572750644
"alpha[20,4]",1.41875317215,1.41493705,0.0677221840938764,0.06601298739,1.31480075,1.535209585,1.00098092816905,2606.99208085688,1578.59193878936
"alpha[21,4]",1.89786151835,1.89579365,0.067035670618358,0.0657387805200001,1.791929,2.01654373,0.999567382027903,2426.49526555782,1529.31956580052
"alpha[22,4]",1.2892589334,1.2843699,0.0588277269173797,0.05683858446,1.201236455,1.39427736,1.00033430260849,2745.58434534598,1322.84411064782
"alpha[23,4]",1.66919447985,1.66311915,0.0622636704340618,0.06147437814,1.57554656,1.77946782,1.00001151264649,2508.92412385571,1589.82297009471
"alpha[24,4]",1.40051936595,1.39487975,0.0837036559774077,0.0822217342800002,1.27002622,1.543008125,1.00106242788684,2144.60306957015,1530.12934222088
"alpha[25,4]",1.57754359475,1.5748272,0.0858803698483295,0.0855845676000001,1.441515765,1.720259645,1.00226612113165,1503.63344366867,1295.14986770555
"alpha[26,4]",1.57249685305,1.56909485,0.0734302291271964,0.07075478697,1.45730553,1.70454976,1.00240088927379,1977.26098256656,1490.7439585481
"alpha[27,4]",1.7816667876,1.77777035,0.0748923794705154,0.0750002120699999,1.664802545,1.91157191,1.000328209743,2737.11621228896,1243.08681859982
"alpha[28,4]",1.5929844428,1.58761995,0.0959519708366407,0.0959963484899999,1.440166335,1.75317835,1.00164824695438,2247.23274524991,1574.19372569783
"alpha[29,4]",1.60735440655,1.6038354,0.072893574578689,0.0695111820900001,1.49385432,1.73995974,1.00035194386204,2401.20236021377,1106.18413950051
"alpha[30,4]",1.47178440835,1.46886005,0.0751014598563161,0.07576271325,1.35199234,1.597929155,1.00293365107046,2404.40678571904,1442.20637267802
"alpha[31,4]",1.91675533085,1.9144769,0.0726180832801247,0.07186110309,1.802011955,2.04148271,1.00028669264489,2055.81923470266,1364.52534308194
"alpha[32,4]",1.54853908535,1.5429107,0.0780470999335812,0.0760027461900002,1.43214227,1.684123145,1.00212235627347,2221.89343337772,1244.79723879907
"alpha[33,4]",1.8423036853,1.83958865,0.113565689811786,0.11462840508,1.658855395,2.03223169,1.00041000635791,1793.97199011524,1609.34298824656
"alpha[34,4]",1.7476223763,1.74578985,0.103604981668172,0.10241163282,1.582826655,1.92369854,1.00161543163822,2348.74524583028,1396.82913923525
"alpha[35,4]",1.5833119375,1.58092145,0.0682198707748388,0.06931362564,1.476941125,1.69933632,1.00022134533345,2798.27090098058,1755.82106222906
"alpha[36,4]",1.44116010485,1.4331944,0.110297985765463,0.11094466299,1.268692935,1.627328035,1.00211093558892,2582.12463202498,1748.67629379567
"alpha[37,4]",2.1933940989,2.18782925,0.0829594272666436,0.0831399825899999,2.066081195,2.34035307,0.999468304375759,2660.89257460625,1630.0266654791
"alpha[38,4]",1.62894363235,1.62643075,0.060768368827246,0.0596805803999998,1.53318293,1.736063945,0.999537983926288,2359.12022632513,1498.23975997166
"alpha[39,4]",1.3296897693,1.32424955,0.0853328250332515,0.0825647337900001,1.203801935,1.478650545,1.0013326628686,2636.81163942401,1306.40303780801
"alpha[40,4]",1.8073449789,1.8024808,0.0928685099122165,0.0938915754,1.66256901,1.972992605,1.00116512070649,2234.51702258299,1605.03551002214
"alpha[41,4]",1.15076660288,1.14502395,0.0784236146812351,0.0739651348800001,1.029430055,1.2885763,1.00123851904909,2309.96651345698,1545.67686376654
"alpha[42,4]",1.5532629474,1.5463958,0.10846344576942,0.11162102511,1.385348755,1.741319475,1.00030083653312,1880.36673625888,1588.51164498804
"alpha[43,4]",1.65232461675,1.64714655,0.0625950067357569,0.06164895429,1.55567071,1.76012326,1.00191887541905,2652.0090712699,1693.28063571848
"alpha[44,4]",1.49749037955,1.492306,0.0749100119128891,0.07504646919,1.380359065,1.62617368,1.00657770598596,2045.91444167492,1765.55365097218
"alpha[45,4]",1.43674134225,1.43107295,0.122689564911596,0.11660337654,1.24009488,1.649352795,1.00214292345437,1949.4028947026,1389.73943302208
"alpha[46,4]",1.67637608285,1.6730498,0.064574339055957,0.0626775080399999,1.57722045,1.792305485,1.00321498239913,2983.68168946993,1415.06073057138
"alpha[47,4]",1.5328785137,1.53076155,0.0524649070066831,0.0537939912300001,1.450827915,1.621766185,1.00131207610471,2427.45803225146,1204.86799171558
"alpha[48,4]",1.625220906,1.6226289,0.0741593089962879,0.07187489127,1.51176625,1.75506976,0.999691716296392,1559.69355814839,1652.69407646699
"alpha[49,4]",1.76567852915,1.76236795,0.0951185405122741,0.0952305114599998,1.61047463,1.92787421,0.999585369083947,3211.438329496,1814.78501991163
"alpha[50,4]",1.8751296409,1.86867615,0.0901109589468615,0.08441138622,1.73339251,2.032870835,1.00180963134688,2064.87164820121,1271.08427075523
"alpha[51,4]",1.98588222955,1.9814745,0.073163419322302,0.0720966141000001,1.871029815,2.11479463,1.00141446417056,2528.33144637696,1401.57550275399
"alpha[52,4]",1.60363990865,1.600005,0.0851465926823173,0.0818841462599997,1.473198545,1.752552795,1.00196682904382,1833.54131241703,1532.50538686975
"alpha[53,4]",1.36453926405,1.35673305,0.0836543420727793,0.0830209298099998,1.23820999,1.511157075,1.00506995000614,2342.3886526507,1457.36451952186
"alpha[54,4]",1.4254795731,1.42105695,0.0903717621511938,0.08953013685,1.282908315,1.58451815,1.00013582695691,2633.02513695213,1803.54111321655
"alpha[55,4]",1.51936457055,1.51319945,0.0991489126205267,0.0995777911799999,1.3704684,1.68919908,0.999667271436747,1992.40235402341,1428.99559666823
"alpha[56,4]",1.39824525465,1.3994809,0.0999783031839424,0.09899942892,1.234916335,1.568993035,1.0007442350285,1688.96276568755,1185.19088254426
"alpha[57,4]",1.62466769315,1.6197681,0.0688619794998285,0.06951829857,1.518039565,1.745843595,0.9999711812645,3001.47951326987,1396.34400780838
"alpha[58,4]",1.72462666755,1.72580825,0.128697605600151,0.12667052706,1.515946345,1.93582543,1.00042158680079,1255.16861357045,1623.68662942458
"alpha[59,4]",1.4234911204,1.42093185,0.0752157505624284,0.0764212100399998,1.30675444,1.554788445,1.00055000165473,2132.0084317508,1497.40251390318
"alpha[60,4]",1.41399050265,1.4057689,0.0881901096102783,0.08621133675,1.279526495,1.574697055,0.999786460998304,2704.69280920401,1657.84788966166
"alpha[61,4]",1.26746786055,1.2641398,0.0616558946822634,0.0626600133599999,1.171739695,1.375216645,1.00090037873318,2600.39134259375,1189.86046740136
"alpha[62,4]",1.6866022705,1.68156615,0.0726608831489389,0.07214739315,1.57115735,1.812208,0.99978490517377,2303.6334047761,1500.29760318655
"alpha[63,4]",1.5438872887,1.5373452,0.0672860260844424,0.06494047455,1.442628405,1.665645345,1.0010823742053,2372.85177107516,1229.76021926231
"alpha[64,4]",1.2528081569,1.245324,0.0684267340952964,0.06979917714,1.152075875,1.369989525,1.00236040765715,2298.5418097061,1503.37786535122
"alpha[65,4]",1.44454003015,1.44133935,0.0694272912303233,0.0708567157199999,1.336578785,1.56615188,1.00308501263686,2676.34117957074,1565.46363176452
"alpha[66,4]",1.5160060232,1.5119435,0.073077423994874,0.0698746414799998,1.400792515,1.644089355,1.00092450862478,1808.50083918448,1419.02135130877
"alpha[67,4]",1.61187869205,1.6070828,0.0718918843557239,0.0678490392299998,1.49993336,1.73795924,1.00320097223635,3255.71645510522,1661.59715681051
"alpha[68,4]",1.34171902075,1.33457425,0.087552892029507,0.0871402597800001,1.210128765,1.49602127,1.00016862962326,2328.59315441297,1379.13110632833
"alpha[69,4]",1.54335507155,1.5391612,0.0693279756762542,0.0721715595299999,1.435789835,1.661611475,1.00281024617949,2602.7953692034,1533.50118683337
"alpha[70,4]",1.6944017377,1.6906295,0.0703170199028523,0.0717616206300001,1.58553152,1.8163537,1.00096162361708,2098.74499011885,1470.54292587387
"alpha[71,4]",1.4952959471,1.491794,0.0706566606008163,0.0731524476900001,1.38642921,1.61963203,1.00002858327846,2165.81773689276,1610.91657295824
"alpha[72,4]",1.5352194775,1.5301556,0.0716172646936214,0.0711761418899999,1.423294015,1.659364595,1.0009549274699,2096.63822712962,1584.28692554528
"alpha[73,4]",1.30299131135,1.29693985,0.090882235616794,0.09031050336,1.16023628,1.459945535,1.00157534739197,1843.76246141181,1382.69782238149
"alpha[74,4]",1.7202471668,1.71484255,0.0805191834553961,0.0770205510899999,1.59477841,1.8616055,0.999826020036258,2568.92039499807,1318.44001980712
"alpha[75,4]",1.64769028315,1.64541795,0.0947111567324124,0.0927731019599997,1.49714584,1.81003336,1.00063121435174,1612.95008257267,1661.86856341758
"alpha[76,4]",1.4117598312,1.4066928,0.0653192042227372,0.06278114178,1.312181485,1.52502885,1.00249137406507,2437.26483270775,1364.02578192427
"alpha[77,4]",1.2506611759,1.2479791,0.0665721634602928,0.0636125838599999,1.15009241,1.36924491,1.00383230144031,1954.05431544264,1525.19390234496
"alpha[78,4]",1.74953637595,1.7455593,0.05815168941478,0.05684822136,1.65800571,1.853340455,1.00511264862173,2464.53968480716,1404.13641939086
"alpha[79,4]",1.55771754135,1.55510765,0.110477698176014,0.11051330052,1.378934425,1.74700237,0.999446078517073,2100.43970870165,1643.21232211777
"alpha[80,4]",1.3221167463,1.3169743,0.0620992040732311,0.06083048496,1.231430615,1.42923219,1.00233825654027,2565.03231853144,1517.14814598744
"alpha[81,4]",1.60937909065,1.6072747,0.0626581613438865,0.06131840862,1.513828835,1.7165167,0.999835476225428,2800.88381398464,1242.95073111344
"alpha[82,4]",1.5725939914,1.5686011,0.076327838032719,0.0750403905300001,1.45175113,1.7069108,1.00362771946027,2520.79727806845,1518.49506418615
"alpha[83,4]",1.8977502901,1.89283655,0.0893671963235909,0.0887972876700001,1.7606934,2.052170445,1.00015807601013,2081.70337186548,1375.06890765582
"alpha[84,4]",1.865893428,1.86110795,0.0795325126885319,0.07886787069,1.74215799,2.0041572,1.00190797861449,2476.75455593671,1507.69168270201
"alpha[85,4]",1.6124353187,1.61022415,0.0628355854926949,0.0615568848300001,1.513471575,1.719853055,1.00017979199871,2490.62001147883,1286.96194882976
"alpha[86,4]",1.7325828037,1.73032685,0.061387231458161,0.0618651915,1.63865574,1.839489495,1.0009403575922,2451.28203340155,1758.97564602863
"alpha[87,4]",1.74074678435,1.7366716,0.0955701206122651,0.0956242158899999,1.594069545,1.902260395,0.999133367425012,2326.04864777626,1764.14212355095
"alpha[88,4]",1.4855348624,1.4882108,0.129274983338484,0.12769959972,1.266653375,1.694486355,1.00071650404691,2091.88378138039,1401.56231130075
"alpha[89,4]",1.5682459419,1.56741025,0.121709087730073,0.11719901109,1.372906815,1.77281185,1.00030007918538,1980.81163149311,1487.98854977487
"alpha[90,4]",1.6884922315,1.6846704,0.0851368056188306,0.0839199784500002,1.558968415,1.83362894,1.00208407255665,2707.23485752332,1622.25198910318
"alpha[91,4]",1.62479709815,1.6197575,0.0575221495154342,0.05539297533,1.53612119,1.726744885,1.00280032868825,2477.54343510227,1349.96942463694
"alpha[92,4]",1.5416733427,1.537815,0.0777909493672188,0.0814965204899998,1.423533085,1.67336438,1.00117193587505,2912.29648892618,1566.2875432659
"alpha[93,4]",1.56777292275,1.5602985,0.0974956844373482,0.10033584456,1.42156469,1.734961015,1.00019050693604,1915.21096408417,1419.49086785283
"alpha[94,4]",1.8419798925,1.8387623,0.0708215185061204,0.0716570231999999,1.72918764,1.961062775,1.00034510950903,2361.93347117285,1491.44528756257
"alpha[95,4]",1.55692410375,1.55313065,0.0561056718925533,0.0554647331699998,1.47116755,1.65430427,1.00030786421445,2691.59895100113,1318.21039890847
"alpha[96,4]",1.3501576416,1.34523885,0.0843329193986709,0.0847262163299998,1.220378765,1.492900665,1.00240665602734,1764.47284728047,1795.70680192659
"alpha[97,4]",1.5740162976,1.56937545,0.122201989020017,0.1239802011,1.383565765,1.778399085,1.00473073167295,2265.72162591603,1750.92682399446
"alpha[98,4]",1.28281725906,1.2738772,0.115135867838246,0.11349577281,1.11043643,1.484410515,1.00138689339859,1582.88377980151,1797.74295328359
"tau[1,1]",0.179192475915,0.17971205,0.0142277949505,0.014313717222,0.154971264,0.2020776435,1.00209011754677,900.264652513746,1090.89256748479
"tau[2,1]",0.180489250255,0.18069452,0.0210141136629478,0.021236265729,0.145860845,0.2147409355,1.00029935830565,742.376118279635,839.180498384894
"tau[3,1]",0.21051154748,0.21038148,0.0201318030032253,0.020533053723,0.177306308,0.242541357,1.00053424295185,859.834539775822,841.244849878383
"tau[4,1]",0.216956163145,0.216767755,0.0191113180540785,0.018513826653,0.1847434775,0.248263615,1.00101819307517,735.297094401534,714.14795989127
"tau[5,1]",0.156053697457,0.15613208,0.0159843500656607,0.016190888973,0.130145146,0.1812597285,1.00571392264454,704.341995846499,674.849101603633
"tau[6,1]",0.23403990083,0.234348635,0.0190922486814158,0.019158320286,0.2017018955,0.265229086,1.00047461249385,856.537519869396,1229.42927351419
"tau[7,1]",0.19667885159,0.19733286,0.0168951097228899,0.017029469772,0.169002878,0.224057125,1.00012191259385,942.175726277615,1034.32477114589
"tau[8,1]",0.20029862534,0.200398655,0.0186067265266577,0.019152916209,0.170020724,0.2300679445,1.00138486475287,966.410291437942,1186.74735571043
"tau[9,1]",0.24482454368,0.245215035,0.0161306333877187,0.016356384198,0.217983255,0.271094759,1.0031779259019,798.353275382078,1088.47616770854
"tau[10,1]",0.206700102205,0.2064374,0.0183162361635937,0.018293808813,0.1770787535,0.236365544,0.999827864141035,722.26581006331,1086.16893680594
"tau[11,1]",0.241197684445,0.24128599,0.0192853768906917,0.019213220964,0.2092021415,0.2722472715,1.00445574440181,966.95910265162,1141.87488448456
"tau[12,1]",0.16046831199,0.160490625,0.0150423328314091,0.015077115375,0.135474649,0.1849757155,1.00320500020771,948.188699136671,1268.74988055728
"tau[13,1]",0.20207821738,0.202076995,0.0209982699437008,0.020930175546,0.167702285,0.235962144,1.00441154627574,923.719230433179,1041.41106533343
"tau[14,1]",0.210023225475,0.21035122,0.0165262421687965,0.016252061049,0.1820130255,0.2364129725,1.00101415037017,975.256388270168,837.006578058022
"tau[15,1]",0.232822124735,0.23330777,0.0162758292792959,0.015705078018,0.205495353,0.2590154675,1.00370872612978,810.838771131359,939.706289116046
"tau[16,1]",0.247190389505,0.24758262,0.0151404489377845,0.014957788314,0.2222743235,0.2713633285,1.00005485106896,920.629311500073,1267.97309770014
"tau[17,1]",0.217740401775,0.218060745,0.0183198806419877,0.018938495184,0.1878730065,0.2472063975,1.00203183297864,826.578588631224,1110.37078159094
"tau[18,1]",0.19399794512,0.19413312,0.0169822244329359,0.016800215334,0.16688188,0.2214637735,1.00136000652782,1163.59809740745,991.207432622762
"tau[19,1]",0.24333940255,0.243008765,0.0196233662035722,0.019259070369,0.211503236,0.276121554,1.00697232124942,875.17901459956,1152.51527392879
"tau[20,1]",0.18835245929,0.188979065,0.0150936446719406,0.015046811031,0.1634337235,0.2122426715,1.00236145839146,948.757704253579,938.906596215034
"tau[21,1]",0.197553434715,0.197691035,0.0188416783460693,0.018401430747,0.1664129145,0.2289154465,0.999111875431938,893.45573620606,1091.22613968041
"tau[22,1]",0.19447053817,0.194910715,0.0183507957651817,0.019289700885,0.163611813,0.222881249,1.00360252649297,999.189319546982,1051.53282030365
"tau[23,1]",0.24658768028,0.246380645,0.0160319495503156,0.01583913471,0.2205635465,0.2731794825,1.00098939415962,979.242554899434,1354.0611466268
"tau[24,1]",0.20966584523,0.209804215,0.014001819985532,0.013756052058,0.186436235,0.2330267745,1.00152170954631,977.38493219423,1070.43409524159
"tau[25,1]",0.22412834232,0.22395123,0.0187051167247894,0.018671612358,0.1931283355,0.2549285745,1.0001130155966,968.582664711749,1035.9115605319
"tau[26,1]",0.2028816959,0.20317056,0.0169466387054719,0.017202452127,0.1744830005,0.230434774,0.999626934489396,894.167192120611,1123.54572331679
"tau[27,1]",0.201364924785,0.201896265,0.0180761324809527,0.01822967895,0.170501842,0.230820475,1.00023377872982,1189.83938569758,1468.16302673939
"tau[28,1]",0.20088934704,0.20143574,0.0191988268863908,0.019698513009,0.1683472985,0.2313505955,0.99968912504401,979.71717808688,1045.62954770422
"tau[29,1]",0.23308172041,0.233451885,0.0162794141713065,0.016120524777,0.2060149785,0.2591988825,1.00098655310934,954.057367037122,1066.6291498046
"tau[30,1]",0.178250607535,0.17874326,0.019566921975468,0.019383430857,0.144836658,0.209451915,1.00076433999186,847.66661115041,891.435151241996
"tau[31,1]",0.218096795095,0.218259455,0.018345891597487,0.018199997298,0.187314542,0.2482593035,1.00391787862845,907.820151134244,966.273541867956
"tau[32,1]",0.232639152885,0.23300026,0.0187826885031112,0.01857497649,0.2017292275,0.2626478625,1.0008124815097,884.504703028596,1054.00081180318
"tau[33,1]",0.189822067235,0.19002533,0.0202390724275783,0.02052303876,0.1552397115,0.2231152985,1.00331078514465,802.273148823033,945.873975217159
"tau[34,1]",0.19631699725,0.196431895,0.0201069819873345,0.020475417648,0.1621909145,0.229601071,1.00048555900035,1107.34040195125,1007.57127489361
"tau[35,1]",0.22387228383,0.22407792,0.0173237165137342,0.017258309082,0.1951106665,0.252152098,1.00235847365839,757.389134274068,1023.7139490663
"tau[36,1]",0.222473630835,0.222902885,0.0184821611490528,0.018416019531,0.191424628,0.2520954625,1.00393766355647,964.445122824508,935.636213831776
"tau[37,1]",0.193192203355,0.19314311,0.0180988654668714,0.017113822299,0.163303648,0.2226827965,1.00129069008861,816.198865497994,1115.35626333358
"tau[38,1]",0.21115067231,0.211360115,0.0155911602365917,0.015898468362,0.1854415865,0.236485629,0.999653100111262,1070.42863687298,1173.18929259731
"tau[39,1]",0.16924729632,0.169739615,0.0126411572949082,0.012382549179,0.1475504185,0.1889968685,1.00493558517936,968.476295773209,1180.47782177374
"tau[40,1]",0.219906310405,0.22028845,0.020585902493266,0.020188541961,0.1860301015,0.2523535375,1.00146454806406,902.683205548506,890.430277996538
"tau[41,1]",0.248007314335,0.248702205,0.0169137333706374,0.017790777459,0.21973144,0.2743382175,1.00100420924624,780.252453363683,949.965366983402
"tau[42,1]",0.241204279415,0.24115589,0.0167955676998358,0.016912129395,0.213734189,0.2685118215,1.0015161357179,1025.97397380418,913.517539698559
"tau[43,1]",0.20331430585,0.20385921,0.0161165136653799,0.016627914975,0.1762986975,0.228880545,1.00131599592231,810.767810427241,960.909972475345
"tau[44,1]",0.23560921527,0.23535994,0.0162272098005747,0.015977268552,0.209500224,0.2625571885,1.00286303301517,949.696963031667,1133.86553342874
"tau[45,1]",0.20447531611,0.2047204,0.0157150352457611,0.01564743453,0.17747892,0.2298965785,1.00244728720755,844.44583826331,1048.55559688583
"tau[46,1]",0.20943613474,0.209578145,0.016673253298375,0.017191028694,0.181799257,0.236355233,1.0011858102724,1115.9932994186,1110.22345693221
"tau[47,1]",0.267379134025,0.26825986,0.016115129869235,0.015923739279,0.240180185,0.293017793,1.00062301433863,920.711604841179,1121.54544210269
"tau[48,1]",0.197871797285,0.19764368,0.0174637445798409,0.017496963204,0.1678679615,0.2255775915,0.999904589348205,676.613069379613,993.066541558459
"tau[49,1]",0.194019750695,0.19429403,0.0195240753261962,0.019659298239,0.161978545,0.2267072245,1.0003400979199,1102.54376170457,1132.11756357175
"tau[50,1]",0.23654457585,0.236042305,0.020360290872854,0.020760818148,0.2042544025,0.270750999,1.00230243392069,862.912328486036,989.51726688232
"tau[51,1]",0.185460739975,0.185934065,0.0165957621191239,0.016472849841,0.157391103,0.2119307225,1.00066236172708,1055.04164500046,1100.68648102656
"tau[52,1]",0.22392956687,0.223751565,0.0170291584825316,0.01702684557,0.195353307,0.251262794,1.00183639519438,911.032635107844,1386.9658938603
"tau[53,1]",0.20493528449,0.205187245,0.0136847567376239,0.01344881286,0.1820324105,0.2269521735,1.0013734789911,857.818162812681,1125.20931629627
"tau[54,1]",0.21149134346,0.21188261,0.0175893796223836,0.0180039531,0.182523431,0.239862122,1.00175095965166,781.828633977437,1088.05958302985
"tau[55,1]",0.2180675309,0.21823902,0.0174692619655619,0.017377176537,0.187259507,0.245434518,1.00067456253707,829.882597653412,1055.98635067222
"tau[56,1]",0.217262579945,0.217588145,0.0197076756158219,0.020095620006,0.1845007465,0.249452146,1.0001263006851,821.317256959325,1064.508924157
"tau[57,1]",0.23823452987,0.23841908,0.017727294753791,0.017052338877,0.208785568,0.267268111,1.00090166935387,1028.989735458,1058.21702363006
"tau[58,1]",0.18228962917,0.182396715,0.0195109752252646,0.019279470945,0.149780626,0.213733589,1.0019101948556,603.175963257463,705.761816017246
"tau[59,1]",0.203984603355,0.20435138,0.0163917704961875,0.016721963706,0.176729219,0.2306029225,1.00518045288258,974.248181885386,913.325848591536
"tau[60,1]",0.18871553192,0.18915522,0.0164296907569336,0.016771897674,0.1617404005,0.215969876,1.0055261492002,681.487955387298,848.295533043206
"tau[61,1]",0.210987376365,0.21153774,0.0166268445751313,0.016668753192,0.1829986975,0.2368442105,0.999728777224678,1083.26070209275,1315.41469779766
"tau[62,1]",0.24632848209,0.24621523,0.0200769446014464,0.020919352566,0.2124788175,0.2786210025,1.00296282411973,769.032879321836,1159.10680636574
"tau[63,1]",0.228747412095,0.228538695,0.0166777951697698,0.016824878385,0.200287767,0.2558806395,1.00555304145307,780.612336324632,855.083006153622
"tau[64,1]",0.20770609663,0.20811233,0.0139848146537916,0.013782412686,0.184605999,0.2306308395,1.00181328077324,988.363382200645,1268.17546214165
"tau[65,1]",0.21802446627,0.21791395,0.0141278897267462,0.013708423533,0.1951602695,0.241256779,1.00326983913513,1122.3551946141,1176.56132820469
"tau[66,1]",0.18818052657,0.189073045,0.0180061362215419,0.01815755046,0.1585770605,0.2166923205,1.00298230124816,908.986419608899,1021.94266009339
"tau[67,1]",0.213130813415,0.213523685,0.0162933800407476,0.016384071753,0.1859377875,0.239300953,1.00282491481688,934.145165940371,1022.79433148558
"tau[68,1]",0.219131523485,0.219529755,0.0151421676279106,0.014933681238,0.194230462,0.2433979335,1.00050027061078,973.699556569438,809.670936566154
"tau[69,1]",0.22616337875,0.22653989,0.0146989326793693,0.014110964259,0.202186355,0.250475191,1.00017385013287,1062.96576034597,1232.90091425373
"tau[70,1]",0.237764936155,0.238174205,0.0175663229843031,0.017081879682,0.208228747,0.266113678,1.00054907891134,822.443616100056,981.403577714342
"tau[71,1]",0.20506832733,0.205472345,0.0161301082936631,0.015571236303,0.178149294,0.2314929065,0.999642871951423,975.957125353781,1081.47516307089
"tau[72,1]",0.191081189185,0.19085142,0.0187895144586342,0.018658832346,0.160439044,0.2214720755,1.00327534849491,989.903607382047,977.67194017564
"tau[73,1]",0.22547561772,0.225765995,0.0164249268359618,0.016505748735,0.199152033,0.251772562,1.00107885434399,692.105159773621,953.996750694757
"tau[74,1]",0.205503011335,0.20555503,0.0195126847856825,0.019786223625,0.1745455045,0.238161048,1.0007649569422,866.134074001423,925.185822676841
"tau[75,1]",0.182761474075,0.183234975,0.0184568824196507,0.018488266629,0.1516396,0.21235772,1.00042923311968,803.734392494772,662.07127823755
"tau[76,1]",0.201489132215,0.201804765,0.0156041161501004,0.01522948959,0.175441631,0.2272108475,1.00374592224783,720.268547764382,860.018557542525
"tau[77,1]",0.17626742329,0.176941025,0.0141181789797291,0.014262026373,0.1518424405,0.198717638,1.00129848186554,818.5972902709,981.714313947404
"tau[78,1]",0.199148063535,0.19934452,0.0137200816134612,0.013166281191,0.176066731,0.2210457035,1.00074350447208,1175.81829722133,1102.57723849618
"tau[79,1]",0.227335873445,0.227240245,0.0205336627674384,0.020274414153,0.1928085535,0.260757184,1.00060814388518,928.696104313113,878.950063777342
"tau[80,1]",0.216061307525,0.216261295,0.014737784188469,0.014510954913,0.1914872905,0.2395847035,1.00073731325668,1239.84866029645,1611.56307596855
"tau[81,1]",0.196125031075,0.195918175,0.0174674599423755,0.017952447576,0.168299332,0.2254537055,1.00044928242644,913.326326388169,1050.21341006432
"tau[82,1]",0.244494785025,0.24467906,0.0170315475221165,0.016791267843,0.2153565915,0.272096916,1.00309418501864,810.339740013165,1110.50172318008
"tau[83,1]",0.254130452295,0.25451959,0.0162867031446045,0.015914132031,0.22595211,0.2799913325,1.00234190055296,678.194037135633,1043.57877105069
"tau[84,1]",0.196593811335,0.19670822,0.0208086750956748,0.020394193407,0.160639689,0.229524801,0.999559012012904,829.854240023279,776.429117832103
"tau[85,1]",0.19776878352,0.197973465,0.0171795291418231,0.017255936922,0.1684183655,0.225516516,1.00350995015129,747.776678316275,1069.52707717725
"tau[86,1]",0.198247159645,0.198220635,0.0164362956766955,0.016940046753,0.171992776,0.2248141105,1.00312079188032,1004.0712197619,1297.73500063971
"tau[87,1]",0.1970274159,0.19681418,0.0189337929041673,0.018996501909,0.166743131,0.228556622,1.00194415999472,863.667864048279,1043.76743405885
"tau[88,1]",0.20865634652,0.20924181,0.0202449655526938,0.019779062667,0.174569295,0.2410834185,1.00450831608694,875.299912600861,776.040551968947
"tau[89,1]",0.1626193615895,0.16331407,0.0194558655791556,0.017908829484,0.12890215,0.1934858735,1.00216769500711,677.60877789638,573.795966803001
"tau[90,1]",0.196399718505,0.19711461,0.0181440808448085,0.017930838681,0.165443414,0.2261790165,1.0002481357276,939.53430266798,1048.11555579194
"tau[91,1]",0.163261463735,0.163338825,0.0158985703381126,0.016074089745,0.136308488,0.189664181,1.00188528143794,634.691003585144,724.398221808023
"tau[92,1]",0.19304316805,0.19347842,0.0183409026859867,0.017670568251,0.1621329125,0.222548225,1.00262987281813,1024.73020845619,1036.56969866304
"tau[93,1]",0.227315615605,0.22747262,0.0175029674511668,0.017635460283,0.19848011,0.256193434,1.00065302371536,795.498895458834,1195.20013499264
"tau[94,1]",0.189379203695,0.189596615,0.0162018846490291,0.015807681351,0.162007071,0.2154822245,1.00067523951141,975.192486871927,1100.79488199412
"tau[95,1]",0.186250512805,0.18620774,0.0171345521941488,0.01754034408,0.158847923,0.213956238,1.00292843024708,919.750242243854,1108.93239374234
"tau[96,1]",0.22910949207,0.22931875,0.0185771749899863,0.018684636999,0.1990740205,0.259342414,1.00039702896498,982.661031758009,946.113148568868
"tau[97,1]",0.199242362545,0.199586815,0.0187382303060705,0.019605583641,0.1689667575,0.2300800035,1.00163427277614,988.632946696992,1020.19263780257
"tau[98,1]",0.23013707912,0.230279175,0.0166692767456276,0.016742949909,0.2012549105,0.2574658645,1.00121847889827,632.366104846314,780.40913278745
"tau[1,2]",0.182673776645,0.182603335,0.0163958043713637,0.015975867495,0.155790025,0.2094063935,1.0013623049963,848.820860201483,1204.36922916173
"tau[2,2]",0.18285231254,0.18300224,0.0217221825836233,0.021610436904,0.1468109685,0.2168174715,1.00009302798589,761.201625765027,1002.98741450727
"tau[3,2]",0.211021702995,0.210856195,0.0209384619735806,0.021200030985,0.17630642,0.246534401,1.00061144928685,894.173943149018,843.669580176234
"tau[4,2]",0.216247342275,0.21622833,0.0201688675095391,0.020452155654,0.183270758,0.24999854,1.00106397002215,732.97761995937,1032.47224158739
"tau[5,2]",0.1596751133025,0.159494945,0.017581926909291,0.017857894761,0.131523916,0.1879169295,1.00445041262537,722.102473485076,748.758116954429
"tau[6,2]",0.231963402085,0.23204031,0.0207809788357542,0.020942710929,0.1970864385,0.267032313,1.00133864013859,824.696164137262,1207.76020237598
"tau[7,2]",0.19832118034,0.198336285,0.0192062148836177,0.018930363123,0.1666584595,0.229618821,1.00199423093785,993.857480739201,1228.8350730748
"tau[8,2]",0.199078318415,0.19924239,0.0196553909886112,0.02010820728,0.167091457,0.230563114,1.00159118425808,860.818138551847,1098.05561815263
"tau[9,2]",0.2429512755,0.24285164,0.0178868917838409,0.017997748419,0.214484048,0.271696893,1.00103943111876,780.280449168836,943.965411771787
"tau[10,2]",0.207872842785,0.208045,0.019389085916767,0.019000816275,0.17541569,0.2392160325,1.00037368941755,710.49411071479,1069.97289052945
"tau[11,2]",0.240790919755,0.24090455,0.0200339933901889,0.02040591336,0.2086628015,0.272570415,1.00313503575748,964.416079275478,1151.22322666584
"tau[12,2]",0.16349960046,0.163821625,0.0172246370828384,0.01710831444,0.1349617135,0.1918839265,1.00569037157379,875.63054986196,1203.07550110379
"tau[13,2]",0.20206949245,0.201874445,0.0218407496780752,0.022099524405,0.166888634,0.237411941,1.00200320013645,887.947808853514,1117.11555211308
"tau[14,2]",0.20802928244,0.208198255,0.018463448840351,0.018668810244,0.177492643,0.238344594,1.00207521099107,1097.53982711416,1297.21641386775
"tau[15,2]",0.23019204413,0.23011166,0.0183179827815853,0.017392328709,0.2004355555,0.2602436585,1.00254173775604,844.245572984743,952.128232153868
"tau[16,2]",0.24524096274,0.24527203,0.0174064998777634,0.017159753247,0.217271115,0.273928017,1.00051713873344,810.813547652257,1141.60779285847
"tau[17,2]",0.21829804164,0.21862691,0.0197283756884318,0.0191277639,0.186904738,0.2507615795,1.00102115769094,914.893000576346,1042.76156403
"tau[18,2]",0.197336213775,0.19757949,0.0180260029194902,0.018320058246,0.168381006,0.226319515,1.00237836126329,1155.31289854118,1062.03285687409
"tau[19,2]",0.24132349871,0.240443825,0.0207877134107003,0.020920827753,0.208191934,0.275586303,1.00496821282004,920.686767009166,915.64739680495
"tau[20,2]",0.189815448745,0.190034965,0.0168861404570643,0.016108693629,0.161500101,0.2163076075,1.00299278158533,951.275972397107,1035.09501769639
"tau[21,2]",0.199691239845,0.199338115,0.0204076990332643,0.020716844232,0.1669990525,0.2334231265,1.00074649578775,978.231994076887,1110.31734971002
"tau[22,2]",0.19412322376,0.194335465,0.0189858935754388,0.019032595806,0.1632472835,0.225308576,1.0045409993519,993.264981924615,1108.76965882309
"tau[23,2]",0.24603897214,0.245829335,0.0175407313799696,0.017368162329,0.217752183,0.275150512,1.00357503861771,929.4423792317,1240.15237543548
"tau[24,2]",0.207705719305,0.20739149,0.0159822323431082,0.015714618549,0.180682709,0.2340418775,1.00208009292691,1141.5007965738,1215.28244186043
"tau[25,2]",0.22294899039,0.222867005,0.0195043638815282,0.019309278618,0.191782288,0.254945376,1.00113680807823,973.655682612576,966.819655968547
"tau[26,2]",0.203809521585,0.2042711,0.0176390187126837,0.017361142218,0.173862773,0.2325197735,1.00024358338335,933.886241695205,1115.88341271057
"tau[27,2]",0.202482075195,0.202539145,0.0194734892060733,0.019500089238,0.1708091805,0.2345495365,1.00023203926756,1172.60064116744,1529.57284695887
"tau[28,2]",0.20158509477,0.20236265,0.0199087108479103,0.020017894701,0.1675930405,0.232859205,0.999551817800605,985.499216300967,1071.96669207023
"tau[29,2]",0.231531639835,0.23188938,0.0180316893300128,0.018034116597,0.202182583,0.2596195435,1.00196965221389,978.697157645833,1026.8375332236
"tau[30,2]",0.17983019719,0.18033017,0.020612624661433,0.020881820547,0.1448083605,0.2128765235,1.00227129275617,905.215075172271,1010.07827919596
"tau[31,2]",0.21742926211,0.217506805,0.0199226348233379,0.019644323979,0.184182831,0.250384268,1.00331536862635,896.809396907142,981.184506580485
"tau[32,2]",0.232384495465,0.2330788,0.0201167440423201,0.020246481969,0.19933862,0.2640646255,1.00028111216596,890.399973611406,1064.03409172863
"tau[33,2]",0.189403690135,0.18999928,0.0209380330890582,0.020479917339,0.1530846475,0.2228549425,1.00379966362743,863.115772727107,1130.57622171158
"tau[34,2]",0.19844576149,0.198408695,0.020899142537038,0.020902969836,0.1636087715,0.232074122,1.00221778583455,993.033450501392,952.166799828414
"tau[35,2]",0.22502562015,0.22508326,0.0188582829601234,0.018178959204,0.1948993955,0.2563629975,1.00195223628279,793.947483886961,967.832556659817
"tau[36,2]",0.22032241449,0.220429715,0.0187636320681124,0.018588149391,0.189092575,0.249820444,1.00148348884336,1002.54631605424,1117.88115584991
"tau[37,2]",0.194123110585,0.19413673,0.0198491146832737,0.019710751872,0.1621126345,0.225340505,1.00012851420083,790.2226787568,1055.87267819202
"tau[38,2]",0.21092377176,0.210805385,0.0175883868227658,0.017409593586,0.1820746745,0.2391594545,1.00073267864703,1070.87764025166,1105.19343004254
"tau[39,2]",0.171950120805,0.17246395,0.0152326444100543,0.015108242562,0.146833241,0.196107911,1.0009975503831,905.726648402792,1049.56558619376
"tau[40,2]",0.21921695476,0.21995299,0.0217159036178192,0.021333361203,0.1827777885,0.253829448,1.00370521898851,935.177531296019,992.315417732317
"tau[41,2]",0.24721388491,0.24763972,0.0183017592172574,0.01822315551,0.2176334145,0.277046175,1.0008605668015,747.121418818454,970.815067261766
"tau[42,2]",0.23950983238,0.23969787,0.0186926621308078,0.018708121383,0.2092352695,0.2701453975,1.00511563532422,1016.77490744988,880.7288369198
"tau[43,2]",0.202821159315,0.20350874,0.0177319342585104,0.018136245498,0.1732600855,0.2304152075,0.999928803666449,953.392171467419,874.910390693987
"tau[44,2]",0.23570825312,0.23584499,0.0181265097907387,0.018256491771,0.205603816,0.2659961715,1.0054217361587,943.797885879284,972.622958893644
"tau[45,2]",0.205763909335,0.206209035,0.0172504279617276,0.017298984213,0.177044955,0.233118381,1.00147882235791,922.99606331416,1119.55497932239
"tau[46,2]",0.210299431315,0.210414035,0.0180533603483497,0.018431371854,0.180541794,0.239843788,1.0017889981423,1047.36138201049,1066.26117987101
"tau[47,2]",0.265102525055,0.26538458,0.0178702452665745,0.017253587001,0.2351631215,0.2945812765,1.00323680302179,970.002480040837,1090.29055730987
"tau[48,2]",0.199439200635,0.199548845,0.019217222623977,0.019179736443,0.1675921055,0.230819711,1.00043191352322,653.834796432822,824.521652881707
"tau[49,2]",0.19589204165,0.195383115,0.0208196070936985,0.021308831586,0.160678234,0.2304835345,1.0008669845884,1156.84936739538,1068.83612538595
"tau[50,2]",0.23567443126,0.235332615,0.0209905809333888,0.020177837589,0.2015671565,0.2710218915,1.00380550619018,857.520916535431,1034.88372104182
"tau[51,2]",0.18431074244,0.18462512,0.0178183366474375,0.017541834093,0.1546205815,0.2128779525,1.00250327115556,1033.56368942975,1212.71589138734
"tau[52,2]",0.22492570148,0.22441705,0.0185455846063422,0.018566837016,0.1953168475,0.2565479745,1.00307670702754,943.195738038447,1187.9709712044
"tau[53,2]",0.20653842312,0.205671505,0.0160587672602692,0.015727502343,0.180744917,0.2334182255,1.00171054057352,936.138025973589,1396.4953110992
"tau[54,2]",0.2131945851,0.213233465,0.0186961710743681,0.018594984177,0.1820840105,0.2440571535,1.00309972219892,865.660893832774,832.119655380188
"tau[55,2]",0.219265742665,0.21930304,0.0193700092080599,0.019231316097,0.1869051375,0.251562017,1.00067952767498,855.107998123387,1019.38858897322
"tau[56,2]",0.219144936895,0.219743915,0.0201233926346616,0.020303791872,0.184555963,0.251054609,1.00202592848524,924.065919818717,947.58022536697
"tau[57,2]",0.239623429075,0.23945781,0.0196003651452184,0.018777773931,0.208320184,0.270841681,1.0020927396741,1037.17655210072,1207.47302648686
"tau[58,2]",0.18017101305,0.180993725,0.0206699901937829,0.020848951305,0.145979352,0.214111467,1.00129394373544,609.081246922887,670.711886038303
"tau[59,2]",0.20416556972,0.203952835,0.0175635249578086,0.017066527359,0.1741664265,0.233188624,1.00515124436025,940.199757117223,1010.98167525105
"tau[60,2]",0.19292773097,0.1931979,0.0188384958957569,0.018682264839,0.161511318,0.2234182665,1.00491559486757,577.847313508396,670.141318850191
"tau[61,2]",0.212196937095,0.212226125,0.0181629441536929,0.018166794471,0.1827096975,0.2409973525,1.00159699862641,1094.28602583569,1180.50592767111
"tau[62,2]",0.24457771845,0.244942985,0.0212776754600089,0.021353376303,0.2085733975,0.278448877,1.00486821203594,775.146120351087,1256.09427904343
"tau[63,2]",0.22955243695,0.22971209,0.0186731203511014,0.018642738723,0.19904527,0.2599505425,1.00722555105561,787.9488118952,880.021617223484
"tau[64,2]",0.20659943292,0.206434165,0.016088570175218,0.016139035038,0.1811812415,0.2327263045,1.00362677882472,956.312007320031,1136.75455585732
"tau[65,2]",0.21784886494,0.218307065,0.0166562584231393,0.016477594161,0.190060648,0.2446733215,1.00817670345805,1108.93089746616,1332.57393094148
"tau[66,2]",0.19089563479,0.190946125,0.0192586489876445,0.019195385286,0.159359341,0.221916592,1.0020114886548,871.582306580215,1018.70789991355
"tau[67,2]",0.21218057907,0.212217445,0.0180712928447523,0.018146927631,0.183551683,0.24236591,1.00206541581062,933.665723168025,1099.80932298396
"tau[68,2]",0.216790594555,0.217216285,0.0166917934582265,0.016689835764,0.189783791,0.24401221,0.999954076188237,1026.38629406457,982.712211392523
"tau[69,2]",0.225589113005,0.22538543,0.01737402974059,0.017481625707,0.1977834635,0.2541757075,1.00262754390191,1100.68523588422,1430.02506488292
"tau[70,2]",0.23916186966,0.24001892,0.0187983508310108,0.018752799534,0.2074536055,0.269188293,1.0034307142137,805.140783336898,994.168057135102
"tau[71,2]",0.207387620735,0.20782407,0.0179057162938866,0.017851519581,0.1776596515,0.237210383,1.00128666181697,952.055263572283,993.233901182114
"tau[72,2]",0.192628653395,0.192681115,0.0199327065664783,0.020219750691,0.160004373,0.2260256025,1.00150823014248,891.712644094353,1016.04216394584
"tau[73,2]",0.22663798906,0.227285095,0.0183564534261818,0.017826270903,0.1963544665,0.2565268145,1.00169672066771,671.979525538467,883.682683170739
"tau[74,2]",0.206809620775,0.206551555,0.0203651657269076,0.020305133625,0.1738160415,0.2410601905,0.999617803927726,883.515770120681,932.816574566546
"tau[75,2]",0.18393793683,0.184397945,0.0196127133226109,0.019288366545,0.1512500345,0.2151029265,1.0010184466562,807.610645806199,654.853434513727
"tau[76,2]",0.202273428385,0.202490705,0.0172463601199617,0.017062457622,0.1736190165,0.22957882,1.00325007850254,677.04599505806,778.70841100116
"tau[77,2]",0.177964392005,0.178056105,0.0167634151715203,0.01694419062,0.1501465785,0.204689001,1.0071259433163,782.043583343276,730.40789262299
"tau[78,2]",0.197269332705,0.197721785,0.0164724701119655,0.016148894328,0.1697224645,0.223071906,1.00602614620663,881.175114536041,1227.6143488181
"tau[79,2]",0.22750024891,0.228017225,0.0214312845831544,0.020655672156,0.192427886,0.261652545,1.00261368827333,963.638990690835,982.186685217765
"tau[80,2]",0.21428938569,0.2150278,0.0160225975577832,0.016346435952,0.186434265,0.2395096905,1.00160514712274,1108.60168928622,1460.05162586611
"tau[81,2]",0.19778923998,0.197869135,0.0188111454030024,0.018777373629,0.167186279,0.228523066,1.0030048918008,835.912336612683,1181.43215070644
"tau[82,2]",0.241672817345,0.24211739,0.0190505546955719,0.018614747235,0.2098921415,0.27250701,1.0044903358831,705.297405325011,774.766619659538
"tau[83,2]",0.251295110855,0.251229015,0.0182478365660091,0.018023827353,0.2204955845,0.280849859,1.00106015075135,753.405011832536,1098.09233221525
"tau[84,2]",0.19548044274,0.1957128,0.0216380085240888,0.020520229233,0.1588657655,0.2316385205,1.00028909801178,804.868749538018,886.399813587266
"tau[85,2]",0.19901928646,0.19976442,0.0186089417722645,0.017888970057,0.1670384305,0.2288695015,1.0017554821376,870.896258606777,1169.0104546291
"tau[86,2]",0.20008662732,0.19950612,0.0182413858020688,0.018218974578,0.1703076195,0.2315624205,1.00393472244068,987.379648582695,1169.19511814363
"tau[87,2]",0.198013609915,0.197462535,0.0199937011483653,0.020386854537,0.1650695565,0.2321391925,1.00201838081179,793.062642729254,1075.44153005748
"tau[88,2]",0.21050132419,0.21142556,0.0207866047622189,0.019887922572,0.175008195,0.243923282,1.00300446096738,927.965956432943,796.649583274029
"tau[89,2]",0.1637819673665,0.16364859,0.0204190313531243,0.019821754134,0.1293551165,0.1963798795,1.00379024804135,721.997896398242,675.837187873197
"tau[90,2]",0.197235918765,0.197495345,0.0194194360962973,0.019392363522,0.1646369135,0.228313308,0.999525823060588,901.194403745711,1013.48756166586
"tau[91,2]",0.16767837117,0.167699725,0.0171920488828203,0.017201191917,0.139910577,0.1961553115,1.00065915983038,718.420599550087,851.992130052875
"tau[92,2]",0.1960608114,0.196626885,0.0193405480120617,0.018824675982,0.1646185385,0.226670721,1.00013318766705,1041.81743347154,945.138117074654
"tau[93,2]",0.22613857741,0.226005465,0.0191650870229269,0.01853138805,0.1937708255,0.2574106575,1.00160357788516,868.897719252621,1072.81055613337
"tau[94,2]",0.192040985325,0.191944675,0.0181295963730147,0.017458259931,0.1614376145,0.221674967,1.00134643895328,999.479920124594,1185.89624249953
"tau[95,2]",0.18700769831,0.18659106,0.0183188961217207,0.018336048087,0.157134734,0.216985646,1.00245448658285,937.731282663452,1198.05413482653
"tau[96,2]",0.22915856836,0.228548,0.0190508637941465,0.019633248957,0.198813792,0.2606609985,1.00103706608742,861.253621253792,1100.32103695838
"tau[97,2]",0.199920617895,0.20008813,0.0199408648145604,0.020407314417,0.1662921285,0.231489195,1.00242467488998,1017.78770405968,996.584147759232
"tau[98,2]",0.22917194934,0.229195085,0.0179294956924375,0.018144622188,0.1994932665,0.2582005385,1.00101089983705,608.462558662614,903.28981632489
"tau[1,3]",0.18319078783,0.18310958,0.0161858647201908,0.016076506383,0.1565035205,0.2096474895,1.00055820024696,908.849929192795,1066.42621873537
"tau[2,3]",0.181581749786,0.181693005,0.0214841961208209,0.02104543287,0.1454349425,0.216751198,1.00011270004466,798.166766762118,941.608369577962
"tau[3,3]",0.21050854265,0.210506995,0.0204521447947065,0.020801330193,0.177403389,0.2443576995,1.00176319836354,885.868406136379,906.094982799966
"tau[4,3]",0.215999862,0.215645345,0.0193142602891357,0.019180507395,0.1845260235,0.247790888,1.00048445746363,693.803506860815,1052.80254354941
"tau[5,3]",0.1600705381595,0.160268835,0.0173919374073079,0.017376776235,0.132012492,0.1880731595,1.00523170878045,742.757486627281,665.509539657468
"tau[6,3]",0.2315670177,0.231636545,0.0203561262254399,0.019921392267,0.1980661605,0.264759809,1.00084278230708,768.330345890815,837.408464923627
"tau[7,3]",0.198735445985,0.19881206,0.0187974936256233,0.019006175874,0.1673917675,0.228977598,1.00120466850529,951.052471772572,1169.78632171541
"tau[8,3]",0.19818992743,0.198526665,0.018900217111325,0.019066569585,0.166559732,0.2280847125,1.00079616866649,957.375341558616,1080.99231281335
"tau[9,3]",0.243677291775,0.24419159,0.0174585164836392,0.017089048053,0.214428539,0.2726527785,1.0018629568197,848.067483963658,1081.25074368628
"tau[10,3]",0.208017489655,0.208342105,0.0192192798077598,0.019528028835,0.176556525,0.24045686,1.000365266675,743.759576575366,1007.82189472346
"tau[11,3]",0.24192487279,0.241786615,0.0193633202686566,0.019554522897,0.2101687185,0.2732600305,1.00555497293359,960.8163390072,1211.52551521521
"tau[12,3]",0.16315413973,0.162878675,0.0173657657858936,0.017628581019,0.1337359335,0.1912908675,1.00545531837228,853.854995915107,1044.25605512223
"tau[13,3]",0.201217314035,0.20102397,0.0209605322700372,0.02093586873,0.1674460575,0.2366250305,1.00210132673646,884.080157752983,1233.31089589978
"tau[14,3]",0.206876116305,0.207065485,0.0177269216189061,0.017902928736,0.1766734335,0.2352075305,1.00226914495797,1059.37122661267,1353.09013277079
"tau[15,3]",0.2302161468,0.230591325,0.0180766782002059,0.017355775206,0.1999703675,0.259682375,1.00147978698138,898.834360778586,1024.96816021847
"tau[16,3]",0.244767820295,0.245373125,0.0173350648731006,0.017224794909,0.2152002335,0.2725923,1.00103758609856,804.798692567138,937.590793088087
"tau[17,3]",0.218140294645,0.21768728,0.0199472210115079,0.020421102597,0.1855350335,0.2508602285,1.00158312558903,838.64315194649,1014.36684825468
"tau[18,3]",0.197282053945,0.19719055,0.0182436289543036,0.018630892749,0.168233246,0.2267911775,1.00095731567533,1195.05398299034,1015.68872441665
"tau[19,3]",0.241879903275,0.242106525,0.0205661352837096,0.020691484359,0.2083947565,0.2762603355,1.00513692320858,960.544840970055,1144.49492340638
"tau[20,3]",0.190497146575,0.190593055,0.0171079414614633,0.017155268382,0.162398371,0.2176352225,1.00273017827195,915.868915297294,1033.50257632893
"tau[21,3]",0.19996444019,0.199639555,0.0199657004604378,0.020045663799,0.167604113,0.23228808,1.00015968513275,937.18542816973,1220.6232987453
"tau[22,3]",0.19307162703,0.19325739,0.0183181126233626,0.018891830349,0.163010128,0.2233920445,1.0039551541626,1000.45038346599,1184.06535734655
"tau[23,3]",0.24591818784,0.24585854,0.0181340821380307,0.017709797847,0.215756593,0.2757181185,1.00255251478283,976.476832703828,1138.50666603325
"tau[24,3]",0.207705237685,0.208002685,0.0154406641034861,0.015630221544,0.181889744,0.232651513,1.00274733754289,893.603329404725,1193.96532736058
"tau[25,3]",0.222464809805,0.222366755,0.0189020129370182,0.018788730345,0.191676294,0.25286784,1.00155961682085,1024.14626635642,1368.33156547995
"tau[26,3]",0.203964797935,0.20419299,0.018396730705551,0.018822503973,0.173012207,0.2328487395,1.0017415452934,901.824238125427,1229.93940332047
"tau[27,3]",0.202641221765,0.20310719,0.0191514739611873,0.019511786952,0.1712665785,0.23475792,1.00015393897569,1267.2471693313,1382.28586232536
"tau[28,3]",0.200455492385,0.20144041,0.0184700049502795,0.018627705159,0.1688409665,0.2296155975,0.999983360582946,983.942378403208,987.401392805687
"tau[29,3]",0.230835002845,0.231011235,0.0171690785432933,0.015952612914,0.201986371,0.258152055,1.00215928213085,950.505790447132,963.164196139731
"tau[30,3]",0.179013103095,0.178895235,0.0200800743842158,0.019877136657,0.145179894,0.2110305905,1.00045038565517,867.926697632489,952.667877145109
"tau[31,3]",0.2179909603,0.21781855,0.0194361682586839,0.019371458862,0.186441648,0.250462616,1.00315363427826,906.452286661277,804.305194725859
"tau[32,3]",0.23401931143,0.23451472,0.0196854487395128,0.019930836429,0.2010491875,0.2656645195,1.00092177535097,935.958189832273,1035.37965393941
"tau[33,3]",0.188198202285,0.18981043,0.0204859309439128,0.020487018993,0.1530891195,0.220842361,1.00320895491011,859.781592752102,1011.26756897314
"tau[34,3]",0.198943600545,0.199181855,0.0202160859559653,0.02078501418,0.165416662,0.232539285,1.00394269332497,863.008476429884,857.447745377247
"tau[35,3]",0.22474098362,0.22463786,0.018744667172165,0.018312430269,0.193929534,0.256086414,1.00032755184344,794.000699394305,1017.76399497067
"tau[36,3]",0.21864084396,0.218867585,0.01806047812094,0.017859273579,0.188179238,0.247211485,1.00137004678449,1003.51152788518,1096.62221094084
"tau[37,3]",0.194437023835,0.194544805,0.019145330008055,0.01896638289,0.16305725,0.2258795055,1.00104213105265,720.51949072155,786.158245697928
"tau[38,3]",0.211465345125,0.211924895,0.0181157197239543,0.018083457525,0.181668575,0.2406838765,1.00233370489636,1056.02231375333,1119.40635329934
"tau[39,3]",0.17141576776,0.171607485,0.0155233138879334,0.015072578619,0.14615938,0.196080777,1.00299428106099,924.401894408989,956.799340726235
"tau[40,3]",0.219055079955,0.219182825,0.0208886653922936,0.020704887063,0.185335292,0.2516200665,1.00300411208719,882.654426484079,950.856622025417
"tau[41,3]",0.248540091425,0.24880901,0.0172490717222594,0.017134941936,0.2196883175,0.276221328,1.00263033244276,715.747607983144,835.930644457661
"tau[42,3]",0.239286607605,0.23944483,0.0184248271320647,0.018649099077,0.2086297735,0.2697913875,1.00308622249072,985.07378362367,660.246679446588
"tau[43,3]",0.20235834334,0.20241572,0.0178387352460969,0.018344217213,0.1727700515,0.2305196395,1.00129148244651,957.928991199867,1162.83397396247
"tau[44,3]",0.236447074915,0.23618339,0.0174266653207923,0.017319451506,0.2075774775,0.264718923,1.00310029324263,965.670516502155,1208.13524549684
"tau[45,3]",0.207696469765,0.207988895,0.01646977976999,0.016233335811,0.179666471,0.235140181,1.00116449719978,840.652459894735,1111.24075910842
"tau[46,3]",0.20931263264,0.20903966,0.0182928096974809,0.01832701164,0.178823685,0.238228764,1.00123940881441,1067.42662373925,1119.85081413424
"tau[47,3]",0.26674936638,0.26731955,0.016962744638648,0.016333737483,0.238517054,0.294532705,1.00128636635163,940.292020824954,1025.13598741146
"tau[48,3]",0.19925160862,0.199170335,0.0191559084850649,0.018825054045,0.1674192335,0.230933707,0.999816924556529,687.458894542284,1111.09806406184
"tau[49,3]",0.19630329847,0.195599095,0.0202615213172456,0.020399842113,0.162772992,0.230300244,1.00038237940165,1019.80658394694,1101.41372924675
"tau[50,3]",0.235762308265,0.235422605,0.0204382574874777,0.019234236819,0.2031150685,0.2714209825,1.00127390198582,844.878932013457,1001.78251413533
"tau[51,3]",0.181603175795,0.182187565,0.0170994054195189,0.016594334085,0.1521419415,0.2087060515,1.00174602990135,998.780166363113,1042.71646607031
"tau[52,3]",0.226895919645,0.226555995,0.0178743252725567,0.01785502593,0.197024062,0.256443026,1.0053972615084,816.207249786128,1044.62298884489
"tau[53,3]",0.2085248518,0.208420315,0.0158064750886073,0.015633876153,0.1830133565,0.234515563,1.0008055148283,912.561280781535,1396.7494712318
"tau[54,3]",0.2127572678,0.21251634,0.0181230956092961,0.018497814573,0.183629723,0.242768822,1.00357240841698,792.19323927883,928.649156166604
"tau[55,3]",0.218359994765,0.218893035,0.018957264010734,0.018311229363,0.18613543,0.248851252,1.00056943676041,854.077411024329,875.607330212881
"tau[56,3]",0.22166796341,0.221620765,0.0193910408317554,0.019497168516,0.189819653,0.2536402055,1.00313751579592,813.63504890824,1021.10710063481
"tau[57,3]",0.24048496933,0.240178365,0.0193653693053057,0.01849565739,0.2088318925,0.2719631875,1.00264046279084,970.079283801074,1228.15918280944
"tau[58,3]",0.177026757725,0.17686426,0.0195541550492481,0.020057895249,0.145300935,0.2078321575,1.0016569032877,594.517787165399,709.17872746974
"tau[59,3]",0.205267023895,0.205727185,0.016893014231611,0.016511182464,0.177056665,0.2333754445,1.00193784783319,1032.66601350512,1171.69466750236
"tau[60,3]",0.193654837715,0.19325516,0.0180880038425315,0.01883509866,0.163568175,0.222360094,1.00265423785234,659.409679692863,768.314176110422
"tau[61,3]",0.21353513179,0.21345627,0.0176984174609902,0.017581678968,0.183388717,0.242567465,1.00169138772543,923.997630059895,1000.31203599265
"tau[62,3]",0.24591181342,0.245569005,0.0210775439126916,0.021155338008,0.212105302,0.280090618,1.00503832360799,781.495601724558,971.503089711291
"tau[63,3]",0.22986085998,0.230265425,0.0187965229783478,0.018296603514,0.197987013,0.2602779205,1.00649724243275,747.108205931703,804.688395351284
"tau[64,3]",0.206645432465,0.20662651,0.0162470822854741,0.016617188364,0.179640436,0.23238893,1.00441712405819,924.173517506701,1135.56095613184
"tau[65,3]",0.21717493167,0.217505015,0.0163937175008201,0.01596419202,0.18966407,0.243938908,1.00233856734257,1143.5406076368,1202.92652911833
"tau[66,3]",0.19187800702,0.19230147,0.0192806302905695,0.019293859578,0.15939027,0.222197453,1.00364347521005,841.238433527962,923.248918789532
"tau[67,3]",0.21316663653,0.213473765,0.0181174662002777,0.017743423215,0.183531591,0.243165551,1.00100021091232,1062.76666386337,1216.25632291943
"tau[68,3]",0.216919623585,0.216858825,0.017088694872032,0.017415056967,0.189016679,0.244170996,0.99992432908169,1005.73945562008,988.018747473711
"tau[69,3]",0.226148682915,0.226298725,0.0172125367951959,0.017326656942,0.197786641,0.254176115,1.00240436955351,1115.03904559229,1223.23178393331
"tau[70,3]",0.237926883945,0.2381466,0.0191051290274836,0.018645970791,0.2059172985,0.2691179505,1.00198648775371,790.062003287672,994.451539012055
"tau[71,3]",0.20715706837,0.207928515,0.0181470604397347,0.017830259097,0.176112367,0.236875097,1.00110678780627,992.120425382561,1116.71197544089
"tau[72,3]",0.193256720755,0.19338484,0.0192975793552009,0.01925148687,0.160202627,0.225042694,1.00271385836857,925.060233582472,978.505256775641
"tau[73,3]",0.227755628505,0.227706155,0.0179202582883203,0.018092960991,0.1984546205,0.256652947,1.00388363076603,665.509583397422,882.119254209275
"tau[74,3]",0.20630470491,0.20595092,0.0200880206192291,0.019838996772,0.1739754195,0.23973496,0.999740346821314,901.992843029117,1192.1958744766
"tau[75,3]",0.18383158397,0.18389287,0.0199247149461771,0.019519807818,0.1511832595,0.2161146345,1.00109626908359,809.609456029477,662.777583399492
"tau[76,3]",0.200950901385,0.201098565,0.0173485754334311,0.016988713098,0.1721783575,0.228436778,1.00344437494094,703.64113434183,930.690930943897
"tau[77,3]",0.177391040305,0.17775402,0.0167444609919605,0.016373204295,0.1494533145,0.204623296,1.00281296761965,763.366245699685,986.644683928114
"tau[78,3]",0.198142312145,0.198390965,0.0164142574390935,0.01545951498,0.171175935,0.2244547015,1.00419238867241,933.120009836975,987.78728787275
"tau[79,3]",0.22817111255,0.22889348,0.0207830404235413,0.020440658091,0.1946375335,0.2616385415,1.00046902696762,890.62176583148,993.80333713217
"tau[80,3]",0.21663133496,0.21646457,0.0163317879019295,0.015938854386,0.1890585745,0.2440362175,1.00187782515727,1328.69312657574,1472.16941451087
"tau[81,3]",0.19687979297,0.196525675,0.0190280681601553,0.018360347901,0.1660978,0.228116793,1.00109271209818,780.916532693286,977.102768285994
"tau[82,3]",0.24089672044,0.241497615,0.0195788397530137,0.019091054724,0.2078643165,0.271475727,1.00618363761706,629.071807989766,752.502353815988
"tau[83,3]",0.250251179765,0.25075233,0.0184774131441513,0.018771954726,0.2193910625,0.279608728,1.00381541471757,710.196905470413,1051.2292222993
"tau[84,3]",0.195007807345,0.19507732,0.0220794745600697,0.021828208605,0.157399393,0.2306601315,0.999842760408784,743.019571444216,854.429631335627
"tau[85,3]",0.20071525247,0.200918405,0.0184494248435512,0.017942150919,0.1705628855,0.2307472215,1.00213871423158,872.503046531795,1183.9633997156
"tau[86,3]",0.200611123075,0.200449705,0.0182653871313598,0.018488526084,0.1706963765,0.2317351355,1.00355743300475,1024.28292839968,1267.60865388241
"tau[87,3]",0.19655467557,0.196210355,0.0193123864779745,0.01870210944,0.16479474,0.2289831915,1.00201656594131,833.552410233235,853.785091285451
"tau[88,3]",0.21281187247,0.21271305,0.0205197938513247,0.020172559533,0.177807823,0.246740884,1.00748049504007,902.87950191934,897.352343327
"tau[89,3]",0.1616088485415,0.16217237,0.0195394821414622,0.018354424914,0.128084146,0.1924833365,1.00059702394178,692.117172456808,552.756569308496
"tau[90,3]",0.196217963075,0.196904205,0.0195477552407413,0.019386611034,0.1625917135,0.228127627,1.00010041504881,972.009426165283,1011.15788130265
"tau[91,3]",0.16676104917,0.166632725,0.0178766535921824,0.016988624142,0.137007024,0.196939491,1.00196686980662,619.65361036063,782.079990955789
"tau[92,3]",0.195574390085,0.195872405,0.018920551947565,0.01885948743,0.16466426,0.226549448,1.00041574702534,1012.58329324965,986.417537588582
"tau[93,3]",0.225544292445,0.225535425,0.0190735935482523,0.018682902357,0.193238691,0.2568949415,1.00108719541209,912.919314564395,1181.61661605686
"tau[94,3]",0.191061280145,0.19083039,0.0181261106167467,0.01754249385,0.159993375,0.2206576415,1.00133954695995,952.565967103254,1082.81243338749
"tau[95,3]",0.185696868185,0.18594965,0.0174932162378333,0.017436109887,0.156798598,0.2142040935,1.0028991218628,951.043024280558,1154.01650837349
"tau[96,3]",0.230441517845,0.23077881,0.0187256912567109,0.018794897961,0.1999484785,0.260403417,1.00282153836077,961.480071794242,1003.90852691557
"tau[97,3]",0.20085787441,0.20134208,0.0189057412500968,0.01934303742,0.1697366235,0.2311831155,1.00143435481889,1035.87540070464,1058.5671234544
"tau[98,3]",0.230640629525,0.23094195,0.0180758462149559,0.018172161483,0.1999314585,0.25991431,1.00018708758634,597.538373706207,691.294310993579
"tau[1,4]",0.182338401325,0.18232674,0.0164204333943685,0.016082866737,0.154293035,0.209161959,1.00223365410809,915.437267795898,1093.17174169115
"tau[2,4]",0.18319938916,0.183221395,0.0216855939500572,0.021816273675,0.148098461,0.217738882,1.00006864995075,711.360804296453,1028.08235416184
"tau[3,4]",0.210885523995,0.21074722,0.0210437181080939,0.021489553113,0.1767261675,0.245159293,1.00041875859881,807.306013302437,795.838040501514
"tau[4,4]",0.216258650005,0.215793195,0.020111047073868,0.019850190402,0.1831375845,0.249581936,1.0002790094697,735.866147259302,1076.76229081041
"tau[5,4]",0.1593343154495,0.15961265,0.017881335475414,0.018070166016,0.1303635315,0.188345607,1.00663628731714,732.579370202951,728.001237610469
"tau[6,4]",0.232582495265,0.232271355,0.0206298528002963,0.020832197925,0.199131166,0.2658227765,1.00382515880818,761.286200454296,1008.4970426005
"tau[7,4]",0.198391174315,0.198551875,0.0190059833405075,0.019688305308,0.167880034,0.228231618,1.00143238116793,929.786789390919,1114.45755838181
"tau[8,4]",0.199034870665,0.19914409,0.01968541607943,0.019399472589,0.16685183,0.2308712265,1.00034411772572,997.330482827175,1086.91192506516
"tau[9,4]",0.24233469679,0.242265355,0.0178936523227173,0.017481588642,0.212284346,0.2708316915,1.0011960713908,786.144152304225,995.735262418358
"tau[10,4]",0.207438826395,0.20705184,0.0196027926383386,0.020144805261,0.1761307375,0.239594493,1.00065179717825,698.6002033557,1182.46342003484
"tau[11,4]",0.24084049594,0.240592325,0.0205019615678932,0.020401650885,0.2064693,0.274682531,1.00666936716265,945.233127787724,1392.1296047779
"tau[12,4]",0.1637322904535,0.163664705,0.0174573783675259,0.016666603422,0.134848372,0.192255796,1.00387208104425,1043.26151780084,1112.39702799162
"tau[13,4]",0.2022717057,0.202178895,0.0215007905728157,0.020989190439,0.1666668435,0.2377741065,1.00234819789628,903.263633558135,1077.19123046452
"tau[14,4]",0.20857429532,0.20861108,0.0182960076494178,0.019027362228,0.1788027795,0.2384123475,1.00132959341008,1109.52647579159,1354.93648139173
"tau[15,4]",0.23067240603,0.23104918,0.0184414394066223,0.017826285729,0.2002116315,0.261083755,1.00252436852251,806.865751384521,770.532640991388
"tau[16,4]",0.24496186012,0.24578953,0.0174567043563356,0.016791030627,0.2153787875,0.2729402265,1.00291501427907,871.295871042836,897.584267757314
"tau[17,4]",0.21771172715,0.217814105,0.0196025843701565,0.019465329681,0.184353121,0.249434977,1.00269730880122,869.592693154229,1003.68290244685
"tau[18,4]",0.19731104239,0.19733978,0.0184991143012619,0.018404677641,0.16758159,0.2279525345,1.00259537032765,1235.89864180955,1133.33397108954
"tau[19,4]",0.241050558535,0.24114436,0.020823041131832,0.021198985752,0.206593651,0.27526156,1.00611727735201,849.35574514481,985.08089937797
"tau[20,4]",0.189819028195,0.18988428,0.0171075657335394,0.016238265456,0.161709511,0.2174999575,1.00376587259486,1041.24316263897,924.249290820461
"tau[21,4]",0.19941321925,0.19972788,0.0200216666282569,0.019776223488,0.1664023285,0.231969993,1.00100132126141,886.448989104497,731.401062061292
"tau[22,4]",0.19355079237,0.193952265,0.0191315066920684,0.01956312939,0.162492305,0.2246431785,1.00325946170159,1052.45455392972,895.254831071427
"tau[23,4]",0.24611460775,0.246345055,0.017945149734144,0.01801477608,0.217338714,0.276484659,1.0033274120893,950.555846992462,928.852095224454
"tau[24,4]",0.208762175765,0.20881485,0.0159139637577117,0.016019670912,0.18264464,0.234713139,1.00376178365118,977.974470761133,1098.399787259
"tau[25,4]",0.223430802005,0.223132155,0.0193784292988512,0.018887612352,0.1914418495,0.2555695065,1.00007328696686,1013.95119072844,1247.39217526371
"tau[26,4]",0.204021794495,0.204275175,0.0182781543390148,0.018529327236,0.1741812445,0.2341639865,1.00108939267257,938.021788852029,1233.7557891705
"tau[27,4]",0.20260292944,0.203270435,0.0192650455902091,0.019600476084,0.1706369255,0.234102442,1.00133203218259,1192.01297589626,1338.64435765363
"tau[28,4]",0.201576524525,0.20128401,0.0199125363098188,0.020368989207,0.1680648825,0.2346001685,0.999597425878879,1013.73410046738,985.393753311733
"tau[29,4]",0.231883524615,0.23243874,0.0183144380538447,0.01794954168,0.2019283035,0.260572941,1.00254042706769,992.331850335131,837.842042322425
"tau[30,4]",0.180454909265,0.180418025,0.0207719659203119,0.020396958456,0.1446816455,0.2137173645,1.00388407894754,842.994288020536,983.928607016031
"tau[31,4]",0.217536201055,0.217277005,0.0200683048617262,0.019719832797,0.184414312,0.2510679755,1.00346119563374,894.890298723425,919.815132560098
"tau[32,4]",0.23246861344,0.23288919,0.0201089890698171,0.020541319218,0.2002369465,0.2647375865,1.0026080765598,905.220013607464,919.664962306298
"tau[33,4]",0.190509637145,0.190968455,0.0207592155185437,0.020845089132,0.155596871,0.2239158965,1.00220489220845,855.01338972537,940.499969152203
"tau[34,4]",0.197996092545,0.19844015,0.0208597218787451,0.0206222247,0.1635196345,0.231885304,1.00243212793626,1119.89047627676,1319.55940266866
"tau[35,4]",0.224792190195,0.224909895,0.0191870777712982,0.018845728902,0.193482701,0.2571101755,1.00159552258414,850.68584450964,964.718158219816
"tau[36,4]",0.21975008524,0.219727555,0.0189545361210516,0.019124012922,0.188048331,0.2500350285,1.00134224040429,969.102076218993,1072.23930622046
"tau[37,4]",0.19444514469,0.19450259,0.0195299648753508,0.019008748185,0.163275301,0.2264128775,1.00095930131887,754.607959398105,979.469929462244
"tau[38,4]",0.211984629325,0.21234903,0.0179026272254539,0.018378702489,0.183553749,0.2409968055,1.00086460548694,998.921558947736,988.252391013696
"tau[39,4]",0.171371038195,0.17148974,0.015815862022435,0.015331485057,0.1456198375,0.1983656115,1.0030524460292,943.76725659196,887.011007201637
"tau[40,4]",0.218979516845,0.21900077,0.0215811590829682,0.021551985399,0.1835979715,0.2540766965,1.00291748970707,908.990566510993,995.62405374849
"tau[41,4]",0.246873107305,0.24714676,0.0181099295744589,0.018346930371,0.217888179,0.2763476575,1.00165971910528,857.311385781593,1201.53448703866
"tau[42,4]",0.238913978465,0.23951221,0.0188420903010442,0.018875217816,0.2075277285,0.268789545,1.0045446024528,947.5043824005,710.36069468591
"tau[43,4]",0.203668178935,0.203814515,0.0181385400466501,0.018603249672,0.172636086,0.2319892635,1.00009396514756,939.794533018217,869.36739099907
"tau[44,4]",0.236226256725,0.236085275,0.0180526375903901,0.018318064149,0.2081545095,0.266991626,1.00358327752004,935.953783503958,1041.44836216451
"tau[45,4]",0.205790545885,0.20564848,0.0174118487597115,0.01730001462,0.1774007485,0.234521368,1.00034029656714,942.10931711845,1001.88638837318
"tau[46,4]",0.20963172981,0.209583595,0.0184492776617788,0.018459674688,0.178922964,0.2395316335,1.00113730823062,1089.93894888696,1001.57352775087
"tau[47,4]",0.264803187225,0.26547569,0.0177169195851995,0.017273023887,0.234685554,0.2926368785,1.0027471383861,933.433931593556,1009.25200851572
"tau[48,4]",0.198995890715,0.198772365,0.0189449377903676,0.018966486672,0.168083041,0.2294397985,1.00017889036096,701.210576754422,1045.03676144418
"tau[49,4]",0.195448160585,0.19520528,0.0208683872672004,0.020826949521,0.1614684835,0.2303984875,1.000913972312,1063.98481184305,1098.98685433917
"tau[50,4]",0.235731261575,0.23565927,0.0209200475386434,0.020118251895,0.202092701,0.270850972,1.003149358776,884.044781995788,1064.96512680605
"tau[51,4]",0.18428020321,0.184602415,0.0177909868287894,0.017728745475,0.154346321,0.212546148,1.00299176526982,1095.1733179967,1034.64147323075
"tau[52,4]",0.225182444435,0.225061865,0.0180760114654809,0.017847279345,0.1956551255,0.255045202,1.00100631505066,899.878194750199,1172.73158098174
"tau[53,4]",0.20720667993,0.20676071,0.0162460675545822,0.016208428131,0.181183188,0.2347607135,0.999762086897897,919.213208785445,1157.16793379554
"tau[54,4]",0.212896291805,0.213054105,0.0185544185797558,0.018565732479,0.182480875,0.243477163,1.00362421594873,628.051181006036,684.163958953543
"tau[55,4]",0.21861584413,0.21849687,0.0196075790053097,0.019217379657,0.185570095,0.250157521,1.0002555276417,849.69624903555,858.263735664587
"tau[56,4]",0.21929868226,0.21981365,0.0200256354056983,0.019584575199,0.1865575185,0.2528400425,1.00310252668871,993.241939794623,1050.14565847891
"tau[57,4]",0.238736104805,0.2391686,0.0199451559852282,0.019409939745,0.205718039,0.271887267,1.00171437006118,1030.94458166196,1019.26456052973
"tau[58,4]",0.180282764025,0.18125896,0.0200565088085573,0.020254584378,0.1464400335,0.2127320015,1.00068529192161,608.493078568378,638.047339543711
"tau[59,4]",0.20426303833,0.204265645,0.0176910885262653,0.017224157391,0.174656756,0.233231109,1.00422814872642,940.668168061884,1163.35015920507
"tau[60,4]",0.19253205396,0.19285776,0.0185839591396022,0.018854787588,0.161106993,0.2230810415,1.00477618747621,643.102982902243,758.942027831006
"tau[61,4]",0.21200815179,0.212446745,0.0180196945415126,0.018620106834,0.1821495755,0.240353281,1.00098445644958,1078.53174649016,1330.22021640539
"tau[62,4]",0.245023222245,0.24525052,0.0210978370221843,0.021002593143,0.209033017,0.278583539,1.00323030595255,719.680172729305,1102.7389992043
"tau[63,4]",0.229135655605,0.229396815,0.0188584690172309,0.019100469234,0.198749535,0.259453394,1.00601242238731,839.873509153113,846.285249985576
"tau[64,4]",0.20771435586,0.208028795,0.0161650525308104,0.016237968936,0.181138618,0.234082987,1.00521082641732,919.230208925693,1139.37135732866
"tau[65,4]",0.21772434842,0.218066415,0.0167232432903754,0.016036387227,0.1904784715,0.2456264965,1.00547291801265,1136.31032677061,1259.1996438417
"tau[66,4]",0.19095526464,0.19173181,0.0192916856420301,0.019128379179,0.1598777725,0.2216843535,1.00268180104678,848.981422319584,931.414577311326
"tau[67,4]",0.213172627465,0.21342313,0.0179041327319429,0.017699753232,0.1837704555,0.2425413845,1.0027437680096,943.735691823563,1246.88357801507
"tau[68,4]",0.217476535115,0.21786081,0.0171033885804867,0.016651503141,0.1887652365,0.2456558315,1.00025292354848,1000.28797540413,1132.53362211454
"tau[69,4]",0.225860514575,0.22534095,0.017519244041845,0.016897333047,0.197589724,0.2558176665,1.00404654129446,1061.97521735354,1262.60668739611
"tau[70,4]",0.23821462061,0.238771155,0.0190775014384462,0.018130152012,0.2051036735,0.268565188,1.00331577268196,807.213938235986,978.522950096327
"tau[71,4]",0.2070858216,0.20754204,0.0178044334695929,0.01742151369,0.1776610385,0.236135176,1.00255051457044,954.736287127108,1090.65910047957
"tau[72,4]",0.192502134925,0.19246838,0.0201477039715577,0.020156695713,0.159547057,0.2253756035,1.0025185988245,989.153700665382,1110.88957315891
"tau[73,4]",0.22613380238,0.2263952,0.0181933634619917,0.017997488964,0.195744475,0.2558709385,1.00211070080649,746.807039758855,1131.77181346139
"tau[74,4]",0.20737053881,0.20768017,0.0203098217248214,0.020588584506,0.1739441725,0.2411297525,0.999385502170272,916.603019263754,1093.90083018406
"tau[75,4]",0.1842952795,0.184916345,0.0199212226938839,0.019380725112,0.1509896635,0.216800757,1.0001553670913,836.008066007197,664.558375806912
"tau[76,4]",0.202133639445,0.202112775,0.017567954382344,0.017043888057,0.173696354,0.2314951635,1.00226446060282,636.279831391275,785.146890640933
"tau[77,4]",0.178307381475,0.178947125,0.0170895939759389,0.01680838446,0.1484938665,0.2055268435,1.00517272464226,776.919807905135,725.884740102393
"tau[78,4]",0.198155046015,0.198110485,0.0165000671183283,0.015959988849,0.1697464885,0.2248661545,1.00823551576948,1095.65032529588,966.526644295108
"tau[79,4]",0.22699874643,0.227266,0.021404546135259,0.020793472413,0.1912718975,0.261839023,1.00430132586237,870.700334175172,894.205823043632
"tau[80,4]",0.21571017292,0.21542495,0.0166624275894725,0.016802468886,0.187289473,0.2425784215,1.00507650324316,1207.58222278422,1327.62536168086
"tau[81,4]",0.197524661035,0.197221415,0.0188351700331579,0.019312933227,0.1681102635,0.229091795,1.0014204671457,847.370158243407,1047.28145381615
"tau[82,4]",0.241589075995,0.24227042,0.0193999848591339,0.018636889866,0.2087892575,0.272510778,1.00306372902125,738.496688588966,784.515917449128
"tau[83,4]",0.251071188445,0.250829745,0.0185218657026724,0.017972974173,0.220305944,0.2814307345,1.00268615884507,706.686350126252,1051.16262974196
"tau[84,4]",0.196023246175,0.196824125,0.0217557351833929,0.020686265607,0.1597962715,0.230956914,0.999188911885196,751.794478814037,787.32706308179
"tau[85,4]",0.19946811913,0.199680755,0.0187569929799166,0.0178890516,0.1676829095,0.2298870025,1.00160150116191,859.67871721259,1073.89631086438
"tau[86,4]",0.199330144105,0.199139065,0.0182675012175504,0.018329687733,0.1691274255,0.2303855235,1.00305189634789,1032.65618628892,1261.2931397385
"tau[87,4]",0.19746059972,0.19740309,0.0202647633178027,0.020539325121,0.165498715,0.2308596905,1.00192811803432,821.267640668734,991.803842081486
"tau[88,4]",0.210267551845,0.2106685,0.0207360918800223,0.020186495973,0.1767903235,0.244587234,1.00341739432184,920.411323850414,720.391845226254
"tau[89,4]",0.1634036085615,0.163565295,0.0204510737667993,0.018779553051,0.127491523,0.1968687325,1.00309279465183,736.048802295766,716.196101019509
"tau[90,4]",0.19699124188,0.19734892,0.0197802883148053,0.019837432629,0.163823108,0.2289293225,1.00025371550292,925.283927282268,1148.37991636938
"tau[91,4]",0.16637752426,0.16638027,0.0177223129649609,0.018040551081,0.138411102,0.195463839,1.00126887671464,695.641492486829,761.458002972032
"tau[92,4]",0.19512560151,0.195675675,0.0194642901946072,0.019550319726,0.162993151,0.2267565715,1.00071196630056,1038.5192753817,1033.72225932677
"tau[93,4]",0.225558116715,0.22557184,0.0193086065289077,0.018799175262,0.193639794,0.2579396595,1.00174277832918,859.423579568027,1080.94189833501
"tau[94,4]",0.19204329243,0.19201821,0.0186267610483162,0.018400229841,0.16134474,0.222275594,1.00128975758017,1011.06202619475,1223.91510951624
"tau[95,4]",0.186399518255,0.18624471,0.0182565560046136,0.017939030046,0.155808436,0.2166964935,1.00304970573114,931.119052215493,1198.15254008792
"tau[96,4]",0.228707585885,0.228507135,0.0190500897030896,0.019024738026,0.1984940695,0.2598771115,1.00023242348094,932.475047930677,1084.08185784101
"tau[97,4]",0.20004644836,0.200416685,0.0198562379663037,0.019627192536,0.166381575,0.2324399105,1.00354232571949,1022.46575287435,1028.18638468384
"tau[98,4]",0.228676360605,0.229003475,0.018509325256353,0.018430934487,0.197552923,0.2582089245,1.00100878053129,601.784433113837,882.183487134852
"alpha_intercept[1]",1.5609125104,1.5609801,0.0622706855192284,0.0635251104600002,1.46050903,1.663926815,1.00255297506742,1662.20515087745,1550.8247741225
"alpha_intercept[2]",1.79888544025,1.79720835,0.0647785392588539,0.06461445081,1.69674199,1.91002934,0.999972852142244,1687.33006191513,1547.46453868714
"alpha_intercept[3]",2.01377280905,2.01159255,0.0751607023092271,0.07499428167,1.89897631,2.141115725,1.00404465150985,1665.45124380381,1699.03094377186
"alpha_intercept[4]",1.82076748775,1.8196873,0.0689204430647576,0.06745414872,1.708359565,1.93677259,1.00021109337614,1750.19647361353,1639.58140892425
"alpha_intercept[5]",1.5407460084,1.538339,0.0591525699875628,0.0576626876699999,1.444266125,1.63951903,1.00186638637269,1859.06848744887,1480.04663330228
"alpha_intercept[6]",1.69433652995,1.6957511,0.0690734499520228,0.0700535171699997,1.57691232,1.80439463,1.00078747337657,1406.25212452444,1483.57661983868
"alpha_intercept[7]",1.79181438395,1.78886145,0.0705761267663975,0.0694847918099998,1.680267825,1.907748085,1.0013809809746,1592.53355301675,1626.31979423922
"alpha_intercept[8]",1.74157233635,1.73984465,0.0694877346869454,0.0716649551099997,1.62859096,1.85702644,1.00662905085076,2059.22628338824,1854.91435266448
"alpha_intercept[9]",1.45439922155,1.45310345,0.0638387421683673,0.06392000097,1.35241612,1.560738865,1.0010553192663,1647.83126787439,1663.29546431223
"alpha_intercept[10]",1.67223963065,1.6720531,0.0804297282966886,0.07981087842,1.539326245,1.801662985,1.00145854845076,1339.26666230795,1588.22734176223
"alpha_intercept[11]",1.66355256985,1.6637823,0.0688560110132758,0.0699200831699999,1.55270242,1.77456793,0.999946773196484,1701.93035342683,1669.94564468646
"alpha_intercept[12]",2.0321901669,2.0296101,0.0775909190160261,0.0778777162800003,1.905361795,2.16031083,1.00296415764363,1404.06915887576,1574.4122123376
"alpha_intercept[13]",1.99904290965,1.9993767,0.0774583828582072,0.0798363050099999,1.87121148,2.12717166,1.00223495823067,1596.57738403283,1415.90489733493
"alpha_intercept[14]",1.86391733825,1.8623929,0.0667485312240346,0.0643021411200001,1.756328625,1.97798286,1.00044487744606,1776.54004857953,1608.75235586583
"alpha_intercept[15]",1.87655933535,1.873347,0.0743979146622617,0.0738255480900001,1.761569755,2.007113345,0.999592610115393,1564.01026517676,1726.89373720867
"alpha_intercept[16]",1.81701332315,1.816579,0.068799253359271,0.0697375009800001,1.705882995,1.93156488,1.00133749798205,1722.06434034247,1594.03503251067
"alpha_intercept[17]",1.88815233205,1.88785195,0.0706812454076408,0.0689884914599999,1.771956265,2.006311655,1.00044186388587,1570.37784147799,1510.26561023762
"alpha_intercept[18]",1.58451310535,1.585037,0.0645018833427622,0.06572343561,1.48076272,1.69314164,0.999580381200693,2122.93088858571,1685.40125175056
"alpha_intercept[19]",1.95435115735,1.9550327,0.0740209470674552,0.07138652283,1.832012275,2.07636383,1.00341213458604,1422.67034292697,1432.3163240285
"alpha_intercept[20]",1.58139776615,1.5798311,0.0630634182403758,0.0626744687099998,1.48110904,1.686812125,1.00091276497197,1764.22242911042,1535.5467975011
"alpha_intercept[21]",1.9621187751,1.9615896,0.0693059072827296,0.0685265874299999,1.84735637,2.075996335,1.00068413403596,1596.01737344709,1416.40559826793
"alpha_intercept[22]",1.4810077192,1.48037245,0.0604661569501537,0.0597576755999999,1.3831593,1.58250997,0.999714724238466,2054.1076217623,1419.59873866697
"alpha_intercept[23]",1.8050876453,1.80240595,0.0753554067219881,0.0785760950099999,1.685594065,1.93361852,1.00007920384874,1539.49178495283,1546.41453125069
"alpha_intercept[24]",1.6033854873,1.6045838,0.0654406935579908,0.06455692593,1.4963167,1.71436021,1.00133384014042,1880.20887415623,1225.79019024104
"alpha_intercept[25]",1.7241755807,1.72394165,0.0646634846428065,0.0646314265799999,1.620459185,1.83115397,1.00254042261189,1815.47317547994,1474.44156697664
"alpha_intercept[26]",1.75354451495,1.7515903,0.0704802799572014,0.0698972511299999,1.639223895,1.87126156,0.999622336232337,1671.27043692574,1591.35717637214
"alpha_intercept[27]",1.83488054955,1.83471885,0.0671710721063043,0.0689546140500001,1.72661305,1.94477823,1.00100240017008,2225.06572835872,1536.1137647551
"alpha_intercept[28]",1.7562354929,1.75614835,0.0703736892709066,0.0694217813099999,1.64460785,1.86968442,0.999222604437137,1784.3303918635,1530.80357570958
"alpha_intercept[29]",1.6425678083,1.64255875,0.0687596332794632,0.06592914636,1.53120035,1.757675945,1.00177090183766,1404.68504917046,1491.189210766
"alpha_intercept[30]",1.6666728103,1.66603815,0.0619618828668266,0.06110669334,1.56658353,1.768202145,1.00015360079821,2046.18709153008,1638.282638148
"alpha_intercept[31]",1.9103788111,1.90834215,0.0742376269385244,0.0704331369,1.788789105,2.0328296,0.999530025441577,1485.69324814419,1187.20166343919
"alpha_intercept[32]",1.69772617195,1.6978814,0.0638225642035937,0.0647621918999999,1.591982925,1.80343456,1.00002577497247,1663.36935387604,1739.45390937713
"alpha_intercept[33]",1.9733888793,1.9710315,0.0792547262435179,0.07887646977,1.846964915,2.108838635,0.999271709321823,1372.04558896556,1352.12008722111
"alpha_intercept[34]",1.9046558544,1.90431215,0.073992894132741,0.0743271858,1.786645515,2.024948285,1.00061973520114,1705.57302453723,1581.75838532209
"alpha_intercept[35]",1.68706924785,1.68698645,0.0639987045248606,0.0628927815599999,1.57964128,1.79375917,1.00036347900781,1668.70308552466,1428.94880567259
"alpha_intercept[36]",1.6686664346,1.66885685,0.0713866743967768,0.07161298998,1.55325832,1.78280072,1.00057582764063,1736.68004506508,1484.70387818361
"alpha_intercept[37]",2.20446765935,2.20183505,0.0689845835063335,0.0680580117,2.09286644,2.31828082,1.00055154262126,1555.01062994385,1626.60795788403
"alpha_intercept[38]",1.77090596145,1.7708486,0.0683076713601241,0.06617110668,1.660403295,1.881881295,0.999833377304238,1667.70163215293,1213.33480496024
"alpha_intercept[39]",1.5574616727,1.55496875,0.0659638153207146,0.0649430691,1.447399005,1.66702979,1.00150363715024,1441.5099442712,1479.6056279999
"alpha_intercept[40]",1.9527350847,1.9507581,0.074863614975232,0.0726537010499998,1.836008285,2.082551935,1.00227573853029,1444.85583398691,1669.0295141743
"alpha_intercept[41]",1.38406427125,1.3831572,0.0613286729848695,0.0589955450700002,1.280806525,1.485905575,1.00123376968248,1766.61901473585,1365.58055835787
"alpha_intercept[42]",1.80418255955,1.80090175,0.0760091100440756,0.0766316651099999,1.6845856,1.92924617,0.999903721284632,1536.30950140174,1663.21896912713
"alpha_intercept[43]",1.7531926029,1.75364255,0.0652587189792476,0.06627733497,1.646211405,1.85940832,1.0010880635099,1673.52089392708,1517.4701941211
"alpha_intercept[44]",1.6454103847,1.6452936,0.062171385698545,0.06166978482,1.544253755,1.747932245,1.00153681674909,1504.72867076389,1320.44238937998
"alpha_intercept[45]",1.6474099627,1.6455776,0.0781753844590372,0.0771327097800001,1.522760915,1.77676366,1.00182806419927,1466.6292612876,1491.56139872327
"alpha_intercept[46]",1.8143347105,1.81559265,0.0654247982670017,0.06805771518,1.70441028,1.92178318,1.00157201294011,1794.09516509859,1302.75717981442
"alpha_intercept[47]",1.452890212,1.4530069,0.0602084692728116,0.0606256637699999,1.353634335,1.55192105,1.00141630279291,2002.70799848365,1633.86393149299
"alpha_intercept[48]",1.7310641602,1.73104235,0.0670845460653008,0.0673149325799999,1.62099483,1.84062546,0.999326359022543,1862.23777212413,1607.18122793746
"alpha_intercept[49]",1.9497702509,1.94797495,0.0674937244170535,0.0664325631900001,1.842442255,2.06447376,1.00196042859844,1748.48033160265,1660.1203714911
"alpha_intercept[50]",1.97536458965,1.9728645,0.0700093967624612,0.0699710846099998,1.86608749,2.09273768,1.00370124221082,1347.13736949253,1295.23364922373
"alpha_intercept[51]",1.8709100779,1.86883575,0.0746294596308184,0.0745049495399999,1.754525685,1.99846757,1.00012822597957,1519.34402661426,1594.75475527753
"alpha_intercept[52]",1.67834751915,1.678699,0.0687923476625579,0.0695332728299999,1.566957705,1.787943915,1.00105546934456,1419.68308641125,1632.04956987851
"alpha_intercept[53]",1.51305677375,1.51267735,0.0707090978103106,0.0727006994699999,1.40081024,1.631394275,1.00093801632765,1538.42331522655,1663.55549443236
"alpha_intercept[54]",1.6290205067,1.6258681,0.0665246825121606,0.0660799267800001,1.52160069,1.74549663,1.00238790895194,1444.15582430995,1854.60289689572
"alpha_intercept[55]",1.74189918485,1.74025995,0.0732354824533318,0.0769209945000001,1.62396289,1.86116145,1.00023854265123,1441.75446712197,1664.66533491169
"alpha_intercept[56]",1.60822409155,1.6072555,0.0683713534467409,0.06769114233,1.49747823,1.723649065,1.00024628048458,1530.71596993407,1427.27375527986
"alpha_intercept[57]",1.7489364976,1.74945095,0.0680660832365829,0.06832947576,1.635692285,1.86243132,1.00039377816186,1664.49212918579,1530.50603131859
"alpha_intercept[58]",1.9074463944,1.90714735,0.0884315365483095,0.0872022324600001,1.75325106,2.053251785,1.00169034154129,990.040708441974,1135.92599516004
"alpha_intercept[59]",1.52903940105,1.52835205,0.0672687369885975,0.0670389465899999,1.41935169,1.645796525,1.00007277027692,1809.41087070301,1617.86798247391
"alpha_intercept[60]",1.5839671375,1.5837722,0.0692217013397695,0.06688460793,1.47133017,1.70213867,0.9997153940013,1575.24926461765,1580.57387104051
"alpha_intercept[61]",1.45076463245,1.4522002,0.059334591126767,0.0579192515999999,1.35263035,1.548182025,1.00264244889519,2316.11770037581,1596.74697942721
"alpha_intercept[62]",1.79942569975,1.80102065,0.0641914028631562,0.0648042236099999,1.69345037,1.90665222,1.00156512088889,1688.40168933503,1500.59504855275
"alpha_intercept[63]",1.7016158272,1.70122415,0.066588105393859,0.0659344095900001,1.591880275,1.81081041,1.00269194630135,1544.65772126111,1459.70712348048
"alpha_intercept[64]",1.4843913483,1.4842615,0.0651559264225054,0.0653831789099999,1.37764567,1.590744765,1.00137259314902,1754.10305721293,1461.459726264
"alpha_intercept[65]",1.6004914994,1.6001925,0.0654722856093146,0.06399635487,1.491195575,1.709163875,0.999651072313301,2032.50163911503,1786.41419572845
"alpha_intercept[66]",1.6769584738,1.67337655,0.0660041651310613,0.0643593694799999,1.569391475,1.788477505,1.00373731116885,1837.33608252724,1411.00575438202
"alpha_intercept[67]",1.7815239144,1.7809788,0.0653400093829462,0.0654490063500001,1.67820658,1.88753273,1.00076824782356,1664.03999858055,1673.15380659431
"alpha_intercept[68]",1.58510342165,1.58610095,0.0706279920212431,0.07048191444,1.474201175,1.704586915,0.999671223605628,1433.71363281589,1763.03334277713
"alpha_intercept[69]",1.74294425385,1.743446,0.0656067244712297,0.0651439613999999,1.635551195,1.849512575,1.00078637990151,1801.99274524766,1480.03475339936
"alpha_intercept[70]",1.83033295085,1.8300726,0.0756570158882584,0.0764053462200001,1.70556882,1.952171965,1.00065947332335,1310.42260764626,1536.5719450833
"alpha_intercept[71]",1.66947418365,1.6669168,0.0657997940067262,0.0651363260100001,1.563362805,1.77757627,1.00080845406526,1509.21605923312,1269.83236171212
"alpha_intercept[72]",1.61132614115,1.6109056,0.0608666665948983,0.06028155231,1.51323411,1.71080504,1.00074409068949,2078.35509377576,1408.99515273956
"alpha_intercept[73]",1.5314461636,1.5297956,0.0660538385309552,0.06643419405,1.4264887,1.64259952,1.00003675042392,1262.32557807081,1504.65401923285
"alpha_intercept[74]",1.8025664648,1.80272615,0.0677153330865332,0.07019488308,1.694979325,1.914609915,0.999389052031047,1707.88421594241,1758.60886028769
"alpha_intercept[75]",1.8664200389,1.86390805,0.0760228662880753,0.0758953318199999,1.744747505,1.993122345,1.00121572091838,1487.14221428546,1619.58979577364
"alpha_intercept[76]",1.56388703525,1.56407255,0.0669606797897212,0.0663844528200003,1.45156509,1.67495674,1.00109787219352,1364.06609838273,1424.73332419341
"alpha_intercept[77]",1.48110082035,1.4796295,0.066675335013441,0.0638798225100001,1.374145365,1.593764525,1.00061580177436,1226.57198195498,1463.37449343594
"alpha_intercept[78]",1.85650140235,1.85658535,0.0684658757603244,0.06833703702,1.746663035,1.969776235,1.00154276515572,1774.5821764453,1672.78727832938
"alpha_intercept[79]",1.7746566877,1.7745112,0.072426857723773,0.0732831388800001,1.65691382,1.896082765,0.999856597192026,1617.01509127701,1639.02373650619
"alpha_intercept[80]",1.49195556755,1.49074575,0.0631505326248436,0.0641770096799998,1.38773677,1.59817323,1.00072622495936,2024.16951961591,1761.45630025049
"alpha_intercept[81]",1.7452634443,1.74331115,0.066120163816359,0.06503269227,1.63881312,1.85768803,1.0007295714441,1693.03879927434,1330.21829985479
"alpha_intercept[82]",1.8042101395,1.80234745,0.066828809462347,0.0663591744899999,1.698216455,1.9180053,0.999709929671072,1544.87940756532,1559.62956676782
"alpha_intercept[83]",2.13648903385,2.1332354,0.0773858057214599,0.0782548897200003,2.011027255,2.26544584,1.00334254514791,1122.84542667579,1178.39385242682
"alpha_intercept[84]",2.01585562295,2.01590625,0.0695567615022799,0.07065367365,1.898598165,2.12707794,1.0014500801244,1874.79760950889,1408.17840661041
"alpha_intercept[85]",1.69298084525,1.6925664,0.0626964805059124,0.06083448798,1.590607105,1.79475031,1.00389663913719,1918.33056087222,1397.33239660279
"alpha_intercept[86]",1.7849941463,1.78222955,0.0629046013201502,0.0612746719200003,1.68466344,1.896107615,1.00094286167677,1869.15943566152,1724.05009151724
"alpha_intercept[87]",1.87121670015,1.8717038,0.0741867463535822,0.0703308375000002,1.746940065,1.99561714,0.999503953291645,1819.87867721812,1430.63209235851
"alpha_intercept[88]",1.71756577925,1.71677165,0.0757501763900179,0.07535136588,1.59727522,1.84607301,1.00278824017454,1217.64512699533,1337.22775814806
"alpha_intercept[89]",1.7850578998,1.7866899,0.0750605680615833,0.0727379127300002,1.66388894,1.91392661,0.999279430762657,1572.59168962813,1250.6928432024
"alpha_intercept[90]",1.87058220025,1.86945455,0.0687129010858071,0.0687000516299999,1.757786135,1.984413215,0.999187748799118,1616.35433663659,1418.90259202773
"alpha_intercept[91]",1.77578776495,1.77555575,0.067980100446719,0.0677987049599997,1.665637675,1.888232985,0.999924432078419,1647.90140541706,1638.75583326802
"alpha_intercept[92]",1.6844060382,1.68381035,0.0654109036959607,0.0634340788199997,1.57426586,1.79127072,0.999678118873711,1854.95721645241,1481.8333581008
"alpha_intercept[93]",1.7852549944,1.78518465,0.0695119507667133,0.0693191112600001,1.66867928,1.897435565,1.00017583510452,1587.88594597416,1252.73745266274
"alpha_intercept[94]",1.93473644935,1.9349463,0.0725635031057945,0.07090638282,1.815600515,2.053669875,1.00090364176996,1377.20518407879,1435.11452039583
"alpha_intercept[95]",1.57082231125,1.57056415,0.061790340740539,0.06186971343,1.46961521,1.671111185,1.00081871934089,2103.75308557579,1622.85148119825
"alpha_intercept[96]",1.45447277155,1.45383335,0.0622771753567794,0.0644825735399999,1.35469483,1.556947915,1.00066696207929,1873.39428519963,1437.96260118728
"alpha_intercept[97]",1.78757412605,1.7858278,0.0763449014882566,0.0740201393399999,1.668533155,1.9176924,1.00015248792193,1605.03143632196,1388.32621524863
"alpha_intercept[98]",1.55975911045,1.55959235,0.0771841264941148,0.07674189642,1.435079225,1.691183815,1.00174756716388,1067.23173302081,1493.05976493976
"tau_intercept[1]",0.182336408675,0.182479715,0.0147018738233175,0.014600311215,0.15691074,0.2054909265,1.00021039937808,809.100600529901,883.345842824901
"tau_intercept[2]",0.182439175225,0.18271384,0.0202939384593021,0.020652113916,0.1491346875,0.2150410465,0.999447767102238,727.602073287193,777.02570754593
"tau_intercept[3]",0.21069783324,0.21056242,0.0194395087899581,0.019386062472,0.179126365,0.243554214,1.00107463332397,832.404674421278,813.388022373561
"tau_intercept[4]",0.21619086427,0.21573099,0.0185592180730556,0.018847248567,0.1858535845,0.2474204975,0.999665103884826,678.295632769762,880.817254757037
"tau_intercept[5]",0.159578959995,0.159986385,0.0161959137305116,0.016296620592,0.1338128885,0.185916677,1.00670813475302,635.08750605194,684.629153769603
"tau_intercept[6]",0.23225143186,0.2321807,0.0190027965793278,0.018992817648,0.200030999,0.264182602,1.00128190895806,759.305519341708,945.456910108259
"tau_intercept[7]",0.198263373165,0.19876563,0.0173333194108344,0.017428889625,0.16981966,0.2258195615,1.00151486497873,891.361245740525,1149.83696401806
"tau_intercept[8]",0.1992818604,0.199463075,0.0181768740473839,0.018864706182,0.1693305835,0.2282949455,1.00043257656748,922.997249184106,947.807413693513
"tau_intercept[9]",0.242672355855,0.24262037,0.0162952098597265,0.016090427997,0.215280668,0.269661452,1.00113326474899,756.444564199562,843.993209455882
"tau_intercept[10]",0.207277945655,0.207716395,0.0182519599400266,0.018481921101,0.177128875,0.2371958215,1.00127562663954,619.296679853279,991.855140259616
"tau_intercept[11]",0.2406150869,0.240250805,0.0187328031436456,0.018636178218,0.209388406,0.270952894,1.0025892631223,896.887118304666,1112.45883728575
"tau_intercept[12]",0.16367209916,0.16433314,0.0156535141907643,0.015557900316,0.1373327745,0.1893262365,1.00521676025248,787.566423472591,1190.4398336544
"tau_intercept[13]",0.20208801802,0.201923205,0.0203120607716452,0.019921377441,0.1684842425,0.235567377,1.0022654675097,866.5639053007,969.352912655272
"tau_intercept[14]",0.208397350365,0.208614395,0.0167451350843036,0.01729312053,0.1808598705,0.235719284,1.00056880268814,1004.23689579096,1160.36264712767
"tau_intercept[15]",0.23062168631,0.230529815,0.0167188617571442,0.015806361837,0.203325459,0.258242126,1.00269530744645,787.597719680329,772.866170796102
"tau_intercept[16]",0.24500699916,0.24555019,0.0157525651994781,0.015770571873,0.2184136815,0.2700307715,1.00029675196564,760.733151837585,1126.73725966931
"tau_intercept[17]",0.21782732577,0.21798563,0.0182618709045946,0.01842768018,0.187475588,0.2473793205,1.00231361014084,788.696703550393,1060.67586742598
"tau_intercept[18]",0.196664329455,0.19667498,0.0169097542629432,0.017109441216,0.169457387,0.2238258385,0.999855760071534,1144.732708006,1048.61721873973
"tau_intercept[19]",0.241218269825,0.241193525,0.0193062135165934,0.019428753939,0.209197545,0.2728601705,1.0051186460456,847.802922499485,1065.68812914433
"tau_intercept[20]",0.18993810912,0.19030388,0.0154109403009481,0.015426223197,0.1640015165,0.2138658665,1.00364633147886,896.207291766795,931.75277878889
"tau_intercept[21]",0.199266103315,0.198842645,0.0186302672653375,0.018176579631,0.169321289,0.2297442515,0.999601089169045,831.735601695024,941.16566466717
"tau_intercept[22]",0.19416766184,0.194212235,0.0175665772346401,0.018417694869,0.1648248255,0.2226605545,1.00320452037513,995.63777299509,1175.89041765162
"tau_intercept[23]",0.245512461,0.245102945,0.0162254233293631,0.015735738186,0.218767875,0.272698631,1.00049681120903,878.879561813676,1131.28279479694
"tau_intercept[24]",0.208451586925,0.208414775,0.0141878194180637,0.014453489337,0.1845685895,0.2312645525,1.00213240874837,929.025025983437,1195.11447389055
"tau_intercept[25]",0.22295671306,0.22288751,0.0179687523096955,0.01767489003,0.1937512695,0.2524793085,1.00191422636957,987.487770139231,1096.57812212751
"tau_intercept[26]",0.203776736535,0.204045025,0.0166678222695996,0.016843492428,0.1764128235,0.2302315155,1.0010719859776,847.757797917438,1200.12442898245
"tau_intercept[27]",0.2024147562,0.202732805,0.0179700043047052,0.018575228532,0.1726667635,0.231262717,1.00002590984592,1167.24499245941,1301.12788480955
"tau_intercept[28]",0.2013339207,0.201924215,0.0182444902769306,0.018474218994,0.1705099075,0.230703822,0.999367329351842,938.619468133664,973.163281151993
"tau_intercept[29]",0.231402139215,0.231703095,0.0163993842828257,0.016520989863,0.204090649,0.25775247,1.00110734344336,907.71257305616,1000.96634683772
"tau_intercept[30]",0.1799797896,0.18001131,0.0192775391494495,0.019028244375,0.147484476,0.2109707045,1.00182538129569,809.469856791977,860.140646002739
"tau_intercept[31]",0.217541982585,0.217198445,0.0183393078572221,0.018160775115,0.1874069665,0.247331206,1.00317874878984,844.25661233773,803.817534435501
"tau_intercept[32]",0.23232522138,0.23300898,0.0186174205629277,0.018464433834,0.2020387345,0.262194047,1.0010675608241,839.526993879785,1052.46241973017
"tau_intercept[33]",0.18985631963,0.190891355,0.019687673928883,0.019800530715,0.1558179115,0.2218683025,1.00372184624981,810.431790708646,893.028866649031
"tau_intercept[34]",0.1981112166,0.19816235,0.0195032669045929,0.019903971717,0.1651944395,0.2297266305,1.0026686146457,1006.94005006981,888.936757263012
"tau_intercept[35]",0.22443577342,0.22481016,0.0175089191938228,0.017360897589,0.1962483435,0.252905234,1.00153453063684,758.808436216835,957.42315705404
"tau_intercept[36]",0.22009541547,0.220337625,0.0175304330032486,0.017160665046,0.1910900335,0.247361002,1.00151210449808,958.017338149212,1028.90072329496
"tau_intercept[37]",0.194355019765,0.194600665,0.0182329425836902,0.017861141655,0.1644154885,0.224415604,1.0008686541101,724.039911180958,875.249277778796
"tau_intercept[38]",0.21140415299,0.211314675,0.0160162666033922,0.016215292569,0.185140052,0.2373503205,1.00005941670523,1001.63839389886,826.769937885557
"tau_intercept[39]",0.17184797862,0.172202915,0.0137634824211076,0.013342147203,0.1488086855,0.193651625,1.00116150893351,868.7852131475,993.246866973959
"tau_intercept[40]",0.219095102735,0.21967233,0.0201018051121616,0.019794437229,0.184642902,0.2509954035,1.00190233011599,864.045144173482,925.180698635945
"tau_intercept[41]",0.24689659759,0.24672199,0.0166239665511781,0.016907251641,0.220006653,0.2735411185,1.00107999991809,733.963770881856,982.297021328503
"tau_intercept[42]",0.2390965287,0.239377585,0.0171616894344978,0.017570500164,0.211474043,0.265903119,1.00170399893538,917.188021826894,705.531374501131
"tau_intercept[43]",0.20299142205,0.20399981,0.0161956368613958,0.016693075245,0.176055931,0.2280105385,1.00118813608574,864.165913589272,1151.14535675889
"tau_intercept[44]",0.235495215875,0.23544683,0.0165592363977452,0.016795589622,0.2086482195,0.2624635355,1.00444711633731,915.911158304539,1098.1245164503
"tau_intercept[45]",0.20600385383,0.205962735,0.0155604348363881,0.015527329104,0.1796758475,0.2306024445,1.0008808550829,810.828824665797,1006.39519715854
"tau_intercept[46]",0.20957548185,0.2095398,0.0166627022887084,0.017117966166,0.1821488085,0.2360928235,1.00230671963564,983.096256145718,888.158289583393
"tau_intercept[47]",0.26488137774,0.265350415,0.015908086491763,0.015439151469,0.238429295,0.2910499245,1.0005640436773,858.582749581158,1000.81708038768
"tau_intercept[48]",0.19898986869,0.19924735,0.0175509893036349,0.017692629339,0.1700067795,0.227349912,1.00017334035974,626.407899517456,823.772516370045
"tau_intercept[49]",0.19573501784,0.19604461,0.0193254755978425,0.019068852789,0.1633495605,0.22794759,1.00076883924719,1017.06287915783,1061.15131518076
"tau_intercept[50]",0.235549039075,0.235284435,0.0197486891938083,0.019496419803,0.20422737,0.268087427,1.00261072930141,843.190101532567,981.415657368983
"tau_intercept[51]",0.184424084795,0.184764025,0.0163000037193045,0.016184713944,0.1568275615,0.210346083,1.00081430120144,976.403034619833,994.356128153762
"tau_intercept[52]",0.224969440765,0.22445094,0.0167591436402677,0.016379890821,0.197162475,0.253256093,1.00258351029133,822.7649578852,1157.31958197221
"tau_intercept[53]",0.206944902905,0.2066851,0.0143110754312798,0.014404830405,0.184148774,0.229920052,1.00064805829247,865.235256633117,1284.92023535696
"tau_intercept[54]",0.21248196312,0.212646685,0.0170082425807835,0.016925858271,0.1838739115,0.239802047,1.00278030893176,736.600406718411,757.749287967106
"tau_intercept[55]",0.21846378146,0.21888839,0.0177302506173433,0.017212548633,0.187345684,0.24751026,1.00066802472561,802.23492894842,896.73581930273
"tau_intercept[56]",0.21907494168,0.21898576,0.0186502841066808,0.018441223731,0.1874990885,0.2496145425,1.00071669332694,824.790170454825,989.137166963005
"tau_intercept[57]",0.238625253705,0.23876804,0.0182400703388093,0.017204120052,0.2081913555,0.2687266105,1.00156424173407,973.677132048087,1023.26747805978
"tau_intercept[58]",0.18055912684,0.18096824,0.0189328195818914,0.01899566424,0.148704044,0.2114660855,1.00096710217645,572.678076356562,546.009295951289
"tau_intercept[59]",0.20452388036,0.20446024,0.0160755597518356,0.015786072456,0.1777781025,0.2307320535,1.00206224215196,929.63852048806,980.28790825641
"tau_intercept[60]",0.192267923585,0.19221683,0.0169341845855733,0.017277152928,0.1637372225,0.2194537275,1.00367815449156,617.009552342977,770.02146934765
"tau_intercept[61]",0.21219391063,0.21267665,0.0164141182361647,0.01673877639,0.184960605,0.2391167335,1.00003294794281,1018.38589334754,1198.37414891369
"tau_intercept[62]",0.24482142442,0.24497693,0.0198889920645758,0.019991326509,0.211698012,0.2766146815,1.00351495464019,711.291678153073,1071.88336509298
"tau_intercept[63]",0.228919829695,0.22926705,0.0171916509018279,0.017155045992,0.200588079,0.257446554,1.00748173396656,732.147793135615,803.510325399189
"tau_intercept[64]",0.20707609967,0.207340245,0.0143734705887829,0.014240328522,0.183527331,0.2307092935,1.00163903532405,855.210237738269,1076.99955044287
"tau_intercept[65]",0.21754564595,0.21806878,0.0149433541208581,0.014563972689,0.1927159725,0.2419622625,1.00608288976623,1035.43911992396,1298.29080494329
"tau_intercept[66]",0.19093108145,0.19156885,0.0177401490679234,0.017464464612,0.1617120995,0.2189109085,1.00290319841992,800.366538141084,913.967206003606
"tau_intercept[67]",0.212878927555,0.21336561,0.0163921542087237,0.016263469656,0.185952274,0.240033036,1.00143977789439,899.472023708645,983.665269909652
"tau_intercept[68]",0.21754165917,0.21769624,0.0154083473736815,0.015187843356,0.192464916,0.2422273625,1.00147336192817,923.947363645308,987.091663609096
"tau_intercept[69]",0.22557044768,0.22547938,0.015501586260541,0.01563898371,0.200886394,0.251233392,1.00173999117354,1024.54930485651,1099.78775557169
"tau_intercept[70]",0.23779840806,0.238405655,0.0174718610853269,0.017706224781,0.2075315285,0.2662974705,1.00201552221989,740.953895770222,815.029213190566
"tau_intercept[71]",0.20680563175,0.207790835,0.0163889700766004,0.016396970373,0.17948884,0.2335250195,1.00119062497118,906.929035379156,1017.53006242496
"tau_intercept[72]",0.192695611415,0.19287307,0.0183985604796779,0.018286225314,0.1621574195,0.222750324,1.0020294517985,903.956978126841,962.758930920326
"tau_intercept[73]",0.226301855265,0.226431325,0.0166337377993993,0.016842017241,0.199154144,0.2526724015,1.00053152808544,675.870599666729,1032.00567172513
"tau_intercept[74]",0.206554776885,0.20617037,0.0189150353913896,0.01947120819,0.176998813,0.237641311,0.999496950413289,870.502785302075,904.890018031734
"tau_intercept[75]",0.184091022,0.18429942,0.018533708869918,0.018419941008,0.153987127,0.214403538,1.00012666042839,740.348375696635,476.917881830573
"tau_intercept[76]",0.20194712943,0.20248059,0.0160109617081642,0.016008751563,0.1758654615,0.2273340575,1.0032825679118,642.533247791975,833.715512609828
"tau_intercept[77]",0.17800437079,0.17829958,0.0149986018079674,0.014967084216,0.1523311085,0.2018799385,1.00482948199632,736.788887137968,782.59454025256
"tau_intercept[78]",0.1984386864,0.198634945,0.0146826181673223,0.013886758074,0.17405353,0.2222868475,1.00317274129695,854.914358730063,929.99918870824
"tau_intercept[79]",0.227118491285,0.227271755,0.0200761085615454,0.019494047643,0.1944052625,0.2594509015,1.00092360344035,873.772369763163,927.341402080077
"tau_intercept[80]",0.215645438005,0.21549517,0.0147829030045197,0.014495217114,0.1904691225,0.2396949335,1.00086352377453,1158.05143100794,1284.99681394567
"tau_intercept[81]",0.19728585476,0.197503725,0.0174775360702212,0.017831934435,0.1689425295,0.225679338,1.001175368975,809.986515316995,904.923088549893
"tau_intercept[82]",0.24149403425,0.241824555,0.0177203131012641,0.017687373522,0.2126343615,0.269804052,1.00566910515712,620.651631468221,807.062459399432
"tau_intercept[83]",0.250841294055,0.25100439,0.016771909620123,0.016561361061,0.2227676045,0.2774457455,1.00117517123437,659.266841153618,1032.52931975077
"tau_intercept[84]",0.196138521035,0.19677438,0.0207353793166766,0.020001156147,0.1610838695,0.229649224,0.999421705020445,710.518572317244,733.193777883696
"tau_intercept[85]",0.199409655735,0.199606595,0.017076910018824,0.017000633202,0.171156661,0.228467878,1.00207636665741,838.795425451168,1098.83876771877
"tau_intercept[86]",0.19958188921,0.19949787,0.0167336629334631,0.016903241208,0.1723252585,0.227421296,1.00436217893935,928.21875627685,1135.07684896766
"tau_intercept[87]",0.19747596488,0.196998495,0.0185684140108435,0.018781984515,0.1667496335,0.228114848,1.00224776391333,790.752139121344,1037.47759505166
"tau_intercept[88]",0.21061074488,0.21086214,0.019350811286442,0.018939607134,0.1780137215,0.242210406,1.00447585363731,889.652803304675,717.071166318383
"tau_intercept[89]",0.1638496648855,0.164720945,0.0189918880827443,0.017811756249,0.1311212435,0.194179307,1.00060470348712,655.136153508899,572.984236633204
"tau_intercept[90]",0.196827984305,0.197448585,0.0181898685852261,0.01823716608,0.1663802635,0.225952982,0.99957038779248,885.512681740056,1033.75537010837
"tau_intercept[91]",0.16675282948,0.16688696,0.0160210719937611,0.016476623058,0.141454175,0.192971772,1.00061853985371,626.166084258189,792.893667462343
"tau_intercept[92]",0.195270131885,0.195818475,0.0178540572982662,0.017367013314,0.1653008595,0.2243623655,1.00062488878162,987.693442386243,931.686270556289
"tau_intercept[93]",0.22582247799,0.225666215,0.0178626558147504,0.017435457543,0.1967765705,0.255632898,1.00132976391056,857.453496963082,1074.68753877215
"tau_intercept[94]",0.19129681519,0.19137938,0.0168555347714714,0.016090198194,0.163170909,0.217990825,1.00119199918372,931.223553249643,1091.38009033917
"tau_intercept[95]",0.18682859729,0.18679147,0.0167016965916454,0.016349045328,0.159575845,0.2142289695,1.00263969508739,864.161670020518,978.075129474726
"tau_intercept[96]",0.228977784825,0.22872718,0.0177030986699104,0.017890430418,0.2006667395,0.2584357115,1.00016008879548,890.34276242213,916.010566652631
"tau_intercept[97]",0.20022711345,0.20063064,0.0182408992532011,0.018830235732,0.1699534425,0.229803293,1.00230632073342,987.539341968043,979.74475303547
"tau_intercept[98]",0.22930597118,0.2297145,0.0166883888989654,0.016977015384,0.200757425,0.255955335,1.00070079695411,549.171219092478,805.350973785623
"nu_c[1]",0.89375086828,0.891698825,0.122266917091568,0.122609604117,0.6961839405,1.09182342,0.999937085223232,1660.68390797763,1301.69782785137
"nu_c[2]",-0.0623549313974185,-0.0671831985,0.100691624547285,0.09288378657495,-0.227113147,0.107731871,1.00118684665963,2210.04431470867,1202.96750366296
"nu_c[3]",-0.123162209572233,-0.121345955,0.131392283074339,0.1322364847062,-0.339629006,0.0870510032,1.0000267367623,1782.68762173977,1493.91411749433
"nu_c[4]",0.2894049264059,0.28641177,0.110694302426865,0.110198537127,0.112221597,0.4729002305,1.00093801475145,1960.38457684883,1482.29227961967
"nu_c[5]",0.410688982835,0.409538675,0.098084645224367,0.0946987621439999,0.251979102,0.5772357525,1.00260809008749,2260.28764049799,1674.61677813704
"nu_c[6]",0.439202322085,0.440334065,0.108532144003494,0.111655628994,0.260429287,0.612785059,1.00167828740061,2043.28595887222,1596.33921377885
"nu_c[7]",1.059766278335,1.06216705,0.117490871851924,0.12477517122,0.86751052,1.24991196,1.00040980829897,1734.73383159901,1700.32611516785
"nu_c[8]",0.0873726728965645,0.0887325225,0.110942235154975,0.1082881240014,-0.0960185012,0.26612081,1.00064110051239,2065.3517717412,1585.17709698998
"nu_c[9]",0.82768789852,0.82228958,0.123094855248532,0.121143927996,0.6334281885,1.03381962,1.00197716411307,1514.83714185346,1243.61283965244
"nu_c[10]",1.201599242845,1.20215475,0.173755390196702,0.17711050644,0.9010865275,1.487623355,1.000665278681,1145.20751416423,1298.0349336102
"nu_c[11]",0.10275083919023,0.1013025,0.132245814481693,0.1354354010289,-0.112389723,0.308270328,1.00104219930778,1510.63352404354,1249.99680569065
"nu_c[12]",1.6044594968,1.60694985,0.130284859632455,0.12572218197,1.38641176,1.81454695,1.00046845222703,1831.77154092744,1373.43196618483
"nu_c[13]",-0.272356412458445,-0.273350315,0.0989535467289218,0.098269856286,-0.4231921575,-0.1081267975,0.999789750079682,2276.50090549741,1573.75061754862
"nu_c[14]",0.51124944689,0.51370442,0.11049450199511,0.105064219197,0.3239776085,0.6885486605,0.99965597187555,1648.00531050617,1598.54517354574
"nu_c[15]",1.26329816991,1.26368565,0.123697866127317,0.1282767759,1.059227925,1.46489384,1.00218318046556,1360.31713748412,1573.98906216313
"nu_c[16]",1.4924422525,1.4908368,0.128899167114768,0.12575494743,1.27825483,1.70902242,0.999898618659741,2047.74208558258,1635.0148505791
"nu_c[17]",0.83974254432,0.83837872,0.104152684823128,0.100229927616,0.6709188385,1.010447095,1.00108975481402,2026.92421760749,1603.27597780637
"nu_c[18]",0.92636802871,0.92577438,0.0947508094808572,0.095852232357,0.7751907215,1.07933473,1.00008849348239,1889.27815214932,1364.14685909246
"nu_c[19]",0.95428985456,0.951437365,0.10079077088811,0.0998050737600001,0.7915360215,1.1266061,0.999260562781996,2055.30046409723,1274.73275939491
"nu_c[20]",1.189456455415,1.18532295,0.112832845205237,0.11051196618,1.01974387,1.376177535,1.00468588533536,1830.50726451996,1604.38769104156
"nu_c[21]",0.840913934,0.836241125,0.101289585113976,0.095358593274,0.678339404,1.017846065,1.00087980333403,1530.71985488224,1292.45472927827
"nu_c[22]",0.6089078694,0.600504015,0.130887740049434,0.11749597587,0.4042518265,0.849544103,1.00209072957409,1540.38541775434,1228.08564142974
"nu_c[23]",1.6141145692,1.6132762,0.129279921890302,0.12763940616,1.40398826,1.833402515,0.999672010821591,2161.47975127277,1695.73702151553
"nu_c[24]",0.90429197936,0.90322223,0.113946352457312,0.115105846758,0.716188463,1.08931253,1.00208883180065,2029.1187962484,1578.17473516037
"nu_c[25]",0.356590230775,0.356379905,0.099007748813276,0.102596802147,0.1908373375,0.519991084,1.00034397171628,2247.48763712813,1473.41469631217
"nu_c[26]",1.23961424225,1.23560585,0.113694395131169,0.11808367851,1.067909385,1.43911061,0.999578423836897,2034.18218503749,1652.78001775048
"nu_c[27]",0.57295001384,0.56833559,0.115094106361924,0.117498600072,0.3933218235,0.7712474765,1.00150117036672,1994.12161785835,1426.03788014234
"nu_c[28]",0.152801148012135,0.149623985,0.117945969991761,0.117047704347,-0.0373465358,0.349015747,1.00027196105578,2107.17514311288,1716.20603406894
"nu_c[29]",0.604423394965,0.607034145,0.173849220328626,0.184836157128,0.3225008005,0.8897628135,1.00062432089612,1580.44432779891,1600.1631465537
"nu_c[30]",0.478791968925,0.476214315,0.0981558693490108,0.095537194683,0.3199553455,0.6419409555,1.00093147503429,1908.5059475882,1549.58061037811
"nu_c[31]",0.529164226235,0.51746837,0.134851273857606,0.136990542423,0.3281718175,0.7640791895,1.00029647354792,1254.42740028503,1370.79858710648
"nu_c[32]",0.424919368994,0.424239225,0.112129516572918,0.110695623255,0.2419030165,0.613987379,1.00075402894257,1640.47042227561,1013.74206266239
"nu_c[33]",-0.092290030808293,-0.085116479,0.140553345387389,0.13384569933924,-0.335066902,0.1272635475,1.00185654444498,1931.84281594651,1499.7520823214
"nu_c[34]",-0.125505758463989,-0.124780535,0.119869558771567,0.1185827476155,-0.3273317395,0.06333236655,1.00055173503015,1968.95277315567,1404.9522668807
"nu_c[35]",0.430393072865,0.433288355,0.0919057270037997,0.089268413472,0.280519866,0.5811600965,0.999278679378801,2680.71298367046,1199.42666856601
"nu_c[36]",0.018093022657496,0.0211591445,0.14460872715586,0.1334049202836,-0.2221803465,0.2488369995,0.999747128026741,1012.39451431796,748.979100144328
"nu_c[37]",0.33759418378615,0.33645083,0.0889210037342068,0.086136139278,0.193002552,0.483138244,1.00193113014449,2611.58143865864,1245.5488586587
"nu_c[38]",1.14758771871,1.1494906,0.109951820187635,0.10493360955,0.9704827755,1.328161185,0.99990444350539,1507.47535095915,1571.86457856311
"nu_c[39]",1.318276642925,1.319607,0.129753625459221,0.13028169588,1.103936485,1.525156815,1.00016950891838,1020.82604436983,1128.23741546771
"nu_c[40]",0.474691545479,0.468731325,0.108863661474257,0.101835894762,0.3064252625,0.660696108,0.999650858004779,1961.50319030167,1605.15561895808
"nu_c[41]",0.125880169083725,0.12744399,0.126522927493394,0.125008591764,-0.08041388795,0.3171066465,1.00207792980774,2266.4237942525,1188.66694125024
"nu_c[42]",0.872442103245,0.86713831,0.113192857098566,0.111175162812,0.6964283905,1.0666988,1.00156608410559,1394.25322375767,1483.50957505672
"nu_c[43]",0.931525248055,0.92937556,0.110187031763837,0.10165832376,0.760887582,1.120284955,1.0012794136801,1522.93144085312,1276.0697831501
"nu_c[44]",0.216301364900418,0.219042565,0.100205837634562,0.098637429891,0.0470542606,0.37941958,1.00219308153887,2043.61454849913,1500.56934642792
"nu_c[45]",0.12068378861933,0.125137995,0.157107910861584,0.1521299166198,-0.142202294,0.377442307,1.00000845773596,1683.3162545562,1379.91629081284
"nu_c[46]",1.05729151875,1.05172235,0.0987383472341923,0.0950824886759998,0.90394252,1.228939965,1.00180186281004,1602.06583576154,1358.89313646827
"nu_c[47]",0.698332468575,0.69144055,0.125341038237883,0.12161241477,0.501930483,0.909175099,1.00327802420275,1525.22035635025,1007.56125719377
"nu_c[48]",0.77786467998,0.776551915,0.0989385311425649,0.0968395920659999,0.6228471135,0.9454654855,1.00205443047729,2287.82989632934,1597.21696041591
"nu_c[49]",0.098285755931661,0.100536755,0.095445900053398,0.0974835245349,-0.0561031875,0.25328691,0.999352758462935,2004.53335953399,1464.88252286965
"nu_c[50]",0.276042584215653,0.27376715,0.0944295389697616,0.093584091573,0.1229562565,0.429715866,0.999566493564215,2068.49337621759,1682.26725661787
"nu_c[51]",0.44119111042465,0.43794349,0.186223063782313,0.19073923281,0.1391313605,0.7521884665,0.999849696200843,1337.27078802422,1338.16325309299
"nu_c[52]",0.0951434380175865,0.0987003115,0.131251625889631,0.13204181169081,-0.126525458,0.3039264005,1.00042697426823,1657.05172936239,1722.34473686032
"nu_c[53]",0.898745526685,0.895818225,0.152146911840173,0.152586582624,0.656340852,1.146291275,1.00164807803762,1701.04702184936,1284.55971989297
"nu_c[54]",0.348485799283,0.349143645,0.104634119913151,0.100630355637,0.1812928995,0.5130276335,0.999227067124262,2003.33194279146,1532.57956047555
"nu_c[55]",1.25636140348,1.2547116,0.125899181990677,0.1258571727,1.053246275,1.469024715,1.00029227735431,1622.00400306305,1699.11998785115
"nu_c[56]",-0.3704932263934,-0.36137565,0.145099518776427,0.1425986919,-0.621322952,-0.145310006,1.0040951816585,1494.33052978735,1356.22098032762
"nu_c[57]",0.9065494491,0.903258245,0.118315595518929,0.116847842454,0.7181683405,1.107846605,1.00248702822135,1663.97439690035,1526.05551275553
"nu_c[58]",-0.27911878310655,-0.27065312,0.162564067056842,0.164638541655,-0.562214076,-0.02498101015,1.00057397723023,1599.68828797786,1464.94202789486
"nu_c[59]",0.041568669204075,0.046084185,0.128818924797588,0.1284708133989,-0.1789790455,0.24638873,1.0009422036371,1946.79461883268,1444.39358020222
"nu_c[60]",0.79432535634,0.789234465,0.12197188361856,0.119245110285,0.610431149,1.008791325,1.00183227442922,1906.15318936209,1528.14922897663
"nu_c[61]",0.35260626812245,0.35287696,0.100188738344638,0.099935527734,0.186060822,0.5144019885,1.00113394378115,2032.0875607283,1386.79858723205
"nu_c[62]",0.622129246835,0.6221572,0.0865423681834043,0.086699712603,0.4828620155,0.7656993325,0.999603993202366,2736.90888502992,1602.85949925903
"nu_c[63]",1.11683742811,1.1086739,0.101539848877725,0.0985777033499999,0.9595461535,1.28708611,0.999214050964858,1798.449793758,1557.10335751335
"nu_c[64]",1.251979503065,1.2469706,0.136007180790663,0.13596791166,1.032733355,1.481206,1.00261539660605,1826.49652799968,1450.67223976868
"nu_c[65]",1.26128445568,1.26177115,0.131324006653128,0.13539421959,1.0498581,1.475800675,1.00208269917404,1548.0041735257,1633.18576228298
"nu_c[66]",0.340793508114,0.342020115,0.0951720356450382,0.097098024072,0.1865808135,0.495345759,1.0027452425348,2499.61734790275,1596.77767449454
"nu_c[67]",0.96416549559,0.964304715,0.0935454340046441,0.083519320626,0.8079729495,1.120077915,1.00028045130415,2053.93408807106,1359.2084700467
"nu_c[68]",1.62204488225,1.6221983,0.132661927516186,0.13411466166,1.402628915,1.83619029,0.99973526273277,1642.55210941307,1060.5612336422
"nu_c[69]",0.78187749196,0.78365982,0.111612129320024,0.11084673726,0.6006220905,0.9547560375,1.00127986517029,1794.27039397736,1237.26526303342
"nu_c[70]",1.5760064426,1.5736725,0.129602935060669,0.12900740118,1.368119785,1.793594975,1.00259843954533,1882.92393430025,1575.92082132898
"nu_c[71]",0.910401530745,0.901615335,0.125046926381254,0.115390454067,0.7189797495,1.14119898,1.00361314166315,905.699992246339,745.491300565322
"nu_c[72]",0.301172563929255,0.30155519,0.0980510096165364,0.0958661687969999,0.140030657,0.4609757755,1.0004542177564,2328.73915831505,1433.44608406117
"nu_c[73]",0.77604331818,0.77398156,0.118584751503268,0.118200885453,0.5813297665,0.970004084,0.999988575621046,1640.42351977055,1579.237981837
"nu_c[74]",0.546610762355,0.54241909,0.103864400070885,0.102675884031,0.3806966565,0.7218363175,1.00292418199129,2337.24306906359,1267.75893772975
"nu_c[75]",1.30531566695,1.30378975,0.107187758415655,0.10667388543,1.131347805,1.48372359,1.00012726022439,1844.78344519312,1592.7287907368
"nu_c[76]",1.17385675386,1.1710242,0.138954246205627,0.13958137851,0.941569612,1.40171404,1.00093689940468,1601.75037138968,1684.51912522177
"nu_c[77]",1.08265446344,1.0851336,0.164496802712099,0.17144993964,0.807402727,1.3489898,1.00194207073523,1115.37451134185,1499.27713218857
"nu_c[78]",1.71061753095,1.7095913,0.139981239519038,0.14034973596,1.473234415,1.941161175,1.00279622411054,1811.88824972873,1425.69978806967
"nu_c[79]",0.014512525147273,0.0125099955,0.129774280373945,0.1285759542018,-0.1884739065,0.228429515,1.00052815538272,1964.89422070764,1461.85835765878
"nu_c[80]",1.196267104695,1.1928383,0.120686758325701,0.11738352066,1.003149075,1.397652435,1.00062735283303,1665.78207736021,1156.63939336737
"nu_c[81]",0.98982673576,0.96841034,0.14180562901724,0.136343142894,0.785201271,1.24354022,1.00360074824095,925.651662761855,1326.68958569264
"nu_c[82]",0.79382298075,0.792355455,0.0995519380620067,0.096148322403,0.631236349,0.959371123,1.00611397389441,2395.94919469719,1232.35257536835
"nu_c[83]",1.48450369135,1.48623355,0.123059811535377,0.12338604915,1.279756825,1.687867255,0.999596937813679,1817.7462532418,1850.08836896081
"nu_c[84]",0.708576146625,0.707916765,0.088531889966096,0.086480310042,0.5613345605,0.8550138575,1.00127559712673,2852.90608547467,1309.71128956099
"nu_c[85]",0.6552912884,0.651813505,0.0891004203685185,0.088090925139,0.5094565545,0.8046192455,1.00100299597967,2772.08028079091,1401.09246824479
"nu_c[86]",0.50589625132,0.50660745,0.0849144890275347,0.082280682456,0.3719211875,0.6412605495,1.00127643131364,2907.90487872858,1325.64720860407
"nu_c[87]",0.567253515243,0.56476918,0.131477729329601,0.128502108861,0.3586758475,0.792973439,1.00083819472062,1471.03331923384,1495.30157673761
"nu_c[88]",0.520405133095,0.520590905,0.119899971687011,0.121356451293,0.323175456,0.721383085,1.00342673601122,1725.392839019,1268.68802828756
"nu_c[89]",0.412283702748,0.4105244,0.102897496927508,0.095552346855,0.2505312185,0.584342281,0.999831408007329,2077.23431347613,1462.07718016001
"nu_c[90]",0.622633704055,0.620131045,0.101724709646382,0.09805656945,0.459445226,0.7978426405,1.00045892082671,1503.14962357161,1386.23788343806
"nu_c[91]",1.49520118365,1.50238125,0.136829007454901,0.13597473162,1.259975065,1.71209092,1.00568256734337,1991.44041221598,1604.09762422128
"nu_c[92]",0.60451403669,0.600997145,0.104831274345198,0.098009044707,0.444167564,0.7856724285,1.00155177508716,2615.45673438644,1501.83607148052
"nu_c[93]",0.56747029901,0.56488088,0.105015843270432,0.104427879864,0.3938966015,0.736657814,1.00033354720879,2217.08617135242,1450.32477892916
"nu_c[94]",1.32284130094,1.31822055,0.116314398281809,0.11636438142,1.1328398,1.514553175,1.00259374830694,1535.42571210093,1612.05344306772
"nu_c[95]",0.750622759605,0.74112527,0.112223239693853,0.106145390421,0.576584261,0.951251193,1.00207258019013,1530.51318465604,1144.52359890229
"nu_c[96]",-0.23780833555556,-0.23659012,0.117102479784601,0.111833377908,-0.4310237715,-0.04868781175,1.00080324047159,1649.59068884349,1016.25135302606
"nu_c[97]",0.3978068493675,0.39918947,0.111838975839523,0.107894250555,0.215433142,0.58644787,0.999667343510905,1809.68952809483,1388.92669053204
"nu_c[98]",1.259313055525,1.2625271,0.135085168850025,0.1355148291,1.03547152,1.47826205,1.00020283237149,1456.56654187398,1610.86700359117
"nu_r[1]",0.719668321505,0.71988941,0.101543913817537,0.101572696197,0.547241273,0.884361935,1.00146262728804,1865.60132490193,1439.35256381152
"nu_r[2]",0.118523318587117,0.11511031,0.0812179870643184,0.0784734049449,-0.01782394355,0.252120493,1.00656062563693,1453.45641101004,789.415432308028
"nu_r[3]",0.508498186915,0.51138555,0.0879136336577687,0.085791583038,0.3676509445,0.651659274,1.00118028144494,2445.5456281525,1517.05801499338
"nu_r[4]",0.36304959002,0.35991696,0.0851916602072409,0.084544990719,0.225601118,0.5068077875,1.00135736833282,2553.86941321954,1101.03629756855
"nu_r[5]",0.445381100069,0.44534407,0.0859611199706733,0.08102950149,0.307940447,0.5865105765,1.00233736192714,2654.81192067927,1440.24465247253
"nu_r[6]",0.273019056994,0.275458275,0.0867142667265324,0.084524464122,0.1250760135,0.4125173565,1.00425307443549,2416.85767431483,1279.67041143176
"nu_r[7]",0.653226200385,0.65237747,0.0958215855879792,0.092593433079,0.4978442885,0.8128785895,0.999903338431442,1638.32189269979,1288.15420164553
"nu_r[8]",0.54483462874,0.542554455,0.0874900479405605,0.08861025768,0.3989982635,0.685083274,1.0021458063161,2428.08080027653,1611.77165805799
"nu_r[9]",0.484339988995,0.479883765,0.100641474889447,0.099566538246,0.3246964365,0.648312599,0.999445833331615,2183.19824053888,1455.44777788276
"nu_r[10]",0.3607920670532,0.363024645,0.0990955938520873,0.093627049908,0.195381182,0.5139840025,1.00100714274948,1823.59995256226,1477.43837602368
"nu_r[11]",0.4320143003925,0.43280484,0.0912102044620726,0.0887737810470001,0.2860298485,0.587313439,1.00130744798729,1576.99083406842,980.557205285261
"nu_r[12]",0.598080883757,0.60247939,0.155444800086982,0.160998395418,0.341375905,0.8537798835,1.00001436773703,1414.05174140734,1657.41941334319
"nu_r[13]",0.2982698614485,0.292783835,0.0882805134254908,0.087739385853,0.1621607135,0.4486822305,1.00515219790647,232.633372174664,806.606947175805
"nu_r[14]",0.844892521155,0.84790014,0.093825706030603,0.0924122222940001,0.6882581245,0.994391468,1.00440605319514,1007.07567761726,853.620196773531
"nu_r[15]",0.7871007334,0.790138545,0.106105674177797,0.106399426518,0.6104290935,0.964213106,1.0013358428767,1345.44067261079,1618.09605177752
"nu_r[16]",0.681499363265,0.679282805,0.12873367862979,0.132616079232,0.474163951,0.89577057,1.00010502017953,1688.25265771856,1459.37562824713
"nu_r[17]",0.4536841327,0.450062195,0.0858744393714786,0.08460464313,0.3215184195,0.5930042095,1.00220942085126,2312.2636006937,1153.76566868034
"nu_r[18]",0.0442348301664495,0.0418809835,0.0907919717101047,0.0896376942909,-0.103641667,0.1954117105,1.00253133166499,1098.31415922708,1162.97434336456
"nu_r[19]",0.436537008415,0.434458175,0.0859022957038461,0.083673777894,0.2972914825,0.576850214,0.999466229876135,2097.49805153992,1472.90566275713
"nu_r[20]",0.486069719761,0.483806045,0.103088839834028,0.098011320498,0.3173662875,0.662094704,1.00166294241718,1944.55687111807,1529.37482034307
"nu_r[21]",0.344900503386,0.34122408,0.083591822610026,0.080535217476,0.2171326795,0.4889206545,1.00039990776019,2028.9140279652,1365.25830596167
"nu_r[22]",0.127834458851035,0.12402822,0.0969928221302554,0.0906133800075,-0.02429332315,0.297502428,1.00110183688969,1563.21036822739,1393.65149826317
"nu_r[23]",0.42101607105435,0.429157355,0.141047220574374,0.138571001436,0.1721507335,0.6437761975,1.00055501290933,1722.41456059884,1369.1266388531
"nu_r[24]",0.7729997796,0.77327878,0.102550088697563,0.104364558018,0.604412997,0.939795562,1.00280751488688,1913.95935402712,1346.22826583647
"nu_r[25]",0.2487543807808,0.24739021,0.0831440176113182,0.081723595506,0.1119436065,0.3888271315,1.00339047664129,2419.75043212409,1526.49787080841
"nu_r[26]",0.15861307185189,0.157456265,0.101455136362556,0.1017709168518,-0.006490749725,0.3238721,1.00062053022077,1399.22869627633,1543.65260117585
"nu_r[27]",0.45717938525,0.455981755,0.0878500873149086,0.083568883944,0.3120465605,0.6030008735,1.00173649923622,2472.53505788127,1497.60025838319
"nu_r[28]",0.504039948265,0.50362577,0.0874434365368113,0.085339160235,0.3591382125,0.646322221,1.00184759131539,2701.08681810077,1498.9923278022
"nu_r[29]",0.844074286135,0.848859465,0.111063990605416,0.10961788425,0.6588000675,1.024156365,1.00198200673517,578.404737158758,1073.27658499534
"nu_r[30]",0.21955559835172,0.215965935,0.086028705098907,0.085338018633,0.0891278231,0.3645698285,1.00094614175072,762.604996254088,1052.12206161676
"nu_r[31]",0.641918887935,0.64076876,0.0934458788012058,0.0926380148609999,0.492516297,0.798564278,1.00038304704129,2009.6680732608,1496.47853221114
"nu_r[32]",0.489413182265,0.48806285,0.0863790225490999,0.083460587427,0.351977019,0.632914369,1.00163643067975,2779.90679644127,1621.52709358033
"nu_r[33]",0.3772662699145,0.3773376,0.0867662098441082,0.085511742288,0.234177355,0.5172239315,1.00217387010712,2238.55392961662,958.345600702919
"nu_r[34]",0.4354499761895,0.43599139,0.0870753999900587,0.0854218374239999,0.2990921645,0.5804947455,0.999750805101791,2665.48307918126,1008.53292555753
"nu_r[35]",0.638517528385,0.63728657,0.0845388976825436,0.085870820595,0.5015169685,0.7785257605,0.999987261562685,2560.31935082311,1545.88879279213
"nu_r[36]",0.562257226645,0.563425885,0.0924836548838199,0.09244077717,0.403822537,0.7101367995,1.00197841052088,1862.76265623007,1531.79725122253
"nu_r[37]",0.81317514898,0.81547826,0.0814269735375486,0.078606762591,0.67676296,0.945431263,1.00266887112259,2051.61185569924,1558.6957827467
"nu_r[38]",0.39908493162,0.400537525,0.102112421969428,0.100120059543,0.225931024,0.5664025465,1.00200452690371,1972.39973646607,1732.07522339701
"nu_r[39]",0.91602652056,0.923275515,0.131983438426218,0.124570416747,0.683858786,1.126853245,1.0097391083733,375.536424082374,292.678637493437
"nu_r[40]",0.535110090715,0.534518755,0.0870714004324162,0.083442321795,0.39482401,0.6749965555,0.999571966844073,2249.94905375698,1825.42816302427
"nu_r[41]",0.410902212283,0.409927225,0.0948736345968133,0.094689614502,0.2516081635,0.56866352,1.00172565039235,2484.60763783577,1432.35470227769
"nu_r[42]",0.7568863706,0.756438275,0.0944359253794651,0.095197353111,0.6039348165,0.911276576,0.999852803894899,1612.62290519795,1272.51981202533
"nu_r[43]",0.3247113778909,0.329776635,0.0991543581168775,0.09812795664,0.156278202,0.4772109375,1.00069292739115,1919.13295297606,1337.74401968415
"nu_r[44]",0.70482268822,0.70362941,0.0884885436475098,0.088538284863,0.564674423,0.8515722545,1.00186364914178,2796.16498693712,1593.6669159292
"nu_r[45]",0.93600520539,0.93940259,0.0988298729333945,0.098125614132,0.773343163,1.090663965,1.00268994724316,1312.00495873971,1520.56040726316
"nu_r[46]",0.3922480679932,0.39391306,0.0918471242274085,0.089944508724,0.238001663,0.5357671705,1.00486081560567,2165.78352118051,1207.424054756
"nu_r[47]",0.63602131909,0.635369435,0.102013717436726,0.100866074211,0.4744657255,0.8095108935,1.00036718414292,1820.74344200932,1086.04418170077
"nu_r[48]",0.166221492919536,0.16749552,0.0946124432769157,0.095133986787,0.008274651695,0.3176349265,1.00075984742403,1352.08262385683,1394.34306040975
"nu_r[49]",0.4500999907,0.447456955,0.0825650666144758,0.079602966009,0.320550004,0.590308927,1.00361429585504,1013.00369872051,1221.32031255185
"nu_r[50]",0.53378009538,0.53421604,0.079712541399118,0.073979471622,0.40092519,0.6629016645,1.00308321976283,1899.8534921658,1214.15153603023
"nu_r[51]",0.94811765526,0.954988835,0.109771444676263,0.109309673949,0.7630836835,1.12347013,1.00509188710441,323.240160433872,768.367448802883
"nu_r[52]",0.662806584335,0.665574285,0.0990422270418227,0.0986833979040001,0.493208022,0.8244770445,1.00192599279873,1244.5711364912,916.711273730572
"nu_r[53]",1.090760421975,1.091056,0.117819824953404,0.12058223016,0.8889546835,1.27811517,1.00744673137403,274.94424201332,986.73580595336
"nu_r[54]",0.388211437082,0.385640365,0.0891270357857714,0.0869683819619999,0.247932891,0.5387355845,1.00036595847589,2462.77957065073,1486.90291535519
"nu_r[55]",0.379110180492,0.37936152,0.0954740672223664,0.093799683852,0.2236942305,0.5358128575,1.00127704785578,2406.68480207204,1658.67058398975
"nu_r[56]",0.23586495046715,0.232565685,0.0938705734156179,0.088296079914,0.08777732685,0.3924721415,1.00707049187332,1601.01873152865,1276.50909818476
"nu_r[57]",0.440211498301,0.43986137,0.0933882204058039,0.089235566469,0.28703918,0.5957586785,1.00250749315022,1911.5350028419,1393.5962812804
"nu_r[58]",0.597226644625,0.59990888,0.0910785567888395,0.0910027293,0.441878023,0.7436792515,1.00384703182814,1593.69414908292,1023.79879138726
"nu_r[59]",0.62067774892,0.622985655,0.100345071140541,0.10061798334,0.4504266465,0.7829967445,0.999951661788852,2651.64103662305,1535.4509551958
"nu_r[60]",0.60279629834,0.605358275,0.0915174232285182,0.0907091819129999,0.4523385475,0.7464182125,1.00026383874392,2501.3799633901,1167.54762181034
"nu_r[61]",0.21544086924615,0.211752675,0.0880131831503255,0.083851652829,0.06839080485,0.3665849705,1.00391532030441,2040.67272170074,1163.99441885958
"nu_r[62]",0.24338738662905,0.243550115,0.0758193535414905,0.075102548535,0.1214710535,0.3657206545,1.00152124561258,2523.17815208103,1548.51951356756
"nu_r[63]",0.48237654458,0.48594201,0.0921893829467077,0.089996014248,0.3255726055,0.6290634515,1.00080340918386,2033.85765879375,1627.42081533485
"nu_r[64]",0.52493195669,0.52851844,0.139931090278107,0.135416043462,0.2809800455,0.747881386,0.999921376056317,1384.25520145596,1349.52726576349
"nu_r[65]",0.75987012745,0.76157997,0.109353867875946,0.109028639706,0.5779087705,0.9353623465,0.999210510964892,998.360908514898,891.754403473644
"nu_r[66]",0.25689183000215,0.2555686,0.0840061304455631,0.081125811186,0.120702209,0.3957684405,1.00063821534793,1778.38426327762,1430.55149975746
"nu_r[67]",0.573474720835,0.57121788,0.0815962148636399,0.0823318618080001,0.4432443885,0.707744579,1.00092081194286,2455.28800783916,1506.52388019945
"nu_r[68]",0.4638979675615,0.468483015,0.149210586370049,0.155419260423,0.217610236,0.7061472815,1.00021797301232,1612.11037366877,1608.99405063371
"nu_r[69]",0.834593623815,0.83325493,0.102923562725,0.103177959108,0.67012841,1.006292645,1.00294918466602,618.620082708205,1449.91222268572
"nu_r[70]",0.220658975405205,0.22644783,0.13772843958328,0.140829623928,-0.01669212155,0.435379092,1.00339941064679,1317.86787629471,1394.86182197132
"nu_r[71]",0.236730528729335,0.248401975,0.122982560725687,0.103293268323,0.0137565623,0.409432951,1.00516072164911,711.380313050147,681.454828908239
"nu_r[72]",0.21441116545047,0.21374303,0.0868830952128125,0.084582485673,0.0677258527,0.3557406335,1.00132175165752,2311.15832487836,1272.56811119236
"nu_r[73]",0.67422215042,0.67354256,0.0966490657338995,0.093157102773,0.51143751,0.8331731985,0.999594767864412,2055.55648819361,1417.78682213822
"nu_r[74]",0.2731362623427,0.27076263,0.0849289612360572,0.082979758008,0.136210649,0.4156429235,1.00149591342769,2283.04704603377,1625.44392949514
"nu_r[75]",0.265747715654175,0.266450485,0.10521727578062,0.103817152446,0.09212053495,0.4409323735,1.00087710013289,1587.69708535738,1253.59152140305
"nu_r[76]",0.4557842171005,0.45492717,0.105527951267305,0.101844056475,0.286053405,0.6310361645,1.00007807965839,1956.44107760732,1457.17053071999
"nu_r[77]",0.68676161638,0.691069385,0.114054228121048,0.112831857117,0.4961692795,0.8664101385,1.00118112432557,913.115228126496,1253.14119510019
"nu_r[78]",0.80669618717,0.80584448,0.162758783028347,0.167498195361,0.545341455,1.086287295,1.00035376228167,1494.26720655075,1448.92237359501
"nu_r[79]",0.2998298343208,0.305649895,0.0869159220079565,0.084122953803,0.149789956,0.438409171,1.00221913918342,2563.85557414681,1745.46557621126
"nu_r[80]",0.37215496855815,0.37291809,0.11223425327603,0.111550920369,0.185917612,0.552333923,1.00147732206025,1659.47486653441,1223.86536267354
"nu_r[81]",0.2325213324102,0.229420775,0.0972768341275966,0.093306660048,0.0847294832,0.3970508065,1.00158062690894,1150.91169849791,1142.00257818354
"nu_r[82]",0.706193788095,0.707736825,0.0864677090365549,0.080559420921,0.569727117,0.8496247475,0.999871123467723,2363.70403209687,1681.09966409402
"nu_r[83]",0.730202101465,0.722221055,0.127971257145937,0.129733200597,0.531414802,0.944590748,1.00039666772086,1351.03651124709,1437.7588528358
"nu_r[84]",0.0845750488618077,0.0820967985,0.077299692212253,0.0768627231309,-0.03714941525,0.213592011,1.00152064657842,2077.23102754793,1280.47091847443
"nu_r[85]",0.392532430173,0.39160251,0.083666237233478,0.082271757204,0.2485474875,0.5264438265,0.999311424373426,2493.21558296659,1436.399393534
"nu_r[86]",0.59692498412,0.59516598,0.0792272941277663,0.07702707453,0.471763278,0.723574006,1.0003457070605,3115.5119973184,1344.71245769002
"nu_r[87]",0.48318973473,0.481471875,0.0847568459256494,0.08165982888,0.3481159245,0.624466343,1.00204147012183,2335.50658590373,1478.25992149444
"nu_r[88]",0.29404483937,0.29058038,0.0853371770882243,0.0838829653409999,0.1535741955,0.442020193,0.999216872876416,2120.94872920477,1434.69415818041
"nu_r[89]",0.507344628515,0.504528205,0.085041077992056,0.083732362833,0.3680324085,0.6475443575,1.00044059003802,2313.1124498733,1309.74144953949
"nu_r[90]",0.52013644094,0.517727345,0.0849114118365712,0.0826598499929999,0.383319805,0.660163406,1.00175746553317,1957.58053361926,1428.3223149401
"nu_r[91]",0.172731866523845,0.18537328,0.153572778807227,0.1554894585678,-0.09443762405,0.40508105,1.00229719600563,1164.53539874579,910.813413882474
"nu_r[92]",0.344157439678,0.34504097,0.0813189483073555,0.08185820076,0.2153529585,0.482778014,1.00268604640718,1354.30216457998,1742.65991985447
"nu_r[93]",0.48208335794,0.4822103,0.0868609566375627,0.083264950944,0.341217265,0.623008465,1.00253941929242,1028.27891732832,1377.11253397624
"nu_r[94]",0.3517954377406,0.352533005,0.120589731795207,0.121485548688,0.156276589,0.544795543,1.00069339432321,1353.28785194307,1555.89396003685
"nu_r[95]",0.29027797265625,0.286901685,0.0934037289260003,0.089084548833,0.142459418,0.4521866165,1.00354939982257,2064.92991187736,1409.85034017033
"nu_r[96]",0.059199594459178,0.0587699455,0.088870438889187,0.08929133950884,-0.08661628085,0.209010497,1.0009146295355,2217.65012636352,1467.43407619011
"nu_r[97]",0.564679047075,0.56345712,0.0898891647505932,0.087184344891,0.4218847945,0.7156558585,0.999761581324264,2197.41181224706,1053.90830493342
"nu_r[98]",0.51874171623,0.520054195,0.103296020080976,0.104041573608,0.3404991115,0.681305547,1.0000187244374,2185.58077209948,1768.70517829626
"nu_cr[1]",0.34825238728549,0.35048781,0.10544955537177,0.105582217398,0.1695372455,0.5190602375,1.00097885389597,2133.64247688825,1404.01525279116
"nu_cr[2]",0.3557207308497,0.358791095,0.0961661682008032,0.095423538567,0.201038288,0.5120686655,0.999925864526959,2311.07673707159,1732.75093792256
"nu_cr[3]",0.557440972915,0.55531282,0.126011712083213,0.126732010482,0.3525064435,0.7658640405,1.00053683807783,1972.78259356138,1330.51237777766
"nu_cr[4]",0.14168126803358,0.145210735,0.103585150370027,0.1019294913,-0.03494398085,0.3026752395,0.999494923035733,2014.8473254094,1362.50691726082
"nu_cr[5]",0.494966403115,0.49614661,0.097046603805712,0.097136119479,0.3364720355,0.6517575545,0.999897211759095,2395.9700828851,1477.34812762305
"nu_cr[6]",0.2754864720454,0.274789755,0.100959484538407,0.099153226431,0.110528154,0.447280243,0.999530815258506,2189.32768172064,1389.55045802687
"nu_cr[7]",0.19192070462768,0.191718605,0.108848450576053,0.111652789815,0.01204669045,0.3677886735,1.00229861209426,2086.02030967438,1313.55112305815
"nu_cr[8]",0.2749179790942,0.272068425,0.10655337699994,0.10549173432,0.1034505915,0.451258939,1.0002815039565,1839.95299398734,1536.89098629958
"nu_cr[9]",0.4085342573345,0.41412081,0.1108123206889,0.112647080679,0.2222313445,0.577818654,1.00181992080953,1743.89506487572,1334.85892336449
"nu_cr[10]",-0.532698571271,-0.537241365,0.167025700723584,0.17199472101,-0.80397373,-0.2475379835,1.00260048709671,1090.9395531675,1341.23980605034
"nu_cr[11]",0.000668781647552504,0.0033551036,0.124836347715302,0.1226748666864,-0.2100713955,0.203317012,1.00221936697643,1357.75717636972,1255.02493916202
"nu_cr[12]",0.43254800704505,0.42841415,0.160385326234464,0.162075874968,0.1805154635,0.707249736,1.00051142447078,1325.96023829412,1620.63352358367
"nu_cr[13]",0.27943606961105,0.28054891,0.0930304781363682,0.091714169736,0.125719796,0.4299278605,1.00101596055475,1975.99857290753,1528.67188378541
"nu_cr[14]",0.632875950095,0.632631505,0.104876266036557,0.096406991625,0.458800776,0.807361562,1.00057767295206,1746.95069552012,1387.86769991504
"nu_cr[15]",0.290337482234283,0.28794839,0.10341134092358,0.105366217404,0.1255880185,0.462272052,1.00069250646111,1940.01443208904,1645.25821315513
"nu_cr[16]",0.64693594108,0.64322499,0.135111723989682,0.134859786768,0.4316071235,0.8723186285,1.00192639506079,1830.0998207983,1304.47523992253
"nu_cr[17]",0.20645146323325,0.21145913,0.0962849474724845,0.09207005304,0.0445210013,0.355975041,1.00085694548884,2095.5952315869,1502.30468811389
"nu_cr[18]",0.21963471179265,0.218344635,0.0879633512221497,0.08339884455,0.0756400129,0.368692857,1.00048793537661,2417.41465301754,1481.40527463826
"nu_cr[19]",0.24026412781186,0.241603485,0.0932039996512654,0.090704467245,0.0877023392,0.39124023,1.00061151305761,2198.66271958209,1123.76167490407
"nu_cr[20]",0.3198368120412,0.32135554,0.108471307142314,0.103707847761,0.1419029075,0.5000723385,1.00099229070749,1806.44437325894,1593.88535850422
"nu_cr[21]",0.1544223161862,0.155983665,0.092853594780788,0.0879529529004,0.000533095374000001,0.3031726325,1.0010769665001,1826.92817061385,1428.99559666823
"nu_cr[22]",-0.18496652495504,-0.175774545,0.126781881837784,0.1205060237787,-0.405739035,0.01675668185,1.00041607658205,1531.05687170958,1298.12345189658
"nu_cr[23]",0.32291507541896,0.315689385,0.150626866026621,0.156284142546,0.0848153459,0.581110648,1.00138482140263,1766.86259557185,1625.38983014875
"nu_cr[24]",0.471878187187,0.474590445,0.098169063271493,0.096915004515,0.3086823025,0.63646338,1.00495538748477,2212.0918317931,1626.28091534771
"nu_cr[25]",0.416355251195,0.415409755,0.0940297234606606,0.095492746335,0.2644799785,0.569473359,1.00662724087099,2363.10585740006,1505.00260245788
"nu_cr[26]",0.0811273314944615,0.08328669,0.105871547407796,0.103496858955,-0.100815843,0.251426682,1.0001781255172,1963.85002310443,1328.6743161036
"nu_cr[27]",-0.0614768424122825,-0.061192401,0.110268398770078,0.1084895277984,-0.2421751315,0.121171302,1.0004556638346,1749.33350921849,1665.67094942775
"nu_cr[28]",-0.368064984784,-0.36660171,0.112728524897827,0.113134129605,-0.560808598,-0.18664608,1.00093412297416,2037.94134631171,1702.04328863629
"nu_cr[29]",0.0438783893829683,0.042147475,0.164835273396764,0.1688516475576,-0.2213426485,0.31550889,1.00106105863574,1360.68605001407,1498.37804638475
"nu_cr[30]",0.093582865169464,0.0939879185,0.0944632656445439,0.089598736752,-0.0626932819,0.248759844,1.0006692099563,2250.47422904067,1603.99217241431
"nu_cr[31]",0.0628454267011218,0.073391838,0.131584338682387,0.1318628843322,-0.162774607,0.266209344,1.00045392437712,1384.17452311119,1234.06881261756
"nu_cr[32]",0.080685598403259,0.082735447,0.110161079770616,0.1028964748959,-0.0989973923,0.2533569435,1.0034192479602,1876.62182961961,1481.8894238903
"nu_cr[33]",0.36431386904525,0.358944525,0.134093797410135,0.128108545278,0.146890379,0.593172789,1.0016817038163,1818.73039610528,1509.57458816524
"nu_cr[34]",0.179318021642615,0.175777035,0.115753886443307,0.112204472688,-0.01216053145,0.3706993775,1.00122716641775,1732.37046341369,1554.80608315094
"nu_cr[35]",0.5864619349,0.587615105,0.0933290625017998,0.088833655848,0.432044156,0.7370667565,1.00201407678218,2409.26875953083,1640.61883129426
"nu_cr[36]",0.05084989616332,0.048659368,0.138234625710154,0.1263037748154,-0.167405974,0.293936099,1.00046352388968,997.195043986093,690.898659623348
"nu_cr[37]",0.393459881961,0.392785305,0.0848529931070241,0.080822923419,0.254378376,0.529545843,1.0036038300806,2354.35069805776,1479.92165331229
"nu_cr[38]",0.874497973145,0.872388845,0.114712705904117,0.110262652164,0.6915293885,1.06638355,1.00074027175006,1510.3042076706,1439.4926805031
"nu_cr[39]",0.5587286913,0.5491598,0.127199506756704,0.11952899112,0.3713024595,0.7798282735,1.00717217505435,491.724777231554,257.151348685186
"nu_cr[40]",0.03217259483509,0.0318001685,0.105566898019173,0.1057979675739,-0.1425489815,0.206810068,1.00034331996331,1804.42693480827,1555.41213468395
"nu_cr[41]",0.385156022451,0.383633915,0.120491061053945,0.119080022775,0.1934672925,0.5794465355,1.00160293442995,2110.25664846685,1300.9852597728
"nu_cr[42]",0.3041766806267,0.307916595,0.107326751842467,0.103647958134,0.1262460315,0.473582183,1.00202254602206,1858.5080696321,1320.86092658463
"nu_cr[43]",0.606901029895,0.606367115,0.103398448057192,0.102221771064,0.4397432595,0.7804125105,1.00122820265629,2083.57169690851,1437.72589330457
"nu_cr[44]",0.60080789954,0.598622545,0.101220646254482,0.0974539444410001,0.4344088355,0.766865812,1.00112318361364,1933.08089078006,1343.35251638897
"nu_cr[45]",0.152290977945527,0.14943546,0.151157296763881,0.1501724198247,-0.09595140115,0.4028725175,1.00291998730418,1744.185666316,1667.11995659241
"nu_cr[46]",0.5734679443,0.57276041,0.0948641281053303,0.091363875834,0.4151671185,0.7330893195,1.00441927308695,1465.97270742076,1085.14441512899
"nu_cr[47]",0.25060011648645,0.257549725,0.114890285291952,0.114909698778,0.05199297575,0.4279319295,0.999987752536674,1890.71092556984,1505.02797162297
"nu_cr[48]",0.73697532441,0.73688929,0.103550682218206,0.105065909361,0.5693668215,0.9083284365,1.00008755061262,1506.33424293856,1517.2924429811
"nu_cr[49]",0.09865486751679,0.098807297,0.0928496503300325,0.0928065464508,-0.05720542625,0.2492827545,1.000750512039,2756.56725435881,1641.50099383909
"nu_cr[50]",0.224249232702309,0.226444715,0.0928062807057828,0.0928819248,0.07283561835,0.3763044005,0.999448438344372,2472.67080581146,1576.92535406178
"nu_cr[51]",-0.16563729235659,-0.16253004,0.178816181474536,0.1784653315242,-0.464434195,0.1165195415,1.00122784931868,1317.87590740547,1248.81131356817
"nu_cr[52]",0.479190077042,0.47202992,0.132216330239725,0.136596400626,0.272077909,0.699443905,1.00439296447997,1307.9511795132,1481.32359889299
"nu_cr[53]",0.263050804163484,0.260248445,0.138109298301998,0.139246244193,0.0417050734,0.4900828055,1.00294283055046,1797.14620742649,1580.60530172195
"nu_cr[54]",0.3040863226925,0.301536915,0.0990972187410148,0.098220663618,0.1367862645,0.462056962,1.00279951526261,2104.14208491449,1266.12781114325
"nu_cr[55]",-0.0453225080997556,-0.044477356,0.113195649852731,0.1079794274076,-0.233543462,0.1404276495,0.999636726695384,1670.59152213433,1580.85577489566
"nu_cr[56]",0.21573928472591,0.212696835,0.136314324014269,0.131567762424,0.006043909145,0.453506109,1.00240029853693,1470.81094634061,1293.25393618639
"nu_cr[57]",0.1648009600634,0.166510575,0.111442695876176,0.1155326242875,-0.01781095415,0.3413204245,1.00372089050481,1684.18583399168,1300.20559455981
"nu_cr[58]",0.62929473314,0.61944621,0.15861698629402,0.16232891031,0.378475101,0.90424564,1.00356847166147,1636.89509218018,1274.89329634898
"nu_cr[59]",0.4317804822395,0.42824297,0.126224273310811,0.131245600857,0.2310128345,0.6430774695,1.00279564871053,1919.63672204309,1624.1590787975
"nu_cr[60]",-0.011431041270627,-0.0052792024,0.11657152281891,0.1148725211004,-0.21079813,0.172375212,1.00368554492954,1708.63247059619,1143.07045277514
"nu_cr[61]",0.373460672387,0.37326488,0.0947375557970235,0.097496672973,0.223114093,0.527382712,1.00212891623409,2027.34070236059,1289.35816774658
"nu_cr[62]",0.479765896765,0.47916761,0.0858103818356829,0.0841696853549999,0.3405354585,0.617661444,0.999238983283705,2702.1598823282,1342.14005688153
"nu_cr[63]",0.363058801602085,0.36667872,0.0973183372571467,0.09041198733,0.1996278765,0.517068127,1.00073037091395,1927.63654924455,1383.84982742838
"nu_cr[64]",0.49285399476482,0.48823314,0.143527372291423,0.141793528905,0.258894882,0.734889403,1.00179083122209,1555.31597394127,1601.72135474014
"nu_cr[65]",0.3640169300169,0.362422225,0.11722665993135,0.120289283226,0.173500882,0.550206156,1.00204452769635,1195.0672906196,950.302635504642
"nu_cr[66]",0.568776187725,0.568033545,0.0918540203456509,0.091089083337,0.4189337915,0.720292663,1.00032285879893,2155.27265306364,1486.92261437333
"nu_cr[67]",0.409845992123,0.41330193,0.0868434309780698,0.082365198069,0.263545895,0.5456262115,1.00012177884832,1962.87044536283,1308.5865472351
"nu_cr[68]",0.3880851106002,0.38832538,0.153299738022146,0.157461289881,0.134851205,0.6428175155,0.999300518304617,1496.5466820496,1391.60431379885
"nu_cr[69]",0.94296667778,0.93624374,0.11372937926899,0.107279223597,0.766858813,1.14549027,1.00269825269789,1218.96661534821,1297.27633856485
"nu_cr[70]",0.113234274193517,0.10683073,0.145240147690059,0.147035046228,-0.1215751335,0.363718168,1.00216619553131,1650.26786346563,1668.36767600561
"nu_cr[71]",0.4054570554357,0.397942425,0.121544519677449,0.113234731428,0.2252370765,0.6119396845,1.00201218772172,795.045985748436,773.940247687062
"nu_cr[72]",0.24856779961,0.250846345,0.0962567173539513,0.093233263935,0.0920790281,0.408807754,1.00040386781463,2506.40604083335,1538.23606034297
"nu_cr[73]",0.226660608068075,0.22985638,0.108479115245879,0.110413914429,0.047340558,0.4041828645,1.00079824917757,1648.68688450838,1171.14260210658
"nu_cr[74]",0.0940183880540822,0.0971396395,0.101302922179463,0.0971442159576,-0.07748023255,0.261064475,1.0018969503363,2133.70854952308,1360.55028522222
"nu_cr[75]",0.187218862244755,0.18578247,0.111932297127675,0.114338868126,6.97387495000007e-05,0.3705859625,0.999850929276086,2066.18143794791,1572.23248032435
"nu_cr[76]",0.102310933636307,0.10437471,0.126720233286618,0.132398352009,-0.1026995115,0.3103058255,0.99973945958274,1899.02728220373,1516.96244377549
"nu_cr[77]",0.3911887387575,0.38133445,0.144053301106449,0.147563756214,0.160063733,0.629932812,1.00148319092156,1249.96113638079,1758.31693629707
"nu_cr[78]",0.79006874581,0.78214053,0.163211027246304,0.173177109336,0.5349589045,1.061287095,1.00069924026011,1595.3956541855,1609.50657597692
"nu_cr[79]",-0.028340120143149,-0.0258903575,0.125129167030737,0.1291742729991,-0.234451585,0.1819642375,1.00238150117498,1967.52094485044,1522.55378585422
"nu_cr[80]",0.24576733308021,0.2414204,0.121605128824498,0.123448511088,0.0545873178,0.450555656,1.00279564085647,1643.17448079774,1420.07621718975
"nu_cr[81]",0.142961326552415,0.15591124,0.131416278111158,0.1307078129112,-0.0916540147,0.3433028915,1.00058781957977,1021.55930213862,989.459546437092
"nu_cr[82]",0.665030825245,0.670715605,0.0943183404839352,0.089728745946,0.5083676915,0.816028947,1.0018998041922,1729.03269155979,1064.25211624492
"nu_cr[83]",0.71282745931,0.71065938,0.134468966298386,0.140837726337,0.496255442,0.9399030475,1.00074583595168,1561.69449711966,1454.00016432622
"nu_cr[84]",0.2746594113229,0.27531663,0.0836817229303808,0.0810395535179999,0.13380671,0.4105822745,1.00317250313506,2845.8615531629,1721.62721318204
"nu_cr[85]",0.5917414466,0.59097362,0.0859212173502371,0.0815567955929999,0.4531110365,0.731698555,1.00034349414478,2503.16179922822,1440.03519388579
"nu_cr[86]",0.55168118842,0.552889075,0.0853580321518593,0.082088366997,0.4096989735,0.6893629335,0.999587373349498,1972.21469498694,1195.34112899066
"nu_cr[87]",-0.01068483908169,-0.00778419635,0.122347122994795,0.11905241550279,-0.2137560075,0.1853494125,1.00081722276332,1736.72523700911,1560.77559591652
"nu_cr[88]",-0.520645806945,-0.51803263,0.119316572057262,0.118428575748,-0.7276173265,-0.3285207015,1.00911401649279,990.539807528573,1388.84009863725
"nu_cr[89]",-0.249802757542115,-0.25024847,0.102301126983929,0.097620195792,-0.420835328,-0.0799797332,1.00005294697008,1884.83474453413,1505.08203109377
"nu_cr[90]",0.3049591397964,0.30822183,0.0954831818757178,0.092730840447,0.1446584595,0.458845149,1.00484918193432,1758.39129485862,1351.83750442133
"nu_cr[91]",0.148758601318519,0.14053778,0.16232870016306,0.1693779876075,-0.09818333825,0.429390396,1.00094247774519,1233.98482383312,1337.88853382118
"nu_cr[92]",-0.17774370837394,-0.176737235,0.095489515250926,0.095433916767,-0.3360251085,-0.02249837815,0.999887871150796,2485.45244465194,1735.40441244342
"nu_cr[93]",0.51248095122,0.50935394,0.101484288370338,0.099853799409,0.3518715455,0.6859054825,1.00143469724122,2304.55746715862,1578.65422582476
"nu_cr[94]",0.37586818387735,0.37517049,0.125645916451992,0.127986327147,0.1676465905,0.578473088,0.999679696724984,1347.5906120808,1413.73249985769
"nu_cr[95]",0.056950326829187,0.065158679,0.108435436764536,0.10410653261505,-0.1348916005,0.2212187715,1.00200874846964,1681.63912089144,1068.92205910768
"nu_cr[96]",0.402868654312,0.3994666,0.113854598208555,0.110380578168,0.2205733275,0.5884348455,1.00167375667638,1791.41801095523,1187.14802532079
"nu_cr[97]",-0.167998948838165,-0.16915979,0.111342978099072,0.1061246132646,-0.3486044045,0.0169616323,1.00014252749118,1959.38624456801,1564.31794632529
"nu_cr[98]",-0.03443081693637,-0.0358206505,0.12199301363486,0.1275071300706,-0.234008036,0.164107249,1.00093913822303,1806.07265463532,1813.90747219614
