"participant","cell","cell_label","nu_mean","nu_lo95","nu_hi95","alpha_mean","alpha_lo95","alpha_hi95"
1,1,"cong/post-corr",6.84361463370328,6.261978984,7.39346018785,1.42168760633036,1.32053277336201,1.5272957341643
2,1,"cong/post-corr",8.96719004078861,8.33868021,9.62391714575,1.11247217445858,1.02179553235502,1.20874962726171
3,1,"cong/post-corr",7.22789357210246,6.689778163,7.7691846255,1.25272368358762,1.16486100953081,1.351382482965
4,1,"cong/post-corr",8.20213999902587,7.46695799525,8.942442596875,1.02090476528091,0.925822851312678,1.1274478510908
5,1,"cong/post-corr",7.19142905610549,6.6782059025,7.71950847665,1.50852386740015,1.40999693074799,1.61490176358493
6,1,"cong/post-corr",8.49903306380495,7.844465134,9.15157483875,1.18502040839427,1.0915671902544,1.28317481932255
7,1,"cong/post-corr",6.31716864033728,5.8603423445,6.77506719295,1.77079124205802,1.6378657121872,1.91331703354879
8,1,"cong/post-corr",7.26092308023982,6.65018283675,7.85702168225,1.35558535229883,1.22899385956442,1.49319389867786
9,1,"cong/post-corr",7.5834080513994,7.017061638875,8.140013024,1.20767831395633,1.11930981301201,1.30198849887421
10,1,"cong/post-corr",7.59826942127568,7.05103232525,8.16166368775,1.36585980377352,1.27181391254527,1.46833630066356
11,1,"cong/post-corr",8.78291782522972,8.12500197225,9.4344617825,1.08896060265846,1.01891143932607,1.16603289003194
12,1,"cong/post-corr",7.5606989795493,7.00268272525,8.12620717475,1.4366451807566,1.33817738356071,1.54003465585955
13,1,"cong/post-corr",7.65196193588695,7.067049840725,8.2265836185,1.4658240231389,1.33599568394253,1.61282260389071
14,1,"cong/post-corr",5.8050975624761,5.322278967,6.27904271495,1.45966274677055,1.33489050427362,1.59896810975378
15,1,"cong/post-corr",7.78510237471749,7.10481578275,8.4702181245,0.983283804716186,0.90966020180088,1.06537555972325
16,1,"cong/post-corr",7.1281883466973,6.611593001975,7.670487172925,1.52494824105791,1.39608494446477,1.66273876465865
17,1,"cong/post-corr",7.09826732380065,6.5607580176,7.64914026675,1.56872669442591,1.46659068195149,1.67497458918592
18,1,"cong/post-corr",7.39502068626709,6.712363272425,8.08955042825,1.14296697621276,1.04269487304611,1.24934017688306
19,1,"cong/post-corr",7.75607331578343,7.2067433694,8.3046296287225,1.32740701262891,1.23671090528452,1.42499518997638
20,1,"cong/post-corr",7.44912192758551,6.869843926125,8.0193830783725,1.18620202171029,1.09825237669467,1.28215236203233
21,1,"cong/post-corr",6.91493036212588,6.35380588425,7.49505152975,1.35644069524863,1.24162721837817,1.4851491490259
22,1,"cong/post-corr",6.68384741758649,6.18937341,7.1919380235,1.35478781081492,1.24096007598026,1.48198289834134
23,1,"cong/post-corr",7.67867861939279,7.139827374625,8.227210426,1.17283376032821,1.07891221451098,1.26887459114593
24,1,"cong/post-corr",9.06119421130107,8.39445382425,9.72821844025,1.32422933569288,1.22794670138422,1.42624261021106
25,1,"cong/post-corr",5.46542334407749,5.04512557375,5.8973726615,1.54217770675368,1.43356058567781,1.65640754091297
26,1,"cong/post-corr",6.96557135681072,6.4478891045,7.51282440425,1.24716411868514,1.15563572550799,1.34589919080347
27,1,"cong/post-corr",9.05803656580455,8.353557714,9.7722071075,1.03450131685581,0.944149227674501,1.13190426428807
28,1,"cong/post-corr",8.16458991188642,7.5413852552,8.82922897225,1.34586695557616,1.25434592973476,1.44233184520394
29,1,"cong/post-corr",6.98423413657668,6.4017738802,7.5794006903425,1.36470519858665,1.25842831820054,1.47739167033692
30,1,"cong/post-corr",7.12935827173073,6.556155731875,7.69646412825,1.16898823741521,1.08757822485659,1.25581083127088
31,1,"cong/post-corr",7.47282545959962,6.81074720235,8.13850447475,1.26486479339829,1.14605615174736,1.39322041936338
32,1,"cong/post-corr",8.09429442512922,7.4275282625,8.775327905,0.952056835421755,0.871511026791846,1.04289601124709
33,1,"cong/post-corr",7.65371444062062,7.09892856825,8.240423775075,1.19604856956604,1.10072455427374,1.30071623432667
34,1,"cong/post-corr",5.78749176644108,5.255567406675,6.317942538635,1.24461481518984,1.13683163451442,1.35983223828207
35,1,"cong/post-corr",7.88044565542542,7.277384254,8.4954847231,1.10871006286907,1.01812272659808,1.2051589762391
36,1,"cong/post-corr",7.60096799177444,7.062607799275,8.14709416075,1.38314734606442,1.27898459758048,1.49259214792147
37,1,"cong/post-corr",6.6623316418853,6.13968384725,7.19109994775,1.49958816035728,1.38474367059011,1.62442064156898
38,1,"cong/post-corr",8.27514579467702,7.646794963,8.90662864925,1.01131625293826,0.927796824233332,1.10214978726314
39,1,"cong/post-corr",7.6810277774524,7.12352214238,8.2383062415,1.32347377700772,1.22933419549913,1.42270153490511
40,1,"cong/post-corr",8.65675211684398,8.06669627475,9.280186111,1.34649257870765,1.23725495087463,1.46159760147055
41,1,"cong/post-corr",7.79986252545639,7.204281237568,8.39649942475,1.13471483444124,1.04558992805154,1.23404945183469
42,1,"cong/post-corr",7.66423794824313,7.110566597775,8.204696848,1.32288975536226,1.21896553525787,1.4319839380168
43,1,"cong/post-corr",7.27029702288259,6.628090930575,7.8985957285,1.28133529658189,1.14009630428532,1.44243307137749
44,1,"cong/post-corr",6.1116225590268,5.65387264,6.58212271225,1.63325852421009,1.50966538791058,1.76361640412855
45,1,"cong/post-corr",5.67862525513415,5.219069791525,6.1079431825,1.74796622851625,1.60501806404503,1.90357783813051
46,1,"cong/post-corr",7.64388612712186,7.054182556275,8.22408980675,1.30275092680231,1.20630935622549,1.40701417959216
47,1,"cong/post-corr",7.71461746464355,7.018200808875,8.389923369,1.35858934241081,1.23499863778654,1.49038595394774
48,1,"cong/post-corr",6.98439161141915,6.43136827525,7.557519786475,1.38717610681189,1.28181412715911,1.50216153916033
49,1,"cong/post-corr",8.47849808867447,7.80499063025,9.1544357569325,1.05206875548771,0.956582027415815,1.1534807384135
50,1,"cong/post-corr",7.98361225935192,7.39745741925,8.556910722575,1.35662574266663,1.26742014588581,1.4494737135573
51,1,"cong/post-corr",6.89487740664428,6.370756329,7.43898312015,1.2377762842979,1.13522806454272,1.34988873531673
52,1,"cong/post-corr",6.35859185369006,5.8608021895,6.84602277725,1.48099784362793,1.36122127931311,1.60986786316358
53,1,"cong/post-corr",7.03017327422067,6.52372725675,7.5265652635,1.60280611132161,1.49072167807355,1.71910322730566
54,1,"cong/post-corr",7.35445952501246,6.818040428975,7.906477438,1.33915637737641,1.24380820159391,1.44476493523517
55,1,"cong/post-corr",8.5379377839238,7.914368474875,9.1532043655,1.08944685517675,1.0103470355445,1.17702312514041
56,1,"cong/post-corr",7.61501737033285,7.075863167825,8.141216204,1.53121392680018,1.4211835126308,1.65278679967898
57,1,"cong/post-corr",7.01373413818398,6.47383483975,7.5388588485,1.30096503299035,1.19619434012242,1.41684354686228
58,1,"cong/post-corr",9.4833035962563,8.8126729955,10.15987742825,1.20384273539694,1.09652807854729,1.31664177321258
59,1,"cong/post-corr",7.15750948210342,6.6079180795,7.69679461645,1.46055124479858,1.35123120502264,1.57621480807381
60,1,"cong/post-corr",8.31831114527757,7.6897958293,8.95566425325,1.13942403906266,1.04546937590019,1.24150891594768
61,1,"cong/post-corr",6.72930414063971,6.12561287325,7.34837232775,1.19045987292099,1.09227307592437,1.29378938655463
62,1,"cong/post-corr",6.60732824599224,5.9657915724,7.2441930715,1.20152795451962,1.10523453145823,1.30962288531249
63,1,"cong/post-corr",7.50581323961578,6.9569711898,8.0446702825,1.40542187706934,1.30912892679,1.51206494365915
64,1,"cong/post-corr",7.89352610925934,7.29271132665,8.50849795985,1.09078971978404,1.02012725412219,1.16839016200567
65,1,"cong/post-corr",7.78169912925012,7.189032304,8.3576622465,1.1415475119801,1.06258146203799,1.22577864884144
66,1,"cong/post-corr",6.59442621063278,6.109713042775,7.087652966,1.48738936332944,1.37568212867957,1.6090054688938
67,1,"cong/post-corr",6.54699559895432,6.021221978825,7.08410267875,1.29761661927328,1.18446921504978,1.42233648200651
68,1,"cong/post-corr",8.6693980146116,7.983884727,9.3767666885,1.14243021490922,1.04998665349045,1.24473845791259
69,1,"cong/post-corr",7.35391312373364,6.7990451856,7.89337090385,1.36922133634029,1.27802899858154,1.46328534774013
70,1,"cong/post-corr",8.14085619537189,7.55680889175,8.71067572875,1.58620907596256,1.46488693489286,1.71669244005427
71,1,"cong/post-corr",6.43303852296485,5.90282107215,6.96462020525,1.20971960150428,1.1285309344288,1.30184961093678
72,1,"cong/post-corr",7.56176395215839,7.0127399445,8.11181068,1.22906516949212,1.13836465512829,1.32697196386831
73,1,"cong/post-corr",8.04789365125978,7.407850135725,8.6622260007,1.20899597688686,1.11092496319958,1.31407235310836
74,1,"cong/post-corr",7.7749672819633,7.17755719375,8.37823638175,1.30784031435558,1.20836344970598,1.41316117322134
75,1,"cong/post-corr",8.53272795425581,7.87983394715,9.197832118025,1.03630695557723,0.95123204257895,1.12822857162528
76,1,"cong/post-corr",6.71473010500429,6.228702255,7.21663089685,1.25697915475266,1.15738082180479,1.36496307053695
77,1,"cong/post-corr",6.47030253695204,5.9713710263775,6.969225985075,1.70355055728454,1.56131484187087,1.85781004847348
78,1,"cong/post-corr",6.4593160738186,5.960072663,6.9689528975,1.62417829627049,1.52016836770308,1.73160870366401
79,1,"cong/post-corr",7.23005166782526,6.478558366,7.97721657575,1.04355945283208,0.933290837776933,1.16228429051101
80,1,"cong/post-corr",7.49603996093235,6.9401001995,8.06092485625,1.27707411445757,1.17296114576416,1.39336645756687
81,1,"cong/post-corr",7.50099103149909,6.87721066125,8.1196957116,1.39762367573517,1.29104871585479,1.51152461651159
82,1,"cong/post-corr",7.54571656712168,6.97295872025,8.16922427,1.21392020815556,1.11236223107883,1.32376444535674
83,1,"cong/post-corr",6.93418088874902,6.404572235825,7.474723759775,1.35462795425909,1.25293935305485,1.46753470372129
84,1,"cong/post-corr",6.31896891031816,5.873565662975,6.77628378475,1.50419261194717,1.40038918122583,1.61306573852559
85,1,"cong/post-corr",9.26012745694934,8.3685665255,10.1125642835,0.986791340179954,0.864049212905253,1.12806218567561
86,1,"cong/post-corr",7.90964437918991,7.279144172,8.54299192556,1.140652055822,1.04175433977654,1.24878857720385
87,1,"cong/post-corr",7.11041633906214,6.56502725475,7.669431945,1.12210478905482,1.02956195016223,1.22375595785124
88,1,"cong/post-corr",8.40841198285798,7.801509554075,9.03315335075,1.01051619143094,0.929494985493564,1.09589602615449
89,1,"cong/post-corr",8.47190625349981,7.8737730323075,9.06551342075,1.12675792774945,1.04153454688836,1.21758672723645
90,1,"cong/post-corr",8.18509512333498,7.59245289775,8.77187603975,1.30149741663112,1.2023109353915,1.41635481274527
91,1,"cong/post-corr",7.55937843124785,6.9868765973,8.16053987625,0.975453091181952,0.900243479258623,1.05558358726697
92,1,"cong/post-corr",7.70956277888017,7.157291264575,8.26524577125,1.31138185840809,1.21232704718269,1.41872109907022
93,1,"cong/post-corr",7.68812297531556,7.120900401325,8.26137365495,1.43826563002932,1.34549986940759,1.5338758793973
94,1,"cong/post-corr",7.85302519311701,7.273365877,8.42919746575,1.15519660311565,1.07207455735735,1.24563572354787
95,1,"cong/post-corr",6.57394117392155,5.99086629735,7.147619450325,1.07421927539166,0.98128835655729,1.1781140672058
96,1,"cong/post-corr",6.94523861694028,6.432353183075,7.45805115875,1.30467371018109,1.20247283664836,1.41815145483433
97,1,"cong/post-corr",7.02287612956752,6.4819360875,7.57478921745,1.30847641644573,1.21214212846288,1.41942171705486
98,1,"cong/post-corr",8.4048036626248,7.688661958,9.111342241875,0.921431153573476,0.849215452147566,1.00162886766306
99,1,"cong/post-corr",4.4613081496959,4.042379375275,4.88798510725,1.49154616360432,1.37252811857618,1.62228527632956
100,1,"cong/post-corr",7.44259132603179,6.911638301775,8.00147827075,1.38147927720007,1.28654915596384,1.48271512891465
101,1,"cong/post-corr",6.58652220678142,6.04930573175,7.1017927687,1.59804957343434,1.45941860902645,1.74232178398
102,1,"cong/post-corr",8.64735740809678,8.027701340925,9.28120736175,1.24164992581916,1.13989392938302,1.35081188378431
103,1,"cong/post-corr",8.62486156247276,7.9634392185,9.27890650125,1.28657410166979,1.17911512603084,1.3946843916769
104,1,"cong/post-corr",6.8653116917336,6.31308375425,7.4129345135,1.37585642134549,1.26103453104457,1.50601397200647
105,1,"cong/post-corr",6.87631870936117,6.25826625075,7.497252286325,1.25536284976004,1.13488431276571,1.38303339426213
106,1,"cong/post-corr",6.84252103391276,6.358869229975,7.3281256622,1.52245428802632,1.4056392691753,1.64757592117515
107,1,"cong/post-corr",8.44846240012978,7.8491107692,9.042031901,1.15556795430456,1.06321809448656,1.2526580488281
108,1,"cong/post-corr",6.65590293363499,6.143347089875,7.167542371925,1.42095906537987,1.31295969884924,1.53953712649172
109,1,"cong/post-corr",6.05201775527908,5.6023838845,6.51849813975,1.48618391392152,1.37435280417611,1.60240962830024
110,1,"cong/post-corr",6.80897593345228,6.257401355,7.363350087275,1.14533986222135,1.05049817158451,1.2480885974734
111,1,"cong/post-corr",5.62294980275114,5.213139207,6.046952108,1.63934301546278,1.51778057629764,1.77141650083502
112,1,"cong/post-corr",6.8517270618058,6.345155282725,7.3630819859,1.41342380220207,1.30455202759572,1.53187778189805
113,1,"cong/post-corr",8.79527010441225,8.207585726,9.3992779405,1.2063399899156,1.11429694817501,1.30559497184622
114,1,"cong/post-corr",9.3856547762007,8.59299679625,10.1776634749,1.21744905361397,1.09976951026665,1.34382351352897
115,1,"cong/post-corr",7.15732884828647,6.6061836066,7.723211424025,1.11799105303566,1.02673886057452,1.21565612253384
116,1,"cong/post-corr",6.49048281416735,6.016572185,6.98687342,1.58059472822765,1.44988297394267,1.71912153801073
117,1,"cong/post-corr",9.30277769050986,8.59544088475,10.01231041725,0.939422482387609,0.870867447962362,1.01618882235427
118,1,"cong/post-corr",6.11039746278684,5.651385138775,6.57068334875,1.58798156671507,1.48886524354463,1.6889579069336
119,1,"cong/post-corr",7.17390914268513,6.645401534525,7.70549145475,1.53747383542854,1.40818918366014,1.67332762965467
120,1,"cong/post-corr",7.11521679366249,6.575796428,7.67037740975,1.37501612113091,1.26948233286036,1.48758305675374
121,1,"cong/post-corr",7.5310740303258,6.9812224045,8.098129064275,1.3606285300721,1.26130540250023,1.46949362466212
122,1,"cong/post-corr",7.36640432238773,6.7978745961,7.9361356625,1.32915897516555,1.22158262610616,1.44237152623125
123,1,"cong/post-corr",6.62439571229596,6.07515028745,7.18931797945,1.20021555951372,1.09875770997396,1.30808565776122
124,1,"cong/post-corr",6.9983201016076,6.44596131125,7.547907063,1.26158289771904,1.16318700806808,1.37079875848439
125,1,"cong/post-corr",7.73122095665875,7.136098667675,8.31774658225,1.05742177450251,0.983575554480866,1.14073404570904
126,1,"cong/post-corr",9.09649676338413,8.4058309229625,9.786027238025,1.02415153657692,0.944876440036249,1.11407632553165
127,1,"cong/post-corr",7.31751185624157,6.74260293325,7.91609616175,1.2277149570269,1.12093509626103,1.3456537186819
128,1,"cong/post-corr",8.35771578260256,7.76378618125,8.99223639575,1.07549765056438,0.994663549394656,1.16767820211495
129,1,"cong/post-corr",7.34924636963535,6.784610818725,7.929623962,1.18952605155995,1.10070333073997,1.29177472602294
130,1,"cong/post-corr",8.03818547827458,7.44856416105,8.62231383275,1.15970575235964,1.06760541618489,1.2611797865812
131,1,"cong/post-corr",5.75538095846348,5.31692390475,6.18670806775,1.61671353323958,1.48988630994997,1.75223541244819
132,1,"cong/post-corr",8.15738923865465,7.540645304925,8.76915449675,0.994954575946391,0.91733187364814,1.08196037000108
133,1,"cong/post-corr",7.04419762478203,6.51728686745,7.5838527625,1.30640774787031,1.21025654757188,1.4122470745634
134,1,"cong/post-corr",6.59700599525267,6.06031798991,7.11631809775,1.33060702868223,1.21920693365433,1.44974295605779
135,1,"cong/post-corr",6.65404151489962,6.132756650525,7.179852629345,1.32417939077657,1.20292452002735,1.45762814207095
136,1,"cong/post-corr",7.15548932600321,6.6219772258,7.69623136575,1.2966935195257,1.21063162425713,1.39085205653279
137,1,"cong/post-corr",8.04013781303721,7.48788139505,8.6021539685,1.2695994053214,1.17328089932188,1.37326379918917
138,1,"cong/post-corr",6.18089378209754,5.7118297095785,6.65998772475,1.369683808638,1.26603484591193,1.47912869163445
139,1,"cong/post-corr",7.31922045629604,6.79532460705,7.855172163,1.30798833469957,1.21122990741219,1.40968758543386
140,1,"cong/post-corr",6.92598192765637,6.4052612150825,7.4633612265,1.21672572854931,1.12416030624032,1.31688341432973
141,1,"cong/post-corr",9.53666877271462,8.7942377925,10.31626490525,0.939621709249367,0.866465575628793,1.01688353567403
142,1,"cong/post-corr",6.79281857424716,6.179571315575,7.41253666772545,1.41874394268331,1.27430877963392,1.57836185807126
143,1,"cong/post-corr",7.93909770519772,7.32134888319775,8.5466562194,1.12522347792289,1.04184729600088,1.21966087505612
144,1,"cong/post-corr",6.97555997431846,6.404893116925,7.5510773943,1.26148195331584,1.15881176665321,1.37052126606284
145,1,"cong/post-corr",7.73678070458103,7.12595886175,8.3547603973,1.1505727562402,1.06522650060965,1.24512345676391
146,1,"cong/post-corr",7.89537585031087,7.27967844385,8.4792624325,0.957494216327437,0.890643813875919,1.03185829412498
147,1,"cong/post-corr",7.69620858105085,7.13954791375,8.243799418,1.58834534226421,1.46656096428752,1.71777105186524
148,1,"cong/post-corr",7.97866202456157,7.38869477325,8.54657147425,1.34357534743519,1.24776256222556,1.44535108691677
149,1,"cong/post-corr",6.99896644392262,6.484413807185,7.5076613615,1.37220370513656,1.28001074494216,1.47113907899964
150,1,"cong/post-corr",7.74316257300995,7.1672908432,8.3268240634,1.32676672067195,1.23424126007256,1.43021019933295
151,1,"cong/post-corr",8.41690255579446,7.65106858025,9.160687164,1.42795208026776,1.29238685487326,1.57219977012104
152,1,"cong/post-corr",5.05284071342116,4.65816326625,5.455175013875,1.68717187024226,1.56462970833687,1.81269153626451
153,1,"cong/post-corr",6.52993943475338,6.01843945,7.04949883495,1.50911085762611,1.39197205755855,1.63208716613057
154,1,"cong/post-corr",8.21791162354732,7.61101092975,8.83587447525,1.18400781197677,1.09903605818981,1.2756130128407
155,1,"cong/post-corr",8.63515296984146,7.956750435975,9.3130576625,1.09283080540872,1.01117297073583,1.18374439635517
156,1,"cong/post-corr",7.87159800825135,7.2383902375,8.5229573635,1.00267286286388,0.914480239006616,1.09840954763884
157,1,"cong/post-corr",9.43764954868652,8.69097663725,10.1882763131,0.932870111788764,0.85513944171553,1.02190670668935
158,1,"cong/post-corr",6.541632138827,5.94054806125,7.12882063225,1.48347712802492,1.33866277221533,1.63989109912151
159,1,"cong/post-corr",8.17171059953279,7.56003061825,8.77884286475,1.16187112143129,1.08057025075906,1.2492683603463
160,1,"cong/post-corr",8.2221173013021,7.6271646665,8.8101309625,1.22708767444204,1.12799416288543,1.33166761858606
161,1,"cong/post-corr",7.23437041355413,6.684246553,7.778333387975,1.45496548812683,1.34108342421515,1.57967642705158
162,1,"cong/post-corr",6.16819788817536,5.69482431825,6.658940527025,1.40708962365835,1.32187372612905,1.49606509585415
163,1,"cong/post-corr",8.11352337733889,7.50059985605,8.746166109825,1.17340942546536,1.09458758593567,1.25636888833321
164,1,"cong/post-corr",4.81965819481069,4.404777724,5.251287681,1.49444166368151,1.37445376881181,1.62288993614297
165,1,"cong/post-corr",6.969849567909,6.4153889275,7.5374368664,1.21570481433584,1.10663201182873,1.33152200611304
166,1,"cong/post-corr",9.73284671052112,9.038655070675,10.442329943,1.11580745296888,1.02090216244452,1.21983831029747
167,1,"cong/post-corr",8.37660681629248,7.69997359075,9.06448474325,1.12655053317603,1.04147659802551,1.22160105703946
168,1,"cong/post-corr",7.97998463642333,7.37557533425,8.5985573705,1.28130303225839,1.18046321531605,1.38660021831432
169,1,"cong/post-corr",6.91086756981748,6.40554505702,7.43406138,1.69482376592309,1.58019349864434,1.8186048572861
170,1,"cong/post-corr",8.27140507009282,7.6870101105,8.88762236275,1.1676629747832,1.07856411271588,1.26713555568039
171,1,"cong/post-corr",7.60636363982804,6.99381351995,8.2121707015,0.983264041243183,0.896927772943206,1.07632421907273
172,1,"cong/post-corr",7.73931270005203,7.16642765625,8.31046815375,1.20340388498735,1.10607323633289,1.31034896331766
173,1,"cong/post-corr",7.63735799745569,7.0919988896,8.1952423081,1.43579767507208,1.32763181065477,1.55174134407875
174,1,"cong/post-corr",9.23569466019886,8.56443961275,9.9096801025,1.03253815212123,0.950026995969382,1.11905543679395
175,1,"cong/post-corr",7.61772804045019,7.046510678075,8.22716270975,1.11543058946973,1.02536845392722,1.2138194395167
176,1,"cong/post-corr",7.90925020894295,7.314277533625,8.493241763075,1.28670260243162,1.19032520719735,1.39086037142394
177,1,"cong/post-corr",6.73454608418149,6.24085891875,7.2394574583,1.55592677387471,1.44560425292815,1.67411097057218
178,1,"cong/post-corr",8.14345942867117,7.44492364025,8.8389881349965,1.16443377855059,1.04896821154736,1.292659994755
179,1,"cong/post-corr",8.42283118431678,7.8145812641,9.022831895,1.14472842579675,1.05708586540324,1.24234957590401
180,1,"cong/post-corr",7.73099753180323,7.12007629775,8.3413614351,1.03163659048555,0.941788861402993,1.12919429462963
181,1,"cong/post-corr",8.408148891464,7.74066227,9.061206312125,1.01574737957457,0.92568059621958,1.11367588093686
182,1,"cong/post-corr",7.56826781160572,6.9491904915,8.1746291979,1.26831204612226,1.16785644338954,1.3789266381256
183,1,"cong/post-corr",9.09025992793159,8.4421175163,9.753321774,1.09055241831227,0.996939311996883,1.19400342147428
184,1,"cong/post-corr",8.04085923822749,7.4050052925,8.669816073675,1.24656503401015,1.15208727290616,1.34319241060833
185,1,"cong/post-corr",7.48096061506083,6.925748650925,8.03937738475,1.4795658905604,1.36741223311293,1.60668250879121
186,1,"cong/post-corr",7.49206841657001,6.93282036825,8.04218532175,1.22897511493892,1.14177554002203,1.32823481910275
187,1,"cong/post-corr",8.32741338689028,7.7502548575,8.9260666825,1.34481637261498,1.24385524571184,1.45029597158239
188,1,"cong/post-corr",5.07018245810593,4.60004996975,5.54456223525,1.65114237928259,1.50146063859445,1.82180169015709
189,1,"cong/post-corr",7.39874735113187,6.873032717125,7.9542416302,1.32777907312874,1.23074042971262,1.43179557251548
190,1,"cong/post-corr",8.14584045511856,7.539221938,8.76486288175,1.31725973743216,1.20939615852335,1.43623079408535
191,1,"cong/post-corr",7.00087797858943,6.434013166325,7.58835252,1.41749348044004,1.30090970612743,1.54350247568356
192,1,"cong/post-corr",8.9247125164045,8.23031312675,9.6130085535,1.0071712735744,0.93565597749387,1.08045260826697
193,1,"cong/post-corr",6.20465801945005,5.7335375145475,6.67306175025,1.48834139503595,1.37923070778156,1.61207782959687
194,1,"cong/post-corr",6.98201482362991,6.4517832856,7.5076421235,1.16533660387092,1.06756165818323,1.27628360303178
195,1,"cong/post-corr",7.89916304160834,7.26022121075,8.52574209325,1.194184580016,1.08975315288241,1.30544456885887
196,1,"cong/post-corr",7.26639111684232,6.5756930765,7.94655196875,1.14989453854765,1.02850331015003,1.29272133571245
197,1,"cong/post-corr",6.88000001363447,6.3298662335,7.4488881305,1.42083345496786,1.31496601768937,1.53127992915546
198,1,"cong/post-corr",6.99668291244849,6.4960874183,7.494219521575,1.55974951062378,1.45471462406829,1.6776121695506
199,1,"cong/post-corr",7.27478734548703,6.7049969315,7.8448935892,1.31488911904717,1.2125990627847,1.42412494191774
200,1,"cong/post-corr",8.0038579535315,7.395360139,8.620573555125,1.24086856268487,1.13924511599664,1.34845294147391
201,1,"cong/post-corr",8.95544756656677,8.16121940475,9.74331624625,1.04634639839295,0.93255188505031,1.1731008843282
202,1,"cong/post-corr",7.0992037952718,6.574161579875,7.63899030495,1.64830210141928,1.52545175788315,1.77990501541145
203,1,"cong/post-corr",9.06039498362673,8.381072201,9.756491125575,1.20431889145442,1.11204506930047,1.30436446266793
204,1,"cong/post-corr",6.41726189898345,5.92516525975,6.91943408775,1.51014693626415,1.39799411882629,1.63312882525878
205,1,"cong/post-corr",8.59935560043149,7.9455200009,9.235167179325,1.03390776817176,0.94857989700013,1.13260649715367
206,1,"cong/post-corr",8.13735715568574,7.49288139975,8.82473321975,1.00979016666141,0.927014605246936,1.10180390941814
207,1,"cong/post-corr",6.8251100422164,6.34617856475,7.30743730925,1.54961830141521,1.44180986726244,1.66165435138261
208,1,"cong/post-corr",7.52066073051692,6.95651372985,8.1041933630125,1.4093773635886,1.31283391219326,1.51351247504295
209,1,"cong/post-corr",5.94694480741162,5.4843089932,6.4055357855,1.53203166608841,1.42133242804178,1.65376482745459
210,1,"cong/post-corr",5.70912426705116,5.1343664375,6.2641555045,1.27537068715247,1.15815166132115,1.40707636689888
211,1,"cong/post-corr",8.14033597007084,7.503849988025,8.790244241,1.0709833253155,0.992334471826482,1.15654764544614
212,1,"cong/post-corr",8.65182242219342,8.04360912055,9.26383221725,1.26937767989572,1.18947104836794,1.35046312184223
213,1,"cong/post-corr",8.04584359223128,7.468873348475,8.62133942975,1.21792211584791,1.12938010500521,1.31261722999243
214,1,"cong/post-corr",8.09474617957552,7.463616163,8.719550501,1.14228159303464,1.04675753105463,1.24633549142928
215,1,"cong/post-corr",8.65805858872466,7.946376366,9.371375218,0.830814267126821,0.767976444238849,0.902029062883175
216,1,"cong/post-corr",8.6015170516201,7.89603439875,9.309100547,1.11061916797213,1.01766232533039,1.21211738838464
217,1,"cong/post-corr",4.98477257361296,4.5758262655,5.40370369795,1.54599347600506,1.42299145137441,1.67778735244832
218,1,"cong/post-corr",7.11811835956019,6.5808133124,7.684060070425,1.26642281042337,1.15149986488651,1.3888257214172
219,1,"cong/post-corr",7.07993722006519,6.53143716525,7.61930854,1.50621670472648,1.39922810220639,1.622305875805
220,1,"cong/post-corr",6.88760046956937,6.3897002735,7.402587904,1.3754034826596,1.27988557481204,1.48013989253965
221,1,"cong/post-corr",6.14947432291123,5.666137463425,6.6409545621,1.42642740755611,1.3216268085878,1.53709755656375
222,1,"cong/post-corr",5.99432825078769,5.4381628635,6.579373322,1.19630232308056,1.0977537089246,1.30085637475482
1,2,"cong/post-err",7.0848416025967,6.35331220275,7.794603940875,1.57073886599432,1.45697005108812,1.69266604946947
2,2,"cong/post-err",6.08766353991138,5.17484462675,7.01649778688,1.22910654397061,1.1282118843167,1.33469674176217
3,2,"cong/post-err",6.78173704024756,5.96252452325,7.6240029909,1.38403932033209,1.28483415637782,1.49329835399884
4,2,"cong/post-err",7.6617038832241,6.8708404455,8.43907685975,1.12790544257899,1.02145479490596,1.24479376989537
5,2,"cong/post-err",6.74972581384449,6.039174612175,7.44010268575,1.66667338976908,1.5553934097019,1.78569098768532
6,2,"cong/post-err",7.37773261799506,6.631659821575,8.11188655775,1.30923750683219,1.20650153061188,1.41747277095539
7,2,"cong/post-err",5.72443744277273,4.856481215,6.586432747325,1.9564482201376,1.80429462011624,2.11511804304894
8,2,"cong/post-err",7.61203594121016,6.8681420305,8.3253604115,1.49770551867396,1.35607073423269,1.6545074386387
9,2,"cong/post-err",6.11143889605059,5.30339743875,6.937702946575,1.33428745974855,1.23429447470935,1.44051961573561
10,2,"cong/post-err",6.9946832562743,6.28243041225,7.68800966675,1.50905422482587,1.40275498324471,1.62727567743922
11,2,"cong/post-err",7.37803523982028,6.595955765,8.134892449775,1.20311784870828,1.12410497384065,1.29018315691792
12,2,"cong/post-err",7.1554783577007,6.507311887,7.80847963,1.58726214763864,1.47748742077314,1.70359786125678
13,2,"cong/post-err",5.49533021341307,4.5447549505,6.46216318375,1.61952501922413,1.47112576639023,1.78476017127435
14,2,"cong/post-err",6.58968194389887,5.83524209475,7.360810391625,1.61267629261539,1.47389579024935,1.770303684377
15,2,"cong/post-err",7.73502440583251,6.92507336315,8.5472497612,1.08635549608896,1.00456648576936,1.17862191352439
16,2,"cong/post-err",6.15422332817775,5.37053056925,6.9199444858,1.68482288971204,1.53843660120139,1.83655753280462
17,2,"cong/post-err",5.93590101350434,5.17071973325,6.689834720725,1.73320342463731,1.61809693274669,1.85272644996866
18,2,"cong/post-err",8.45500091428293,7.673337847775,9.27643703655,1.26280442743657,1.15359887038619,1.38211414474667
19,2,"cong/post-err",6.61000231156652,5.7829565885,7.460561760725,1.46656095630909,1.36764436255691,1.57312247371104
20,2,"cong/post-err",7.07535789756447,6.30865883475,7.8949045151,1.3105434765647,1.2120912602841,1.41700232026693
21,2,"cong/post-err",7.6251709548241,6.9243489065,8.33437206075,1.49863633071538,1.37280219789834,1.64055576136588
22,2,"cong/post-err",6.4602138766785,5.70330865125,7.221698490875,1.49681573045222,1.36881253211776,1.63726295007674
23,2,"cong/post-err",6.4560466734072,5.6924790035,7.2214185156,1.29577037675892,1.19199750434293,1.4025794985847
24,2,"cong/post-err",5.34164230294892,4.4131405095,6.2779077815,1.46307145795881,1.35324194374001,1.58232222243322
25,2,"cong/post-err",5.91237740234252,5.23091198425,6.600308700775,1.70386995493504,1.58054868783029,1.83488785879903
26,2,"cong/post-err",6.96253958273926,6.17980034489,7.75331140435,1.37790966882033,1.2778084928284,1.48658019738057
27,2,"cong/post-err",6.51058747754543,5.79489482375,7.23694276325,1.1429294385926,1.04185272792017,1.25173361895135
28,2,"cong/post-err",7.35258844871355,6.591831779475,8.118613263575,1.48696498981349,1.38292211081823,1.59457240483139
29,2,"cong/post-err",7.30423635872331,6.531337,8.058189989725,1.5077716066643,1.38596376428981,1.63458117986621
30,2,"cong/post-err",7.80797469316926,6.93484741575,8.667635310925,1.29154467932733,1.19949499373139,1.39111151949269
31,2,"cong/post-err",7.66303601855042,6.905951691425,8.39703755525,1.39746188609713,1.26711939271373,1.53754865413362
32,2,"cong/post-err",8.57092479322078,7.69608846425,9.45043069165,1.0518402776331,0.963632705700168,1.15286708669461
33,2,"cong/post-err",7.63810665832939,6.88173282302,8.453317885025,1.32144050756201,1.21498261163499,1.44140850948599
34,2,"cong/post-err",8.17376760870893,7.41039289025,8.9433061025,1.3750573657132,1.25384354018519,1.50474717661572
35,2,"cong/post-err",7.58218728332457,6.759250268325,8.40819236525,1.22492818002185,1.12354586695687,1.33266733801084
36,2,"cong/post-err",6.40303473272557,5.65963025975,7.14496970071,1.52813306373223,1.41225202132105,1.65436755525047
37,2,"cong/post-err",5.51960226406472,4.7426227845,6.3045064452,1.65678699281542,1.52805450957957,1.79593706979331
38,2,"cong/post-err",5.28293460167301,4.36718412725,6.1508751705,1.11734207125144,1.02296075940187,1.22010400453511
39,2,"cong/post-err",6.10515833589762,5.35646280925,6.842459199825,1.46224892753573,1.35318292426372,1.57521416390972
40,2,"cong/post-err",4.775272467191,3.81863727925,5.707164738,1.48767054273607,1.36748507558803,1.61476014751543
41,2,"cong/post-err",6.77268838799362,5.94940875125,7.6270332964,1.25367752904505,1.15524165650077,1.36520743930553
42,2,"cong/post-err",5.93485712185684,5.139293116,6.713586497675,1.46157002106591,1.34681103707846,1.582803639274
43,2,"cong/post-err",5.9756493466674,4.90888138775,7.0394733591425,1.41568720317902,1.25726587217714,1.59840042279038
44,2,"cong/post-err",5.81668357838319,5.068723525875,6.5895100173,1.80449650053218,1.66596138565969,1.95147434041843
45,2,"cong/post-err",6.60945047419585,5.95720335125,7.2739917429,1.93125954174292,1.76472284835501,2.10584990509225
46,2,"cong/post-err",7.58922793932815,6.851751201325,8.36059990175,1.43932714620429,1.32925540483316,1.55534487749104
47,2,"cong/post-err",7.54377061175644,6.623062978375,8.46184444125,1.50104484184773,1.36203454250453,1.64854605034648
48,2,"cong/post-err",6.37984452623085,5.561565912,7.22493690815,1.53258621078577,1.41484741938313,1.66106028823361
49,2,"cong/post-err",8.07959220342553,7.286128874775,8.8601011117775,1.16236410284336,1.05397314710051,1.28065958148498
50,2,"cong/post-err",6.33237016024808,5.53992009875,7.168476545,1.49885320470381,1.39819436207581,1.603008643844
51,2,"cong/post-err",6.60649283520569,5.8680847625,7.3513954584,1.36752931153205,1.25446395401982,1.49404993299411
52,2,"cong/post-err",7.91041382435994,7.17604718925,8.63815049275,1.63626665646224,1.50260664834471,1.778894653102
53,2,"cong/post-err",6.23032468716432,5.5072739445,6.9671179667,1.77087222932432,1.6441090464876,1.90766663223445
54,2,"cong/post-err",6.47338431188755,5.7378987045,7.210676831725,1.47954926469577,1.37221602287996,1.59570994386036
55,2,"cong/post-err",7.11837878937618,6.29296562325,7.92573492425,1.20364799215813,1.11315063234062,1.30216527802009
56,2,"cong/post-err",5.96183210491717,5.19893456925,6.67616327175,1.69172109683676,1.56704948441677,1.82542367559895
57,2,"cong/post-err",6.10311914661599,5.41175245145,6.800210731085,1.43738426055546,1.31862828499184,1.56801944310355
58,2,"cong/post-err",5.31871428044369,4.3634558325,6.27400533345,1.33003238153122,1.21093145572793,1.46049015631604
59,2,"cong/post-err",6.91053930344658,6.1805264479925,7.6453001292745,1.61367570104911,1.49282200016642,1.74357070033825
60,2,"cong/post-err",7.69220488537245,6.908469091,8.484860503775,1.25887685456726,1.15269851621314,1.37184825660936
61,2,"cong/post-err",7.3074500835603,6.60074718275,8.02105552275,1.31525368380133,1.20695625605977,1.43207501505952
62,2,"cong/post-err",7.50864490715775,6.76674566475,8.24854734755,1.32749819043373,1.21815216080198,1.45114575168094
63,2,"cong/post-err",6.34012747563423,5.58784079725,7.113198701225,1.55274842882412,1.44548504715874,1.67255358034534
64,2,"cong/post-err",6.38615298259063,5.47287634175,7.28183477165,1.20513838922406,1.12430461553483,1.29328770114558
65,2,"cong/post-err",6.93781797219991,6.15315303825,7.7302471225,1.26121699406844,1.17134165330648,1.35645611252638
66,2,"cong/post-err",6.50528599245219,5.8130109032,7.184995636,1.64335348597666,1.51774430924153,1.78094563886769
67,2,"cong/post-err",5.89289273337071,4.99713321525,6.78807810925,1.43365392943393,1.30472916826509,1.57211636269467
68,2,"cong/post-err",7.51167280758838,6.5963484712475,8.4687719825,1.26219630907638,1.15922064023858,1.37673148308925
69,2,"cong/post-err",7.07818281411634,6.386043826475,7.783385663075,1.51275378710074,1.41149255698765,1.61804063824008
70,2,"cong/post-err",5.69815990017812,4.8303115,6.57901696378,1.75249485823683,1.61744389730572,1.89815239719975
71,2,"cong/post-err",6.79166275078515,6.05710404105,7.56845850925,1.33653627668423,1.24574724440496,1.44033712546409
72,2,"cong/post-err",6.6345506943916,5.91746428025,7.3777313185,1.35791670235278,1.25573144572891,1.46969501654146
73,2,"cong/post-err",7.2125280767402,6.450487305,7.95972104235,1.33572929852938,1.22573878594052,1.45408921892778
74,2,"cong/post-err",6.89948582673669,6.190021719775,7.615254461775,1.44494813055516,1.3324064410579,1.5631487778512
75,2,"cong/post-err",7.52579890314418,6.6723337085,8.3389810295,1.1449577888098,1.0483584757238,1.24744385707022
76,2,"cong/post-err",6.76082295789571,6.01165908465,7.50307680495,1.38874399113083,1.27917973486934,1.50751853374075
77,2,"cong/post-err",5.68544733758296,4.84686060975,6.503512309305,1.88214103705728,1.7273802747772,2.05352820698612
78,2,"cong/post-err",6.39407771438637,5.76216290375,7.017269381,1.79446544911035,1.6776307550493,1.91723043585144
79,2,"cong/post-err",7.86571747817473,7.07131769875,8.669481707775,1.15294280219165,1.03048761375463,1.28463905798662
80,2,"cong/post-err",5.01391358173763,4.142250594,5.869584153475,1.41096830393509,1.29311653991679,1.54024609262104
81,2,"cong/post-err",7.15671962235089,6.447762656,7.846906470475,1.5441351598536,1.42700612867082,1.67399937452314
82,2,"cong/post-err",6.71720599507833,5.9718952605875,7.43074827175,1.34116607637541,1.22832673647034,1.46537347036138
83,2,"cong/post-err",6.68801076425098,5.900886972175,7.490412400435,1.4966352832996,1.38237363367066,1.62230172208835
84,2,"cong/post-err",6.82672412003184,6.0985459295,7.5489686094525,1.66190535591927,1.54460346917545,1.78385849790563
85,2,"cong/post-err",9.68227626670069,8.6717970535,10.687735205,1.09024417015179,0.952725213241519,1.24645067902447
86,2,"cong/post-err",7.03197447496011,6.2732567165,7.76064671,1.26024062739044,1.14849247394105,1.37854136472978
87,2,"cong/post-err",7.21138324153786,6.38241826965,8.046573175775,1.2397616647022,1.13543332676062,1.35640311082498
88,2,"cong/post-err",6.96241941644201,6.12980871575,7.816466703225,1.11642986288135,1.02714252496219,1.21127913147191
89,2,"cong/post-err",6.94261378875018,6.140922151,7.751461641675,1.24487108327184,1.15080207459233,1.34573308113584
90,2,"cong/post-err",5.67689564696501,4.85322505175,6.4985387275,1.43794224662224,1.32666492848372,1.56388688182734
91,2,"cong/post-err",6.60033807505216,5.757693960125,7.4563498532,1.07770231024865,0.994477055408466,1.16706735435574
92,2,"cong/post-err",6.46256073496984,5.72975138425,7.1969937481,1.44885189969048,1.33691536448813,1.56829400706772
93,2,"cong/post-err",6.90383356698444,6.22374312325,7.5797634799,1.58902596995944,1.48561640126776,1.69665439072559
94,2,"cong/post-err",7.03107489488299,6.198373844275,7.861592615125,1.27629448047158,1.18301798854537,1.37841087334936
95,2,"cong/post-err",7.26660675637847,6.50484740825,8.04722760395,1.18682272089683,1.08513044534911,1.30042334861334
96,2,"cong/post-err",7.00581954955974,6.211466911325,7.83042071485,1.44143683490398,1.3277993179153,1.56800915387774
97,2,"cong/post-err",6.49606484603248,5.71308226225,7.328528091825,1.44563832323567,1.337567668481,1.56700962066352
98,2,"cong/post-err",7.80230478462525,7.02530029175,8.5890289575,1.01801527769862,0.937720981793283,1.10621106641261
99,2,"cong/post-err",5.70460839952956,4.910860812125,6.49627294205,1.64788660686487,1.51738799816996,1.79290854211711
100,2,"cong/post-err",6.05355899071822,5.22548272625,6.894153780975,1.52630296201753,1.41890043244538,1.64484743205006
101,2,"cong/post-err",6.35452495826859,5.730585345025,6.97192762625,1.76557129457897,1.61168414557974,1.92774614497703
102,2,"cong/post-err",5.32091043085318,4.3843693425,6.2516258694,1.37182312590102,1.25680009101896,1.49644981419997
103,2,"cong/post-err",6.61036326257727,5.79890955625,7.4527256095,1.42144680352399,1.30244955225333,1.54256278310502
104,2,"cong/post-err",6.55158895782639,5.7482927415,7.355040889875,1.5201031869212,1.3877955347153,1.66212286280872
105,2,"cong/post-err",7.90970528443883,7.1487967996,8.64272695325,1.38697638836433,1.25391345411187,1.53100975904808
106,2,"cong/post-err",6.85749545908724,6.065341606,7.64036068125,1.68204338999001,1.55251282237506,1.81959298330447
107,2,"cong/post-err",5.79835877517021,4.87984999625,6.7100260302,1.27672490784924,1.172355755474,1.38746744766702
108,2,"cong/post-err",6.64595019321499,5.86805507985,7.4066132061825,1.56993192488242,1.45061916392521,1.7035831152599
109,2,"cong/post-err",6.25827915474092,5.6280407355,6.88653321525,1.64200638583106,1.51740761600713,1.77523935903025
110,2,"cong/post-err",7.07361937374772,6.2903708605,7.870521146275,1.26541555569354,1.15941622713366,1.38014182279985
111,2,"cong/post-err",6.08402248067887,5.45522332975,6.7147037804,1.8112008568767,1.67638335445342,1.95813625730012
112,2,"cong/post-err",7.9242945839442,7.19627020475,8.632749268,1.56158300005079,1.44024880050669,1.6937548418789
113,2,"cong/post-err",6.30932805808778,5.5249609265,7.08450221925,1.33280903933597,1.23004548055718,1.4458422959035
114,2,"cong/post-err",7.84165611994931,7.071569729325,8.611365547,1.34508403581574,1.21579179763816,1.48552517806257
115,2,"cong/post-err",7.35581117571351,6.49284823336,8.26515321,1.2351989842541,1.13385789253846,1.34361335039382
116,2,"cong/post-err",6.42937040398267,5.57298396155,7.31162364275,1.74628700881859,1.60095710175984,1.89825386798993
117,2,"cong/post-err",6.55827729429011,5.671949523,7.453620923375,1.03791321085643,0.960002415808582,1.12487498648001
118,2,"cong/post-err",6.70157529112315,6.006263826,7.40149153085,1.75445874304156,1.64216017106416,1.86822797626703
119,2,"cong/post-err",6.36672417001489,5.556875236,7.20728175175,1.69868396292959,1.55450192322497,1.85098887114592
120,2,"cong/post-err",7.3970278166375,6.7223233561,8.091251237,1.51915087058037,1.39948816694838,1.64460738368832
121,2,"cong/post-err",6.5642800869242,5.75041398775,7.3616104424,1.50329372586067,1.39017037535683,1.6265783429954
122,2,"cong/post-err",6.41578369436227,5.69082321,7.142638197925,1.4684906617387,1.3492759989892,1.59255874620384
123,2,"cong/post-err",7.49509175845402,6.74163050245,8.28947468025,1.32602934857267,1.21446372574729,1.44569458280541
124,2,"cong/post-err",6.85506160569236,6.120978060925,7.564802998555,1.39382593819934,1.28409920800298,1.51500539374399
125,2,"cong/post-err",6.72946341629122,5.89537733625,7.5810487861,1.16828576851726,1.0838884684062,1.26071856949814
126,2,"cong/post-err",6.89806890446589,6.06736275425,7.7756542102,1.13151195730365,1.04211394808967,1.23277915882859
127,2,"cong/post-err",8.27216805160841,7.51657689525,9.02930975975,1.35642234133192,1.23791683648708,1.48698201435928
128,2,"cong/post-err",6.08734925504741,5.27470724075,6.87653548255425,1.18826140217858,1.09642890826419,1.28990034858462
129,2,"cong/post-err",6.74780271541466,5.9769223525,7.505593006675,1.31422164537039,1.2152154840654,1.42935850235078
130,2,"cong/post-err",7.05453564562539,6.2530512925,7.82511259355,1.28128526250486,1.17726584131417,1.396842866621
131,2,"cong/post-err",6.42506373728154,5.78478894575,7.055017367875,1.78619308617139,1.64352861204181,1.93942147575263
132,2,"cong/post-err",6.93354675564535,6.11679787525,7.73829690925,1.09924741935624,1.01287408621166,1.19550160130616
133,2,"cong/post-err",7.02097187416798,6.273146321,7.76189235205,1.4433838071466,1.33320775404013,1.56460636115611
134,2,"cong/post-err",6.53849931619731,5.885013101,7.198354728325,1.47008688390423,1.34736106364893,1.60113784680623
135,2,"cong/post-err",5.91556868418039,4.98842021525,6.832666387295,1.46302901829203,1.32486907439185,1.61397102450676
136,2,"cong/post-err",6.20750429444676,5.3681778954,7.06395256105,1.43264107577207,1.33485654960491,1.54195405147015
137,2,"cong/post-err",6.35972361871282,5.64853987225,7.0609806595,1.40271625621873,1.29241352766729,1.51992849017656
138,2,"cong/post-err",6.59879334233745,5.96172226975,7.25577346425,1.51327481136097,1.39988155638226,1.63848209037496
139,2,"cong/post-err",7.1372825276539,6.37954013525,7.8992059564,1.44509854325423,1.33840455370294,1.55903753815661
140,2,"cong/post-err",6.22249890675864,5.42472583825,7.032415753405,1.3442640683991,1.23839064609572,1.4545060771538
141,2,"cong/post-err",7.43062228278537,6.582778182,8.266004004425,1.03811045579956,0.955886023711649,1.12506198431843
142,2,"cong/post-err",8.75894443530283,7.989715282,9.551827130775,1.56746913805056,1.40736324094225,1.74225434832512
143,2,"cong/post-err",6.94832596275224,6.11709167375,7.78919479875,1.24317099295091,1.15063178375633,1.34800220427967
144,2,"cong/post-err",7.98924332588156,7.26997426575,8.67820458025,1.39370495737497,1.28060101468499,1.51272697572159
145,2,"cong/post-err",7.43147693166899,6.69359222995,8.182803995,1.27118637112515,1.17786107798925,1.37545831707328
146,2,"cong/post-err",6.77693699318911,5.9177368455,7.6693734884,1.05785983358116,0.982317931964542,1.13973107264778
147,2,"cong/post-err",5.93178964064913,5.1010369,6.74560098975,1.75485385204694,1.61887853071962,1.89672190016567
148,2,"cong/post-err",6.09970602938842,5.25851582875,6.92510082825,1.48442476438733,1.37768888802105,1.59969892877636
149,2,"cong/post-err",6.94797288692737,6.181755125875,7.714105033725,1.5160811818808,1.41149108410395,1.62857659721152
150,2,"cong/post-err",7.31473906709004,6.564948667,8.10307141925,1.46584420602027,1.36096424877666,1.58158966961699
151,2,"cong/post-err",9.04571163415553,8.263083645,9.86446019165,1.57763314890201,1.42605577604421,1.73709703042883
152,2,"cong/post-err",6.01917104628187,5.31221633225,6.7104540714,1.86406949491201,1.72727218398614,2.00825511977334
153,2,"cong/post-err",6.82452085549663,6.133196949,7.5650394527,1.66732509528168,1.53510622909215,1.80588316888291
154,2,"cong/post-err",6.8780835093027,6.07193088425,7.68037689025,1.30812374416075,1.21422391505487,1.41084034407018
155,2,"cong/post-err",8.41640470910849,7.60208375,9.253961734825,1.20738800952973,1.11589095590505,1.30928790809634
156,2,"cong/post-err",7.97030885219865,7.125694271225,8.80214779085,1.10778048960959,1.00914378807288,1.2137385457456
157,2,"cong/post-err",8.51369390346349,7.67724310925,9.34046605875,1.03063925950452,0.944204444164526,1.12836521121498
158,2,"cong/post-err",7.910084121973,7.2190059495,8.6124573185,1.63900875354359,1.47798813440353,1.81220843866472
159,2,"cong/post-err",6.73907440526721,5.94471791775,7.541625280735,1.28367838586326,1.19227225417423,1.38143128630663
160,2,"cong/post-err",6.2829922855979,5.4661602135,7.0907314138275,1.35573342947703,1.24196579457573,1.47499399496236
161,2,"cong/post-err",5.87454600060587,4.9894464225,6.770828545,1.60747069975984,1.48133594022903,1.74492290460483
162,2,"cong/post-err",5.80451006396464,5.09017526325,6.503326134525,1.55461622789043,1.45851884956497,1.65514623775112
163,2,"cong/post-err",7.21579962576113,6.401934589,8.04957711245,1.29642607543151,1.20666307193501,1.39140418922348
164,2,"cong/post-err",6.45044324690832,5.710981059,7.14406406765,1.65111403789667,1.51558554898784,1.79445855108507
165,2,"cong/post-err",7.135251399241,6.3514395765,7.9202252268425,1.34315422433136,1.22317451538263,1.47536960975143
166,2,"cong/post-err",5.98771522202891,5.072185926,6.91041901225,1.23281596236184,1.12588085243222,1.35336259595772
167,2,"cong/post-err",7.97914490100752,7.16832721625,8.802602649175,1.24464449609893,1.15045116959558,1.35044210930141
168,2,"cong/post-err",8.08988877692667,7.36970393625,8.79677766,1.41561221488862,1.30191065815724,1.53366425847013
169,2,"cong/post-err",5.57606727893251,4.826599343,6.3416163476,1.87249607372118,1.74284233407189,2.01239962478561
170,2,"cong/post-err",6.87538121135718,6.015045654,7.72576907865,1.290056131414,1.1900537313329,1.40231597942474
171,2,"cong/post-err",7.42714348277193,6.55893748,8.28105140605,1.08636071962398,0.988206990902665,1.19096981582331
172,2,"cong/post-err",5.48895234563296,4.6611090985,6.34848074645,1.32956212760189,1.21958049361358,1.44951653937837
173,2,"cong/post-err",6.42526465009433,5.71430471825,7.113434356075,1.58630705154656,1.46600656969597,1.71649130037306
174,2,"cong/post-err",6.85127357890112,6.0150606545,7.68367173515,1.14079018511229,1.04803502824508,1.23878726987536
175,2,"cong/post-err",7.63096043769982,6.741654728225,8.505096543175,1.23236714200092,1.13062348319235,1.34285867600859
176,2,"cong/post-err",6.76086929205705,5.9381533775,7.565864517725,1.42160060870897,1.31415862617117,1.53681571513298
177,2,"cong/post-err",6.5633703431685,5.827237932,7.275931202725,1.71901738300646,1.59519851953238,1.84910323244037
178,2,"cong/post-err",8.17253751232886,7.3846444559,9.01409955375,1.28646817943967,1.15815614078329,1.42872931783182
179,2,"cong/post-err",6.47203105528319,5.6554672595,7.268501637975,1.2647240335119,1.16685194981451,1.37362153882464
180,2,"cong/post-err",7.44774077029674,6.6263517375,8.244067228975,1.13977230221287,1.04044104410861,1.24682787026407
181,2,"cong/post-err",7.69170231898602,6.871931472,8.50891036775,1.12222671643579,1.02094393074057,1.23229293910462
182,2,"cong/post-err",7.49684678019432,6.75510101825,8.256870989975,1.40125927465884,1.28857640277434,1.52671844973493
183,2,"cong/post-err",5.6437989846184,4.65933488575,6.56399673525,1.2048586088871,1.09996789022038,1.32129543172544
184,2,"cong/post-err",7.7336082941225,7.02761682825,8.41226994525,1.37724536097357,1.27122738279552,1.48655369620246
185,2,"cong/post-err",6.5687040358892,5.75478169325,7.385756082,1.63469626439187,1.50859816119156,1.77713286597617
186,2,"cong/post-err",6.91640198752999,6.217084257325,7.634009438075,1.35783434901775,1.25719989935725,1.46905859372543
187,2,"cong/post-err",6.42671124380971,5.67374772,7.17960424775,1.48580908179877,1.37166375125774,1.6041589833354
188,2,"cong/post-err",5.53726778959174,4.69576677,6.40717640535,1.8242457597883,1.65519978585353,2.01282005839579
189,2,"cong/post-err",6.96946771486813,6.22135667025,7.690118055675,1.46700309617693,1.35655873666848,1.58658811928365
190,2,"cong/post-err",7.61935700158143,6.904265485,8.33804249075,1.45533617236103,1.33423316966745,1.58865621897606
191,2,"cong/post-err",7.81856012766058,7.112554178,8.537849294775,1.56609485171931,1.43330493598137,1.70647137411297
192,2,"cong/post-err",7.20239333394551,6.3554309085,8.042720004725,1.11275285048126,1.03348767916796,1.19688060043422
193,2,"cong/post-err",7.58948138904994,6.90480373225,8.261412058,1.64438955811459,1.51741151534002,1.78428675844019
194,2,"cong/post-err",6.11075028183512,5.264693244,6.96332928595,1.28750363329354,1.17861682868577,1.41044388666126
195,2,"cong/post-err",8.96963628309164,8.197507807,9.7638058155,1.31936363930396,1.20255322471247,1.44303944266754
196,2,"cong/post-err",8.88142508295765,8.0900676685,9.70394173475,1.27044991393076,1.13286248516852,1.42905356964478
197,2,"cong/post-err",6.6858567233655,6.01941814375,7.356038295,1.56977466358859,1.45205165523609,1.69324648217395
198,2,"cong/post-err",6.47224484240152,5.7141173674,7.1968072915,1.72327016183841,1.60538230150483,1.85271668399983
199,2,"cong/post-err",6.71029716466296,6.0293705985,7.3880091635625,1.45275968831212,1.33653601525569,1.58057681023822
200,2,"cong/post-err",7.9332873128685,7.20912302586,8.656207916075,1.37096477744689,1.25659533766431,1.49116015565853
201,2,"cong/post-err",8.98345563993325,8.06941575925,9.9020001376,1.15603833108489,1.03098134986471,1.30176852353673
202,2,"cong/post-err",6.61259589707819,5.77298645835,7.46194328475,1.82111700033648,1.68033564224695,1.96821395300954
203,2,"cong/post-err",5.27542796722332,4.3515672095,6.187194408025,1.3305736380748,1.22620507974477,1.44180002694607
204,2,"cong/post-err",5.94992224647654,5.24861575675,6.6284235965,1.66845572109442,1.5436546223234,1.80322245880418
205,2,"cong/post-err",6.83291178186853,5.9257631415,7.725867300825,1.14228946918411,1.04613661816607,1.2518053443784
206,2,"cong/post-err",7.33787015531426,6.564392824,8.130208061075,1.11564801784884,1.0220562240823,1.22126968271133
207,2,"cong/post-err",6.78731369418359,6.14403227265,7.4595053917,1.71207484076877,1.58903286265435,1.83912504229933
208,2,"cong/post-err",7.34730830118308,6.63644720675,8.037349240625,1.55711943826291,1.44535275357629,1.67473244076014
209,2,"cong/post-err",7.68620460698838,7.0041363435,8.376645401575,1.69266848942707,1.56529540886656,1.827788803929
210,2,"cong/post-err",7.40929806343883,6.71465173175,8.112063310225,1.40905196443809,1.28002788616282,1.54894609223616
211,2,"cong/post-err",6.52612415392918,5.70022804475,7.35997762282218,1.18325542786626,1.09466764303049,1.2793392106845
212,2,"cong/post-err",6.76331022500656,5.92671473,7.595578849495,1.40245084514664,1.3114856644117,1.49435021011408
213,2,"cong/post-err",6.67245934146872,5.869930992,7.48419479455,1.34558384977434,1.24592525841972,1.45054898034756
214,2,"cong/post-err",5.88558585322447,5.08789063275,6.67777012005,1.26201558417354,1.15690281378387,1.37693321012375
215,2,"cong/post-err",7.86069609282533,6.991701847525,8.753551890875,0.917901622843929,0.845730936208858,0.996651390827692
216,2,"cong/post-err",7.5627379169299,6.7863867925,8.333171515035,1.22704602559238,1.12327165611244,1.34287369869901
217,2,"cong/post-err",7.33484294557703,6.64350496225,8.03298012125,1.70807754876875,1.5715434263144,1.85808085033758
218,2,"cong/post-err",6.17247588640982,5.334561378,7.0183894357,1.39918478870709,1.27021237103234,1.53546023833026
219,2,"cong/post-err",7.23151907488477,6.53826326575,7.9024441175,1.66409877656434,1.54373520248937,1.79048571661413
220,2,"cong/post-err",5.75071655485064,5.066963796,6.419709901775,1.51959356266685,1.411134597096,1.63587033386088
221,2,"cong/post-err",7.17423493646876,6.42730967275,7.906505547175,1.57597444048861,1.45787462991868,1.70057671901323
222,2,"cong/post-err",6.45316788703233,5.7893855635,7.13501377925,1.3217099319286,1.21104002187486,1.44006876999291
1,3,"incong/post-corr",2.0907452697594,1.5581985685,2.61483977705,1.28545001913728,1.19405785566587,1.38299546170359
2,3,"incong/post-corr",2.9317272753964,2.381069667,3.476100393325,1.00586189629896,0.924533104005681,1.09437242917155
3,3,"incong/post-corr",2.28792913418164,1.77539390025,2.812856526825,1.13267935506636,1.05252103258112,1.22216110548784
4,3,"incong/post-corr",0.4503061996909,-0.33257098325,1.2579639499,0.923072334073073,0.837103862265385,1.01937047989003
5,3,"incong/post-corr",2.0994207406564,1.595761643525,2.579546837,1.36396706989334,1.27431384930128,1.45920133535525
6,3,"incong/post-corr",1.10035350177485,0.46715897665,1.7412922995,1.07146444976938,0.987060723274519,1.15936976861222
7,3,"incong/post-corr",3.50359289491974,3.050264641,3.9499864469,1.60107980409034,1.48159032305795,1.72912958951943
8,3,"incong/post-corr",1.26020433230103,0.56939518775,1.921380764,1.22569288017273,1.10857118475293,1.35095332984392
9,3,"incong/post-corr",2.66976667513349,2.140883553875,3.199621937,1.09195073771223,1.01232017622623,1.17702919944221
10,3,"incong/post-corr",1.90274052621279,1.4214108455,2.406236262325,1.23495165747324,1.15088947011085,1.327667858216
11,3,"incong/post-corr",1.18324322922177,0.5750126188,1.80020373925,0.984601262199784,0.921819781516422,1.05323033950673
12,3,"incong/post-corr",1.46514402660004,0.89285624825,2.033056898175,1.29896905833717,1.21163593424589,1.39242361105955
13,3,"incong/post-corr",3.82552523693806,3.3173309235,4.331204165,1.32533900117176,1.20557098083035,1.45967371835738
14,3,"incong/post-corr",2.76918100317291,2.283372083,3.259481971225,1.31978867286733,1.20581769051372,1.44619573690325
15,3,"incong/post-corr",1.3307495525021,0.60636754025,2.064415807915,0.88905464567551,0.822246375853489,0.963789471806271
16,3,"incong/post-corr",2.99861903165763,2.52730837518975,3.46915331075,1.37880828676272,1.264285413071,1.50522008761276
17,3,"incong/post-corr",3.03532258443877,2.575207065475,3.501214243,1.4183886890536,1.32729374266122,1.51423502591249
18,3,"incong/post-corr",1.18113495577527,0.47125987125,1.882208035635,1.0334419912792,0.941444632361292,1.12892511311748
19,3,"incong/post-corr",2.61912884901459,2.09530273525,3.135919749525,1.20020580221047,1.11758813774926,1.28920461578037
20,3,"incong/post-corr",2.15188121028382,1.60879801075,2.69571927375,1.07252392633791,0.993853165517334,1.15931362596047
21,3,"incong/post-corr",1.17159885217009,0.57285537675,1.7531127155,1.22645699430908,1.12256296240116,1.34151114196467
22,3,"incong/post-corr",2.82044582813403,2.36406793325,3.2772328026,1.22495678383801,1.12303776539235,1.34026913337967
23,3,"incong/post-corr",2.30214582381411,1.757546342475,2.862297495375,1.0604295556825,0.978692246711457,1.14868374160665
24,3,"incong/post-corr",3.93521307867893,3.3765455745,4.4948257335,1.19731501534464,1.10974837604855,1.2901867318364
25,3,"incong/post-corr",3.2649525165556,2.815715326,3.70698275725,1.39439682298615,1.2952232578183,1.49891673280614
26,3,"incong/post-corr",2.32721057911819,1.80845703825,2.841928245125,1.12763557332178,1.04630863646047,1.21541598327297
27,3,"incong/post-corr",1.21810383538456,0.5035680428,1.90668003475,0.935366189064146,0.853458991178501,1.02450790957716
28,3,"incong/post-corr",1.74277880438636,1.2062546714,2.259372171,1.21689809824682,1.13505016753206,1.30170739931991
29,3,"incong/post-corr",2.27940052578046,1.76116430475,2.820113871075,1.23393370918395,1.13700985835205,1.33584212296804
30,3,"incong/post-corr",1.56152555532316,0.9237651472,2.200535367115,1.05696486312107,0.984116565309077,1.13346781025121
31,3,"incong/post-corr",1.21158735003296,0.4918772055,1.93720159825,1.14366052750714,1.03740820249345,1.25959846526007
32,3,"incong/post-corr",0.20103154641728,-0.58165039175,0.99347887125,0.860826957634815,0.787408609971733,0.943254980929598
33,3,"incong/post-corr",1.50901038186911,0.94983550025,2.073826263825,1.08143710722176,0.995266877218883,1.17581031128866
34,3,"incong/post-corr",1.70090263499393,1.02001687185,2.35324554525,1.12534768468114,1.02830687653016,1.23080187409521
35,3,"incong/post-corr",1.21501634966482,0.57714280925,1.85061476475,1.00246172326199,0.920004202140724,1.08985254253957
36,3,"incong/post-corr",2.34156874970729,1.85340529525,2.8114697015,1.25059889159699,1.15629055335984,1.34937910123678
37,3,"incong/post-corr",3.65704992554888,3.1772783902175,4.16202177755,1.35589318753784,1.25089047079632,1.47056749192759
38,3,"incong/post-corr",3.252574907888,2.68416697925,3.8540435785,0.914400813035345,0.838801592799968,0.996330548459343
39,3,"incong/post-corr",2.3712912187432,1.8865167755,2.8444312365,1.1966355620505,1.11302932816835,1.28298070130919
40,3,"incong/post-corr",3.67072978815599,3.1522360635,4.1831507245,1.21746278494591,1.1211048683508,1.32160861063388
41,3,"incong/post-corr",2.44295397530189,1.928255639275,2.95291987275,1.02597709640005,0.945374487526821,1.11568223479048
42,3,"incong/post-corr",2.8596377356181,2.33184094725,3.36134264625,1.19611645983256,1.10317185083484,1.29424306600643
43,3,"incong/post-corr",3.22574529343155,2.60575796925,3.829067239725,1.15855105585424,1.0303087241846,1.30427546740984
44,3,"incong/post-corr",3.22011413043466,2.750539212,3.6918034457,1.47673113744383,1.36608852222146,1.59058600394375
45,3,"incong/post-corr",2.54668501821585,2.14927667275,2.96185628365,1.58044888626998,1.44927074361203,1.71912767218253
46,3,"incong/post-corr",1.87461593989441,1.33468054405,2.39458322536625,1.17790968569499,1.08999705662773,1.27177668783278
47,3,"incong/post-corr",1.92803351169434,1.306876075775,2.558220670175,1.22840205343021,1.11640044274625,1.3485288649558
48,3,"incong/post-corr",2.98260272161419,2.4804276769,3.476297427,1.25424551225142,1.15757388997941,1.3580726076625
49,3,"incong/post-corr",0.794666310935884,0.123417175000001,1.474295753635,0.951242570813072,0.864903059345383,1.04445118827149
50,3,"incong/post-corr",3.11291917878809,2.5973558573625,3.618384812375,1.22662034396793,1.14534191387006,1.31065435879778
51,3,"incong/post-corr",2.5414474876698,2.061534608375,3.03332013975,1.1191668432264,1.02726041106647,1.21965774774764
52,3,"incong/post-corr",1.90238960453243,1.3695828803,2.4347274835,1.33905263112238,1.23405049863061,1.4556625467611
53,3,"incong/post-corr",2.80082406439079,2.365863845,3.24647289325,1.44920398198137,1.34916476508089,1.55520175721133
54,3,"incong/post-corr",2.34146774427316,1.822308174,2.838449933,1.21082641596401,1.12378519043855,1.30593383734562
55,3,"incong/post-corr",1.59669978995726,0.97103205725,2.18905099625,0.985047371520961,0.911797929406894,1.06371830666217
56,3,"incong/post-corr",2.70311132078758,2.2271605385,3.1685840925,1.38447518175395,1.28501521293674,1.49233093037693
57,3,"incong/post-corr",2.56971127976712,2.072051734,3.07345344395,1.17628818470092,1.08113699173127,1.27931040335906
58,3,"incong/post-corr",3.3892886024187,2.8757351645,3.8926050990525,1.08847968877366,0.992793408722949,1.19264675267179
59,3,"incong/post-corr",2.35729853820614,1.883027017575,2.8332330602,1.32059243520028,1.22301113102869,1.42443192739461
60,3,"incong/post-corr",1.34132503635738,0.7207256965,1.979013204575,1.03023861670938,0.947077355266997,1.12075695805197
61,3,"incong/post-corr",1.3250098546858,0.635104959249999,2.0102051475,1.07637375572394,0.988715884957445,1.17063059427449
62,3,"incong/post-corr",1.63072523469546,0.990096852,2.286180601775,1.08638025994323,0.998006476037505,1.18255724193754
63,3,"incong/post-corr",2.57422659931422,2.090645911225,3.0733760995,1.2707354587439,1.18415795461763,1.36550679733063
64,3,"incong/post-corr",2.98896227653185,2.377174464775,3.594997138475,0.986261497464094,0.921728888594739,1.05595065769675
65,3,"incong/post-corr",2.08697027805136,1.4973635294,2.648353371325,1.03215036677876,0.95972311737837,1.10851906170567
66,3,"incong/post-corr",2.32520141562598,1.800202308,2.82805124675,1.34485678446301,1.24395927366861,1.45258814624971
67,3,"incong/post-corr",3.69419284161949,3.162527104225,4.225081710775,1.17325843632753,1.07112442534343,1.2868729975562
68,3,"incong/post-corr",2.6045556223379,2.05644230175,3.155849188625,1.03294721893718,0.949198401138101,1.12549971464948
69,3,"incong/post-corr",1.95555247184019,1.415026849725,2.48978665975,1.23801201847172,1.15561128165991,1.32348377227745
70,3,"incong/post-corr",3.23419102079112,2.7636035064,3.693636294325,1.43419750165184,1.32493467370284,1.54906887110441
71,3,"incong/post-corr",2.54286994155126,2.009797026,3.08819390825,1.09378678082314,1.02033513358747,1.17712147694917
72,3,"incong/post-corr",2.07267020933739,1.5552281215,2.602497905,1.11127409582449,1.02946068029694,1.19936399710116
73,3,"incong/post-corr",2.11004510384879,1.56604538225,2.64289820475,1.0931410636811,1.00441648795915,1.18884667690739
74,3,"incong/post-corr",2.0555771972668,1.486898857,2.61388422495,1.18250989136024,1.09309416649433,1.27972122102918
75,3,"incong/post-corr",1.56130584176544,0.93614713125,2.1614893065,0.936989450257439,0.860269530567409,1.02006705174357
76,3,"incong/post-corr",2.36116027441696,1.8577344705,2.8678271627675,1.13651691869354,1.04686233894138,1.2336486376767
77,3,"incong/post-corr",3.65285679486087,3.203673876075,4.094038786875,1.54029060081525,1.41530262391625,1.67664978117962
78,3,"incong/post-corr",2.11979362974268,1.6373537435,2.588037744,1.4685339495802,1.37370869841851,1.56742953298735
79,3,"incong/post-corr",0.996376528458932,0.19406286525,1.789696918225,0.943564610261807,0.844095347131055,1.05304288515388
80,3,"incong/post-corr",3.75539513806262,3.240161698,4.29978070725,1.1546893470569,1.06040552243686,1.25959167238366
81,3,"incong/post-corr",2.21389220175908,1.71140076855,2.726740495075,1.26369319791067,1.1681184085276,1.36537884501222
82,3,"incong/post-corr",2.08048475768004,1.51975019475,2.63404567925,1.09758499311652,1.00628201830795,1.1956426014966
83,3,"incong/post-corr",2.60607119997704,2.10809002,3.1112724757,1.22482487675084,1.13328049511422,1.32674715812605
84,3,"incong/post-corr",2.44557397915222,1.92571281575,2.969274225375,1.36004021302548,1.2665576633759,1.45707948763822
85,3,"incong/post-corr",-0.458303621420211,-1.45617468025,0.558985980220001,0.892245763303074,0.780078122060216,1.02081288883075
86,3,"incong/post-corr",1.4317337229644,0.835833171,2.062863262475,1.03133304770027,0.941398789765688,1.12736958933068
87,3,"incong/post-corr",2.16818089119603,1.62199890025,2.709695290275,1.0145610130711,0.931062956185378,1.10508018756915
88,3,"incong/post-corr",1.9803262311768,1.40185306435,2.55917890825,0.913674876163154,0.84147653322966,0.991684736456721
89,3,"incong/post-corr",1.69385936483998,1.09629557205,2.26206330125,1.01877230190994,0.942901431801318,1.09989800947902
90,3,"incong/post-corr",3.20875818000002,2.72312046275,3.6876223855,1.1767728265501,1.08627444974013,1.27939209983471
91,3,"incong/post-corr",2.39860285279671,1.7823518575,3.02133862575,0.881975564449597,0.813310784161244,0.955364227915352
92,3,"incong/post-corr",2.49281521199131,1.9813283225,3.0110647405,1.18570967345295,1.09703873004667,1.28531693263875
93,3,"incong/post-corr",1.86059512456447,1.33894782525,2.40282196675,1.30043557285949,1.2167081397422,1.38894312009137
94,3,"incong/post-corr",2.00536998878726,1.420943361975,2.58614294045,1.0444876106345,0.968934460510539,1.12695660400229
95,3,"incong/post-corr",2.07979228463616,1.5074454175,2.664212511875,0.9712841296246,0.887469418344229,1.06598334956587
96,3,"incong/post-corr",2.24790082441138,1.76944873935,2.73595982165,1.17964669539055,1.08580204387484,1.28204919240401
97,3,"incong/post-corr",2.84942138663756,2.318654543,3.35431647685,1.18308493109855,1.09671350468303,1.2832173536827
98,3,"incong/post-corr",0.963615277368506,0.27262938025,1.6300360015,0.833133282252809,0.767866010570738,0.905246757904141
99,3,"incong/post-corr",3.2111444633691,2.66554632325,3.740241928375,1.34862737428647,1.23939376724231,1.46824017258269
100,3,"incong/post-corr",2.82235014278909,2.315341239,3.314382795575,1.24908367945853,1.16456565024825,1.34115561946916
101,3,"incong/post-corr",2.4081002070732,1.904343229,2.9408784563,1.44489683583461,1.32043521762182,1.57250461207934
102,3,"incong/post-corr",3.52799693246319,3.00023579325,4.05133272875,1.12264505008281,1.03142311457827,1.22050803818133
103,3,"incong/post-corr",2.82101754547726,2.35137169975,3.30164665675,1.16328484493492,1.06605926107365,1.2621909534122
104,3,"incong/post-corr",2.67415216085308,2.188666881975,3.1687557336,1.24399061907174,1.13995003614449,1.35895410891587
105,3,"incong/post-corr",1.72650564846835,1.05603542125,2.41631189575,1.13505767723119,1.02596976367114,1.25062866579357
106,3,"incong/post-corr",2.54417121722388,2.11664481775,2.985940447225,1.37656157461853,1.27014389725903,1.4901680903718
107,3,"incong/post-corr",2.83309237179322,2.2783013485,3.38471978275,1.04482243441972,0.962644700904028,1.13315211333242
108,3,"incong/post-corr",2.93222673441243,2.4537312645025,3.4213423225,1.28477710137944,1.18803882906516,1.39135523936153
109,3,"incong/post-corr",2.28883760841592,1.82570941475,2.76146503425,1.34376457592706,1.24252265339344,1.44732265062027
110,3,"incong/post-corr",1.87175408686648,1.2440756673,2.494648400625,1.03557747932948,0.951541580824574,1.1291488876946
111,3,"incong/post-corr",2.77910110796137,2.32289549475,3.23663166975,1.4822472318619,1.37248423984549,1.60235966998723
112,3,"incong/post-corr",1.73619678269371,1.20524209265,2.2564473676305,1.27796591472875,1.17911776157465,1.38482504413802
113,3,"incong/post-corr",1.75677404435723,1.22484607025,2.30413280725,1.09073536535078,1.00641686536976,1.1803866350604
114,3,"incong/post-corr",0.292138021946083,-0.4467111729,1.0120543345,1.10077938106893,0.995220008980605,1.21495088156977
115,3,"incong/post-corr",2.50687670118561,1.945556511425,3.0610585772,1.01086254001861,0.928518670433346,1.10129325528757
116,3,"incong/post-corr",3.00632001194805,2.5405440825,3.439301744525,1.42911695857639,1.31138196649803,1.55449324157631
117,3,"incong/post-corr",2.20401064919912,1.62443739625,2.78734683925,0.84940094891713,0.786966271567236,0.919109085858947
118,3,"incong/post-corr",2.46020537708565,1.99969103725,2.92269560875,1.4357998735933,1.34809255344383,1.52537328973085
119,3,"incong/post-corr",3.12129120293452,2.6808892929,3.571409122925,1.39012052782486,1.27522558311592,1.51296747389096
120,3,"incong/post-corr",1.49081080526862,0.934901409,2.045547465,1.24325694944562,1.14739066744092,1.34479381587194
121,3,"incong/post-corr",2.8675286603458,2.392119544075,3.34110036075,1.23023594345747,1.14190386168874,1.32796232908495
122,3,"incong/post-corr",2.51809875888136,1.960940115,3.0817193362,1.20180008194759,1.10307582103994,1.30458935690293
123,3,"incong/post-corr",2.18757241049662,1.59264848815,2.802527201225,1.08520574884847,0.993885299534428,1.18404372411762
124,3,"incong/post-corr",2.16197782670831,1.627242935625,2.70395249675,1.14068382715632,1.05248744178401,1.24034470902865
125,3,"incong/post-corr",2.45594277465473,1.875843123575,3.04723929365,0.956093208967545,0.888188033692353,1.03128939165543
126,3,"incong/post-corr",2.10654908430087,1.49737887775,2.71645016565,0.926001848900949,0.852668628324333,1.00669074344074
127,3,"incong/post-corr",0.5477996111384,-0.0875685812500003,1.1910970893,1.11006785705277,1.01461411105275,1.21701776301763
128,3,"incong/post-corr",2.64560282415393,2.0940954705,3.1893593789,0.972442210875737,0.897553397936003,1.05579469104163
129,3,"incong/post-corr",2.55250410510608,2.02966346875,3.0909936105,1.07552803331052,0.994878673443623,1.16742073975616
130,3,"incong/post-corr",1.9692995143453,1.41080333308,2.531011028875,1.04857259971368,0.964175932980347,1.13978639243541
131,3,"incong/post-corr",2.65148004495901,2.196713076,3.127677469825,1.46179450395674,1.3475418714537,1.58529133282431
132,3,"incong/post-corr",2.25451974895386,1.6663803425,2.8596976495,0.899620180201726,0.829641718996357,0.978823454644069
133,3,"incong/post-corr",2.60458719042546,2.082247505275,3.1088120403,1.18121484615514,1.09377394413642,1.27571301937153
134,3,"incong/post-corr",2.27683070218122,1.76255168475,2.80664108575,1.20310303039537,1.10092026721059,1.30982960469633
135,3,"incong/post-corr",3.4529419742304,2.98124949544,3.95304170065,1.19728126186456,1.08738157405156,1.31839385777923
136,3,"incong/post-corr",2.75285248245327,2.2168479711,3.3137217912625,1.17243268990751,1.0952028656906,1.25708180960574
137,3,"incong/post-corr",2.04983776260819,1.559181150175,2.55961269225,1.14792198621277,1.06048430081934,1.24025683047085
138,3,"incong/post-corr",2.2616473446175,1.74564268575,2.78437901525,1.23843233386213,1.14686139435154,1.33725079523436
139,3,"incong/post-corr",2.0433641052661,1.54397086325,2.5561524309775,1.18264676779504,1.09750137577147,1.27746911950299
140,3,"incong/post-corr",2.77487249286968,2.276220361625,3.29722403655,1.10012489931459,1.01621009206439,1.19088897019356
141,3,"incong/post-corr",1.82903875520018,1.210538524,2.4735928694575,0.849573525314503,0.784610146952943,0.920077777268434
142,3,"incong/post-corr",0.715429564482836,0.0700826920000001,1.374077157075,1.28277812958802,1.15469619017604,1.42699014323933
143,3,"incong/post-corr",2.59666621808307,2.041100793025,3.140464391875,1.01739566466325,0.941534590813997,1.10351189721478
144,3,"incong/post-corr",1.20513988130006,0.60094532345,1.8102231425,1.14058506952269,1.04873257888032,1.23830247553396
145,3,"incong/post-corr",1.55721042064008,0.96297623225,2.161318853525,1.04031671047877,0.963893128168836,1.12450001614554
146,3,"incong/post-corr",2.4955390538868,1.914863420825,3.068440709675,0.86573977323263,0.80528662180942,0.932915891857552
147,3,"incong/post-corr",3.31759553090812,2.885475143,3.7653527851575,1.43613549307619,1.32743027044126,1.55268922229821
148,3,"incong/post-corr",2.86311460598548,2.40026212375,3.338514434875,1.21481259925786,1.12881169655716,1.30757982109445
149,3,"incong/post-corr",2.23301729119192,1.73914556975,2.734188983025,1.24068484393115,1.15817283357876,1.32906694786334
150,3,"incong/post-corr",1.90598206078925,1.4008270205,2.394030100385,1.1996184479913,1.11566126180971,1.29397802256221
151,3,"incong/post-corr",-0.0205811241050125,-0.747086436,0.712298165725,1.29112031636667,1.16860087601143,1.42183657955824
152,3,"incong/post-corr",3.16230558958885,2.73819532825,3.58115064025,1.52548735716544,1.41544731518261,1.63848945345003
153,3,"incong/post-corr",2.5733081686589,2.1341960305,3.0077272204,1.36448707813422,1.2571113663562,1.47541029412707
154,3,"incong/post-corr",2.10072552288169,1.538148741875,2.659118479575,1.07053325936536,0.993201047727747,1.15152252604727
155,3,"incong/post-corr",0.9559759325439,0.2522251126325,1.6570971683,0.988106389957088,0.913862119656711,1.07048882573328
156,3,"incong/post-corr",1.31436942839491,0.6819864595,1.934592856975,0.906586536771305,0.827806668934434,0.992876237598993
157,3,"incong/post-corr",0.05174456491732,-0.72462338525,0.840638929025,0.843482342254965,0.772160663440991,0.924496243712
158,3,"incong/post-corr",0.953304573343017,0.33732662825,1.58844282725,1.34133536754343,1.21023415457739,1.48661754230018
159,3,"incong/post-corr",2.29339025096067,1.7631745972,2.8329692865,1.05052903819154,0.976251816342394,1.12849559272618
160,3,"incong/post-corr",2.84942319339389,2.31805631025,3.3705343695,1.10947977995301,1.019029204531,1.20170138002733
161,3,"incong/post-corr",3.6793956389478,3.20708979025,4.1712045325,1.31555385082545,1.21401136851488,1.4272896246095
162,3,"incong/post-corr",3.30046092325079,2.82978757175,3.769110022525,1.27223932265291,1.19634540462667,1.35158716853574
163,3,"incong/post-corr",2.0648346745954,1.4573655074,2.65391983275,1.06096276529766,0.989940940087247,1.13585698198464
164,3,"incong/post-corr",2.49724266728431,2.0492427075,2.944455658,1.35123487035682,1.24269452815029,1.46489635485319
165,3,"incong/post-corr",2.2998836946935,1.779685290825,2.80959300615,1.09919165612197,0.999947947667162,1.20352528162617
166,3,"incong/post-corr",3.36482673923891,2.8194263991,3.906305267175,1.00887377315921,0.924105430972191,1.1023369884022
167,3,"incong/post-corr",1.80699859121368,1.236165586275,2.374875019685,1.0185990377347,0.94260865623628,1.10356702028754
168,3,"incong/post-corr",0.577286801162225,-0.0554423279999997,1.231291689,1.15852186065684,1.06715672831627,1.2537544751046
169,3,"incong/post-corr",3.28954839535298,2.861739427625,3.722828442775,1.53240540213209,1.42894369686718,1.64216361204141
170,3,"incong/post-corr",2.34897716791399,1.8511956352,2.848270421,1.05576634431649,0.975098460949828,1.14726095495092
171,3,"incong/post-corr",1.98858122586682,1.361649924375,2.632300060075,0.889034582393147,0.810413692147022,0.97280674107804
172,3,"incong/post-corr",3.54960580453444,3.04467405975,4.05878080425,1.08808235001855,0.99942281123801,1.18404569723034
173,3,"incong/post-corr",2.08751864560334,1.564316086325,2.595795182236,1.29820167220747,1.19970143976692,1.40411602299981
174,3,"incong/post-corr",2.05125048942611,1.51802709425,2.57537439225,0.933584798361324,0.860513232211899,1.01227699082895
175,3,"incong/post-corr",1.80694088301425,1.188619082,2.413751143325,1.00853567037844,0.928306837782922,1.09627938834696
176,3,"incong/post-corr",2.4000056783278,1.8751022683375,2.926292406475,1.16338734771602,1.07721797952138,1.25476216297424
177,3,"incong/post-corr",2.53082213342394,2.078162572,2.987271667775,1.40680542547147,1.30881910312847,1.51405281741324
178,3,"incong/post-corr",0.685621581911546,-0.0865348340000001,1.424319240325,1.05285017826466,0.948009742224962,1.16752717153415
179,3,"incong/post-corr",2.42551634104885,1.93081043075,2.932578163,1.03502816535733,0.955189880739561,1.12367161873521
180,3,"incong/post-corr",1.83508579971171,1.267272435875,2.4114211491,0.932774740423917,0.852335315159692,1.02188687395831
181,3,"incong/post-corr",0.891134900220491,0.2010776535,1.545304939,0.918407700504277,0.836659649412091,1.00634021990755
182,3,"incong/post-corr",1.96850561849009,1.390763994525,2.561282467225,1.14677253684429,1.05709110125915,1.24866861017243
183,3,"incong/post-corr",3.04110094335839,2.460184298,3.59600866175,0.986043075175477,0.901298700104723,1.07932256651335
184,3,"incong/post-corr",0.915119470298993,0.30692798575,1.510070119525,1.12711044119766,1.04173933689231,1.21327059830825
185,3,"incong/post-corr",2.86529291085907,2.410644711575,3.3271409701175,1.33779217677809,1.23538833986816,1.45126442601189
186,3,"incong/post-corr",1.82057404662972,1.30500073425,2.3163357917,1.11119468813252,1.0327361571221,1.19935821155253
187,3,"incong/post-corr",2.26058481627879,1.766315009075,2.74466265725,1.21593889433252,1.12350672885374,1.31330178624036
188,3,"incong/post-corr",3.67436180216637,3.17534923025,4.167239634925,1.49291862691575,1.35763316847013,1.64607013219766
189,3,"incong/post-corr",2.1024514105142,1.62700916625,2.57474618,1.20053519112629,1.11337734903659,1.29321259763038
190,3,"incong/post-corr",0.718237362497059,0.11657456175,1.3222918315,1.19103619073571,1.09189243109429,1.29902170607758
191,3,"incong/post-corr",1.44461111843008,0.8494163445,2.0565921717,1.281658809773,1.17423402441267,1.39643583078016
192,3,"incong/post-corr",2.08988844170301,1.480646882,2.71694678075,0.910656162322536,0.845963763933333,0.976760623699834
193,3,"incong/post-corr",1.72911369255995,1.25528961475,2.2299627321,1.34572063332937,1.24512311309771,1.45931679658927
194,3,"incong/post-corr",3.07299303812211,2.541078512275,3.597708150825,1.0536716520542,0.965400584691213,1.15230974795842
195,3,"incong/post-corr",-0.012221612230355,-0.718131817,0.700313321500001,1.07973987550933,0.985229255983331,1.17968153288694
196,3,"incong/post-corr",0.109367282962652,-0.646468197,0.862322078750001,1.03969880078384,0.929705977747697,1.16785807111664
197,3,"incong/post-corr",1.5990131945945,1.05711894225,2.135452401,1.28467883602376,1.18921149222398,1.38512527461001
198,3,"incong/post-corr",2.77425172690722,2.3235382415,3.223677904,1.41028455031123,1.31538651221323,1.51734933070824
199,3,"incong/post-corr",2.25507057727768,1.76420519925,2.75695311965,1.18888806209788,1.09876400884006,1.28810700533186
200,3,"incong/post-corr",1.35244440648476,0.805294111075,1.87059640295,1.12194368059575,1.03112612886555,1.22082189178876
201,3,"incong/post-corr",0.018101776529316,-0.8687224355,0.90795027125,0.946083112409503,0.842655018220722,1.06193906400238
202,3,"incong/post-corr",3.26857081737392,2.8020270766,3.742210549,1.49036346504249,1.37803186463794,1.61117298761219
203,3,"incong/post-corr",3.86694100826333,3.31980899275,4.42033274825,1.08891148018608,1.00468448432907,1.18000124688672
204,3,"incong/post-corr",2.8495585264209,2.389117483,3.296311370125,1.36544155404513,1.26389748197893,1.47811703801527
205,3,"incong/post-corr",2.28621590494308,1.731021021,2.84234717025,0.934829438654429,0.857674058215674,1.02266610347135
206,3,"incong/post-corr",1.79582700226959,1.2490469982,2.355760515,0.913016487504437,0.838812230764169,0.996212551524675
207,3,"incong/post-corr",2.33580180850915,1.86910631175,2.8124017296,1.40112095397197,1.30340347377418,1.50259838231118
208,3,"incong/post-corr",1.71475825687773,1.23223254525,2.19898543988,1.27433165419355,1.1839773584767,1.37105801592217
209,3,"incong/post-corr",1.78039678409338,1.33261635625,2.2380008266,1.38522791587468,1.28332002397846,1.49589851316885
210,3,"incong/post-corr",1.69530360097382,1.0516535705,2.32304790675,1.15317178783057,1.04638263127852,1.27003622110233
211,3,"incong/post-corr",2.57855200618706,2.00528882025,3.161538125225,0.968344239321874,0.896223636967936,1.04547942879365
212,3,"incong/post-corr",2.06360201719402,1.5329532941,2.57840725875,1.14773237999713,1.07627593755086,1.22087256743431
213,3,"incong/post-corr",2.47414482055391,1.9638675215,2.99135116725,1.10121594701454,1.02009663019128,1.18657555091545
214,3,"incong/post-corr",2.70648525106132,2.1579801885,3.2617159272,1.03280529223679,0.947136107204491,1.12710787312589
215,3,"incong/post-corr",0.840654422835246,0.13195625825,1.52757298225,0.751202081671844,0.694570600278513,0.816460482548669
216,3,"incong/post-corr",0.99816740867171,0.377717771350001,1.59735574325,1.00418697796465,0.922108110878152,1.09704456164203
217,3,"incong/post-corr",2.44132635726703,1.97077347705,2.90435143825,1.39784587050121,1.28633876218225,1.51961257039967
218,3,"incong/post-corr",3.01607145837098,2.5099576737,3.524922294525,1.14507161135494,1.042320215122,1.25687627871067
219,3,"incong/post-corr",1.3736012135142,0.79344946125,1.94975492925,1.36187360797298,1.26573744380043,1.46673771043172
220,3,"incong/post-corr",2.86607963034932,2.3550898567,3.3823796985,1.24360539020541,1.15682474411758,1.33994710192171
221,3,"incong/post-corr",2.44051537038374,1.984765571725,2.90435809295,1.28973782934481,1.19674413208581,1.39084257531242
222,3,"incong/post-corr",2.41388342532862,1.77773573275,3.03004457425,1.08165667017125,0.992137597721317,1.17670447628302
1,4,"incong/post-err",3.2947865257406,2.3816213303,4.224674116,1.42021693348223,1.31890325775463,1.5304408286995
2,4,"incong/post-err",1.3274071757036,0.37716200975,2.27130134,1.11131813874541,1.02008676780702,1.20988851603043
3,4,"incong/post-err",3.01642828526836,2.199235681115,3.81977844825,1.25141050423451,1.16166145993953,1.35152567077274
4,4,"incong/post-err",2.9998379498591,2.13894096525,3.868618646,1.01981850034982,0.923765914189018,1.12624220847304
5,4,"incong/post-err",3.2734124211936,2.46550892355,4.0558518405,1.50696052948978,1.40494319662711,1.61427474909282
6,4,"incong/post-err",2.33686884822514,1.482838126,3.252223273,1.18377740631591,1.09085202596305,1.28130537312905
7,4,"incong/post-err",3.76878905377026,2.952495959825,4.59820907875,1.76894226467815,1.63443915959641,1.91304429200129
8,4,"incong/post-err",3.18082467804897,2.42420773357,3.965763822,1.35419401180396,1.22440996261546,1.49766705191862
9,4,"incong/post-err",2.94937440921649,2.136664819925,3.77200372355,1.20642644934764,1.11791189886975,1.30222165807748
10,4,"incong/post-err",2.8182948280372,1.99110949005,3.661415658,1.36442091981364,1.27260483654389,1.46929816982352
11,4,"incong/post-err",1.96979173752822,1.11481537525,2.79569565,1.08781759281018,1.01771414868278,1.1657879767536
12,4,"incong/post-err",3.13266666794997,2.3717309666,3.8970127325,1.43515112148302,1.33603496673183,1.53891448633471
13,4,"incong/post-err",2.34117064556195,1.32118134075,3.32700840775,1.46430819291711,1.33117706387545,1.61361741773814
14,4,"incong/post-err",4.15002752225208,3.297574446275,4.9888435895,1.45813842754049,1.33120995010267,1.59792748879615
15,4,"incong/post-err",2.4631116987479,1.53071406465,3.405302148,0.98224815566877,0.907963676990854,1.06451741270498
16,4,"incong/post-err",3.03295732526739,2.110805587575,3.9950893899525,1.52336062727508,1.39252946436803,1.6630007499966
17,4,"incong/post-err",3.24449711005624,2.297638605375,4.171636520625,1.56710172839229,1.46362194673422,1.67410957593497
18,4,"incong/post-err",2.28283147547473,1.385499974,3.173418730125,1.14179524011784,1.04061530288482,1.25049446030725
19,4,"incong/post-err",2.32878355543541,1.445665911175,3.221151885,1.32602407757267,1.23556535065855,1.42486997739898
20,4,"incong/post-err",2.63762699636619,1.73740031545,3.5444526565,1.18494845754294,1.09630476767584,1.28010551339683
21,4,"incong/post-err",3.60228786267992,2.7460655915,4.45156069775,1.35502545274542,1.24051232501199,1.48299842649908
22,4,"incong/post-err",3.34948090940097,2.4200399967,4.26012188025,1.35337300519553,1.23781683722249,1.48305644862546
23,4,"incong/post-err",2.8771169151859,2.0688450505,3.67847430665,1.17158311128827,1.08014835208807,1.26756826619556
24,4,"incong/post-err",0.975938438871066,-0.0879856149999998,1.99700721625,1.32284953676437,1.22368920163238,1.4280071977281
25,4,"incong/post-err",4.67123476882439,3.88015718885,5.44682974475,1.54059361292466,1.43013874299573,1.6618092192831
26,4,"incong/post-err",3.05866651313181,2.214481180475,3.88585079125,1.24584955779361,1.15613470622215,1.34273597384164
27,4,"incong/post-err",2.52726015306544,1.641433383,3.42725762725,1.03340300394835,0.943037072696171,1.13058072301794
28,4,"incong/post-err",2.05403086681365,1.159656212925,2.943649707375,1.34447429797965,1.25010469714896,1.44246863346399
29,4,"incong/post-err",2.74611701071955,1.78087402155,3.71585433575,1.36328988923762,1.25430751470156,1.476640952741
30,4,"incong/post-err",2.81512951157684,1.9708609275,3.63452555075,1.16777598205164,1.08525789179474,1.25609742005558
31,4,"incong/post-err",2.96653920361704,2.156695401,3.7945933435,1.26355075255852,1.14495016511316,1.39098864691033
32,4,"incong/post-err",2.44773726703272,1.55769666405,3.32834692475,0.951048024612498,0.871043518649798,1.04136461697377
33,4,"incong/post-err",2.51315655098088,1.7505134207,3.3339072065,1.1948124866714,1.09925874395725,1.30006713415969
34,4,"incong/post-err",3.65182602165608,2.908508312,4.37847314625,1.24328948628946,1.13456621399593,1.35815618349797
35,4,"incong/post-err",2.63633874338518,1.779701945025,3.47269331525,1.10754177577393,1.01495402854447,1.20367020319164
36,4,"incong/post-err",2.96841655759271,2.143986399,3.78155639,1.3816894921706,1.27671132396481,1.49667184393581
37,4,"incong/post-err",3.47500420030111,2.527843986375,4.409437113025,1.49802768550241,1.3794770634586,1.62672566070599
38,4,"incong/post-err",2.50333272756201,1.62204731375,3.40704778375,1.01026529144339,0.926059438265672,1.10322137875556
39,4,"incong/post-err",3.15651069970681,2.39135115925,3.91353686265,1.32210991716223,1.22590741680825,1.42245487817186
40,4,"incong/post-err",2.211233659609,1.30315183675,3.1224415705,1.34511119914423,1.23804212955643,1.46082406585353
41,4,"incong/post-err",2.29848314304811,1.3731439878975,3.216177965645,1.13353900026754,1.04175970218279,1.23567826920575
42,4,"incong/post-err",2.8552552260819,2.0256053775,3.68405557975,1.32150600080725,1.21737369638495,1.43246876627366
43,4,"incong/post-err",2.84229636881844,1.824801793,3.86179575115,1.28002769827491,1.13656061790107,1.44486630061523
44,4,"incong/post-err",4.16556776395533,3.372192576175,4.95336987825,1.63155689924342,1.50894569401843,1.76106871008456
45,4,"incong/post-err",4.47922728425414,3.670041388275,5.2701368755,1.74617487315216,1.59681050545428,1.90287039159951
46,4,"incong/post-err",2.20625802545558,1.29046180475,3.096113126,1.30139699962108,1.20304002980274,1.40501966369261
47,4,"incong/post-err",2.12756644370565,1.0900951215,3.159606421975,1.35720568582099,1.23138297538443,1.49258802495688
48,4,"incong/post-err",2.96714917253581,2.0564150175,3.8830993965,1.38572023145779,1.2781096808967,1.50049692979191
49,4,"incong/post-err",1.96123142876412,1.0612347755,2.83244845475,1.05096686716449,0.953702465699102,1.15862540875592
50,4,"incong/post-err",1.88508643341191,0.981553071,2.7912781325,1.35521716828775,1.26477559782241,1.44742110323275
51,4,"incong/post-err",3.2711703022802,2.450191690075,4.09702824965,1.23648541698742,1.13344396217685,1.35005795431534
52,4,"incong/post-err",3.14259274921756,2.372306774625,3.9108393555,1.47943869574486,1.36051678953635,1.60842200903017
53,4,"incong/post-err",3.25266600602419,2.45171583315,4.0331400205,1.60116260247154,1.48696927901723,1.7245995841205
54,4,"incong/post-err",3.14467645062685,2.330070202175,3.97864708575,1.33776464369158,1.24225299084352,1.4426531872216
55,4,"incong/post-err",2.06097166854275,1.20382555275,2.889889987725,1.08830414024274,1.00704720769144,1.17710579480544
56,4,"incong/post-err",3.03402723576242,2.2180408585,3.8421669590775,1.52959956477187,1.41789545039671,1.65284843029962
57,4,"incong/post-err",3.62742346723288,2.802240198075,4.4279798055,1.29963289338074,1.19250771343711,1.41589729570636
58,4,"incong/post-err",1.1226815526813,0.0878601390000002,2.1354494655,1.20257589411474,1.09574608334124,1.31920754749035
59,4,"incong/post-err",2.88864070804386,1.999697207875,3.7960894795,1.4590425257134,1.34868498836498,1.57720296172534
60,4,"incong/post-err",1.96214696479262,1.153569211,2.76409893425,1.13824404097205,1.0416401375567,1.2393461142049
61,4,"incong/post-err",3.9522239529142,3.087143717,4.7728734195,1.18920727075067,1.08999630745065,1.29501160368606
62,4,"incong/post-err",3.56728964395454,2.68634160395,4.44914848875,1.200277391729,1.1007186289,1.31023904892759
63,4,"incong/post-err",2.89382071723579,2.110177568125,3.703417709275,1.40394215766201,1.30558509603379,1.51036465277709
64,4,"incong/post-err",2.04534666341816,1.07087835495,2.9803284124,1.08965150193975,1.01688268824217,1.16753451240118
65,4,"incong/post-err",2.50750065229864,1.6762687245,3.336701448125,1.14035081486671,1.05929348952728,1.22619873163255
66,4,"incong/post-err",3.88907441308904,3.1457879809,4.6244383545,1.48587422203964,1.37127654454545,1.60959663049885
67,4,"incong/post-err",3.17990685785551,2.13229542325,4.180260381575,1.29625758593093,1.18133646085927,1.42358460465598
68,4,"incong/post-err",0.528361587262109,-0.69064430925,1.6968624989575,1.14123487161592,1.0481550547979,1.24187294050119
69,4,"incong/post-err",2.92633962210981,2.125881678525,3.717187314,1.36778904760636,1.2760909745609,1.46428892053714
70,4,"incong/post-err",2.24078091545888,1.360757043025,3.12648612025,1.58454647024849,1.4649632029325,1.71538939814011
71,4,"incong/post-err",3.54641681649874,2.712964251325,4.38419638725,1.20844912279398,1.12736363300329,1.30210297022067
72,4,"incong/post-err",3.04500317591261,2.267400778175,3.848839215,1.2277759292868,1.13673840371984,1.32664811706013
73,4,"incong/post-err",1.94352119995121,1.0073950208,2.8551304239275,1.20772892633968,1.1078379348386,1.3135553913645
74,4,"incong/post-err",2.5839577258332,1.72677571625,3.4362736115,1.30647773102451,1.20606342963516,1.41378532965357
75,4,"incong/post-err",1.69415533263455,0.722986360275,2.650549302525,1.03522667487226,0.94961151529085,1.12696752416593
76,4,"incong/post-err",3.47727469448303,2.698643160785,4.2820580745,1.2556532431615,1.15620245121642,1.36247539318791
77,4,"incong/post-err",3.50538136240414,2.56190361285,4.4710744223,1.70176474694368,1.55984220242037,1.85707950296517
78,4,"incong/post-err",4.34080061385233,3.559036101,5.11672514825,1.62250137633648,1.51553995948482,1.73445195500442
79,4,"incong/post-err",3.22184235734107,2.22598204175,4.23538398925,1.04246599148521,0.932186652808401,1.16286024744864
80,4,"incong/post-err",3.04863935106738,2.12616741725,3.96651820075,1.27575130488492,1.17002602856797,1.39324681317422
81,4,"incong/post-err",2.44238517619092,1.473652459225,3.42627356315,1.39616387556609,1.28815340048732,1.51137057287481
82,4,"incong/post-err",2.97058071191995,2.09233428125,3.876621291,1.21263544188941,1.11218301472932,1.32504668741413
83,4,"incong/post-err",3.08572517882296,2.24579625255,3.94596743775,1.35322381997033,1.25068437749698,1.46867325066059
84,4,"incong/post-err",3.72272102229778,3.0194414331,4.40432964825,1.50263768857248,1.39668456699602,1.61248382138587
85,4,"incong/post-err",0.829887929570211,-0.198402921075,1.891676878,0.985785835751938,0.861319858006124,1.12700241895072
86,4,"incong/post-err",2.94063545468559,2.080194232,3.781579511,1.13945953904068,1.03905073316641,1.24665006305924
87,4,"incong/post-err",2.82400756000398,1.981876738,3.65957862225,1.12094066568312,1.02705487124694,1.22419468043631
88,4,"incong/post-err",1.96283040132319,1.085616037475,2.850587026975,1.00943771932951,0.929519297595024,1.09624637674231
89,4,"incong/post-err",2.20560862471002,1.43080793505,2.969133639,1.12556499993332,1.04124211434855,1.21611993523759
90,4,"incong/post-err",2.24323908149998,1.3491156413525,3.121590043,1.30014099190878,1.19838707151519,1.4142415277049
91,4,"incong/post-err",2.75566867270328,1.9145730945,3.62579271125,0.974425544211416,0.899145971918343,1.05476174803861
92,4,"incong/post-err",2.64904930595867,1.76811594525,3.53582231825,1.31000475971482,1.21037805331375,1.42200003232011
93,4,"incong/post-err",2.86143636493554,2.028479798075,3.73157356075,1.43674731896432,1.34270628351497,1.53524865028063
94,4,"incong/post-err",2.42451795501273,1.6145926635,3.21392618925,1.15397915657428,1.06924380751274,1.2460470147261
95,4,"incong/post-err",3.39364781686384,2.48484730785,4.293955243,1.07309675696907,0.97951176029005,1.17605058134088
96,4,"incong/post-err",3.11502904088862,2.31104041625,3.95040214525,1.30330282353945,1.19928035565096,1.41598790386139
97,4,"incong/post-err",2.94562566956244,2.074581912,3.824707523375,1.30710160540924,1.21022995323437,1.41587495761154
98,4,"incong/post-err",2.14326430718148,1.25233728795,3.04842225025,0.92046136249904,0.846729158120024,0.999772081212942
99,4,"incong/post-err",5.93692701920541,5.15025675835,6.752973748275,1.48998629694088,1.37004706942932,1.62053613909014
100,4,"incong/post-err",2.99548757226092,2.17134250535,3.8232712455,1.38002710355592,1.28358263376354,1.48509984612404
101,4,"incong/post-err",3.96484065967679,3.1799036465,4.7476617015,1.5963625798372,1.45838323202926,1.74381960374967
102,4,"incong/post-err",1.8177232603868,0.854333135375,2.803914616,1.24034102535868,1.13772720759739,1.35238315348795
103,4,"incong/post-err",1.25774566127274,0.16268780025,2.37934033375,1.28523207190822,1.17673425650235,1.3963884895291
104,4,"incong/post-err",3.22293522138691,2.322275888775,4.125729235625,1.37441131312991,1.25541828876077,1.50291612846169
105,4,"incong/post-err",2.80145838953165,1.98332668325,3.62651930325,1.25405748905234,1.13334324644866,1.38347596626697
106,4,"incong/post-err",3.06980032157612,2.30945490695,3.82099545275,1.52085666291803,1.40365084050539,1.64867570512376
107,4,"incong/post-err",2.23407448470678,1.386531743,3.07575490675,1.15436725205734,1.06206899463716,1.25169839871734
108,4,"incong/post-err",3.07990817053756,2.08177277725,4.05815760975,1.41947171113469,1.31148215165662,1.53770787931252
109,4,"incong/post-err",4.71485351336408,3.99749816075,5.4093526205,1.48465366954586,1.37080860908919,1.60249863839587
110,4,"incong/post-err",3.55963863773353,2.740585961475,4.37873119925,1.14414504999399,1.04970920446483,1.24837004598212
111,4,"incong/post-err",4.82791464040864,4.13234732788,5.51517732775,1.63763504613062,1.51708032311749,1.77200407797769
112,4,"incong/post-err",2.80176960335628,2.110056814,3.517590647,1.41192497548843,1.30126881777503,1.52948625966601
113,4,"incong/post-err",2.45261582494276,1.65997775625,3.270978466425,1.20508389156064,1.11175645144747,1.30727371035316
114,4,"incong/post-err",1.79453911370392,0.850643259,2.73022159325,1.21618208164919,1.09705731071651,1.34439284293566
115,4,"incong/post-err",2.29397130661439,1.301694873,3.23774239595,1.11683848833567,1.02308973726596,1.21575329125587
116,4,"incong/post-err",3.38781480170196,2.4546653381,4.252714459,1.57892878155388,1.44741520996807,1.72115936162998
117,4,"incong/post-err",1.24892239780087,0.2774835334,2.1969247585,0.938453015434683,0.867343569826334,1.01772327389645
118,4,"incong/post-err",4.04180990080436,3.2454137512,4.8358676845,1.58632183856394,1.4852448318552,1.68830018465804
119,4,"incong/post-err",2.65206351616547,1.718273924,3.60797406525,1.53587899785059,1.40297959139306,1.67485134215422
120,4,"incong/post-err",3.31093261623139,2.596939870975,4.05666708825,1.37357913547566,1.26483969189014,1.48725143779467
121,4,"incong/post-err",2.35110525420421,1.4340994535,3.271208972925,1.35922815584221,1.25872207630147,1.46892822179732
122,4,"incong/post-err",3.01370125616863,2.161930038045,3.819064153075,1.32778011260382,1.21931823449099,1.44161186958541
123,4,"incong/post-err",3.00692815055338,2.147565742275,3.861694166825,1.19896267321505,1.09848623196094,1.30996591684305
124,4,"incong/post-err",3.2986284977917,2.5354224901125,4.07547678075,1.26025300358929,1.16239407104679,1.36846177108529
125,4,"incong/post-err",2.39736088419528,1.558220163,3.2602691395,1.05633278304925,0.979200510326497,1.1399613349493
126,4,"incong/post-err",1.21287327964913,0.2638489794,2.12980657,1.02307258102677,0.9421883177501,1.11426632695294
127,4,"incong/post-err",3.1765085128116,2.380914345,3.9760406265,1.22644074689566,1.11875439612535,1.34436775801497
128,4,"incong/post-err",2.22332016999606,1.30915350675,3.19235872425,1.07440007256394,0.992455078351886,1.16570536355116
129,4,"incong/post-err",2.66443484164393,1.7560889972,3.577271121875,1.1882725461629,1.09888701538284,1.29279654789458
130,4,"incong/post-err",2.2519673935547,1.3981102993,3.08984337765,1.15850042033652,1.06457206339803,1.2605718245205
131,4,"incong/post-err",4.48206329109599,3.725048563525,5.265584344,1.61503284754633,1.4850953977479,1.75411064304498
132,4,"incong/post-err",1.96853228854614,1.0394248588,2.88037368,0.993919171318892,0.915740899607543,1.08240998776432
133,4,"incong/post-err",2.64423134242454,1.81609044335,3.4418338568,1.30506359659852,1.20622587195081,1.4115307003702
134,4,"incong/post-err",3.90165201816876,3.116430273225,4.69680630775,1.32921634945819,1.21773246442055,1.44791588826576
135,4,"incong/post-err",3.2914358584896,2.2989231155,4.2370445605,1.3228237709424,1.19880536654799,1.45848281983281
136,4,"incong/post-err",3.19814192889673,2.3873074473,4.02552889875,1.29535158408927,1.20645317082672,1.39127442925658
137,4,"incong/post-err",2.8642888374418,2.15034557325,3.5694293135,1.26828001643923,1.16927489732012,1.37431028092945
138,4,"incong/post-err",4.27265356274749,3.586196561375,4.9462675925,1.36826255101527,1.26550342432521,1.48072617617016
139,4,"incong/post-err",2.8141209425839,2.018113879365,3.62350856375,1.30661708279816,1.21097140378019,1.41246305069371
140,4,"incong/post-err",3.3906347045153,2.532306235625,4.22141615085,1.21544021374257,1.1213953490438,1.31389958566657
141,4,"incong/post-err",0.517658221099812,-0.540078037,1.5875389785,0.938622978160375,0.865370086194062,1.01761232083085
142,4,"incong/post-err",3.04679545776716,2.199761511,3.9190954495,1.41724925959965,1.27424789666702,1.57784343066375
143,4,"incong/post-err",1.82989814576693,0.85844062175,2.8189021563,1.12403965208142,1.03861210876428,1.22017050927173
144,4,"incong/post-err",3.14404485029995,2.353181532525,3.92611698975,1.26013531420242,1.15851157759679,1.36469557406583
145,4,"incong/post-err",2.58851997490992,1.7500942539,3.433837526,1.14937145453587,1.06264973191219,1.24379299679349
146,4,"incong/post-err",2.1461361344132,1.26133343105,3.05795110175,0.956486867178343,0.888313337078182,1.03005621635557
147,4,"incong/post-err",2.36839427919186,1.358801399525,3.387278379,1.58668654020168,1.46210573149988,1.71537708635924
148,4,"incong/post-err",2.37250537186453,1.4851735337,3.24860545075,1.34216264045589,1.24692506720485,1.44701235789683
149,4,"incong/post-err",3.13403140975807,2.38531264155,3.85969613475,1.37077133512978,1.27693551721538,1.47194797741721
150,4,"incong/post-err",2.35010433091075,1.50231113495,3.197942338,1.32536674764265,1.22980941022474,1.42892527705204
151,4,"incong/post-err",1.87195496595501,0.944104331499999,2.8278814375,1.42645735803695,1.28954797227828,1.57513513603698
152,4,"incong/post-err",5.0796706825081,4.2769796755,5.89913671275,1.68543134347794,1.56124747441692,1.81710401119706
153,4,"incong/post-err",3.38621957289109,2.48017235435,4.28397730975,1.50753800274683,1.38741866984223,1.63196225750697
154,4,"incong/post-err",2.11726737606831,1.270825011725,2.9680944365,1.18275320049714,1.09713190673014,1.27420237113626
155,4,"incong/post-err",1.3064544203061,0.4352244471,2.20099001195,1.09168493532315,1.010274385156,1.18334152956831
156,4,"incong/post-err",2.15771174295508,1.22850558595,3.0934845235,1.00162089791322,0.912848624780577,1.09664897846861
157,4,"incong/post-err",1.31090001473268,0.420191893,2.1885943215,0.931882507393984,0.852357498223208,1.02131288079575
158,4,"incong/post-err",3.90896719765697,3.08238576225,4.740891655,1.48196341745488,1.3353592003682,1.64310361950383
159,4,"incong/post-err",2.10981277603932,1.22451409,2.962443534075,1.16066270396181,1.07794038243529,1.24781676946147
160,4,"incong/post-err",1.95945525150612,1.066042004275,2.87430285425,1.22579487246089,1.1254190330743,1.33190124042033
161,4,"incong/post-err",2.5256759786922,1.51073464025,3.50741763375,1.45344528034831,1.33991503863505,1.57916859110587
162,4,"incong/post-err",4.04081915640921,3.23172620665,4.8208845605,1.40562648781941,1.31902733763396,1.49525019439748
163,4,"incong/post-err",1.9198303541046,1.002843842,2.8347338805,1.17219003463976,1.09154136642052,1.25777678855965
164,4,"incong/post-err",5.54664392279669,4.7204092394,6.35282587975,1.49289281304312,1.36778199111593,1.62141503283677
165,4,"incong/post-err",2.9090033699565,1.981172498075,3.85266669175,1.21442538433313,1.10560265595223,1.334068234255
166,4,"incong/post-err",0.2285993600111,-0.886852489,1.37608077925,1.11466789026517,1.0181215139301,1.22305680491187
167,4,"incong/post-err",1.15123772328633,0.101680805,2.1887365309235,1.12537583588702,1.03881353955578,1.22061313999596
168,4,"incong/post-err",2.66682781728778,1.880036586425,3.45341713975,1.27995991650289,1.17708251106193,1.38477229894243
169,4,"incong/post-err",3.53750478769702,2.66548309875,4.396563237275,1.69304986722137,1.57502892707389,1.81794153329542
170,4,"incong/post-err",1.81822458243601,0.908499328525,2.68612812525,1.16642978022477,1.07521117162674,1.26876736514617
171,4,"incong/post-err",2.29189968333318,1.33535981265,3.21358127575,0.982250418063765,0.895231131338307,1.0756341707011
172,4,"incong/post-err",2.53611718158055,1.55023996935,3.5319964195,1.20215002848424,1.1016830660631,1.3087162389176
173,4,"incong/post-err",3.16384673864666,2.36422029655,3.93716280635,1.43428631106654,1.32441214577329,1.55354183718964
174,4,"incong/post-err",1.17576930327389,0.2410025772,2.121506827,1.03146167669299,0.947257169990704,1.11931432206023
175,4,"incong/post-err",2.25835867063575,1.377034818425,3.124629583,1.11426507597614,1.02392004350187,1.21225492064983
176,4,"incong/post-err",2.2438628524722,1.39005854215,3.0980239865,1.28535609805187,1.18935302404705,1.38942323221693
177,4,"incong/post-err",3.48524947102606,2.744444082075,4.23899220325,1.55426417308086,1.44289955160882,1.67337735632212
178,4,"incong/post-err",2.31236950888845,1.386306256425,3.23733408825,1.163189612922,1.04575319017129,1.29317264343529
179,4,"incong/post-err",1.99360945115115,1.1330555493575,2.856117918,1.1435237198147,1.05615284484874,1.24158305209219
180,4,"incong/post-err",2.30016392998829,1.395589732325,3.2187921335,1.03054707590587,0.940847342971671,1.12761865362992
181,4,"incong/post-err",2.32300192112951,1.4698570315,3.19434460125,1.01468232695726,0.92268394167205,1.11292555486941
182,4,"incong/post-err",2.28036782150991,1.37002772975,3.1811112765,1.2669788640446,1.16403316277856,1.37909996656235
183,4,"incong/post-err",1.5388281758916,0.6577480785,2.410070254,1.08939438824955,0.995786298552439,1.19356578197582
184,4,"incong/post-err",2.624401029151,1.79422636435,3.51299602675,1.2452671545261,1.15110746129563,1.34383041167368
185,4,"incong/post-err",2.39903046999092,1.46127871575,3.325724692475,1.47805675990333,1.36268977820371,1.60853496730673
186,4,"incong/post-err",3.08494358107028,2.264562292725,3.92975713375,1.22770363149883,1.1367566990486,1.32758929639073
187,4,"incong/post-err",2.2992785848212,1.521740337,3.118595364,1.34341896299464,1.2401603008473,1.45229449832158
188,4,"incong/post-err",5.03217598193594,4.0597685545,5.9804197113,1.64943286267843,1.49443134450564,1.81917804359443
189,4,"incong/post-err",2.8433215552858,2.0146444535,3.65457813,1.32641611344344,1.22620674199795,1.43366498054486
190,4,"incong/post-err",2.83055321260295,2.0548119575,3.62663067625,1.31588077122169,1.20544205338771,1.43718100350952
191,4,"incong/post-err",3.04993880711991,2.3065659109,3.80611499275,1.41601910384458,1.29734034561004,1.54199718597958
192,4,"incong/post-err",1.09699373974699,0.136931024475,2.08594095925,1.00611934370132,0.934758936841033,1.0811881851469
193,4,"incong/post-err",3.79073493074005,3.0654260473,4.50192675275,1.48681429411639,1.37167809417596,1.61338255900507
194,4,"incong/post-err",3.14822988821289,2.2569747487,4.025844942825,1.16413154636242,1.06579112251621,1.27539238137303
195,4,"incong/post-err",2.45741031933035,1.61002037585,3.28766965625,1.19292155228237,1.08772342021427,1.30424870455657
196,4,"incong/post-err",3.05680454903734,2.0746505895,4.02282158025,1.14870034124009,1.0253881462873,1.28867159647544
197,4,"incong/post-err",4.1491181002055,3.33079156125,4.96941244675,1.41934636834773,1.31209654099256,1.53188150617633
198,4,"incong/post-err",3.07080855004278,2.26202078285,3.851016702175,1.5581344593069,1.44871819129946,1.67574440067744
199,4,"incong/post-err",3.07383294437231,2.19256564925,3.91092225025,1.31354601024873,1.20940006269343,1.4275506941447
200,4,"incong/post-err",2.02439835891524,1.158934749375,2.89148136975,1.23957065247652,1.13678413386905,1.34996135785788
201,4,"incong/post-err",1.35698304877069,0.45342914345,2.2951398475,1.04526332625084,0.930037305754944,1.17817041507758
202,4,"incong/post-err",2.33361752207608,1.342316206,3.28805565502,1.64661821176699,1.51851141954895,1.78254188929117
203,4,"incong/post-err",1.11122407268668,0.0474775674749999,2.18020557575,1.20306659914081,1.10975751882623,1.30245829388602
204,4,"incong/post-err",4.0972453599191,3.22591354835,4.99593921675,1.50857975832323,1.39461875076548,1.63464604244235
205,4,"incong/post-err",1.59550474455692,0.655463309,2.53451253875,1.03282432891045,0.947546032115262,1.13217714182537
206,4,"incong/post-err",2.0429337185304,1.035120259775,3.0096902605,1.00872870132084,0.925012731947042,1.10322573279882
207,4,"incong/post-err",3.36576248689086,2.583376566175,4.1414865185,1.54800849096797,1.43815926404671,1.66105976694136
208,4,"incong/post-err",2.73126074322227,1.850695300175,3.6043602215,1.40791614975836,1.30454682673831,1.51524992584529
209,4,"incong/post-err",3.9004418333066,3.109042556,4.6702651605,1.53047089894328,1.41543777499531,1.65568145323195
210,4,"incong/post-err",4.50026210033616,3.659869226725,5.33240857375,1.27404362913007,1.15817740812361,1.40233427005648
211,4,"incong/post-err",2.06897590161294,1.034832622025,3.06688355375,1.06985583225533,0.989815056992248,1.15680445396741
212,4,"incong/post-err",1.83525336740598,1.036795399375,2.624445435425,1.26805216930161,1.18648592083985,1.35076670430358
213,4,"incong/post-err",2.12154027754609,1.294530399625,2.95920460275,1.21664372570086,1.12575514578977,1.30997105029226
214,4,"incong/post-err",2.62717074793868,1.63048702175,3.65372987375,1.14106319631584,1.04725676479369,1.24408003827918
215,4,"incong/post-err",1.95457892741476,1.0592163155,2.8392360825,0.829943723258326,0.764739017636747,0.900426490050857
216,4,"incong/post-err",2.15156565457829,1.2297056715,3.04219798675,1.10945566241619,1.01641535283743,1.2137203111368
217,4,"incong/post-err",4.55304615534297,3.830774788,5.25982162155,1.54439689310739,1.42145516801507,1.68278129826709
218,4,"incong/post-err",3.00732232745902,2.113977685275,3.88397529345,1.26511117328156,1.14850874033653,1.38807830736102
219,4,"incong/post-err",3.6289305233358,2.85435604273,4.40635817225,1.50462452506467,1.39477760663319,1.61657640276186
220,4,"incong/post-err",3.80959137703069,3.09237029975,4.539908586,1.37397739338323,1.2748183172317,1.48023987520769
221,4,"incong/post-err",3.54976340203626,2.68175522075,4.38391667925,1.42495328250111,1.31886017345686,1.53659169258807
222,4,"incong/post-err",4.45260846865137,3.64554216125,5.25337411975,1.19504518787927,1.09548138646605,1.30188899701843
