"variable","mean","median","sd","mad","q5","q95","rhat","ess_bulk","ess_tail"
"lp__",-4967.32947845,-4967.545,23.231669354137,23.4120331200002,-5004.763915,-4929.300735,1.00455897227581,531.138364975098,1171.55985201059
"beta_nu[1]",1.0597111757,1.0592376,0.0321559829622656,0.0317290484699998,1.00634409,1.11488945,1.00021388600832,1173.40064060909,1552.62224824406
"beta_nu[2]",0.646609965455,0.646325325,0.0590401622263009,0.0544928740440001,0.545882421,0.743786309,1.00341057654074,341.116653020097,516.754541195304
"beta_nu[3]",0.4212440817,0.420452015,0.0391262329203669,0.0390580147019999,0.3566686195,0.4881204225,1.0035244218249,573.351028869315,953.258166673885
"beta_nu[4]",0.1622117455585,0.161332285,0.0374686527519127,0.037323016878,0.103277858,0.224570437,1.00048301136716,700.467777445778,1205.99993369026
"beta_alpha1",0.575510954935,0.575436295,0.0124218820850551,0.0125416692240001,0.555406152,0.596202246,1.0004081189241,848.349568356195,1079.57647609126
"beta_alpha2",0.0222523382703,0.022283305,0.00619462687844868,0.0063038335815,0.0120609428,0.03222211205,1.00109195512225,3179.46808770967,1728.05247331924
"beta_alpha3",0.0458967381765,0.045935342,0.00518842542319342,0.00504418993470001,0.03744676165,0.05441279115,1.00247415042411,3467.31305278551,1655.42332947557
"beta_tau",0.497725126445,0.50050114,0.0908314398429237,0.091307714946,0.345845321,0.6402864455,1.00145409780456,1589.85422998032,1193.18267364315
"sigma_nu_c",0.522125567715,0.519863915,0.0437319201810545,0.042323359659,0.451876508,0.5976784505,1.00933709059548,458.252748161305,932.898558705645
"sigma_nu_r",0.31446679777,0.312649995,0.0288678643749427,0.028233648471,0.2685866975,0.3645217905,1.00184657657605,651.746531578378,1196.86875522196
"sigma_nu_cr",0.29687409646,0.295637795,0.0320552409986549,0.031673258232,0.2482123845,0.35025306,1.00069934147061,835.840324906181,1232.78932454203
"sigma_alpha_intercept",0.0798528751465,0.079401983,0.00757282431095792,0.00745925415480001,0.06811059345,0.0929865931,1.0000454119422,829.079787883267,1215.33773087514
"sigma_tau_intercept",0.0451931374259785,0.0315657595,0.0435050657875634,0.03366378653967,0.0020012388,0.1342536645,1.0013093752128,1193.37025084115,1070.30047267081
"z_nu_c[1]",2.50688737655,2.48829015,0.355255050192652,0.35665588686,1.964565385,3.1308174,1.00308799194515,953.926463260733,1181.28790871285
"z_nu_c[2]",-1.72110431856,-1.71703335,0.350399932657914,0.3535489503,-2.309055425,-1.15335526,1.00218560931946,1730.30895165818,1344.71384988867
"z_nu_c[3]",0.48564177962105,0.481218095,0.401676128925691,0.385570308186,-0.17286168,1.14455259,1.00113175812617,1422.9295331381,1385.12580057009
"z_nu_c[4]",0.20319658488799,0.201891335,0.366663662731649,0.361690633374,-0.4165229105,0.8106336345,1.00097478684419,1660.29424033798,1830.16107075126
"z_nu_c[5]",-0.22894366593256,-0.237190565,0.349867047760035,0.3423817076148,-0.8053319255,0.3370377135,0.999958174721509,1321.17778173138,1395.37666336577
"z_nu_c[6]",-1.053439715361,-1.0384863,0.379936193999996,0.368658171378,-1.676498455,-0.446801048,1.00304593505547,1425.72879501363,1514.07352696458
"z_nu_c[7]",0.299000748085511,0.29960114,0.306721075363752,0.300336308769,-0.2164887765,0.812973152,1.00105536555738,1341.04252276018,1321.63433094904
"z_nu_c[8]",1.502378607875,1.4904174,0.328974999916516,0.32269092933,0.974454182,2.05876909,1.00115332869544,1194.54895785685,1367.80333123027
"z_nu_c[9]",-0.3109493901094,-0.315361465,0.336024099232783,0.328850428095,-0.869264404,0.2534030845,1.00012995621413,1282.08889609596,1168.63028935202
"z_nu_c[10]",-0.201617578303675,-0.1949367,0.344388524792878,0.3354339645447,-0.765739783,0.363697738,0.999823807799908,1481.69885276004,1191.68115474482
"z_nu_c[11]",0.452364472558065,0.44413817,0.385916761518823,0.389379819234,-0.169641832,1.1032008,1.00021522470325,1686.48113109219,1563.02152819472
"z_nu_c[12]",-0.319985284805085,-0.32110658,0.356246897839612,0.3531972101217,-0.897596729,0.266713646,1.00242298463411,1464.67778796223,1493.7123043345
"z_nu_c[13]",-0.47872796031826,-0.479627275,0.346698037360168,0.347232451608,-1.049168325,0.0790537414,1.00083999153668,1601.66190753166,1232.9164076592
"z_nu_c[14]",0.585187811257124,0.57959797,0.328277532434184,0.326386109679,0.05844667725,1.15197171,1.00043548569286,1360.40535391215,1409.54653197629
"z_nu_c[15]",-0.21534386400933,-0.231411645,0.351067121505724,0.35397724564125,-0.7617705615,0.374519059999999,1.00273439941529,1505.86630331757,1779.24556274793
"z_nu_c[16]",-0.50214500872177,-0.49960141,0.322548134659373,0.315853185543,-1.03848364,0.0360978150499999,1.00329944739607,1675.70021043848,1377.4032749172
"z_nu_c[17]",3.0695903628,3.0583545,0.4123543185513,0.40660023306,2.41111915,3.750411165,1.00498043430805,980.750963328142,1113.85291046226
"z_nu_c[18]",-1.370669275826,-1.36065925,0.356366384732206,0.34550332488,-1.969453995,-0.7875805275,1.00066743930334,1488.87191840889,1289.9328886137
"z_nu_c[19]",0.92491318162045,0.91561858,0.339128531391099,0.32621966559,0.379537347,1.501271815,1.00259068259888,1593.54966726647,1514.62162553271
"z_nu_c[20]",-1.3426094863125,-1.33448655,0.434447317331528,0.42435147699,-2.06740818,-0.635495083,1.00270639204851,1450.65086396825,1402.64223640045
"z_nu_c[21]",-1.0016550697998,-0.99790259,0.446327312767678,0.45255720069,-1.721631805,-0.2726395425,0.999557924869982,1242.86017343399,1351.12537782935
"z_nu_c[22]",1.630031869155,1.6244831,0.31515483096558,0.30285767022,1.115201845,2.15271795,1.00367019821405,1033.89263596111,1359.4671266826
"z_nu_c[23]",-0.03534645279872,-0.043575451,0.391754074121286,0.384449173479,-0.6625810245,0.6193730115,1.00142316358005,1623.92915072712,1375.03091691631
"z_nu_c[24]",0.9870677967107,0.972429935,0.3702686831303,0.371269526649,0.380036827,1.61103728,1.00087173095503,1227.25086187081,1418.41155458097
"z_nu_c[25]",-0.518140999062625,-0.520868325,0.364529924150148,0.354064880274,-1.09892788,0.109406962,1.00008857803189,1431.95662639245,1555.30840230207
"z_nu_c[26]",0.01759269007552,0.018297059,0.366765311343703,0.362871628056,-0.586101619,0.62781963,1.00134508630552,1710.07232079468,1542.24239302782
"z_nu_c[27]",0.53645058496251,0.53459385,0.300957605219202,0.296348826417,0.05435391495,1.036837045,1.0006263506352,1336.38911718577,1327.79955391176
"z_nu_c[28]",-0.15797293223249,-0.157411025,0.337798462563478,0.325988402229,-0.7039648805,0.4116445945,1.00197229234182,1468.00962805687,1504.2719412847
"z_nu_c[29]",1.39360574391,1.39557915,0.324764041394869,0.32601076725,0.8587739525,1.93717945,1.00320652962204,1307.72457468932,1373.00259520827
"z_nu_c[30]",0.179620712732725,0.17182313,0.337297291423644,0.3257808730701,-0.373100847,0.7511484565,1.00216242258463,1417.8805595523,1325.29332529048
"z_nu_c[31]",-0.7807880574867,-0.77813392,0.405082685171625,0.407543878308,-1.45270793,-0.134697795,1.00100380471306,1389.32439040142,1474.26236780205
"z_nu_c[32]",1.458525063155,1.4508202,0.327293342881521,0.3316924611,0.9319656045,2.010142895,1.00571828213369,1343.51067347922,1508.77327495428
"z_nu_c[33]",-0.52700566608921,-0.524805285,0.335483699824461,0.32814081867,-1.092362565,0.0153706184999999,1.00140060858868,1454.25725948911,1197.66422289378
"z_nu_c[34]",-1.894474864515,-1.9030565,0.398207501057804,0.39139298247,-2.516196505,-1.23061771,1.0010709463878,1337.11183714021,1497.14381945286
"z_nu_c[35]",-0.08854813931532,-0.10394238,0.355137437544935,0.359047928526,-0.6416574945,0.501069733,0.999983843601363,1638.9509435002,1307.14948930492
"z_nu_c[36]",-1.362135714065,-1.3593736,0.312476691227164,0.30937058376,-1.86628953,-0.8592799635,1.00066481309365,1130.81577647429,1346.11387831563
"z_nu_c[37]",-0.0690035126603145,-0.0711218535,0.361593265230622,0.3592304091579,-0.63259902,0.519108285,1.00156137556367,1476.93441463335,1145.23529004162
"z_nu_c[38]",-1.90139591383,-1.8833555,0.450747119791514,0.43648359279,-2.65848612,-1.15987473,1.00031919406892,1451.85897451486,1489.1307596252
"z_nu_c[39]",-1.19868682758975,-1.20267115,0.471482662400832,0.46037976894,-1.965568725,-0.435269725,1.00217299626303,1491.34128073963,1454.27368575702
"z_nu_c[40]",-0.43423710068322,-0.437313975,0.343117162777113,0.353097624621,-0.9855073945,0.136695354,1.00176799532154,1296.31382252232,1396.79472742161
"z_nu_c[41]",1.774204242445,1.76154345,0.365731658852358,0.36150473016,1.17773047,2.375884205,1.00865502063201,1173.46915203403,1525.93141358079
"z_nu_c[42]",0.9592782506068,0.950642715,0.361835599496539,0.360620855931,0.382066073,1.56548911,1.00191448315668,1368.07210000672,1225.14128987568
"z_nu_c[43]",-0.7270991405719,-0.719687505,0.362782151292539,0.359869385295,-1.31913733,-0.137745319,1.00095633114676,1395.07682237854,1469.95598933266
"z_nu_c[44]",-0.595331503331985,-0.591784545,0.345367397181856,0.341140678011,-1.173275505,-0.0328842601500001,1.00169356967949,1542.57780794481,1624.13177751628
"z_nu_c[45]",0.72407287413415,0.732218065,0.334478307578845,0.330423785454,0.187388638,1.285963135,1.00073193676504,1254.2217485882,1576.41758454527
"z_nu_c[46]",-0.093029501457795,-0.10070646,0.337527085823658,0.332705580984,-0.631799217,0.4514778915,1.00262026114516,1356.89161630263,1292.2006092316
"z_nu_c[47]",-0.329291695752054,-0.32928807,0.348412017475732,0.3497119407285,-0.916961961,0.227605824,1.00030303969808,1399.87561399283,1194.50211215447
"z_nu_c[48]",-0.007886411319375,-0.00196447825,0.363081580399325,0.35641186313145,-0.6106678875,0.603232071,1.00110800606348,1547.70975983233,1388.02400094014
"z_nu_c[49]",-0.09162124376931,-0.0984027855,0.344863519321085,0.3426345761643,-0.653476439,0.4825502065,1.00081200600478,1317.77970257961,1308.45195647837
"z_nu_c[50]",-1.46659278925,-1.463954,0.411249218406277,0.41469723057,-2.144658325,-0.8013692015,1.00015442597713,1673.83741039976,1771.31719673283
"z_nu_c[51]",-0.27311660386687,-0.268275345,0.366095602862403,0.370499315949,-0.886919643,0.296479649,1.00021245131795,1537.05841138217,1531.71147917689
"z_nu_c[52]",0.034445738090779,0.025448186,0.330705083889882,0.332651369715,-0.519553154,0.5840671335,1.00230866739099,1186.30861035695,1287.40014851029
"z_nu_c[53]",-0.4680778656118,-0.471777215,0.416391084927791,0.42904242339,-1.170902275,0.210700101,1.00063735148841,1534.0982251814,1429.56798792066
"z_nu_c[54]",0.115046715546963,0.11324711,0.337318769124547,0.333897413472,-0.4349539245,0.665271952,1.00115939185214,1508.2309117548,1187.22819209086
"z_nu_c[55]",-1.4277797893855,-1.4214512,0.393100432431732,0.38269160307,-2.071749375,-0.8005177815,1.00067523981052,1502.74108132306,1330.73020473485
"z_nu_c[56]",0.668788102813415,0.656745385,0.308658667288891,0.310512600888,0.171097671,1.180879985,1.0003971108918,1367.84464231502,1767.02260817795
"z_nu_c[57]",-0.0859719418696178,-0.090641922,0.31365769729079,0.309040905411,-0.609843411,0.4192954745,1.00161547800818,1365.01115388218,1391.95343584456
"z_nu_c[58]",-0.48245448186586,-0.47972024,0.442998003259832,0.43967199822,-1.20674909,0.263633997,0.999657001158978,1830.79368449452,1714.36273472179
"z_nu_c[59]",-0.16678462674851,-0.169788835,0.370294015667444,0.3702193210086,-0.7700779345,0.426887608,1.00196711809834,1914.11449044632,1501.91097439481
"z_nu_c[60]",-0.328027358869372,-0.34295804,0.494154443963688,0.4885808980626,-1.1408087,0.4856179645,1.00234819556277,1221.5405669765,1309.70138299723
"z_nu_c[61]",-0.736089975256475,-0.740866,0.410947392251109,0.409241529438,-1.417849775,-0.0726401682000002,1.0020749768698,1516.17613780806,1470.41853325645
"z_nu_c[62]",-0.57032526188192,-0.562240515,0.365745433132662,0.364916800626,-1.17547399,0.0258104328999996,0.999646202588751,1630.14145776213,1506.75719622034
"z_nu_c[63]",-0.057498406855885,-0.0635302805,0.332589560568425,0.3231808033503,-0.602999852,0.489933867,1.00229628132516,1101.40058878862,1319.69583949906
"z_nu_c[64]",0.475499381907188,0.47641976,0.305061538132147,0.298912197339,-0.02613272925,0.976469138,1.00207769471641,1144.9645672274,1325.19132905302
"z_nu_c[65]",1.0971864120695,1.08425205,0.35698551877883,0.36351528402,0.508336396,1.711883595,1.00071995668912,1330.6527039068,1593.18210108454
"z_nu_c[66]",0.5532730030814,0.54606833,0.354959275695331,0.341554108434,-0.010615389,1.134687655,0.99966474209339,1805.41087404268,1580.52326948272
"z_nu_c[67]",-0.016832934486725,-0.0305224425,0.527741981983011,0.5176696160685,-0.885578772,0.84959978,0.999868591553839,1397.92789939519,1421.70121050652
"z_nu_c[68]",-0.527959998206585,-0.539732625,0.383521673582904,0.368531868684,-1.168549925,0.09997309625,1.00018792530867,1710.82439123683,1586.69244076794
"z_nu_c[69]",-0.638132131521,-0.632725085,0.337868564325849,0.336823124421,-1.216654135,-0.0927479407500001,1.00225533752533,1449.00642639807,1635.908025903
"z_nu_c[70]",-1.127702691216,-1.1247135,0.405182309897286,0.396730557447,-1.798104295,-0.451570011,0.99947239132468,1674.93968785191,1626.78548138645
"z_nu_c[71]",-0.175388299599697,-0.177645525,0.343026139346947,0.3255052065804,-0.7591261775,0.38255664,1.00015885750937,1618.64620270388,1309.03268963049
"z_nu_c[72]",0.346716521292585,0.341180355,0.353360087754466,0.343198608354,-0.244840847,0.933920909,1.00080437402598,1673.37355088713,1369.27840619069
"z_nu_c[73]",1.60487560067,1.6038817,0.346685142607436,0.34174997472,1.05735972,2.188170855,1.00279375086907,1056.71668492968,1315.47331082162
"z_nu_c[74]",1.32576196642,1.3127751,0.380487902536503,0.37694904849,0.691836871,1.957837345,1.00259860161233,1384.57542977916,1578.09510131929
"z_nu_c[75]",0.33351795457009,0.3381291,0.309135466306075,0.307524791238,-0.1784104935,0.8355613985,1.00436535170995,1304.62543615162,1285.25530979035
"z_nu_c[76]",-1.366071337688,-1.37233525,0.387687685835159,0.38954699721,-2.001901225,-0.7317785485,1.0010648025903,1534.28483211151,1535.17149558453
"z_nu_c[77]",0.054960376882845,0.04738116,0.361416675505733,0.366909822741,-0.5281350055,0.654020477,0.999878411413977,1511.37251252921,1652.74892065917
"z_nu_c[78]",-1.916224394035,-1.90484355,0.394111095117354,0.38801599032,-2.580361975,-1.288762995,1.00138177946382,1052.04818364005,1322.01107342394
"z_nu_c[79]",-0.313094277162185,-0.320006385,0.392351027221867,0.3928876070973,-0.957646311,0.3257053265,1.00039796844738,1503.25735867478,1433.92379537008
"z_nu_c[80]",-0.50771608107179,-0.498704235,0.355759050415395,0.344884954659,-1.09159685,0.0692589810999996,1.0003583382068,1518.84246967242,1237.97987723792
"z_nu_c[81]",1.41464163438,1.41032555,0.31025844969807,0.31321889445,0.922080679,1.933123125,1.00491453486046,1027.05373225683,1388.47030217636
"z_nu_c[82]",0.5955746439567,0.5898687,0.329988788204745,0.332834663553,0.05266571315,1.140100675,1.00115385159702,1347.57499393397,1086.82531643631
"z_nu_c[83]",-0.176958042863585,-0.17851568,0.33786170535534,0.3330570876528,-0.745935147,0.376646107,1.0003940477402,1524.86966315771,1573.75761228122
"z_nu_c[84]",1.562881720905,1.55687545,0.31462297978652,0.31711768767,1.05653687,2.094338345,1.0067585153076,967.147570244978,1446.15785038114
"z_nu_c[85]",0.167249103221805,0.156987225,0.337158967218976,0.332036542908,-0.3936512225,0.730257808,1.00067221063081,1231.16847143333,1385.92340461375
"z_nu_c[86]",0.0434630319333584,0.0295291135,0.409612872403724,0.412973100204,-0.6328191155,0.708835334,1.00016271613404,1659.6827085824,1550.80987036667
"z_nu_c[87]",0.61736117316575,0.61564094,0.347246200210704,0.337397557791,0.0593569751,1.189127955,0.999622718545497,1605.47649520043,1390.7849783197
"z_nu_c[88]",0.8812708673842,0.870264425,0.422405599050958,0.411261060441,0.1869350535,1.595664365,1.00026788295456,1557.27210909018,1152.61248569951
"z_nu_c[89]",1.071414021504,1.06035655,0.340312719831005,0.338758139811,0.5415200905,1.62107936,1.00008704102201,1471.83535183019,1367.90912896766
"z_nu_c[90]",-0.65555443841942,-0.65069585,0.371325187372741,0.365045230851,-1.265037435,-0.05972288065,0.999954492890214,1622.96454082363,1415.70644804288
"z_nu_c[91]",0.129353398026896,0.114576815,0.344581238869836,0.343043365308,-0.436747861,0.688907143,1.0022913911155,1344.98367735181,1486.28973928417
"z_nu_c[92]",-0.02954613846878,-0.037818958,0.43563792009346,0.4280943792678,-0.7420553445,0.710598734,1.00001028050255,1935.047838778,1633.75651919685
"z_nu_c[93]",-0.22272108905487,-0.22316189,0.351906400839753,0.342262642974,-0.8050252755,0.3554046995,1.00223389660769,1590.4024037204,1190.80537870213
"z_nu_c[94]",0.87357257426245,0.859899605,0.321854778916374,0.317616797547,0.380919948,1.42753429,1.00272213632381,1194.884870217,1193.34562973902
"z_nu_c[95]",-0.291504652166545,-0.286148455,0.397113255893311,0.3735592741041,-0.9700415725,0.356883687,1.0034320189901,1287.63604179414,1455.36404665268
"z_nu_c[96]",-0.057115156985765,-0.062614033,0.323182507510341,0.311860951458,-0.587016901,0.483591639,1.00057607720081,1584.01662072556,1256.75164158758
"z_nu_c[97]",-0.469688289301365,-0.465889345,0.320017904185559,0.312508002576,-1.01579704,0.04491014325,1.0005998682065,1690.36264320485,1661.86176379059
"z_nu_c[98]",-0.428560462625925,-0.43095277,0.375816236186625,0.377949114081,-1.050829445,0.176514715,1.00000423208445,1368.66467110476,1381.93942232744
"z_nu_c[99]",0.182530977321081,0.17448077,0.356006047216667,0.3615860196354,-0.3997446785,0.795100611,1.00086151599301,1617.47372905,1617.68253458499
"z_nu_c[100]",0.481973228124365,0.475073525,0.347902619715859,0.341691019131,-0.0869981754,1.06844646,1.00119927446316,1290.81320781566,1691.76894892529
"z_nu_r[1]",-1.5421053173955,-1.5280824,0.487160474403768,0.47828483262,-2.36452009,-0.769049515,1.00021646565024,2253.965754901,1226.38920189726
"z_nu_r[2]",0.93952656282735,0.93803314,0.478713525465099,0.484145342856,0.162343595,1.74139785,1.00017703518688,2192.19772092975,1352.88460889086
"z_nu_r[3]",1.6510873878555,1.64051595,0.515117294963758,0.52333178037,0.8132206985,2.515849905,1.00040237356946,2001.81627043267,1491.8511846428
"z_nu_r[4]",0.844192873128775,0.84000846,0.493224016348156,0.499674139734,0.0384760178,1.6505319,1.00136861399342,2220.78856445273,1571.64363763445
"z_nu_r[5]",-1.59335928634,-1.58644755,0.435197975012683,0.43277449824,-2.32042395,-0.894721506,1.00286772462717,1619.21395790337,1080.05682099645
"z_nu_r[6]",0.81338208320006,0.823825345,0.478330374027682,0.464728486782,0.01329289115,1.603709405,1.00156397720138,1678.85138573984,1626.77939173149
"z_nu_r[7]",-0.243565718469674,-0.25601099,0.433861214438412,0.420184637103,-0.954282136,0.4643466715,1.00142343113273,1941.83825255773,1662.01571359883
"z_nu_r[8]",-1.01644162915975,-1.01938605,0.461089340125164,0.462407765589,-1.78772288,-0.2616436655,1.0054864239718,2050.85198377254,1316.19508314019
"z_nu_r[9]",-0.9039347999171,-0.899221975,0.430727340660653,0.420821146935,-1.61572713,-0.186775483,1.00037093115014,1996.58334884937,1418.74522441256
"z_nu_r[10]",-1.12646972016925,-1.12013035,0.457695027982411,0.462875340564,-1.890895085,-0.3696038715,1.00052728694805,2185.59211245486,1517.24687126742
"z_nu_r[11]",1.10681964843472,1.1076316,0.509250713690533,0.51174363051,0.2722068295,1.94512564,1.00420179640275,2403.82121029508,1397.38220544864
"z_nu_r[12]",0.145570458839075,0.13863248,0.450807496169075,0.439467525441,-0.6019160245,0.8900542035,1.0010317847233,2301.28377880894,1719.35411048804
"z_nu_r[13]",-1.98658864393,-1.982727,0.501118136817837,0.47672328417,-2.799730205,-1.16549862,1.00173111486358,1791.60777647886,1228.28778230066
"z_nu_r[14]",0.075247758278265,0.0797463875,0.480228263785291,0.4615041987255,-0.718169054,0.8564805265,1.00001956437891,2313.16747225232,1629.18301444355
"z_nu_r[15]",0.3513678337275,0.347474825,0.45313320708854,0.4553005629585,-0.3905237385,1.122259,0.999654497172705,1913.58844133565,1169.98468747335
"z_nu_r[16]",1.338468330875,1.3400775,0.490098884667383,0.48060636183,0.5517852535,2.15735756,1.00209210732003,2161.42334320709,1573.16648423731
"z_nu_r[17]",-1.7337386984247,-1.7301742,0.507383728067622,0.49368326448,-2.563230805,-0.9226088715,1.00255918871113,2071.22797787295,1354.74118345174
"z_nu_r[18]",-0.9257474411881,-0.93144589,0.423193378311217,0.425393262945,-1.616666375,-0.207249065,0.999955466426928,2280.93966202016,1628.6699211766
"z_nu_r[19]",0.15755725027644,0.17121626,0.498244347761442,0.466936871373,-0.6741225245,0.982933934,1.00004553098514,2723.05906863647,1183.97578105807
"z_nu_r[20]",0.581638074902545,0.57351625,0.494263749937137,0.502700207877,-0.1950339645,1.40159467,0.999821334223695,2506.52780532674,1581.14984204295
"z_nu_r[21]",0.355237349748715,0.355936715,0.477978131868791,0.4710911617923,-0.406508486,1.14380409,1.00112259624362,2464.43929466423,1298.44901137644
"z_nu_r[22]",-0.13589408370063,-0.122854195,0.461548308482639,0.475285770036,-0.901632722,0.6205529005,1.00072935969751,2572.05438384105,1701.83172110363
"z_nu_r[23]",0.5676844541276,0.565192685,0.491850826028578,0.483250022955,-0.2322029025,1.40516187,1.00076116423376,2149.37175643801,1217.30244123451
"z_nu_r[24]",1.4869959415405,1.49227255,0.525977892471275,0.54140645349,0.6146648745,2.324235645,1.00078733670319,2105.97879918088,1641.66241033141
"z_nu_r[25]",-0.803227645877865,-0.798129545,0.491808251030466,0.485612175405,-1.60619619,0.0157723067999996,1.0005219197944,2445.69958549053,1245.04156243096
"z_nu_r[26]",0.33903915009284,0.32962575,0.466680371839584,0.4725408080421,-0.406632354,1.088041755,1.00152476199153,2401.92377105078,1616.07156406487
"z_nu_r[27]",-0.78722460657025,-0.78836816,0.432917181434515,0.431791816134,-1.50043607,-0.0781773684000007,0.999158225751033,2133.69362009371,1484.92756001993
"z_nu_r[28]",0.189698847499157,0.189175775,0.455764977337707,0.451902106467,-0.5440882895,0.9547638885,1.00101091298347,2144.09814792402,1581.88196395657
"z_nu_r[29]",-0.533031780680695,-0.5318904,0.422466604529153,0.421107236844,-1.217585345,0.171731845,0.999930481677063,2904.72649646738,1327.02249335815
"z_nu_r[30]",-0.70489514266606,-0.70258759,0.427073875169223,0.418496281875,-1.417931345,0.00415179886999996,0.99943309369469,2413.92681049235,1448.01461974706
"z_nu_r[31]",-1.01984054886865,-1.00890895,0.473568162994074,0.46590868086,-1.78004056,-0.2089639435,1.00203561607655,2304.41040191562,1576.13508611858
"z_nu_r[32]",-0.564849086536305,-0.55290507,0.47743461259379,0.488103417837,-1.36473128,0.218683615,1.00133537771448,2461.6622687013,1570.50899592232
"z_nu_r[33]",-0.55604268425481,-0.545650775,0.467020288980407,0.476822240307,-1.30708052,0.191543583,0.999937163645705,2471.41851820839,1506.65661033826
"z_nu_r[34]",0.0751588963930895,0.067238962,0.483207207768479,0.4784295818232,-0.7167781515,0.915277954,1.00413440174535,2438.12815709651,1520.1463288306
"z_nu_r[35]",0.16936277495586,0.176781185,0.452217077518971,0.437481931152,-0.5713084,0.9279502525,1.00014935004661,2077.28708438532,1526.7981583352
"z_nu_r[36]",-1.702057159625,-1.6960235,0.389853216289263,0.39908278389,-2.35120902,-1.07581801,1.00109175759938,1515.44585231683,1468.14378418864
"z_nu_r[37]",0.58182985351689,0.57217875,0.476416472349647,0.46129972224,-0.1691225915,1.37812325,1.00285966350621,2178.30326706569,1499.88764358186
"z_nu_r[38]",-0.80226620217571,-0.80266536,0.43190170628538,0.426075496161,-1.50605985,-0.0785902861000001,1.00020537774827,2137.38703415971,1499.68347601627
"z_nu_r[39]",1.00774533362584,0.99350659,0.511242209198667,0.523140725121,0.1736589955,1.851472885,1.00037904707883,2039.50470033193,1467.73959312029
"z_nu_r[40]",0.182065993068773,0.17103958,0.463643010350085,0.456176761026,-0.5546380065,0.9444725475,1.0006848507431,2316.65546918069,1575.61994393698
"z_nu_r[41]",1.21996502536445,1.2103996,0.49898209403271,0.50113221753,0.3937417115,2.042341695,1.00254825208688,2081.22617112917,1656.19018952893
"z_nu_r[42]",1.00904936147405,1.0094107,0.500723077962155,0.521473986201,0.2249640165,1.826034455,1.00094934033003,2137.80373905456,1386.98389182052
"z_nu_r[43]",-1.842112930525,-1.8386676,0.479465386141189,0.45195178098,-2.60464243,-1.03816997,1.00069790225293,1938.42269381577,1251.36946150114
"z_nu_r[44]",0.280179631285194,0.287387535,0.460048947563718,0.4709188970157,-0.4612715145,1.030897665,0.99944521967204,2590.43250139573,1453.86531138699
"z_nu_r[45]",-0.025491518134541,-0.030524968,0.493388862741088,0.498117090975,-0.842849414,0.789949272,0.99952134285784,2670.93347665688,1445.23084710011
"z_nu_r[46]",0.0763913692678285,0.057249124,0.476846592959016,0.4689052882584,-0.683233959,0.897960059,1.00126855723735,2285.08790367259,1441.28356966609
"z_nu_r[47]",-0.140415578357705,-0.14800781,0.452055556635302,0.440759774427,-0.867761944,0.6175061255,1.00049071305768,2239.02424806271,1239.14302962081
"z_nu_r[48]",0.68245248907405,0.668436295,0.461216323257792,0.447844326636,-0.06544291245,1.44981519,1.00088421543233,2406.22620661731,1640.44864419078
"z_nu_r[49]",0.173335182377691,0.16705249,0.457579451991238,0.459919829355,-0.5708022035,0.930408836,0.99973182729747,2334.40039161165,1507.49526240533
"z_nu_r[50]",0.12542299003944,0.127787605,0.501448875756482,0.489236265084,-0.6830972645,0.9335818625,1.00119562121256,2239.34231753631,1499.33917025929
"z_nu_r[51]",-0.5313596224293,-0.533423075,0.435752368407669,0.424346480628,-1.25850883,0.1605887185,1.00055568832018,2481.13247029633,1616.03339758275
"z_nu_r[52]",-1.3173105357375,-1.30948395,0.443745243060773,0.44136512742,-2.041992525,-0.591277416,1.00108676969673,2482.96147251805,1470.19020177486
"z_nu_r[53]",0.54456276888973,0.54960394,0.463081877559114,0.462740816853,-0.244599696,1.30032234,1.00064125915401,2264.42287433509,1558.43687724805
"z_nu_r[54]",1.15771752807247,1.1578483,0.503319873523511,0.50414196966,0.338414095,2.014535015,1.0002060588346,2020.93939729556,1283.29778455682
"z_nu_r[55]",-0.27269329088683,-0.280254305,0.461892090855394,0.4629453682098,-1.007917095,0.4795372985,1.00359326907086,2231.22818531525,1368.51015805908
"z_nu_r[56]",-1.63876613817,-1.6359117,0.408030353808234,0.39874393566,-2.32099771,-0.963495854,0.999998029564371,1958.98647381668,1323.304690409
"z_nu_r[57]",-0.250428246187755,-0.242827685,0.466554868248836,0.4425351567924,-1.021788285,0.520712511,1.00153807624547,3034.50626466099,1352.96190413827
"z_nu_r[58]",1.085941359051,1.08375105,0.5181295979563,0.516183973032,0.237051204,1.933879845,1.00054608391195,2193.19377650311,1715.63788521438
"z_nu_r[59]",-0.87487204776145,-0.88378807,0.456495256971564,0.458836285971,-1.610581605,-0.1389994655,0.999651368214476,2174.61228144091,1556.28639002071
"z_nu_r[60]",0.349061688492035,0.34667273,0.465886047123647,0.4382426539533,-0.411051542,1.116118355,1.00061474862941,2053.79489526632,1459.64818997015
"z_nu_r[61]",0.095340000660185,0.106046095,0.5192536499066,0.527247208362,-0.754291113,0.9593354285,1.00155349086806,2595.47431353011,1605.21649523206
"z_nu_r[62]",0.045995118915354,0.045523414,0.467906920423021,0.4591798577646,-0.7054517085,0.822666774,1.00029273055928,2649.09178571188,1607.34128519502
"z_nu_r[63]",-0.220159818887443,-0.214238295,0.444183697233437,0.4426278867507,-0.944624788,0.4904977365,0.999482021567181,2317.49773679982,1573.24407288135
"z_nu_r[64]",-1.57827037336,-1.5667576,0.429399721039927,0.4213223028,-2.292475415,-0.8976739355,1.00145294379875,2155.79369579077,1425.73207687795
"z_nu_r[65]",0.40424520491483,0.39922055,0.487015092478026,0.4908407785407,-0.39301944,1.208117185,1.00073601207842,2375.27806771376,1196.46483904263
"z_nu_r[66]",0.06824829220111,0.0664424475,0.461414163984462,0.4636575492045,-0.6622213145,0.820142751,0.999710837303701,2289.98294195038,1549.06982283725
"z_nu_r[67]",2.364486328965,2.35208175,0.562325896593706,0.55152416067,1.477592415,3.298477795,0.999831501329203,2189.63816875951,1756.70012413005
"z_nu_r[68]",-0.36732548118625,-0.36517846,0.456140466921612,0.4587908227833,-1.113072575,0.3645085235,1.00040791013439,2443.54814814106,1678.43420568565
"z_nu_r[69]",-0.39333773957257,-0.391673335,0.439197604469676,0.4473146359101,-1.149736115,0.297423318,0.999551125089006,2057.20151355612,1582.08203674704
"z_nu_r[70]",0.79362211212716,0.78828775,0.513027955013531,0.53106042591,-0.0457422597,1.63630195,1.00012480017829,2246.87675370798,1530.10750772102
"z_nu_r[71]",-0.9171554422781,-0.91990428,0.438927138561446,0.435283050027,-1.646327275,-0.1707055655,1.00018911644691,2412.88603393381,1482.16672079846
"z_nu_r[72]",-0.155560205370975,-0.14489323,0.478331635828813,0.481036864392,-0.9397825485,0.6186416295,1.0014085879992,2087.45817213379,1583.70829371692
"z_nu_r[73]",0.40557904326585,0.39709637,0.48972176920317,0.4841728910466,-0.3798089705,1.22893333,1.00019846389712,2411.81359942148,1395.85886756476
"z_nu_r[74]",1.81863713301,1.79963315,0.526725303496781,0.52466663928,0.9527520885,2.667345765,0.999392434224001,2024.45363175369,1591.73052891925
"z_nu_r[75]",0.121446930585325,0.11336983,0.438964413917253,0.421733094195,-0.5948291195,0.8438782575,1.00003761428225,2244.38599144231,1611.35455955958
"z_nu_r[76]",0.72493321955045,0.719520355,0.462224305560602,0.464251971729,-0.02005242035,1.469520485,1.00246861592636,1970.74517063179,1577.83890631643
"z_nu_r[77]",-0.5011440349992,-0.53090099,0.533241281413039,0.523467786681,-1.32888102,0.400918313,1.00105093679591,1123.6451957596,1197.13232361327
"z_nu_r[78]",-0.543287513919335,-0.546640035,0.455583048685253,0.457211274828,-1.28419885,0.2125851755,1.00114005101448,2264.03351322496,1319.94532591516
"z_nu_r[79]",-0.01214158372001,-0.015800509,0.442348778698791,0.442852405023,-0.7335532015,0.707891731,0.9999719414504,2094.92885194103,1673.4531067423
"z_nu_r[80]",0.6311154242664,0.6002484,0.520823619307559,0.497041642587,-0.21768087,1.516792505,0.99957890302084,2309.69646841116,1392.45636515969
"z_nu_r[81]",0.38788847046035,0.38467364,0.444315606187017,0.4437236860476,-0.337982285,1.113875635,1.00101831021494,2170.26954137147,1459.54738639523
"z_nu_r[82]",-1.11267693420552,-1.10338515,0.437720553309573,0.449966305299,-1.84538428,-0.3988039815,1.00036040358968,2249.91673710011,1472.87314969121
"z_nu_r[83]",-0.17904702607076,-0.18020129,0.453177769406132,0.445794305964,-0.9213184225,0.558419308,1.00188400478582,2186.04551754854,1521.73145947921
"z_nu_r[84]",-0.19442110419994,-0.17944849,0.422450072410318,0.4114299241332,-0.910867033,0.479645431,0.999695752249919,1845.62015983548,1362.97630674421
"z_nu_r[85]",0.6619444052423,0.65836587,0.479401138522723,0.475593224211,-0.1220934725,1.43704212,0.999952490591152,2265.19449982455,1381.50526206993
"z_nu_r[86]",1.42672994437935,1.42421745,0.515612044897099,0.5111841714,0.6023319215,2.29953052,1.00042671416865,2229.27831995546,1572.67443280033
"z_nu_r[87]",-0.544896830517995,-0.552329265,0.498637127381293,0.486757113255,-1.34405677,0.279179525,1.00404935250591,2872.39158138021,1638.42275091707
"z_nu_r[88]",0.823181235590365,0.804953405,0.53102187512601,0.519905187837,-0.04918560875,1.69655919,1.0031511491767,2172.03782986441,1337.73522769865
"z_nu_r[89]",0.86528792072554,0.862212985,0.482580148946409,0.479456064381,0.0703282855,1.661898765,1.00287040781883,2265.65639718686,1599.03385601369
"z_nu_r[90]",1.02356384789063,1.0251969,0.483999980055596,0.481357936248,0.2440499435,1.82759742,1.00114540370836,2833.64174396764,1418.64927532374
"z_nu_r[91]",0.31636013008645,0.31899551,0.453221210511139,0.4444754650644,-0.435689286,1.06700322,0.999397485280874,2461.27414633463,1625.98399858411
"z_nu_r[92]",1.1653348263384,1.15857905,0.526960597317286,0.52420644024,0.30406886,2.05635654,1.0012560109447,2227.06286984274,1330.2144328995
"z_nu_r[93]",-0.9825621516821,-0.97427074,0.455126511533925,0.462413392056,-1.717174865,-0.2558255175,1.00191745745606,2123.96007910557,1063.72188363686
"z_nu_r[94]",0.00346051753147498,-0.00105499335,0.440661799315629,0.42688275948129,-0.7147865955,0.7530532565,1.00248319480923,2785.62459245789,1267.81646997901
"z_nu_r[95]",0.268700447218069,0.24678666,0.481574764947546,0.4787567619912,-0.499887257,1.06846347,1.00092930244372,1841.23546753177,1621.2307649742
"z_nu_r[96]",0.179267445003891,0.160427515,0.465636362476401,0.472449630366,-0.5613750475,0.981064195,0.999587257571651,2352.44856586153,1367.89542317498
"z_nu_r[97]",-0.38754642970825,-0.38351605,0.447080217093932,0.4413151689891,-1.1257529,0.3494802285,1.00491616436703,1839.87413146412,1309.22113802276
"z_nu_r[98]",0.71894445579325,0.71023807,0.49359430833052,0.500179446879,-0.0649361615,1.55092234,0.999388699546694,2573.00011442237,1405.19767645467
"z_nu_r[99]",-0.3962916471019,-0.39991836,0.465475868338813,0.4490547946647,-1.1600567,0.3573987155,1.00114234555932,2242.48913712862,1316.42465917277
"z_nu_r[100]",-1.02675558235221,-1.01076575,0.463764453779096,0.469415600661,-1.802419205,-0.28030311,0.999888969859223,2700.11854831601,1698.88557739673
"z_nu_cr[1]",1.2608357193267,1.25045575,0.49316422223237,0.496419595518,0.4380258155,2.08703727,0.999611305910618,2477.75385458403,1552.88574943449
"z_nu_cr[2]",-1.244427191516,-1.2301488,0.537707243839816,0.531954796947,-2.16055326,-0.4106917685,1.00003562576032,2144.07562218348,1448.73555006938
"z_nu_cr[3]",-0.566007158780575,-0.569388355,0.633154838155871,0.624533530047,-1.574730415,0.4660884035,0.999736197120107,1891.07641695838,1364.30709814166
"z_nu_cr[4]",0.71636965136157,0.724794825,0.574217370171723,0.570525725658,-0.2278009755,1.634988245,1.00001511254322,2317.92299963536,1463.39881437621
"z_nu_cr[5]",-0.4015570690394,-0.40270165,0.544008761536235,0.5436432061494,-1.286018415,0.4969249975,1.00082734260375,2018.41558312597,1566.55696297118
"z_nu_cr[6]",-1.28514087679645,-1.2788126,0.59451142185176,0.58422979776,-2.271776195,-0.2940585065,1.00194517577977,1952.85843203914,1734.90009922515
"z_nu_cr[7]",0.123105027520622,0.127614655,0.480330856963236,0.46940924772,-0.67247562,0.944529272,0.99963276310597,1890.44519481805,1579.51045173157
"z_nu_cr[8]",0.720511862980605,0.72081116,0.463671215483283,0.474049029594,-0.0569676401,1.50948355,1.00047645586629,2559.97749938093,1468.68651429251
"z_nu_cr[9]",-0.4690029446567,-0.456770555,0.520264138736695,0.511352461326,-1.342871915,0.3416207835,0.999774154407484,2117.4035307485,1560.44107802326
"z_nu_cr[10]",1.38946696687255,1.37842905,0.527784204768816,0.51601722501,0.52942752,2.24681789,0.999116415429008,1742.6497463701,1656.64264989399
"z_nu_cr[11]",-0.75218436272887,-0.78091818,0.611668390181305,0.616612680243,-1.710887235,0.284103015,0.999808602035371,2080.02281536258,1442.79541345529
"z_nu_cr[12]",0.749444405647628,0.742117025,0.5832833063122,0.584401964685,-0.220732524,1.70311951,1.00093197790878,2261.37779279727,1283.28405181411
"z_nu_cr[13]",0.93219661141605,0.917917885,0.556311827440907,0.525314112939,0.030401739,1.902118435,1.00113037621798,2195.87969631645,1645.23756601981
"z_nu_cr[14]",1.61300576149,1.61625605,0.500477372677539,0.50678722458,0.7886985695,2.442197215,1.00062649057142,2144.87671659444,1441.50359360183
"z_nu_cr[15]",-0.41819042505167,-0.412627945,0.569989775121224,0.5566320846135,-1.361362785,0.5210275125,1.00107420359104,1961.04055979565,1309.31082643036
"z_nu_cr[16]",1.7314829882085,1.7112902,0.52025321987354,0.51163228725,0.91149256,2.587000275,1.00189124344315,1872.35139144122,1635.57804159448
"z_nu_cr[17]",-0.588462623790005,-0.582250965,0.506255214337122,0.493346380695,-1.43375382,0.245695061,1.00061464303519,2524.42403572319,1664.44889571891
"z_nu_cr[18]",0.31205707493387,0.298715655,0.584611582679029,0.5688574574361,-0.6459167285,1.281876855,1.0018360693148,1726.54141990981,1514.04667223175
"z_nu_cr[19]",0.69414907721968,0.705235465,0.545340567785628,0.541060763061,-0.2406748455,1.54195969,1.00280646300821,2229.23691828341,1446.07009330496
"z_nu_cr[20]",-1.48592516833953,-1.4783028,0.64879179801325,0.66410035083,-2.563106575,-0.426424639,1.00098888898232,2231.34527866372,1563.12419491525
"z_nu_cr[21]",-0.66718448293215,-0.66183836,0.702732829692303,0.708977451924,-1.81991522,0.4897661075,0.999452971141013,1690.24592901386,1656.68741601001
"z_nu_cr[22]",1.572656645325,1.56968375,0.473678874148294,0.46348055271,0.7918465995,2.352150415,1.00252355642667,2867.73846328013,1753.96939158274
"z_nu_cr[23]",-0.492114068754637,-0.47069037,0.648329897362834,0.639627606366,-1.599057135,0.5276155085,1.00008338145877,2028.47319232192,1698.77301317929
"z_nu_cr[24]",0.18272148758105,0.19053917,0.512637004831944,0.502483058868,-0.687551722,1.01796247,1.00126889604979,2222.99630998835,1533.91551296813
"z_nu_cr[25]",0.508250106695045,0.50949629,0.562097170188213,0.537359422509,-0.403769281,1.452425315,0.999811200861994,2016.2989317625,1609.04248155589
"z_nu_cr[26]",-0.358225303412565,-0.376585435,0.576076399847175,0.556818910746,-1.28281248,0.600211084,1.00182065175947,2169.58472656166,1497.11207059381
"z_nu_cr[27]",0.89907881840895,0.899294395,0.478833117085438,0.479488414713,0.124234598,1.67781093,0.999900470256093,2266.25098248835,1384.4366250775
"z_nu_cr[28]",0.411367036709975,0.40249276,0.546654597104687,0.538100307381,-0.5051871215,1.348121865,1.00103895023053,1852.66197824446,1562.09132119659
"z_nu_cr[29]",-0.390547218495655,-0.379537645,0.463044959242129,0.457705277148,-1.178770675,0.3817337045,1.00094251547552,2416.43144583757,1559.96968099008
"z_nu_cr[30]",-1.36569261111,-1.34921355,0.538800170894431,0.52647681975,-2.270944695,-0.4887905685,1.00042760279019,2572.14820688161,1533.30138181257
"z_nu_cr[31]",0.695463148629825,0.690142465,0.626914790034047,0.641509322286,-0.3643099745,1.72170165,1.00076420617071,1843.81171377969,1609.8967811473
"z_nu_cr[32]",0.07754290485805,0.079981014,0.487960624441273,0.4917539437566,-0.742410576,0.8709220205,1.00267544483598,2425.72356937501,1437.44814929727
"z_nu_cr[33]",0.92113524944293,0.926409105,0.528951253604836,0.525672153426,0.0647028906,1.811183955,1.0007283021669,1909.81841670655,1757.90546226851
"z_nu_cr[34]",-1.5507765573385,-1.5391019,0.625764717801485,0.62903471106,-2.608566215,-0.5741540655,1.00090438201843,1956.86078127462,1304.63669114164
"z_nu_cr[35]",0.329500352755986,0.32689595,0.581703214875747,0.57113095263,-0.6374520545,1.31242939,1.00307923618447,2236.03265285502,1474.34873239906
"z_nu_cr[36]",-0.5319347219142,-0.514396635,0.487473795201929,0.489587648697,-1.358531115,0.2605271265,1.00163872476443,1894.88988654718,1492.29067999364
"z_nu_cr[37]",0.14007665143866,0.1339263,0.534762456840477,0.541432725162,-0.7281180555,1.05720379,1.00102029893297,1717.50608629207,1628.14599711606
"z_nu_cr[38]",1.06975606319003,1.0639404,0.706528254002196,0.703003760004,-0.08376708575,2.227671665,1.00162743708422,2159.99280939608,1685.14401104159
"z_nu_cr[39]",-0.540933870912995,-0.5394249,0.730713201989585,0.7192059782649,-1.72212359,0.6550456,1.00208190969445,1794.99966026608,1541.35023232227
"z_nu_cr[40]",-0.39177572250335,-0.37338386,0.559019411971052,0.55754228336919,-1.37462336,0.4896311635,1.00090476744044,1545.50960577393,1492.03176610296
"z_nu_cr[41]",-0.152075087267345,-0.158202185,0.519985444770064,0.513253858761,-1.007785765,0.662272922,0.999563635611808,2853.99623195664,1493.2688808017
"z_nu_cr[42]",-0.16796697437963,-0.181655125,0.523231893029626,0.550169397855,-1.032160645,0.7192903725,1.00102971483522,2951.01244260036,1491.9157026597
"z_nu_cr[43]",-1.23144452230785,-1.22626095,0.561996017666494,0.561981664944,-2.13992336,-0.3123514905,1.00072384410408,2095.7846217815,1405.62444236926
"z_nu_cr[44]",0.05752671448123,0.0515518625,0.540887001008855,0.551007541287,-0.805617023,0.9637408515,1.0021850124241,2169.27872130552,1578.56270531233
"z_nu_cr[45]",1.58509843278,1.57935395,0.496671761734651,0.49932767094,0.79014033,2.376510725,0.999476276152303,2892.9712344195,1495.65141441755
"z_nu_cr[46]",-1.2812285293565,-1.2837849,0.541403964968332,0.536307984828,-2.207455945,-0.382043235,0.999710009432055,1950.97981796174,1674.38187974289
"z_nu_cr[47]",-0.86045038213665,-0.86527592,0.54419264681965,0.562507884162,-1.75172123,0.0461759381,0.9999060042903,1799.00872356633,1400.34954024742
"z_nu_cr[48]",0.76963267125375,0.76412527,0.558014533835585,0.537515896113,-0.139044839,1.72912278,1.00072874445628,2560.62319542134,1612.25952558142
"z_nu_cr[49]",-0.37408239469206,-0.373385455,0.551245912366044,0.54791324752437,-1.2919178,0.4936196895,1.00034025138778,1956.09677019112,1638.06641883876
"z_nu_cr[50]",-0.4240964158197,-0.42655518,0.642289185935136,0.6135526657491,-1.44644451,0.6392726305,1.00133827420857,2260.25639557087,1513.18695521203
"z_nu_cr[51]",-0.50346783917336,-0.486342825,0.58063392267051,0.560416617558,-1.46913872,0.412573802999999,1.00023259226527,2227.7029604899,1381.91703957692
"z_nu_cr[52]",0.7364892494343,0.73570893,0.511569756290286,0.506146689489,-0.106448302,1.561608315,1.00205688794984,2785.03009630068,1397.11598450877
"z_nu_cr[53]",-0.705160175917195,-0.691239585,0.66835654532518,0.680239400694,-1.80351406,0.419840706,1.00060461657342,2085.52358771923,1535.26279346501
"z_nu_cr[54]",-0.075516250385555,-0.064637515,0.54267387927048,0.557746232568,-0.9867248425,0.8180017525,1.00036342760254,2068.31938164773,1348.70481784694
"z_nu_cr[55]",0.280968763044987,0.293485425,0.605200335189991,0.5789146337646,-0.697786323,1.27312937,1.00040599936907,2078.30072666528,1388.11143010662
"z_nu_cr[56]",0.209694638036204,0.1975895,0.459658068536909,0.476583334143,-0.530143172,0.954423337,1.00015870371616,2582.61955927568,1394.91754671536
"z_nu_cr[57]",-0.443836389135095,-0.44248018,0.514028237537713,0.5258210094312,-1.283294105,0.3901119455,0.999885694939662,1959.0212726031,1620.28777048017
"z_nu_cr[58]",-0.8656864292428,-0.857409975,0.707743347112773,0.730464899745,-2.025098445,0.324670329,1.00030418581097,2399.66038802595,1887.17785155733
"z_nu_cr[59]",-1.923432720185,-1.92520865,0.609319594626944,0.60895852794,-2.927701395,-0.941136846,1.00034229146019,2077.49598015684,1522.0386582874
"z_nu_cr[60]",-1.13241775778906,-1.1442251,0.783013076093798,0.814931861226,-2.430322445,0.160781815,1.00086352947547,1461.87199805483,1442.90014025432
"z_nu_cr[61]",0.203757037500695,0.209841905,0.633903059942386,0.623692562262,-0.809035814,1.254445155,1.00116779689923,2188.38648515153,1626.6222382617
"z_nu_cr[62]",1.6825133730125,1.6682937,0.575352229910399,0.57664555746,0.7495283165,2.662826575,1.00108350753324,2319.89840250325,1693.17661776952
"z_nu_cr[63]",0.507676790143047,0.51076016,0.502759622597727,0.489509233983,-0.3006413315,1.337409125,0.999973281183228,1753.2745923613,1481.8894238903
"z_nu_cr[64]",0.69990989782535,0.695585,0.468674423861781,0.46394216022,-0.06351970595,1.48610386,1.00107290207848,2422.70785359273,1367.49990267085
"z_nu_cr[65]",0.791987500917085,0.79533717,0.52118751310366,0.528267971049,-0.07873600815,1.62330706,0.999968923067782,2859.42680386232,1496.74048443358
"z_nu_cr[66]",-0.586301210510965,-0.590160335,0.567586903734222,0.563004191925,-1.521205755,0.3580432555,1.00210183686065,2578.72312313598,1729.08298333112
"z_nu_cr[67]",-0.318814701428784,-0.30601866,0.8023055426963,0.793095209214,-1.62762583,0.9641904505,1.00015577759067,1657.93419648346,1510.55155199952
"z_nu_cr[68]",-0.839201836204748,-0.850653635,0.604121058004503,0.614167998864,-1.802825075,0.1684014695,1.00154488025146,2315.80503340252,1648.03291828224
"z_nu_cr[69]",0.29911981248551,0.303553755,0.535201089201702,0.5300194746588,-0.5785320425,1.163909685,1.00072986078125,2599.81165559467,1582.73787698161
"z_nu_cr[70]",0.406981554822765,0.39675835,0.659431687261481,0.65266046097,-0.654056833,1.49297013,0.999640940722036,1792.5833711202,1573.67980973087
"z_nu_cr[71]",-0.180283680499475,-0.18912052,0.524724155190265,0.529467008973,-1.04418877,0.679216995,0.999672261250899,2407.02152007153,1724.42268332828
"z_nu_cr[72]",0.80087307886899,0.79198046,0.524189027067688,0.511577342094,-0.0461397999,1.647680785,1.00111713918867,2434.65688415061,1520.26071993541
"z_nu_cr[73]",0.344335257968645,0.33732779,0.508189730079504,0.508591956495,-0.491608718,1.19617118,1.00061982107807,1872.18964724152,1480.14782795867
"z_nu_cr[74]",-0.32227877214735,-0.30861316,0.581957447798082,0.56421573558,-1.27818265,0.6326617225,1.00071850463166,2396.82942961829,1502.26607625613
"z_nu_cr[75]",0.400758050035975,0.399613885,0.499841743049908,0.4990535374587,-0.4079480095,1.2190826,1.00083591381366,1892.37208692498,1419.00783778204
"z_nu_cr[76]",0.601473663411425,0.586035315,0.619788367001929,0.627777903627,-0.4096859665,1.594005305,1.00055878788719,1985.90754852448,1530.46791380469
"z_nu_cr[77]",-1.1985057015446,-1.2080421,0.55274674292354,0.548151519951,-2.070596345,-0.25979491,0.999745657727659,2121.18490378741,1599.05262649664
"z_nu_cr[78]",-0.44668687986767,-0.457063065,0.605873131403141,0.603515028606,-1.416338805,0.5687371,0.999836794908004,1606.75025605346,1245.01053103354
"z_nu_cr[79]",-0.68027231277615,-0.67188783,0.623398884091992,0.607323583377,-1.7284266,0.344879877,1.00167452865086,1846.69767846561,1504.09714781363
"z_nu_cr[80]",0.117549907957025,0.11509577,0.572057199685579,0.545236461483,-0.8286792145,1.06247478,1.00089053210436,2315.74979751364,1250.21429861679
"z_nu_cr[81]",-0.323600002783295,-0.323871095,0.444890625219816,0.4361388875487,-1.04205763,0.414865798,0.99983583190439,2901.06842740096,1543.99112033941
"z_nu_cr[82]",0.392006107895181,0.38504891,0.480501014964015,0.472598327733,-0.3772946705,1.17970984,0.999579412725616,2280.13685210365,1551.88388086871
"z_nu_cr[83]",0.43495161694864,0.433551685,0.55301591605659,0.5358737342532,-0.5108430245,1.360614915,1.00032270645505,1754.2015864157,1470.196454354
"z_nu_cr[84]",-0.24920580325916,-0.247977,0.46882211256222,0.4527840155097,-0.9999643515,0.51561105,0.999414409366134,2156.77465628873,1447.10277401132
"z_nu_cr[85]",-0.27960770656914,-0.2815118,0.521529679312613,0.515498989593,-1.135163435,0.5645309015,0.999608598398374,1746.63662116933,1089.21363120347
"z_nu_cr[86]",0.19395412298786,0.175015565,0.61482852731672,0.606430479963,-0.811075487,1.21300271,0.999793185518452,2046.20163921101,1582.34214018925
"z_nu_cr[87]",0.03347105527375,0.028742678,0.532176035575867,0.534560748141,-0.8319047135,0.9213084615,1.00122304950473,3225.33806264694,1619.85514237929
"z_nu_cr[88]",-1.2740577453849,-1.25432095,0.641358499556189,0.644585450418,-2.342681425,-0.218384889,0.999771764564632,2169.93515412844,1281.75598153857
"z_nu_cr[89]",-0.1216527461275,-0.12102322,0.518792085253537,0.535686130497,-0.969650264,0.7499442595,1.00061006016629,2691.7947559298,1526.64869378677
"z_nu_cr[90]",1.6832579594565,1.67914145,0.594023972150155,0.61328164128,0.736300949,2.65870975,1.00012918273288,2091.87549943782,1730.54618340332
"z_nu_cr[91]",0.07146833951067,0.081106237,0.554795093598358,0.5359698067332,-0.845127767,0.993019678,1.00071695080941,1711.80773661542,1580.23756072614
"z_nu_cr[92]",0.191897101455425,0.195079595,0.710341390017184,0.701781096849,-0.994466596,1.347952605,1.00058409870693,2210.24505128892,1670.05270796346
"z_nu_cr[93]",-0.71745715640739,-0.71547952,0.552234972603947,0.533033299491,-1.6418789,0.1926237185,1.0000519736949,2174.22714283954,1526.16457649827
"z_nu_cr[94]",-0.25190576188834,-0.249744565,0.481995669150187,0.4593735616785,-1.04988229,0.552970843,1.00056054540056,2477.36334660722,1348.80928688182
"z_nu_cr[95]",-1.4899812239725,-1.486883,0.614780194038742,0.58780590309,-2.49903637,-0.489516036,1.00304684072565,1769.63409526747,1433.62870510109
"z_nu_cr[96]",0.0350315193777342,0.0437065505,0.511473033296947,0.4951343955537,-0.815474893,0.8845504165,1.00051670980202,2685.08314359859,1174.33577161827
"z_nu_cr[97]",1.1655908750641,1.1751525,0.485510455047477,0.492084569487,0.397823221,1.963547605,1.00036048807926,2222.86944305948,1315.54299509817
"z_nu_cr[98]",0.254022927208875,0.23213162,0.619183170247559,0.596687840931,-0.7561467375,1.25805854,1.00007340162698,1889.97855608896,1591.52538878563
"z_nu_cr[99]",0.60885375144435,0.62324979,0.558813948303532,0.545166164004,-0.3176534255,1.483448405,0.999986249964775,1900.60684175357,1517.38686834137
"z_nu_cr[100]",0.35352043375645,0.345331925,0.543294760850398,0.540279403209,-0.549498147,1.226378485,1.00104324202468,1972.96242778027,1656.66558680158
"z_alpha_intercept[1]",1.05485747060619,1.044868,0.528617674271764,0.52906736673,0.1958712665,1.932921965,1.00158785380904,2605.90082205597,1722.10831650175
"z_alpha_intercept[2]",-0.05083238926701,-0.055966264,0.540437219759067,0.5533782053436,-0.883375308,0.866999761,1.00243960025575,2915.78429187412,1361.64868566162
"z_alpha_intercept[3]",-0.72420417749814,-0.73303113,0.548353583125501,0.568336140435,-1.595541255,0.169088133,1.00161271041217,2338.60291440483,1652.9889653207
"z_alpha_intercept[4]",0.060496457749905,0.0760034535,0.514702504970435,0.512967857808,-0.782821187,0.8970856015,1.0009207002681,2647.04635177152,1635.85002806565
"z_alpha_intercept[5]",0.28364716165501,0.286922225,0.474715170219845,0.4634758980873,-0.5085371445,1.08901054,1.00064276973106,2632.11888750418,1579.15208067587
"z_alpha_intercept[6]",0.68502292317456,0.68124154,0.553216196623326,0.56004874002,-0.217425879,1.562840885,0.999878417836616,2220.10962605304,1542.08171621274
"z_alpha_intercept[7]",0.427669968688905,0.431183655,0.502834471039589,0.5158691955543,-0.40038064,1.24641854,1.0021961915001,2473.94426944485,1480.03054339417
"z_alpha_intercept[8]",0.25003936219852,0.258806935,0.525531156591564,0.5210950299345,-0.637477631,1.08831651,0.999854774740565,2898.31119755668,1430.45482062161
"z_alpha_intercept[9]",1.3136631119455,1.2974818,0.481381289344695,0.47510606409,0.562243618,2.11884383,1.00184868777949,1962.11085363295,1394.30076812378
"z_alpha_intercept[10]",-0.34153769775816,-0.326695225,0.505855491274721,0.5110374066021,-1.200535795,0.4707040845,1.0024640293282,2778.0111894534,1407.67244710766
"z_alpha_intercept[11]",-1.509452007603,-1.50243475,0.517221311070598,0.52124702238,-2.35970879,-0.668787974,1.00139688947684,2900.33244102524,1495.7152232752
"z_alpha_intercept[12]",0.21249047774489,0.207867845,0.520535066875757,0.517741503636,-0.6599919565,1.03894162,1.00271767974246,3137.7777779096,1641.86331339777
"z_alpha_intercept[13]",-1.9704672491425,-1.9748626,0.534656486216601,0.53810759436,-2.84620505,-1.104742125,1.00159477729899,1725.39369260236,1395.99286561105
"z_alpha_intercept[14]",-0.3517430952993,-0.348941525,0.50334933284209,0.497808910326,-1.190850385,0.462186077,1.00320079364659,2182.93684625231,1300.79641444756
"z_alpha_intercept[15]",1.1312499079887,1.1466855,0.558710777592765,0.54868320255,0.2156000765,2.02436017,1.00121146134276,2123.06256902992,1634.556927135
"z_alpha_intercept[16]",0.10041098862656,0.103085315,0.532166846878137,0.534652550733,-0.786321941,0.9876956215,1.00280378843961,2042.00880940146,1336.41217769037
"z_alpha_intercept[17]",0.30248765338375,0.309032675,0.538298753428857,0.526665843837,-0.5389044495,1.16623163,1.0041870728897,3103.69671575781,1667.8746381012
"z_alpha_intercept[18]",0.571871940624415,0.573882865,0.514534953040448,0.503656729506,-0.2762278895,1.431553125,1.00050585429494,2738.59776137577,1580.98698950923
"z_alpha_intercept[19]",-1.1833965304375,-1.19656695,0.473127221910502,0.473617133388,-1.93569245,-0.3869503095,1.00220470070601,1722.13615577834,1184.61981388334
"z_alpha_intercept[20]",-1.03248865825315,-1.0316887,0.52538011946482,0.519378672099,-1.89411557,-0.156016005,0.999970438074964,2908.06951412048,1560.64975167605
"z_alpha_intercept[21]",0.496835776487285,0.498869055,0.556165388987586,0.557176217346,-0.4277112515,1.425446365,1.0019815066593,2276.94409515179,1610.60222549916
"z_alpha_intercept[22]",0.13189484969421,0.12898164,0.511973596591698,0.503879089854,-0.7129993375,0.955296177,0.999229435603496,2284.26127035538,1482.43891855528
"z_alpha_intercept[23]",-0.81290099721129,-0.813254635,0.501815867643827,0.518623583919,-1.626584025,-0.00448374321000011,1.00131437342855,2592.81548403013,1620.3672752087
"z_alpha_intercept[24]",-0.415734729270865,-0.40963042,0.481276902262635,0.458937302922,-1.197059015,0.3397628045,1.00022998113318,2510.56309162881,1269.1119190259
"z_alpha_intercept[25]",-1.34226743933335,-1.3386475,0.523199476837333,0.53438597184,-2.16828457,-0.4921355945,1.00060875595571,2868.40340895319,1316.03994689863
"z_alpha_intercept[26]",-0.249941227267147,-0.252723675,0.511658840909405,0.5111320602339,-1.069433775,0.581782493,1.00337117080741,2603.7486398992,1355.50187106359
"z_alpha_intercept[27]",0.236654291149395,0.24366584,0.497621060121567,0.4933181089956,-0.5736174335,1.05864783,1.00055505168919,3026.46074425664,1262.28370978681
"z_alpha_intercept[28]",0.5557518511558,0.552912425,0.528822419607332,0.520707570957,-0.300059418,1.421241605,0.999751095632216,2422.2643398248,1310.6707226816
"z_alpha_intercept[29]",0.7531586232803,0.75475404,0.497002047856828,0.491615385891,-0.0449594724,1.56403361,1.00130051277475,2769.70220133886,1515.8772327712
"z_alpha_intercept[30]",0.788411475598805,0.782676145,0.510372684936417,0.502330595697,-0.0530067845,1.656381935,0.999874936022527,2441.06786000786,1553.05851228091
"z_alpha_intercept[31]",-1.06903274633825,-1.06422525,0.515318846278325,0.497715083985,-1.932108625,-0.259217893,0.999635140595559,2708.49870821297,1313.93388169486
"z_alpha_intercept[32]",-0.050354918833185,-0.0386563505,0.484144732512551,0.4924269841113,-0.851183845,0.731280704,1.00063455727146,2579.99939373989,1485.69308529167
"z_alpha_intercept[33]",-0.59015600871355,-0.592424845,0.509738996022772,0.490962886218,-1.426327995,0.278147009,1.00053166407947,2263.59437228714,1367.4082942789
"z_alpha_intercept[34]",-1.0389622900501,-1.04551715,0.511459687182358,0.507193620066,-1.86486887,-0.200563575,1.00078124071144,2460.70372939107,1369.40730985997
"z_alpha_intercept[35]",0.6233734989491,0.610714225,0.4999076762314,0.493931800131,-0.2072390615,1.465249285,0.999972770540861,3362.73203376581,1529.12581649694
"z_alpha_intercept[36]",2.26594826862,2.24156455,0.4784545961096,0.470612155230001,1.508781085,3.08055624,1.00129289139349,2187.96196091606,1338.69940235348
"z_alpha_intercept[37]",-0.121514947331926,-0.128749675,0.534041767486937,0.52585701882,-1.004444155,0.766986242,1.0023174690569,2576.99796142599,1355.46054958432
"z_alpha_intercept[38]",0.214917002258372,0.20741657,0.50229312509043,0.498194586477,-0.6242988885,1.05451424,0.999519469922117,2461.71128720333,1591.29415678611
"z_alpha_intercept[39]",0.31156668654826,0.31496264,0.55757950554274,0.5505815525007,-0.6327181915,1.21203109,0.999393968662512,2729.39479043897,1592.92090541896
"z_alpha_intercept[40]",1.39219711216296,1.3840867,0.548147331145115,0.53819781057,0.476443244,2.27868195,0.999955970868295,2282.1008784314,1376.95784607911
"z_alpha_intercept[41]",-0.0537152667014665,-0.052344998,0.516195887756811,0.507228157233,-0.89796795,0.827764192,1.00095480532108,2714.28216430612,1445.32265714406
"z_alpha_intercept[42]",-0.623918809643635,-0.62026897,0.553208329288802,0.539053500573,-1.514926535,0.2873254775,0.999535741089283,2633.62584454443,1326.90223282377
"z_alpha_intercept[43]",-0.40075475035699,-0.4092758,0.507365134670132,0.5145360053106,-1.21231577,0.465616613,1.00077244256353,2478.74704210757,1396.08067037718
"z_alpha_intercept[44]",0.91011022267144,0.90138613,0.547291438358177,0.527385379269,0.00836515224,1.8599518,1.0004860578175,2582.38244779298,1396.24674448253
"z_alpha_intercept[45]",-0.138391346796155,-0.14505729,0.512631665515426,0.501834932865,-0.9771463195,0.672246611,0.999863211386949,2619.10674563491,1632.14213010462
"z_alpha_intercept[46]",0.784859496262665,0.77597001,0.542555591441254,0.523393812354,-0.110035626,1.67860893,1.00158427845522,2241.98659066346,1425.51960919623
"z_alpha_intercept[47]",-0.08525388455968,-0.071075254,0.495313984436279,0.4804508281944,-0.8671925355,0.7259856535,1.00259692805227,2665.25027426615,1673.97232469001
"z_alpha_intercept[48]",0.467147016747341,0.45971276,0.503228662891596,0.493215000096,-0.3447410655,1.29245685,1.00020212010348,2127.48979308686,1696.54574663617
"z_alpha_intercept[49]",0.289752556125181,0.28774841,0.521189854880188,0.52616769765,-0.5422831665,1.16846687,1.00069924533476,2598.94675821106,1452.57130694264
"z_alpha_intercept[50]",-2.216812061825,-2.19972085,0.531407951017318,0.52396685208,-3.07161567,-1.375688145,1.00031618611981,2634.46138106806,1490.43986266366
"z_alpha_intercept[51]",-0.12971310976599,-0.119192685,0.533779455539373,0.535701075105,-1.007688845,0.737746539,1.00124438068393,3007.44728096313,1276.38360367692
"z_alpha_intercept[52]",-0.40431691758705,-0.39415837,0.499803932265935,0.510199087482,-1.23700512,0.3975969515,0.999940811044077,2930.40474453817,1357.28957608877
"z_alpha_intercept[53]",1.2157392456402,1.20995925,0.568541682306181,0.564255135675,0.2982709355,2.18123633,1.00022637153982,2503.83237794458,1563.88618085997
"z_alpha_intercept[54]",0.25138302359761,0.24852532,0.543437035558491,0.541281262746,-0.646752782,1.15017561,1.00066236931756,2460.33451591633,1336.94704494333
"z_alpha_intercept[55]",0.404515836808635,0.407460375,0.544462607027599,0.5236237354446,-0.512386786,1.322050205,1.00041393765062,2723.92740213153,1602.52989447643
"z_alpha_intercept[56]",1.539172699686,1.54904135,0.510586232367022,0.50449445781,0.6865786745,2.398865875,1.00182725166747,2668.05046744802,1372.2488049778
"z_alpha_intercept[57]",-1.37896323606605,-1.36793145,0.491481231739721,0.48235086312,-2.190095435,-0.612772352,1.00030096254112,2142.25213937483,1312.28733344858
"z_alpha_intercept[58]",0.94560369413565,0.944946835,0.555974393886564,0.577457095635,0.07037540885,1.871840655,1.00057707131213,2205.83367182867,1648.29804252077
"z_alpha_intercept[59]",-0.07877274453995,-0.0796917265,0.505499323823208,0.48770445759,-0.887180893,0.764227364,1.00963626638368,2644.08155394312,1425.41706958464
"z_alpha_intercept[60]",0.0246025013066,0.0213901035,0.505565059566163,0.4968347954241,-0.8232229765,0.816090199,0.999897107679714,2778.28500690315,1682.37360552486
"z_alpha_intercept[61]",-2.47534398935,-2.47128775,0.509012963174441,0.48413250354,-3.33880737,-1.640616475,1.00042097947582,2319.51122463644,1383.07893195646
"z_alpha_intercept[62]",0.013832084534555,0.0154117785,0.531600784667293,0.5110639747941,-0.835415178,0.873456684,1.00122384143166,2346.9658765996,1316.46153682836
"z_alpha_intercept[63]",-0.152368120742995,-0.15610372,0.520834358204548,0.531404544783,-0.971600931,0.707360656,1.00192280281697,3224.69715025535,1513.71153224884
"z_alpha_intercept[64]",0.71274479427933,0.70077474,0.50056095252496,0.496849104738,-0.111886087,1.548220835,0.999284479314535,2672.82127747505,1308.73149922557
"z_alpha_intercept[65]",-1.29703034499395,-1.3008908,0.517082907005976,0.535356985884,-2.150123895,-0.4323731915,1.00185637247713,2517.05011728066,1432.33455770689
"z_alpha_intercept[66]",0.26158650943895,0.27236833,0.508456971279287,0.4937990147685,-0.579474176,1.088401495,0.999917299444712,2406.75985936302,1209.57165065836
"z_alpha_intercept[67]",0.21628196875345,0.22463921,0.573127009947978,0.568814493912,-0.714325947,1.148450675,0.999875039401487,2843.52264580963,1657.77902603184
"z_alpha_intercept[68]",0.42255794397235,0.42569193,0.533774185511243,0.5214405765513,-0.457386896,1.31212534,1.00078195967825,2931.05578036049,1271.20192956296
"z_alpha_intercept[69]",0.203336149427665,0.204715895,0.517388357562734,0.51088283295,-0.6638053925,1.03019656,1.00093878986523,3151.03312216581,1629.43378024713
"z_alpha_intercept[70]",0.13674639926849,0.156019885,0.57424356781714,0.585934587609,-0.7880054005,1.093988305,0.999840137548874,2568.78154905335,1548.85550462756
"z_alpha_intercept[71]",-0.315038439756207,-0.33114142,0.503239424260329,0.500394260793,-1.128331775,0.495034547,0.99947311128131,3125.0315082912,1393.57290410344
"z_alpha_intercept[72]",-1.08120348128804,-1.0884195,0.501706968019465,0.511427947905,-1.91390571,-0.2775251045,1.00136864934909,2778.71327515113,1221.85628065215
"z_alpha_intercept[73]",-0.202343683470845,-0.198229745,0.49888883091064,0.504785647863,-1.025144805,0.6131095075,0.999577908282843,2385.70042068531,1706.16217199514
"z_alpha_intercept[74]",-0.526649168856,-0.53715034,0.548670093430197,0.532380644145,-1.44134608,0.369230967,0.999753886949868,2616.50418700932,1464.32468719709
"z_alpha_intercept[75]",1.469046805541,1.48073395,0.533886373584834,0.55272113778,0.590767578,2.313890155,0.999944967871216,2645.94553081844,1520.77280755584
"z_alpha_intercept[76]",0.3572290141981,0.36002063,0.556231427761825,0.5562132249093,-0.554180158,1.28806108,0.9991934277911,2260.40241204743,1393.76023102636
"z_alpha_intercept[77]",0.06250724364691,0.052324836,0.57217081308569,0.5650027307946,-0.8362564525,1.066913225,1.0007530904902,1197.45035415281,1451.12790735458
"z_alpha_intercept[78]",-0.08895706632451,-0.0867894475,0.528588290179562,0.5421870238575,-0.9753963105,0.778582069,1.00336250598844,3162.59947462106,1624.62946818409
"z_alpha_intercept[79]",0.28170834293964,0.27067112,0.557628999644241,0.568113831978,-0.5973356515,1.22200815,0.999952269830818,2733.69167915737,1530.74017949409
"z_alpha_intercept[80]",-1.365449352543,-1.34252285,0.549852366368492,0.55903264011,-2.30988028,-0.513395525,1.00095695851316,1911.65943982188,1285.35628466807
"z_alpha_intercept[81]",1.62568292235296,1.61856,0.519029485285427,0.52423527681,0.7918639395,2.505637585,1.0008261329347,2360.43006926938,1393.55227230779
"z_alpha_intercept[82]",0.3105859550548,0.289216075,0.519374097172426,0.5036693397603,-0.5255158,1.18415291,0.999728378017383,2255.69791578813,1510.16081401145
"z_alpha_intercept[83]",0.79457639418725,0.79012073,0.552034541742354,0.541096693872,-0.1021355265,1.717992025,1.00018645861264,2653.28571131989,1409.47913556276
"z_alpha_intercept[84]",1.875252557831,1.87667015,0.549115849635367,0.54941434674,0.964577354,2.75740512,0.999351648451777,2625.51890988339,1713.31400938248
"z_alpha_intercept[85]",0.419667364295385,0.412706055,0.523250496349487,0.5164299178395,-0.428289667,1.293665775,1.00011980230435,2539.51151895192,1466.66736947219
"z_alpha_intercept[86]",-0.001913453119725,0.0157737695,0.531360530424632,0.524387917893,-0.902976836,0.857413875,0.999387470542074,2645.22172691662,1701.46167498737
"z_alpha_intercept[87]",-1.1237592716701,-1.1214801,0.475868681313967,0.46153960692,-1.912956045,-0.347811166,0.99998162083596,2468.3163488057,1319.50507748271
"z_alpha_intercept[88]",-0.308686720231645,-0.303918025,0.521431941138905,0.5159659307565,-1.133854055,0.549105694,1.00318838175796,2249.87355962814,1509.34552243997
"z_alpha_intercept[89]",0.03130345929505,0.028530206,0.526415160207516,0.5216535513,-0.816693325,0.885611948,0.999735612699023,2538.33114762745,1478.69429959228
"z_alpha_intercept[90]",0.4748185160288,0.47809324,0.519648283176843,0.528781425081,-0.3711300045,1.32817847,0.999988056267454,3064.89500692482,1715.16466581897
"z_alpha_intercept[91]",0.99692690004694,0.992167015,0.554151138918187,0.535901693124,0.1095515785,1.931501435,0.999397521357334,2805.16540748656,1159.0246457496
"z_alpha_intercept[92]",-0.95117129581395,-0.94622699,0.543755233803853,0.542852299836,-1.851598105,-0.0683763328000003,1.00221301569367,2881.00868776946,1597.43832855005
"z_alpha_intercept[93]",-0.187288686212325,-0.196087265,0.518661872535962,0.502402835382,-1.04511303,0.6869392315,1.00011960838982,2010.91135860174,1474.93950964809
"z_alpha_intercept[94]",-0.11982982631512,-0.105264965,0.483217203078514,0.501449138106,-0.9208025495,0.6759331785,1.00363326562558,2259.33274500901,1537.93552596606
"z_alpha_intercept[95]",-0.411314784878435,-0.39609422,0.536603683463835,0.530649641928,-1.271880625,0.448190364,1.00017735907026,2572.00458380087,1673.32264753658
"z_alpha_intercept[96]",-0.6317790077683,-0.63038889,0.522450063585445,0.503059389966,-1.48941034,0.2512485755,1.00163288393865,2070.56205301838,1506.27861694295
"z_alpha_intercept[97]",0.56743215032654,0.558624725,0.519943471206193,0.497599715466,-0.277953661,1.431319295,1.0041778562895,2731.38800044017,1275.83802644733
"z_alpha_intercept[98]",-0.329661604822625,-0.31638036,0.51543914093053,0.5182886593899,-1.167211185,0.516794052,1.00037930305474,2806.65873981627,1525.51894370724
"z_alpha_intercept[99]",-0.83977695010025,-0.82575889,0.511681238070711,0.494354593173,-1.68877961,-0.0238535620000001,1.00014083634955,2630.43305095309,1336.40640394431
"z_alpha_intercept[100]",-1.24677661651795,-1.23925995,0.509209581946804,0.488546552151,-2.07221524,-0.4171604495,1.00006785052716,2597.88091492565,1213.80449755928
"z_tau_intercept[1]",-0.033247059287545,-0.034578114,1.00539087645657,0.9939022730574,-1.683611635,1.61707389,1.00161013176605,3219.22684333459,1298.78034584152
"z_tau_intercept[2]",0.0520137483705,0.0785222265,0.993119509637771,1.014974876055,-1.593638795,1.56498632,1.00023565187199,3009.48107051047,1564.2992342135
"z_tau_intercept[3]",-0.031038576362815,-0.0185463505,1.015389925455,1.013869834971,-1.7156428,1.629222975,1.00141021233905,3497.41414441477,1536.55166666206
"z_tau_intercept[4]",-0.019878173704715,-0.018740988,1.00246030338429,1.006621781634,-1.67352102,1.61165711,1.00009974040573,3326.63076981647,1532.4223156942
"z_tau_intercept[5]",-0.10907106441571,-0.0918877895,0.995459296987019,1.0061697598743,-1.713807885,1.556541025,0.999593014731206,3640.87188183009,1235.99304032733
"z_tau_intercept[6]",-0.07678606674322,-0.0435462505,0.991916555705957,0.988667221353,-1.74742226,1.541727005,0.999851364510588,3291.95601658453,1489.82371266107
"z_tau_intercept[7]",0.020923485707823,0.0293747615,0.951295383963848,0.9549385583871,-1.5419633,1.63267949,1.00128421977583,2263.83821130322,1348.81207551566
"z_tau_intercept[8]",0.0846064345821,0.078227177,1.00875132373739,1.006570965519,-1.535795975,1.75994484,0.999590096191397,4062.28721509202,1691.51162681827
"z_tau_intercept[9]",-0.011942675828119,-0.015000263,1.00190693381221,0.970786257336,-1.66589078,1.58461397,0.99929003547426,3434.98634763483,1338.07542947878
"z_tau_intercept[10]",0.0035390734195,-0.0097475452,1.01781225218721,1.036273633374,-1.685271095,1.705703165,1.00127312298477,2865.10632488956,1335.28584605871
"z_tau_intercept[11]",-0.09500273864895,-0.071780069,1.03384551704948,1.014881249865,-1.78200179,1.639456465,1.00315419712076,3854.47531716987,1335.30465389631
"z_tau_intercept[12]",-0.02006992048955,-0.017602551,0.949908669926984,0.9514670393676,-1.586244335,1.55808054,1.00143995778707,3583.53730057672,1650.67471847468
"z_tau_intercept[13]",0.01697241596355,0.0219427145,0.998414793976198,0.9809256393867,-1.615744335,1.66123184,1.00634683598045,2769.38675856517,1095.07965821787
"z_tau_intercept[14]",-0.05254515556974,-0.0415869645,0.988214961821588,1.0067810714367,-1.62116167,1.54277943,0.999771079486331,2438.06638118327,1342.19665498294
"z_tau_intercept[15]",0.115275471187705,0.12678582,0.941934832190139,0.974643619299,-1.43909519,1.64775759,1.00140782591297,3544.15064992352,1489.41412326049
"z_tau_intercept[16]",0.045925152316225,0.026728879,0.986936011733612,1.073712344943,-1.52319127,1.66040183,1.00074399446872,3362.82006050235,1819.77174310523
"z_tau_intercept[17]",-0.092671198814535,-0.0997005005,0.99661113876247,0.992630174088,-1.743862765,1.565646405,1.00195382557162,3288.13310159287,1603.62000142943
"z_tau_intercept[18]",0.00778431462915999,0.0041788792,0.977152577092469,0.956037226515,-1.60418258,1.622961855,1.00008742729213,3719.18117611942,1531.89459281007
"z_tau_intercept[19]",-0.13809961563496,-0.138825325,0.985510860374337,0.998206744185,-1.760118265,1.42986923,1.00292147092516,3634.99228943835,1389.77089657143
"z_tau_intercept[20]",-0.00818156826879996,0.00398352435,0.965178910508283,0.998908859067,-1.53243449,1.5517242,1.00213709399966,2680.18015624794,1477.33728630938
"z_tau_intercept[21]",-0.00243168865680999,-0.00938032735,0.997137306550375,1.005105222681,-1.6311161,1.678041595,1.00152352409885,3803.11188460717,1731.29758368853
"z_tau_intercept[22]",0.0407256358097,0.057100255,0.957621130484669,0.966378865599,-1.49929961,1.62524759,1.00051018013648,2828.48600647618,1292.60153535686
"z_tau_intercept[23]",-0.0897598767919175,-0.062508192,1.02212890444726,0.9940783525638,-1.784017705,1.60773542,1.00278880164306,3042.69361137839,1453.43907844257
"z_tau_intercept[24]",-0.067059393103465,-0.0447556405,1.01168718523112,1.029842477811,-1.681730245,1.603967725,0.999876538256141,3568.2853395717,1390.62523325872
"z_tau_intercept[25]",0.023884363352345,0.042264043,0.981540345356148,1.0235361171378,-1.551746905,1.62827192,1.00107509531689,3355.75562856131,1442.91454153617
"z_tau_intercept[26]",0.022556596785195,0.0140401475,1.02581732948624,1.0160310914145,-1.67533759,1.760171695,0.99949591581333,3577.98138795793,1264.84801093332
"z_tau_intercept[27]",0.00909859196342002,-0.0156489425,1.05154128273668,1.0291679207565,-1.73354048,1.802905335,1.00306906848114,3953.59184957583,1314.90735106631
"z_tau_intercept[28]",0.049052245499845,0.04425347,0.975799506854929,0.957961596837,-1.557558615,1.67389125,1.00018684999115,3397.42828472479,1437.9328349666
"z_tau_intercept[29]",0.067837132101225,0.043522761,0.988937220208479,0.9764635048686,-1.543495645,1.729017305,1.00097191685774,3302.18880198849,1551.45614520593
"z_tau_intercept[30]",0.04255414893318,0.062526997,1.03189785629101,1.0401984047112,-1.721642825,1.757917515,1.00001695206667,3788.18288694169,1482.10606924155
"z_tau_intercept[31]",-0.054087547288945,-0.0668863455,1.00976479237002,1.0698461696643,-1.66689265,1.569257095,1.00034061449575,3311.31819826801,1347.23206952489
"z_tau_intercept[32]",-0.11355033155658,-0.131385415,1.0087816504928,0.968348336613,-1.782308285,1.596187075,1.0000409461178,4226.95272691864,1260.04376142758
"z_tau_intercept[33]",0.0814402250688,0.0881569185,0.966959560615583,0.963304642608,-1.47203908,1.688895415,1.00123732526423,3076.81060818855,1332.92447478
"z_tau_intercept[34]",-0.1087708919958,-0.0964596595,1.02904752177846,1.031818494504,-1.867270865,1.591217885,0.999931309638191,4244.14394814671,1606.09175103275
"z_tau_intercept[35]",0.029635366438515,0.0187838485,1.01347349316601,1.0394121144729,-1.630315855,1.70716192,1.00128230353599,2874.03406025457,1478.32466110951
"z_tau_intercept[36]",-0.10573600174285,-0.10385655,1.01114030812319,1.0296783021,-1.764683185,1.482378925,0.999758349977275,3664.85641102919,1362.9295577963
"z_tau_intercept[37]",0.08524483245665,0.088182495,0.961364602326533,0.91945633248,-1.498004815,1.68203921,0.999878770113558,3105.01486453439,1450.359234567
"z_tau_intercept[38]",0.02989735875242,0.028200556,1.03938913940946,1.0073718082176,-1.67708642,1.794220535,1.00277484248794,3515.00259276445,1556.29298244044
"z_tau_intercept[39]",-0.00184156918957002,0.00891916015,0.990026903215258,0.980772176202,-1.559761545,1.6685566,1.00106299789664,4531.23439671267,1446.90510859637
"z_tau_intercept[40]",0.123467523237775,0.146333015,1.02595569805115,1.064108951703,-1.55455529,1.798890815,0.999557134817409,3006.15800245781,1447.92617624198
"z_tau_intercept[41]",-0.023164685514655,-0.02222673,0.947386937860024,0.960448473012,-1.622341815,1.560883725,1.00191711183088,3134.07198682166,1513.53619098522
"z_tau_intercept[42]",0.035320728334935,0.0371807435,0.993664879696805,1.020843318201,-1.609902645,1.6555267,1.00019350412092,3851.03654326862,1553.10445805702
"z_tau_intercept[43]",-0.0301734848685,-0.020297932,1.03242107629768,1.0643817234162,-1.744994705,1.68563098,1.00420313437977,3903.00850032652,1571.68730518802
"z_tau_intercept[44]",0.1036612209149,0.0812033965,1.0160689522828,1.043374642443,-1.478350665,1.775401045,1.00230646303615,3104.70891536339,1302.33361280704
"z_tau_intercept[45]",0.070108963201675,0.0868285755,0.97727843150912,0.9700089827883,-1.532786665,1.694906315,1.00265523596851,3119.27686625774,1368.23894539466
"z_tau_intercept[46]",0.00275078137185498,0.0036821809,0.999884045596982,0.996710044659,-1.618516375,1.644488965,1.00335286143928,2887.04405738996,1298.53159530306
"z_tau_intercept[47]",0.031957968431995,0.0261192095,0.979337967335105,0.947037125454,-1.55356355,1.652660585,1.00520075000935,4927.87698078159,1610.02217661824
"z_tau_intercept[48]",0.02053960099783,0.0269650025,0.952691059120981,0.959940927141,-1.595648295,1.55713135,1.00621930429583,2878.3618406856,883.106387995784
"z_tau_intercept[49]",0.04347268380459,0.012594528,1.01973207306084,1.03276440813,-1.62867302,1.69451995,1.00099897702158,3094.92157057525,1339.26788496668
"z_tau_intercept[50]",-0.160473659343955,-0.17341657,1.03497592824654,1.025370244563,-1.82787984,1.586668865,1.00009195449862,3489.78550083294,1420.14060690455
"z_tau_intercept[51]",0.02962771125105,0.027574418,1.03649032198118,1.036203313656,-1.622823325,1.717787005,1.00093712659905,2942.27920861591,1277.48509711857
"z_tau_intercept[52]",-0.0569166056350905,-0.070352046,0.990109692620818,0.971977541262,-1.666909705,1.595463395,1.00524163428761,2873.60098084542,1211.92965960571
"z_tau_intercept[53]",0.04313478346687,0.0458599835,0.96093011203891,0.920919317682,-1.572045515,1.65165252,0.999981117651375,4026.66145868122,1579.22194793049
"z_tau_intercept[54]",-0.047155446344455,-0.048443499,0.98624695573252,1.0079718282984,-1.69355989,1.55779938,1.00330830292214,3195.13599906296,1518.0090632876
"z_tau_intercept[55]",0.09891501848694,0.115730945,1.00878992783978,1.024317087066,-1.492476405,1.698541575,0.999767779246281,2921.3962497075,1438.14800597131
"z_tau_intercept[56]",0.06742311281528,0.071288044,0.999491225916576,1.0336889485944,-1.602902035,1.71840225,1.00058629396438,2794.47207550268,1398.65288839246
"z_tau_intercept[57]",-0.0682901436635,-0.054524779,0.979269314123729,0.980421052044,-1.689267515,1.53070009,1.00129090141228,3038.72204498981,1419.98288207234
"z_tau_intercept[58]",0.01366735939122,0.0434008085,1.01515228723245,1.0585648631481,-1.69660012,1.62490677,1.00169929550497,3206.07238351909,1360.3757124872
"z_tau_intercept[59]",-0.02824443917585,-0.0474951465,1.01531018178636,1.062476816667,-1.678311195,1.65371295,0.999484110601608,3291.16107426823,1462.72636661839
"z_tau_intercept[60]",-0.16223978982054,-0.163996705,1.02708653036901,1.0103451981,-1.89054466,1.500049245,1.00061062578036,3647.69079321962,1420.02838010866
"z_tau_intercept[61]",-0.18193118908305,-0.20406436,0.984368223802514,0.992651530941,-1.76910214,1.437309065,0.999488814919912,2733.96823820904,1468.6074645378
"z_tau_intercept[62]",0.05957018854825,0.0671232525,1.01539060766262,1.0699497544785,-1.648233675,1.75727399,0.999850841685515,3620.14605939109,1314.84564713189
"z_tau_intercept[63]",0.06508259549637,0.061319061,1.01637840442022,0.980840368389,-1.62293523,1.70792183,1.00113037296981,3036.50237116797,1464.01400040173
"z_tau_intercept[64]",-0.032284691509295,-0.0219163905,0.988651174029996,0.98227780098,-1.65556335,1.563687125,0.999578572096232,3623.84326406446,1464.81577768728
"z_tau_intercept[65]",0.0778398061721,0.0530197955,0.995600308723739,0.982389477825,-1.53449655,1.73160657,1.00013332015145,3410.65880193834,1443.16989478449
"z_tau_intercept[66]",0.024298065060735,0.0297180085,0.976132959757322,0.9904867296009,-1.58661766,1.618201075,1.00058621168165,3205.9832163522,1435.52828538027
"z_tau_intercept[67]",-0.0197455812219645,-0.025636732,0.97383518851832,0.9869141980782,-1.586207035,1.54823031,0.999631936130738,3668.32768200632,1355.44567352543
"z_tau_intercept[68]",0.00772069435470001,0.0154348145,1.00157617520308,0.9867539549637,-1.678584725,1.65245252,0.99950453475402,2924.84028219497,1499.54848480466
"z_tau_intercept[69]",0.00308875737331495,0.016183962,1.00297649919646,1.0140478552008,-1.655351255,1.653934045,0.99993096735059,3680.20959214114,1420.04603625608
"z_tau_intercept[70]",0.016792066416815,0.0213846435,0.986428415315884,1.0241408971059,-1.61812556,1.632551725,1.00045548596441,2479.44233594345,1359.45910718723
"z_tau_intercept[71]",0.00980244916625999,-0.00179659965,1.01306338118395,1.012045399302,-1.64507715,1.654322255,1.0026728714237,3321.82963013011,1556.93739633556
"z_tau_intercept[72]",0.03302078840975,0.00528792535,1.01599393812132,1.05957975006891,-1.5708338,1.748010245,1.00064564142116,3070.0355917868,1477.98774361385
"z_tau_intercept[73]",-0.012242066164155,-0.0210062675,1.00138354963076,1.0260863737215,-1.701959795,1.64044286,1.00131883868971,3401.40660390922,1355.10919504767
"z_tau_intercept[74]",-0.065807013029055,-0.067115276,0.968229906443541,0.944316635997,-1.688802855,1.545361875,1.00150517400105,3789.67197940663,1190.56831960119
"z_tau_intercept[75]",0.067049434733555,0.0809843505,1.00709647777678,0.992045058585,-1.57577275,1.729713225,1.00091838720935,3687.32668931576,1434.35852130793
"z_tau_intercept[76]",0.07363072857508,0.0740724555,1.00666099686292,0.9829773131577,-1.538321235,1.748457205,1.00324037709893,3207.306837139,1418.27617228034
"z_tau_intercept[77]",0.077910519447747,0.067378599,1.03237716875925,1.059067355577,-1.595282685,1.752241095,1.00180614318866,3456.96507992322,1441.62593273523
"z_tau_intercept[78]",0.05181503101277,0.049212148,0.967103814188055,0.9605639942388,-1.50271391,1.619177595,0.999523328529753,3435.10513234701,1451.9942623187
"z_tau_intercept[79]",0.0704674458312,0.0686950745,0.986529157033086,0.9788025428433,-1.59601501,1.706767655,1.00146679863859,3252.29064528443,1383.00508450999
"z_tau_intercept[80]",0.00990684614203005,0.00355737745,0.990007239106388,0.97306723380363,-1.583788735,1.595136445,1.0007797484877,3255.06279517001,1264.6375970192
"z_tau_intercept[81]",-0.02731728890785,-0.040406637,0.995139821137955,0.9627715411608,-1.65194076,1.626286195,1.00211593982648,3223.37542119162,1362.55293854491
"z_tau_intercept[82]",0.094844273640725,0.073270045,0.978298698328483,0.94605054411,-1.478668565,1.761247465,1.00652988213776,2766.95272066053,1479.10374543809
"z_tau_intercept[83]",0.07964737098591,0.071240847,1.02814450472606,1.0049895695028,-1.6172242,1.78969879,1.00304057561847,3871.59930512413,1494.71819811571
"z_tau_intercept[84]",0.085509305989145,0.0513596835,1.03249270442521,1.0367705023011,-1.600150645,1.82573168,1.00209580062204,3634.25300678851,1604.83771175594
"z_tau_intercept[85]",0.061127502721405,0.078524954,1.05525961438991,1.040773569003,-1.678050525,1.76263501,1.000238813132,4157.99463784568,1321.77473999978
"z_tau_intercept[86]",0.015917621945895,0.031077128,0.977994403540511,0.9820348799352,-1.57419779,1.645486865,1.0006263916013,4289.63853365549,1893.38552424632
"z_tau_intercept[87]",-0.07669113712452,-0.055796563,0.99729080226474,0.9592401362208,-1.74156642,1.56602604,1.00286500902549,2881.55355158852,1217.54268664545
"z_tau_intercept[88]",-0.018684246990965,-0.00995832745,0.940276822462451,0.94884411470163,-1.57827122,1.52297153,1.00265267382991,3870.85559299884,1491.02186381098
"z_tau_intercept[89]",0.081108520029675,0.0800703275,0.985869180162421,0.9548477476545,-1.539958395,1.68263317,1.00077781507549,3445.96132801599,1325.75010056346
"z_tau_intercept[90]",-0.018677947321025,-0.021308697,0.995791874408851,0.965842060617,-1.685033315,1.62699779,1.00088041382972,3677.98298824149,1472.01522114601
"z_tau_intercept[91]",0.04281416241485,0.055254787,1.01188997915492,0.9911037602928,-1.6410685,1.727479035,0.999406430675137,4029.73991435288,1461.31003337619
"z_tau_intercept[92]",-0.0215666589952,-0.00790527915,0.997287510049541,1.01492664581679,-1.616097755,1.59839286,1.00432277486943,3303.51769056783,1209.94097241718
"z_tau_intercept[93]",-0.0431966540286405,-0.041968975,0.996811578468045,1.001336423829,-1.74592396,1.557248075,1.00330894934519,4009.83399648532,1223.8990388576
"z_tau_intercept[94]",-0.115857050825975,-0.127094485,1.01996504219398,1.0163504694,-1.75957131,1.554178605,0.999989837611501,4238.09472821867,1341.03265661062
"z_tau_intercept[95]",0.055181946300165,0.020878119,0.959134321047907,0.916160609049,-1.522079605,1.62558321,1.00223724484878,4094.70547865695,1417.63567872461
"z_tau_intercept[96]",0.06747545379015,0.072478162,1.02634711033696,1.010531820375,-1.635607695,1.73521576,1.0002442129262,5284.32635222218,1486.8726792675
"z_tau_intercept[97]",-0.025777724430955,-0.044427548,1.01634278140573,0.9789934742952,-1.645061715,1.67992295,0.999967576316856,3500.11927375477,1293.73816218393
"z_tau_intercept[98]",-0.02119771243511,-0.0117254745,1.00780488508911,1.0053881390847,-1.653869935,1.66635718,1.00063280454506,3097.79420875151,1472.13232147336
"z_tau_intercept[99]",-0.05550100189708,-0.047832981,1.01039679835194,1.001429961063,-1.7017646,1.59546188,1.00096601923525,2795.34509966117,1372.36597970218
"z_tau_intercept[100]",-0.101268321275025,-0.116455635,1.00331026211483,1.042815161094,-1.67452296,1.583950125,0.999252861877194,3004.17119760174,1227.42284706412
"w",0.519924001905,0.51990415,0.00481407760552819,0.004925019288,0.5118683425,0.527753583,1.00031692685491,1404.31765554149,1537.75449891841
"beta_sv",-1.04688953937,-1.02653725,0.189675558893725,0.183930503505,-1.394383205,-0.768807138,0.999851240796097,912.934700485431,1290.24485738712
"sigma_sv",0.31014839180945,0.294943895,0.161960723508689,0.166318527606,0.0782938056,0.591815447,1.0022799753256,379.686733698738,646.11723951629
"z_sv[1]",-0.23078193632646,-0.231979125,0.933094965827089,0.895457501106,-1.80184945,1.324650475,0.999458043744826,2845.64447473897,1519.110369276
"z_sv[2]",-0.073154878227657,-0.0779143885,0.954157864025035,0.9552267610011,-1.629986265,1.42124722,0.999447255293464,4023.22457259175,1398.63130049194
"z_sv[3]",-0.0195896647038,0.0029848868,0.94225529857031,0.97857029755632,-1.56750641,1.512821705,1.00064541396434,3759.33737208764,1406.17983644993
"z_sv[4]",-0.19476296166486,-0.19752216,0.969334115421406,0.982235094687,-1.8237021,1.41093319,1.00158120616605,2978.06523251516,1598.44830701296
"z_sv[5]",0.129806861781655,0.16356523,0.978257152101923,0.985319406771,-1.51208919,1.70132587,1.00046206973992,2454.20201402965,1427.36774931614
"z_sv[6]",-0.17306203543255,-0.14719784,0.930294055523421,0.957644194416,-1.706941925,1.25744572,1.00106345041296,2482.06131152327,1511.24448893224
"z_sv[7]",-0.0564529173024,-0.046179724,0.93761985874005,0.9265040583876,-1.676691655,1.42180617,0.999649672066902,3016.7786731672,1324.96946041389
"z_sv[8]",-0.121279226110795,-0.115701305,0.958502364132828,0.994054900797,-1.728935415,1.438919655,1.00254746803283,2714.21812497723,1326.58465251584
"z_sv[9]",-0.029698206586905,-0.016255569,0.892975805039945,0.8669431208424,-1.50320254,1.40118822,1.00121555481447,2383.0565540208,1501.3659139236
"z_sv[10]",-0.141083911848785,-0.11052402,0.958533895835541,0.962682180411,-1.70365538,1.437180245,1.00049575096973,3439.66866274953,1616.97498957494
"z_sv[11]",0.002331071960105,0.013157258,0.992905447938964,1.025474515821,-1.636025725,1.63186215,1.00264884769959,3086.82707078261,1329.91245863405
"z_sv[12]",-0.189359428766315,-0.13740099,0.958577170979161,0.983652934719,-1.80071668,1.348872525,1.00384608125101,3128.76377962177,1216.95983601975
"z_sv[13]",0.588933816862535,0.585688595,1.19523647860726,1.257057999813,-1.4080415,2.536409815,1.00014775215413,1855.04454263101,1390.6779970227
"z_sv[14]",-0.16186757264297,-0.145758265,0.98779035339972,1.020224681112,-1.743905145,1.4339329,1.00086819459412,3506.35877421659,1529.07566430391
"z_sv[15]",-0.119955707564675,-0.10711369,0.965573178719604,0.971923315167,-1.703019295,1.45443239,1.00166574094928,3515.56888501016,1255.84308135953
"z_sv[16]",-0.13542422170661,-0.14069757,0.918573466984585,0.959524086738,-1.669918435,1.35562107,1.0015308437693,3327.25644319971,1602.67239209395
"z_sv[17]",-0.02286335744026,-0.00776271605,0.923627576233972,0.948830374632,-1.54575445,1.449386835,0.999239878226368,2881.21742869326,1485.41955088627
"z_sv[18]",-0.11122258345395,-0.0822627755,0.954682373014556,0.9663925196037,-1.70768597,1.390104105,0.999773110958912,3097.45901773437,1433.97003111634
"z_sv[19]",0.03964735234492,0.0333768405,0.963277778826955,0.9558703369047,-1.55347218,1.623591375,1.0016778269551,3241.25175331991,1405.90797946089
"z_sv[20]",-0.17688359742415,-0.18545738,0.913545910253556,0.865187301384,-1.69423224,1.308172495,1.00165281074314,2972.37984085962,1412.51185197707
"z_sv[21]",-0.2909387270929,-0.29796778,0.939989867363851,0.928410117117,-1.872124665,1.19282974,1.00294204053699,2826.05795903734,1281.57953472926
"z_sv[22]",-0.213614037918355,-0.20608639,0.972755991236427,0.956644454997,-1.873121545,1.362155845,0.999786347385669,2561.38436152762,1298.87992307237
"z_sv[23]",-0.0984542097820855,-0.0957028775,0.961919702188661,0.976432976652,-1.682897155,1.49029901,1.00256498552297,3272.05127689124,1626.83208658275
"z_sv[24]",-0.098769214069835,-0.084348254,0.90855403169169,0.865271542716,-1.56516715,1.38188962,1.00459855780916,3267.34403436657,1496.40282498241
"z_sv[25]",0.0369054068092135,0.029445104,0.962626086930005,0.958736922507,-1.53293038,1.620101765,1.00396067522918,3580.03539686584,1314.54761773942
"z_sv[26]",-0.112976277442475,-0.105986055,0.91325128809896,0.904299015858,-1.58952666,1.334398295,1.00160805051284,3300.59121480306,1207.03349643807
"z_sv[27]",0.0973575118558,0.146798215,1.00940737571941,1.06132113738,-1.61623304,1.655635525,0.9992216098503,3545.03290166207,1139.48325429146
"z_sv[28]",-0.18924300947387,-0.18010692,0.940579766193686,0.949379210913,-1.767244905,1.29400547,0.999915787328097,2911.19654288906,1337.98676037091
"z_sv[29]",-0.103511449222945,-0.080969109,0.987881114870706,0.9956630710866,-1.753180795,1.4733961,0.999907386380204,3090.06106623324,1584.6886213957
"z_sv[30]",-0.08367118768511,-0.0716180125,0.967441450774636,0.981301849878,-1.723623115,1.44685155,1.00218576986086,2545.08473828977,1548.58378031619
"z_sv[31]",0.0059977376646605,0.0147731145,0.956370573710588,0.9534197473647,-1.58447673,1.538192775,0.9998781014764,3291.58551030872,1585.45442491013
"z_sv[32]",-0.26317946865874,-0.267029775,0.924648510893141,0.963096255765,-1.7898226,1.23543749,0.999941063812764,3602.63601474206,1555.26821127289
"z_sv[33]",0.127988819340955,0.165015055,1.01059234999956,0.99928403841,-1.60179558,1.789945355,1.00077248580821,3168.23992977499,1456.68230348408
"z_sv[34]",0.102242179419114,0.149144665,0.993337200528171,1.01095654821,-1.53495963,1.696586555,1.00036538762537,3165.9767224131,1546.84689217677
"z_sv[35]",-0.2408082907146,-0.203935385,0.923361284048522,0.941043892866,-1.76026957,1.19384606,1.00469168119647,3346.24919174143,1343.21355730112
"z_sv[36]",0.374787571930815,0.431548395,0.894586955328374,0.875664539064,-1.178610185,1.782718235,0.99990757742584,2565.4328560804,1393.64179400039
"z_sv[37]",-0.05955454750235,-0.016596379,0.998017549319064,0.993189188418,-1.72748189,1.514644845,1.0001411841774,2918.07416013205,1241.8228867267
"z_sv[38]",-0.17175284114,-0.144110755,0.92961941237327,0.929387832513,-1.68813479,1.28714375,1.00000961398524,2609.64358539517,1560.05282069603
"z_sv[39]",-0.2937675656056,-0.257469655,0.960442862335046,0.914808196155,-1.90254043,1.25805544,1.00033004789466,2954.86462385221,1217.04908345061
"z_sv[40]",0.30431072992587,0.335243155,0.980506763200909,0.954073092861,-1.39376112,1.818930765,0.999515866011173,2452.23811610804,1460.98015759739
"z_sv[41]",-0.23262845181799,-0.21113753,0.946188640079791,0.876061431084,-1.83966855,1.311896975,1.00305342909258,2905.79477987077,1168.25897439568
"z_sv[42]",-0.0896401647684,-0.0777985315,0.967935129087268,0.9492106667211,-1.723819185,1.471206975,1.00008118735796,3238.16683449799,1514.66191210926
"z_sv[43]",0.524411768829015,0.563690855,1.0826565893428,1.104499141809,-1.341217185,2.203102495,1.00379571848916,2486.89404125791,1580.59749096734
"z_sv[44]",0.05518850938772,0.076163264,0.948416333398603,0.9400879183164,-1.48472056,1.554520465,0.999286500051335,2597.75310540709,1338.57560146488
"z_sv[45]",-0.08133349715218,-0.0834554965,1.00719929853674,1.0051152650721,-1.72214038,1.55076032,1.00165704420794,4082.46029777678,1501.79135641765
"z_sv[46]",0.50364612606008,0.56446505,1.01856623880495,1.0240295961,-1.2517996,2.08523485,1.00183689623365,2363.15344118127,1565.83334434877
"z_sv[47]",-0.0167341249104,0.025834694,0.990281955086976,0.9865346628564,-1.693918355,1.62111017,1.00053748740439,2725.12318517586,1514.75363564198
"z_sv[48]",-0.23384352750036,-0.229361645,0.962741422242977,0.952487741268,-1.823540475,1.351227105,1.00266685105553,2316.67703439452,1359.6465980418
"z_sv[49]",0.1279483619648,0.138607155,0.993485193006195,0.981083218269,-1.516063945,1.732833085,1.00316687397336,2875.32034221727,1495.8114274849
"z_sv[50]",0.11152531028157,0.10673746,0.962124037928061,0.989581051515,-1.432341375,1.71936967,0.999829801031486,2845.81975853674,1591.22466582399
"z_sv[51]",-0.285687172049705,-0.283281665,0.889052518804788,0.857958499608,-1.72864947,1.15754918,1.00033109280979,3193.33971025146,1330.95494876613
"z_sv[52]",0.100307217153765,0.125360985,0.97704927923449,0.986473032657,-1.548934435,1.677440865,1.00085086056228,2913.72001167382,1577.43104148856
"z_sv[53]",-0.0975720204072635,-0.0758153775,0.944627280888715,0.9319644393465,-1.73696138,1.375528755,1.00335757833346,3404.45728319328,1362.71587358613
"z_sv[54]",-0.12222441008305,-0.149086665,0.942972839968841,0.964450536735,-1.64718437,1.452732465,0.999705019827023,3132.95884771242,1330.67582229001
"z_sv[55]",-0.25436553396605,-0.257546915,0.918140000448547,0.908517079575,-1.764625395,1.20878409,1.0011029914624,3193.08928861861,1461.47167313687
"z_sv[56]",-0.04428480987087,-0.028850769,0.963556632501445,0.9595023963,-1.622147915,1.49523972,1.00024364677312,2815.22253756195,1555.51940623304
"z_sv[57]",-0.12537106863859,-0.108285115,0.957299260918453,0.984060138222,-1.68695723,1.404458515,1.00274327606852,4069.84363354471,1753.77510651637
"z_sv[58]",0.422925727098365,0.461183585,0.93402091052824,0.927625710522,-1.143527395,1.899210375,1.00117572915709,2149.74600226846,1474.79167784839
"z_sv[59]",0.218391861142749,0.26005019,0.981738385555131,1.024702933716,-1.42183186,1.75755091,1.00021368785558,2796.00148769763,1823.58221567089
"z_sv[60]",-0.40928052697055,-0.383957425,0.907962419508809,0.923568486666,-1.974864645,1.067553435,1.00179311572245,3388.13218138803,1601.8955933466
"z_sv[61]",0.131630752285705,0.15687746,1.00432686620401,0.99923926389,-1.57054784,1.826689165,1.00148548140687,2662.42005924003,1366.61273574595
"z_sv[62]",0.07940176593549,0.0858342435,0.957101489633791,0.9677899575771,-1.46975785,1.663175215,1.00050332358797,3173.25772171563,1792.8003393762
"z_sv[63]",-0.094922107238785,-0.0852168165,0.943780120792234,0.9668294299629,-1.63838254,1.33551843,1.00476547055747,2762.04973594886,1442.03582343294
"z_sv[64]",0.10438127311342,0.1426998,0.969397438375214,0.979811458815,-1.55309893,1.62979239,1.00058003988453,3324.10665732023,1500.75242020214
"z_sv[65]",0.03427058553762,0.02664598,0.984421813859432,1.014245963178,-1.596669785,1.62947457,1.00034156057602,2378.29651522745,1457.08109957158
"z_sv[66]",-0.10574142505808,-0.111893995,0.90241539876645,0.921418783383,-1.61827333,1.38646869,0.999558053722583,2620.41443713667,1458.88578565755
"z_sv[67]",-0.4663688174221,-0.446238295,0.891143023229096,0.88844975499,-1.897912685,0.9727922265,1.0007449361256,3178.34485162741,1201.12838835324
"z_sv[68]",0.03528713394046,0.0349062375,0.962607824941711,1.0038046970805,-1.55857236,1.526817995,1.00019948470008,2966.97696041428,1651.35694417386
"z_sv[69]",-0.032400442996005,-0.00533874535,0.985733145704308,0.99065293373109,-1.713714795,1.53399593,1.00384493721133,3033.55640235041,1414.98191952998
"z_sv[70]",-0.081506086809185,-0.051425194,0.942574528959005,0.977673112248,-1.70972947,1.399920825,1.00021414912664,3558.14307103079,1728.80260146198
"z_sv[71]",-0.014365164143365,0.0252689735,0.937359910675875,0.9135565948719,-1.636531565,1.491368675,0.999834613220591,2677.12179702102,1588.78507907482
"z_sv[72]",0.02463520235493,0.0269916655,1.00271733588961,0.9950890817553,-1.62447715,1.660495525,1.00232094325123,2850.44437426584,1450.36223938972
"z_sv[73]",-0.084000848611795,-0.075447192,0.989625985519493,1.00828912842,-1.73382005,1.503183165,1.00133639756905,3523.78274587096,1659.60557500619
"z_sv[74]",-0.11633836433664,-0.109553395,0.965376147876601,0.949530273027,-1.674342205,1.48622099,0.999633306861667,3139.50420891901,1422.00911653369
"z_sv[75]",-0.27592610075406,-0.258660455,0.954659509250618,0.969578902026,-1.84870408,1.242473755,1.00078514956213,2772.10167682461,1305.80373529534
"z_sv[76]",-0.037745029418895,-0.018527164,0.967407091887619,0.9357968246886,-1.660955925,1.553843895,1.00545115946734,2556.20221691382,1536.80717743943
"z_sv[77]",1.2670836433562,1.39621775,1.08924399264811,1.095085736346,-0.7653036735,2.80906932,1.00160297003415,953.698507810979,1596.91025109762
"z_sv[78]",-0.192739458754975,-0.18370017,0.926312498605254,0.927497487861,-1.73530968,1.31597557,1.00715648503948,4015.53920357973,1454.05101000156
"z_sv[79]",0.057117972688285,0.071563473,0.932342032034901,0.9298929736068,-1.50593407,1.551434075,1.00095437932514,3030.89699223978,1348.99404317421
"z_sv[80]",0.604668129264,0.641792455,1.09858267343342,1.207972212447,-1.236441705,2.3178301,1.00163918186325,1975.93816204882,1502.25346962125
"z_sv[81]",-0.216994439122435,-0.200078655,0.933095058783126,0.9202883676,-1.769173125,1.266655115,1.00108075055284,3289.58286799632,1154.07098364241
"z_sv[82]",-0.069144972740195,-0.02020422,0.945170451167659,0.934413268299,-1.68648543,1.51460414,0.999654710259322,2808.87609435903,1299.87906300694
"z_sv[83]",-0.18578299886195,-0.170912565,0.9387781002209,0.954098148801,-1.76992814,1.313722745,1.00247606548144,3079.3256874654,1321.85240579463
"z_sv[84]",-0.389249006271985,-0.385655815,0.910265775218939,0.908077740717,-1.87345972,1.12928726,1.00515224034695,2754.30937370925,1387.15134035635
"z_sv[85]",-0.050889558511895,-0.0460249615,0.958510584095363,0.964889994201,-1.61991119,1.495516855,0.999886995321068,3956.05856532655,1171.20903408117
"z_sv[86]",-0.300442404861665,-0.300849135,0.902559985250822,0.947035628028,-1.76332887,1.169306425,1.00145355337079,3212.37952201126,1669.99526383031
"z_sv[87]",0.120238314858715,0.150314885,1.03424860482252,1.020442541769,-1.653023545,1.78430076,1.00038128118813,2986.40981824395,1474.61733981075
"z_sv[88]",0.270028159448345,0.29486142,0.989060207499496,1.001278847058,-1.36671721,1.83214088,1.0002323222523,2824.02616580179,1840.63032752006
"z_sv[89]",0.17872866495904,0.19010012,0.97093499631329,0.939703867095,-1.445194475,1.74360085,1.00099627074963,2753.91890339913,1554.13697310604
"z_sv[90]",-0.204236679560636,-0.181436025,0.953165318538704,1.003423553979,-1.812420875,1.325439725,1.0000822108058,2820.07375921567,1394.60698187606
"z_sv[91]",-0.07165640223705,-0.061743692,0.957183980968056,0.9544982625108,-1.609058375,1.494891125,1.00060103348235,3107.69506831929,1693.22029187054
"z_sv[92]",-0.225721867439,-0.223304415,0.950187909322892,1.02325486347,-1.780443365,1.25346572,0.999382088231275,3594.29558498292,1416.96986638522
"z_sv[93]",0.66798429998313,0.743323655,1.02271936740259,1.032687676167,-1.060199265,2.237962205,1.00166546298081,1527.36973452176,1448.07747298717
"z_sv[94]",-0.024518052536175,-0.0182947175,0.976204057572568,0.946213896978,-1.68467884,1.534037875,1.00104515855959,3322.50223734735,1457.23395432176
"z_sv[95]",0.0867339732043,0.11418489,0.944051084318154,0.972680679138,-1.517161085,1.53611133,1.00007155065592,2367.65566009228,1483.19437383575
"z_sv[96]",0.59112961955163,0.58492284,1.08434867640108,1.113996277107,-1.21380521,2.33542712,1.0005952659227,1919.92311586112,1410.55878146577
"z_sv[97]",-0.028713415633815,0.00857245525,0.956223223080689,0.933167113347,-1.658630615,1.48158845,1.00110855029724,3085.42997005089,1508.10666910749
"z_sv[98]",-0.03091126347276,-0.018339825,0.948222247993558,0.947449280841,-1.600478405,1.50423878,1.00104471200369,3309.59554555103,1167.49959095748
"z_sv[99]",-0.11920404608479,-0.098160846,0.981628567401585,1.0140161142174,-1.720823025,1.46990584,1.00134940795537,2838.57779473484,1570.7887453457
"z_sv[100]",0.37855214112479,0.4147781,1.04861086969477,1.08295516245,-1.418920345,2.032899395,1.00150243291635,2068.28198365698,1326.10985142555
"nu_c[1]",1.948519591,1.9492834,0.15812723353288,0.15971590194,1.69095282,2.207719725,1.00011840828901,2832.00321562087,1646.03127976262
"nu_c[2]",-0.2477303332251,-0.245708745,0.170091976980677,0.172594254798,-0.52955006,0.0344292096,1.00111799739763,3237.60953797379,1629.69535122775
"nu_c[3]",0.89868982357,0.89698493,0.203849544749361,0.203678157291,0.574962219,1.22971071,1.00030105413174,2058.50095755102,1403.31724142505
"nu_c[4]",0.75181621598,0.7509441,0.183704033418374,0.185482496598,0.4420513895,1.057794945,1.00091263829569,2477.81138896175,1822.25496573517
"nu_c[5]",0.5274935485094,0.52643801,0.173898256351981,0.172205872902,0.2400739605,0.8197487225,1.00065263687408,1788.20816717102,1604.34703984422
"nu_c[6]",0.100130921145045,0.10192312,0.187177892044636,0.186856429431,-0.2003842045,0.398383817,1.00039341135259,1971.69785150017,1592.076633076
"nu_c[7]",0.80147073075,0.803161125,0.146361595856522,0.145374956769,0.5579258515,1.03818047,0.999979428581626,2773.60521377008,1509.11254284432
"nu_c[8]",1.426675840505,1.42844035,0.154551523378021,0.15727546821,1.170036485,1.67885615,1.00096088515359,3330.53393783041,1600.63826030719
"nu_c[9]",0.48460518547265,0.483906205,0.163804881624288,0.164144064903,0.210318567,0.7523256975,1.00041006045635,2013.71310359876,1536.27662896609
"nu_c[10]",0.541840558684,0.54305563,0.171143612439193,0.16909712757,0.259148373,0.819576059,0.99948536193353,2400.79758433985,1430.12830173373
"nu_c[11]",0.88143322236,0.87894202,0.194684180521824,0.19031713659,0.559085104,1.203663915,0.999882319493066,2216.83208343683,1810.941327627
"nu_c[12]",0.48026083911,0.47761883,0.178085135203485,0.184260159615,0.189953301,0.7738898365,1.00201817780674,2259.9105622287,1794.47063046445
"nu_c[13]",0.3975505156446,0.39635293,0.172661294807228,0.172985194179,0.120193934,0.681409067,1.00033942888524,2350.70593377112,1205.65828666689
"nu_c[14]",0.95020639906,0.94594831,0.159486563531112,0.166977958434,0.6867612225,1.208678225,0.9997311066542,2576.95981017937,1833.54144308977
"nu_c[15]",0.5344962816845,0.52934497,0.17673167246334,0.176704577973,0.251147771,0.8351225825,1.00114986317937,1532.5158259172,1686.9984727345
"nu_c[16]",0.38550446689195,0.38777879,0.158192187630409,0.152879625927,0.1251185,0.635700102,1.00094673936925,3132.13752505043,1461.89204047165
"nu_c[17]",2.2402321574,2.24398975,0.180449504750383,0.17604029163,1.95054758,2.53484925,0.999143435248528,2786.06493807092,1799.26863594819
"nu_c[18]",-0.0658218024688939,-0.0674956295,0.175516139581365,0.1764094345671,-0.358196305,0.2297417495,1.00165368525396,2188.27744896315,1625.86980274226
"nu_c[19]",1.126868566635,1.12476235,0.166466066223792,0.16240682094,0.860729841,1.404774925,0.999869313097084,2731.15474609561,1674.03613637902
"nu_c[20]",-0.0511310431022645,-0.0517770155,0.214384328104922,0.2106875016498,-0.4067914845,0.2970611235,1.00270134055836,2080.53423406395,1601.19795835317
"nu_c[21]",0.125909244985785,0.1263679,0.225260128028997,0.2223286070166,-0.2333348675,0.5025192105,1.00006289479069,1409.34570747498,1433.2646962451
"nu_c[22]",1.49263599605,1.49317825,0.145109045709762,0.15121156008,1.253290535,1.730291455,1.00281309448589,3340.35039275572,1519.64873105875
"nu_c[23]",0.628260954885,0.624364775,0.199212703400894,0.19392919497,0.3112785515,0.958893649,1.00013585237734,1996.89120311794,1723.43823396424
"nu_c[24]",1.15874030136,1.1603981,0.178090924238469,0.18129343995,0.86674833,1.450858255,1.00043140326574,2033.76319240861,1517.54165447162
"nu_c[25]",0.3775486732809,0.37473652,0.18147459853753,0.180197931984,0.102386374,0.686329295,0.999151460185767,1944.76889577219,1786.56798906893
"nu_c[26]",0.6549546953545,0.653551385,0.182600978842093,0.179366986575,0.3537441795,0.957371807,1.00131699422823,2340.16504444043,1619.91946648206
"nu_c[27]",0.925005583325,0.921388765,0.148284108583599,0.143119877691,0.6845029965,1.170487335,0.999566272255377,2963.96547933383,1606.32226704744
"nu_c[28]",0.564368260956,0.564462095,0.167623120221404,0.163491743142,0.2939076925,0.8493868925,1.00111182857217,2569.26955760826,1740.97536591369
"nu_c[29]",1.369952326655,1.368278,0.152191499085654,0.1495083492,1.12734481,1.622690095,1.00277958424184,3464.5534525496,1666.45640626189
"nu_c[30]",0.7396019733,0.74132973,0.167576179185366,0.164275749435,0.458235618,1.012584825,1.00104054717708,2109.85488301622,1531.12324771963
"nu_c[31]",0.240764668400672,0.245923085,0.20400507428712,0.20584173771,-0.09858217495,0.5722248665,1.0005004960716,2181.12592845393,1713.70357563699
"nu_c[32]",1.403284470435,1.4063658,0.152594725139422,0.15651252225,1.1527155,1.66010059,1.0018789666063,3658.31312517533,1536.2460029377
"nu_c[33]",0.37310389579825,0.37379903,0.165641620451532,0.161110524456,0.08856995035,0.6412266055,1.00016503415911,2506.35169471121,1540.30586958881
"nu_c[34]",-0.337616790980415,-0.3390097,0.191031630066891,0.191991303336,-0.64237258,-0.0202128448,1.00051690124897,2025.22865713213,1637.50836306681
"nu_c[35]",0.6005438295035,0.59664292,0.180408557972179,0.179683432719,0.320406847,0.902219078,0.999787422556854,2145.93904043294,1493.77054415412
"nu_c[36]",-0.0606094139540155,-0.0635084095,0.147860227776798,0.1448660402343,-0.299313501,0.194291668,1.00115923479782,1857.84741157658,1696.25578200713
"nu_c[37]",0.6106588451135,0.60844566,0.180120530575444,0.177831361386,0.313545318,0.911878738,1.00128189118758,2102.16389565015,1550.25156335758
"nu_c[38]",-0.341745413195095,-0.338101925,0.225293888284926,0.224532683172,-0.7096251135,0.02140142615,1.00029551415437,2093.66494361229,1610.6081211031
"nu_c[39]",0.0232890580173235,0.0206768445,0.241137570271832,0.2379882930117,-0.366183265,0.4203689325,0.999912821180226,1644.17526584112,1528.48415911462
"nu_c[40]",0.42156226564945,0.41936987,0.171260458566305,0.175305403875,0.1461421405,0.7002941725,1.00130204667321,1960.97782951115,1446.09888500971
"nu_c[41]",1.567877514765,1.5668818,0.17393429441263,0.17066067753,1.28739417,1.84831216,1.00135202770966,2202.88347786998,1524.14350824176
"nu_c[42]",1.14428928493,1.14338435,0.175700853168373,0.17748701271,0.8629651215,1.43319091,1.00156993533242,3395.87825339977,1419.94257316907
"nu_c[43]",0.268536283944995,0.266730825,0.18028753221698,0.177764169954,-0.0332525606,0.5665610645,1.00053549613528,1916.39916074527,1511.87360445825
"nu_c[44]",0.337230802225305,0.336518475,0.170077885538887,0.168064370649,0.05537441955,0.615040307,0.999825266709016,2306.60695616494,1657.05575697818
"nu_c[45]",1.02199370163,1.02431295,0.162721535129775,0.161903315154,0.7520565425,1.29618695,0.999524845631388,2873.31876556035,1780.4209172593
"nu_c[46]",0.5983514630905,0.592726095,0.166795260611843,0.163933661724,0.333571407,0.871392052,1.0031325181435,2360.15983492214,1685.34193931138
"nu_c[47]",0.47577544889225,0.477058465,0.172089972069835,0.177564752841,0.195672269,0.7637585225,0.999777988537772,2167.48651193311,1589.44725693351
"nu_c[48]",0.642260957320845,0.643055745,0.179990902414726,0.173584409208,0.350457108,0.946985625,1.00112638723697,2345.77184917732,1452.26079578393
"nu_c[49]",0.5986622312,0.596738075,0.170923680448141,0.173305065129,0.3167580185,0.8817963345,1.00037375505306,1982.96860747395,1793.41558903446
"nu_c[50]",-0.115658188933175,-0.12071725,0.205796016592961,0.2030788785102,-0.452236742,0.2286891015,0.999976903058869,2344.93826910584,1626.19146662369
"nu_c[51]",0.5043510601885,0.50565725,0.181538953983436,0.173089383894,0.209788835,0.798668467,0.99965203182531,2764.31664010235,1637.78726737952
"nu_c[52]",0.663954919175,0.662171655,0.160857313983832,0.158349426585,0.396861192,0.9286361705,1.00083457642746,2269.75647137266,1471.79615608047
"nu_c[53]",0.40342576524756,0.40239089,0.2115477616205,0.217555804788,0.0583209032,0.7497912455,1.00136107788943,1902.02438529566,1443.50825304758
"nu_c[54]",0.705981024985,0.702997005,0.168079990437097,0.168195795726,0.4358876335,0.972936309,1.00105223377221,2689.13115881478,1646.55867123959
"nu_c[55]",-0.09530572992832,-0.0962702255,0.190990805612548,0.1913125727625,-0.405854962,0.2060360525,1.00202620943925,2183.99936947076,1619.57171903146
"nu_c[56]",0.99388291655,0.990523275,0.148509479764933,0.144902318715,0.749614297,1.23854801,1.0002426678666,2929.50746576056,1756.13841954322
"nu_c[57]",0.6017973408,0.599892255,0.15569245625329,0.158587524732,0.351410863,0.85169918,1.00404232069137,3054.87646123365,1751.17701691199
"nu_c[58]",0.39600343525489,0.39416426,0.226049109672085,0.233156263137,0.0271841057,0.7763854395,0.99946474927174,1954.34718082414,1622.93872108731
"nu_c[59]",0.55965422615362,0.55873517,0.189342537371837,0.188672629257,0.2442986965,0.8661214875,0.99948502142541,2319.6106374211,1730.57226235119
"nu_c[60]",0.47561828931744,0.476094755,0.25364469647268,0.251439122949,0.05977165475,0.884966326,1.0010231790251,1359.49781058426,1234.28365803478
"nu_c[61]",0.263887685720135,0.265927765,0.206217590800429,0.206268000036,-0.07571328135,0.596235949,1.00316808502591,2013.48395845706,1670.90075898273
"nu_c[62]",0.349661940561705,0.351671235,0.183986115302124,0.181548995712,0.0455962056,0.6578414715,1.00035662638235,2420.31347575085,1503.75228314462
"nu_c[63]",0.617130300512,0.616545085,0.162803946014736,0.156918406239,0.350241763,0.8851033005,1.00065209255121,1957.40356580385,1356.8951527013
"nu_c[64]",0.89305115029,0.89302859,0.147624551726478,0.146713107051,0.656470877,1.141928375,1.00070684220859,2795.08511390422,1531.30476289785
"nu_c[65]",1.21616783962,1.2098493,0.175338819382159,0.17337917289,0.9427957795,1.502613355,0.999782353291648,2526.58441162227,1380.62062507452
"nu_c[66]",0.93340910388,0.932706585,0.178601522765614,0.179827215267,0.6552499175,1.224703025,1.00052778540008,2881.68760666853,1654.20481898221
"nu_c[67]",0.6375226423708,0.63206425,0.272578168713248,0.269874920364,0.1938190505,1.08134061,0.999392996817124,1519.59652262957,1618.34945029249
"nu_c[68]",0.371774776236155,0.36809108,0.192542588534427,0.190098504981,0.0452655218,0.6857767055,1.00025410680651,2160.25981492788,1575.43689437691
"nu_c[69]",0.315331706897725,0.318867945,0.166871756280585,0.159975883263,0.02961757285,0.586304263,1.00068757047194,2768.12208312311,1664.10271648805
"nu_c[70]",0.060925677999825,0.064256092,0.204269208997604,0.2036599628238,-0.2795355215,0.391774597,0.999497707028554,1957.77135102508,1783.16983109738
"nu_c[71]",0.5555298241433,0.558291765,0.172449973444709,0.165778527621,0.260890597,0.8335346095,0.999390282076341,2423.18506672953,1596.33263455574
"nu_c[72]",0.826148180105,0.825761235,0.175626714934625,0.174410899404,0.5394883105,1.129779925,1.00160698688719,2902.88009109061,1598.76325901065
"nu_c[73]",1.479693848245,1.48059445,0.164743843559327,0.1607182878,1.206874445,1.752393645,1.00048815221021,2649.35443563966,1792.2637721043
"nu_c[74]",1.33600963904,1.33805355,0.190454120039506,0.1918751268,1.026168385,1.657462045,0.999765055590499,2420.47781909079,1606.576738871
"nu_c[75]",0.820429030755,0.82197907,0.152505049625215,0.151502238636,0.567717978,1.06589933,1.00282461684494,2443.82126996991,1504.25415026293
"nu_c[76]",-0.0635243161198855,-0.065595823,0.194927284075954,0.202107765132,-0.3777453425,0.2562117155,1.00022338871449,2110.87585626792,1639.58140892425
"nu_c[77]",0.6749110755335,0.672395085,0.183512470868755,0.191952058914,0.373021268,0.9794184985,1.00011073650292,2501.31030302742,1592.49859364592
"nu_c[78]",-0.348866647382745,-0.34944957,0.188978049415401,0.186978966321,-0.6605911375,-0.0503016181,1.00105254830824,1723.18793944394,1236.8651877562
"nu_c[79]",0.48436464995925,0.48292953,0.197735079693204,0.19571276277,0.1637023925,0.807913452,0.999832215509078,1826.41688311488,1611.40578164336
"nu_c[80]",0.38286282703975,0.38235219,0.176760867125751,0.176879420991,0.09533092195,0.679470514,0.999811238792967,2691.22334751157,1513.6943134868
"nu_c[81]",1.380542802545,1.3807774,0.144759803606511,0.14185034955,1.13444248,1.61439831,1.00108568623172,3111.94102743708,1783.66585887105
"nu_c[82]",0.955793372385,0.95314955,0.163486177477988,0.163771050156,0.68919564,1.22529114,1.00005216380128,2515.27116858206,1581.9240365167
"nu_c[83]",0.5545773420555,0.55258044,0.168383366350001,0.164729202645,0.278135048,0.8283063075,1.00207750240599,2027.25536525903,1575.17265769595
"nu_c[84]",1.45799762477,1.46110005,0.146377917721417,0.15396838065,1.22070258,1.690642,1.0015604253422,3447.38877305265,1827.26879645183
"nu_c[85]",0.73321168184,0.73385144,0.166392717687324,0.16427675019,0.4513687275,1.008948045,0.999763153768958,1864.94560623329,1551.27940822168
"nu_c[86]",0.6698770328155,0.66860905,0.207522259972861,0.206722016634,0.328666059,1.009480615,1.00005779913104,1889.5884999139,1507.92681017959
"nu_c[87]",0.96748746425,0.96822607,0.17445274566214,0.177004181781,0.673262505,1.246160175,1.00055797256625,2089.23501229516,1513.65102580868
"nu_c[88]",1.10385983019,1.10464025,0.212892654338777,0.2105914692,0.7484358815,1.452075325,0.999764697176927,2056.29387527307,1353.76971381858
"nu_c[89]",1.203274652625,1.19766485,0.167997687805951,0.16445473632,0.9399809725,1.48305421,1.00034828118031,2542.17335511482,1725.01621344064
"nu_c[90]",0.3055081900309,0.305838835,0.184789801125541,0.181356480102,0.00694468127,0.6165609835,1.0005350530434,2492.27925252713,1601.22843482314
"nu_c[91]",0.713383677755,0.71304937,0.169118551761887,0.170938435227,0.4363142775,0.984085364,1.00060101491938,2479.02778360366,1824.96156335198
"nu_c[92]",0.63076451309195,0.625838765,0.223432657874369,0.221419653126,0.259221307,0.988207352,0.999669903970862,2433.35853858615,1724.10165097735
"nu_c[93]",0.53024071931,0.53134591,0.177344126840264,0.172019080128,0.238632132,0.825645178,1.0004793790209,2056.67197260511,1554.56879510995
"nu_c[94]",1.09960140196,1.09504715,0.154190206484466,0.15106011249,0.854048871,1.35953952,1.00148170929657,2635.60476599103,1329.72047685927
"nu_c[95]",0.49476193773033,0.496368245,0.200042207017566,0.193431656649,0.1575027715,0.832383502,1.00294478089902,1684.58045758085,1328.65577197574
"nu_c[96]",0.61692968815,0.613375025,0.158715478782782,0.153236398791,0.3511924525,0.88410236,1.00156045165838,2467.82081144796,1597.62086616536
"nu_c[97]",0.402853624559055,0.405389835,0.159103898652374,0.158845808478,0.1321197855,0.65647438,0.999828715774409,2244.91409140564,1536.05648403675
"nu_c[98]",0.422681999797942,0.42378754,0.188971748648574,0.186867526692,0.1124648625,0.724424424,1.00000391465792,2014.98177395364,1558.11508043186
"nu_c[99]",0.740481461105,0.73652772,0.176940259001872,0.180282536553,0.448180881,1.03177193,0.999596964956655,2308.43755921447,1631.03365590896
"nu_c[100]",0.897558681285,0.89850561,0.173535866402195,0.174453079374,0.6067317475,1.187631405,0.999621968261321,2036.8782956747,1663.70338320787
"nu_r[1]",-0.0613418149797165,-0.0593207905,0.148545034996029,0.146051830386,-0.3079679265,0.1845649405,1.00001207997568,2897.17822051057,1329.3079818022
"nu_r[2]",0.715623493795,0.71173596,0.147433267602425,0.151975684707,0.477145051,0.957259686,0.99980028445225,3016.34953879969,1533.30437191496
"nu_r[3]",0.93838773483,0.93420582,0.160491488384984,0.162658670202,0.6781401455,1.20893881,1.00026297376937,2490.2751991278,1599.27084216657
"nu_r[4]",0.685169960135,0.684409785,0.151264895291161,0.147988439571,0.438971934,0.9361579265,1.00138496498975,3026.69414387309,1623.7227444394
"nu_r[5]",-0.076891039831657,-0.07479384,0.130217507366084,0.128061420837,-0.295844104,0.133138473,1.0026241799639,2449.72304639671,1230.4145808696
"nu_r[6]",0.67614319868,0.672035165,0.146458393289147,0.145355334558,0.428835595,0.912140212,0.999704766300728,2375.49772706787,1613.35345561503
"nu_r[7]",0.3448843096203,0.341338555,0.133163596738248,0.133482955452,0.132058164,0.571926241,0.999960803596304,2587.0940162734,1692.57773546738
"nu_r[8]",0.103320227852849,0.10458062,0.142283323816147,0.14327971650048,-0.1273179445,0.333071183,1.00323547053111,2761.73981618837,1449.14931208881
"nu_r[9]",0.13890383916708,0.138622145,0.129217373051097,0.1272593134806,-0.0758408005,0.3540996795,0.999571818530238,2640.57225237607,1470.63396227374
"nu_r[10]",0.068869010848905,0.0678366725,0.140532965887275,0.1406884574277,-0.165070733,0.3054549485,1.00130060628727,2889.10280978935,1487.56344527967
"nu_r[11]",0.76814217738,0.766565955,0.160037170142418,0.161781823497,0.5111459565,1.028506695,1.00374427860422,2577.52964274949,1398.60882014617
"nu_r[12]",0.4670230212485,0.46486323,0.140027731272597,0.135708189792,0.2324843085,0.701713343,1.00303546430075,2763.10325527747,1747.81682078477
"nu_r[13]",-0.201131644033675,-0.206587115,0.154662360521984,0.153364421301,-0.4457011245,0.0540782329,1.00145557634368,1708.64519013388,1168.22631303499
"nu_r[14]",0.44470032583665,0.446640405,0.148053906013949,0.142881779544,0.198444269,0.687842483,0.999962764632601,2767.59305381307,1742.35141158922
"nu_r[15]",0.530847626055,0.53297657,0.138612795680147,0.141430944249,0.305524454,0.761718502,1.00001900022468,2604.78751421801,1349.28671182132
"nu_r[16]",0.840142596425,0.83858415,0.151022180108987,0.151594537899,0.598250799,1.092489935,0.999820708656533,2757.35176051319,1548.54359846663
"nu_r[17]",-0.121821582227027,-0.121911545,0.156074317450438,0.1548728044563,-0.3691622345,0.1348720365,1.00458793458989,2712.45394082652,1527.59426297681
"nu_r[18]",0.131471936387205,0.133003165,0.130570858951934,0.1275277404345,-0.08093412745,0.3505822185,1.00060882856485,3011.31775909499,1650.86286511888
"nu_r[19]",0.47007921780855,0.471865085,0.152966620433748,0.149664526284,0.2166795225,0.717753917,1.00107358845726,3089.44538530979,1411.36413040349
"nu_r[20]",0.6030361030115,0.60633863,0.152354739602337,0.148875619998,0.3510527675,0.8506302225,0.999596061723769,3146.29008445984,1679.58960591813
"nu_r[21]",0.5316566276285,0.532122595,0.147089096874478,0.145746963348,0.296740002,0.774823409,1.00069312903604,3119.60565804788,1320.56070742672
"nu_r[22]",0.3781708102828,0.38069404,0.140854300987577,0.147685848324,0.145726387,0.5968896025,1.00166059356227,3702.47061638097,1539.96319608234
"nu_r[23]",0.59882805546,0.600764125,0.15160158727357,0.149434827066,0.347753203,0.853074442,1.00317656570856,2597.33807345284,1401.59838942962
"nu_r[24]",0.886828647075,0.88799457,0.161764086671052,0.165628088199,0.618110865,1.152252645,0.99965074700601,2626.45709146958,1818.34329776894
"nu_r[25]",0.169055647286585,0.17141318,0.153354892185088,0.1532840680875,-0.0863012791,0.424904602,0.999903222776169,3322.38456852829,1315.67110825632
"nu_r[26]",0.527405051047,0.524345245,0.144278407121011,0.148781126487,0.2915231805,0.7689415725,1.00084705325842,3291.69095860562,1569.22043325045
"nu_r[27]",0.17472521090476,0.174600325,0.131446369900275,0.129070196703,-0.0438939784,0.3903071,1.0002031373532,3168.96973676177,1485.85448715389
"nu_r[28]",0.480401906149,0.479399145,0.138933425830531,0.139424845602,0.257370387,0.7085681665,1.00079152806777,2699.46194305269,1530.69101299048
"nu_r[29]",0.254272410117574,0.25224544,0.129438228707642,0.126256711161,0.045464823,0.4709459255,0.999528974362879,4332.91821983976,1445.06346697652
"nu_r[30]",0.20090236895467,0.20101174,0.129832703165217,0.128555615895,-0.0126362063,0.4167587415,0.999648191493972,3255.45279124411,1544.75314582063
"nu_r[31]",0.102113915575375,0.10431701,0.145457386948872,0.14678552642712,-0.129307367,0.347117297,1.00096436683561,3494.29676967286,1454.54112533809
"nu_r[32]",0.24468244615879,0.24444547,0.14467365210923,0.144399302187,0.00398188115,0.4818309145,1.0007555767933,3115.31888247538,1564.08809874957
"nu_r[33]",0.2478415242256,0.244583265,0.142603258641582,0.150717476217,0.01844863615,0.47874127,1.00047117793009,3305.13838267709,1424.96491833288
"nu_r[34]",0.4444820126624,0.443648845,0.148982924098584,0.148200910977,0.2012839885,0.689462411,1.00398237699154,3004.29568650738,1546.26821844866
"nu_r[35]",0.473432486262,0.47255648,0.137228422239367,0.138289166589,0.244399506,0.7028426265,1.0009335032387,3030.54597441375,1653.628328497
"nu_r[36]",-0.111085746752989,-0.112350575,0.114223288322637,0.1090156187715,-0.302112606,0.07961473605,0.999861689828201,2806.61602553014,1443.72734567831
"nu_r[37]",0.603572801298,0.603286315,0.147263195162438,0.144882155355,0.3712843795,0.846536221,1.00187326485496,2676.9093479777,1351.9170188273
"nu_r[38]",0.16973816317292,0.166869885,0.132803994650468,0.1333520292699,-0.0416854101,0.39016897,0.999675802744982,2737.28314921721,1540.85761228442
"nu_r[39]",0.73649327521,0.731845305,0.155835417279639,0.156158736825,0.4763081105,0.995713645,0.99928605979988,2460.47904620265,1562.91617486344
"nu_r[40]",0.4780678909245,0.476029645,0.143516999777458,0.14396505606,0.2471068565,0.7172685685,1.00052626229298,2817.74154391494,1464.62826368207
"nu_r[41]",0.80338286876,0.803158035,0.154280753953952,0.153351063075,0.5544811185,1.06088714,1.00074973609726,2630.89556845415,1430.48084224395
"nu_r[42]",0.73664659697,0.736605755,0.155101366594448,0.161362685064,0.4900831385,0.9831732315,1.00192608344243,2774.0861630713,1361.80831733634
"nu_r[43]",-0.155461528838184,-0.163265675,0.145589047926394,0.1382307795771,-0.3875664865,0.0902984055,1.00044454221177,1930.65762967068,1184.85939244829
"nu_r[44]",0.50942639095365,0.511913875,0.142515338413039,0.145923096228,0.285465427,0.739164855,0.999440093443032,3130.18111729683,1682.26997356656
"nu_r[45]",0.4128796586137,0.41025362,0.151200833683066,0.153051133095,0.165359857,0.6618108885,1.00006257331107,3790.88844650217,1539.789532456
"nu_r[46]",0.4449586020716,0.438070405,0.146667790413007,0.145991807325,0.2084748805,0.703537569,1.00238609784018,2751.2376610378,1403.7089450701
"nu_r[47]",0.3769968974416,0.378879335,0.138631248141754,0.140744152038,0.152008808,0.6105747895,1.00087568398174,2904.84807325327,1229.5588064345
"nu_r[48]",0.634331611165,0.630738055,0.140384863752394,0.142151821434,0.408672739,0.8685730815,1.00037641030616,3010.67156567498,1558.88946812746
"nu_r[49]",0.4752867787205,0.480087415,0.141026785777549,0.140113824648,0.2471897965,0.7062935115,0.999681677484266,3286.32303379964,1475.78985344416
"nu_r[50]",0.4598138501925,0.46437623,0.155140558221256,0.155626935618,0.2096863145,0.7117783815,1.00350955356961,2640.20294266656,1745.72571667358
"nu_r[51]",0.25502006178985,0.253214905,0.136025570994998,0.13505804004,0.03130449855,0.4797954485,1.00095566440461,3170.58191580094,1533.6642512615
"nu_r[52]",0.009179211354417,0.00980714435,0.133649596545034,0.13277806566171,-0.2087972905,0.2254022795,1.00074846931426,3535.78659231285,1557.33507916046
"nu_r[53]",0.591577753643,0.594673995,0.144296195731789,0.144167816436,0.3457898985,0.822483597,1.00053354879221,2582.26114695829,1610.31296163706
"nu_r[54]",0.783285767615,0.782179285,0.154179420291599,0.158012135085,0.5288607185,1.03317307,0.99984656128458,2331.32914612573,1409.13975535681
"nu_r[55]",0.336149684058,0.33476566,0.141981428368674,0.144162404946,0.1032364945,0.5711673605,1.00146092972209,2905.72745158717,1312.40315078411
"nu_r[56]",-0.091092653384902,-0.0909541175,0.12060989838547,0.1198182797385,-0.2887455665,0.1039351385,1.00050424970358,3146.34547758607,1499.29299272444
"nu_r[57]",0.34248328708235,0.3439518,0.141882491823622,0.136842697551,0.1072401065,0.5704557275,1.00291654302333,3764.87459102723,1512.98710474743
"nu_r[58]",0.761450152915,0.76074684,0.164307856212998,0.155731229115,0.497746024,1.04584749,0.99979687869542,2108.96612402244,1578.0184085511
"nu_r[59]",0.14748343930376,0.142330535,0.139449478208239,0.143284298031,-0.07786545165,0.3704398665,1.0004785020081,2974.67576958009,1610.52115010849
"nu_r[60]",0.530253676303,0.53028098,0.143046603859954,0.137559845997,0.294693101,0.769653465,1.00078021498739,2772.25103100839,1720.42329057424
"nu_r[61]",0.45109258977905,0.450842045,0.160213344017178,0.166095759543,0.1975761335,0.7145207105,1.00229591881359,3017.07802028308,1585.12287375752
"nu_r[62]",0.4353574419276,0.43545409,0.14398226072876,0.144463839765,0.2001453445,0.6699658425,1.00009762662256,2879.38413535702,1631.22186736602
"nu_r[63]",0.3521446327192,0.355170465,0.135512159297738,0.135445865961,0.1257790035,0.5727760355,0.999533869170982,3051.88599682935,1595.23562670969
"nu_r[64]",-0.072474340978808,-0.0724996345,0.126871402450535,0.1250848693101,-0.2918724815,0.1369137995,1.00066299458545,4317.35399514292,1787.85702887716
"nu_r[65]",0.5477100683205,0.5463066,0.149575802809075,0.15038864295,0.3047069595,0.7938786805,0.999919623119819,2947.30611841649,1346.38094128121
"nu_r[66]",0.442367479662,0.44121494,0.142260822863985,0.144661129347,0.2032296715,0.6740693255,0.999798365857891,2899.63960595327,1557.00674207665
"nu_r[67]",1.161835585485,1.16129885,0.175826300014807,0.17076483018,0.879159599,1.461892875,0.999832139141464,2293.46449454394,1663.61462300839
"nu_r[68]",0.305862582549042,0.3048486,0.140279970453849,0.142045748817,0.0732616674,0.5331072795,1.00058994867948,2959.73500195052,1641.10882230626
"nu_r[69]",0.29866862530397,0.29929912,0.134170183613662,0.137174281041,0.0758199493,0.525961598,0.999256869347289,3116.39580736113,1488.46693776892
"nu_r[70]",0.669346586685,0.664722295,0.157967914976601,0.159920678652,0.4094530155,0.9360701855,1.00008625573838,2560.57223628807,1863.6625238472
"nu_r[71]",0.13451652732081,0.13406154,0.134673414066926,0.1316380710225,-0.08482493865,0.3587761115,1.00117891419453,2953.55722913251,1369.2461628148
"nu_r[72]",0.3718899559782,0.3742249,0.14847082750423,0.150969399609,0.123194005,0.611932992,0.999909582721954,2740.72398862284,1717.51143908105
"nu_r[73]",0.5473442848725,0.545232855,0.149215680041719,0.148430365566,0.304196342,0.7958526435,1.00159579082197,2857.67939359817,1386.47656729031
"nu_r[74]",0.990474945005,0.990401185,0.162610757040291,0.165416595309,0.730520621,1.25107571,1.00022102804877,2574.80707558322,1512.69406050897
"nu_r[75]",0.4591107483135,0.46125413,0.134347996237323,0.130568289873,0.2381475555,0.6784580145,1.00156222643215,2843.75136918622,1656.81117688871
"nu_r[76]",0.64810018972,0.650671015,0.142563214764779,0.142865441292,0.4185321275,0.8816245355,1.00172865864875,2359.66231417824,1489.89327916657
"nu_r[77]",0.263465799434705,0.25382565,0.165360339653588,0.165105397569,0.01240554205,0.5417608935,1.00033527246561,1213.32645614642,1111.68388656671
"nu_r[78]",0.250952060485535,0.244871665,0.139875295899962,0.140840824971,0.02355538095,0.4849992485,1.00078691258003,2817.94661678702,1316.71243878254
"nu_r[79]",0.41750714484375,0.4154824,0.134867728395477,0.13457234028,0.19719622,0.6441511755,1.00056261062456,2943.42590966154,1720.18815182521
"nu_r[80]",0.618214480465,0.615575085,0.158646788874328,0.152316386187,0.3568423445,0.884919021,0.999216372737655,2907.61395346142,1452.07666138923
"nu_r[81]",0.54226115816,0.5444103,0.133344782238754,0.132890931033,0.3169521335,0.7647747405,0.99994701054964,2791.87453023886,1481.43289747132
"nu_r[82]",0.072759543707124,0.075240611,0.135011084026697,0.1386859948572,-0.148369944,0.2953622485,1.00135668662849,3293.8291878584,1508.0167330191
"nu_r[83]",0.36476318788756,0.36591241,0.13832800578216,0.138060327279,0.143586173,0.592198575,1.00244935209596,2575.45188317474,1536.28666225672
"nu_r[84]",0.3605759684208,0.36619137,0.129485080263954,0.119738660412,0.1404342145,0.564560472,0.999811963870914,2453.2356309648,1332.70725153866
"nu_r[85]",0.6280114467525,0.632201655,0.145595377645038,0.13932874347,0.387924566,0.8625261005,1.00024900348903,3100.20044543129,1580.60849664761
"nu_r[86]",0.867691846325,0.872939975,0.158424855261273,0.158653063065,0.609687091,1.13269593,0.999381505820104,2511.85083960083,1581.41841477368
"nu_r[87]",0.250784218796485,0.24654507,0.15386008073952,0.15147360963,0.00205913817150001,0.5093322275,1.00439183896567,3617.31863942503,1447.24690210437
"nu_r[88]",0.678982201945,0.67536311,0.163806560174702,0.160537944336,0.413635196,0.9479853825,1.002479660549,2448.17876515597,1386.56263870092
"nu_r[89]",0.691920893165,0.69111018,0.149384261393797,0.148646536059,0.446425421,0.939681815,1.00172459873092,2915.32734156256,1632.289656688
"nu_r[90]",0.741216793615,0.737232375,0.14802196209768,0.147211824039,0.503319198,0.9857986875,1.00087560181289,3545.54793962073,1556.1177781877
"nu_r[91]",0.520036486062,0.51808212,0.140851192553837,0.13609022616,0.2951393255,0.7547188295,0.999646167533509,2880.15690726759,1692.75080899933
"nu_r[92]",0.785713063,0.783653665,0.162670749038846,0.16442367585,0.5319262575,1.06079233,1.00030459953612,3323.61806124355,1304.69282389416
"nu_r[93]",0.113297766295352,0.11424646,0.139088688397264,0.1370515276914,-0.1147217815,0.3435468025,1.00296700205059,2297.57923100055,1240.71155569819
"nu_r[94]",0.42213661143395,0.424508935,0.135106455040789,0.132785421804,0.200579045,0.6508237885,1.00359718271032,3474.30479922321,1348.88908532179
"nu_r[95]",0.50524007599,0.501200715,0.148840056192242,0.14307571845,0.2614180885,0.75705851,0.999935514047775,2455.02093328201,1427.26429808042
"nu_r[96]",0.476939773479,0.47493184,0.143380236796595,0.142963196523,0.2502398665,0.720164901,0.999317591640371,2893.30840142037,1405.86143428637
"nu_r[97]",0.299187247921585,0.300527655,0.136239890673431,0.138263591739,0.07390522375,0.5256890775,1.00703436207542,2250.90907909268,1395.04178342103
"nu_r[98]",0.646129546435,0.64614406,0.1513748722577,0.157992238593,0.404531309,0.8986810385,0.999580373381057,3085.16291184692,1648.19342422567
"nu_r[99]",0.296868555225165,0.29405926,0.143700479250485,0.143581307289,0.0558720233,0.5279886955,1.00211400779117,2850.44637257161,1308.99297883295
"nu_r[100]",0.09982001097425,0.10034578,0.141232278103653,0.14124521160813,-0.1358472115,0.328268457,0.999948783036948,3305.86701709105,1928.05934437001
"nu_cr[1]",0.53392213803,0.53182085,0.141677485210467,0.142792504785,0.3002929625,0.771220738,1.00033796399942,3120.02329513852,1603.93750790245
"nu_cr[2]",-0.205114205464005,-0.20361274,0.155745353678527,0.153407461179,-0.4657464125,0.0425555983,1.00056378258286,2607.31481807582,1582.42124627939
"nu_cr[3]",-0.0051209644564,-0.0065150308,0.185971197501836,0.18824724285108,-0.3108170805,0.2903034865,0.999665113002686,2136.62006167195,1214.33074859107
"nu_cr[4]",0.37470338001828,0.374923705,0.171149965011774,0.168360786867,0.08881919915,0.659854087,0.999732393650099,2427.51542351298,1649.55059527853
"nu_cr[5]",0.043511261781705,0.0430211155,0.158207474351294,0.157102211574,-0.213930173,0.3013472975,1.00208633070326,2181.72015819171,1825.80830003709
"nu_cr[6]",-0.218099347376655,-0.21659773,0.175744551782776,0.173572785624,-0.5112111725,0.0756256332499999,1.00211804623313,2181.90752882105,1686.42422112103
"nu_cr[7]",0.19882394100321,0.2012803,0.138876789945921,0.136142591592,-0.0281294701,0.4331640635,0.999379698242892,2329.28932413622,1503.70708176837
"nu_cr[8]",0.37580751650204,0.375418775,0.137080088705394,0.138339819618,0.151572204,0.598580941,0.999862088307669,3033.11078970526,1572.5792692016
"nu_cr[9]",0.023878576156883,0.0244657495,0.150236541844387,0.1543692519684,-0.2302688085,0.2616628835,1.00007263128748,2226.52612821906,1670.39715534896
"nu_cr[10]",0.5726038605855,0.56778211,0.153593902535978,0.153380781792,0.323240367,0.8252674815,0.999440837974564,2355.59446127748,1723.34596071931
"nu_cr[11]",-0.060304063920075,-0.0668070845,0.180067355140313,0.1819660073553,-0.348202172,0.233519306,0.999382301458749,2428.84267264034,1532.78558776439
"nu_cr[12]",0.38370818135807,0.38236669,0.170122418961331,0.171347380785,0.10733426,0.672398278,1.00027425624352,2483.4034703074,1573.68071150455
"nu_cr[13]",0.43791921271579,0.434136095,0.161712324560119,0.156026726121,0.174068214,0.716447158,1.00264871319196,2487.35676794026,1355.51091688489
"nu_cr[14]",0.63812135667,0.63999666,0.143604539551987,0.142757389404,0.401092398,0.872117933,1.00075115400106,3139.64272663902,1606.65114039651
"nu_cr[15]",0.0387464895303595,0.039724222,0.165047545083874,0.1673018071998,-0.2444335915,0.3092546845,1.00172752018476,1764.39823616747,1329.82491858931
"nu_cr[16]",0.6729053534,0.669948165,0.148192013853881,0.145166792316,0.4314528235,0.906560089,1.00050992177156,2128.32808548973,1667.03516308036
"nu_cr[17]",-0.01179682434587,-0.0093003105,0.147438428969204,0.1508157792687,-0.254222715,0.2242264485,1.00003647668273,2776.2751885236,1531.25155983192
"nu_cr[18]",0.2548759086004,0.257137365,0.168867479957596,0.166806762612,-0.01864403095,0.5238739555,1.00220684697031,1920.7893430751,1363.08784454126
"nu_cr[19]",0.367679903440365,0.371977635,0.15940907824432,0.161431737159,0.1032640675,0.6214095325,1.0011974327653,2893.96983154553,1521.72943464227
"nu_cr[20]",-0.2773108299712,-0.27745389,0.195191568919988,0.193534801131,-0.5900623995,0.03986075395,0.999879573630539,2233.07318461564,1606.54810360495
"nu_cr[21]",-0.035922598552375,-0.03497359,0.210776446977258,0.208224624321,-0.3814357235,0.313972214,1.00000453896144,1624.80239340453,1632.14428745133
"nu_cr[22]",0.6265118268495,0.62511359,0.137029261167897,0.13689898446,0.3975185075,0.862649715,1.00042169893868,3041.13422585098,1442.35128112439
"nu_cr[23]",0.0166526764256201,0.026451654,0.189817965067965,0.1904243745306,-0.3004170415,0.311701563,1.00018488975283,2018.1633874487,1755.04050915706
"nu_cr[24]",0.21618499273165,0.21912531,0.149021379068785,0.149442314196,-0.03514792165,0.465636954,1.00069376708521,2455.35709484644,1534.38287179164
"nu_cr[25]",0.31283009597458,0.312474815,0.163879334996482,0.16183861449,0.04377802865,0.582604282,0.999992394386817,2029.19836927669,1611.56307596854
"nu_cr[26]",0.0564287311677705,0.0505361445,0.169726690594501,0.1675525660095,-0.2158954545,0.344129954,1.00050262043846,2380.76612594274,1569.36465276733
"nu_cr[27]",0.42803227936965,0.43009318,0.139103231401852,0.136521129024,0.205918324,0.6544517605,1.00000134103118,2792.80693801337,1551.19573594595
"nu_cr[28]",0.28410900757473,0.284084855,0.158510832457622,0.155877739647,0.0251782017,0.553791893,1.00113748756909,2348.35855402815,1600.50281674988
"nu_cr[29]",0.048006345174287,0.050766558,0.130925609036151,0.1342921318452,-0.169419588,0.26082026,1.00026606307071,3297.38028508386,1628.68425793333
"nu_cr[30]",-0.240734185948245,-0.23935575,0.158489149011931,0.155601079074,-0.500158515,0.022320785,1.00130640652059,2532.2516344242,1443.19376124993
"nu_cr[31]",0.36874859480938,0.369548875,0.185709948312538,0.195380415741,0.06152097155,0.6745462545,1.00163865738763,2252.56981336606,1823.50913045981
"nu_cr[32]",0.184914177994434,0.184196825,0.142131550677106,0.143686208652,-0.05320157885,0.419782187,1.00140609667276,2809.06242777395,1647.62449855353
"nu_cr[33]",0.434568576169,0.43372399,0.153551304954349,0.154942915869,0.1909477385,0.6911406325,1.00019412660184,2306.72144209517,1753.45534412794
"nu_cr[34]",-0.295819462872928,-0.29488862,0.183646124788243,0.184662982035,-0.6029176455,-0.00898007929500002,1.00237820315875,2158.94152020761,1260.73194320963
"nu_cr[35]",0.25948586617797,0.25759716,0.170329443988845,0.165086346159,-0.02787676845,0.5410562785,1.00308978140446,2328.06059121304,1611.9593544703
"nu_cr[36]",0.00471080354207205,0.00891321815,0.141567118676726,0.1388604887229,-0.236216265,0.2332727665,1.00112803429386,2196.47632762946,1652.40529325017
"nu_cr[37]",0.204407717681555,0.20061504,0.156499584845976,0.155045170791,-0.0425662877,0.466389949,1.00082311874773,2118.75851491549,1630.68839265219
"nu_cr[38]",0.4791262627478,0.47478976,0.210599524727221,0.210115169124,0.137740383,0.8244616575,1.00074685948614,2140.19629886829,1626.90913043323
"nu_cr[39]",0.00212061148686,0.0028165365,0.216517946901251,0.2089453436091,-0.3570064755,0.352166427,1.0012065876055,1837.78100506988,1586.49933592861
"nu_cr[40]",0.0465612906339775,0.0511373595,0.160957621162839,0.1638773607303,-0.226691609,0.3030448665,1.00066169377603,1713.51618916752,1446.18571256416
"nu_cr[41]",0.117140785818305,0.1147311,0.150723359974466,0.1477825412721,-0.126902001,0.3622212085,0.999855524329325,3289.54310907581,1461.83110054294
"nu_cr[42]",0.112876544482068,0.111523075,0.153520067450674,0.157246676118,-0.136316271,0.3725267655,1.00142522991572,3361.25454017377,1612.49033141066
"nu_cr[43]",-0.20259739759878,-0.201016975,0.165680628029828,0.1635109183491,-0.4795087905,0.06884312985,1.00132818568777,2158.31621694042,1441.76442219474
"nu_cr[44]",0.17853108464662,0.17853292,0.159317110149455,0.162410460723,-0.07316803005,0.4384493745,1.00073387220496,2242.86176206072,1532.11131194468
"nu_cr[45]",0.630919653685,0.63339984,0.144429431254192,0.143742102672,0.3901499735,0.860434139,0.999432068588524,4140.82759976041,1385.24028758344
"nu_cr[46]",-0.21589931804986,-0.218569945,0.157680044930325,0.159236710794,-0.476274219,0.0436264119499999,0.999454357731669,2391.34889364736,1851.81939115856
"nu_cr[47]",-0.09184574480238,-0.0958244025,0.159400351643221,0.1656132881445,-0.349568649,0.170414738,0.99979747933582,2104.05098823802,1592.433233353
"nu_cr[48]",0.39070836260915,0.38674725,0.163876619662509,0.160647256434,0.127221863,0.669574809,1.00046213798681,2788.20356398309,1785.45236219355
"nu_cr[49]",0.05210927788626,0.051815914,0.161525670270778,0.1619983779834,-0.229322795,0.3126194905,1.00041666457908,2008.13591900873,1582.16971994044
"nu_cr[50]",0.037597458597414,0.035724784,0.18887965321725,0.1867367332026,-0.26404734,0.348733054,1.00153844048385,2224.79238352048,1573.10686641968
"nu_cr[51]",0.0135799966685,0.01595497,0.169540508363738,0.1661260453545,-0.2655891235,0.280831972,0.99981975245462,2312.56211818492,1525.19096210471
"nu_cr[52]",0.379943789496053,0.37705504,0.149671053964293,0.148278043242,0.138629583,0.6325407235,1.00061403738832,3048.87815635526,1616.27754703721
"nu_cr[53]",-0.046735111698985,-0.0459689215,0.197160229928639,0.2009360233566,-0.363235812,0.272806764,1.00120964879407,1745.88569447762,1813.16785338637
"nu_cr[54]",0.140547483703495,0.145424775,0.15731899038179,0.163024953945,-0.120503207,0.399657691,1.00113125526339,2535.34328182806,1451.23596425317
"nu_cr[55]",0.24687040280456,0.24532002,0.176768066095504,0.169782592854,-0.0457251011,0.5317879235,1.00047353164084,2318.73891459463,1558.7730683618
"nu_cr[56]",0.22386792514368,0.22119777,0.132463745442771,0.135052947309,0.011717036205,0.4378675245,1.00018000565643,3152.82062025025,1454.86915742698
"nu_cr[57]",0.031243692069315,0.029580803,0.149221074337534,0.1565532322221,-0.218331608,0.274848504,1.00053803671583,2532.80856299594,1639.51869567681
"nu_cr[58]",-0.0942628126427132,-0.095671523,0.212053669422279,0.2180399871069,-0.4386838465,0.253858702,1.00032883868721,2131.02655939468,1888.05094458103
"nu_cr[59]",-0.40649563791625,-0.40356886,0.18133480187731,0.184817009349,-0.7076564445,-0.115247746,1.00004106988591,2123.44993507132,1602.95017287861
"nu_cr[60]",-0.174092854324325,-0.17526163,0.236335942957497,0.245461079598,-0.5615426695,0.2021738405,1.00140569001628,1337.66779158554,1379.44070663375
"nu_cr[61]",0.223008589615595,0.221494685,0.185984536037093,0.186576114249,-0.08528265035,0.529002343,1.00078373531607,2315.14866316373,1709.3126676625
"nu_cr[62]",0.66038156514,0.65799313,0.173331876831269,0.170789463579,0.3789479715,0.9506815315,0.999471227845563,2417.14648402367,1693.29732047781
"nu_cr[63]",0.31171509761105,0.312557645,0.143968796874099,0.140572244568,0.0805770254,0.549438241,0.999819000740216,2409.32241202255,1553.21482253146
"nu_cr[64]",0.36893100319685,0.368276355,0.134475131584705,0.133038175452,0.1483306195,0.5855178555,1.00042794583838,3006.28411712473,1477.85670132723
"nu_cr[65]",0.3959791653527,0.398890515,0.15177274551634,0.15241535715,0.1336338265,0.64571974,0.999347660440801,3469.32282598958,1479.66132793646
"nu_cr[66]",-0.010287738843185,-0.0131479095,0.167784146276152,0.1708421618547,-0.279165278,0.264545293,1.00089092203788,2607.80763691201,1643.59846748929
"nu_cr[67]",0.068435705437365,0.0696408535,0.241663691774958,0.2444026670253,-0.3178561535,0.4539287665,1.00015674468856,1543.87668685548,1305.87585496993
"nu_cr[68]",-0.085916715891962,-0.08861663,0.180071272674793,0.177929909808,-0.377566724,0.2091180235,0.999795023384319,2275.41469137124,1693.63184299899
"nu_cr[69]",0.251353196115888,0.25300804,0.155939691742521,0.15606010686,-0.00675723587,0.5130475435,0.999893166621162,3003.99379229235,1492.46494786081
"nu_cr[70]",0.28372249616712,0.27818768,0.19506042901044,0.189427843458,-0.0318032565,0.603717626,0.99951864592154,1861.44698419763,1623.79366354227
"nu_cr[71]",0.109195842701608,0.10793091,0.153323728195298,0.155325752841,-0.1361381695,0.3599090705,1.00026321554709,2499.52305366295,1673.66267157564
"nu_cr[72]",0.39981329108516,0.39990032,0.151567563544534,0.152998515621,0.148791094,0.648845275,1.00108975180218,2793.70289201504,1690.59586699733
"nu_cr[73]",0.263459200878835,0.261488725,0.145686330829336,0.148158167619,0.02175863605,0.502024315,1.00065757165219,2237.17181278645,1435.26298689432
"nu_cr[74]",0.067188639188303,0.068474315,0.168679299302625,0.165832479435,-0.210944484,0.344566598,1.00038630675395,2665.16315559347,1578.84315403666
"nu_cr[75]",0.28029755076036,0.27964719,0.145694780016814,0.148106469357,0.04342304365,0.5165870865,1.00065741715981,1849.97685611416,1636.07990658549
"nu_cr[76]",0.34112246498139,0.339408685,0.18219749018006,0.18609654504,0.04801843185,0.638762996,1.00101224907215,2024.15487399546,1525.71938763462
"nu_cr[77]",-0.190443838398465,-0.194924475,0.160706483430201,0.1539313334412,-0.4476453825,0.0810099061999999,0.999902087777734,2313.51911078723,1546.75535908669
"nu_cr[78]",0.0303369001283625,0.0293912795,0.177241849019465,0.1774634845893,-0.2551926875,0.332783154,1.00000415605048,1667.62083472951,1276.88869452769
"nu_cr[79]",-0.0392228711266905,-0.0358328275,0.183876228867192,0.1852837651875,-0.343858143,0.2592968775,1.00071447783956,1961.64401089187,1661.1812230166
"nu_cr[80]",0.196985522977235,0.19656666,0.166348531816859,0.1699693129806,-0.08089658015,0.4612781355,1.00053993743311,2529.38453607226,1371.20490107546
"nu_cr[81]",0.06683862416699,0.0619459575,0.128677576396271,0.1284046167915,-0.141217683,0.282426537,1.00073152296804,3884.31880169617,1719.95490826983
"nu_cr[82]",0.27814812767545,0.277292355,0.137788266734304,0.138295882767,0.05332076695,0.500163903,1.00003238393855,2706.91497996974,1571.90862164105
"nu_cr[83]",0.2913368264349,0.2918956,0.161151375829085,0.155682051273,0.02578824475,0.5581813335,0.999751187267209,2024.73413965845,1634.83418292938
"nu_cr[84]",0.08868579500644,0.0890407515,0.13317111299887,0.12992266924161,-0.1301196165,0.307268428,0.99944768988577,2778.26890028392,1469.6209416454
"nu_cr[85]",0.0795363569924145,0.0819597905,0.15129090854545,0.1498775699736,-0.1750115975,0.331742125,1.00036440703292,2023.93788702986,1207.56838061445
"nu_cr[86]",0.22002563742987,0.21628674,0.180507681285412,0.1757594464185,-0.0826184437,0.517670811,1.00035187586197,2211.22507431016,1583.18354334737
"nu_cr[87]",0.17265252317506,0.174046565,0.155842197620514,0.1558398555105,-0.08272433305,0.431623768,1.0004514756067,3490.87642547886,1734.93872827751
"nu_cr[88]",-0.21499339649695,-0.207557905,0.192446575603976,0.193299104796,-0.53704484,0.0993392358,0.999796359261163,2055.78519374254,1419.35492377602
"nu_cr[89]",0.126884096262115,0.127428285,0.147978126731248,0.1501312257837,-0.11613445,0.372899999,1.00102666469205,3242.48552898495,1525.72749863349
"nu_cr[90]",0.659900815852,0.6607836,0.174072223722441,0.178923563154,0.3786290335,0.943964949,1.00061973958977,2316.82359685041,1730.18010505208
"nu_cr[91]",0.182973334027356,0.1830942,0.162559789576178,0.1598975004249,-0.08252317055,0.45272107,1.00108577662317,1991.97772334606,1786.75675887631
"nu_cr[92]",0.21936860256124,0.21888026,0.207738287178033,0.2020511364837,-0.1208364655,0.5650508885,1.00027802187997,2222.93406224595,1815.27085608602
"nu_cr[93]",-0.0488487762865245,-0.049111987,0.160091699118158,0.1552231057713,-0.312967967,0.2134618095,0.999784407363949,2421.14741947301,1719.69137129101
"nu_cr[94]",0.0867079793525,0.088953479,0.139104098093603,0.13503663596619,-0.146991966,0.316168558,1.0013058916523,3313.59484463561,1363.98774287531
"nu_cr[95]",-0.2783083801905,-0.279606635,0.183165671291518,0.179598924519,-0.581146098,0.02401828715,1.00274362462486,1796.98228071214,1388.9536566795
"nu_cr[96]",0.172707225516425,0.172642695,0.149008192490123,0.142512938316,-0.0802077556,0.4230294955,0.999928548612186,3632.62157817028,1424.24813220775
"nu_cr[97]",0.5056476072702,0.50674681,0.137934262832006,0.14059147389,0.284089844,0.733402253,1.00123327916979,2724.01148683546,1629.10072726768
"nu_cr[98]",0.237917302845915,0.236955805,0.181326861799315,0.176999748807,-0.0559659799,0.543039011,1.00037942600706,1802.59487683488,1656.39760734118
"nu_cr[99]",0.342304480876365,0.347031145,0.163662698721648,0.163658313252,0.0776261678,0.6109402205,0.999871227151642,2075.93692411168,1463.50436510816
"nu_cr[100]",0.266454899852507,0.26907667,0.157816135923182,0.155644838013,0.004389042795,0.5287439195,1.00105268550132,1974.24932754221,1632.90287705618
"alpha_intercept[1]",0.659354925065,0.658881925,0.0422801546555345,0.042933182691,0.5897927605,0.7277496005,1.00134635686822,2466.75117676254,1479.76999212099
"alpha_intercept[2]",0.57149274477,0.571705405,0.0429550287033883,0.042665069307,0.5021514825,0.643584339,1.00069802782993,3359.99355795179,1682.45968514396
"alpha_intercept[3]",0.51788505581,0.516951575,0.0442146713760116,0.044386419798,0.445921935,0.589358825,0.9995582316597,2581.87245416007,1590.25995094384
"alpha_intercept[4]",0.580411626965,0.58181467,0.0404825973774187,0.0398570471460001,0.5130522115,0.645330454,1.00152192636795,2979.48931577407,1414.85337868229
"alpha_intercept[5]",0.59807081351,0.597586915,0.0376768382607039,0.036196974765,0.534903178,0.6614625495,1.00071736193353,2945.88630154819,1702.79963223962
"alpha_intercept[6]",0.630074335605,0.629098515,0.0445287430741042,0.0451608410819999,0.5576931725,0.701422696,1.00028860895178,2386.67749728435,1415.84645413301
"alpha_intercept[7]",0.6094664927,0.61027761,0.0401830922173434,0.04107276432,0.542199032,0.673763319,1.005074812128,2770.99107798824,1455.3798706291
"alpha_intercept[8]",0.59544158439,0.596207575,0.0425077338944575,0.041649451242,0.52498677,0.664901849,0.9997485087282,2977.82860680702,1637.35543362557
"alpha_intercept[9]",0.679880280455,0.67925728,0.0383152136415737,0.037915434186,0.617166411,0.7430723585,1.00274368307397,2937.05211638077,1535.42957490556
"alpha_intercept[10]",0.548281793915,0.548337045,0.0403832807699893,0.040482274392,0.4812997345,0.6139779725,1.00063983757311,3635.49089384907,1570.6783260254
"alpha_intercept[11]",0.45537405193,0.455192675,0.042089931916128,0.041140852725,0.3861678335,0.523426186,1.00165988755388,2707.10103569782,903.210715929024
"alpha_intercept[12]",0.592261849425,0.59170458,0.0416885520266957,0.040679734473,0.5251544595,0.6605799135,1.00117350083277,3257.70232588033,1703.30374788166
"alpha_intercept[13]",0.418768956055,0.418576455,0.0423434590950448,0.043002813,0.351772042,0.490343972,1.0005941489152,1867.60636158841,1226.1113951305
"alpha_intercept[14]",0.54751836581,0.547583445,0.0397892968139322,0.038755037979,0.4813696365,0.611261139,1.0014498428555,3168.41008879357,1483.34582150267
"alpha_intercept[15]",0.66559943868,0.666533795,0.0448924489254349,0.0442395312030001,0.592331406,0.7382370555,1.00241532551193,2349.33377118574,1632.78141867363
"alpha_intercept[16]",0.583287556905,0.584109545,0.0426674630565426,0.042558574149,0.5124940935,0.6553623455,1.00074849719222,2444.84418113884,1421.77991862064
"alpha_intercept[17]",0.599268910965,0.599707805,0.0432566602093047,0.042453546765,0.5297892685,0.6693175535,1.0017752676002,3103.57330722404,1506.42527309738
"alpha_intercept[18]",0.62090302958,0.6224541,0.040908918198849,0.040965164625,0.5508823785,0.687672581,0.999961156336151,2917.6989076134,1580.37709302033
"alpha_intercept[19]",0.48148333336,0.480299905,0.0378105290445099,0.037530580878,0.4214788535,0.5438179835,1.00363667257426,2127.00806125318,1453.90696155429
"alpha_intercept[20]",0.4932919271,0.492739125,0.0420594093583212,0.04163274234,0.424239097,0.563201858,1.001519845688,3043.15504549236,1417.6089440304
"alpha_intercept[21]",0.61513702946,0.614167765,0.0445084500619488,0.046343637123,0.5413209575,0.6885501725,1.00141084344112,2455.49468994357,1569.43738937141
"alpha_intercept[22]",0.58587336177,0.586332385,0.0407629307813479,0.0423607211789999,0.5193345895,0.6508524335,1.00021991973938,2718.54640548744,1687.48363140984
"alpha_intercept[23]",0.510963260825,0.510177155,0.0403625542117571,0.0411206523,0.4449404895,0.575750322,1.00147125587724,2789.44703634346,1450.41946397561
"alpha_intercept[24]",0.54251894416,0.542177065,0.038147032954762,0.0383080489050001,0.4807324165,0.6050893285,1.00071992332019,2564.86418282782,1437.00223201233
"alpha_intercept[25]",0.468904864625,0.46902761,0.0412193184518425,0.0418737982740001,0.4036961775,0.535951887,1.00231776488467,3336.91616911403,1491.21577402156
"alpha_intercept[26]",0.555691784445,0.556068435,0.0408645887281579,0.041109881211,0.488993963,0.623153075,1.00281241674639,2928.44702593319,1612.60664384168
"alpha_intercept[27]",0.594310258405,0.595073825,0.0395923665799109,0.039391451442,0.5274541605,0.6593966505,1.00033758351316,3387.76754081249,1204.66859906099
"alpha_intercept[28]",0.61955928256,0.620095805,0.0424758051617346,0.0421870642409999,0.5497891945,0.6883882545,1.00028932002072,2569.37421108122,1363.05016342554
"alpha_intercept[29]",0.63528527463,0.63623874,0.038912743978238,0.037595830104,0.570457781,0.6989507365,1.00529406345607,2865.97522329703,1699.23722227344
"alpha_intercept[30]",0.6381659592,0.638113995,0.0406688691135055,0.041000294832,0.5714820965,0.704913045,1.0017781712503,2823.52492048798,1186.33880058297
"alpha_intercept[31]",0.490516221075,0.489968585,0.0404928016775707,0.03903152064,0.425364715,0.556958975,0.999855375169652,3195.59716295567,1395.44968783831
"alpha_intercept[32]",0.57159611785,0.571971125,0.0379908627129356,0.0385933604489999,0.50871112,0.633515152,1.00166498514293,2654.72405684171,1405.73016774997
"alpha_intercept[33]",0.52853280811,0.527709215,0.0405633526831114,0.040656442827,0.4627028855,0.5984012915,1.00067310785769,2451.71869849378,1489.05972603997
"alpha_intercept[34]",0.49294733663,0.49338404,0.0406034109227872,0.040759439049,0.4238144875,0.5592522535,1.00127202488608,2833.94880619583,1333.30798969753
"alpha_intercept[35]",0.625023604535,0.62383938,0.0402015582435863,0.0400126311900001,0.557767177,0.691332637,0.999978073248633,2968.79393259329,1599.54079620991
"alpha_intercept[36]",0.755625459365,0.754998845,0.037697215032025,0.0383244983519999,0.694604228,0.8163371245,0.999955602761083,3076.41794972656,1551.45232219346
"alpha_intercept[37]",0.56571043043,0.56554409,0.0420202319863358,0.041977639578,0.493617904,0.6365650455,1.00114599480143,2742.87692241909,1334.87457654865
"alpha_intercept[38]",0.59267126218,0.59245725,0.0397126695181521,0.0378988068269999,0.5253158645,0.6588037535,0.999507027263022,2966.44837159196,1634.91055090413
"alpha_intercept[39]",0.60041442276,0.599816505,0.0446456734164549,0.045386033196,0.5268940915,0.672583244,0.999517472626427,2919.11293939912,1702.2919071619
"alpha_intercept[40]",0.68634501672,0.685436285,0.0443862332555155,0.042793521771,0.6143076905,0.7579676965,1.00147388561815,2520.84504002799,1504.34316095252
"alpha_intercept[41]",0.571150176255,0.57100204,0.0411886944494673,0.040029518004,0.503229599,0.63971234,1.00075065522863,2734.96108204276,1470.91084298312
"alpha_intercept[42]",0.526088685565,0.526319675,0.0444436890016737,0.04213593678,0.4546368215,0.6006112935,0.999505893715735,2869.61305062568,1306.0806911962
"alpha_intercept[43]",0.54364685848,0.542164665,0.0404757180579042,0.0421571824380001,0.48025588,0.610776749,1.00165879802782,2705.1074122686,1459.96062786261
"alpha_intercept[44]",0.64794721657,0.647111765,0.0438846224888319,0.042830497815,0.5765326935,0.719610732,0.999954527596884,2653.99523440738,1551.05120048745
"alpha_intercept[45]",0.56454426253,0.56476609,0.0402527743697182,0.039598385337,0.4997310025,0.6290750105,0.999546678103297,3394.17055058807,1636.77055488013
"alpha_intercept[46]",0.63788737316,0.637218155,0.0433297085300274,0.043403026044,0.5678986645,0.7083496635,1.00162126885168,2609.87186811693,1551.90258968345
"alpha_intercept[47]",0.56875935791,0.569573605,0.0392026266709517,0.0382243857869999,0.5074452195,0.6349085585,1.00167783569311,3060.92497314527,1544.65633749358
"alpha_intercept[48]",0.6126175419,0.611693635,0.039901187157738,0.038918012784,0.5469747785,0.6807698635,1.00058819441904,2545.00046858207,1657.99346777791
"alpha_intercept[49]",0.59855523333,0.59765353,0.041592341670951,0.0408682322370002,0.5319145345,0.667315665,1.00008813014911,2833.66945856626,1394.15850053004
"alpha_intercept[50]",0.399337855165,0.399469985,0.0424977238643405,0.042336021063,0.3309977155,0.467285503,0.999675552393184,3405.31469234946,1647.09175512696
"alpha_intercept[51]",0.56516975465,0.565608935,0.0420518792938433,0.041977068777,0.493478144,0.635214946,1.00045908914795,3415.40256551286,1530.6130144134
"alpha_intercept[52]",0.543388460375,0.54275371,0.0400365842847934,0.0403630437000001,0.477893006,0.609328568,1.00012028723042,3375.0028344245,1430.13041026374
"alpha_intercept[53]",0.672117426605,0.67141455,0.0452302029289153,0.0439448570400001,0.5971718725,0.7471176555,1.00012012639468,2604.498691812,1487.07399019155
"alpha_intercept[54]",0.595641945925,0.5949416,0.0439932438624148,0.0439542641370001,0.5237356915,0.6696224425,0.999710884527849,2752.56382080206,1577.23023312805
"alpha_intercept[55]",0.60781739164,0.606741135,0.0430402277741074,0.042014845425,0.535872406,0.679640356,1.00083449648701,2734.47789921159,1609.17943376642
"alpha_intercept[56]",0.69794507527,0.698972355,0.0409584316172019,0.040404764064,0.6301016805,0.7657058845,1.00144092884431,3047.84881700246,1509.59576789964
"alpha_intercept[57]",0.466002044215,0.466458835,0.0385293913825707,0.038397012318,0.4040743065,0.528795541,1.00232887225684,3066.60005781505,1317.47031747463
"alpha_intercept[58]",0.65069177911,0.649966285,0.0444719560832223,0.045175630017,0.579119383,0.723895333,1.00113481697797,2250.32963163777,1473.59827133504
"alpha_intercept[59]",0.569386122345,0.56911394,0.0406495900717745,0.0395418241469999,0.503832911,0.6374906775,1.00773035148693,2797.69902433491,1432.58124820908
"alpha_intercept[60]",0.577505054845,0.576763935,0.0405964931557646,0.040005025452,0.5100611055,0.6448820865,0.999530214268077,3006.22741517027,1696.77938061868
"alpha_intercept[61]",0.37882043847,0.37905301,0.0408818436058483,0.0407673116549999,0.3112620495,0.4480407525,1.00022044130143,2929.75976066973,1847.04257383357
"alpha_intercept[62]",0.57681332036,0.57677617,0.0427306209375032,0.042871165533,0.5039292585,0.645115499,1.00197819756701,2627.36217632513,1339.82991197086
"alpha_intercept[63]",0.56333969446,0.56257368,0.0422108631911763,0.043527497727,0.4957189915,0.6342471805,0.999849729556622,3040.35560964585,1402.05940102379
"alpha_intercept[64]",0.632267453165,0.631574405,0.0399184392178519,0.040885237659,0.5667912395,0.698962211,0.999532423801943,3052.02901709872,1534.38287179164
"alpha_intercept[65]",0.47238178852,0.47201432,0.0414870878424084,0.042559122711,0.402825654,0.540215904,1.00065851727344,2960.0036905841,1543.95459599082
"alpha_intercept[66]",0.59649588158,0.59603016,0.0406677487374122,0.041397253569,0.5282219855,0.662304752,1.00106112357788,2670.24667057576,1618.81597755398
"alpha_intercept[67]",0.592628709395,0.593036005,0.0460089665533815,0.045722012595,0.5184592325,0.6668009815,0.999310521694464,2769.91420120633,1578.81715511686
"alpha_intercept[68]",0.609158356215,0.60907566,0.0417635058534141,0.0401983935569999,0.5388973025,0.6788004115,1.00203563196124,3199.60796253459,1395.51809891112
"alpha_intercept[69]",0.59166437824,0.592708875,0.0411786393805838,0.041098020411,0.5212233395,0.657991497,1.00313038288408,3442.54328852576,1603.35679661996
"alpha_intercept[70]",0.58628738512,0.586568245,0.0454477126877698,0.0471954797789999,0.511460291,0.662886038,0.999989212068948,2571.91997532886,1682.73568687919
"alpha_intercept[71]",0.55056474991,0.54990414,0.0398045655136809,0.0397009738439999,0.4846191585,0.6140680075,0.999520466107016,3449.10874289492,1481.8953623611
"alpha_intercept[72]",0.48950955946,0.4909597,0.0401895970877649,0.041778215052,0.4231391135,0.5541159,1.00129121166556,3076.28947318954,1443.87650411924
"alpha_intercept[73]",0.55936279586,0.5595154,0.0400382813758878,0.040264391496,0.491967606,0.6274632175,0.999541783109865,3166.3065599233,1652.69407646699
"alpha_intercept[74]",0.53379907446,0.53205441,0.0438092504009464,0.042762972798,0.4651872075,0.606779886,1.00103629940762,2792.9503940815,1517.12512937409
"alpha_intercept[75]",0.69237415463,0.693748495,0.0421139703335315,0.042435896412,0.621762029,0.7579268835,0.999891031883498,2683.01852813855,1496.41050832952
"alpha_intercept[76]",0.60402896733,0.603108175,0.0438797796038373,0.045319827693,0.532127235,0.6744940865,0.999416318734044,2478.1384338609,1424.82084356481
"alpha_intercept[77]",0.58055483721,0.57902391,0.0447662975275334,0.0457355783850001,0.5100614365,0.6555794605,1.00201448982203,1257.20276121735,1491.37691037933
"alpha_intercept[78]",0.56811873907,0.568660955,0.0423136064515616,0.041029361205,0.498096002,0.6374134495,1.00440509942288,3564.10077241157,1574.52248740179
"alpha_intercept[79]",0.59785588544,0.59774859,0.0446583208315799,0.045051076791,0.525181732,0.672761011,1.00060856043501,2887.52596016001,1509.16661105418
"alpha_intercept[80]",0.466943658995,0.4671822,0.0437178136163003,0.044935448817,0.3931676395,0.53752723,1.00028471433538,2363.66384214558,1441.82043077665
"alpha_intercept[81]",0.70473137523,0.70474232,0.0411258331520802,0.0428533224419999,0.63700962,0.772693312,1.00176146779493,2242.12929248458,1714.96695246726
"alpha_intercept[82]",0.600260716615,0.598779505,0.0414484822468156,0.042769992909,0.533643075,0.6690401175,0.999453017605999,2594.67311934559,1418.40262467774
"alpha_intercept[83]",0.63860178912,0.638298125,0.0437679993948361,0.0444946199459999,0.5667505195,0.71282073,1.00008909915969,3368.04489778996,1602.32919275893
"alpha_intercept[84]",0.724555437855,0.7249526,0.0442595020463999,0.0443725723140001,0.649746393,0.796234968,1.00047448121434,2863.60164309191,1762.65198349352
"alpha_intercept[85]",0.608728849025,0.60963692,0.0414803222856697,0.0427037799930001,0.5407073655,0.6744975615,0.999870362109172,2588.03005865742,1414.62666991321
"alpha_intercept[86]",0.575363177175,0.57608014,0.042734196273719,0.0427221049290001,0.504661299,0.646656131,0.999764758014407,2917.2989303643,1775.54831494636
"alpha_intercept[87]",0.486122776475,0.486325315,0.0381447286581041,0.037333150449,0.421807141,0.5482391845,0.999962386440509,2856.11181612921,1473.61145985609
"alpha_intercept[88]",0.55090488138,0.54974979,0.0423798523029579,0.042463932378,0.48062696,0.621522183,1.00151847679257,2310.75408174012,1684.98818780931
"alpha_intercept[89]",0.578243924525,0.577786805,0.0421304112585563,0.0410624380109999,0.5097547365,0.649427446,0.999365591743881,2877.60284603567,1430.893200145
"alpha_intercept[90]",0.61330861087,0.61336054,0.0412767247109099,0.0407619001649999,0.5460752035,0.681283624,1.0010970306688,3053.18508728025,1675.50490603121
"alpha_intercept[91]",0.654781615685,0.654855955,0.0444007007838937,0.0431899690110001,0.582785689,0.7279670375,1.00026814488112,3187.17664799467,1384.90463204349
"alpha_intercept[92]",0.49981095026,0.50058569,0.0430381535398886,0.0426585236279999,0.428013662,0.571342684,1.00231867163198,3251.87920373831,1175.96531765583
"alpha_intercept[93]",0.560623135875,0.55930425,0.0416832883052111,0.041397653871,0.4932607915,0.6307979855,0.999696319471825,2292.03803445072,1470.00246356964
"alpha_intercept[94]",0.56581032442,0.5650658,0.0383335155718397,0.040183004169,0.5040763855,0.628889587,1.00141364023433,2717.27402512275,1569.67087486613
"alpha_intercept[95]",0.542865075485,0.54246586,0.0425691466902847,0.041548197075,0.473316615,0.613114522,1.00142534053421,3066.13314096923,1657.54465146934
"alpha_intercept[96]",0.52539791086,0.524962985,0.0417793904826117,0.040331946165,0.4542957005,0.5926341885,1.0001728967226,2260.86701738454,1500.99680161042
"alpha_intercept[97]",0.62073260055,0.619833775,0.0411817214782831,0.0416502147809999,0.552923418,0.687952805,1.0035103957572,2830.50202942772,1269.77010317677
"alpha_intercept[98]",0.549294354945,0.549901175,0.0414485018955818,0.042351884883,0.4807722075,0.6163261825,1.00003126986927,3088.50971821229,1528.99923118856
"alpha_intercept[99]",0.508907298115,0.5097461,0.0403385377144914,0.03873477825,0.441808455,0.573597181,1.00162643293,3411.85772602958,1603.19480777059
"alpha_intercept[100]",0.476315755045,0.47587319,0.0408486584247027,0.038813370876,0.4101753365,0.544891186,0.999522341762493,2926.6312201096,1042.76155304503
"tau_intercept_raw[1]",0.495679756958,0.49646862,0.109615167986412,0.104649595281,0.321452956,0.6678440425,1.00309758268878,1769.73061719311,1269.95319719656
"tau_intercept_raw[2]",0.502971430602,0.50282628,0.112549769182845,0.103669329813,0.326669283,0.675096263,1.00247430563112,1850.09931951934,1618.99399309986
"tau_intercept_raw[3]",0.49494569854,0.499145615,0.105574978975437,0.10577416962,0.3232864265,0.660873229,1.00231050958264,1769.82231485376,1545.85190249483
"tau_intercept_raw[4]",0.495451911475,0.496010845,0.106140217378723,0.101696485884,0.320137833,0.660757257,1.00278776944579,1625.43328299028,1462.55837480022
"tau_intercept_raw[5]",0.4901213387795,0.49414552,0.109620346533246,0.102507594105,0.310182439,0.6632892845,1.00110061343548,1713.46652860597,1376.53113459763
"tau_intercept_raw[6]",0.492840332703,0.495941325,0.109066301028683,0.103417525029,0.319410882,0.6637424735,1.00137022671817,1744.32882023891,1439.03257036802
"tau_intercept_raw[7]",0.498663076418,0.50121539,0.109460878470395,0.103605385275,0.326567699,0.6716734775,1.00052525343488,1761.80392436066,1530.72477974368
"tau_intercept_raw[8]",0.505554175555,0.50421737,0.110177052347502,0.102453835029,0.333074751,0.6812441905,1.00187285414631,1756.24765536588,1502.98805032595
"tau_intercept_raw[9]",0.497557902701,0.499212645,0.109140970512325,0.107764152405,0.32005078,0.6655909935,1.00076100142515,1721.60216502004,1522.7941385593
"tau_intercept_raw[10]",0.49544003087215,0.49780003,0.111499200519944,0.101430803964,0.3207760025,0.6696372455,1.00122157596357,1851.23067772464,1504.21072314211
"tau_intercept_raw[11]",0.49426568712883,0.49579588,0.111735034220565,0.107392605432,0.3131155205,0.664930457,1.00225933231001,1853.84835680691,1513.03952531028
"tau_intercept_raw[12]",0.4953803396885,0.49779737,0.107202755302453,0.10392344004,0.3209066005,0.663075243,1.0007550590892,1727.46373121922,1636.28097234467
"tau_intercept_raw[13]",0.500628045725,0.50131615,0.107861086669985,0.10212875274,0.32919614,0.671707301,1.00110605988546,1735.02643803421,1496.41972716561
"tau_intercept_raw[14]",0.4931157355125,0.49714691,0.109964060518341,0.097940303958,0.3107947555,0.665526525,1.0005841391498,1662.73943840078,1556.95526560378
"tau_intercept_raw[15]",0.5070729136525,0.50534121,0.111471757684663,0.104725141164,0.3352741115,0.686723558,1.0010521029482,1818.69890903325,1480.81663714968
"tau_intercept_raw[16]",0.4997418550245,0.504205065,0.109414472375381,0.103856552541,0.3206590015,0.670204064,1.0013183968067,1898.41397992167,1486.50555229375
"tau_intercept_raw[17]",0.48777264481,0.490945555,0.10789707495856,0.10200969996,0.309602427,0.6581005445,1.00148301420588,1693.19590795933,1367.30059077906
"tau_intercept_raw[18]",0.4992194543685,0.500789625,0.10840713969314,0.10234921536,0.3264010235,0.6656007715,1.00149973628725,1649.05688610139,1466.86993381822
"tau_intercept_raw[19]",0.4867576577195,0.49080172,0.108901741403952,0.101666137062,0.3101218355,0.6547284165,1.00187505283681,1644.11348712942,1288.86062561003
"tau_intercept_raw[20]",0.49740171412,0.50112952,0.108009335148374,0.101463176535,0.317850222,0.664434479,1.00132736252805,1663.2419176821,1369.53964366845
"tau_intercept_raw[21]",0.4967629638655,0.500930575,0.110201191292303,0.102006482718,0.3187407925,0.666864343,1.00442181993967,1793.56175431746,1639.36477375688
"tau_intercept_raw[22]",0.500528221145,0.50163642,0.107674191980934,0.102343559241,0.32763386,0.672752301,1.00087430725432,1793.61496979587,1603.46379171226
"tau_intercept_raw[23]",0.490328855708,0.494521495,0.109111728094222,0.102860186037,0.313906921,0.6597791705,1.00305073275503,1671.77091538677,1498.39049528915
"tau_intercept_raw[24]",0.4902125034549,0.49285641,0.10852752132044,0.103930297065,0.317889613,0.6641081365,1.00202840097446,1504.18368408174,1392.82398083991
"tau_intercept_raw[25]",0.500355604897,0.502130635,0.109232267326546,0.103954708074,0.324363881,0.674780038,1.00177431882566,1722.7260077939,1476.99952875798
"tau_intercept_raw[26]",0.5018237387155,0.503748255,0.109934596466084,0.103200709605,0.3273694865,0.681564537,1.00090936616693,1844.57218915315,1558.4648994735
"tau_intercept_raw[27]",0.496328888911,0.497473325,0.108784916260351,0.104813348451,0.3188586455,0.666800874,1.00125982599525,1735.89965411785,1462.81418918024
"tau_intercept_raw[28]",0.5027912202125,0.50411351,0.107548132047024,0.103336508352,0.3260731335,0.680394807,1.00099389546531,1745.05904895154,1311.25981172121
"tau_intercept_raw[29]",0.5042225180585,0.50094078,0.109651700666412,0.102854240811,0.334795554,0.6778745985,1.00129794290452,1724.28581013245,1533.02345421596
"tau_intercept_raw[30]",0.50161877525,0.501017375,0.109570184525198,0.103874106525,0.3217375795,0.6803885695,1.00016268564033,1638.27002634313,1414.26097878836
"tau_intercept_raw[31]",0.4920771877835,0.4964522,0.110355228856471,0.10638233214,0.3127927625,0.664509824,1.00198315579123,1637.92765828987,1554.06786681767
"tau_intercept_raw[32]",0.48592638141045,0.4923556,0.111287968794336,0.103295729439,0.3023370825,0.660921186,1.00185509001444,1625.51362089739,1399.53006932165
"tau_intercept_raw[33]",0.50430204147475,0.50307693,0.10851142949626,0.101372278329,0.3367194325,0.68120574,1.00150553864125,1650.19853964616,1476.5136373263
"tau_intercept_raw[34]",0.488817739809,0.49331605,0.108889171784787,0.102815129823,0.311038215,0.6545053025,1.00014641223387,1869.90677590453,1582.4771841291
"tau_intercept_raw[35]",0.499156335661,0.49884104,0.109268505652559,0.102254662545,0.325036816,0.670756159,1.00286263803181,1693.07700929733,1759.22859827628
"tau_intercept_raw[36]",0.4888612445028,0.490959125,0.110931393163507,0.105577591686,0.306365199,0.6638577355,1.00188070501813,1775.42837219895,1381.01120118336
"tau_intercept_raw[37]",0.505866666015,0.50726138,0.115944400940732,0.104632982748,0.3279685915,0.685992487,1.00212408977292,1752.09694356545,1296.52848188398
"tau_intercept_raw[38]",0.500833576129,0.50265215,0.115793627932542,0.103847078727,0.313561342,0.6772349965,1.00133601190927,1667.2517078275,1430.41337653989
"tau_intercept_raw[39]",0.49681208343,0.494512815,0.108005716053244,0.099755984874,0.320486862,0.672830606,1.00349719472033,1784.3609418417,1568.98812980538
"tau_intercept_raw[40]",0.50709702676905,0.50570371,0.110166170768996,0.101987053245,0.3342316125,0.6892112805,1.00148786806306,1589.02072941631,1198.99022954939
"tau_intercept_raw[41]",0.49523005078105,0.497613095,0.104644289342476,0.101155685295,0.324350077,0.661549946,1.00159050810352,1789.28718521529,1498.76423572958
"tau_intercept_raw[42]",0.499229500455,0.50113389,0.105541048214504,0.101530642248,0.3294595935,0.6633866165,1.00079894669677,1660.92345433302,1592.38800616761
"tau_intercept_raw[43]",0.4949032811755,0.495305725,0.108100170678899,0.101487320676,0.3188595175,0.667332152,1.00022674705443,1731.4469840438,1362.01163112302
"tau_intercept_raw[44]",0.507515862694,0.504461565,0.12020575019539,0.105842154243,0.3295812455,0.6949232765,1.00359958832817,1681.44025971666,1502.41817780693
"tau_intercept_raw[45]",0.502696448147,0.504987165,0.112395656298871,0.103861749054,0.3249565915,0.676856457,1.0008595710835,1739.74636555223,1430.49848407264
"tau_intercept_raw[46]",0.4981747555475,0.49995096,0.108491751610575,0.098786883384,0.3283850135,0.668727463,1.00162883885438,1599.85103690969,1462.16718905567
"tau_intercept_raw[47]",0.5012305318465,0.50035099,0.110616306854421,0.105236297166,0.3279672045,0.676514245,1.00020694420107,1739.1619931847,1394.40907956064
"tau_intercept_raw[48]",0.50015764162175,0.501856715,0.109786651010764,0.105058355514,0.327856982,0.6703748905,1.00082674146519,1728.41477809361,1452.69056585617
"tau_intercept_raw[49]",0.503232168065,0.501570495,0.110954592960486,0.106913317917,0.3263757715,0.679023196,1.0007145260195,1600.48161132176,1396.04668394731
"tau_intercept_raw[50]",0.482749677714,0.48890685,0.111309442977311,0.103177314177,0.3027642675,0.6562738925,1.00072236165627,1624.56811826242,1500.74882993616
"tau_intercept_raw[51]",0.501848296255,0.5012729,0.111871955752738,0.103421854221,0.3221195885,0.6800970205,1.00062533321673,1659.45935336937,1280.96323899658
"tau_intercept_raw[52]",0.49218945783345,0.493156245,0.10580686522496,0.099390220041,0.319176681,0.661686743,1.00109489567301,1465.02925828322,1246.15501742063
"tau_intercept_raw[53]",0.5006522167938,0.5014933,0.108498530572434,0.0991599648480001,0.3308965875,0.6723140115,1.00074181934345,1786.60366906524,1393.61645404389
"tau_intercept_raw[54]",0.49615129785985,0.497459865,0.111164259908653,0.100978536834,0.3162734735,0.6674203615,1.00045254814529,1693.47782276142,1390.688343557
"tau_intercept_raw[55]",0.505464528305,0.50344164,0.112752459605696,0.101346999999,0.326389372,0.683196358,1.00131404418481,1599.73330999535,1300.62816589526
"tau_intercept_raw[56]",0.506688193055,0.503228915,0.113335066624334,0.102706040115,0.336052437,0.693904052,1.00151963740557,1795.79959848609,1376.2667881954
"tau_intercept_raw[57]",0.4925073243141,0.4963009,0.10997819642759,0.10371120585,0.3162142675,0.6640597905,1.00119822630886,1604.79615336261,1460.37884235275
"tau_intercept_raw[58]",0.4979265193625,0.498217545,0.111935097407586,0.104012944602,0.3231689735,0.6728988535,1.00282389922172,1806.049163044,1419.27641539337
"tau_intercept_raw[59]",0.4939348176385,0.49657694,0.111312075392868,0.105192686487,0.316784388,0.6719331755,1.00203370446315,1809.33823024707,1455.9261756367
"tau_intercept_raw[60]",0.48494344402863,0.48946922,0.110089720424387,0.101266213125,0.3042852445,0.6607153525,1.00183433435323,1653.03113724125,1729.93615596529
"tau_intercept_raw[61]",0.48334603094,0.48714347,0.108148027023495,0.101284723386,0.306764786,0.656049841,1.00234248694365,1611.2900271431,1460.71362876295
"tau_intercept_raw[62]",0.5018108200205,0.50178575,0.109148462113242,0.104753481063,0.3288099685,0.6770463525,1.00287056673455,1608.62046752805,1412.80028262525
"tau_intercept_raw[63]",0.5026425106535,0.502492325,0.110228674728088,0.107929951563,0.330825018,0.678791476,1.00054780633293,1621.62911105835,1475.40872963943
"tau_intercept_raw[64]",0.497208933085,0.4987448,0.106965040502253,0.101259215253,0.330773079,0.6654646645,1.00127217892787,1838.23096949345,1484.8980438199
"tau_intercept_raw[65]",0.503736131125,0.50219009,0.10817908474011,0.102965925069,0.3321932285,0.6781529225,1.00131044015676,1839.14403830431,1565.45125514492
"tau_intercept_raw[66]",0.497223713522,0.500015415,0.109150778088959,0.102956903448,0.3263684635,0.671607504,1.00138773655011,1787.46351789438,1507.7857905166
"tau_intercept_raw[67]",0.49596492882,0.494954035,0.108010030216223,0.103254112857,0.321130449,0.669678782,1.00075521889312,1939.01240782981,1526.58516948353
"tau_intercept_raw[68]",0.498984053717,0.49726855,0.108695611952574,0.101078842137,0.328446722,0.672906662,1.00086686938926,1675.08026405791,1459.060761978
"tau_intercept_raw[69]",0.501018994875,0.50033242,0.108503856191664,0.100405274718,0.327893742,0.6711274845,1.00208067598598,1608.39130498118,1534.90221346721
"tau_intercept_raw[70]",0.499816802538,0.49952792,0.107558674376728,0.101885257929,0.3241239085,0.6690580125,1.00059275318302,1580.59679785979,1388.53681522841
"tau_intercept_raw[71]",0.496986221405,0.499998895,0.110137437762806,0.105241960698,0.321159469,0.669376424,1.00157755418842,1651.74612460236,1264.5702740416
"tau_intercept_raw[72]",0.500534950835,0.50224036,0.109328350335466,0.1018783416,0.3213847045,0.669855054,1.0008285545375,1664.93113719388,1531.5308440823
"tau_intercept_raw[73]",0.4969444629015,0.497545615,0.113552752688225,0.104634613608,0.3160505045,0.6734918205,1.00249924225738,1751.27175843333,1383.16606395385
"tau_intercept_raw[74]",0.4928324689385,0.49582224,0.108224991508294,0.103905411624,0.31674014,0.663881269,1.00236374515934,1715.16842027089,1468.93422126209
"tau_intercept_raw[75]",0.504264853995,0.50288409,0.110280033047464,0.105308195853,0.3313615725,0.675247678,1.00179444672371,1780.13502198145,1577.77165586543
"tau_intercept_raw[76]",0.504262515042,0.50211226,0.109269798666839,0.104171679171,0.331111949,0.68321374,1.00239682507464,1846.37486158545,1554.40913770342
"tau_intercept_raw[77]",0.505141825125,0.50400834,0.109665398459206,0.104434032654,0.330578568,0.678909783,1.00250428412932,1670.58198398638,1181.99831191982
"tau_intercept_raw[78]",0.50232369493125,0.502699405,0.113115462629843,0.105777913185,0.3295943285,0.678607077,1.00152279724719,1630.72310896308,1380.43906742161
"tau_intercept_raw[79]",0.502153614465,0.498721885,0.111729173336171,0.098418753804,0.3296558495,0.6806810645,1.00140322210829,1523.61971374373,1413.30470797045
"tau_intercept_raw[80]",0.49867928142,0.498668685,0.10772734529407,0.102129701604,0.320849992,0.672509626,1.00119951425893,1699.38502963361,1450.05452503359
"tau_intercept_raw[81]",0.4950011249407,0.497647285,0.108624841938581,0.103486265778,0.3223332585,0.6642012085,1.00098965911683,1600.26396294462,1416.25948337674
"tau_intercept_raw[82]",0.505517610423,0.50278287,0.111008629788942,0.102143941977,0.332597741,0.6763445355,1.00160468643741,1429.50323919708,1330.77551519801
"tau_intercept_raw[83]",0.5056182217655,0.503291155,0.111677463964312,0.10431884946,0.330215713,0.686900908,1.00092924045133,1636.17482130304,1339.08041573065
"tau_intercept_raw[84]",0.5053744761895,0.504888445,0.116001801333671,0.106650868065,0.329309818,0.693774641,1.0009235358148,1830.79468889995,1481.30864293879
"tau_intercept_raw[85]",0.50070001848955,0.50028589,0.113900251220118,0.106711350732,0.3235259595,0.675845651,1.00210475971634,1755.52459541287,1399.37793710702
"tau_intercept_raw[86]",0.5008665494395,0.500617535,0.111090208778468,0.104386463433,0.3223007465,0.678211434,1.00081200113727,1851.92374172163,1610.10269550147
"tau_intercept_raw[87]",0.49151959161,0.494175755,0.10879361974574,0.101600687685,0.3113694715,0.6663714505,1.00047916621161,1635.86551064746,1662.22945612648
"tau_intercept_raw[88]",0.495871705763,0.49731683,0.107291032343725,0.1036552377,0.321471474,0.66587952,1.00356540930308,1710.73807114473,1529.04998802504
"tau_intercept_raw[89]",0.5042912737994,0.502416245,0.108767628930453,0.10310556375,0.329270396,0.6756782735,0.999810972598086,1728.24766655165,1610.31296163706
"tau_intercept_raw[90]",0.4972157522435,0.49695148,0.112389494707013,0.102084912258,0.320201392,0.675851007,1.00217867101266,1818.46472025149,1307.79745802938
"tau_intercept_raw[91]",0.5032347298905,0.501723325,0.109673219220441,0.10329074049,0.327010606,0.6804174855,1.00049088310349,1761.09427761145,1412.30565991437
"tau_intercept_raw[92]",0.4979913417115,0.497846635,0.107637927471979,0.101016172635,0.321044205,0.672394556,1.00150230088633,1663.19506124196,1323.93034761366
"tau_intercept_raw[93]",0.493779836525,0.49879562,0.108722889084067,0.105203983899,0.3177569855,0.665474314,1.00223696120158,1665.73286985799,1043.78069916443
"tau_intercept_raw[94]",0.48726067581405,0.491485665,0.110560698182461,0.107075091816,0.3107103305,0.661244586,1.0013498571723,1788.46783558278,1419.07770813178
"tau_intercept_raw[95]",0.5034492005,0.504214345,0.108901938109204,0.101667211947,0.3299275475,0.679286136,1.00158476192501,1755.6531799904,1550.84691916421
"tau_intercept_raw[96]",0.5040868202085,0.502554315,0.112468668848012,0.102845500884,0.328225915,0.6897491635,1.00084474232076,1618.59809246161,1285.34856901752
"tau_intercept_raw[97]",0.4974588574085,0.49811188,0.109678258439999,0.101277317799,0.318501212,0.670337004,1.00086332255126,1772.98338697785,1574.82233409036
"tau_intercept_raw[98]",0.49767373406204,0.497612875,0.109933855878323,0.102502523613,0.3284686475,0.6662791225,1.00072626396134,1745.02895048209,1451.65650436575
"tau_intercept_raw[99]",0.4932674637615,0.49549737,0.1057633520348,0.100891908516,0.319198011,0.6607908605,1.00237679941689,1724.56782143462,1189.57376263902
"tau_intercept_raw[100]",0.488232215811,0.489999145,0.109366044642323,0.102876805983,0.30675971,0.6622825505,1.00096466086271,1638.60900609227,1580.69253943797
"t0[1]",0.062110254481,0.0621629085,0.00257097475000336,0.0024723452124,0.05796783035,0.06610202365,1.00309764925231,1769.72815168677,1269.95319719656
"t0[2]",0.062279151118,0.062312329,0.00262584733760289,0.0024211532583,0.0580948737,0.0662643353,1.0024423607278,1850.09931951934,1618.99399309986
"t0[3]",0.0620956878135,0.0622258525,0.00248170656325536,0.0024828776028,0.0580124969,0.0659456522,1.00230237841517,1769.82231485376,1545.85190249483
"t0[4]",0.0621070873925,0.0621521405,0.00249201760125982,0.0023827057338,0.0579357843,0.06594304785,1.00276278130971,1625.43333920123,1462.55837480022
"t0[5]",0.061979734702,0.0621082525,0.00257373588349335,0.0024183044424,0.0576929792,0.06599988915,1.00110061343548,1713.46652860597,1376.53113459763
"t0[6]",0.062044512075,0.0621505055,0.00256765403293739,0.0024289450626,0.0579180673,0.06601005805,1.00137022671817,1744.32882023891,1439.03257036802
"t0[7]",0.0621802588855,0.062274491,0.00256228656838161,0.00243332466299999,0.0580924015,0.06618777745,1.00052525343488,1761.80392436066,1530.72477974368
"t0[8]",0.062340760129,0.0623449915,0.00256717530092769,0.0024162495588,0.05825073235,0.06640163285,1.00187285414631,1756.24765536588,1502.98805032595
"t0[9]",0.062154886153,0.062227428,0.00256353569598587,0.00253292202449999,0.05793366255,0.0660515206,1.00076100142515,1721.60216502004,1522.7941385593
"t0[10]",0.06210383855,0.062194219,0.00261787842052887,0.0023935850526,0.0579513357,0.06614219245,1.0011705082365,1851.23067772464,1504.21072314211
"t0[11]",0.0620757812345,0.062147084,0.0026210283168734,0.0025349368779,0.05776455425,0.0660367073,1.00227377592779,1853.84835680691,1513.03952531028
"t0[12]",0.0621050258945,0.0621941565,0.00252048694508727,0.0024354195768,0.05795451815,0.0659950855,1.0007550590892,1727.46373121922,1636.28097234467
"t0[13]",0.0622270625845,0.062276858,0.00252152875322702,0.0024048676386,0.05815637685,0.0661885346,1.00110605988546,1735.02643803421,1496.41972716561
"t0[14]",0.0620500224475,0.062178861,0.00258166247176242,0.0023045282358,0.05770792415,0.06605007465,1.0005841391498,1662.73943840078,1556.95526560378
"t0[15]",0.062375170542,0.0623713715,0.00258878865827716,0.002463799506,0.0583042097,0.0665237673,1.0010521029482,1818.69890903325,1480.81663714968
"t0[16]",0.0622058251795,0.0623447025,0.00256736504608514,0.0024278976057,0.05794848515,0.0661548842,1.0013183968067,1898.41397992167,1486.50555229375
"t0[17]",0.061926268639,0.062032915,0.00254556749611019,0.0024034013472,0.05767882165,0.06588335705,1.00145311397639,1693.1954435564,1367.30059077906
"t0[18]",0.0621938978615,0.0622644875,0.00253587886884995,0.00241125838590001,0.05808834315,0.0660517403,1.00149785075523,1649.05688610139,1466.86993381822
"t0[19]",0.061901617885,0.062029528,0.00256748380662651,0.0023970773169,0.0576914997,0.06580752065,1.00181327005921,1644.11348712942,1288.86062561003
"t0[20]",0.062151678141,0.0622724735,0.00253339258113219,0.00239883123269999,0.0578800241,0.06602558325,1.00134427891873,1663.24595612537,1369.53964366845
"t0[21]",0.06213596624,0.062267799,0.00259323550171667,0.0023964501771,0.0579017341,0.0660800676,1.00431731285277,1793.56175431746,1639.36477375688
"t0[22]",0.06222490724,0.062284382,0.00251851763598468,0.0024060203601,0.05811835495,0.0662119173,1.00085281842258,1793.61496979587,1603.46379171226
"t0[23]",0.0619853606075,0.0621171,0.00256955989950276,0.00241587520229999,0.05778386085,0.06592107775,1.00305073275503,1671.77091538677,1498.39049528915
"t0[24]",0.0619828332195,0.06207791,0.00255395511923882,0.0024503471349,0.0578809847,0.0660182622,1.00202840097446,1504.18368408174,1392.82398083991
"t0[25]",0.0622201997275,0.062295991,0.0025598803907155,0.0024474293781,0.0580387396,0.0662572654,1.00169912347903,1722.7260077939,1476.99952875798
"t0[26]",0.06225379615,0.062333978,0.00256876464231017,0.0024258938718,0.0581119197,0.06640877925,1.00090936616693,1844.57218915315,1558.4648994735
"t0[27]",0.0621260139435,0.062186537,0.00255133386131309,0.0024596274696,0.05790460715,0.06607864455,1.00123177895413,1735.90096842778,1462.81418918024
"t0[28]",0.062278142529,0.062342553,0.00251706740776498,0.0024215135301,0.0580803605,0.06638268015,1.00098887969844,1745.05904895154,1311.25981172121
"t0[29]",0.062309665787,0.0622680395,0.00255069001337223,0.00242279227260001,0.058292575,0.06632641605,1.00131296132295,1724.28581013245,1533.02345421596
"t0[30]",0.062249275742,0.0622698385,0.00256233875885339,0.0024346019229,0.0579747659,0.06638254135,1.00016268564033,1638.27002634313,1414.26097878836
"t0[31]",0.0620255879455,0.0621625225,0.0025962991824708,0.0024944181612,0.0577566794,0.06602727315,1.00200110547521,1637.92765828987,1554.06786681767
"t0[32]",0.061880820801,0.0620661195,0.00262644208103663,0.00244121950799999,0.0575013737,0.06594672825,1.00180458004586,1625.51362089739,1399.53006932165
"t0[33]",0.062312793866,0.062318215,0.00253514159453606,0.0023845560186,0.0583393411,0.06640077485,1.00150553864125,1650.19853964616,1476.5136373263
"t0[34]",0.0619503240905,0.0620887295,0.00256839757367502,0.002429936922,0.05771386555,0.0658024996,1.00016826189571,1869.90677590453,1582.4771841291
"t0[35]",0.0621917383735,0.0622186935,0.00255454519631519,0.0024174274845,0.05805512695,0.0661672456,1.00286263803181,1693.07700929733,1759.22859827628
"t0[36]",0.0619496776945,0.0620332355,0.00261103882982067,0.00246837110309999,0.0575997799,0.0660126446,1.00188139628912,1775.42837219895,1381.01120118336
"t0[37]",0.0623435245815,0.062416426,0.00267929788614365,0.0024630745146,0.05812650265,0.0665074843,1.00207439583257,1752.09694356545,1296.52848188398
"t0[38]",0.062226852929,0.0623082395,0.0027042264366524,0.0024407754693,0.0577754308,0.06631212915,1.00133601190927,1667.2517078275,1430.41337653989
"t0[39]",0.062137644117,0.0621168955,0.00253075413723533,0.0023472538026,0.0579442904,0.06621366855,1.00349728382942,1784.36018173431,1568.98812980538
"t0[40]",0.062376955293,0.0623798785,0.00256641780664283,0.00239540568539999,0.05827886335,0.0665791447,1.00148786806306,1589.02072941631,1198.99022954939
"t0[41]",0.062102809139,0.0621898235,0.00245629724303517,0.00237543951119999,0.0580384031,0.0659608477,1.00159050810352,1789.28718521529,1498.76423572958
"t0[42]",0.062196011261,0.0622725765,0.00247424527727062,0.00239161986629999,0.0581627887,0.06600207305,1.00077688061012,1660.92215466077,1592.38800616761
"t0[43]",0.0620931985815,0.0621355525,0.00254044787911662,0.00239001050399999,0.05790462715,0.06609055265,1.00022674705443,1731.4469840438,1362.01163112302
"t0[44]",0.062378350039,0.0623507245,0.00275738745059635,0.0024862527417,0.0581657479,0.06670612365,1.00361302839377,1681.44025971666,1502.41817780693
"t0[45]",0.062272528015,0.0623630615,0.00261919184913264,0.0024292793889,0.05805317335,0.06630367305,1.00080900732409,1739.74636555223,1430.49848407264
"t0[46]",0.062169328746,0.062244781,0.00253967495950665,0.0023266671603,0.05813663725,0.06612181555,1.00155582628186,1599.85103690969,1462.16718905567
"t0[47]",0.062239295839,0.0622541815,0.00257880614484508,0.00247854915209999,0.0581264683,0.0662960271,1.00020694420107,1739.1619931847,1394.40907956064
"t0[48]",0.0622150548225,0.0622895565,0.00256839575072403,0.00246336065639999,0.05812378585,0.06615870945,1.00085140603493,1728.41477809361,1452.69056585617
"t0[49]",0.06228589453,0.0622828335,0.00258813109002598,0.00251110778939999,0.0580877287,0.06635206455,1.00067167325047,1600.48161132176,1396.04668394731
"t0[50]",0.061806031269,0.061984888,0.00262931804886382,0.002432435103,0.0575118122,0.065842287,1.00072236165627,1624.56811826242,1500.74882993616
"t0[51]",0.062253284041,0.062275842,0.00261651946796962,0.0024239553723,0.0579840723,0.0663760344,1.00062533321673,1659.45935336937,1280.96323899658
"t0[52]",0.0620310281045,0.062084968,0.00249132893702681,0.0023353181313,0.05791235865,0.06596391865,1.00109489567301,1465.02925828322,1246.15501742063
"t0[53]",0.062227828069,0.06228102,0.00254461201429821,0.0023147218521,0.0581977515,0.06620211165,1.00074181934345,1786.60366906524,1393.61645404389
"t0[54]",0.062120349359,0.0621862205,0.00260594513844296,0.00238031504129999,0.05784157985,0.0660925297,1.00044391902601,1693.47782276142,1390.688343557
"t0[55]",0.0623372130165,0.0623267785,0.0026286819748992,0.0023822394561,0.05808805925,0.0664451717,1.00133014735627,1599.73597898403,1300.62816589526
"t0[56]",0.06236491209,0.062321784,0.00263061343420734,0.0024136112721,0.05832312995,0.0666834831,1.00147894034556,1795.8008856136,1376.2667881954
"t0[57]",0.062036203304,0.0621589635,0.00259002023068885,0.0024361890462,0.05784013645,0.06601717735,1.00120803410078,1604.79615336261,1460.37884235275
"t0[58]",0.062161842222,0.0622040355,0.00262491300947868,0.00243919724160001,0.05800963565,0.066215195,1.0027825909922,1806.049163044,1419.27641539337
"t0[59]",0.062069105747,0.0621654565,0.00261944595208751,0.0024735335163,0.05785403845,0.06619358915,1.00207823107608,1809.33823024707,1455.9261756367
"t0[60]",0.0618586580235,0.0619981385,0.00260114015395498,0.0023861572266,0.05754897475,0.0659421062,1.00183433435323,1653.03113724125,1729.93615596529
"t0[61]",0.061821801858,0.0619433275,0.00255316623177243,0.002386845153,0.0576095384,0.06583724835,1.00234247926773,1611.29342841013,1460.71362876295
"t0[62]",0.0622542121285,0.06228789,0.00255463238343506,0.00246991819619999,0.05814698,0.06630791555,1.00287056673455,1608.62046752805,1412.80028262525
"t0[63]",0.0622729224755,0.0623044855,0.00257746264330127,0.0025367908692,0.05819600985,0.06634689115,1.00054780633293,1621.62911105835,1475.40872963943
"t0[64]",0.062147598316,0.062216431,0.00250476982319562,0.0023899801107,0.05819474675,0.06604868825,1.00126384632046,1838.23096949345,1484.8980438199
"t0[65]",0.0622994699995,0.062297387,0.00252339782184785,0.0024254261115,0.058229293,0.06633263185,1.00131044015676,1839.14403830431,1565.45125514492
"t0[66]",0.0621466316645,0.062246295,0.00255686750129527,0.002415533463,0.0580875503,0.0661863013,1.00142924409517,1787.46351789438,1507.7857905166
"t0[67]",0.0621178181495,0.062127278,0.00253207450941827,0.0024251807412,0.05795997305,0.0661431229,1.00076157685999,1939.01240782981,1526.58516948353
"t0[68]",0.06218790975,0.0621817215,0.00253915680955691,0.002388639099,0.05813813895,0.06621536985,1.00084426289462,1675.08026405791,1459.060761978
"t0[69]",0.062235618985,0.062253745,0.00253204481695269,0.0023533621146,0.0581246807,0.0661755572,1.00208067598598,1608.39130498118,1534.90221346721
"t0[70]",0.062208398559,0.062234838,0.00251806338939947,0.0023896821081,0.0580328949,0.06612922045,1.00059275318302,1580.59679785979,1388.53681522841
"t0[71]",0.0621407304765,0.062245907,0.00258172899947652,0.0024681242502,0.05796068,0.06613635115,1.00157755418842,1651.74612460236,1264.5702740416
"t0[72]",0.0622241461375,0.0622985675,0.00255869281476571,0.0023833944015,0.0579661676,0.06614707025,1.00082855453739,1664.9317621523,1531.5308440823
"t0[73]",0.062137430898,0.062188237,0.00265977829081792,0.0024621263919,0.05783614265,0.0662284591,1.00249924225738,1751.27175843333,1383.16606395385
"t0[74]",0.0620447481815,0.062147704,0.00254840647598274,0.0024397902816,0.057852959,0.0660131717,1.00235424489469,1715.17805620988,1468.93422126209
"t0[75]",0.062310737245,0.0623136865,0.00257419783105301,0.0024741465714,0.05820906335,0.0662677202,1.00179444672371,1780.13502198145,1577.77165586543
"t0[76]",0.062311230043,0.062295559,0.00255080504560314,0.0024404796906,0.0582029905,0.0664455595,1.00231743282609,1846.37486158545,1554.40913770342
"t0[77]",0.062331638133,0.0623400845,0.00255926590709924,0.00246100332240001,0.05819001415,0.0663495327,1.00250428412932,1670.58198398638,1181.99831191982
"t0[78]",0.062263542968,0.062309349,0.00264086407189638,0.0024801837186,0.058166067,0.06634277305,1.00152280486101,1630.72367408149,1380.43906742161
"t0[79]",0.0622599412715,0.0622158925,0.002599280544012,0.0023141221404,0.0581675637,0.0663890687,1.00139365952717,1523.61971374373,1413.30470797045
"t0[80]",0.062181819906,0.062214642,0.00252694268452763,0.00240664156949999,0.0579531389,0.0662064875,1.00119951425893,1699.38502963361,1450.05452503359
"t0[81]",0.0620950071505,0.062190627,0.00254778309741206,0.00243763902899999,0.0579892775,0.06602034985,1.00098965911683,1600.26396294462,1416.25948337674
"t0[82]",0.062339165867,0.0623113095,0.00258255994844513,0.00240427830509999,0.05823913155,0.0662922343,1.00160468644967,1429.50548434132,1330.77551519801
"t0[83]",0.0623414195895,0.0623232455,0.00260406264597709,0.0024415219584,0.05818118595,0.06652771565,1.00092924045133,1636.17482130304,1339.08041573065
"t0[84]",0.062332059532,0.0623607445,0.00268710892666554,0.00250402022010001,0.05815914325,0.06668060855,1.0009235358148,1830.79468889995,1481.30864293879
"t0[85]",0.0622249670855,0.0622526515,0.00265992371951059,0.0025031054559,0.05801833095,0.06628108615,1.0020509980296,1755.52459541287,1399.37793710702
"t0[86]",0.0622307738125,0.0622604445,0.00259841031524814,0.00244504387470001,0.05798848615,0.0663339392,1.00081200113727,1851.92374172163,1610.10269550147
"t0[87]",0.0620134005095,0.0621089635,0.00256014701972687,0.0023917510764,0.05772195,0.0660690192,1.00047916621161,1635.86551064746,1662.22945612648
"t0[88]",0.0621163308845,0.0621828565,0.00251947172933234,0.0024487726137,0.05796828185,0.06605798965,1.00360541258823,1710.73807114473,1529.04998802504
"t0[89]",0.0623121625205,0.062302699,0.00253500948148415,0.00240776241510001,0.05815818375,0.06627734505,0.999809420220906,1728.24766655165,1610.31296163706
"t0[90]",0.062144774132,0.062174265,0.00263522766084563,0.0024131724225,0.057937333,0.0662812062,1.00216936650781,1818.46472025149,1307.79745802938
"t0[91]",0.062286921881,0.062286423,0.00255934939309324,0.002424859017,0.0581031839,0.0663831872,1.00049088310349,1761.09427761145,1412.30565991437
"t0[92]",0.0621656921465,0.062195315,0.00252375771670618,0.0023783461485,0.0579578712,0.06620391325,1.00149078138994,1663.19648302397,1323.93034761366
"t0[93]",0.0620665934195,0.0622176255,0.00255795854824898,0.0024843468594,0.0578777512,0.06604890425,1.00223147897449,1665.73286985799,1043.78069916443
"t0[94]",0.0619125189965,0.0620456355,0.00260695151751275,0.00251829988199999,0.05770586315,0.06595399065,1.00134789830081,1788.46783558278,1419.07770813178
"t0[95]",0.0622920900925,0.0623449205,0.00253472302985303,0.002379899172,0.0581741748,0.06635793485,1.00159734702088,1755.6531799904,1550.84691916421
"t0[96]",0.0623050813795,0.0623059415,0.00262319788936223,0.0024199916412,0.058132765,0.0665911125,1.00084475383524,1618.59023138621,1285.34856901752
"t0[97]",0.0621519140565,0.0622015515,0.00256987666926265,0.0023697100035,0.0578958944,0.06615786165,1.0008484059404,1772.98338697785,1574.82233409036
"t0[98]",0.062156501361,0.0621898185,0.00256751829846838,0.00239318475059999,0.0581386731,0.0660669494,1.00072626396134,1745.02895048209,1451.65650436575
"t0[99]",0.0620561034905,0.0621400615,0.00248571982998621,0.0023749962138,0.0579128789,0.06594380255,1.00237679941689,1724.56782143462,1189.57376263902
"t0[100]",0.0619358588225,0.062010623,0.00257542702002398,0.0024215224257,0.0576094146,0.0659772941,1.00093839515828,1638.60900609227,1580.69253943797
"sv[1]",0.342473249269,0.341941285,0.113897624161595,0.105014381598,0.153175491,0.5362608905,0.999885253675019,1284.41152604983,1032.00024992581
"sv[2]",0.3648293078115,0.36021144,0.124599218746024,0.109634333697,0.168625237,0.573456134,0.9996229874282,2119.94092391359,1613.49665672914
"sv[3]",0.37155802433,0.362225605,0.131993415684382,0.117233147955,0.173539813,0.6002809675,1.00027456775133,2579.06981340535,1055.87084079869
"sv[4]",0.348864611086,0.34757228,0.11914614778669,0.115884567582,0.162263236,0.5570868485,1.00085316684069,1742.86226539007,1109.88334728791
"sv[5]",0.39181996532,0.378353865,0.134505162089165,0.116656498098,0.1937686075,0.6298840935,1.00019143575374,1629.30660314897,804.430677349526
"sv[6]",0.350491698687,0.352708905,0.114690978969435,0.113344636566,0.163403122,0.5381434335,1.00091454903724,1478.4043535463,1141.80858701506
"sv[7]",0.365282727656,0.36072291,0.122316428259074,0.110324891712,0.169752259,0.5723125555,1.00139492265319,1645.89678764683,1200.27519712204
"sv[8]",0.3593155856205,0.354737835,0.124026938539172,0.114919031745,0.1694296235,0.57766739,0.999840265740544,1470.10039182253,800.273313957347
"sv[9]",0.3701033748965,0.363869945,0.12102919430524,0.111866032173,0.184378383,0.56223503,0.999495457135219,1605.9844227901,1363.53148687578
"sv[10]",0.356179589743,0.352444265,0.124044843218106,0.11356649283,0.160567958,0.5716977955,0.99938153362666,1868.30308103629,1061.29175742578
"sv[11]",0.375353611627,0.36907051,0.137382677310582,0.123747588573,0.172417726,0.613530643,0.999977637587991,1849.54695871267,1237.46771358454
"sv[12]",0.3490037431785,0.348719205,0.116051363797748,0.107728962894,0.158199069,0.540581415,1.0002052722796,1448.16162537883,1410.87796800053
"sv[13]",0.4970068223255,0.431172725,0.26379023504315,0.165883214007,0.208770496,1.0253649,1.00035547214324,1176.73131521203,766.800333302708
"sv[14]",0.3538913978825,0.34992212,0.122226001638745,0.111654428088,0.166360935,0.5534444835,1.00074956004472,1835.50015872915,1330.25257213307
"sv[15]",0.3591275550835,0.35445779,0.122146500545288,0.115058522166,0.171480157,0.5756132575,1.00078115486987,1708.11343210715,1128.90901361247
"sv[16]",0.355154134707,0.350007615,0.120197395843351,0.114351788985,0.169484602,0.5640508395,1.00056527957599,1633.94848884777,1238.51992575494
"sv[17]",0.3691991239975,0.36420472,0.120823187194355,0.11392276161,0.175895215,0.5765758435,0.999638899304478,1850.2771101575,1296.24311709411
"sv[18]",0.3574514931815,0.35734233,0.117482294474104,0.111321955038,0.1724792965,0.5541309925,1.00018247718024,1569.79080483778,943.166256636933
"sv[19]",0.380785048141,0.370443735,0.138333975301928,0.116127350745,0.1786861075,0.6079176705,1.00127094924311,1929.74885889351,1557.79146403056
"sv[20]",0.3483810181045,0.3490909,0.113645886476457,0.107760601578,0.167383975,0.537830053,1.00089589595307,1575.61143198901,1445.35972862958
"sv[21]",0.336585851182,0.33656712,0.112250546752751,0.106869492261,0.150140907,0.524453724,1.00108951813825,1415.72291512088,1036.90914367572
"sv[22]",0.3468190129795,0.345394395,0.122175713342024,0.114292937178,0.150727714,0.5415238,0.999603672998809,1492.17495484367,1382.83308597641
"sv[23]",0.361547119337,0.35792721,0.12227463096157,0.115178256942,0.1731063615,0.5654107205,1.0011946240821,1487.83960318775,1355.02704043197
"sv[24]",0.358997026177,0.35691651,0.119510992693967,0.108349979556,0.170790825,0.561496357,1.00289349920031,1524.79505446661,1350.36672168442
"sv[25]",0.378190349128,0.36816984,0.131859658825527,0.118267342998,0.1823042515,0.610681417,1.00020948812139,1927.43392682213,1134.2420121287
"sv[26]",0.35760300441,0.35367961,0.117485406417328,0.109838176371,0.1712142565,0.553276277,1.00067352462566,1581.97253061545,1080.72952378995
"sv[27]",0.3886495464665,0.37765032,0.142496038462003,0.131429243106,0.1706347215,0.633474366,0.999981891876697,2389.36468790173,1251.75825612385
"sv[28]",0.3492965186025,0.34682089,0.115920866427608,0.11247922812,0.1671353515,0.540920809,0.999517531283201,1530.19846856062,1347.19084109708
"sv[29]",0.3618080450315,0.361442635,0.125921732468478,0.116288020107,0.161011677,0.569867804,1.00154674590014,2006.18493172796,1062.02116751659
"sv[30]",0.3624304995575,0.35853635,0.124775211526981,0.122544199218,0.1706757905,0.568255569,1.00270473265966,1479.84329259369,1158.64441590207
"sv[31]",0.3740460555235,0.364970775,0.130448902794432,0.112970398674,0.174713583,0.5958480885,0.999433491996417,1804.35155171103,1416.92269678857
"sv[32]",0.340398867109,0.337624895,0.115983990302336,0.111739195743,0.1524192335,0.532603172,1.00194357123472,1544.24979215345,1145.75813372735
"sv[33]",0.395920482862,0.38161336,0.151762420706649,0.121126692771,0.185578347,0.6561003435,1.00138823956775,2061.60041618867,1529.2395892664
"sv[34]",0.3901674192205,0.37601326,0.142667752002813,0.125484246909,0.1858104285,0.6404557215,1.000022879508,1875.1396418561,1337.91164659953
"sv[35]",0.342533985545,0.342254,0.115527261214448,0.111448465296,0.1537165345,0.5212972235,1.00174076109519,1670.99787221839,835.347091458869
"sv[36]",0.4223973929855,0.412633305,0.131047715265764,0.117136126611,0.2244052805,0.6504140795,1.00038601668847,1646.75286380199,937.012105229269
"sv[37]",0.3691592891795,0.365142885,0.133807348326507,0.120518915727,0.167985532,0.5978490025,1.00001241983277,1694.97163814832,1043.83092355519
"sv[38]",0.351912786073,0.35125419,0.118827616837617,0.109518868809,0.159375363,0.546569021,1.00018110815567,1843.2610767375,1175.91937191782
"sv[39]",0.339036897134,0.335546325,0.116798645353068,0.11273935029,0.1497419375,0.5320563815,0.999957261550182,1790.14120053625,1073.37216403655
"sv[40]",0.415812361758,0.403229815,0.143065201324078,0.12493151139,0.2080732245,0.6718131845,0.999964642225267,1829.10219098523,1172.30050115804
"sv[41]",0.343519402619,0.340955075,0.111573173364033,0.108651384723,0.164903294,0.522199801,1.00004064733184,1636.60370147736,1083.23018016565
"sv[42]",0.3629325253255,0.358576415,0.131674312478413,0.118533099048,0.1572543225,0.5827467325,1.00085851228208,1925.09718209617,906.239532772888
"sv[43]",0.4605154221365,0.42491566,0.189275027282479,0.141502109049,0.217224757,0.830183644,1.00322934224245,1537.99957486869,1295.42825418544
"sv[44]",0.380173473099,0.368174245,0.130834430733945,0.116871897639,0.1873429725,0.610433618,0.999485210043753,1702.80397020326,1255.43986981849
"sv[45]",0.364448106348,0.357671885,0.134708447337375,0.122004132516,0.158532883,0.594208617,1.00118788490533,2169.08367274612,1286.41404365601
"sv[46]",0.451657646591,0.429032815,0.165150197667066,0.142748456739,0.2212871335,0.7707170255,1.00144373089194,1665.20452268804,1509.36716711945
"sv[47]",0.3726650485245,0.364906175,0.132157482264443,0.111942712245,0.1680895125,0.6092003675,1.00294480604913,1458.48052339143,1117.10262834698
"sv[48]",0.34564816668,0.34356107,0.118156096403685,0.113139185271,0.1620151325,0.543282474,1.00269043457452,1220.56510893991,1102.68471674315
"sv[49]",0.390243578603,0.37910201,0.134843958028838,0.114950774211,0.18830042,0.6497233365,1.00014680226597,1732.90844312515,1322.50119566094
"sv[50]",0.387951117348,0.379606835,0.140184199604777,0.12122360292,0.1871658615,0.6295751605,0.999903969339715,1702.61951218573,1571.7984826654
"sv[51]",0.337299489431,0.338524665,0.108602953670048,0.108176315205,0.1593630005,0.510084829,1.0006044836972,1513.62577486139,974.790681372976
"sv[52]",0.386129943302,0.37915836,0.133913804317656,0.124053686169,0.1823458535,0.6232212495,0.999472300392018,1971.99542142787,1404.91230228598
"sv[53]",0.3602882962455,0.35985089,0.117896312989422,0.110526977505,0.1644135825,0.5581542335,0.999486343089357,1552.9451868637,1130.97355050494
"sv[54]",0.357117754567,0.35354923,0.118990802682461,0.109864722324,0.168494366,0.55525637,1.002696414508,1811.14715368959,1068.94672410672
"sv[55]",0.3409421656965,0.338055565,0.114712023707238,0.109329911439,0.154412837,0.5284512005,1.00115830545084,1287.41858861956,1118.59375374221
"sv[56]",0.367350294606,0.362946515,0.119901897115948,0.109686098676,0.1824477855,0.568073432,0.999256935362883,1732.89636411235,1284.04759119102
"sv[57]",0.3577463905445,0.35291285,0.123075604221964,0.11360889519,0.168056732,0.5621736605,1.00265376638677,2059.06119981433,1228.85566905999
"sv[58]",0.430778742261,0.4162801,0.139764214143542,0.115827294744,0.226423817,0.6873868705,0.999564848684107,1636.00422676546,1161.93239145696
"sv[59]",0.405012522835,0.39151169,0.142734546934835,0.123910229793,0.194176999,0.6649644965,1.00064197263599,1958.69537815533,1412.67846510625
"sv[60]",0.3233841511675,0.32678481,0.106026207199373,0.106655619798,0.149130723,0.491404252,1.0020612464901,1140.16220030565,1068.41504067013
"sv[61]",0.3984120664255,0.38516007,0.1525238609786,0.125515752159,0.189745946,0.671946836,1.00213541169435,1869.64753192107,1423.9616806291
"sv[62]",0.387467273423,0.378283635,0.138805306173902,0.115941232554,0.1897177855,0.642995164,1.00048540090736,1725.382527819,1293.0821087431
"sv[63]",0.3587180251945,0.35614015,0.121016823793293,0.112411510365,0.162436972,0.5690404165,1.00394310693857,1583.36883895175,1182.53862540913
"sv[64]",0.388123420407,0.37902324,0.132548731142939,0.117516391272,0.193385577,0.62276869,1.00078520709441,2031.96046487651,967.275114145857
"sv[65]",0.3803867298785,0.367554135,0.139560975411533,0.11651227077,0.1790292425,0.6125518485,1.00066970086129,1626.90670141041,1107.39197928181
"sv[66]",0.358358030934,0.35478985,0.117037346576606,0.109363729545,0.1748644745,0.556789995,0.999253371209575,1462.87356566558,1329.0551984441
"sv[67]",0.318702057519,0.322180765,0.102637124425959,0.1044906828,0.148494074,0.4869428405,1.00064117414737,1049.82895962633,940.467256768593
"sv[68]",0.378972740449,0.366616105,0.131388749141167,0.118535856684,0.185576928,0.6142456985,1.00005276193146,1764.90312158049,1176.97316849881
"sv[69]",0.371625263531,0.367831375,0.12915880569399,0.111750634002,0.172826081,0.593094573,1.00131638787354,1687.96806835276,994.662630439572
"sv[70]",0.3633478548485,0.35957357,0.122162165188965,0.114915280767,0.169300705,0.5743323465,1.0004069610045,1947.52041954506,1018.29031467645
"sv[71]",0.3713431861945,0.36371318,0.122469915469063,0.108055053351,0.188710921,0.587241363,1.00233650867227,1983.20757509072,1358.30494766016
"sv[72]",0.379851379038,0.37107013,0.143840521525122,0.123110404158,0.169118554,0.6246834255,0.999788437434119,1841.10934491327,1294.21088525072
"sv[73]",0.3652270001145,0.356314315,0.133738302081439,0.121519389033,0.1649344805,0.591948565,0.999845225345184,1911.23284598932,1399.53006932165
"sv[74]",0.3590635972915,0.351094645,0.122290039668594,0.111256364814,0.1700228575,0.574617541,1.00136759589499,1805.58074272509,1155.79515866317
"sv[75]",0.34044022434,0.33895293,0.115279755487708,0.113669407509,0.1542823645,0.5357276135,0.999933078554712,1627.32806280875,1141.56835319549
"sv[76]",0.368281093632,0.36580093,0.122505373718995,0.110372134761,0.176635138,0.5797784325,0.999712398365662,1781.54556428617,1367.80440775858
"sv[77]",0.61261370699,0.547321925,0.256465368463621,0.241018461285,0.292936062,1.09484032,1.00200801832802,558.874994938681,1359.5634974916
"sv[78]",0.3488292771965,0.348459785,0.115118006078971,0.106854258546,0.1620553245,0.539048397,1.00615026662459,1940.02900696982,1272.73377182392
"sv[79]",0.379288129966,0.377185125,0.124174010758391,0.117578008128,0.181166872,0.5844561255,1.00017606555713,1685.12277118549,1129.27457670151
"sv[80]",0.4848834110055,0.436480245,0.217904620889662,0.16235055627,0.2250471055,0.9046499965,1.00338735289473,1210.04469931605,1047.45882278041
"sv[81]",0.3450291511615,0.34227979,0.111645079786913,0.10754305968,0.1671175305,0.5328423885,1.00141572486788,1454.5252075498,1436.59001580394
"sv[82]",0.3640696108795,0.3593232,0.124251438648962,0.111750782262,0.181222146,0.5758105945,1.00003388888977,1679.58201748429,1202.00462414738
"sv[83]",0.3515062459225,0.351417695,0.11701398872911,0.108318578088,0.160183771,0.5464659415,0.999797996432314,1749.41811972425,1394.63057222038
"sv[84]",0.3266415939995,0.327558195,0.113452974691518,0.1102883901,0.14359037,0.511085707,1.00098682913749,1253.98185231665,992.833842134734
"sv[85]",0.3671492976425,0.359518645,0.125966744387111,0.114912930846,0.1755519245,0.5816904665,0.999525645035529,1538.80386881569,1124.12922792078
"sv[86]",0.3368593797265,0.33678507,0.114646951500422,0.113473526397,0.147266116,0.521765946,1.00110274955008,1716.32549350849,1157.23864235997
"sv[87]",0.3941513282585,0.3776386,0.157572121779148,0.119940442272,0.17653997,0.665796924,1.00004241352853,1797.74797602372,1109.255091285
"sv[88]",0.4165676735155,0.39648578,0.153746994245026,0.129823854174,0.1991538465,0.6973224035,1.00027843395647,1834.87753007298,1606.66156271462
"sv[89]",0.3971695267965,0.387199425,0.143017304642598,0.124101307281,0.187157955,0.6602767975,1.00208281256488,1795.50981407915,1290.706811082
"sv[90]",0.3465171446715,0.346340675,0.11792835047142,0.116893321209,0.162794911,0.535491415,1.0005130178025,1438.28165142754,1270.5664608035
"sv[91]",0.3644423723545,0.35722361,0.129569587689684,0.118796890653,0.1657243255,0.5846586755,1.00025269507911,2034.93343492375,1348.90844103706
"sv[92]",0.345717929031,0.34315157,0.116579298531154,0.108710740614,0.156383432,0.5399272875,1.00066281143361,1379.30377960918,1134.90319820929
"sv[93]",0.480963747652,0.446764355,0.185335010124279,0.149482136832,0.2445484115,0.8366738225,1.00321235285953,1194.94738862618,1053.62817075929
"sv[94]",0.370163365831,0.363202785,0.131443316715913,0.112671684426,0.1777159745,0.5940733055,0.999943387643723,1807.56616384793,1237.98936952823
"sv[95]",0.386477335157,0.375453135,0.137239428937078,0.118306631898,0.1844092935,0.62411793,0.99995699898261,1428.80525920078,1055.801643236
"sv[96]",0.4778031103785,0.42993844,0.210971833518808,0.143886189153,0.2222158985,0.9138891045,0.999404115485107,1254.53052282357,1094.96041865412
"sv[97]",0.3740893949605,0.36478355,0.130815004034814,0.11132835987,0.1836127545,0.589671266,1.00809792318487,1918.34604208062,1481.27621014226
"sv[98]",0.3675425422535,0.366360265,0.124647133773524,0.116568794895,0.1688256905,0.577907565,0.999384855803234,1587.97843745974,1151.22006048546
"sv[99]",0.360182128001,0.35532251,0.129951054343171,0.119887239171,0.1592478105,0.582451431,1.00298577866434,1362.18451098165,759.098341927015
"sv[100]",0.4337580389345,0.40364965,0.170376047000952,0.131413994565,0.210900695,0.7512833495,1.00154881853914,1616.02959410922,1492.48852299061
