"subj","trial","condition","resp_type","a","v","rt","acc"
1,2,-1,1,1.49465628805498,1.13281210621601,0.437937562443031,1
1,3,1,1,1.65185066207726,3.63567057461859,0.55798306712385,1
1,4,-1,1,1.49465628805498,1.13281210621601,0.348305475557869,1
1,5,-1,1,1.49465628805498,1.13281210621601,0.350437200138802,1
1,6,-1,1,1.49465628805498,1.13281210621601,1.22053216216947,1
1,7,-1,1,1.49465628805498,1.13281210621601,0.570819702153766,1
1,8,-1,1,1.49465628805498,1.13281210621601,0.952920584600916,1
1,9,-1,1,1.49465628805498,1.13281210621601,0.72573167930997,1
1,10,-1,1,1.49465628805498,1.13281210621601,0.71331442438596,1
1,11,1,1,1.65185066207726,3.63567057461859,0.411911710054487,1
1,12,-1,1,1.49465628805498,1.13281210621601,0.447874097957434,1
1,13,-1,1,1.49465628805498,1.13281210621601,0.520082838191861,1
1,14,-1,1,1.49465628805498,1.13281210621601,0.321160970492424,1
1,15,1,1,1.65185066207726,3.63567057461859,0.5299054409077,1
1,16,1,1,1.65185066207726,3.63567057461859,0.29985823462884,1
1,17,-1,1,1.49465628805498,1.13281210621601,0.84490689959635,1
1,18,1,1,1.65185066207726,3.63567057461859,0.786516806939863,1
1,19,1,1,1.65185066207726,3.63567057461859,0.322981553793703,1
1,20,1,1,1.65185066207726,3.63567057461859,0.449808011444679,1
1,21,1,1,1.65185066207726,3.63567057461859,0.400954646362948,1
1,22,1,1,1.65185066207726,3.63567057461859,0.330502883811143,1
1,23,1,1,1.65185066207726,3.63567057461859,0.29434589247127,1
1,24,-1,1,1.49465628805498,1.13281210621601,0.554435501727896,1
1,25,-1,1,1.49465628805498,1.13281210621601,0.649023400921011,1
1,26,1,1,1.65185066207726,3.63567057461859,0.504591244900607,1
1,27,1,1,1.65185066207726,3.63567057461859,0.471430285428662,1
1,28,1,1,1.65185066207726,3.63567057461859,0.371214411663344,1
1,29,1,1,1.65185066207726,3.63567057461859,0.325536323761161,1
1,30,1,1,1.65185066207726,3.63567057461859,0.30660136107447,1
1,31,-1,1,1.49465628805498,1.13281210621601,0.52483741444156,1
1,32,-1,1,1.49465628805498,1.13281210621601,0.572036008589144,1
1,33,-1,1,1.49465628805498,1.13281210621601,0.656330275007983,1
1,34,-1,1,1.49465628805498,1.13281210621601,0.719566629524235,1
1,35,1,1,1.65185066207726,3.63567057461859,0.318891715430553,1
1,36,-1,1,1.49465628805498,1.13281210621601,1.3146340534259,1
1,37,1,1,1.65185066207726,3.63567057461859,0.342938710824862,1
1,38,1,1,1.65185066207726,3.63567057461859,0.474879666732623,1
1,39,1,1,1.65185066207726,3.63567057461859,0.398692806194939,1
1,40,1,1,1.65185066207726,3.63567057461859,0.441324805694334,1
1,41,-1,1,1.49465628805498,1.13281210621601,0.631624719508343,1
1,42,1,1,1.65185066207726,3.63567057461859,0.357458544623925,1
1,43,1,1,1.65185066207726,3.63567057461859,0.484976186240931,1
1,44,-1,1,1.49465628805498,1.13281210621601,0.382741525050238,1
1,45,1,1,1.65185066207726,3.63567057461859,0.570563401991014,1
1,46,1,1,1.65185066207726,3.63567057461859,0.474661351371862,1
1,47,-1,1,1.49465628805498,1.13281210621601,0.624556494423292,1
1,48,-1,1,1.49465628805498,1.13281210621601,0.612463061215589,-1
1,49,-1,-1,1.42460740821305,0.826047525887847,0.438692296652613,1
1,50,1,1,1.65185066207726,3.63567057461859,0.469960060291651,1
1,51,1,1,1.65185066207726,3.63567057461859,0.544187324118683,1
1,52,1,1,1.65185066207726,3.63567057461859,0.449025352212513,1
1,53,1,1,1.65185066207726,3.63567057461859,0.359241858297459,1
1,54,-1,1,1.49465628805498,1.13281210621601,1.4072254257107,1
1,55,1,1,1.65185066207726,3.63567057461859,0.365815156178121,1
1,56,1,1,1.65185066207726,3.63567057461859,0.369554787468988,1
1,57,1,1,1.65185066207726,3.63567057461859,0.567622330463289,1
1,58,1,1,1.65185066207726,3.63567057461859,0.339911909240198,1
1,59,-1,1,1.49465628805498,1.13281210621601,0.529233760656674,1
1,60,1,1,1.65185066207726,3.63567057461859,0.403393923852533,1
1,61,1,1,1.65185066207726,3.63567057461859,0.452003469786307,1
1,62,-1,1,1.49465628805498,1.13281210621601,0.344405402623963,1
1,63,-1,1,1.49465628805498,1.13281210621601,0.725295574504076,1
1,64,1,1,1.65185066207726,3.63567057461859,0.332139040465074,1
1,65,1,1,1.65185066207726,3.63567057461859,0.499193671379541,1
1,66,-1,1,1.49465628805498,1.13281210621601,0.642767386811723,-1
1,67,1,-1,1.57443467723219,1.60546979327755,0.324263753494786,1
1,68,-1,1,1.49465628805498,1.13281210621601,0.676366997107953,1
1,69,1,1,1.65185066207726,3.63567057461859,0.430788427928262,1
1,70,1,1,1.65185066207726,3.63567057461859,0.437543273420815,1
1,71,-1,1,1.49465628805498,1.13281210621601,1.83036916831478,1
1,72,1,1,1.65185066207726,3.63567057461859,0.387490327893588,1
1,73,-1,1,1.49465628805498,1.13281210621601,0.65234359681144,1
1,74,-1,1,1.49465628805498,1.13281210621601,0.740745530212409,1
1,75,-1,1,1.49465628805498,1.13281210621601,0.339138768593329,1
1,76,-1,1,1.49465628805498,1.13281210621601,1.05412901127147,1
1,77,1,1,1.65185066207726,3.63567057461859,0.456422700907479,1
1,78,-1,1,1.49465628805498,1.13281210621601,1.63159461385263,-1
1,79,-1,-1,1.42460740821305,0.826047525887847,0.656307334161694,1
1,80,1,1,1.65185066207726,3.63567057461859,0.315632982062274,1
1,81,-1,1,1.49465628805498,1.13281210621601,1.1833187203376,1
1,82,1,1,1.65185066207726,3.63567057461859,0.313001172204585,1
1,83,1,1,1.65185066207726,3.63567057461859,0.445828509436234,1
1,84,-1,1,1.49465628805498,1.13281210621601,0.502566914434658,1
1,85,1,1,1.65185066207726,3.63567057461859,0.36451680144467,1
1,86,-1,1,1.49465628805498,1.13281210621601,0.982653064396994,-1
1,87,1,-1,1.57443467723219,1.60546979327755,1.00836022962115,-1
1,88,-1,-1,1.42460740821305,0.826047525887847,0.847856894046184,1
1,89,-1,1,1.49465628805498,1.13281210621601,0.527617515402131,1
1,90,-1,1,1.49465628805498,1.13281210621601,1.31982590169812,1
1,91,-1,1,1.49465628805498,1.13281210621601,0.637878050586577,1
1,92,-1,1,1.49465628805498,1.13281210621601,0.713928402616327,-1
1,93,-1,-1,1.42460740821305,0.826047525887847,0.425564431511751,1
1,94,-1,1,1.49465628805498,1.13281210621601,0.57840013332359,-1
1,95,-1,-1,1.42460740821305,0.826047525887847,0.636891648986168,-1
1,96,-1,-1,1.42460740821305,0.826047525887847,0.648711834453902,1
1,97,1,1,1.65185066207726,3.63567057461859,0.329111947220986,1
1,98,1,1,1.65185066207726,3.63567057461859,0.481896530949477,1
1,99,-1,1,1.49465628805498,1.13281210621601,0.363366110688783,1
1,100,1,1,1.65185066207726,3.63567057461859,0.38225108993592,1
1,101,1,1,1.65185066207726,3.63567057461859,0.472412566014733,1
2,2,1,1,1.88449513029102,3.98305507947863,0.407239242575428,1
2,3,1,1,1.88449513029102,3.98305507947863,0.465773747050316,1
2,4,1,1,1.88449513029102,3.98305507947863,0.377664761354479,1
2,5,1,1,1.88449513029102,3.98305507947863,0.689590420829551,1
2,6,-1,1,1.70516170799386,0.0368411155746747,0.60118959415819,-1
2,7,1,-1,1.79617598026339,2.00511561817777,0.768975492982061,1
2,8,1,1,1.88449513029102,3.98305507947863,0.362285504137252,1
2,9,-1,1,1.70516170799386,0.0368411155746747,1.68018337956119,-1
2,10,-1,-1,1.62524723631974,1.17498818676893,0.726557271290223,1
2,11,1,1,1.88449513029102,3.98305507947863,0.399608955037756,1
2,12,-1,1,1.70516170799386,0.0368411155746747,0.722282877467905,-1
2,13,-1,-1,1.62524723631974,1.17498818676893,0.403628961795931,1
2,14,-1,1,1.70516170799386,0.0368411155746747,0.670289569023291,1
2,15,-1,1,1.70516170799386,0.0368411155746747,2.06089824903628,-1
2,16,1,-1,1.79617598026339,2.00511561817777,0.37948163201627,1
2,17,1,1,1.88449513029102,3.98305507947863,0.346907537808245,1
2,18,-1,1,1.70516170799386,0.0368411155746747,2.48386400854507,-1
2,19,1,-1,1.79617598026339,2.00511561817777,1.01547537560624,1
2,20,1,1,1.88449513029102,3.98305507947863,0.551318449084442,1
2,21,-1,1,1.70516170799386,0.0368411155746747,1.48433661725708,-1
2,22,1,-1,1.79617598026339,2.00511561817777,0.450473994539286,1
2,23,-1,1,1.70516170799386,0.0368411155746747,0.552167328382921,1
2,24,-1,1,1.70516170799386,0.0368411155746747,0.427806168274556,1
2,25,1,1,1.88449513029102,3.98305507947863,0.433586078794024,1
2,26,1,1,1.88449513029102,3.98305507947863,0.721148707570077,1
2,27,1,1,1.88449513029102,3.98305507947863,0.580698931557864,1
2,28,-1,1,1.70516170799386,0.0368411155746747,1.10908413523164,-1
2,29,1,-1,1.79617598026339,2.00511561817777,0.508313706187198,1
2,30,1,1,1.88449513029102,3.98305507947863,0.336987681533406,1
2,31,1,1,1.88449513029102,3.98305507947863,0.431701309748101,1
2,32,-1,1,1.70516170799386,0.0368411155746747,0.33240332537553,1
2,33,1,1,1.88449513029102,3.98305507947863,0.911750428838567,1
2,34,1,1,1.88449513029102,3.98305507947863,0.357746181955545,1
2,35,-1,1,1.70516170799386,0.0368411155746747,0.50816848063167,1
2,36,1,1,1.88449513029102,3.98305507947863,0.436976678586839,1
2,37,1,1,1.88449513029102,3.98305507947863,0.444017325824796,1
2,38,-1,1,1.70516170799386,0.0368411155746747,0.659635817405013,1
2,39,1,1,1.88449513029102,3.98305507947863,0.318125047159872,1
2,40,1,1,1.88449513029102,3.98305507947863,0.347386090595249,1
2,41,1,1,1.88449513029102,3.98305507947863,0.385655415147687,1
2,42,-1,1,1.70516170799386,0.0368411155746747,1.45105404354995,-1
2,43,-1,-1,1.62524723631974,1.17498818676893,0.566471732215112,1
2,44,-1,1,1.70516170799386,0.0368411155746747,0.771762307027005,1
2,45,1,1,1.88449513029102,3.98305507947863,0.493438711728711,1
2,46,1,1,1.88449513029102,3.98305507947863,0.397181413815903,1
2,47,1,1,1.88449513029102,3.98305507947863,0.436179613580701,1
2,48,1,1,1.88449513029102,3.98305507947863,0.404086326506936,1
2,49,-1,1,1.70516170799386,0.0368411155746747,0.54865103468154,1
2,50,-1,1,1.70516170799386,0.0368411155746747,0.770798867073923,1
2,51,-1,1,1.70516170799386,0.0368411155746747,1.15557619243066,-1
2,52,-1,-1,1.62524723631974,1.17498818676893,0.367606706869802,1
2,53,1,1,1.88449513029102,3.98305507947863,0.391189373599953,1
2,54,-1,1,1.70516170799386,0.0368411155746747,0.708022879125416,-1
2,55,1,-1,1.79617598026339,2.00511561817777,0.592487181085985,1
2,56,-1,1,1.70516170799386,0.0368411155746747,0.324253048468289,-1
2,57,-1,-1,1.62524723631974,1.17498818676893,0.467693747403887,1
2,58,-1,1,1.70516170799386,0.0368411155746747,0.394652973350898,-1
2,59,-1,-1,1.62524723631974,1.17498818676893,0.966385740889115,-1
2,60,-1,-1,1.62524723631974,1.17498818676893,0.631062645413173,1
2,61,1,1,1.88449513029102,3.98305507947863,0.693254868808345,1
2,62,-1,1,1.70516170799386,0.0368411155746747,0.955237477867148,1
2,63,-1,1,1.70516170799386,0.0368411155746747,0.790646087907554,1
2,64,-1,1,1.70516170799386,0.0368411155746747,0.697499763661716,1
2,65,-1,1,1.70516170799386,0.0368411155746747,0.393917197660547,-1
2,66,-1,-1,1.62524723631974,1.17498818676893,0.623524252098291,1
2,67,1,1,1.88449513029102,3.98305507947863,0.614777458207908,1
2,68,-1,1,1.70516170799386,0.0368411155746747,1.83309756505062,-1
2,69,-1,-1,1.62524723631974,1.17498818676893,0.352271799696568,1
2,70,-1,1,1.70516170799386,0.0368411155746747,2.33837138367212,1
2,71,-1,1,1.70516170799386,0.0368411155746747,1.32671428927705,-1
2,72,-1,-1,1.62524723631974,1.17498818676893,0.519211471979234,1
2,73,-1,1,1.70516170799386,0.0368411155746747,1.42177946991145,-1
2,74,1,-1,1.79617598026339,2.00511561817777,0.573095576846023,1
2,75,-1,1,1.70516170799386,0.0368411155746747,0.41952067061687,-1
2,76,-1,-1,1.62524723631974,1.17498818676893,0.388155391880151,1
2,77,-1,1,1.70516170799386,0.0368411155746747,1.30256180301055,1
2,78,1,1,1.88449513029102,3.98305507947863,0.367719399941831,1
2,79,1,1,1.88449513029102,3.98305507947863,0.775624873375853,1
2,80,1,1,1.88449513029102,3.98305507947863,0.82208303975964,1
2,81,1,1,1.88449513029102,3.98305507947863,0.691244074553793,1
2,82,-1,1,1.70516170799386,0.0368411155746747,0.677107323139323,1
2,83,1,1,1.88449513029102,3.98305507947863,0.423333121329564,1
2,84,-1,1,1.70516170799386,0.0368411155746747,1.13915821118081,-1
2,85,-1,-1,1.62524723631974,1.17498818676893,0.839772954148177,1
2,86,1,1,1.88449513029102,3.98305507947863,0.453826542051054,1
2,87,-1,1,1.70516170799386,0.0368411155746747,3.88439610782873,-1
2,88,1,-1,1.79617598026339,2.00511561817777,0.519179270379006,1
2,89,1,1,1.88449513029102,3.98305507947863,0.443256501652922,1
2,90,1,1,1.88449513029102,3.98305507947863,0.570366277805882,1
2,91,1,1,1.88449513029102,3.98305507947863,0.39249791569781,1
2,92,1,1,1.88449513029102,3.98305507947863,0.409053394779168,1
2,93,-1,1,1.70516170799386,0.0368411155746747,0.806307970946779,1
2,94,1,1,1.88449513029102,3.98305507947863,0.384182782724203,1
2,95,1,1,1.88449513029102,3.98305507947863,0.522404245614938,1
2,96,-1,1,1.70516170799386,0.0368411155746747,0.452535138816409,-1
2,97,-1,-1,1.62524723631974,1.17498818676893,1.05700360896741,1
2,98,-1,1,1.70516170799386,0.0368411155746747,0.393389151628438,1
2,99,1,1,1.88449513029102,3.98305507947863,0.36021798879385,1
2,100,1,1,1.88449513029102,3.98305507947863,0.353658642924183,1
2,101,1,1,1.88449513029102,3.98305507947863,0.382253513888644,1
3,2,-1,1,1.72364322749195,0.968841403961354,0.632146427165147,1
3,3,-1,1,1.72364322749195,0.968841403961354,0.24284674858917,1
3,4,1,1,1.90492036816215,3.24133398240601,0.823429000014915,1
3,5,-1,1,1.72364322749195,0.968841403961354,0.272713338376089,1
3,6,1,1,1.90492036816215,3.24133398240601,0.461030685848446,1
3,7,-1,1,1.72364322749195,0.968841403961354,0.737292773010971,1
3,8,-1,1,1.72364322749195,0.968841403961354,0.964665024196434,1
3,9,-1,1,1.72364322749195,0.968841403961354,0.962196949234885,-1
3,10,1,-1,1.81564396458747,3.12569434150859,0.405725510119507,1
3,11,-1,1,1.72364322749195,0.968841403961354,0.341640282720952,1
3,12,-1,1,1.72364322749195,0.968841403961354,0.907115652311541,1
3,13,-1,1,1.72364322749195,0.968841403961354,0.36273441480949,1
3,14,1,1,1.90492036816215,3.24133398240601,1.06366516202134,1
3,15,1,1,1.90492036816215,3.24133398240601,0.682379862582135,1
3,16,-1,1,1.72364322749195,0.968841403961354,0.639495554656331,1
3,17,-1,1,1.72364322749195,0.968841403961354,0.300568714081722,1
3,18,-1,1,1.72364322749195,0.968841403961354,0.323292832724362,1
3,19,1,1,1.90492036816215,3.24133398240601,0.919754663131413,1
3,20,-1,1,1.72364322749195,0.968841403961354,1.38017747944287,1
3,21,1,1,1.90492036816215,3.24133398240601,0.292584341945922,1
3,22,-1,1,1.72364322749195,0.968841403961354,0.903621020807297,1
3,23,1,1,1.90492036816215,3.24133398240601,0.535917433795908,1
3,24,1,1,1.90492036816215,3.24133398240601,0.390884708752213,1
3,25,1,1,1.90492036816215,3.24133398240601,0.530426048300737,1
3,26,1,1,1.90492036816215,3.24133398240601,0.565678210789232,1
3,27,-1,1,1.72364322749195,0.968841403961354,0.797405248547068,1
3,28,-1,1,1.72364322749195,0.968841403961354,0.753174738218299,1
3,29,1,1,1.90492036816215,3.24133398240601,0.797070017909766,1
3,30,1,1,1.90492036816215,3.24133398240601,0.677369881692354,1
3,31,-1,1,1.72364322749195,0.968841403961354,0.637778358676504,1
3,32,-1,1,1.72364322749195,0.968841403961354,0.514991545219712,-1
3,33,1,-1,1.81564396458747,3.12569434150859,0.300564920459956,1
3,34,-1,1,1.72364322749195,0.968841403961354,0.430552459299734,1
3,35,1,1,1.90492036816215,3.24133398240601,0.612705149749886,1
3,36,-1,1,1.72364322749195,0.968841403961354,0.539786663050949,1
3,37,1,1,1.90492036816215,3.24133398240601,0.619775686239157,1
3,38,1,1,1.90492036816215,3.24133398240601,0.475310099192669,1
3,39,-1,1,1.72364322749195,0.968841403961354,1.28461836483911,-1
3,40,-1,-1,1.6428625969899,-0.135869727875954,0.346898137176348,-1
3,41,-1,-1,1.6428625969899,-0.135869727875954,0.298524469165601,1
3,42,-1,1,1.72364322749195,0.968841403961354,0.428515079446674,1
3,43,-1,1,1.72364322749195,0.968841403961354,0.673573297500552,1
3,44,1,1,1.90492036816215,3.24133398240601,0.840555746488289,1
3,45,-1,1,1.72364322749195,0.968841403961354,0.930776033199254,1
3,46,1,1,1.90492036816215,3.24133398240601,0.594345717519311,1
3,47,1,1,1.90492036816215,3.24133398240601,0.483415264308852,1
3,48,-1,1,1.72364322749195,0.968841403961354,0.452082936366856,1
3,49,1,1,1.90492036816215,3.24133398240601,0.471138555161968,1
3,50,1,1,1.90492036816215,3.24133398240601,0.35501108749809,1
3,51,-1,1,1.72364322749195,0.968841403961354,0.584535887814255,-1
3,52,1,-1,1.81564396458747,3.12569434150859,0.44428136969099,1
3,53,1,1,1.90492036816215,3.24133398240601,0.432112977585194,1
3,54,-1,1,1.72364322749195,0.968841403961354,0.817389754566771,1
3,55,1,1,1.90492036816215,3.24133398240601,0.699053116499534,1
3,56,1,1,1.90492036816215,3.24133398240601,0.254042349566137,1
3,57,-1,1,1.72364322749195,0.968841403961354,0.555532057812645,1
3,58,-1,1,1.72364322749195,0.968841403961354,0.5721188160884,1
3,59,-1,1,1.72364322749195,0.968841403961354,0.937279782546322,1
3,60,-1,1,1.72364322749195,0.968841403961354,0.539166812647389,-1
3,61,1,-1,1.81564396458747,3.12569434150859,0.382084436592258,1
3,62,1,1,1.90492036816215,3.24133398240601,0.542215011438154,1
3,63,-1,1,1.72364322749195,0.968841403961354,0.44868407489186,1
3,64,1,1,1.90492036816215,3.24133398240601,0.741688297899593,1
3,65,-1,1,1.72364322749195,0.968841403961354,0.532286063167873,1
3,66,1,1,1.90492036816215,3.24133398240601,0.693187573495242,1
3,67,1,1,1.90492036816215,3.24133398240601,0.540560247429851,1
3,68,-1,1,1.72364322749195,0.968841403961354,0.675377272605248,1
3,69,1,1,1.90492036816215,3.24133398240601,0.564554561129795,1
3,70,1,1,1.90492036816215,3.24133398240601,0.468668035119282,1
3,71,1,1,1.90492036816215,3.24133398240601,1.0632547007571,1
3,72,1,1,1.90492036816215,3.24133398240601,0.7676856922103,1
3,73,1,1,1.90492036816215,3.24133398240601,0.340473569217791,1
3,74,1,1,1.90492036816215,3.24133398240601,0.690921530656034,1
3,75,1,1,1.90492036816215,3.24133398240601,0.316794467855224,1
3,76,1,1,1.90492036816215,3.24133398240601,0.294705654342227,1
3,77,1,1,1.90492036816215,3.24133398240601,0.648662169086542,1
3,78,1,1,1.90492036816215,3.24133398240601,0.40870571650236,1
3,79,1,1,1.90492036816215,3.24133398240601,0.454498402289848,1
3,80,-1,1,1.72364322749195,0.968841403961354,0.740701527074839,1
3,81,-1,1,1.72364322749195,0.968841403961354,1.55541670905156,-1
3,82,-1,-1,1.6428625969899,-0.135869727875954,0.512869960041802,-1
3,83,1,-1,1.81564396458747,3.12569434150859,0.848818996813571,1
3,84,1,1,1.90492036816215,3.24133398240601,0.800485583677664,1
3,85,1,1,1.90492036816215,3.24133398240601,0.381430461227257,1
3,86,-1,1,1.72364322749195,0.968841403961354,1.23763486668348,-1
3,87,-1,-1,1.6428625969899,-0.135869727875954,0.508255285687768,1
3,88,-1,1,1.72364322749195,0.968841403961354,0.952777183452793,1
3,89,-1,1,1.72364322749195,0.968841403961354,0.514485051613012,1
3,90,1,1,1.90492036816215,3.24133398240601,0.568844022751801,1
3,91,-1,1,1.72364322749195,0.968841403961354,0.984954188126483,-1
3,92,-1,-1,1.6428625969899,-0.135869727875954,0.552108963339722,1
3,93,-1,1,1.72364322749195,0.968841403961354,0.539265749790668,1
3,94,1,1,1.90492036816215,3.24133398240601,0.397786694417552,1
3,95,-1,1,1.72364322749195,0.968841403961354,0.557328011525226,1
3,96,-1,1,1.72364322749195,0.968841403961354,0.937361850806715,1
3,97,-1,1,1.72364322749195,0.968841403961354,0.486379421870777,-1
3,98,1,-1,1.81564396458747,3.12569434150859,0.365783515573247,1
3,99,1,1,1.90492036816215,3.24133398240601,0.350846429911017,1
3,100,1,1,1.90492036816215,3.24133398240601,0.597972595307339,1
3,101,-1,1,1.72364322749195,0.968841403961354,0.455578932927668,1
4,2,1,1,2.22337144396982,4.39399459017531,0.399211188713448,1
4,3,-1,1,2.01178967669653,1.07719702591094,1.6354531885734,-1
4,4,1,-1,2.11917044447093,1.54362819645475,0.755242079082119,1
4,5,1,1,2.22337144396982,4.39399459017531,0.429817516989779,1
4,6,-1,1,2.01178967669653,1.07719702591094,0.783630683169134,1
4,7,-1,1,2.01178967669653,1.07719702591094,0.459645045831963,-1
4,8,-1,-1,1.9175047133532,0.185180187459001,1.15886679602013,-1
4,9,1,-1,2.11917044447093,1.54362819645475,1.27971308283629,1
4,10,1,1,2.22337144396982,4.39399459017531,0.404201861271637,1
4,11,-1,1,2.01178967669653,1.07719702591094,1.73385348970279,1
4,12,-1,1,2.01178967669653,1.07719702591094,0.596725441307736,1
4,13,-1,1,2.01178967669653,1.07719702591094,0.49890894065747,1
4,14,-1,1,2.01178967669653,1.07719702591094,1.09549337420856,1
4,15,-1,1,2.01178967669653,1.07719702591094,0.547839215821777,1
4,16,-1,1,2.01178967669653,1.07719702591094,3.16621423392345,1
4,17,-1,1,2.01178967669653,1.07719702591094,0.438252355698384,1
4,18,-1,1,2.01178967669653,1.07719702591094,0.352739637134696,1
4,19,1,1,2.22337144396982,4.39399459017531,0.369525737682405,1
4,20,1,1,2.22337144396982,4.39399459017531,0.385115807965587,1
4,21,-1,1,2.01178967669653,1.07719702591094,1.84477473001917,1
4,22,-1,1,2.01178967669653,1.07719702591094,1.98077471652827,1
4,23,-1,1,2.01178967669653,1.07719702591094,0.383154924460158,1
4,24,-1,1,2.01178967669653,1.07719702591094,0.468096457372723,1
4,25,-1,1,2.01178967669653,1.07719702591094,0.428173698849031,1
4,26,1,1,2.22337144396982,4.39399459017531,0.516055480999712,1
4,27,-1,1,2.01178967669653,1.07719702591094,0.995140010406821,1
4,28,-1,1,2.01178967669653,1.07719702591094,0.383848408546167,1
4,29,1,1,2.22337144396982,4.39399459017531,0.578688014678762,1
4,30,1,1,2.22337144396982,4.39399459017531,0.547773250729736,1
4,31,1,1,2.22337144396982,4.39399459017531,0.701108981654972,1
4,32,-1,1,2.01178967669653,1.07719702591094,0.440572621465934,1
4,33,1,1,2.22337144396982,4.39399459017531,0.590683149973462,1
4,34,1,1,2.22337144396982,4.39399459017531,0.550492186667768,1
4,35,1,1,2.22337144396982,4.39399459017531,0.532515558721136,1
4,36,1,1,2.22337144396982,4.39399459017531,0.386077907631724,1
4,37,1,1,2.22337144396982,4.39399459017531,0.473761719672974,1
4,38,-1,1,2.01178967669653,1.07719702591094,0.864559376059898,1
4,39,1,1,2.22337144396982,4.39399459017531,0.392321357396412,1
4,40,1,1,2.22337144396982,4.39399459017531,0.425926470941511,1
4,41,-1,1,2.01178967669653,1.07719702591094,2.82475413087193,1
4,42,1,1,2.22337144396982,4.39399459017531,0.402156949223621,1
4,43,1,1,2.22337144396982,4.39399459017531,0.467612521800125,1
4,44,1,1,2.22337144396982,4.39399459017531,0.455814165433295,1
4,45,-1,1,2.01178967669653,1.07719702591094,1.53808249060103,1
4,46,1,1,2.22337144396982,4.39399459017531,0.398973907879745,1
4,47,1,1,2.22337144396982,4.39399459017531,0.626330591952336,1
4,48,1,1,2.22337144396982,4.39399459017531,0.993456841039301,1
4,49,1,1,2.22337144396982,4.39399459017531,0.583685099904849,1
4,50,1,1,2.22337144396982,4.39399459017531,0.539957891221259,1
4,51,1,1,2.22337144396982,4.39399459017531,0.479112578098152,1
4,52,-1,1,2.01178967669653,1.07719702591094,1.77850183986608,1
4,53,-1,1,2.01178967669653,1.07719702591094,1.53732995706606,1
4,54,-1,1,2.01178967669653,1.07719702591094,0.53428575383343,1
4,55,1,1,2.22337144396982,4.39399459017531,0.500164809826479,1
4,56,-1,1,2.01178967669653,1.07719702591094,1.17794354623996,1
4,57,-1,1,2.01178967669653,1.07719702591094,1.29501652764046,1
4,58,1,1,2.22337144396982,4.39399459017531,0.450500792309627,1
4,59,-1,1,2.01178967669653,1.07719702591094,0.391261168370088,1
4,60,-1,1,2.01178967669653,1.07719702591094,0.666685333870381,1
4,61,-1,1,2.01178967669653,1.07719702591094,2.11087132487917,-1
4,62,1,-1,2.11917044447093,1.54362819645475,0.681558339110109,1
4,63,-1,1,2.01178967669653,1.07719702591094,0.497416621711706,1
4,64,1,1,2.22337144396982,4.39399459017531,0.537725481788965,1
4,65,1,1,2.22337144396982,4.39399459017531,0.536717452616568,1
4,66,-1,1,2.01178967669653,1.07719702591094,1.17043858947744,1
4,67,1,1,2.22337144396982,4.39399459017531,0.379853732595926,1
4,68,1,1,2.22337144396982,4.39399459017531,0.638486276103611,1
4,69,-1,1,2.01178967669653,1.07719702591094,0.658694460475578,1
4,70,1,1,2.22337144396982,4.39399459017531,0.680073599572121,1
4,71,-1,1,2.01178967669653,1.07719702591094,0.476212795452007,1
4,72,1,1,2.22337144396982,4.39399459017531,0.49793752556318,1
4,73,-1,1,2.01178967669653,1.07719702591094,0.482259075741154,1
4,74,1,1,2.22337144396982,4.39399459017531,0.359738281339619,1
4,75,1,1,2.22337144396982,4.39399459017531,0.358908041461112,1
4,76,1,1,2.22337144396982,4.39399459017531,0.388356299331939,1
4,77,1,1,2.22337144396982,4.39399459017531,0.561717246679586,1
4,78,-1,1,2.01178967669653,1.07719702591094,0.888542980453052,1
4,79,-1,1,2.01178967669653,1.07719702591094,0.569366018261539,1
4,80,1,1,2.22337144396982,4.39399459017531,0.506056518493326,1
4,81,-1,1,2.01178967669653,1.07719702591094,1.25754834473541,1
4,82,-1,1,2.01178967669653,1.07719702591094,0.521804471142814,1
4,83,-1,1,2.01178967669653,1.07719702591094,0.614955557703162,1
4,84,1,1,2.22337144396982,4.39399459017531,0.724435361099732,1
4,85,1,1,2.22337144396982,4.39399459017531,0.491589071153455,1
4,86,1,1,2.22337144396982,4.39399459017531,0.474231767757702,1
4,87,-1,1,2.01178967669653,1.07719702591094,0.657958331880746,1
4,88,1,1,2.22337144396982,4.39399459017531,0.512190430577776,1
4,89,1,1,2.22337144396982,4.39399459017531,0.535070179205769,1
4,90,-1,1,2.01178967669653,1.07719702591094,0.644589388815913,1
4,91,1,1,2.22337144396982,4.39399459017531,0.417236951113398,1
4,92,-1,1,2.01178967669653,1.07719702591094,0.419672128461672,1
4,93,-1,1,2.01178967669653,1.07719702591094,0.62442431213692,1
4,94,-1,1,2.01178967669653,1.07719702591094,0.56563630054456,1
4,95,1,1,2.22337144396982,4.39399459017531,1.10858330455993,1
4,96,-1,1,2.01178967669653,1.07719702591094,1.04715028724369,1
4,97,1,1,2.22337144396982,4.39399459017531,0.721574025854716,1
4,98,1,1,2.22337144396982,4.39399459017531,0.538450339659457,1
4,99,-1,1,2.01178967669653,1.07719702591094,1.5110498613827,1
4,100,-1,1,2.01178967669653,1.07719702591094,1.3731631550297,1
4,101,-1,1,2.01178967669653,1.07719702591094,1.14757578057802,1
5,2,1,1,1.82923694864214,4.25320445265083,0.602044173203964,1
5,3,-1,1,1.65516203758533,0.207071318319824,1.04521474224128,-1
5,4,-1,-1,1.57759086111062,-0.169481507520816,0.524396275024714,1
5,5,-1,1,1.65516203758533,0.207071318319824,0.497571803166067,-1
5,6,-1,-1,1.57759086111062,-0.169481507520816,1.44617204474891,1
5,7,-1,1,1.65516203758533,0.207071318319824,0.599843130033767,1
5,8,1,1,1.82923694864214,4.25320445265083,0.55665969204247,1
5,9,1,1,1.82923694864214,4.25320445265083,0.392457094310328,1
5,10,1,1,1.82923694864214,4.25320445265083,0.459738194551699,1
5,11,1,1,1.82923694864214,4.25320445265083,0.373820301949629,1
5,12,1,1,1.82923694864214,4.25320445265083,0.393188739685748,1
5,13,-1,1,1.65516203758533,0.207071318319824,0.749348706339704,-1
5,14,1,-1,1.74350754032138,2.90920573655016,0.450419514317782,1
5,15,-1,1,1.65516203758533,0.207071318319824,1.31731718977982,1
5,16,-1,1,1.65516203758533,0.207071318319824,0.611056343561958,-1
5,17,1,-1,1.74350754032138,2.90920573655016,0.494128993628553,1
5,18,1,1,1.82923694864214,4.25320445265083,0.427943479189653,1
5,19,1,1,1.82923694864214,4.25320445265083,0.343891431970015,1
5,20,1,1,1.82923694864214,4.25320445265083,0.418620162202281,1
5,21,-1,1,1.65516203758533,0.207071318319824,0.644339645204467,-1
5,22,-1,-1,1.57759086111062,-0.169481507520816,1.15146689116392,1
5,23,1,1,1.82923694864214,4.25320445265083,0.320459403529934,1
5,24,-1,1,1.65516203758533,0.207071318319824,0.466587664202069,1
5,25,1,1,1.82923694864214,4.25320445265083,0.731745861970327,1
5,26,1,1,1.82923694864214,4.25320445265083,0.351162583350592,1
5,27,1,1,1.82923694864214,4.25320445265083,0.4227429278439,1
5,28,-1,1,1.65516203758533,0.207071318319824,0.418318359494533,-1
5,29,-1,-1,1.57759086111062,-0.169481507520816,1.62739985219803,1
5,30,1,1,1.82923694864214,4.25320445265083,0.374102723846317,1
5,31,1,1,1.82923694864214,4.25320445265083,0.379173018768237,1
5,32,-1,1,1.65516203758533,0.207071318319824,1.84645331346437,1
5,33,1,1,1.82923694864214,4.25320445265083,0.322618258296929,1
5,34,-1,1,1.65516203758533,0.207071318319824,0.512097418188079,1
5,35,-1,1,1.65516203758533,0.207071318319824,0.734748884657273,-1
5,36,-1,-1,1.57759086111062,-0.169481507520816,0.59815689290475,-1
5,37,-1,-1,1.57759086111062,-0.169481507520816,0.633374704258612,-1
5,38,-1,-1,1.57759086111062,-0.169481507520816,0.569465366331371,1
5,39,-1,1,1.65516203758533,0.207071318319824,2.01750960642534,-1
5,40,-1,-1,1.57759086111062,-0.169481507520816,0.287065049692924,-1
5,41,1,-1,1.74350754032138,2.90920573655016,0.586370774629494,1
5,42,1,1,1.82923694864214,4.25320445265083,0.341562496587989,1
5,43,1,1,1.82923694864214,4.25320445265083,0.459867870377391,1
5,44,1,1,1.82923694864214,4.25320445265083,0.400841870445837,1
5,45,-1,1,1.65516203758533,0.207071318319824,0.628863571079066,1
5,46,1,1,1.82923694864214,4.25320445265083,0.486077895393018,1
5,47,1,1,1.82923694864214,4.25320445265083,0.384466540865431,1
5,48,-1,1,1.65516203758533,0.207071318319824,0.567069049130271,-1
5,49,1,-1,1.74350754032138,2.90920573655016,0.386296124795133,1
5,50,1,1,1.82923694864214,4.25320445265083,0.408142145898045,1
5,51,1,1,1.82923694864214,4.25320445265083,0.395478022374549,1
5,52,-1,1,1.65516203758533,0.207071318319824,0.471939800838245,1
5,53,-1,1,1.65516203758533,0.207071318319824,0.564441699684928,1
5,54,1,1,1.82923694864214,4.25320445265083,0.453301482895825,1
5,55,1,1,1.82923694864214,4.25320445265083,0.477013123056625,1
5,56,-1,1,1.65516203758533,0.207071318319824,0.53512531199418,1
5,57,1,1,1.82923694864214,4.25320445265083,0.52430399887451,1
5,58,-1,1,1.65516203758533,0.207071318319824,0.548293259883337,-1
5,59,1,-1,1.74350754032138,2.90920573655016,0.567598057536148,1
5,60,1,1,1.82923694864214,4.25320445265083,0.364030148574149,1
5,61,-1,1,1.65516203758533,0.207071318319824,0.320009981445311,1
5,62,-1,1,1.65516203758533,0.207071318319824,1.14171913144351,-1
5,63,1,-1,1.74350754032138,2.90920573655016,0.411976964147179,1
5,64,-1,1,1.65516203758533,0.207071318319824,1.19552582276955,-1
5,65,1,-1,1.74350754032138,2.90920573655016,0.857873946812598,1
5,66,1,1,1.82923694864214,4.25320445265083,0.471749902461099,1
5,67,-1,1,1.65516203758533,0.207071318319824,0.356653973294002,-1
5,68,1,-1,1.74350754032138,2.90920573655016,0.558939154861365,1
5,69,1,1,1.82923694864214,4.25320445265083,0.350432336425587,1
5,70,-1,1,1.65516203758533,0.207071318319824,0.479640850501421,1
5,71,1,1,1.82923694864214,4.25320445265083,0.549530204139908,1
5,72,1,1,1.82923694864214,4.25320445265083,0.457293207189316,1
5,73,1,1,1.82923694864214,4.25320445265083,0.430731352903521,1
5,74,1,1,1.82923694864214,4.25320445265083,0.344676883971706,1
5,75,-1,1,1.65516203758533,0.207071318319824,0.544392192291903,1
5,76,1,1,1.82923694864214,4.25320445265083,0.760539988832592,1
5,77,-1,1,1.65516203758533,0.207071318319824,0.78283940944312,-1
5,78,-1,-1,1.57759086111062,-0.169481507520816,0.736235335514212,1
5,79,1,1,1.82923694864214,4.25320445265083,0.473834190086735,1
5,80,-1,1,1.65516203758533,0.207071318319824,1.23892400598382,1
5,81,1,1,1.82923694864214,4.25320445265083,0.428486896635995,1
5,82,-1,1,1.65516203758533,0.207071318319824,0.796176289112034,-1
5,83,-1,-1,1.57759086111062,-0.169481507520816,0.587893904873782,1
5,84,-1,1,1.65516203758533,0.207071318319824,1.76532388310252,1
5,85,-1,1,1.65516203758533,0.207071318319824,0.521113833343574,1
5,86,-1,1,1.65516203758533,0.207071318319824,0.633229225901506,1
5,87,1,1,1.82923694864214,4.25320445265083,0.73421148944446,1
5,88,-1,1,1.65516203758533,0.207071318319824,1.17715343305195,1
5,89,-1,1,1.65516203758533,0.207071318319824,0.692527820482665,1
5,90,-1,1,1.65516203758533,0.207071318319824,1.42738866197233,1
5,91,-1,1,1.65516203758533,0.207071318319824,0.421620130976586,1
5,92,1,1,1.82923694864214,4.25320445265083,0.377579530713542,1
5,93,1,1,1.82923694864214,4.25320445265083,0.444126115038583,1
5,94,1,1,1.82923694864214,4.25320445265083,0.326420552396493,1
5,95,-1,1,1.65516203758533,0.207071318319824,1.7327013649772,-1
5,96,-1,-1,1.57759086111062,-0.169481507520816,0.811506538975233,1
5,97,1,1,1.82923694864214,4.25320445265083,0.539396057437398,1
5,98,-1,1,1.65516203758533,0.207071318319824,0.650461893798941,-1
5,99,1,-1,1.74350754032138,2.90920573655016,0.774479564022885,1
5,100,-1,1,1.65516203758533,0.207071318319824,0.479092281557452,-1
5,101,-1,-1,1.57759086111062,-0.169481507520816,0.52689607369471,-1
6,2,1,1,1.53353738842824,4.36521415831315,0.305037555305127,1
6,3,1,1,1.53353738842824,4.36521415831315,0.332257184625754,1
6,4,-1,1,1.38760201100702,0.0167589317941841,0.57313333657306,-1
6,5,-1,-1,1.32257035970748,0.88897841310525,0.36845202764689,1
6,6,1,1,1.53353738842824,4.36521415831315,0.309524104700437,1
6,7,-1,1,1.38760201100702,0.0167589317941841,0.55452501098458,-1
6,8,1,-1,1.46166629865755,1.92904849678742,1.02030469206065,1
6,9,1,1,1.53353738842824,4.36521415831315,0.327824502348624,1
6,10,-1,1,1.38760201100702,0.0167589317941841,1.0928951477509,-1
6,11,-1,-1,1.32257035970748,0.88897841310525,0.534590201225633,1
6,12,1,1,1.53353738842824,4.36521415831315,0.262637651363622,1
6,13,1,1,1.53353738842824,4.36521415831315,0.260986208445177,1
6,14,1,1,1.53353738842824,4.36521415831315,0.274930031109326,1
6,15,1,1,1.53353738842824,4.36521415831315,0.293600903298796,1
6,16,-1,1,1.38760201100702,0.0167589317941841,0.432707676464799,1
6,17,-1,1,1.38760201100702,0.0167589317941841,0.582916983519299,1
6,18,-1,1,1.38760201100702,0.0167589317941841,0.394413261487467,-1
6,19,1,-1,1.46166629865755,1.92904849678742,0.679024072416284,1
6,20,-1,1,1.38760201100702,0.0167589317941841,0.692303711504898,1
6,21,-1,1,1.38760201100702,0.0167589317941841,0.625189122741911,-1
6,22,1,-1,1.46166629865755,1.92904849678742,0.402462567697076,1
6,23,1,1,1.53353738842824,4.36521415831315,0.402690591328473,1
6,24,1,1,1.53353738842824,4.36521415831315,0.335281540221754,1
6,25,1,1,1.53353738842824,4.36521415831315,0.487152907690178,1
6,26,1,1,1.53353738842824,4.36521415831315,0.392998192836644,1
6,27,-1,1,1.38760201100702,0.0167589317941841,0.40125135312478,-1
6,28,1,-1,1.46166629865755,1.92904849678742,0.325497017477029,1
6,29,1,1,1.53353738842824,4.36521415831315,0.53971513433913,1
6,30,1,1,1.53353738842824,4.36521415831315,0.29217301688537,1
6,31,-1,1,1.38760201100702,0.0167589317941841,0.657487036943268,1
6,32,1,1,1.53353738842824,4.36521415831315,0.287022520474088,1
6,33,1,1,1.53353738842824,4.36521415831315,0.503774840931687,1
6,34,1,1,1.53353738842824,4.36521415831315,0.316086167442525,1
6,35,1,1,1.53353738842824,4.36521415831315,0.268839862428225,1
6,36,1,1,1.53353738842824,4.36521415831315,0.331893782944756,1
6,37,-1,1,1.38760201100702,0.0167589317941841,0.975150458821212,1
6,38,1,1,1.53353738842824,4.36521415831315,0.269158804949864,1
6,39,-1,1,1.38760201100702,0.0167589317941841,0.359387871154328,1
6,40,-1,1,1.38760201100702,0.0167589317941841,0.345276417090891,1
6,41,-1,1,1.38760201100702,0.0167589317941841,0.760042752282499,-1
6,42,1,-1,1.46166629865755,1.92904849678742,0.554065690125646,1
6,43,-1,1,1.38760201100702,0.0167589317941841,0.519473402940942,1
6,44,1,1,1.53353738842824,4.36521415831315,0.272135816738308,1
6,45,-1,1,1.38760201100702,0.0167589317941841,1.24489318141017,-1
6,46,-1,-1,1.32257035970748,0.88897841310525,0.355275500344083,1
6,47,-1,1,1.38760201100702,0.0167589317941841,0.584697807361845,1
6,48,1,1,1.53353738842824,4.36521415831315,0.287275193589494,1
6,49,1,1,1.53353738842824,4.36521415831315,0.327345710212433,1
6,50,1,1,1.53353738842824,4.36521415831315,0.435951831583352,1
6,51,-1,1,1.38760201100702,0.0167589317941841,0.644258443456763,1
6,52,-1,1,1.38760201100702,0.0167589317941841,0.39682886470807,-1
6,53,1,-1,1.46166629865755,1.92904849678742,0.527054111020932,1
6,54,-1,1,1.38760201100702,0.0167589317941841,0.716643766129755,-1
6,55,-1,-1,1.32257035970748,0.88897841310525,0.886324846340156,1
6,56,1,1,1.53353738842824,4.36521415831315,0.325413461939634,1
6,57,1,1,1.53353738842824,4.36521415831315,0.568160380510033,1
6,58,-1,1,1.38760201100702,0.0167589317941841,1.2793198180822,1
6,59,1,1,1.53353738842824,4.36521415831315,0.411795372565304,1
6,60,-1,1,1.38760201100702,0.0167589317941841,0.74233877228695,1
6,61,1,1,1.53353738842824,4.36521415831315,0.513838554548256,1
6,62,1,1,1.53353738842824,4.36521415831315,0.366222439233665,1
6,63,1,1,1.53353738842824,4.36521415831315,0.235361864545198,1
6,64,1,1,1.53353738842824,4.36521415831315,0.329066190067443,1
6,65,1,1,1.53353738842824,4.36521415831315,0.480652439904929,1
6,66,-1,1,1.38760201100702,0.0167589317941841,0.295878763845084,-1
6,67,-1,-1,1.32257035970748,0.88897841310525,1.49122689926737,1
6,68,1,1,1.53353738842824,4.36521415831315,0.2881475093246,1
6,69,-1,1,1.38760201100702,0.0167589317941841,0.442258843671271,-1
6,70,1,-1,1.46166629865755,1.92904849678742,0.430036566928405,1
6,71,1,1,1.53353738842824,4.36521415831315,0.292189595178564,1
6,72,1,1,1.53353738842824,4.36521415831315,0.303916889678892,1
6,73,-1,1,1.38760201100702,0.0167589317941841,0.450293400189013,1
6,74,1,1,1.53353738842824,4.36521415831315,0.417993470653002,1
6,75,-1,1,1.38760201100702,0.0167589317941841,1.07539358803791,-1
6,76,1,-1,1.46166629865755,1.92904849678742,0.636991646605819,1
6,77,-1,1,1.38760201100702,0.0167589317941841,0.921310661337479,1
6,78,-1,1,1.38760201100702,0.0167589317941841,0.571532804452337,1
6,79,-1,1,1.38760201100702,0.0167589317941841,0.60619472985537,1
6,80,-1,1,1.38760201100702,0.0167589317941841,0.787350184821793,1
6,81,-1,1,1.38760201100702,0.0167589317941841,0.538574883986913,-1
6,82,-1,-1,1.32257035970748,0.88897841310525,0.675476440747739,1
6,83,1,1,1.53353738842824,4.36521415831315,0.336389710632229,1
6,84,-1,1,1.38760201100702,0.0167589317941841,1.3484284784414,1
6,85,1,1,1.53353738842824,4.36521415831315,0.328015771737176,1
6,86,1,1,1.53353738842824,4.36521415831315,0.339736355852026,1
6,87,-1,1,1.38760201100702,0.0167589317941841,1.09968054385932,1
6,88,-1,1,1.38760201100702,0.0167589317941841,0.264152427269507,1
6,89,-1,1,1.38760201100702,0.0167589317941841,0.645883835327427,-1
6,90,-1,-1,1.32257035970748,0.88897841310525,1.00303297735028,1
6,91,-1,1,1.38760201100702,0.0167589317941841,1.25759445661261,-1
6,92,1,-1,1.46166629865755,1.92904849678742,0.52942939445413,1
6,93,-1,1,1.38760201100702,0.0167589317941841,0.357822077112643,-1
6,94,-1,-1,1.32257035970748,0.88897841310525,0.370292749184873,-1
6,95,1,-1,1.46166629865755,1.92904849678742,0.34339844953098,1
6,96,-1,1,1.38760201100702,0.0167589317941841,0.63515499364386,-1
6,97,-1,-1,1.32257035970748,0.88897841310525,0.626797020506457,1
6,98,-1,1,1.38760201100702,0.0167589317941841,0.620786364852827,1
6,99,-1,1,1.38760201100702,0.0167589317941841,0.530179413366775,-1
6,100,-1,-1,1.32257035970748,0.88897841310525,0.471848901095365,1
6,101,1,1,1.53353738842824,4.36521415831315,0.312557468782376,1
7,2,1,1,2.70946914784006,2.80172258689548,0.505026624611023,1
7,3,1,1,2.70946914784006,2.80172258689548,0.953067393253167,1
7,4,-1,1,2.45162906797969,1.4506816041771,0.567871580933066,1
7,5,-1,1,2.45162906797969,1.4506816041771,1.24827460380621,1
7,6,1,1,2.70946914784006,2.80172258689548,0.697116836104323,1
7,7,-1,1,2.45162906797969,1.4506816041771,0.490807469425864,1
7,8,-1,1,2.45162906797969,1.4506816041771,0.467014526558186,1
7,9,1,1,2.70946914784006,2.80172258689548,0.560630850507524,1
7,10,1,1,2.70946914784006,2.80172258689548,0.42065862173288,1
7,11,-1,1,2.45162906797969,1.4506816041771,1.97142196583509,1
7,12,1,1,2.70946914784006,2.80172258689548,0.515008117755798,1
7,13,1,1,2.70946914784006,2.80172258689548,0.356029197738327,1
7,14,1,1,2.70946914784006,2.80172258689548,0.519304428376074,1
7,15,-1,1,2.45162906797969,1.4506816041771,0.701725711314753,1
7,16,1,1,2.70946914784006,2.80172258689548,0.851586316926216,1
7,17,1,1,2.70946914784006,2.80172258689548,0.686777776380975,1
7,18,1,1,2.70946914784006,2.80172258689548,0.938062299404752,1
7,19,1,1,2.70946914784006,2.80172258689548,0.58591977614109,1
7,20,1,1,2.70946914784006,2.80172258689548,0.678090629156065,1
7,21,1,1,2.70946914784006,2.80172258689548,0.586356219564395,1
7,22,-1,1,2.45162906797969,1.4506816041771,1.21344763701808,1
7,23,1,1,2.70946914784006,2.80172258689548,0.918468307149957,1
7,24,-1,1,2.45162906797969,1.4506816041771,2.27367375000465,-1
7,25,-1,-1,2.33673049807278,1.19641356898621,1.18866830307524,-1
7,26,-1,-1,2.33673049807278,1.19641356898621,2.70115405920033,-1
7,27,1,-1,2.58248658985046,1.7511822399412,0.940368114332582,1
7,28,1,1,2.70946914784006,2.80172258689548,0.675990594977546,1
7,29,-1,1,2.45162906797969,1.4506816041771,0.879414848539666,1
7,30,-1,1,2.45162906797969,1.4506816041771,0.395153777674746,1
7,31,-1,1,2.45162906797969,1.4506816041771,0.696822640969644,1
7,32,1,1,2.70946914784006,2.80172258689548,0.475817178258357,1
7,33,1,1,2.70946914784006,2.80172258689548,0.590089062829385,1
7,34,-1,1,2.45162906797969,1.4506816041771,1.25152789382931,1
7,35,-1,1,2.45162906797969,1.4506816041771,0.91295411396285,1
7,36,1,1,2.70946914784006,2.80172258689548,0.375280857357113,1
7,37,1,1,2.70946914784006,2.80172258689548,0.903347162929944,1
7,38,1,1,2.70946914784006,2.80172258689548,0.862020726206073,1
7,39,1,1,2.70946914784006,2.80172258689548,0.801510432935759,1
7,40,-1,1,2.45162906797969,1.4506816041771,0.831829974007796,1
7,41,-1,1,2.45162906797969,1.4506816041771,0.493520965800911,1
7,42,1,1,2.70946914784006,2.80172258689548,0.577556109196867,1
7,43,1,1,2.70946914784006,2.80172258689548,0.968765511167067,1
7,44,1,1,2.70946914784006,2.80172258689548,0.617270463677986,1
7,45,1,1,2.70946914784006,2.80172258689548,1.33155489958508,1
7,46,-1,1,2.45162906797969,1.4506816041771,3.76556418175275,1
7,47,1,1,2.70946914784006,2.80172258689548,0.559714500842553,1
7,48,-1,1,2.45162906797969,1.4506816041771,1.80297364182343,1
7,49,1,1,2.70946914784006,2.80172258689548,0.785754646306391,1
7,50,-1,1,2.45162906797969,1.4506816041771,0.453663851626197,1
7,51,1,1,2.70946914784006,2.80172258689548,0.78751768944958,1
7,52,1,1,2.70946914784006,2.80172258689548,0.427975047669879,1
7,53,-1,1,2.45162906797969,1.4506816041771,0.408860701879662,1
7,54,1,1,2.70946914784006,2.80172258689548,0.589249247085563,1
7,55,-1,1,2.45162906797969,1.4506816041771,0.413446632256493,1
7,56,-1,1,2.45162906797969,1.4506816041771,1.33778981414488,-1
7,57,-1,-1,2.33673049807278,1.19641356898621,1.76575642560463,1
7,58,-1,1,2.45162906797969,1.4506816041771,1.59964579750007,1
7,59,1,1,2.70946914784006,2.80172258689548,0.485872860049048,1
7,60,-1,1,2.45162906797969,1.4506816041771,1.20987675745197,1
7,61,-1,1,2.45162906797969,1.4506816041771,1.04485451285504,1
7,62,1,1,2.70946914784006,2.80172258689548,0.806471945393271,1
7,63,1,1,2.70946914784006,2.80172258689548,0.754743021686958,1
7,64,1,1,2.70946914784006,2.80172258689548,0.531832564075351,1
7,65,1,1,2.70946914784006,2.80172258689548,0.582931173501611,1
7,66,1,1,2.70946914784006,2.80172258689548,0.358540500403954,1
7,67,-1,1,2.45162906797969,1.4506816041771,0.824229825896664,-1
7,68,-1,-1,2.33673049807278,1.19641356898621,0.493090886940389,1
7,69,-1,1,2.45162906797969,1.4506816041771,0.657733707568222,1
7,70,-1,1,2.45162906797969,1.4506816041771,1.13886071116577,1
7,71,1,1,2.70946914784006,2.80172258689548,1.08385150856487,1
7,72,-1,1,2.45162906797969,1.4506816041771,1.16057633846959,1
7,73,1,1,2.70946914784006,2.80172258689548,0.521114779308106,1
7,74,-1,1,2.45162906797969,1.4506816041771,0.657839045907463,1
7,75,-1,1,2.45162906797969,1.4506816041771,0.508996357533643,1
7,76,-1,1,2.45162906797969,1.4506816041771,0.847124571814414,1
7,77,1,1,2.70946914784006,2.80172258689548,0.735623333970224,1
7,78,-1,1,2.45162906797969,1.4506816041771,0.7855563715922,1
7,79,-1,1,2.45162906797969,1.4506816041771,1.22137608348022,1
7,80,-1,1,2.45162906797969,1.4506816041771,0.572151495936522,1
7,81,1,1,2.70946914784006,2.80172258689548,0.955758672168846,1
7,82,1,1,2.70946914784006,2.80172258689548,1.34717018450179,1
7,83,-1,1,2.45162906797969,1.4506816041771,0.824938823442117,1
7,84,1,1,2.70946914784006,2.80172258689548,0.633702575243365,1
7,85,1,1,2.70946914784006,2.80172258689548,0.473623685573276,1
7,86,-1,1,2.45162906797969,1.4506816041771,0.696840273710576,1
7,87,-1,1,2.45162906797969,1.4506816041771,1.43324001608834,1
7,88,-1,1,2.45162906797969,1.4506816041771,0.723616590604117,1
7,89,-1,1,2.45162906797969,1.4506816041771,0.605146496373643,1
7,90,-1,1,2.45162906797969,1.4506816041771,1.60221826539128,1
7,91,-1,1,2.45162906797969,1.4506816041771,0.705622753314298,1
7,92,-1,1,2.45162906797969,1.4506816041771,0.931822953330995,1
7,93,-1,1,2.45162906797969,1.4506816041771,0.768509381366045,1
7,94,-1,1,2.45162906797969,1.4506816041771,0.621774920684741,1
7,95,1,1,2.70946914784006,2.80172258689548,0.539505347128105,1
7,96,1,1,2.70946914784006,2.80172258689548,0.972139898989895,1
7,97,-1,1,2.45162906797969,1.4506816041771,2.14222874465411,1
7,98,1,1,2.70946914784006,2.80172258689548,0.605384879461581,1
7,99,-1,1,2.45162906797969,1.4506816041771,0.984322707227262,1
7,100,1,1,2.70946914784006,2.80172258689548,0.387118018693554,1
7,101,1,1,2.70946914784006,2.80172258689548,0.565569438347345,1
8,2,1,1,1.5942301685434,3.64500727300593,0.506829230071962,1
8,3,-1,1,1.44251910945985,1.13094777721663,0.750416568209883,1
8,4,1,1,1.5942301685434,3.64500727300593,0.470769316339708,1
8,5,-1,1,1.44251910945985,1.13094777721663,0.338637898510289,1
8,6,1,1,1.5942301685434,3.64500727300593,0.403014571556972,1
8,7,-1,1,1.44251910945985,1.13094777721663,0.312564819726645,1
8,8,1,1,1.5942301685434,3.64500727300593,0.585454029527619,1
8,9,-1,1,1.44251910945985,1.13094777721663,0.513728091014249,1
8,10,-1,1,1.44251910945985,1.13094777721663,0.667668165745312,1
8,11,-1,1,1.44251910945985,1.13094777721663,0.555045771674567,-1
8,12,1,-1,1.51951463801698,2.69337085384376,0.485270903439577,1
8,13,-1,1,1.44251910945985,1.13094777721663,0.688342058824909,1
8,14,1,1,1.5942301685434,3.64500727300593,0.982586679445018,1
8,15,-1,1,1.44251910945985,1.13094777721663,0.350214669505067,-1
8,16,-1,-1,1.37491370173113,-0.269325904066317,0.581974953297497,-1
8,17,-1,-1,1.37491370173113,-0.269325904066317,0.453597044926267,1
8,18,-1,1,1.44251910945985,1.13094777721663,0.407166814676956,1
8,19,-1,1,1.44251910945985,1.13094777721663,0.421111198308532,-1
8,20,-1,-1,1.37491370173113,-0.269325904066317,0.7594444110566,1
8,21,1,1,1.5942301685434,3.64500727300593,0.428821856970156,1
8,22,1,1,1.5942301685434,3.64500727300593,0.511643837387697,1
8,23,-1,1,1.44251910945985,1.13094777721663,0.668088523940947,1
8,24,1,1,1.5942301685434,3.64500727300593,0.443529008547835,1
8,25,1,1,1.5942301685434,3.64500727300593,0.459409578010549,1
8,26,1,1,1.5942301685434,3.64500727300593,0.429394191531728,1
8,27,-1,1,1.44251910945985,1.13094777721663,0.806673803289241,1
8,28,1,1,1.5942301685434,3.64500727300593,0.409817613868169,1
8,29,-1,1,1.44251910945985,1.13094777721663,0.637401526815893,1
8,30,1,1,1.5942301685434,3.64500727300593,0.449396415568853,1
8,31,-1,1,1.44251910945985,1.13094777721663,1.36934439948652,1
8,32,1,1,1.5942301685434,3.64500727300593,0.583951927948121,1
8,33,1,1,1.5942301685434,3.64500727300593,0.412804435037169,1
8,34,1,1,1.5942301685434,3.64500727300593,0.470303195994668,1
8,35,-1,1,1.44251910945985,1.13094777721663,0.428439056666286,1
8,36,1,1,1.5942301685434,3.64500727300593,0.576826523438723,1
8,37,-1,1,1.44251910945985,1.13094777721663,0.409408118286452,1
8,38,-1,1,1.44251910945985,1.13094777721663,1.07437599474654,1
8,39,1,1,1.5942301685434,3.64500727300593,0.328274887536714,1
8,40,1,1,1.5942301685434,3.64500727300593,0.419126573288096,1
8,41,-1,1,1.44251910945985,1.13094777721663,0.432226727482486,1
8,42,1,1,1.5942301685434,3.64500727300593,0.337720576350792,1
8,43,1,1,1.5942301685434,3.64500727300593,0.369635667522738,1
8,44,1,1,1.5942301685434,3.64500727300593,0.500932517312932,1
8,45,-1,1,1.44251910945985,1.13094777721663,0.642004388763534,1
8,46,-1,1,1.44251910945985,1.13094777721663,1.32076096964218,1
8,47,1,1,1.5942301685434,3.64500727300593,0.626349181420903,1
8,48,1,1,1.5942301685434,3.64500727300593,0.414620203735277,1
8,49,1,1,1.5942301685434,3.64500727300593,0.425091461333424,1
8,50,1,1,1.5942301685434,3.64500727300593,0.373270631451018,1
8,51,1,1,1.5942301685434,3.64500727300593,0.336883555662534,1
8,52,-1,1,1.44251910945985,1.13094777721663,0.344762678367001,1
8,53,-1,1,1.44251910945985,1.13094777721663,0.604561716875083,1
8,54,-1,1,1.44251910945985,1.13094777721663,0.491797804166403,1
8,55,1,1,1.5942301685434,3.64500727300593,0.271120183194225,1
8,56,-1,1,1.44251910945985,1.13094777721663,1.12227529341116,1
8,57,1,1,1.5942301685434,3.64500727300593,0.427360466632802,1
8,58,-1,1,1.44251910945985,1.13094777721663,0.536298151208254,1
8,59,1,1,1.5942301685434,3.64500727300593,0.641895080515319,1
8,60,-1,1,1.44251910945985,1.13094777721663,0.761101896991327,1
8,61,1,1,1.5942301685434,3.64500727300593,0.31031927087403,1
8,62,-1,1,1.44251910945985,1.13094777721663,0.380173908702504,1
8,63,-1,1,1.44251910945985,1.13094777721663,0.637561800320918,1
8,64,1,1,1.5942301685434,3.64500727300593,0.542139570653828,1
8,65,-1,1,1.44251910945985,1.13094777721663,0.522457085563135,-1
8,66,-1,-1,1.37491370173113,-0.269325904066317,0.398756846726102,1
8,67,1,1,1.5942301685434,3.64500727300593,0.341657796213553,1
8,68,-1,1,1.44251910945985,1.13094777721663,0.566157808447835,1
8,69,-1,1,1.44251910945985,1.13094777721663,0.370984909715535,-1
8,70,1,-1,1.51951463801698,2.69337085384376,0.541095872486374,1
8,71,-1,1,1.44251910945985,1.13094777721663,0.809388929299879,1
8,72,-1,1,1.44251910945985,1.13094777721663,0.417793764029594,-1
8,73,-1,-1,1.37491370173113,-0.269325904066317,0.385323649954958,1
8,74,1,1,1.5942301685434,3.64500727300593,0.380902417854235,1
8,75,-1,1,1.44251910945985,1.13094777721663,0.344061347938507,1
8,76,1,1,1.5942301685434,3.64500727300593,0.395480359499066,1
8,77,1,1,1.5942301685434,3.64500727300593,0.366398802991571,1
8,78,1,1,1.5942301685434,3.64500727300593,0.524249008918505,1
8,79,-1,1,1.44251910945985,1.13094777721663,1.11424605622892,1
8,80,-1,1,1.44251910945985,1.13094777721663,0.673028438995346,1
8,81,1,1,1.5942301685434,3.64500727300593,0.433703706119303,1
8,82,-1,1,1.44251910945985,1.13094777721663,0.454787342213581,1
8,83,1,1,1.5942301685434,3.64500727300593,0.422466084597371,1
8,84,-1,1,1.44251910945985,1.13094777721663,2.16922901937539,1
8,85,-1,1,1.44251910945985,1.13094777721663,0.48835190935924,1
8,86,1,1,1.5942301685434,3.64500727300593,0.409907756418029,1
8,87,-1,1,1.44251910945985,1.13094777721663,0.405949229254437,1
8,88,1,1,1.5942301685434,3.64500727300593,0.437486074237996,1
8,89,-1,1,1.44251910945985,1.13094777721663,0.744929336998778,1
8,90,-1,1,1.44251910945985,1.13094777721663,0.441700208542211,-1
8,91,1,-1,1.51951463801698,2.69337085384376,0.595974507142337,1
8,92,-1,1,1.44251910945985,1.13094777721663,0.410008620259933,1
8,93,1,1,1.5942301685434,3.64500727300593,0.605995640083671,1
8,94,1,1,1.5942301685434,3.64500727300593,0.449530909190272,1
8,95,-1,1,1.44251910945985,1.13094777721663,1.55437564973335,1
8,96,1,1,1.5942301685434,3.64500727300593,0.443454701626899,1
8,97,1,1,1.5942301685434,3.64500727300593,0.599169154456195,1
8,98,1,1,1.5942301685434,3.64500727300593,0.646666223501543,1
8,99,1,1,1.5942301685434,3.64500727300593,0.415916995508824,1
8,100,-1,1,1.44251910945985,1.13094777721663,0.590707773572773,1
8,101,1,1,1.5942301685434,3.64500727300593,0.410375902885377,1
9,2,1,1,1.95289119347732,3.40958989306665,0.557252820985285,1
9,3,-1,1,1.76704902521118,1.18065163180817,0.443047791878945,1
9,4,1,1,1.95289119347732,3.40958989306665,0.629807058314256,1
9,5,-1,1,1.76704902521118,1.18065163180817,1.02737732430005,1
9,6,1,1,1.95289119347732,3.40958989306665,0.449283296620911,1
9,7,-1,1,1.76704902521118,1.18065163180817,0.538410737794087,1
9,8,-1,1,1.76704902521118,1.18065163180817,0.517305414995372,-1
9,9,1,-1,1.86136657898935,2.11750770505986,0.770771717875672,1
9,10,1,1,1.95289119347732,3.40958989306665,0.570756572491937,1
9,11,-1,1,1.76704902521118,1.18065163180817,0.838804280151,-1
9,12,1,-1,1.86136657898935,2.11750770505986,1.30122892157432,1
9,13,1,1,1.95289119347732,3.40958989306665,0.441494431314749,1
9,14,1,1,1.95289119347732,3.40958989306665,0.809418588013472,1
9,15,-1,1,1.76704902521118,1.18065163180817,0.845113596870711,-1
9,16,1,-1,1.86136657898935,2.11750770505986,0.845142812590085,1
9,17,-1,1,1.76704902521118,1.18065163180817,0.646242736686616,1
9,18,-1,1,1.76704902521118,1.18065163180817,1.28426839442538,1
9,19,-1,1,1.76704902521118,1.18065163180817,0.464877565874853,1
9,20,1,1,1.95289119347732,3.40958989306665,0.469074688474656,1
9,21,1,1,1.95289119347732,3.40958989306665,0.520245197714308,1
9,22,1,1,1.95289119347732,3.40958989306665,0.53217816150007,1
9,23,1,1,1.95289119347732,3.40958989306665,0.665481866337178,1
9,24,-1,1,1.76704902521118,1.18065163180817,0.64937467250192,1
9,25,1,1,1.95289119347732,3.40958989306665,0.70388319701823,1
9,26,1,1,1.95289119347732,3.40958989306665,0.348946757034317,1
9,27,-1,1,1.76704902521118,1.18065163180817,0.653197368831337,1
9,28,1,1,1.95289119347732,3.40958989306665,0.920537864762568,1
9,29,-1,1,1.76704902521118,1.18065163180817,0.81948846792774,1
9,30,1,1,1.95289119347732,3.40958989306665,1.57053580147667,1
9,31,1,1,1.95289119347732,3.40958989306665,0.532041422910778,1
9,32,-1,1,1.76704902521118,1.18065163180817,1.03815529701539,1
9,33,1,1,1.95289119347732,3.40958989306665,0.560001508574744,1
9,34,1,1,1.95289119347732,3.40958989306665,0.480789215539688,1
9,35,-1,1,1.76704902521118,1.18065163180817,1.09922636249884,1
9,36,1,1,1.95289119347732,3.40958989306665,1.06698380163543,1
9,37,1,1,1.95289119347732,3.40958989306665,0.626224962559109,1
9,38,-1,1,1.76704902521118,1.18065163180817,0.764567835667186,-1
9,39,-1,-1,1.68423412935115,0.492250770065309,1.20522014939204,-1
9,40,-1,-1,1.68423412935115,0.492250770065309,0.881075637334166,1
9,41,-1,1,1.76704902521118,1.18065163180817,1.25152970433875,1
9,42,1,1,1.95289119347732,3.40958989306665,0.455802613040833,1
9,43,-1,1,1.76704902521118,1.18065163180817,0.540733293986944,1
9,44,-1,1,1.76704902521118,1.18065163180817,0.604188103994361,1
9,45,1,1,1.95289119347732,3.40958989306665,0.491819815953832,1
9,46,-1,1,1.76704902521118,1.18065163180817,0.529665227933996,1
9,47,-1,1,1.76704902521118,1.18065163180817,1.17451564411916,1
9,48,1,1,1.95289119347732,3.40958989306665,0.453459665542303,1
9,49,1,1,1.95289119347732,3.40958989306665,0.482027804741789,1
9,50,1,1,1.95289119347732,3.40958989306665,0.814010012003026,1
9,51,1,1,1.95289119347732,3.40958989306665,0.617033086347254,1
9,52,-1,1,1.76704902521118,1.18065163180817,0.871536959591185,1
9,53,-1,1,1.76704902521118,1.18065163180817,0.738029100599936,1
9,54,-1,1,1.76704902521118,1.18065163180817,0.907849498951307,1
9,55,1,1,1.95289119347732,3.40958989306665,0.464981706006863,1
9,56,-1,1,1.76704902521118,1.18065163180817,0.43656379721355,1
9,57,1,1,1.95289119347732,3.40958989306665,0.399725799870779,1
9,58,1,1,1.95289119347732,3.40958989306665,0.670429936167601,1
9,59,-1,1,1.76704902521118,1.18065163180817,1.18903941032575,1
9,60,-1,1,1.76704902521118,1.18065163180817,1.39754669530805,1
9,61,-1,1,1.76704902521118,1.18065163180817,1.09864374758853,1
9,62,-1,1,1.76704902521118,1.18065163180817,1.25428220363558,1
9,63,-1,1,1.76704902521118,1.18065163180817,0.871279473926021,1
9,64,1,1,1.95289119347732,3.40958989306665,0.522205105810545,1
9,65,1,1,1.95289119347732,3.40958989306665,0.695960344356216,1
9,66,1,1,1.95289119347732,3.40958989306665,0.467743699900383,1
9,67,-1,1,1.76704902521118,1.18065163180817,0.484569890097617,1
9,68,1,1,1.95289119347732,3.40958989306665,0.677406699634078,1
9,69,-1,1,1.76704902521118,1.18065163180817,1.54681616248005,1
9,70,-1,1,1.76704902521118,1.18065163180817,0.586585681872417,1
9,71,1,1,1.95289119347732,3.40958989306665,0.329587824836292,1
9,72,1,1,1.95289119347732,3.40958989306665,0.503874287505458,1
9,73,1,1,1.95289119347732,3.40958989306665,0.450446296965568,1
9,74,-1,1,1.76704902521118,1.18065163180817,0.595553375811354,-1
9,75,-1,-1,1.68423412935115,0.492250770065309,0.75886877918677,1
9,76,1,1,1.95289119347732,3.40958989306665,0.406219903990804,1
9,77,1,1,1.95289119347732,3.40958989306665,0.531706725077658,1
9,78,1,1,1.95289119347732,3.40958989306665,0.604533622741355,1
9,79,-1,1,1.76704902521118,1.18065163180817,0.476391015886854,1
9,80,1,1,1.95289119347732,3.40958989306665,0.553008683653966,1
9,81,-1,1,1.76704902521118,1.18065163180817,0.837142846338367,-1
9,82,-1,-1,1.68423412935115,0.492250770065309,2.21096066871886,1
9,83,-1,1,1.76704902521118,1.18065163180817,0.41182564634365,1
9,84,-1,1,1.76704902521118,1.18065163180817,0.623907966782158,1
9,85,1,1,1.95289119347732,3.40958989306665,0.438292939361223,1
9,86,-1,1,1.76704902521118,1.18065163180817,0.901784891897587,1
9,87,1,1,1.95289119347732,3.40958989306665,0.534212421795195,1
9,88,-1,1,1.76704902521118,1.18065163180817,0.86781861716812,1
9,89,-1,1,1.76704902521118,1.18065163180817,0.429022345646434,1
9,90,-1,1,1.76704902521118,1.18065163180817,1.31760933910006,-1
9,91,-1,-1,1.68423412935115,0.492250770065309,2.11881526249236,-1
9,92,1,-1,1.86136657898935,2.11750770505986,0.484892411173577,1
9,93,1,1,1.95289119347732,3.40958989306665,0.789044881040292,1
9,94,1,1,1.95289119347732,3.40958989306665,0.377996896282369,1
9,95,-1,1,1.76704902521118,1.18065163180817,0.683086832049047,-1
9,96,1,-1,1.86136657898935,2.11750770505986,0.428374270610306,1
9,97,1,1,1.95289119347732,3.40958989306665,0.481940848323216,1
9,98,1,1,1.95289119347732,3.40958989306665,0.633008924653769,1
9,99,-1,1,1.76704902521118,1.18065163180817,0.912783397091645,-1
9,100,-1,-1,1.68423412935115,0.492250770065309,2.22661534067117,1
9,101,-1,1,1.76704902521118,1.18065163180817,0.696787715848327,1
10,2,1,1,1.74756085404934,3.63934889163015,0.330378824992139,1
10,3,1,1,1.74756085404934,3.63934889163015,0.6252562162024,1
10,4,1,1,1.74756085404934,3.63934889163015,0.752144210986458,1
10,5,1,1,1.74756085404934,3.63934889163015,0.340348565402286,1
10,6,1,1,1.74756085404934,3.63934889163015,0.30284822611717,1
10,7,1,1,1.74756085404934,3.63934889163015,0.378667904126393,1
10,8,1,1,1.74756085404934,3.63934889163015,0.482932635407579,1
10,9,-1,1,1.58125845103872,0.516727806167907,0.417349351719833,1
10,10,1,1,1.74756085404934,3.63934889163015,0.412900313108649,1
10,11,-1,1,1.58125845103872,0.516727806167907,1.30154762770569,1
10,12,1,1,1.74756085404934,3.63934889163015,0.499764179417935,1
10,13,1,1,1.74756085404934,3.63934889163015,0.361403205028428,1
10,14,1,1,1.74756085404934,3.63934889163015,0.379814904270537,1
10,15,1,1,1.74756085404934,3.63934889163015,0.458399965895438,1
10,16,1,1,1.74756085404934,3.63934889163015,0.542317447719141,1
10,17,-1,1,1.58125845103872,0.516727806167907,0.778698013462569,1
10,18,1,1,1.74756085404934,3.63934889163015,0.41378161111938,1
10,19,-1,1,1.58125845103872,0.516727806167907,0.707530954183542,1
10,20,1,1,1.74756085404934,3.63934889163015,0.300278966204636,1
10,21,-1,1,1.58125845103872,0.516727806167907,0.293971326048549,-1
10,22,-1,-1,1.50715085578684,0.530767377488794,1.97088781767547,-1
10,23,1,-1,1.66565929496844,2.51315592471315,0.505209474145725,1
10,24,-1,1,1.58125845103872,0.516727806167907,1.39884014155437,1
10,25,-1,1,1.58125845103872,0.516727806167907,1.15839516295939,-1
10,26,1,-1,1.66565929496844,2.51315592471315,0.438084617722421,1
10,27,1,1,1.74756085404934,3.63934889163015,0.435671944650163,1
10,28,-1,1,1.58125845103872,0.516727806167907,1.4173628319499,-1
10,29,1,-1,1.66565929496844,2.51315592471315,0.322583628236068,1
10,30,1,1,1.74756085404934,3.63934889163015,0.290042124998258,1
10,31,-1,1,1.58125845103872,0.516727806167907,1.20528528126998,-1
10,32,-1,-1,1.50715085578684,0.530767377488794,0.494041691980526,1
10,33,-1,1,1.58125845103872,0.516727806167907,0.660602577119038,1
10,34,-1,1,1.58125845103872,0.516727806167907,0.360691654805516,1
10,35,-1,1,1.58125845103872,0.516727806167907,0.90272435975149,-1
10,36,-1,-1,1.50715085578684,0.530767377488794,1.35039134059141,1
10,37,1,1,1.74756085404934,3.63934889163015,0.349390341577375,1
10,38,-1,1,1.58125845103872,0.516727806167907,1.1005760419331,-1
10,39,1,-1,1.66565929496844,2.51315592471315,0.342122072647716,1
10,40,1,1,1.74756085404934,3.63934889163015,0.600836120295104,1
10,41,-1,1,1.58125845103872,0.516727806167907,1.33537570485738,-1
10,42,1,-1,1.66565929496844,2.51315592471315,0.382223365881024,1
10,43,-1,1,1.58125845103872,0.516727806167907,0.904953497185539,-1
10,44,1,-1,1.66565929496844,2.51315592471315,0.478009269517036,1
10,45,-1,1,1.58125845103872,0.516727806167907,0.728799237635624,-1
10,46,-1,-1,1.50715085578684,0.530767377488794,1.17760538340306,1
10,47,1,1,1.74756085404934,3.63934889163015,0.278722385889826,1
10,48,1,1,1.74756085404934,3.63934889163015,0.3056369610166,1
10,49,1,1,1.74756085404934,3.63934889163015,0.380862570901259,1
10,50,1,1,1.74756085404934,3.63934889163015,0.670566513608531,1
10,51,-1,1,1.58125845103872,0.516727806167907,0.556938180288615,-1
10,52,-1,-1,1.50715085578684,0.530767377488794,0.369117135130102,1
10,53,1,1,1.74756085404934,3.63934889163015,0.578218714091827,1
10,54,-1,1,1.58125845103872,0.516727806167907,0.376907131732042,1
10,55,-1,1,1.58125845103872,0.516727806167907,0.90719062597685,1
10,56,1,1,1.74756085404934,3.63934889163015,0.36899804771875,1
10,57,-1,1,1.58125845103872,0.516727806167907,1.25906704963284,1
10,58,1,1,1.74756085404934,3.63934889163015,0.62593377702623,1
10,59,1,1,1.74756085404934,3.63934889163015,0.731090936017517,1
10,60,-1,1,1.58125845103872,0.516727806167907,0.76244135885797,1
10,61,-1,1,1.58125845103872,0.516727806167907,0.603633959891377,-1
10,62,-1,-1,1.50715085578684,0.530767377488794,1.19812198353516,-1
10,63,-1,-1,1.50715085578684,0.530767377488794,2.18763890870126,-1
10,64,-1,-1,1.50715085578684,0.530767377488794,0.31067228658004,-1
10,65,-1,-1,1.50715085578684,0.530767377488794,0.541336111023363,-1
10,66,-1,-1,1.50715085578684,0.530767377488794,0.785839873106577,-1
10,67,1,-1,1.66565929496844,2.51315592471315,0.571511122469345,1
10,68,1,1,1.74756085404934,3.63934889163015,0.464610664564569,1
10,69,-1,1,1.58125845103872,0.516727806167907,2.27347138673676,1
10,70,-1,1,1.58125845103872,0.516727806167907,0.708078552874904,1
10,71,1,1,1.74756085404934,3.63934889163015,0.283059843592864,1
10,72,-1,1,1.58125845103872,0.516727806167907,0.293935432670002,1
10,73,1,1,1.74756085404934,3.63934889163015,0.381587514121514,1
10,74,1,1,1.74756085404934,3.63934889163015,0.456224660058604,1
10,75,-1,1,1.58125845103872,0.516727806167907,1.18108499366055,1
10,76,-1,1,1.58125845103872,0.516727806167907,1.30018265188856,1
10,77,-1,1,1.58125845103872,0.516727806167907,0.437481335227936,-1
10,78,1,-1,1.66565929496844,2.51315592471315,0.566996865982055,1
10,79,-1,1,1.58125845103872,0.516727806167907,0.440216199793532,1
10,80,1,1,1.74756085404934,3.63934889163015,0.29074471856726,1
10,81,1,1,1.74756085404934,3.63934889163015,0.339282803990634,1
10,82,1,1,1.74756085404934,3.63934889163015,0.337825837362254,1
10,83,1,1,1.74756085404934,3.63934889163015,0.440965470607288,1
10,84,-1,1,1.58125845103872,0.516727806167907,2.22535285188657,-1
10,85,-1,-1,1.50715085578684,0.530767377488794,0.799364879786464,1
10,86,-1,1,1.58125845103872,0.516727806167907,0.620227755921067,-1
10,87,-1,-1,1.50715085578684,0.530767377488794,0.334896094430662,1
10,88,1,1,1.74756085404934,3.63934889163015,0.539987338279257,1
10,89,1,1,1.74756085404934,3.63934889163015,0.349082104738607,1
10,90,-1,1,1.58125845103872,0.516727806167907,1.30453476899262,1
10,91,-1,1,1.58125845103872,0.516727806167907,0.472328737895793,1
10,92,1,1,1.74756085404934,3.63934889163015,0.389972672103192,1
10,93,-1,1,1.58125845103872,0.516727806167907,0.470255921570578,1
10,94,1,1,1.74756085404934,3.63934889163015,0.559862165905412,1
10,95,-1,1,1.58125845103872,0.516727806167907,1.8367125317169,1
10,96,-1,1,1.58125845103872,0.516727806167907,1.17978153505037,1
10,97,1,1,1.74756085404934,3.63934889163015,0.417554389309392,1
10,98,-1,1,1.58125845103872,0.516727806167907,1.86778297549253,1
10,99,1,1,1.74756085404934,3.63934889163015,0.439450706184339,1
10,100,-1,1,1.58125845103872,0.516727806167907,1.89282747931718,-1
10,101,1,-1,1.66565929496844,2.51315592471315,0.370602922017674,1
11,2,1,1,1.99257127788666,2.73505986426311,0.356570482088032,1
11,3,-1,1,1.80295305033558,2.23572183071885,0.473436458962485,1
11,4,1,1,1.99257127788666,2.73505986426311,0.407238366442173,1
11,5,1,1,1.99257127788666,2.73505986426311,1.56622289926109,1
11,6,1,1,1.99257127788666,2.73505986426311,0.773254997391667,1
11,7,1,1,1.99257127788666,2.73505986426311,0.657961394317329,1
11,8,-1,1,1.80295305033558,2.23572183071885,0.797232936673283,1
11,9,1,1,1.99257127788666,2.73505986426311,0.403575141593804,1
11,10,-1,1,1.80295305033558,2.23572183071885,1.05049158698336,1
11,11,1,1,1.99257127788666,2.73505986426311,0.852370093007061,1
11,12,-1,1,1.80295305033558,2.23572183071885,1.10983617362834,1
11,13,1,1,1.99257127788666,2.73505986426311,0.444918617607346,1
11,14,1,1,1.99257127788666,2.73505986426311,0.441519985584953,1
11,15,1,1,1.99257127788666,2.73505986426311,0.46919457568866,1
11,16,1,1,1.99257127788666,2.73505986426311,0.42104450044443,1
11,17,-1,1,1.80295305033558,2.23572183071885,0.45387140960401,1
11,18,-1,1,1.80295305033558,2.23572183071885,0.922031343370002,1
11,19,-1,1,1.80295305033558,2.23572183071885,0.824743017067458,1
11,20,-1,1,1.80295305033558,2.23572183071885,0.810974761452743,1
11,21,1,1,1.99257127788666,2.73505986426311,0.374546694763424,1
11,22,1,1,1.99257127788666,2.73505986426311,0.441963438063736,1
11,23,-1,1,1.80295305033558,2.23572183071885,0.588356384059688,1
11,24,1,1,1.99257127788666,2.73505986426311,0.500096374247662,1
11,25,-1,1,1.80295305033558,2.23572183071885,0.498654888095232,1
11,26,1,1,1.99257127788666,2.73505986426311,0.515840383685962,1
11,27,1,1,1.99257127788666,2.73505986426311,0.446622348128993,1
11,28,-1,1,1.80295305033558,2.23572183071885,0.430070647911053,1
11,29,-1,1,1.80295305033558,2.23572183071885,0.691939280436005,1
11,30,-1,1,1.80295305033558,2.23572183071885,1.08608154326206,1
11,31,1,1,1.99257127788666,2.73505986426311,0.419144654033481,1
11,32,1,1,1.99257127788666,2.73505986426311,0.468491447360049,1
11,33,1,1,1.99257127788666,2.73505986426311,0.830476238863963,1
11,34,1,1,1.99257127788666,2.73505986426311,0.472407322648972,1
11,35,-1,1,1.80295305033558,2.23572183071885,0.478327533473926,1
11,36,-1,1,1.80295305033558,2.23572183071885,0.819749822286497,1
11,37,1,1,1.99257127788666,2.73505986426311,0.661718777447489,1
11,38,1,1,1.99257127788666,2.73505986426311,0.722774294966828,1
11,39,1,1,1.99257127788666,2.73505986426311,0.636709871692404,1
11,40,-1,1,1.80295305033558,2.23572183071885,0.566339839046142,1
11,41,1,1,1.99257127788666,2.73505986426311,1.20227996445284,1
11,42,-1,1,1.80295305033558,2.23572183071885,0.737742508670418,1
11,43,1,1,1.99257127788666,2.73505986426311,1.16829251656973,1
11,44,-1,1,1.80295305033558,2.23572183071885,1.42388608769315,1
11,45,1,1,1.99257127788666,2.73505986426311,0.421880449137269,1
11,46,-1,1,1.80295305033558,2.23572183071885,0.429941071940892,1
11,47,1,1,1.99257127788666,2.73505986426311,0.442028245662028,1
11,48,-1,1,1.80295305033558,2.23572183071885,0.787926229274558,1
11,49,-1,1,1.80295305033558,2.23572183071885,0.757100404664996,1
11,50,1,1,1.99257127788666,2.73505986426311,0.770759723844536,1
11,51,1,1,1.99257127788666,2.73505986426311,0.456519527660302,1
11,52,1,1,1.99257127788666,2.73505986426311,0.401058963050679,1
11,53,1,1,1.99257127788666,2.73505986426311,0.458437657460855,1
11,54,-1,1,1.80295305033558,2.23572183071885,0.647045121109635,1
11,55,1,1,1.99257127788666,2.73505986426311,0.590127643070758,1
11,56,1,1,1.99257127788666,2.73505986426311,0.359992610046577,1
11,57,1,1,1.99257127788666,2.73505986426311,0.721553672946878,1
11,58,-1,1,1.80295305033558,2.23572183071885,0.727739399009004,1
11,59,1,1,1.99257127788666,2.73505986426311,1.14665999326177,1
11,60,1,1,1.99257127788666,2.73505986426311,0.517375211575263,1
11,61,-1,1,1.80295305033558,2.23572183071885,0.512967329340027,1
11,62,1,1,1.99257127788666,2.73505986426311,0.414960896389016,1
11,63,-1,1,1.80295305033558,2.23572183071885,0.671563698975405,1
11,64,1,1,1.99257127788666,2.73505986426311,0.495976021698251,1
11,65,1,1,1.99257127788666,2.73505986426311,0.733586132943746,1
11,66,-1,1,1.80295305033558,2.23572183071885,0.404115538581877,1
11,67,-1,1,1.80295305033558,2.23572183071885,0.397882620045997,1
11,68,1,1,1.99257127788666,2.73505986426311,1.12504406890078,1
11,69,1,1,1.99257127788666,2.73505986426311,0.470311832265301,1
11,70,-1,1,1.80295305033558,2.23572183071885,0.75176287406363,1
11,71,1,1,1.99257127788666,2.73505986426311,0.454711899148459,1
11,72,-1,1,1.80295305033558,2.23572183071885,0.399867544510481,1
11,73,-1,1,1.80295305033558,2.23572183071885,0.498519944068875,1
11,74,1,1,1.99257127788666,2.73505986426311,0.717377872758278,1
11,75,-1,1,1.80295305033558,2.23572183071885,0.509540431823197,1
11,76,1,1,1.99257127788666,2.73505986426311,0.794750492850246,1
11,77,-1,1,1.80295305033558,2.23572183071885,0.870678522881725,1
11,78,1,1,1.99257127788666,2.73505986426311,0.645156651815048,1
11,79,-1,1,1.80295305033558,2.23572183071885,0.367479981094457,-1
11,80,1,-1,1.89918700811397,1.52533657807148,0.563993852730622,1
11,81,-1,1,1.80295305033558,2.23572183071885,0.483099308240003,1
11,82,1,1,1.99257127788666,2.73505986426311,0.532239419564585,1
11,83,-1,1,1.80295305033558,2.23572183071885,0.544430623073862,1
11,84,-1,1,1.80295305033558,2.23572183071885,0.333304784208923,1
11,85,-1,1,1.80295305033558,2.23572183071885,0.559132212939894,1
11,86,1,1,1.99257127788666,2.73505986426311,0.649885237002226,1
11,87,-1,1,1.80295305033558,2.23572183071885,0.489976725203585,1
11,88,-1,1,1.80295305033558,2.23572183071885,0.494329990399869,1
11,89,-1,1,1.80295305033558,2.23572183071885,0.449816263397273,1
11,90,-1,1,1.80295305033558,2.23572183071885,0.363233751107242,1
11,91,-1,1,1.80295305033558,2.23572183071885,0.398465202592242,1
11,92,-1,1,1.80295305033558,2.23572183071885,0.492698557634314,1
11,93,-1,1,1.80295305033558,2.23572183071885,0.34687093979332,1
11,94,-1,1,1.80295305033558,2.23572183071885,0.801912063676047,1
11,95,-1,1,1.80295305033558,2.23572183071885,0.458296455969998,1
11,96,1,1,1.99257127788666,2.73505986426311,0.623722996239757,1
11,97,-1,1,1.80295305033558,2.23572183071885,0.427466254511858,1
11,98,-1,1,1.80295305033558,2.23572183071885,0.480868276613405,1
11,99,1,1,1.99257127788666,2.73505986426311,0.507988035622496,1
11,100,-1,1,1.80295305033558,2.23572183071885,0.609859131785447,1
11,101,-1,1,1.80295305033558,2.23572183071885,0.598323022745558,1
12,2,1,1,1.87979326959641,2.82777064610608,0.645506732603313,1
12,3,-1,1,1.70090728850299,1.20118209094719,0.808625926861654,1
12,4,-1,1,1.70090728850299,1.20118209094719,0.558254009919772,1
12,5,1,1,1.87979326959641,2.82777064610608,0.548258478517145,1
12,6,-1,1,1.70090728850299,1.20118209094719,0.444104532113385,1
12,7,-1,1,1.70090728850299,1.20118209094719,0.660063411725893,1
12,8,-1,1,1.70090728850299,1.20118209094719,1.24320332496372,-1
12,9,1,-1,1.79169447797323,1.30842479770754,0.942954548569876,1
12,10,1,1,1.87979326959641,2.82777064610608,0.399502165950858,1
12,11,-1,1,1.70090728850299,1.20118209094719,0.935544412029866,1
12,12,1,1,1.87979326959641,2.82777064610608,0.459570210970262,1
12,13,1,1,1.87979326959641,2.82777064610608,0.569290867440122,1
12,14,-1,1,1.70090728850299,1.20118209094719,0.391722550714519,1
12,15,1,1,1.87979326959641,2.82777064610608,0.741854796570213,1
12,16,-1,1,1.70090728850299,1.20118209094719,0.397348725964124,1
12,17,-1,1,1.70090728850299,1.20118209094719,0.512249969069529,1
12,18,1,1,1.87979326959641,2.82777064610608,0.471353899091607,1
12,19,1,1,1.87979326959641,2.82777064610608,0.479839404583775,1
12,20,-1,1,1.70090728850299,1.20118209094719,0.783055436909401,-1
12,21,1,-1,1.79169447797323,1.30842479770754,0.956401924779713,1
12,22,-1,1,1.70090728850299,1.20118209094719,0.528419923276651,1
12,23,-1,1,1.70090728850299,1.20118209094719,0.642677077754402,1
12,24,-1,1,1.70090728850299,1.20118209094719,0.591904222151212,1
12,25,1,1,1.87979326959641,2.82777064610608,0.532039480789385,1
12,26,-1,1,1.70090728850299,1.20118209094719,1.55224685194584,1
12,27,-1,1,1.70090728850299,1.20118209094719,0.886241662821914,1
12,28,1,1,1.87979326959641,2.82777064610608,0.374863503377055,1
12,29,-1,1,1.70090728850299,1.20118209094719,0.582915348933266,-1
12,30,1,-1,1.79169447797323,1.30842479770754,0.31576173145173,1
12,31,1,1,1.87979326959641,2.82777064610608,0.498670386576946,1
12,32,-1,1,1.70090728850299,1.20118209094719,0.802497479627422,1
12,33,1,1,1.87979326959641,2.82777064610608,0.464486033400785,1
12,34,1,1,1.87979326959641,2.82777064610608,0.401890221077494,1
12,35,1,1,1.87979326959641,2.82777064610608,0.486394883139583,1
12,36,1,1,1.87979326959641,2.82777064610608,0.807168165421404,1
12,37,1,1,1.87979326959641,2.82777064610608,0.539071554035817,1
12,38,-1,1,1.70090728850299,1.20118209094719,0.613314946404462,1
12,39,1,1,1.87979326959641,2.82777064610608,1.04993858631377,1
12,40,-1,1,1.70090728850299,1.20118209094719,1.33562317273178,1
12,41,-1,1,1.70090728850299,1.20118209094719,0.484929223115428,1
12,42,-1,1,1.70090728850299,1.20118209094719,1.46894305042936,1
12,43,1,1,1.87979326959641,2.82777064610608,0.300853640084774,1
12,44,1,1,1.87979326959641,2.82777064610608,0.601281140535691,1
12,45,-1,1,1.70090728850299,1.20118209094719,2.04127428845997,-1
12,46,1,-1,1.79169447797323,1.30842479770754,0.800754667064502,1
12,47,-1,1,1.70090728850299,1.20118209094719,2.34475840858046,1
12,48,1,1,1.87979326959641,2.82777064610608,0.395165956206994,1
12,49,1,1,1.87979326959641,2.82777064610608,0.588832430383683,1
12,50,-1,1,1.70090728850299,1.20118209094719,0.666052260361744,-1
12,51,1,-1,1.79169447797323,1.30842479770754,1.28079248480875,1
12,52,-1,1,1.70090728850299,1.20118209094719,0.369928835075159,1
12,53,1,1,1.87979326959641,2.82777064610608,0.347649615535566,1
12,54,-1,1,1.70090728850299,1.20118209094719,0.811579063019066,1
12,55,1,1,1.87979326959641,2.82777064610608,0.798149473947033,1
12,56,-1,1,1.70090728850299,1.20118209094719,0.61471539260187,1
12,57,-1,1,1.70090728850299,1.20118209094719,0.445927818057491,-1
12,58,1,-1,1.79169447797323,1.30842479770754,0.568337412315986,1
12,59,-1,1,1.70090728850299,1.20118209094719,1.25470373627418,1
12,60,-1,1,1.70090728850299,1.20118209094719,0.723479475476188,1
12,61,-1,1,1.70090728850299,1.20118209094719,0.495129898373367,1
12,62,1,1,1.87979326959641,2.82777064610608,0.484405052060509,1
12,63,-1,1,1.70090728850299,1.20118209094719,0.489158006604251,-1
12,64,1,-1,1.79169447797323,1.30842479770754,0.637211022290713,1
12,65,1,1,1.87979326959641,2.82777064610608,0.987418773731233,1
12,66,-1,1,1.70090728850299,1.20118209094719,1.15547100857399,1
12,67,1,1,1.87979326959641,2.82777064610608,0.365175769292255,1
12,68,-1,1,1.70090728850299,1.20118209094719,0.671776688156883,1
12,69,1,1,1.87979326959641,2.82777064610608,0.592168491850955,1
12,70,1,1,1.87979326959641,2.82777064610608,0.341559625063727,1
12,71,-1,1,1.70090728850299,1.20118209094719,1.24509477141724,1
12,72,1,1,1.87979326959641,2.82777064610608,0.328316582803427,1
12,73,-1,1,1.70090728850299,1.20118209094719,0.374253093714092,1
12,74,1,1,1.87979326959641,2.82777064610608,1.23553502588643,1
12,75,-1,1,1.70090728850299,1.20118209094719,0.596662564754105,1
12,76,-1,1,1.70090728850299,1.20118209094719,0.583252984847139,1
12,77,1,1,1.87979326959641,2.82777064610608,0.617521696325594,1
12,78,1,1,1.87979326959641,2.82777064610608,0.532272406340521,1
12,79,-1,1,1.70090728850299,1.20118209094719,0.919084412681602,1
12,80,1,1,1.87979326959641,2.82777064610608,0.518623713565198,1
12,81,-1,1,1.70090728850299,1.20118209094719,0.668283701052315,1
12,82,1,1,1.87979326959641,2.82777064610608,0.674185380387811,1
12,83,-1,1,1.70090728850299,1.20118209094719,1.05405395766336,1
12,84,1,1,1.87979326959641,2.82777064610608,0.904919698160276,1
12,85,1,1,1.87979326959641,2.82777064610608,0.417211123074755,1
12,86,1,1,1.87979326959641,2.82777064610608,0.720321798136505,1
12,87,1,1,1.87979326959641,2.82777064610608,0.443531149372549,1
12,88,1,1,1.87979326959641,2.82777064610608,0.304731695666149,1
12,89,-1,1,1.70090728850299,1.20118209094719,0.288247793170052,1
12,90,-1,1,1.70090728850299,1.20118209094719,0.583259923933385,1
12,91,-1,1,1.70090728850299,1.20118209094719,1.18125930510454,1
12,92,-1,1,1.70090728850299,1.20118209094719,1.28459913006362,1
12,93,-1,1,1.70090728850299,1.20118209094719,0.863727240915417,1
12,94,1,1,1.87979326959641,2.82777064610608,0.449622538968912,1
12,95,-1,1,1.70090728850299,1.20118209094719,1.68130060844718,1
12,96,-1,1,1.70090728850299,1.20118209094719,1.06642628399727,1
12,97,1,1,1.87979326959641,2.82777064610608,0.449128535452041,1
12,98,-1,1,1.70090728850299,1.20118209094719,0.754897604580384,1
12,99,1,1,1.87979326959641,2.82777064610608,0.406406535146191,1
12,100,1,1,1.87979326959641,2.82777064610608,0.482709837721441,1
12,101,-1,1,1.70090728850299,1.20118209094719,0.452923856728756,1
13,2,-1,1,1.66440127965042,-0.37940204970503,0.661907145214711,1
13,3,-1,1,1.66440127965042,-0.37940204970503,0.46854647828902,-1
13,4,-1,-1,1.58639709488985,0.0173323173351001,1.30638906568407,1
13,5,1,1,1.83944789027754,4.5644250088273,0.34696352835324,1
13,6,-1,1,1.66440127965042,-0.37940204970503,0.817879789895367,-1
13,7,1,-1,1.75323993379196,2.99764472354263,0.357013784253794,1
13,8,-1,1,1.66440127965042,-0.37940204970503,1.49320575108195,-1
13,9,-1,-1,1.58639709488985,0.0173323173351001,1.07570862339229,1
13,10,-1,1,1.66440127965042,-0.37940204970503,0.662809371713319,1
13,11,1,1,1.83944789027754,4.5644250088273,0.629893620732562,1
13,12,1,1,1.83944789027754,4.5644250088273,0.648872862255856,1
13,13,1,1,1.83944789027754,4.5644250088273,0.404055223185477,1
13,14,-1,1,1.66440127965042,-0.37940204970503,1.4068550027057,-1
13,15,1,-1,1.75323993379196,2.99764472354263,0.515740701809778,1
13,16,1,1,1.83944789027754,4.5644250088273,0.354600954544494,1
13,17,-1,1,1.66440127965042,-0.37940204970503,0.938622061846318,-1
13,18,-1,-1,1.58639709488985,0.0173323173351001,0.675509222735563,1
13,19,1,1,1.83944789027754,4.5644250088273,0.372558977428883,1
13,20,-1,1,1.66440127965042,-0.37940204970503,0.796727446758265,-1
13,21,1,-1,1.75323993379196,2.99764472354263,0.350482675080269,1
13,22,-1,1,1.66440127965042,-0.37940204970503,0.587509526684168,-1
13,23,1,-1,1.75323993379196,2.99764472354263,0.709442663882741,1
13,24,-1,1,1.66440127965042,-0.37940204970503,0.754747590459336,-1
13,25,1,-1,1.75323993379196,2.99764472354263,0.465173937677319,1
13,26,1,1,1.83944789027754,4.5644250088273,0.339808512836009,1
13,27,-1,1,1.66440127965042,-0.37940204970503,0.499165726217984,-1
13,28,-1,-1,1.58639709488985,0.0173323173351001,0.541040705835184,1
13,29,1,1,1.83944789027754,4.5644250088273,0.34996733513939,1
13,30,1,1,1.83944789027754,4.5644250088273,0.388020151780933,1
13,31,1,1,1.83944789027754,4.5644250088273,0.419805429348319,1
13,32,-1,1,1.66440127965042,-0.37940204970503,0.970269212718063,-1
13,33,-1,-1,1.58639709488985,0.0173323173351001,0.505099035509971,-1
13,34,-1,-1,1.58639709488985,0.0173323173351001,1.38137562425552,1
13,35,-1,1,1.66440127965042,-0.37940204970503,0.798483152375997,-1
13,36,-1,-1,1.58639709488985,0.0173323173351001,0.39482084485127,1
13,37,1,1,1.83944789027754,4.5644250088273,0.385969957857423,1
13,38,1,1,1.83944789027754,4.5644250088273,0.434204720725873,1
13,39,-1,1,1.66440127965042,-0.37940204970503,0.535817930769496,1
13,40,-1,1,1.66440127965042,-0.37940204970503,0.759861085731488,1
13,41,1,1,1.83944789027754,4.5644250088273,0.319109445317508,1
13,42,-1,1,1.66440127965042,-0.37940204970503,2.30280619667533,1
13,43,-1,1,1.66440127965042,-0.37940204970503,1.19934087473151,-1
13,44,1,-1,1.75323993379196,2.99764472354263,0.532016993796506,1
13,45,-1,1,1.66440127965042,-0.37940204970503,0.700307465161486,1
13,46,1,1,1.83944789027754,4.5644250088273,0.34977856242394,1
13,47,1,1,1.83944789027754,4.5644250088273,0.333135573740647,1
13,48,-1,1,1.66440127965042,-0.37940204970503,1.52392415512259,-1
13,49,-1,-1,1.58639709488985,0.0173323173351001,1.06104052518152,1
13,50,1,1,1.83944789027754,4.5644250088273,0.808997513741769,1
13,51,1,1,1.83944789027754,4.5644250088273,0.482157656973517,1
13,52,1,1,1.83944789027754,4.5644250088273,0.402122077517367,1
13,53,1,1,1.83944789027754,4.5644250088273,0.453344804967663,1
13,54,1,1,1.83944789027754,4.5644250088273,0.404139757954888,1
13,55,-1,1,1.66440127965042,-0.37940204970503,0.664362079334123,-1
13,56,-1,-1,1.58639709488985,0.0173323173351001,1.1018777574548,-1
13,57,-1,-1,1.58639709488985,0.0173323173351001,0.576424255859044,-1
13,58,-1,-1,1.58639709488985,0.0173323173351001,0.469129734436857,1
13,59,1,1,1.83944789027754,4.5644250088273,0.392657492802647,1
13,60,1,1,1.83944789027754,4.5644250088273,0.345825384861462,1
13,61,-1,1,1.66440127965042,-0.37940204970503,0.556382640459216,-1
13,62,1,-1,1.75323993379196,2.99764472354263,1.313421816218,1
13,63,-1,1,1.66440127965042,-0.37940204970503,0.464691166025852,-1
13,64,-1,-1,1.58639709488985,0.0173323173351001,0.550828935492315,-1
13,65,1,-1,1.75323993379196,2.99764472354263,0.491437021335426,1
13,66,1,1,1.83944789027754,4.5644250088273,0.515030509263823,1
13,67,1,1,1.83944789027754,4.5644250088273,0.363835789364322,1
13,68,1,1,1.83944789027754,4.5644250088273,0.521099834794924,1
13,69,-1,1,1.66440127965042,-0.37940204970503,0.58138037318474,-1
13,70,-1,-1,1.58639709488985,0.0173323173351001,1.07265547373745,1
13,71,-1,1,1.66440127965042,-0.37940204970503,0.626947781927922,-1
13,72,1,-1,1.75323993379196,2.99764472354263,0.292254479451959,1
13,73,-1,1,1.66440127965042,-0.37940204970503,1.68547467146182,1
13,74,-1,1,1.66440127965042,-0.37940204970503,0.8438154955445,-1
13,75,-1,-1,1.58639709488985,0.0173323173351001,0.639976825681973,-1
13,76,1,-1,1.75323993379196,2.99764472354263,0.430377343431126,1
13,77,1,1,1.83944789027754,4.5644250088273,0.373271251134799,1
13,78,1,1,1.83944789027754,4.5644250088273,0.473496455020655,1
13,79,1,1,1.83944789027754,4.5644250088273,0.473773072353116,1
13,80,-1,1,1.66440127965042,-0.37940204970503,0.829888103037145,-1
13,81,-1,-1,1.58639709488985,0.0173323173351001,1.6969610050609,1
13,82,1,1,1.83944789027754,4.5644250088273,0.474274384685559,1
13,83,1,1,1.83944789027754,4.5644250088273,0.485854365975067,1
13,84,1,1,1.83944789027754,4.5644250088273,0.472905431563506,1
13,85,1,1,1.83944789027754,4.5644250088273,0.668427440171172,1
13,86,1,1,1.83944789027754,4.5644250088273,0.539262517243509,1
13,87,-1,1,1.66440127965042,-0.37940204970503,1.16384129652101,-1
13,88,1,-1,1.75323993379196,2.99764472354263,0.366828591821813,1
13,89,-1,1,1.66440127965042,-0.37940204970503,0.495049790893192,-1
13,90,1,-1,1.75323993379196,2.99764472354263,0.899148407244008,1
13,91,1,1,1.83944789027754,4.5644250088273,0.459236749147137,1
13,92,-1,1,1.66440127965042,-0.37940204970503,0.657069184507514,1
13,93,1,1,1.83944789027754,4.5644250088273,0.338707119617938,1
13,94,-1,1,1.66440127965042,-0.37940204970503,0.97558004890106,-1
13,95,-1,-1,1.58639709488985,0.0173323173351001,0.543529021526355,1
13,96,-1,1,1.66440127965042,-0.37940204970503,0.726624485628971,1
13,97,1,1,1.83944789027754,4.5644250088273,0.983197687042196,1
13,98,-1,1,1.66440127965042,-0.37940204970503,0.782413705276086,-1
13,99,-1,-1,1.58639709488985,0.0173323173351001,1.12140960688945,1
13,100,1,1,1.83944789027754,4.5644250088273,0.401554728281,1
13,101,1,1,1.83944789027754,4.5644250088273,0.38235716373204,1
14,2,-1,1,1.4528337464432,0.395047684036612,0.814411989960932,1
14,3,1,1,1.60562960536792,3.33888677816612,0.634418325865149,1
14,4,-1,1,1.4528337464432,0.395047684036612,0.773798027504504,1
14,5,-1,1,1.4528337464432,0.395047684036612,0.381386579984654,1
14,6,1,1,1.60562960536792,3.33888677816612,0.329489328605339,1
14,7,-1,1,1.4528337464432,0.395047684036612,1.52784432647254,1
14,8,1,1,1.60562960536792,3.33888677816612,0.559924444839063,1
14,9,-1,1,1.4528337464432,0.395047684036612,0.464482653437204,1
14,10,-1,1,1.4528337464432,0.395047684036612,0.737440776117422,1
14,11,1,1,1.60562960536792,3.33888677816612,0.320230866174052,1
14,12,1,1,1.60562960536792,3.33888677816612,0.438679060204423,1
14,13,1,1,1.60562960536792,3.33888677816612,0.307485723501501,1
14,14,-1,1,1.4528337464432,0.395047684036612,0.583461507143343,1
14,15,1,1,1.60562960536792,3.33888677816612,0.445534436603984,1
14,16,1,1,1.60562960536792,3.33888677816612,0.406240522350026,1
14,17,-1,1,1.4528337464432,0.395047684036612,0.315390628681789,1
14,18,-1,1,1.4528337464432,0.395047684036612,1.25865819181541,1
14,19,1,1,1.60562960536792,3.33888677816612,0.31466387134578,1
14,20,-1,1,1.4528337464432,0.395047684036612,0.610535024061136,-1
14,21,1,-1,1.53037982640808,1.96033459171637,0.608051013430772,1
14,22,-1,1,1.4528337464432,0.395047684036612,0.509778913677595,-1
14,23,1,-1,1.53037982640808,1.96033459171637,0.398967226656952,1
14,24,1,1,1.60562960536792,3.33888677816612,0.443172651679066,1
14,25,-1,1,1.4528337464432,0.395047684036612,0.512449711997656,1
14,26,1,1,1.60562960536792,3.33888677816612,0.47483341105803,1
14,27,1,1,1.60562960536792,3.33888677816612,0.523621515332179,1
14,28,1,1,1.60562960536792,3.33888677816612,0.460824934587122,1
14,29,1,1,1.60562960536792,3.33888677816612,0.363519796646011,1
14,30,1,1,1.60562960536792,3.33888677816612,0.621089725362615,1
14,31,-1,1,1.4528337464432,0.395047684036612,0.569400713688559,1
14,32,-1,1,1.4528337464432,0.395047684036612,0.337134769737773,1
14,33,-1,1,1.4528337464432,0.395047684036612,0.45034305052354,-1
14,34,1,-1,1.53037982640808,1.96033459171637,0.380509954568158,-1
14,35,1,-1,1.53037982640808,1.96033459171637,0.592128605733219,1
14,36,-1,1,1.4528337464432,0.395047684036612,0.474711439258214,-1
14,37,1,-1,1.53037982640808,1.96033459171637,0.307279651603242,1
14,38,-1,1,1.4528337464432,0.395047684036612,0.682941711656308,-1
14,39,1,-1,1.53037982640808,1.96033459171637,1.06701479637947,1
14,40,1,1,1.60562960536792,3.33888677816612,0.449943411717976,1
14,41,1,1,1.60562960536792,3.33888677816612,0.396132413421352,1
14,42,-1,1,1.4528337464432,0.395047684036612,0.422095808060512,1
14,43,1,1,1.60562960536792,3.33888677816612,0.346868204628646,1
14,44,-1,1,1.4528337464432,0.395047684036612,0.535505292811762,1
14,45,1,1,1.60562960536792,3.33888677816612,0.496747023831134,1
14,46,-1,1,1.4528337464432,0.395047684036612,0.449570811333367,1
14,47,-1,1,1.4528337464432,0.395047684036612,0.603237179551415,1
14,48,1,1,1.60562960536792,3.33888677816612,0.321409936752617,1
14,49,1,1,1.60562960536792,3.33888677816612,0.328893631552092,1
14,50,1,1,1.60562960536792,3.33888677816612,0.556745134468646,1
14,51,-1,1,1.4528337464432,0.395047684036612,0.788628004773792,1
14,52,-1,1,1.4528337464432,0.395047684036612,0.908020152724723,-1
14,53,1,-1,1.53037982640808,1.96033459171637,0.401656692597054,1
14,54,-1,1,1.4528337464432,0.395047684036612,0.383568431831882,1
14,55,1,1,1.60562960536792,3.33888677816612,0.501707761214976,1
14,56,-1,1,1.4528337464432,0.395047684036612,0.544596298660664,1
14,57,1,1,1.60562960536792,3.33888677816612,0.614766277072022,1
14,58,-1,1,1.4528337464432,0.395047684036612,0.493040490415037,1
14,59,-1,1,1.4528337464432,0.395047684036612,0.766100301647954,1
14,60,-1,1,1.4528337464432,0.395047684036612,3.26167393113623,1
14,61,1,1,1.60562960536792,3.33888677816612,0.430848640260569,1
14,62,1,1,1.60562960536792,3.33888677816612,1.00491966690921,1
14,63,-1,1,1.4528337464432,0.395047684036612,0.38740713383236,1
14,64,-1,1,1.4528337464432,0.395047684036612,0.558250934094972,-1
14,65,-1,-1,1.38474493074141,1.50573094608089,1.08725262606848,1
14,66,1,1,1.60562960536792,3.33888677816612,0.370665362660495,1
14,67,-1,1,1.4528337464432,0.395047684036612,0.962670740003458,-1
14,68,-1,-1,1.38474493074141,1.50573094608089,0.35333749955531,1
14,69,1,1,1.60562960536792,3.33888677816612,0.573606200361623,1
14,70,-1,1,1.4528337464432,0.395047684036612,1.58930688136346,1
14,71,-1,1,1.4528337464432,0.395047684036612,0.443456603794,1
14,72,-1,1,1.4528337464432,0.395047684036612,2.23895097435,1
14,73,-1,1,1.4528337464432,0.395047684036612,0.854186318992316,1
14,74,1,1,1.60562960536792,3.33888677816612,0.463693703605224,1
14,75,1,1,1.60562960536792,3.33888677816612,0.389282447874783,1
14,76,-1,1,1.4528337464432,0.395047684036612,0.360108922360222,1
14,77,-1,1,1.4528337464432,0.395047684036612,0.423286062706226,1
14,78,-1,1,1.4528337464432,0.395047684036612,0.748835200593774,1
14,79,-1,1,1.4528337464432,0.395047684036612,0.346523468474315,1
14,80,-1,1,1.4528337464432,0.395047684036612,0.629403961558123,-1
14,81,1,-1,1.53037982640808,1.96033459171637,0.446325696277664,1
14,82,-1,1,1.4528337464432,0.395047684036612,0.878836032422525,1
14,83,1,1,1.60562960536792,3.33888677816612,0.394984473923293,1
14,84,1,1,1.60562960536792,3.33888677816612,0.405625311702824,1
14,85,-1,1,1.4528337464432,0.395047684036612,1.06288731574263,1
14,86,-1,1,1.4528337464432,0.395047684036612,0.964970439707859,1
14,87,1,1,1.60562960536792,3.33888677816612,0.858896964533033,1
14,88,1,1,1.60562960536792,3.33888677816612,0.457143869608935,1
14,89,1,1,1.60562960536792,3.33888677816612,0.577384713426694,1
14,90,-1,1,1.4528337464432,0.395047684036612,1.09853591873612,-1
14,91,-1,-1,1.38474493074141,1.50573094608089,0.255360128611941,1
14,92,-1,1,1.4528337464432,0.395047684036612,0.926454843822538,-1
14,93,1,-1,1.53037982640808,1.96033459171637,0.363571812461131,1
14,94,1,1,1.60562960536792,3.33888677816612,0.578063880633027,1
14,95,-1,1,1.4528337464432,0.395047684036612,0.30991510568402,1
14,96,1,1,1.60562960536792,3.33888677816612,0.34105402128584,1
14,97,1,1,1.60562960536792,3.33888677816612,0.382383862349489,1
14,98,1,1,1.60562960536792,3.33888677816612,0.338599447212485,1
14,99,-1,1,1.4528337464432,0.395047684036612,1.35791626615918,1
14,100,1,1,1.60562960536792,3.33888677816612,0.396849249692245,1
14,101,1,1,1.60562960536792,3.33888677816612,0.318511163321735,1
15,2,1,1,1.86071485911194,3.01482457845572,0.505005913425342,1
15,3,-1,1,1.68364442881999,1.83953906550934,0.604715962556793,1
15,4,-1,1,1.68364442881999,1.83953906550934,0.303245982155558,-1
15,5,-1,-1,1.60473839053314,0.920031547745959,1.1577497176896,1
15,6,1,1,1.86071485911194,3.01482457845572,0.737344715186141,1
15,7,1,1,1.86071485911194,3.01482457845572,0.260761596421204,1
15,8,-1,1,1.68364442881999,1.83953906550934,0.648825482324549,1
15,9,1,1,1.86071485911194,3.01482457845572,0.76160911722532,1
15,10,1,1,1.86071485911194,3.01482457845572,0.292705347567123,1
15,11,1,1,1.86071485911194,3.01482457845572,0.27517141871689,1
15,12,1,1,1.86071485911194,3.01482457845572,0.250243143953632,1
15,13,-1,1,1.68364442881999,1.83953906550934,0.696006719752972,1
15,14,-1,1,1.68364442881999,1.83953906550934,0.346950182954463,-1
15,15,-1,-1,1.60473839053314,0.920031547745959,0.765911032281958,-1
15,16,1,-1,1.77351020033675,1.42560480828898,0.284816560430164,1
15,17,-1,1,1.68364442881999,1.83953906550934,0.596274732479552,1
15,18,1,1,1.86071485911194,3.01482457845572,0.316835582934919,1
15,19,-1,1,1.68364442881999,1.83953906550934,0.444829336861393,1
15,20,-1,1,1.68364442881999,1.83953906550934,0.723154104210435,-1
15,21,1,-1,1.77351020033675,1.42560480828898,0.262226634602641,1
15,22,-1,1,1.68364442881999,1.83953906550934,1.10496770148355,1
15,23,1,1,1.86071485911194,3.01482457845572,0.370820945185049,1
15,24,1,1,1.86071485911194,3.01482457845572,0.564605067366184,1
15,25,1,1,1.86071485911194,3.01482457845572,1.15241006351561,1
15,26,1,1,1.86071485911194,3.01482457845572,0.50476974895218,1
15,27,-1,1,1.68364442881999,1.83953906550934,0.909559322584614,1
15,28,-1,1,1.68364442881999,1.83953906550934,1.12116212710253,1
15,29,-1,1,1.68364442881999,1.83953906550934,1.7502089515782,1
15,30,1,1,1.86071485911194,3.01482457845572,0.359180094837391,1
15,31,-1,1,1.68364442881999,1.83953906550934,0.654058906588865,1
15,32,1,1,1.86071485911194,3.01482457845572,0.400266336877466,1
15,33,-1,1,1.68364442881999,1.83953906550934,0.718698453294337,1
15,34,1,1,1.86071485911194,3.01482457845572,0.451875791489202,1
15,35,1,1,1.86071485911194,3.01482457845572,1.07406439437204,1
15,36,-1,1,1.68364442881999,1.83953906550934,0.64930300481171,1
15,37,-1,1,1.68364442881999,1.83953906550934,0.364914847695122,1
15,38,-1,1,1.68364442881999,1.83953906550934,0.68495774084503,1
15,39,-1,1,1.68364442881999,1.83953906550934,0.344926107189556,1
15,40,1,1,1.86071485911194,3.01482457845572,0.35436443914694,1
15,41,-1,1,1.68364442881999,1.83953906550934,0.495400986137303,1
15,42,-1,1,1.68364442881999,1.83953906550934,0.339225921725074,1
15,43,-1,1,1.68364442881999,1.83953906550934,0.453794621401892,1
15,44,1,1,1.86071485911194,3.01482457845572,0.342236999862885,1
15,45,-1,1,1.68364442881999,1.83953906550934,0.70798613681259,1
15,46,1,1,1.86071485911194,3.01482457845572,0.472051079685394,1
15,47,1,1,1.86071485911194,3.01482457845572,0.493807390028856,1
15,48,-1,1,1.68364442881999,1.83953906550934,0.295906554745435,1
15,49,1,1,1.86071485911194,3.01482457845572,0.306568674836344,1
15,50,-1,1,1.68364442881999,1.83953906550934,0.260855795628517,1
15,51,1,1,1.86071485911194,3.01482457845572,0.727836856112522,1
15,52,-1,1,1.68364442881999,1.83953906550934,0.328774955024077,1
15,53,-1,1,1.68364442881999,1.83953906550934,0.344153171188606,1
15,54,-1,1,1.68364442881999,1.83953906550934,0.588720074722899,1
15,55,1,1,1.86071485911194,3.01482457845572,0.443670432097763,1
15,56,-1,1,1.68364442881999,1.83953906550934,0.377066466516642,-1
15,57,1,-1,1.77351020033675,1.42560480828898,0.511908481898708,1
15,58,1,1,1.86071485911194,3.01482457845572,0.267804262545689,1
15,59,1,1,1.86071485911194,3.01482457845572,0.283816618121745,1
15,60,-1,1,1.68364442881999,1.83953906550934,0.563172555951636,1
15,61,-1,1,1.68364442881999,1.83953906550934,0.457298474584049,1
15,62,-1,1,1.68364442881999,1.83953906550934,0.325109015663306,1
15,63,-1,1,1.68364442881999,1.83953906550934,0.527030793936668,1
15,64,1,1,1.86071485911194,3.01482457845572,0.365357586536457,1
15,65,-1,1,1.68364442881999,1.83953906550934,0.518049405310083,1
15,66,1,1,1.86071485911194,3.01482457845572,0.364299922905483,1
15,67,-1,1,1.68364442881999,1.83953906550934,0.699687961411787,1
15,68,-1,1,1.68364442881999,1.83953906550934,0.805082670076359,1
15,69,1,1,1.86071485911194,3.01482457845572,0.407637434925287,1
15,70,1,1,1.86071485911194,3.01482457845572,0.301394324629243,1
15,71,-1,1,1.68364442881999,1.83953906550934,0.477357118331131,1
15,72,-1,1,1.68364442881999,1.83953906550934,0.438555375414821,1
15,73,-1,1,1.68364442881999,1.83953906550934,0.30980089344767,1
15,74,-1,1,1.68364442881999,1.83953906550934,0.649202378296359,1
15,75,1,1,1.86071485911194,3.01482457845572,0.321876496022981,1
15,76,1,1,1.86071485911194,3.01482457845572,0.599354724480037,1
15,77,-1,1,1.68364442881999,1.83953906550934,0.262153334790574,1
15,78,-1,1,1.68364442881999,1.83953906550934,1.09344157627373,1
15,79,1,1,1.86071485911194,3.01482457845572,0.406149450974912,1
15,80,1,1,1.86071485911194,3.01482457845572,0.544989640671696,1
15,81,1,1,1.86071485911194,3.01482457845572,0.298728285668877,1
15,82,1,1,1.86071485911194,3.01482457845572,0.357972186813769,1
15,83,1,1,1.86071485911194,3.01482457845572,0.29105317636883,1
15,84,-1,1,1.68364442881999,1.83953906550934,0.253708368311516,1
15,85,-1,1,1.68364442881999,1.83953906550934,0.337493687240111,1
15,86,-1,1,1.68364442881999,1.83953906550934,0.858168070948072,1
15,87,1,1,1.86071485911194,3.01482457845572,0.256369662816437,1
15,88,-1,1,1.68364442881999,1.83953906550934,0.451499777107764,1
15,89,-1,1,1.68364442881999,1.83953906550934,0.266696950970747,1
15,90,1,1,1.86071485911194,3.01482457845572,0.636313274205997,1
15,91,1,1,1.86071485911194,3.01482457845572,0.339863452129932,1
15,92,1,1,1.86071485911194,3.01482457845572,0.293824598696795,1
15,93,1,1,1.86071485911194,3.01482457845572,0.498388803073724,1
15,94,1,1,1.86071485911194,3.01482457845572,0.347721829215023,1
15,95,-1,1,1.68364442881999,1.83953906550934,0.35012233899281,1
15,96,1,1,1.86071485911194,3.01482457845572,0.915781497241956,1
15,97,1,1,1.86071485911194,3.01482457845572,0.356788962379547,1
15,98,1,1,1.86071485911194,3.01482457845572,0.339698814443079,1
15,99,-1,1,1.68364442881999,1.83953906550934,0.369566771162745,1
15,100,1,1,1.86071485911194,3.01482457845572,0.446635699556865,1
15,101,1,1,1.86071485911194,3.01482457845572,1.95685486397629,1
16,2,1,1,1.85439016085776,2.48477455895143,0.450770098064614,1
16,3,-1,1,1.67792160518182,2.55017184078901,0.417478551836346,1
16,4,1,1,1.85439016085776,2.48477455895143,0.315691954447229,1
16,5,-1,1,1.67792160518182,2.55017184078901,0.371190386653295,1
16,6,-1,1,1.67792160518182,2.55017184078901,0.414184672938436,1
16,7,1,1,1.85439016085776,2.48477455895143,0.361887181865652,1
16,8,1,1,1.85439016085776,2.48477455895143,0.599663489755712,1
16,9,1,1,1.85439016085776,2.48477455895143,0.308531037480135,1
16,10,1,1,1.85439016085776,2.48477455895143,0.858671875210253,1
16,11,1,1,1.85439016085776,2.48477455895143,0.405928965157895,1
16,12,-1,1,1.67792160518182,2.55017184078901,0.63599334806067,1
16,13,-1,1,1.67792160518182,2.55017184078901,0.316014397462098,1
16,14,1,1,1.85439016085776,2.48477455895143,0.608535853962944,1
16,15,1,1,1.85439016085776,2.48477455895143,0.321901514348791,1
16,16,1,1,1.85439016085776,2.48477455895143,0.575777046940107,1
16,17,1,1,1.85439016085776,2.48477455895143,0.438334460620436,1
16,18,-1,1,1.67792160518182,2.55017184078901,0.333415827587511,1
16,19,1,1,1.85439016085776,2.48477455895143,0.412166163547733,1
16,20,1,1,1.85439016085776,2.48477455895143,0.491072975353688,1
16,21,-1,1,1.67792160518182,2.55017184078901,0.370017151108599,1
16,22,1,1,1.85439016085776,2.48477455895143,0.396313934130455,1
16,23,1,1,1.85439016085776,2.48477455895143,0.404443859839313,1
16,24,1,1,1.85439016085776,2.48477455895143,0.442981432366533,1
16,25,1,1,1.85439016085776,2.48477455895143,0.662700679762007,1
16,26,1,1,1.85439016085776,2.48477455895143,0.824102138846483,1
16,27,-1,1,1.67792160518182,2.55017184078901,0.802324190765043,1
16,28,1,1,1.85439016085776,2.48477455895143,0.405460028027849,1
16,29,-1,1,1.67792160518182,2.55017184078901,0.435240910182463,1
16,30,-1,1,1.67792160518182,2.55017184078901,0.426968650310794,1
16,31,-1,1,1.67792160518182,2.55017184078901,0.607267036084833,1
16,32,-1,1,1.67792160518182,2.55017184078901,0.494776718179218,1
16,33,-1,1,1.67792160518182,2.55017184078901,0.784150844781925,1
16,34,-1,1,1.67792160518182,2.55017184078901,0.297019456852234,1
16,35,1,1,1.85439016085776,2.48477455895143,0.576800389013208,1
16,36,-1,1,1.67792160518182,2.55017184078901,0.456993797394278,1
16,37,1,1,1.85439016085776,2.48477455895143,0.603353574966257,1
16,38,-1,1,1.67792160518182,2.55017184078901,0.33144538077274,1
16,39,1,1,1.85439016085776,2.48477455895143,0.653783470047961,1
16,40,-1,1,1.67792160518182,2.55017184078901,0.538240448541218,1
16,41,1,1,1.85439016085776,2.48477455895143,1.24377066815655,1
16,42,-1,1,1.67792160518182,2.55017184078901,0.283776778752183,1
16,43,-1,1,1.67792160518182,2.55017184078901,0.610612950874654,1
16,44,1,1,1.85439016085776,2.48477455895143,0.384482679455263,1
16,45,1,1,1.85439016085776,2.48477455895143,0.97049744173505,1
16,46,1,1,1.85439016085776,2.48477455895143,0.682894127972028,1
16,47,1,1,1.85439016085776,2.48477455895143,0.691042729596445,1
16,48,-1,1,1.67792160518182,2.55017184078901,0.37700655656538,1
16,49,1,1,1.85439016085776,2.48477455895143,0.338392404616828,1
16,50,-1,1,1.67792160518182,2.55017184078901,0.49055003311928,1
16,51,1,1,1.85439016085776,2.48477455895143,0.735254609388966,1
16,52,-1,1,1.67792160518182,2.55017184078901,0.451383095986844,1
16,53,-1,1,1.67792160518182,2.55017184078901,0.474470933813598,1
16,54,-1,1,1.67792160518182,2.55017184078901,0.654392916447685,1
16,55,-1,1,1.67792160518182,2.55017184078901,0.42648888864925,1
16,56,-1,1,1.67792160518182,2.55017184078901,0.441788832515631,1
16,57,-1,1,1.67792160518182,2.55017184078901,0.543587521795722,1
16,58,1,1,1.85439016085776,2.48477455895143,0.427881394465143,1
16,59,1,1,1.85439016085776,2.48477455895143,0.623726881628259,1
16,60,1,1,1.85439016085776,2.48477455895143,0.581311726862452,1
16,61,1,1,1.85439016085776,2.48477455895143,0.627213908591065,1
16,62,1,1,1.85439016085776,2.48477455895143,0.450675764358284,1
16,63,-1,1,1.67792160518182,2.55017184078901,0.820280378199827,1
16,64,-1,1,1.67792160518182,2.55017184078901,0.430766056325992,1
16,65,1,1,1.85439016085776,2.48477455895143,0.721398694032353,1
16,66,1,1,1.85439016085776,2.48477455895143,0.989050369998832,1
16,67,1,1,1.85439016085776,2.48477455895143,0.602710436535503,1
16,68,1,1,1.85439016085776,2.48477455895143,0.453990164153046,1
16,69,-1,1,1.67792160518182,2.55017184078901,0.423278172258612,1
16,70,1,1,1.85439016085776,2.48477455895143,0.412057277273841,1
16,71,-1,1,1.67792160518182,2.55017184078901,0.584495178898726,1
16,72,1,1,1.85439016085776,2.48477455895143,1.37582662326222,1
16,73,-1,1,1.67792160518182,2.55017184078901,0.559410378862498,1
16,74,1,1,1.85439016085776,2.48477455895143,0.453836751848156,1
16,75,1,1,1.85439016085776,2.48477455895143,0.300599990687627,1
16,76,-1,1,1.67792160518182,2.55017184078901,0.68881207456877,1
16,77,-1,1,1.67792160518182,2.55017184078901,0.359763010093896,1
16,78,-1,1,1.67792160518182,2.55017184078901,0.76498541198238,1
16,79,-1,1,1.67792160518182,2.55017184078901,0.703135422052566,1
16,80,1,1,1.85439016085776,2.48477455895143,0.573067804319636,1
16,81,1,1,1.85439016085776,2.48477455895143,0.998780622293293,1
16,82,1,1,1.85439016085776,2.48477455895143,0.696641947643104,1
16,83,-1,1,1.67792160518182,2.55017184078901,0.299441180080249,1
16,84,-1,1,1.67792160518182,2.55017184078901,0.650811568084608,1
16,85,1,1,1.85439016085776,2.48477455895143,0.51410494287672,1
16,86,-1,1,1.67792160518182,2.55017184078901,1.08017136965484,1
16,87,-1,1,1.67792160518182,2.55017184078901,0.405039956707381,1
16,88,-1,1,1.67792160518182,2.55017184078901,0.670274861095672,1
16,89,1,1,1.85439016085776,2.48477455895143,0.468372207697552,1
16,90,1,1,1.85439016085776,2.48477455895143,0.446938967062493,1
16,91,-1,1,1.67792160518182,2.55017184078901,0.490234547430633,1
16,92,-1,1,1.67792160518182,2.55017184078901,0.609059473793562,1
16,93,-1,1,1.67792160518182,2.55017184078901,0.391853400572708,1
16,94,-1,1,1.67792160518182,2.55017184078901,0.365164193238334,1
16,95,-1,1,1.67792160518182,2.55017184078901,0.518451722659241,1
16,96,1,1,1.85439016085776,2.48477455895143,0.576401539709529,1
16,97,1,1,1.85439016085776,2.48477455895143,0.467263616356235,1
16,98,-1,1,1.67792160518182,2.55017184078901,0.930061198526151,1
16,99,-1,1,1.67792160518182,2.55017184078901,0.993613707232185,1
16,100,-1,1,1.67792160518182,2.55017184078901,0.305741868606594,1
16,101,-1,1,1.67792160518182,2.55017184078901,0.448606375718964,1
17,2,1,1,1.90199952948061,3.12139732807326,0.744682777092073,1
17,3,1,1,1.90199952948061,3.12139732807326,0.530249344933427,1
17,4,1,1,1.90199952948061,3.12139732807326,1.02335567214349,1
17,5,1,1,1.90199952948061,3.12139732807326,0.365084161737927,1
17,6,-1,1,1.72100034336085,1.63224602358489,0.57731289683691,-1
17,7,1,-1,1.81286001455349,1.60528658857629,0.39415426978036,1
17,8,1,1,1.90199952948061,3.12139732807326,0.660221881381107,1
17,9,1,1,1.90199952948061,3.12139732807326,0.712949564884786,1
17,10,-1,1,1.72100034336085,1.63224602358489,0.243859915289949,1
17,11,1,1,1.90199952948061,3.12139732807326,0.420045861712083,1
17,12,1,1,1.90199952948061,3.12139732807326,0.50757354484739,1
17,13,1,1,1.90199952948061,3.12139732807326,0.41967426521505,1
17,14,1,1,1.90199952948061,3.12139732807326,0.742012778614977,1
17,15,1,1,1.90199952948061,3.12139732807326,1.06566602655095,1
17,16,-1,1,1.72100034336085,1.63224602358489,0.847779313409204,1
17,17,1,1,1.90199952948061,3.12139732807326,0.413673757415823,1
17,18,-1,1,1.72100034336085,1.63224602358489,0.83176785782118,1
17,19,-1,1,1.72100034336085,1.63224602358489,0.484991526420224,1
17,20,1,1,1.90199952948061,3.12139732807326,0.458811725854172,1
17,21,1,1,1.90199952948061,3.12139732807326,0.604510728142755,1
17,22,1,1,1.90199952948061,3.12139732807326,0.303560247551769,1
17,23,-1,1,1.72100034336085,1.63224602358489,0.491410194485769,1
17,24,-1,1,1.72100034336085,1.63224602358489,0.471895912884535,1
17,25,-1,1,1.72100034336085,1.63224602358489,0.748994462009264,1
17,26,1,1,1.90199952948061,3.12139732807326,0.827912658664789,1
17,27,1,1,1.90199952948061,3.12139732807326,0.541378839871319,1
17,28,-1,1,1.72100034336085,1.63224602358489,0.759203803012033,1
17,29,1,1,1.90199952948061,3.12139732807326,0.391209998312418,1
17,30,-1,1,1.72100034336085,1.63224602358489,0.222472823503727,1
17,31,1,1,1.90199952948061,3.12139732807326,0.934836904480579,1
17,32,1,1,1.90199952948061,3.12139732807326,0.40457185200903,1
17,33,-1,1,1.72100034336085,1.63224602358489,0.926841108864837,1
17,34,-1,1,1.72100034336085,1.63224602358489,0.665679474511843,1
17,35,1,1,1.90199952948061,3.12139732807326,0.29107429646496,1
17,36,1,1,1.90199952948061,3.12139732807326,0.52500129111179,1
17,37,-1,1,1.72100034336085,1.63224602358489,0.560236903930751,1
17,38,1,1,1.90199952948061,3.12139732807326,0.641361332724993,1
17,39,-1,1,1.72100034336085,1.63224602358489,0.466897506381686,1
17,40,-1,1,1.72100034336085,1.63224602358489,0.43965070455301,1
17,41,1,1,1.90199952948061,3.12139732807326,0.400981600198642,1
17,42,-1,1,1.72100034336085,1.63224602358489,0.206049077440477,1
17,43,-1,1,1.72100034336085,1.63224602358489,0.33453483579165,1
17,44,-1,1,1.72100034336085,1.63224602358489,0.874456323316763,1
17,45,-1,1,1.72100034336085,1.63224602358489,0.354368590560955,1
17,46,1,1,1.90199952948061,3.12139732807326,0.605958477996137,1
17,47,-1,1,1.72100034336085,1.63224602358489,0.888678762619987,1
17,48,1,1,1.90199952948061,3.12139732807326,0.268880238568216,1
17,49,-1,1,1.72100034336085,1.63224602358489,0.85126030395129,-1
17,50,-1,-1,1.64034357482921,0.84107005976556,0.730199696072866,-1
17,51,1,-1,1.81286001455349,1.60528658857629,0.461015223395837,1
17,52,-1,1,1.72100034336085,1.63224602358489,0.381371975434282,1
17,53,-1,1,1.72100034336085,1.63224602358489,0.635496379143926,1
17,54,-1,1,1.72100034336085,1.63224602358489,0.725702074832556,1
17,55,-1,1,1.72100034336085,1.63224602358489,0.476588687760613,1
17,56,-1,1,1.72100034336085,1.63224602358489,0.410987103611984,1
17,57,1,1,1.90199952948061,3.12139732807326,0.318477884904943,1
17,58,-1,1,1.72100034336085,1.63224602358489,1.14679532847356,1
17,59,-1,1,1.72100034336085,1.63224602358489,0.336666210853681,1
17,60,1,1,1.90199952948061,3.12139732807326,0.278294676825943,1
17,61,-1,1,1.72100034336085,1.63224602358489,0.393279872318733,1
17,62,-1,1,1.72100034336085,1.63224602358489,1.15052920845026,1
17,63,1,1,1.90199952948061,3.12139732807326,0.340155942627048,1
17,64,1,1,1.90199952948061,3.12139732807326,0.375413254220925,1
17,65,1,1,1.90199952948061,3.12139732807326,0.308153386449606,1
17,66,-1,1,1.72100034336085,1.63224602358489,0.362016809323496,-1
17,67,-1,-1,1.64034357482921,0.84107005976556,0.349413244309588,-1
17,68,-1,-1,1.64034357482921,0.84107005976556,0.476729295081513,1
17,69,-1,1,1.72100034336085,1.63224602358489,0.579905656667575,1
17,70,1,1,1.90199952948061,3.12139732807326,0.858611537483812,1
17,71,-1,1,1.72100034336085,1.63224602358489,0.513386946853168,1
17,72,-1,1,1.72100034336085,1.63224602358489,0.45788694959782,1
17,73,1,1,1.90199952948061,3.12139732807326,0.398681548891443,1
17,74,1,1,1.90199952948061,3.12139732807326,0.698167796428861,1
17,75,-1,1,1.72100034336085,1.63224602358489,2.41038587144499,1
17,76,-1,1,1.72100034336085,1.63224602358489,0.315777148012639,1
17,77,-1,1,1.72100034336085,1.63224602358489,0.431049704297988,1
17,78,-1,1,1.72100034336085,1.63224602358489,0.314694831915423,1
17,79,-1,1,1.72100034336085,1.63224602358489,0.202631680834231,1
17,80,-1,1,1.72100034336085,1.63224602358489,0.329361475005053,1
17,81,1,1,1.90199952948061,3.12139732807326,0.398884081592968,1
17,82,1,1,1.90199952948061,3.12139732807326,0.400899071298819,1
17,83,-1,1,1.72100034336085,1.63224602358489,0.522298508708536,1
17,84,1,1,1.90199952948061,3.12139732807326,0.280276558871167,1
17,85,1,1,1.90199952948061,3.12139732807326,0.262901808994141,1
17,86,1,1,1.90199952948061,3.12139732807326,0.50194964758783,1
17,87,1,1,1.90199952948061,3.12139732807326,0.500940698755325,1
17,88,-1,1,1.72100034336085,1.63224602358489,0.290429722422199,1
17,89,1,1,1.90199952948061,3.12139732807326,0.385965156309462,1
17,90,1,1,1.90199952948061,3.12139732807326,0.473212896647223,1
17,91,1,1,1.90199952948061,3.12139732807326,0.444915823162978,1
17,92,-1,1,1.72100034336085,1.63224602358489,0.381081147052138,1
17,93,-1,1,1.72100034336085,1.63224602358489,0.538964156700292,1
17,94,-1,1,1.72100034336085,1.63224602358489,0.292999367613451,1
17,95,1,1,1.90199952948061,3.12139732807326,0.365257771533003,1
17,96,-1,1,1.72100034336085,1.63224602358489,0.238359999225926,1
17,97,-1,1,1.72100034336085,1.63224602358489,0.671008575820221,1
17,98,1,1,1.90199952948061,3.12139732807326,0.369284965364075,1
17,99,1,1,1.90199952948061,3.12139732807326,0.868673529635781,1
17,100,1,1,1.90199952948061,3.12139732807326,0.356315461957564,1
17,101,1,1,1.90199952948061,3.12139732807326,0.380409562994695,1
18,2,1,1,2.15608829493297,3.32703409571829,0.431031803685623,1
18,3,1,1,2.15608829493297,3.32703409571829,0.444166286953498,1
18,4,-1,1,1.9509093658447,0.127941315967382,3.26923689950485,1
18,5,-1,1,1.9509093658447,0.127941315967382,0.901740688383496,1
18,6,-1,1,1.9509093658447,0.127941315967382,0.461530236130569,1
18,7,1,1,2.15608829493297,3.32703409571829,0.57512018808919,1
18,8,1,1,2.15608829493297,3.32703409571829,1.19800035946599,1
18,9,-1,1,1.9509093658447,0.127941315967382,1.50607238061547,-1
18,10,-1,-1,1.85947763211253,1.83893422033823,2.17705730832252,-1
18,11,-1,-1,1.85947763211253,1.83893422033823,0.626527001496522,1
18,12,-1,1,1.9509093658447,0.127941315967382,0.673829509900266,-1
18,13,1,-1,2.05504060182294,1.9060903679761,1.07844399680032,1
18,14,-1,1,1.9509093658447,0.127941315967382,1.38112012258598,-1
18,15,1,-1,2.05504060182294,1.9060903679761,0.807915623771312,1
18,16,-1,1,1.9509093658447,0.127941315967382,0.629972024869592,1
18,17,1,1,2.15608829493297,3.32703409571829,0.762510530048809,1
18,18,1,1,2.15608829493297,3.32703409571829,0.406545989500817,1
18,19,1,1,2.15608829493297,3.32703409571829,0.563353070549513,1
18,20,-1,1,1.9509093658447,0.127941315967382,0.452389078900929,1
18,21,1,1,2.15608829493297,3.32703409571829,0.396676577855774,1
18,22,1,1,2.15608829493297,3.32703409571829,0.67275416221714,1
18,23,1,1,2.15608829493297,3.32703409571829,0.342707268576104,1
18,24,1,1,2.15608829493297,3.32703409571829,0.575022450751855,1
18,25,1,1,2.15608829493297,3.32703409571829,0.793498065778248,1
18,26,1,1,2.15608829493297,3.32703409571829,0.402556633298975,1
18,27,-1,1,1.9509093658447,0.127941315967382,0.50232359499653,1
18,28,1,1,2.15608829493297,3.32703409571829,0.511310411190948,1
18,29,-1,1,1.9509093658447,0.127941315967382,0.494314357754052,-1
18,30,-1,-1,1.85947763211253,1.83893422033823,0.505354101425409,1
18,31,-1,1,1.9509093658447,0.127941315967382,0.906270837766123,-1
18,32,-1,-1,1.85947763211253,1.83893422033823,0.552958986039445,1
18,33,1,1,2.15608829493297,3.32703409571829,0.543928381831367,1
18,34,-1,1,1.9509093658447,0.127941315967382,1.00752805888433,1
18,35,-1,1,1.9509093658447,0.127941315967382,0.406817479238486,-1
18,36,-1,-1,1.85947763211253,1.83893422033823,0.524289419529967,1
18,37,1,1,2.15608829493297,3.32703409571829,0.671865874418191,1
18,38,1,1,2.15608829493297,3.32703409571829,0.512290860395286,1
18,39,1,1,2.15608829493297,3.32703409571829,0.445097982634448,1
18,40,-1,1,1.9509093658447,0.127941315967382,0.749735942105581,1
18,41,1,1,2.15608829493297,3.32703409571829,0.343029629770404,1
18,42,-1,1,1.9509093658447,0.127941315967382,1.66253472775558,-1
18,43,1,-1,2.05504060182294,1.9060903679761,0.684182572011598,1
18,44,-1,1,1.9509093658447,0.127941315967382,1.26134623008843,-1
18,45,1,-1,2.05504060182294,1.9060903679761,0.647508879267121,1
18,46,1,1,2.15608829493297,3.32703409571829,0.539446936404228,1
18,47,1,1,2.15608829493297,3.32703409571829,0.338572906195801,1
18,48,-1,1,1.9509093658447,0.127941315967382,0.304223623486883,-1
18,49,-1,-1,1.85947763211253,1.83893422033823,0.453899763173232,1
18,50,1,1,2.15608829493297,3.32703409571829,0.309823555391778,1
18,51,-1,1,1.9509093658447,0.127941315967382,1.38041752955533,-1
18,52,-1,-1,1.85947763211253,1.83893422033823,1.04307000607583,1
18,53,1,1,2.15608829493297,3.32703409571829,0.858371720607508,1
18,54,1,1,2.15608829493297,3.32703409571829,0.33974083817978,1
18,55,1,1,2.15608829493297,3.32703409571829,0.511573333228283,1
18,56,-1,1,1.9509093658447,0.127941315967382,1.86207088406503,-1
18,57,-1,-1,1.85947763211253,1.83893422033823,0.779642135614919,1
18,58,1,1,2.15608829493297,3.32703409571829,0.852275492976157,1
18,59,1,1,2.15608829493297,3.32703409571829,0.317902524501174,1
18,60,-1,1,1.9509093658447,0.127941315967382,0.91617425072753,-1
18,61,1,-1,2.05504060182294,1.9060903679761,0.946820001479613,1
18,62,-1,1,1.9509093658447,0.127941315967382,0.754449984626827,-1
18,63,-1,-1,1.85947763211253,1.83893422033823,0.445504202281542,1
18,64,1,1,2.15608829493297,3.32703409571829,0.746743183968754,1
18,65,-1,1,1.9509093658447,0.127941315967382,0.531740159404305,-1
18,66,1,-1,2.05504060182294,1.9060903679761,0.964029318079976,1
18,67,1,1,2.15608829493297,3.32703409571829,0.417925162237685,1
18,68,-1,1,1.9509093658447,0.127941315967382,1.76984222523653,1
18,69,-1,1,1.9509093658447,0.127941315967382,0.828483961241014,1
18,70,1,1,2.15608829493297,3.32703409571829,0.743403985694356,1
18,71,-1,1,1.9509093658447,0.127941315967382,0.493453045760391,1
18,72,1,1,2.15608829493297,3.32703409571829,0.404918159895242,1
18,73,-1,1,1.9509093658447,0.127941315967382,0.7590220674158,1
18,74,-1,1,1.9509093658447,0.127941315967382,0.511473669314303,1
18,75,1,1,2.15608829493297,3.32703409571829,0.306178160830907,1
18,76,1,1,2.15608829493297,3.32703409571829,0.373518540982696,1
18,77,-1,1,1.9509093658447,0.127941315967382,0.702484846442869,-1
18,78,1,-1,2.05504060182294,1.9060903679761,1.19428909252644,1
18,79,-1,1,1.9509093658447,0.127941315967382,0.670307148593893,1
18,80,1,1,2.15608829493297,3.32703409571829,0.480923239272558,1
18,81,-1,1,1.9509093658447,0.127941315967382,0.537738636582133,1
18,82,-1,1,1.9509093658447,0.127941315967382,0.337642387877575,1
18,83,-1,1,1.9509093658447,0.127941315967382,1.04977485147251,-1
18,84,-1,-1,1.85947763211253,1.83893422033823,0.383075371517694,1
18,85,-1,1,1.9509093658447,0.127941315967382,0.597813364947237,1
18,86,-1,1,1.9509093658447,0.127941315967382,1.2714924150888,-1
18,87,1,-1,2.05504060182294,1.9060903679761,0.443747304095102,1
18,88,-1,1,1.9509093658447,0.127941315967382,0.421452734413349,1
18,89,1,1,2.15608829493297,3.32703409571829,0.491169577767188,1
18,90,1,1,2.15608829493297,3.32703409571829,0.525340191554986,1
18,91,1,1,2.15608829493297,3.32703409571829,0.471235307745491,1
18,92,-1,1,1.9509093658447,0.127941315967382,1.40682807663232,-1
18,93,1,-1,2.05504060182294,1.9060903679761,0.602778326901417,1
18,94,-1,1,1.9509093658447,0.127941315967382,0.333980454182215,1
18,95,-1,1,1.9509093658447,0.127941315967382,1.14624672777567,1
18,96,1,1,2.15608829493297,3.32703409571829,0.937685317977827,1
18,97,-1,1,1.9509093658447,0.127941315967382,0.897594349717514,1
18,98,1,1,2.15608829493297,3.32703409571829,0.458265797009706,1
18,99,-1,1,1.9509093658447,0.127941315967382,1.29743497791171,1
18,100,1,1,2.15608829493297,3.32703409571829,0.568732514382809,1
18,101,1,1,2.15608829493297,3.32703409571829,0.435374064411473,1
19,2,-1,1,1.67120550588004,1.05961863349998,0.952666800538113,1
19,3,-1,1,1.67120550588004,1.05961863349998,0.683002370115432,1
19,4,-1,1,1.67120550588004,1.05961863349998,0.575729491208837,1
19,5,1,1,1.84696772322652,3.16482909886825,0.44041643227027,1
19,6,-1,1,1.67120550588004,1.05961863349998,1.02274638098386,1
19,7,1,1,1.84696772322652,3.16482909886825,0.490198555116904,1
19,8,1,1,1.84696772322652,3.16482909886825,0.484103083716418,1
19,9,-1,1,1.67120550588004,1.05961863349998,0.954969574475976,1
19,10,1,1,1.84696772322652,3.16482909886825,0.335584265574999,1
19,11,1,1,1.84696772322652,3.16482909886825,0.789355898484318,1
19,12,1,1,1.84696772322652,3.16482909886825,0.335978769661219,1
19,13,1,1,1.84696772322652,3.16482909886825,0.683185996382473,1
19,14,1,1,1.84696772322652,3.16482909886825,0.341800672192666,1
19,15,-1,1,1.67120550588004,1.05961863349998,0.668785613377271,1
19,16,-1,1,1.67120550588004,1.05961863349998,1.03988574749307,1
19,17,-1,1,1.67120550588004,1.05961863349998,0.687450550709475,1
19,18,-1,1,1.67120550588004,1.05961863349998,0.790999673424078,1
19,19,1,1,1.84696772322652,3.16482909886825,0.697521459886463,1
19,20,1,1,1.84696772322652,3.16482909886825,0.403512717410733,1
19,21,1,1,1.84696772322652,3.16482909886825,0.525994739563252,1
19,22,-1,1,1.67120550588004,1.05961863349998,0.655947167166492,1
19,23,1,1,1.84696772322652,3.16482909886825,0.358254034049242,1
19,24,1,1,1.84696772322652,3.16482909886825,0.428542570190111,1
19,25,1,1,1.84696772322652,3.16482909886825,0.391314766528981,1
19,26,-1,1,1.67120550588004,1.05961863349998,0.633505646472915,1
19,27,-1,1,1.67120550588004,1.05961863349998,0.679168996681617,1
19,28,-1,1,1.67120550588004,1.05961863349998,0.418271118625018,1
19,29,1,1,1.84696772322652,3.16482909886825,0.352778498387304,1
19,30,1,1,1.84696772322652,3.16482909886825,0.368112501280826,1
19,31,1,1,1.84696772322652,3.16482909886825,1.94968883078289,1
19,32,-1,1,1.67120550588004,1.05961863349998,0.346794587318767,1
19,33,1,1,1.84696772322652,3.16482909886825,0.43784065840675,1
19,34,1,1,1.84696772322652,3.16482909886825,0.414991448818729,1
19,35,1,1,1.84696772322652,3.16482909886825,0.52969727813979,1
19,36,1,1,1.84696772322652,3.16482909886825,0.330412042233212,1
19,37,1,1,1.84696772322652,3.16482909886825,0.413612278814029,1
19,38,1,1,1.84696772322652,3.16482909886825,0.309014660861649,1
19,39,-1,1,1.67120550588004,1.05961863349998,0.864913123535826,1
19,40,1,1,1.84696772322652,3.16482909886825,0.553826387341023,1
19,41,1,1,1.84696772322652,3.16482909886825,0.421978298019515,1
19,42,-1,1,1.67120550588004,1.05961863349998,0.480961059385977,-1
19,43,-1,-1,1.59288243280422,0.690029557676422,1.71494545737994,1
19,44,1,1,1.84696772322652,3.16482909886825,0.406173676763487,1
19,45,1,1,1.84696772322652,3.16482909886825,0.418643575098937,1
19,46,1,1,1.84696772322652,3.16482909886825,0.753931727027274,1
19,47,-1,1,1.67120550588004,1.05961863349998,0.343542905407835,1
19,48,-1,1,1.67120550588004,1.05961863349998,0.912699898624662,1
19,49,1,1,1.84696772322652,3.16482909886825,0.388847481701453,1
19,50,1,1,1.84696772322652,3.16482909886825,0.873977198984835,1
19,51,-1,1,1.67120550588004,1.05961863349998,2.18219582397823,1
19,52,1,1,1.84696772322652,3.16482909886825,0.34086430261557,1
19,53,-1,1,1.67120550588004,1.05961863349998,0.384229560113191,1
19,54,-1,1,1.67120550588004,1.05961863349998,0.982552756138195,1
19,55,1,1,1.84696772322652,3.16482909886825,0.47756959010734,1
19,56,-1,1,1.67120550588004,1.05961863349998,1.70169544985941,-1
19,57,-1,-1,1.59288243280422,0.690029557676422,1.42513583853656,-1
19,58,1,-1,1.76040734064881,2.28552270995535,0.426606770017786,1
19,59,-1,1,1.67120550588004,1.05961863349998,0.82373959370858,1
19,60,-1,1,1.67120550588004,1.05961863349998,0.889582771597817,1
19,61,1,1,1.84696772322652,3.16482909886825,0.406067326487168,1
19,62,-1,1,1.67120550588004,1.05961863349998,0.336408425385111,1
19,63,-1,1,1.67120550588004,1.05961863349998,0.530612514151476,1
19,64,1,1,1.84696772322652,3.16482909886825,1.42934483933173,1
19,65,-1,1,1.67120550588004,1.05961863349998,1.50469608912083,1
19,66,1,1,1.84696772322652,3.16482909886825,0.313799024056947,1
19,67,1,1,1.84696772322652,3.16482909886825,0.375357519637222,1
19,68,-1,1,1.67120550588004,1.05961863349998,0.944616706413445,1
19,69,-1,1,1.67120550588004,1.05961863349998,0.435834250954847,-1
19,70,-1,-1,1.59288243280422,0.690029557676422,1.85012201900099,1
19,71,-1,1,1.67120550588004,1.05961863349998,0.529182112277503,1
19,72,1,1,1.84696772322652,3.16482909886825,0.369454575191048,1
19,73,-1,1,1.67120550588004,1.05961863349998,1.17987962829204,1
19,74,1,1,1.84696772322652,3.16482909886825,0.421976821578615,1
19,75,1,1,1.84696772322652,3.16482909886825,0.415777187636317,1
19,76,-1,1,1.67120550588004,1.05961863349998,0.5484641043958,-1
19,77,1,-1,1.76040734064881,2.28552270995535,0.503974159825265,1
19,78,1,1,1.84696772322652,3.16482909886825,1.1,1
19,79,1,1,1.84696772322652,3.16482909886825,0.606362980065901,1
19,80,-1,1,1.67120550588004,1.05961863349998,0.328349481151923,1
19,81,-1,1,1.67120550588004,1.05961863349998,0.477821548344855,-1
19,82,-1,-1,1.59288243280422,0.690029557676422,1.97119222469269,1
19,83,-1,1,1.67120550588004,1.05961863349998,0.761348260971682,1
19,84,-1,1,1.67120550588004,1.05961863349998,0.45250064321252,1
19,85,-1,1,1.67120550588004,1.05961863349998,0.470341786340196,1
19,86,-1,1,1.67120550588004,1.05961863349998,0.383837573526758,1
19,87,-1,1,1.67120550588004,1.05961863349998,1.40129144516719,1
19,88,-1,1,1.67120550588004,1.05961863349998,0.525773165879218,1
19,89,1,1,1.84696772322652,3.16482909886825,0.326773710907185,1
19,90,1,1,1.84696772322652,3.16482909886825,0.492038695098106,1
19,91,-1,1,1.67120550588004,1.05961863349998,1.26473405330603,1
19,92,-1,1,1.67120550588004,1.05961863349998,0.51955682900335,1
19,93,-1,1,1.67120550588004,1.05961863349998,1.3082622012039,1
19,94,1,1,1.84696772322652,3.16482909886825,0.581899860919238,1
19,95,-1,1,1.67120550588004,1.05961863349998,1.36516998896841,-1
19,96,1,-1,1.76040734064881,2.28552270995535,0.391831206646549,1
19,97,1,1,1.84696772322652,3.16482909886825,0.554077621403031,1
19,98,-1,1,1.67120550588004,1.05961863349998,2.6942371168247,1
19,99,1,1,1.84696772322652,3.16482909886825,0.7438064547957,1
19,100,1,1,1.84696772322652,3.16482909886825,0.546626876846985,1
19,101,-1,1,1.67120550588004,1.05961863349998,0.417237032358498,-1
20,2,-1,1,2.22348213738201,1.56271962276861,1.1398911093498,1
20,3,1,1,2.45732779509528,3.60314420990533,0.407694002870696,1
20,4,-1,1,2.22348213738201,1.56271962276861,0.82747890317961,1
20,5,-1,1,2.22348213738201,1.56271962276861,0.46717585644547,1
20,6,-1,1,2.22348213738201,1.56271962276861,0.580059214933399,1
20,7,1,1,2.45732779509528,3.60314420990533,0.439563059880862,1
20,8,1,1,2.45732779509528,3.60314420990533,0.338113147858852,1
20,9,-1,1,2.22348213738201,1.56271962276861,0.508584768153427,1
20,10,-1,1,2.22348213738201,1.56271962276861,0.690544348376686,1
20,11,-1,1,2.22348213738201,1.56271962276861,0.546073153281933,1
20,12,-1,1,2.22348213738201,1.56271962276861,0.60874436342897,1
20,13,-1,1,2.22348213738201,1.56271962276861,0.355950814730336,1
20,14,1,1,2.45732779509528,3.60314420990533,0.996772237047164,1
20,15,1,1,2.45732779509528,3.60314420990533,0.648732364481614,1
20,16,-1,1,2.22348213738201,1.56271962276861,0.961530382990181,1
20,17,-1,1,2.22348213738201,1.56271962276861,0.656560342477808,1
20,18,-1,1,2.22348213738201,1.56271962276861,0.343644567502196,1
20,19,-1,1,2.22348213738201,1.56271962276861,0.788983199086967,1
20,20,-1,1,2.22348213738201,1.56271962276861,0.866618817132356,1
20,21,1,1,2.45732779509528,3.60314420990533,0.386199905845636,1
20,22,1,1,2.45732779509528,3.60314420990533,0.374083119812379,1
20,23,-1,1,2.22348213738201,1.56271962276861,0.687047255786519,1
20,24,-1,1,2.22348213738201,1.56271962276861,0.538677184659237,1
20,25,1,1,2.45732779509528,3.60314420990533,1.0579998572837,1
20,26,1,1,2.45732779509528,3.60314420990533,0.555028123910458,1
20,27,1,1,2.45732779509528,3.60314420990533,0.565750831517154,1
20,28,1,1,2.45732779509528,3.60314420990533,0.564372908793501,1
20,29,1,1,2.45732779509528,3.60314420990533,0.43554966798533,1
20,30,-1,1,2.22348213738201,1.56271962276861,1.5007915733403,1
20,31,-1,1,2.22348213738201,1.56271962276861,0.402258976585567,1
20,32,1,1,2.45732779509528,3.60314420990533,0.57460570808501,1
20,33,-1,1,2.22348213738201,1.56271962276861,0.452923976514726,1
20,34,-1,1,2.22348213738201,1.56271962276861,1.07095622688387,1
20,35,-1,1,2.22348213738201,1.56271962276861,0.427210123302375,1
20,36,1,1,2.45732779509528,3.60314420990533,0.436454137335299,1
20,37,-1,1,2.22348213738201,1.56271962276861,0.797171071869063,-1
20,38,-1,-1,2.1192759501021,1.55512512379589,0.800365221515989,1
20,39,1,1,2.45732779509528,3.60314420990533,0.550910595472013,1
20,40,-1,1,2.22348213738201,1.56271962276861,1.39700036141319,1
20,41,-1,1,2.22348213738201,1.56271962276861,0.483787107241958,1
20,42,1,1,2.45732779509528,3.60314420990533,0.431600523278461,1
20,43,-1,1,2.22348213738201,1.56271962276861,0.556866883107548,1
20,44,1,1,2.45732779509528,3.60314420990533,0.404868976334315,1
20,45,1,1,2.45732779509528,3.60314420990533,0.503726320927301,1
20,46,1,1,2.45732779509528,3.60314420990533,0.378598866586472,1
20,47,1,1,2.45732779509528,3.60314420990533,0.38786246179297,1
20,48,-1,1,2.22348213738201,1.56271962276861,0.945857280195616,1
20,49,1,1,2.45732779509528,3.60314420990533,0.650636250933895,1
20,50,-1,1,2.22348213738201,1.56271962276861,0.990280248585754,1
20,51,1,1,2.45732779509528,3.60314420990533,0.430210923134633,1
20,52,-1,1,2.22348213738201,1.56271962276861,0.70954310168905,1
20,53,1,1,2.45732779509528,3.60314420990533,0.588726264502687,1
20,54,-1,1,2.22348213738201,1.56271962276861,1.90395363497518,1
20,55,1,1,2.45732779509528,3.60314420990533,0.523058295763474,1
20,56,1,1,2.45732779509528,3.60314420990533,0.528317274647025,1
20,57,1,1,2.45732779509528,3.60314420990533,0.676657331930885,1
20,58,1,1,2.45732779509528,3.60314420990533,0.822089849865189,1
20,59,-1,1,2.22348213738201,1.56271962276861,1.09605005516651,1
20,60,1,1,2.45732779509528,3.60314420990533,0.299883423673896,1
20,61,1,1,2.45732779509528,3.60314420990533,0.693606669960242,1
20,62,1,1,2.45732779509528,3.60314420990533,0.631414506370166,1
20,63,-1,1,2.22348213738201,1.56271962276861,0.999882840242348,-1
20,64,1,-1,2.34216214742998,0.479011043530167,1.43826080671281,-1
20,65,-1,-1,2.1192759501021,1.55512512379589,0.864223899723674,1
20,66,-1,1,2.22348213738201,1.56271962276861,0.467084353014607,1
20,67,1,1,2.45732779509528,3.60314420990533,0.473899856297798,1
20,68,1,1,2.45732779509528,3.60314420990533,0.579019572981048,1
20,69,-1,1,2.22348213738201,1.56271962276861,0.586405267692273,1
20,70,-1,1,2.22348213738201,1.56271962276861,0.506742628880104,-1
20,71,1,-1,2.34216214742998,0.479011043530167,0.771832948342073,1
20,72,-1,1,2.22348213738201,1.56271962276861,2.09997935345276,1
20,73,-1,1,2.22348213738201,1.56271962276861,0.859287979748034,1
20,74,1,1,2.45732779509528,3.60314420990533,0.425188229744218,1
20,75,1,1,2.45732779509528,3.60314420990533,0.318934117035707,1
20,76,1,1,2.45732779509528,3.60314420990533,1.05906472486297,1
20,77,1,1,2.45732779509528,3.60314420990533,0.64178540031838,1
20,78,1,1,2.45732779509528,3.60314420990533,0.646103691760114,1
20,79,-1,1,2.22348213738201,1.56271962276861,0.399736365363693,1
20,80,1,1,2.45732779509528,3.60314420990533,0.59983900762296,1
20,81,1,1,2.45732779509528,3.60314420990533,0.390634417775268,1
20,82,-1,1,2.22348213738201,1.56271962276861,2.98775377207252,-1
20,83,-1,-1,2.1192759501021,1.55512512379589,0.659278425000364,1
20,84,1,1,2.45732779509528,3.60314420990533,0.362057674921383,1
20,85,-1,1,2.22348213738201,1.56271962276861,0.394501707780117,1
20,86,1,1,2.45732779509528,3.60314420990533,0.447859272678552,1
20,87,1,1,2.45732779509528,3.60314420990533,0.541559529473816,1
20,88,-1,1,2.22348213738201,1.56271962276861,0.891791153141513,1
20,89,1,1,2.45732779509528,3.60314420990533,0.358188469849848,1
20,90,-1,1,2.22348213738201,1.56271962276861,0.860292455453439,1
20,91,1,1,2.45732779509528,3.60314420990533,0.526436095888003,1
20,92,-1,1,2.22348213738201,1.56271962276861,1.48821708783365,1
20,93,-1,1,2.22348213738201,1.56271962276861,1.2216332874179,1
20,94,1,1,2.45732779509528,3.60314420990533,0.559343136709382,1
20,95,-1,1,2.22348213738201,1.56271962276861,1.42283263761855,1
20,96,-1,1,2.22348213738201,1.56271962276861,2.21391609575189,1
20,97,1,1,2.45732779509528,3.60314420990533,0.430401262624821,1
20,98,1,1,2.45732779509528,3.60314420990533,0.675433326923056,1
20,99,-1,1,2.22348213738201,1.56271962276861,1.79974946831523,1
20,100,-1,1,2.22348213738201,1.56271962276861,0.65364813068826,1
20,101,1,1,2.45732779509528,3.60314420990533,0.591844188987192,1
21,2,1,-1,1.47212522174515,1.49849117326932,1.01963016655493,1
21,3,1,1,1.54451058361804,2.67931315085268,0.573550498376978,-1
21,4,1,-1,1.47212522174515,1.49849117326932,0.932031943124161,1
21,5,1,1,1.54451058361804,2.67931315085268,0.434453849764864,1
21,6,-1,1,1.39753096861016,1.97707531263473,0.397685108946686,1
21,7,-1,1,1.39753096861016,1.97707531263473,0.339332953094336,1
21,8,-1,1,1.39753096861016,1.97707531263473,0.642633809218842,1
21,9,-1,1,1.39753096861016,1.97707531263473,0.578273107670113,1
21,10,1,1,1.54451058361804,2.67931315085268,0.578486771140076,1
21,11,1,1,1.54451058361804,2.67931315085268,0.393083828410498,1
21,12,-1,1,1.39753096861016,1.97707531263473,0.89871462527542,1
21,13,-1,1,1.39753096861016,1.97707531263473,0.353215241484545,1
21,14,-1,1,1.39753096861016,1.97707531263473,0.616330640595328,1
21,15,1,1,1.54451058361804,2.67931315085268,0.457975238175788,1
21,16,-1,1,1.39753096861016,1.97707531263473,0.350134513467684,1
21,17,1,1,1.54451058361804,2.67931315085268,0.50085780943063,1
21,18,1,1,1.54451058361804,2.67931315085268,0.513119425180275,1
21,19,-1,1,1.39753096861016,1.97707531263473,0.602772748972255,1
21,20,1,1,1.54451058361804,2.67931315085268,0.445168381894054,1
21,21,-1,1,1.39753096861016,1.97707531263473,0.845161996726688,1
21,22,1,1,1.54451058361804,2.67931315085268,0.419006183358346,1
21,23,1,1,1.54451058361804,2.67931315085268,0.400391364645707,1
21,24,-1,1,1.39753096861016,1.97707531263473,0.331565293428412,1
21,25,-1,1,1.39753096861016,1.97707531263473,0.44877714824964,1
21,26,1,1,1.54451058361804,2.67931315085268,0.443130298014138,1
21,27,1,1,1.54451058361804,2.67931315085268,0.398099004812166,1
21,28,-1,1,1.39753096861016,1.97707531263473,0.512479317700431,-1
21,29,-1,-1,1.3320339846695,1.04512036324327,0.7665955259911,-1
21,30,1,-1,1.47212522174515,1.49849117326932,0.713698476210273,1
21,31,-1,1,1.39753096861016,1.97707531263473,1.70237585706352,1
21,32,1,1,1.54451058361804,2.67931315085268,0.939538080737412,1
21,33,1,1,1.54451058361804,2.67931315085268,0.445532747369831,1
21,34,-1,1,1.39753096861016,1.97707531263473,0.655379808301875,1
21,35,-1,1,1.39753096861016,1.97707531263473,0.777667108714255,1
21,36,1,1,1.54451058361804,2.67931315085268,0.665141749816129,1
21,37,1,1,1.54451058361804,2.67931315085268,0.449547596762652,1
21,38,-1,1,1.39753096861016,1.97707531263473,0.478942650503309,1
21,39,1,1,1.54451058361804,2.67931315085268,0.428875562946802,1
21,40,-1,1,1.39753096861016,1.97707531263473,0.687722786911652,1
21,41,1,1,1.54451058361804,2.67931315085268,0.503763346799,1
21,42,1,1,1.54451058361804,2.67931315085268,0.397365904845024,1
21,43,-1,1,1.39753096861016,1.97707531263473,1.31196957142916,1
21,44,1,1,1.54451058361804,2.67931315085268,0.578517283634372,1
21,45,1,1,1.54451058361804,2.67931315085268,0.437542480930332,1
21,46,1,1,1.54451058361804,2.67931315085268,0.790024052339322,1
21,47,1,1,1.54451058361804,2.67931315085268,0.344011840351419,-1
21,48,-1,-1,1.3320339846695,1.04512036324327,0.375422019624662,1
21,49,1,1,1.54451058361804,2.67931315085268,0.498988741407969,1
21,50,1,1,1.54451058361804,2.67931315085268,0.569728400821354,1
21,51,-1,1,1.39753096861016,1.97707531263473,0.697502277288037,1
21,52,-1,1,1.39753096861016,1.97707531263473,0.40537524987738,1
21,53,1,1,1.54451058361804,2.67931315085268,0.514695693580363,1
21,54,1,1,1.54451058361804,2.67931315085268,0.551766787671505,1
21,55,-1,1,1.39753096861016,1.97707531263473,0.268632916625273,1
21,56,-1,1,1.39753096861016,1.97707531263473,0.437125481496869,1
21,57,-1,1,1.39753096861016,1.97707531263473,0.675176404295982,-1
21,58,1,-1,1.47212522174515,1.49849117326932,0.943520646786275,1
21,59,1,1,1.54451058361804,2.67931315085268,0.384083985987195,1
21,60,1,1,1.54451058361804,2.67931315085268,0.670022370398315,1
21,61,-1,1,1.39753096861016,1.97707531263473,0.601703151098189,1
21,62,1,1,1.54451058361804,2.67931315085268,0.37620869872667,1
21,63,-1,1,1.39753096861016,1.97707531263473,0.607275249425191,1
21,64,-1,1,1.39753096861016,1.97707531263473,0.502836432648592,1
21,65,-1,1,1.39753096861016,1.97707531263473,0.489654809136804,1
21,66,-1,1,1.39753096861016,1.97707531263473,0.463471548372368,1
21,67,-1,1,1.39753096861016,1.97707531263473,0.440491945698749,1
21,68,1,1,1.54451058361804,2.67931315085268,0.49553174466024,1
21,69,1,1,1.54451058361804,2.67931315085268,0.41916472565887,1
21,70,-1,1,1.39753096861016,1.97707531263473,0.466194229288079,1
21,71,-1,1,1.39753096861016,1.97707531263473,0.791029224122542,1
21,72,-1,1,1.39753096861016,1.97707531263473,0.916478825548102,1
21,73,-1,1,1.39753096861016,1.97707531263473,0.350373508446617,1
21,74,-1,1,1.39753096861016,1.97707531263473,0.608195345594926,1
21,75,1,1,1.54451058361804,2.67931315085268,0.705480625464395,1
21,76,-1,1,1.39753096861016,1.97707531263473,0.647239640105836,1
21,77,-1,1,1.39753096861016,1.97707531263473,0.313595533439481,1
21,78,-1,1,1.39753096861016,1.97707531263473,0.347906431748197,1
21,79,-1,1,1.39753096861016,1.97707531263473,0.340889549581478,1
21,80,-1,1,1.39753096861016,1.97707531263473,0.377731853798291,-1
21,81,1,-1,1.47212522174515,1.49849117326932,0.447830695375402,1
21,82,1,1,1.54451058361804,2.67931315085268,0.553372414543935,1
21,83,-1,1,1.39753096861016,1.97707531263473,0.419845574066531,1
21,84,1,1,1.54451058361804,2.67931315085268,0.612683008727336,1
21,85,-1,1,1.39753096861016,1.97707531263473,0.666475051631754,1
21,86,1,1,1.54451058361804,2.67931315085268,0.424695140833151,1
21,87,-1,1,1.39753096861016,1.97707531263473,0.572553834211417,1
21,88,1,1,1.54451058361804,2.67931315085268,0.652793369982701,1
21,89,-1,1,1.39753096861016,1.97707531263473,0.378272968109979,1
21,90,1,1,1.54451058361804,2.67931315085268,0.342360454938846,1
21,91,1,1,1.54451058361804,2.67931315085268,0.570847202735637,1
21,92,1,1,1.54451058361804,2.67931315085268,0.582777231758092,1
21,93,-1,1,1.39753096861016,1.97707531263473,0.510603612001344,1
21,94,1,1,1.54451058361804,2.67931315085268,0.494666501783236,1
21,95,1,1,1.54451058361804,2.67931315085268,0.359545524385493,1
21,96,1,1,1.54451058361804,2.67931315085268,0.53853491784245,1
21,97,1,1,1.54451058361804,2.67931315085268,0.364003594896942,1
21,98,-1,1,1.39753096861016,1.97707531263473,0.969543733724758,1
21,99,-1,1,1.39753096861016,1.97707531263473,0.566642343351377,1
21,100,-1,1,1.39753096861016,1.97707531263473,0.495056349618811,-1
21,101,1,-1,1.47212522174515,1.49849117326932,0.423315063230979,1
22,2,1,1,2.28387356797499,2.85950407198415,0.469174717766068,1
22,3,-1,1,2.06653426236707,1.24364101732389,0.880268465039585,1
22,4,1,1,2.28387356797499,2.85950407198415,0.460036195838579,1
22,5,1,1,2.28387356797499,2.85950407198415,0.953587241660259,1
22,6,-1,1,2.06653426236707,1.24364101732389,0.705732269017599,1
22,7,1,1,2.28387356797499,2.85950407198415,1.18273381520859,1
22,8,1,1,2.28387356797499,2.85950407198415,0.302012643562479,1
22,9,1,1,2.28387356797499,2.85950407198415,0.483880165024164,1
22,10,-1,1,2.06653426236707,1.24364101732389,0.438832979761545,-1
22,11,1,-1,2.17683706305022,1.70996696532602,0.790828048855048,1
22,12,1,1,2.28387356797499,2.85950407198415,0.696859957559371,1
22,13,-1,1,2.06653426236707,1.24364101732389,1.34604626654439,1
22,14,1,1,2.28387356797499,2.85950407198415,0.567563065978675,1
22,15,-1,1,2.06653426236707,1.24364101732389,0.525043013472808,1
22,16,-1,1,2.06653426236707,1.24364101732389,0.447405316620665,1
22,17,1,1,2.28387356797499,2.85950407198415,0.658578574131041,1
22,18,-1,1,2.06653426236707,1.24364101732389,0.368935016863916,1
22,19,-1,1,2.06653426236707,1.24364101732389,0.773065990428264,1
22,20,-1,1,2.06653426236707,1.24364101732389,0.837519644371667,1
22,21,-1,1,2.06653426236707,1.24364101732389,0.950879657764225,1
22,22,-1,1,2.06653426236707,1.24364101732389,0.424126739703729,1
22,23,-1,1,2.06653426236707,1.24364101732389,0.886098652667521,1
22,24,-1,1,2.06653426236707,1.24364101732389,0.855377506249461,1
22,25,1,1,2.28387356797499,2.85950407198415,0.610187783615249,1
22,26,-1,1,2.06653426236707,1.24364101732389,0.520490338379335,1
22,27,1,1,2.28387356797499,2.85950407198415,0.798499843588574,1
22,28,1,1,2.28387356797499,2.85950407198415,1.18932760290616,1
22,29,-1,1,2.06653426236707,1.24364101732389,0.582929971686269,1
22,30,1,1,2.28387356797499,2.85950407198415,0.752518605075222,1
22,31,1,1,2.28387356797499,2.85950407198415,0.535019553477632,1
22,32,-1,1,2.06653426236707,1.24364101732389,0.341435048757262,1
22,33,-1,1,2.06653426236707,1.24364101732389,0.744163414180377,1
22,34,1,1,2.28387356797499,2.85950407198415,0.583184506883863,1
22,35,1,1,2.28387356797499,2.85950407198415,0.474080503492216,1
22,36,-1,1,2.06653426236707,1.24364101732389,0.64630695150263,1
22,37,-1,1,2.06653426236707,1.24364101732389,1.9364636177239,1
22,38,-1,1,2.06653426236707,1.24364101732389,0.545699689662322,1
22,39,1,1,2.28387356797499,2.85950407198415,0.311446681342766,1
22,40,1,1,2.28387356797499,2.85950407198415,0.59281155167931,1
22,41,-1,1,2.06653426236707,1.24364101732389,1.20528902674271,-1
22,42,1,-1,2.17683706305022,1.70996696532602,0.700626666409772,1
22,43,1,1,2.28387356797499,2.85950407198415,0.755068630753138,1
22,44,-1,1,2.06653426236707,1.24364101732389,0.755623502371601,1
22,45,-1,1,2.06653426236707,1.24364101732389,1.26283655347625,1
22,46,1,1,2.28387356797499,2.85950407198415,0.59016733315686,1
22,47,-1,1,2.06653426236707,1.24364101732389,1.02376059661269,1
22,48,-1,1,2.06653426236707,1.24364101732389,0.644705485696375,-1
22,49,-1,-1,1.96968362761534,1.38688794536594,0.594383659609478,1
22,50,-1,1,2.06653426236707,1.24364101732389,1.12017722092364,1
22,51,-1,1,2.06653426236707,1.24364101732389,0.412542377080091,1
22,52,1,1,2.28387356797499,2.85950407198415,0.476311749823655,1
22,53,1,1,2.28387356797499,2.85950407198415,0.319826912402413,1
22,54,1,1,2.28387356797499,2.85950407198415,0.660999373069869,1
22,55,-1,1,2.06653426236707,1.24364101732389,0.493714919199914,1
22,56,1,1,2.28387356797499,2.85950407198415,0.412010832672612,1
22,57,-1,1,2.06653426236707,1.24364101732389,1.2559578703543,1
22,58,1,1,2.28387356797499,2.85950407198415,0.450156783872083,1
22,59,-1,1,2.06653426236707,1.24364101732389,1.35644564915052,1
22,60,1,1,2.28387356797499,2.85950407198415,0.883964751858656,1
22,61,-1,1,2.06653426236707,1.24364101732389,0.707653557613071,1
22,62,-1,1,2.06653426236707,1.24364101732389,1.17015850017866,1
22,63,-1,1,2.06653426236707,1.24364101732389,2.72766778155708,1
22,64,1,1,2.28387356797499,2.85950407198415,0.738546624580736,1
22,65,-1,1,2.06653426236707,1.24364101732389,0.355942703229458,1
22,66,1,1,2.28387356797499,2.85950407198415,0.550839913110126,1
22,67,-1,1,2.06653426236707,1.24364101732389,0.465232443829583,1
22,68,1,1,2.28387356797499,2.85950407198415,1.61090554754605,1
22,69,1,1,2.28387356797499,2.85950407198415,0.526798863341644,1
22,70,1,1,2.28387356797499,2.85950407198415,1.02113244435612,1
22,71,1,1,2.28387356797499,2.85950407198415,0.378183071988669,1
22,72,-1,1,2.06653426236707,1.24364101732389,3.33558938570368,1
22,73,-1,1,2.06653426236707,1.24364101732389,0.500950894192959,1
22,74,1,1,2.28387356797499,2.85950407198415,0.776299030045934,1
22,75,-1,1,2.06653426236707,1.24364101732389,0.432279912814761,1
22,76,-1,1,2.06653426236707,1.24364101732389,0.296197700846841,1
22,77,-1,1,2.06653426236707,1.24364101732389,0.406338321305248,1
22,78,-1,1,2.06653426236707,1.24364101732389,1.38710763077462,1
22,79,1,1,2.28387356797499,2.85950407198415,0.533820818302719,1
22,80,1,1,2.28387356797499,2.85950407198415,0.623505937115316,1
22,81,1,1,2.28387356797499,2.85950407198415,0.420236525310414,1
22,82,-1,1,2.06653426236707,1.24364101732389,0.595522596922464,1
22,83,1,1,2.28387356797499,2.85950407198415,0.415895783995473,1
22,84,-1,1,2.06653426236707,1.24364101732389,4.36330957846195,1
22,85,1,1,2.28387356797499,2.85950407198415,0.670020017972844,1
22,86,-1,1,2.06653426236707,1.24364101732389,2.66808332041134,1
22,87,1,1,2.28387356797499,2.85950407198415,0.576355052604909,1
22,88,1,1,2.28387356797499,2.85950407198415,0.944686005937904,1
22,89,1,1,2.28387356797499,2.85950407198415,0.918739779500368,1
22,90,1,1,2.28387356797499,2.85950407198415,0.36491131722691,1
22,91,-1,1,2.06653426236707,1.24364101732389,0.881053979865872,1
22,92,1,1,2.28387356797499,2.85950407198415,0.62572749718207,1
22,93,-1,1,2.06653426236707,1.24364101732389,0.934630292642374,1
22,94,1,1,2.28387356797499,2.85950407198415,0.807351095277667,1
22,95,1,1,2.28387356797499,2.85950407198415,0.450507165131622,1
22,96,-1,1,2.06653426236707,1.24364101732389,0.405136582366221,1
22,97,1,1,2.28387356797499,2.85950407198415,0.69966973910351,1
22,98,-1,1,2.06653426236707,1.24364101732389,0.376847189945507,-1
22,99,1,-1,2.17683706305022,1.70996696532602,2.60270914772336,1
22,100,-1,1,2.06653426236707,1.24364101732389,0.937287358248885,-1
22,101,1,-1,2.17683706305022,1.70996696532602,1.5353465369681,1
23,2,-1,1,2.08578017803273,2.88746338483935,0.843307943918316,1
23,3,1,1,2.30514359426042,2.48412907242189,2.35754440055938,1
23,4,1,1,2.30514359426042,2.48412907242189,0.721824653233984,1
23,5,1,1,2.30514359426042,2.48412907242189,0.843653712976776,1
23,6,-1,1,2.08578017803273,2.88746338483935,0.392412530400195,1
23,7,-1,1,2.08578017803273,2.88746338483935,0.587169356285886,1
23,8,-1,1,2.08578017803273,2.88746338483935,0.396686419415691,1
23,9,1,1,2.30514359426042,2.48412907242189,0.981475594108363,1
23,10,1,1,2.30514359426042,2.48412907242189,0.791826725333437,1
23,11,-1,1,2.08578017803273,2.88746338483935,0.627021934908298,1
23,12,-1,1,2.08578017803273,2.88746338483935,0.522690095902502,1
23,13,1,1,2.30514359426042,2.48412907242189,0.600305383636922,1
23,14,1,1,2.30514359426042,2.48412907242189,0.613226258202132,1
23,15,-1,1,2.08578017803273,2.88746338483935,0.454785193654197,1
23,16,1,1,2.30514359426042,2.48412907242189,0.566844483742472,1
23,17,1,1,2.30514359426042,2.48412907242189,0.467830285705479,1
23,18,-1,1,2.08578017803273,2.88746338483935,0.393678477810607,1
23,19,-1,1,2.08578017803273,2.88746338483935,0.726495881390753,1
23,20,-1,1,2.08578017803273,2.88746338483935,0.504294185855217,1
23,21,1,1,2.30514359426042,2.48412907242189,1.18455344025845,1
23,22,1,1,2.30514359426042,2.48412907242189,0.58384450568194,1
23,23,-1,1,2.08578017803273,2.88746338483935,0.761411943200914,1
23,24,1,1,2.30514359426042,2.48412907242189,0.824161900787192,1
23,25,-1,1,2.08578017803273,2.88746338483935,0.490829948901755,1
23,26,-1,1,2.08578017803273,2.88746338483935,0.469150884491195,1
23,27,-1,1,2.08578017803273,2.88746338483935,1.4549015061328,1
23,28,-1,1,2.08578017803273,2.88746338483935,0.456598993852361,1
23,29,1,1,2.30514359426042,2.48412907242189,0.919327519681759,1
23,30,1,1,2.30514359426042,2.48412907242189,0.702441932970294,1
23,31,1,1,2.30514359426042,2.48412907242189,0.829954647039591,1
23,32,-1,1,2.08578017803273,2.88746338483935,0.748094348333124,1
23,33,1,1,2.30514359426042,2.48412907242189,0.983029513420311,1
23,34,1,1,2.30514359426042,2.48412907242189,0.718754705935369,1
23,35,-1,1,2.08578017803273,2.88746338483935,1.07981240395992,1
23,36,-1,1,2.08578017803273,2.88746338483935,0.490111381404962,1
23,37,1,1,2.30514359426042,2.48412907242189,1.03341185695505,1
23,38,1,1,2.30514359426042,2.48412907242189,0.557765732367124,1
23,39,1,1,2.30514359426042,2.48412907242189,1.04214257175313,1
23,40,1,1,2.30514359426042,2.48412907242189,1.00354831084228,1
23,41,1,1,2.30514359426042,2.48412907242189,0.681258953441505,1
23,42,-1,1,2.08578017803273,2.88746338483935,0.687908319054755,1
23,43,-1,1,2.08578017803273,2.88746338483935,0.727175232701293,1
23,44,-1,1,2.08578017803273,2.88746338483935,0.522799107091509,1
23,45,1,1,2.30514359426042,2.48412907242189,0.894265454763663,1
23,46,-1,1,2.08578017803273,2.88746338483935,0.500724822066985,1
23,47,1,1,2.30514359426042,2.48412907242189,0.980410773781201,1
23,48,1,1,2.30514359426042,2.48412907242189,0.367389714727859,1
23,49,1,1,2.30514359426042,2.48412907242189,0.472116805840973,1
23,50,-1,1,2.08578017803273,2.88746338483935,0.37846573703122,1
23,51,1,1,2.30514359426042,2.48412907242189,0.442132734981171,1
23,52,1,1,2.30514359426042,2.48412907242189,0.480454458662102,1
23,53,-1,1,2.08578017803273,2.88746338483935,0.804577921786376,1
23,54,-1,1,2.08578017803273,2.88746338483935,0.705555550877419,1
23,55,-1,1,2.08578017803273,2.88746338483935,0.512453179964378,1
23,56,1,1,2.30514359426042,2.48412907242189,0.745284995607707,1
23,57,-1,1,2.08578017803273,2.88746338483935,0.429119761469431,1
23,58,1,1,2.30514359426042,2.48412907242189,0.458355759042044,1
23,59,1,1,2.30514359426042,2.48412907242189,0.924058005412006,1
23,60,-1,1,2.08578017803273,2.88746338483935,0.58426401475875,1
23,61,-1,1,2.08578017803273,2.88746338483935,0.386896518874241,1
23,62,1,1,2.30514359426042,2.48412907242189,0.682622656564779,1
23,63,-1,1,2.08578017803273,2.88746338483935,0.497545761907912,1
23,64,-1,1,2.08578017803273,2.88746338483935,0.508774773097966,1
23,65,-1,1,2.08578017803273,2.88746338483935,0.440877191845406,1
23,66,-1,1,2.08578017803273,2.88746338483935,1.27729233716958,1
23,67,-1,1,2.08578017803273,2.88746338483935,0.529819341006902,1
23,68,1,1,2.30514359426042,2.48412907242189,0.522554770713838,1
23,69,-1,1,2.08578017803273,2.88746338483935,0.394012292163726,1
23,70,1,1,2.30514359426042,2.48412907242189,0.76253603449334,1
23,71,1,1,2.30514359426042,2.48412907242189,0.666302926428608,1
23,72,1,1,2.30514359426042,2.48412907242189,0.560604707733432,1
23,73,-1,1,2.08578017803273,2.88746338483935,1.08176181183739,1
23,74,-1,1,2.08578017803273,2.88746338483935,0.491197690597649,1
23,75,-1,1,2.08578017803273,2.88746338483935,0.571501962920504,1
23,76,-1,1,2.08578017803273,2.88746338483935,0.587418330816843,1
23,77,1,1,2.30514359426042,2.48412907242189,0.593435285974185,1
23,78,1,1,2.30514359426042,2.48412907242189,0.91692744054554,1
23,79,1,1,2.30514359426042,2.48412907242189,0.443845752140042,1
23,80,1,1,2.30514359426042,2.48412907242189,1.48031671282981,1
23,81,-1,1,2.08578017803273,2.88746338483935,0.442378324053021,1
23,82,1,1,2.30514359426042,2.48412907242189,0.617957529086606,1
23,83,1,1,2.30514359426042,2.48412907242189,0.561550647884708,1
23,84,1,1,2.30514359426042,2.48412907242189,0.550073886090317,1
23,85,-1,1,2.08578017803273,2.88746338483935,1.38802209585036,1
23,86,-1,1,2.08578017803273,2.88746338483935,0.453053118461272,1
23,87,-1,1,2.08578017803273,2.88746338483935,0.398410992811351,1
23,88,1,1,2.30514359426042,2.48412907242189,0.555549335971443,1
23,89,-1,1,2.08578017803273,2.88746338483935,0.488164891636182,1
23,90,-1,1,2.08578017803273,2.88746338483935,0.403282526773188,1
23,91,1,1,2.30514359426042,2.48412907242189,0.702004760982345,1
23,92,-1,1,2.08578017803273,2.88746338483935,0.523194017404651,1
23,93,-1,1,2.08578017803273,2.88746338483935,0.560018814317973,1
23,94,1,1,2.30514359426042,2.48412907242189,0.512589651092539,1
23,95,1,1,2.30514359426042,2.48412907242189,0.559293804942452,1
23,96,1,1,2.30514359426042,2.48412907242189,0.479141186863483,1
23,97,1,1,2.30514359426042,2.48412907242189,1.1116561612931,1
23,98,-1,1,2.08578017803273,2.88746338483935,0.562266924514061,1
23,99,1,1,2.30514359426042,2.48412907242189,2.34876991203929,1
23,100,-1,1,2.08578017803273,2.88746338483935,0.677066517619054,1
23,101,-1,1,2.08578017803273,2.88746338483935,0.497383125535161,1
24,2,-1,1,1.91403888528225,1.277929322432,2.29280852949783,1
24,3,1,1,2.11534011207987,2.87244988082779,0.51051084301033,1
24,4,-1,1,1.91403888528225,1.277929322432,0.780807236991161,1
24,5,1,1,2.11534011207987,2.87244988082779,0.453613251845942,1
24,6,1,1,2.11534011207987,2.87244988082779,0.576762570454898,1
24,7,-1,1,1.91403888528225,1.277929322432,0.564020114044549,1
24,8,1,1,2.11534011207987,2.87244988082779,0.607439117848353,1
24,9,1,1,2.11534011207987,2.87244988082779,0.728072097741858,1
24,10,-1,1,1.91403888528225,1.277929322432,0.7779590463743,1
24,11,1,1,2.11534011207987,2.87244988082779,0.507503432198973,1
24,12,1,1,2.11534011207987,2.87244988082779,1.8938801979581,1
24,13,-1,1,1.91403888528225,1.277929322432,0.347359968475078,1
24,14,-1,1,1.91403888528225,1.277929322432,0.677302663432048,1
24,15,-1,1,1.91403888528225,1.277929322432,1.88200605050864,1
24,16,1,1,2.11534011207987,2.87244988082779,0.415966101899471,1
24,17,-1,1,1.91403888528225,1.277929322432,0.63212723119187,1
24,18,1,1,2.11534011207987,2.87244988082779,0.521155795683673,1
24,19,-1,1,1.91403888528225,1.277929322432,0.469175411286511,1
24,20,-1,1,1.91403888528225,1.277929322432,0.648842207084794,1
24,21,-1,1,1.91403888528225,1.277929322432,1.14873767884356,1
24,22,-1,1,1.91403888528225,1.277929322432,0.595984927677077,1
24,23,1,1,2.11534011207987,2.87244988082779,0.849842773819838,1
24,24,-1,1,1.91403888528225,1.277929322432,0.967407342352733,1
24,25,-1,1,1.91403888528225,1.277929322432,0.733386856073642,1
24,26,-1,1,1.91403888528225,1.277929322432,0.687854796522792,1
24,27,1,1,2.11534011207987,2.87244988082779,0.418292236871408,1
24,28,-1,1,1.91403888528225,1.277929322432,0.868829358574168,1
24,29,1,1,2.11534011207987,2.87244988082779,0.510711560146802,1
24,30,1,1,2.11534011207987,2.87244988082779,0.466410266033927,1
24,31,1,1,2.11534011207987,2.87244988082779,0.425611987244313,1
24,32,1,1,2.11534011207987,2.87244988082779,0.656299538693087,1
24,33,-1,1,1.91403888528225,1.277929322432,0.415389536329889,1
24,34,1,1,2.11534011207987,2.87244988082779,0.655315743075132,1
24,35,1,1,2.11534011207987,2.87244988082779,1.00678140168102,1
24,36,1,1,2.11534011207987,2.87244988082779,0.64141400857683,1
24,37,-1,1,1.91403888528225,1.277929322432,0.526528781183676,-1
24,38,1,-1,2.01620213198364,2.46041432878114,0.699228254612978,1
24,39,-1,1,1.91403888528225,1.277929322432,0.617017279548342,-1
24,40,1,-1,2.01620213198364,2.46041432878114,0.45831015303745,1
24,41,-1,1,1.91403888528225,1.277929322432,1.49266574669315,1
24,42,1,1,2.11534011207987,2.87244988082779,0.757718381152476,1
24,43,-1,1,1.91403888528225,1.277929322432,1.50308243745992,-1
24,44,-1,-1,1.82433513134268,0.589206467959069,1.09928073724795,-1
24,45,-1,-1,1.82433513134268,0.589206467959069,0.718194510014085,1
24,46,-1,1,1.91403888528225,1.277929322432,0.68658625922857,1
24,47,1,1,2.11534011207987,2.87244988082779,0.479945086064955,1
24,48,-1,1,1.91403888528225,1.277929322432,2.01352560647981,1
24,49,-1,1,1.91403888528225,1.277929322432,0.540147933701098,1
24,50,-1,1,1.91403888528225,1.277929322432,0.363909864457555,1
24,51,1,1,2.11534011207987,2.87244988082779,0.822357935073128,1
24,52,1,1,2.11534011207987,2.87244988082779,0.79490075087693,1
24,53,-1,1,1.91403888528225,1.277929322432,0.810524029373148,1
24,54,1,1,2.11534011207987,2.87244988082779,0.35967269092644,1
24,55,-1,1,1.91403888528225,1.277929322432,0.557095085664198,1
24,56,-1,1,1.91403888528225,1.277929322432,0.463821401463296,1
24,57,1,1,2.11534011207987,2.87244988082779,0.51679331831726,1
24,58,1,1,2.11534011207987,2.87244988082779,0.388956997149704,1
24,59,1,1,2.11534011207987,2.87244988082779,0.854001509270868,1
24,60,-1,1,1.91403888528225,1.277929322432,1.33276295294822,1
24,61,1,1,2.11534011207987,2.87244988082779,0.428791503682611,1
24,62,-1,1,1.91403888528225,1.277929322432,1.06069003692201,1
24,63,-1,1,1.91403888528225,1.277929322432,0.714997360045058,1
24,64,1,1,2.11534011207987,2.87244988082779,0.462911518467259,1
24,65,-1,1,1.91403888528225,1.277929322432,0.806111251342963,1
24,66,-1,1,1.91403888528225,1.277929322432,1.27327291289364,1
24,67,1,1,2.11534011207987,2.87244988082779,0.609154507440903,1
24,68,-1,1,1.91403888528225,1.277929322432,0.502286543676871,1
24,69,1,1,2.11534011207987,2.87244988082779,0.909904959995996,1
24,70,1,1,2.11534011207987,2.87244988082779,0.719517063267347,1
24,71,-1,1,1.91403888528225,1.277929322432,0.674363950033712,1
24,72,1,1,2.11534011207987,2.87244988082779,0.384637172441274,1
24,73,1,1,2.11534011207987,2.87244988082779,0.473571488033535,1
24,74,1,1,2.11534011207987,2.87244988082779,0.575128046180725,1
24,75,-1,1,1.91403888528225,1.277929322432,0.738420249999508,1
24,76,-1,1,1.91403888528225,1.277929322432,0.695755553891236,1
24,77,1,1,2.11534011207987,2.87244988082779,0.967531241279774,1
24,78,1,1,2.11534011207987,2.87244988082779,1.18673632166537,1
24,79,-1,1,1.91403888528225,1.277929322432,0.65621587030226,1
24,80,-1,1,1.91403888528225,1.277929322432,1.18988248176049,1
24,81,-1,1,1.91403888528225,1.277929322432,1.46639994819563,1
24,82,1,1,2.11534011207987,2.87244988082779,0.943955877027534,1
24,83,1,1,2.11534011207987,2.87244988082779,0.594850187223209,1
24,84,1,1,2.11534011207987,2.87244988082779,1.30343875861987,1
24,85,1,1,2.11534011207987,2.87244988082779,0.420660718031963,1
24,86,-1,1,1.91403888528225,1.277929322432,1.18744538707663,1
24,87,-1,1,1.91403888528225,1.277929322432,0.6826644920429,1
24,88,1,1,2.11534011207987,2.87244988082779,0.815676858740915,1
24,89,1,1,2.11534011207987,2.87244988082779,0.635352359384884,1
24,90,-1,1,1.91403888528225,1.277929322432,0.377227766719936,1
24,91,1,1,2.11534011207987,2.87244988082779,0.522136867224103,1
24,92,1,1,2.11534011207987,2.87244988082779,0.489830804209333,1
24,93,-1,1,1.91403888528225,1.277929322432,0.711800480288482,1
24,94,-1,1,1.91403888528225,1.277929322432,1.19122266914773,1
24,95,1,1,2.11534011207987,2.87244988082779,0.425883116959387,1
24,96,1,1,2.11534011207987,2.87244988082779,0.400522650279041,1
24,97,1,1,2.11534011207987,2.87244988082779,0.510114927515718,1
24,98,-1,1,1.91403888528225,1.277929322432,0.472059575058666,1
24,99,1,1,2.11534011207987,2.87244988082779,0.509189097702159,1
24,100,-1,1,1.91403888528225,1.277929322432,1.39952055141359,-1
24,101,-1,-1,1.82433513134268,0.589206467959069,0.859298972110542,1
25,2,-1,1,2.13973544780347,1.48679688946742,0.855906818731493,1
25,3,-1,1,2.13973544780347,1.48679688946742,0.99030413978794,1
25,4,1,1,2.36477338928797,3.71791847230638,0.458581142959442,1
25,5,-1,1,2.13973544780347,1.48679688946742,0.836456683495346,1
25,6,-1,1,2.13973544780347,1.48679688946742,2.72062222241539,1
25,7,1,1,2.36477338928797,3.71791847230638,0.330766272431307,1
25,8,1,1,2.36477338928797,3.71791847230638,0.55126884858518,1
25,9,-1,1,2.13973544780347,1.48679688946742,0.797304469725518,1
25,10,1,1,2.36477338928797,3.71791847230638,0.406005210156287,1
25,11,-1,1,2.13973544780347,1.48679688946742,1.85757628949543,1
25,12,-1,1,2.13973544780347,1.48679688946742,0.511308444383368,1
25,13,-1,1,2.13973544780347,1.48679688946742,0.848934028321805,1
25,14,-1,1,2.13973544780347,1.48679688946742,0.884717606358011,1
25,15,1,1,2.36477338928797,3.71791847230638,0.486354941879314,1
25,16,-1,1,2.13973544780347,1.48679688946742,1.28234476658884,1
25,17,-1,1,2.13973544780347,1.48679688946742,1.04553127586462,1
25,18,-1,1,2.13973544780347,1.48679688946742,0.47756189273603,1
25,19,-1,1,2.13973544780347,1.48679688946742,0.722454573691248,1
25,20,1,1,2.36477338928797,3.71791847230638,0.342730840666013,1
25,21,-1,1,2.13973544780347,1.48679688946742,1.19863194194171,1
25,22,1,1,2.36477338928797,3.71791847230638,0.750481707622495,1
25,23,1,1,2.36477338928797,3.71791847230638,0.549407906122791,1
25,24,-1,1,2.13973544780347,1.48679688946742,0.528250684614425,1
25,25,1,1,2.36477338928797,3.71791847230638,0.296310390781512,1
25,26,1,1,2.36477338928797,3.71791847230638,0.368035814847123,1
25,27,-1,1,2.13973544780347,1.48679688946742,0.507363715764596,1
25,28,1,1,2.36477338928797,3.71791847230638,0.716923596119661,1
25,29,-1,1,2.13973544780347,1.48679688946742,0.57988359902733,1
25,30,-1,1,2.13973544780347,1.48679688946742,0.646453804200484,1
25,31,1,1,2.36477338928797,3.71791847230638,0.464802622142495,1
25,32,1,1,2.36477338928797,3.71791847230638,0.503561692860377,1
25,33,1,1,2.36477338928797,3.71791847230638,0.292707220230163,1
25,34,-1,1,2.13973544780347,1.48679688946742,0.59624221772459,1
25,35,1,1,2.36477338928797,3.71791847230638,0.867125056160557,1
25,36,1,1,2.36477338928797,3.71791847230638,0.523319348611324,1
25,37,1,1,2.36477338928797,3.71791847230638,0.480561586993134,1
25,38,1,1,2.36477338928797,3.71791847230638,0.353551262450493,1
25,39,1,1,2.36477338928797,3.71791847230638,0.697763240064248,1
25,40,-1,1,2.13973544780347,1.48679688946742,0.650679749996385,1
25,41,1,1,2.36477338928797,3.71791847230638,0.573908003262582,1
25,42,-1,1,2.13973544780347,1.48679688946742,0.638594479383374,1
25,43,-1,1,2.13973544780347,1.48679688946742,0.483419555171626,1
25,44,-1,1,2.13973544780347,1.48679688946742,0.606513127193163,1
25,45,-1,1,2.13973544780347,1.48679688946742,0.504673263892441,1
25,46,-1,1,2.13973544780347,1.48679688946742,1.81734918310666,1
25,47,1,1,2.36477338928797,3.71791847230638,0.373295685383094,1
25,48,-1,1,2.13973544780347,1.48679688946742,1.28804980106773,1
25,49,1,1,2.36477338928797,3.71791847230638,0.319290925246697,1
25,50,1,1,2.36477338928797,3.71791847230638,0.402042030052165,1
25,51,1,1,2.36477338928797,3.71791847230638,0.438141597040749,1
25,52,1,1,2.36477338928797,3.71791847230638,0.425933261355965,1
25,53,-1,1,2.13973544780347,1.48679688946742,0.836913711470039,1
25,54,1,1,2.36477338928797,3.71791847230638,0.501587750907891,1
25,55,1,1,2.36477338928797,3.71791847230638,0.552454912141813,1
25,56,1,1,2.36477338928797,3.71791847230638,0.55852640608502,1
25,57,-1,1,2.13973544780347,1.48679688946742,1.65350586065976,1
25,58,1,1,2.36477338928797,3.71791847230638,0.443438277849918,1
25,59,1,1,2.36477338928797,3.71791847230638,0.525988042892101,1
25,60,-1,1,2.13973544780347,1.48679688946742,0.768475861684441,1
25,61,1,1,2.36477338928797,3.71791847230638,0.399754642306672,1
25,62,1,1,2.36477338928797,3.71791847230638,0.274707374428999,1
25,63,1,1,2.36477338928797,3.71791847230638,0.438966391878468,1
25,64,1,1,2.36477338928797,3.71791847230638,0.459071470469927,1
25,65,-1,1,2.13973544780347,1.48679688946742,0.97345335749384,1
25,66,1,1,2.36477338928797,3.71791847230638,0.373281106485922,1
25,67,-1,1,2.13973544780347,1.48679688946742,0.734974075460341,1
25,68,-1,1,2.13973544780347,1.48679688946742,0.536225390041256,1
25,69,-1,1,2.13973544780347,1.48679688946742,0.80183823525547,1
25,70,-1,1,2.13973544780347,1.48679688946742,0.557781325794758,1
25,71,-1,1,2.13973544780347,1.48679688946742,1.59644180355906,1
25,72,1,1,2.36477338928797,3.71791847230638,0.504881635794806,1
25,73,1,1,2.36477338928797,3.71791847230638,0.340013894127114,1
25,74,-1,1,2.13973544780347,1.48679688946742,0.737430068913351,-1
25,75,-1,-1,2.0394541507089,1.0608742051023,0.548700492894387,1
25,76,-1,1,2.13973544780347,1.48679688946742,0.674707465991804,1
25,77,-1,1,2.13973544780347,1.48679688946742,0.931234969919408,1
25,78,-1,1,2.13973544780347,1.48679688946742,1.61665091737426,1
25,79,1,1,2.36477338928797,3.71791847230638,0.41712397970544,1
25,80,1,1,2.36477338928797,3.71791847230638,0.36975668967223,1
25,81,-1,1,2.13973544780347,1.48679688946742,0.648547439549298,1
25,82,1,1,2.36477338928797,3.71791847230638,0.40073844925723,1
25,83,-1,1,2.13973544780347,1.48679688946742,0.642922065272799,1
25,84,-1,1,2.13973544780347,1.48679688946742,0.860432734991848,-1
25,85,1,-1,2.25394541611214,0.934410433123898,1.13647551849277,1
25,86,1,1,2.36477338928797,3.71791847230638,0.48831244962866,1
25,87,1,1,2.36477338928797,3.71791847230638,0.519805908953708,1
25,88,-1,1,2.13973544780347,1.48679688946742,0.818628453698862,1
25,89,1,1,2.36477338928797,3.71791847230638,0.531841609140256,1
25,90,-1,1,2.13973544780347,1.48679688946742,1.29093303353663,1
25,91,1,1,2.36477338928797,3.71791847230638,0.313807746401106,1
25,92,-1,1,2.13973544780347,1.48679688946742,0.431526125299127,1
25,93,1,1,2.36477338928797,3.71791847230638,0.320235073986906,1
25,94,-1,1,2.13973544780347,1.48679688946742,0.407032369326606,1
25,95,-1,1,2.13973544780347,1.48679688946742,0.542636749218312,1
25,96,1,1,2.36477338928797,3.71791847230638,0.514464961072985,1
25,97,-1,1,2.13973544780347,1.48679688946742,0.448009410705772,1
25,98,1,1,2.36477338928797,3.71791847230638,0.392737222254533,1
25,99,1,1,2.36477338928797,3.71791847230638,0.351500676318176,1
25,100,1,1,2.36477338928797,3.71791847230638,0.830893509826736,1
25,101,-1,1,2.13973544780347,1.48679688946742,0.823760389951931,1
26,2,1,1,1.76556860375622,2.19464885508046,0.49934762149055,1
26,3,1,1,1.76556860375622,2.19464885508046,0.913117391220161,1
26,4,1,1,1.76556860375622,2.19464885508046,0.812537755903561,1
26,5,-1,1,1.59755253678813,3.33142076703043,0.537648453932832,1
26,6,1,1,1.76556860375622,2.19464885508046,1.173664589885,1
26,7,-1,1,1.59755253678813,3.33142076703043,0.361540843393321,1
26,8,1,1,1.76556860375622,2.19464885508046,0.698818803445234,1
26,9,-1,1,1.59755253678813,3.33142076703043,0.651006407160726,1
26,10,-1,1,1.59755253678813,3.33142076703043,0.439659746250009,-1
26,11,-1,-1,1.52268129944415,1.33645107112233,0.402145055757832,1
26,12,-1,1,1.59755253678813,3.33142076703043,0.56958443215351,1
26,13,-1,1,1.59755253678813,3.33142076703043,0.462545711308555,1
26,14,1,1,1.76556860375622,2.19464885508046,0.513245244100006,1
26,15,1,1,1.76556860375622,2.19464885508046,0.610431669148972,1
26,16,1,1,1.76556860375622,2.19464885508046,0.862460742329847,1
26,17,-1,1,1.59755253678813,3.33142076703043,0.482759429835792,1
26,18,-1,1,1.59755253678813,3.33142076703043,0.459988539256339,1
26,19,-1,1,1.59755253678813,3.33142076703043,0.608202258449064,1
26,20,1,1,1.76556860375622,2.19464885508046,0.399721884280107,1
26,21,-1,1,1.59755253678813,3.33142076703043,0.554801046730441,1
26,22,1,1,1.76556860375622,2.19464885508046,0.610686264057027,1
26,23,-1,1,1.59755253678813,3.33142076703043,0.445135481426871,1
26,24,-1,1,1.59755253678813,3.33142076703043,0.342951580947234,-1
26,25,1,-1,1.68282308964331,0.337479306766783,1.49804196174661,-1
26,26,-1,-1,1.52268129944415,1.33645107112233,0.380681056436329,1
26,27,-1,1,1.59755253678813,3.33142076703043,0.690675989027803,1
26,28,-1,1,1.59755253678813,3.33142076703043,0.554154268195252,1
26,29,1,1,1.76556860375622,2.19464885508046,0.608167891016094,1
26,30,1,1,1.76556860375622,2.19464885508046,0.923870549953661,-1
26,31,-1,-1,1.52268129944415,1.33645107112233,1.32751888620687,1
26,32,-1,1,1.59755253678813,3.33142076703043,0.508776182470861,1
26,33,-1,1,1.59755253678813,3.33142076703043,0.461520179098158,1
26,34,1,1,1.76556860375622,2.19464885508046,0.461457523492148,1
26,35,-1,1,1.59755253678813,3.33142076703043,0.447084421082844,1
26,36,-1,1,1.59755253678813,3.33142076703043,0.697255506941369,1
26,37,-1,1,1.59755253678813,3.33142076703043,0.328417014000647,1
26,38,1,1,1.76556860375622,2.19464885508046,0.45302892901976,1
26,39,1,1,1.76556860375622,2.19464885508046,0.384707520384395,1
26,40,1,1,1.76556860375622,2.19464885508046,0.562196973681465,1
26,41,1,1,1.76556860375622,2.19464885508046,0.418257554222876,1
26,42,1,1,1.76556860375622,2.19464885508046,0.631159551368884,1
26,43,1,1,1.76556860375622,2.19464885508046,1.32528756749059,1
26,44,1,1,1.76556860375622,2.19464885508046,0.814007038958201,1
26,45,-1,1,1.59755253678813,3.33142076703043,0.413669574555526,1
26,46,1,1,1.76556860375622,2.19464885508046,0.702399629367313,1
26,47,-1,1,1.59755253678813,3.33142076703043,0.515279675320009,1
26,48,-1,1,1.59755253678813,3.33142076703043,0.479447030570713,1
26,49,-1,1,1.59755253678813,3.33142076703043,0.474619667207084,1
26,50,1,1,1.76556860375622,2.19464885508046,0.573847930319466,1
26,51,-1,1,1.59755253678813,3.33142076703043,0.455431577157786,1
26,52,1,1,1.76556860375622,2.19464885508046,0.453357452006934,-1
26,53,-1,-1,1.52268129944415,1.33645107112233,0.782277313398916,1
26,54,1,1,1.76556860375622,2.19464885508046,0.491557654898125,1
26,55,1,1,1.76556860375622,2.19464885508046,0.438407308218904,1
26,56,-1,1,1.59755253678813,3.33142076703043,0.448046079463682,1
26,57,-1,1,1.59755253678813,3.33142076703043,0.425167053717675,1
26,58,-1,1,1.59755253678813,3.33142076703043,0.498415441208267,1
26,59,-1,1,1.59755253678813,3.33142076703043,0.60220387824106,1
26,60,-1,1,1.59755253678813,3.33142076703043,0.434465730199686,1
26,61,1,1,1.76556860375622,2.19464885508046,0.735528291936972,1
26,62,1,1,1.76556860375622,2.19464885508046,0.339826183019646,1
26,63,-1,1,1.59755253678813,3.33142076703043,0.469877711985471,1
26,64,1,1,1.76556860375622,2.19464885508046,0.518597982384989,1
26,65,-1,1,1.59755253678813,3.33142076703043,0.589364905667915,1
26,66,1,1,1.76556860375622,2.19464885508046,0.585013676726362,1
26,67,-1,1,1.59755253678813,3.33142076703043,0.45338179196105,1
26,68,-1,1,1.59755253678813,3.33142076703043,0.599050038908007,1
26,69,1,1,1.76556860375622,2.19464885508046,0.698450755501721,1
26,70,1,1,1.76556860375622,2.19464885508046,0.465650209540064,1
26,71,1,1,1.76556860375622,2.19464885508046,0.630298274799402,1
26,72,-1,1,1.59755253678813,3.33142076703043,0.443120166876828,1
26,73,1,1,1.76556860375622,2.19464885508046,0.579660476254427,1
26,74,1,1,1.76556860375622,2.19464885508046,0.438947709037063,1
26,75,1,1,1.76556860375622,2.19464885508046,0.46624253590502,1
26,76,-1,1,1.59755253678813,3.33142076703043,0.580276439244136,1
26,77,-1,1,1.59755253678813,3.33142076703043,0.43827297363667,1
26,78,1,1,1.76556860375622,2.19464885508046,0.75575252702104,1
26,79,-1,1,1.59755253678813,3.33142076703043,0.461798295633434,1
26,80,1,1,1.76556860375622,2.19464885508046,0.785563681318225,1
26,81,1,1,1.76556860375622,2.19464885508046,0.665771974957096,1
26,82,1,1,1.76556860375622,2.19464885508046,0.652371302729854,1
26,83,-1,1,1.59755253678813,3.33142076703043,0.572928913982048,1
26,84,1,1,1.76556860375622,2.19464885508046,0.781599273157896,1
26,85,1,1,1.76556860375622,2.19464885508046,0.596930216234385,1
26,86,1,1,1.76556860375622,2.19464885508046,0.597680461507812,1
26,87,-1,1,1.59755253678813,3.33142076703043,1.00301571364912,1
26,88,-1,1,1.59755253678813,3.33142076703043,0.423744952621069,1
26,89,1,1,1.76556860375622,2.19464885508046,0.634885435256196,1
26,90,-1,1,1.59755253678813,3.33142076703043,0.540050342867733,1
26,91,1,1,1.76556860375622,2.19464885508046,0.512117348179994,1
26,92,1,1,1.76556860375622,2.19464885508046,1.51647580972871,1
26,93,1,1,1.76556860375622,2.19464885508046,0.832237826525445,1
26,94,-1,1,1.59755253678813,3.33142076703043,0.571236359145634,1
26,95,1,1,1.76556860375622,2.19464885508046,0.367478376145458,1
26,96,1,1,1.76556860375622,2.19464885508046,0.63816654503148,1
26,97,-1,1,1.59755253678813,3.33142076703043,0.422474756203739,1
26,98,-1,1,1.59755253678813,3.33142076703043,0.407990669417575,1
26,99,-1,1,1.59755253678813,3.33142076703043,0.533210407126361,1
26,100,-1,1,1.59755253678813,3.33142076703043,0.820386132127182,1
26,101,1,1,1.76556860375622,2.19464885508046,0.441003278198635,1
27,2,-1,1,2.32851956110265,0.968077859273805,2.53294276185116,1
27,3,1,1,2.57341210110092,3.11537182904827,0.397978591519777,1
27,4,-1,1,2.32851956110265,0.968077859273805,1.15549234342144,1
27,5,-1,1,2.32851956110265,0.968077859273805,0.884254155446014,1
27,6,-1,1,2.32851956110265,0.968077859273805,1.06826455800367,1
27,7,1,1,2.57341210110092,3.11537182904827,0.396393806198043,1
27,8,-1,1,2.32851956110265,0.968077859273805,0.775619835331129,1
27,9,1,1,2.57341210110092,3.11537182904827,0.587977040157715,1
27,10,1,1,2.57341210110092,3.11537182904827,0.503661720229234,1
27,11,1,1,2.57341210110092,3.11537182904827,0.423164173322619,1
27,12,-1,1,2.32851956110265,0.968077859273805,0.758287683204947,1
27,13,1,1,2.57341210110092,3.11537182904827,0.755851448115817,1
27,14,1,1,2.57341210110092,3.11537182904827,0.798901085682527,1
27,15,1,1,2.57341210110092,3.11537182904827,1.30995536401431,1
27,16,1,1,2.57341210110092,3.11537182904827,0.611604853256418,1
27,17,-1,1,2.32851956110265,0.968077859273805,2.1866981222118,1
27,18,-1,1,2.32851956110265,0.968077859273805,1.15288627223386,-1
27,19,1,-1,2.4528060216334,2.06766496446732,0.755325365419303,1
27,20,-1,1,2.32851956110265,0.968077859273805,0.904008487161065,1
27,21,1,1,2.57341210110092,3.11537182904827,0.899880729304589,1
27,22,-1,1,2.32851956110265,0.968077859273805,2.57022990837955,-1
27,23,1,-1,2.4528060216334,2.06766496446732,0.821936620306816,1
27,24,-1,1,2.32851956110265,0.968077859273805,0.795432801176517,1
27,25,1,1,2.57341210110092,3.11537182904827,0.701919247311159,1
27,26,1,1,2.57341210110092,3.11537182904827,0.948883996353363,1
27,27,-1,1,2.32851956110265,0.968077859273805,0.860963326885415,1
27,28,1,1,2.57341210110092,3.11537182904827,0.751019563764312,1
27,29,1,1,2.57341210110092,3.11537182904827,0.712990023023659,1
27,30,1,1,2.57341210110092,3.11537182904827,0.580484326693066,1
27,31,1,1,2.57341210110092,3.11537182904827,0.318009329830306,1
27,32,1,1,2.57341210110092,3.11537182904827,0.539118310567748,1
27,33,-1,1,2.32851956110265,0.968077859273805,2.30874055808901,1
27,34,1,1,2.57341210110092,3.11537182904827,0.44187049443734,1
27,35,-1,1,2.32851956110265,0.968077859273805,0.411086533156214,1
27,36,-1,1,2.32851956110265,0.968077859273805,0.571492755550524,1
27,37,1,1,2.57341210110092,3.11537182904827,0.464634102658675,1
27,38,1,1,2.57341210110092,3.11537182904827,0.384799102776314,1
27,39,-1,1,2.32851956110265,0.968077859273805,1.48298490477125,1
27,40,-1,1,2.32851956110265,0.968077859273805,2.80106701772404,1
27,41,-1,1,2.32851956110265,0.968077859273805,1.56314430100261,1
27,42,1,1,2.57341210110092,3.11537182904827,0.403737137153933,1
27,43,-1,1,2.32851956110265,0.968077859273805,0.919152090600008,1
27,44,-1,1,2.32851956110265,0.968077859273805,0.559588102794552,1
27,45,-1,1,2.32851956110265,0.968077859273805,1.76158530058431,1
27,46,1,1,2.57341210110092,3.11537182904827,0.495582114067194,1
27,47,-1,1,2.32851956110265,0.968077859273805,1.98344072858448,1
27,48,-1,1,2.32851956110265,0.968077859273805,0.778309240153247,1
27,49,1,1,2.57341210110092,3.11537182904827,0.423571954681305,1
27,50,-1,1,2.32851956110265,0.968077859273805,1.52743717175388,1
27,51,1,1,2.57341210110092,3.11537182904827,0.819744891266945,1
27,52,1,1,2.57341210110092,3.11537182904827,0.621291367292651,1
27,53,-1,1,2.32851956110265,0.968077859273805,0.917891980987356,-1
27,54,-1,-1,2.21939066755782,1.0488853472106,0.66575151152036,1
27,55,-1,1,2.32851956110265,0.968077859273805,0.751617244020035,-1
27,56,-1,-1,2.21939066755782,1.0488853472106,0.497707018816961,1
27,57,-1,1,2.32851956110265,0.968077859273805,2.99827144446153,1
27,58,-1,1,2.32851956110265,0.968077859273805,0.977458683161775,-1
27,59,-1,-1,2.21939066755782,1.0488853472106,1.80913816120747,1
27,60,1,1,2.57341210110092,3.11537182904827,0.581895478333107,1
27,61,-1,1,2.32851956110265,0.968077859273805,0.749812963911524,-1
27,62,-1,-1,2.21939066755782,1.0488853472106,0.948654056576979,1
27,63,1,1,2.57341210110092,3.11537182904827,0.547659111095101,1
27,64,1,1,2.57341210110092,3.11537182904827,0.992618552397277,1
27,65,1,1,2.57341210110092,3.11537182904827,0.363156700962608,1
27,66,1,1,2.57341210110092,3.11537182904827,0.332530878233712,1
27,67,-1,1,2.32851956110265,0.968077859273805,2.88310782569824,1
27,68,-1,1,2.32851956110265,0.968077859273805,0.44587741053852,-1
27,69,-1,-1,2.21939066755782,1.0488853472106,0.723426890780043,1
27,70,1,1,2.57341210110092,3.11537182904827,0.520153332893857,1
27,71,-1,1,2.32851956110265,0.968077859273805,0.40741373772863,1
27,72,1,1,2.57341210110092,3.11537182904827,0.425042258007897,1
27,73,-1,1,2.32851956110265,0.968077859273805,0.86241583431444,1
27,74,-1,1,2.32851956110265,0.968077859273805,1.69500228192324,1
27,75,-1,1,2.32851956110265,0.968077859273805,1.77608245941156,1
27,76,1,1,2.57341210110092,3.11537182904827,0.578039175149949,1
27,77,-1,1,2.32851956110265,0.968077859273805,0.695981664391454,1
27,78,1,1,2.57341210110092,3.11537182904827,0.705813783568748,1
27,79,-1,1,2.32851956110265,0.968077859273805,0.64774715252498,1
27,80,1,1,2.57341210110092,3.11537182904827,0.869630072145724,1
27,81,-1,1,2.32851956110265,0.968077859273805,0.638729700461747,1
27,82,1,1,2.57341210110092,3.11537182904827,0.734081360147034,1
27,83,-1,1,2.32851956110265,0.968077859273805,1.95673023333626,1
27,84,-1,1,2.32851956110265,0.968077859273805,0.860294671222846,1
27,85,1,1,2.57341210110092,3.11537182904827,0.747299622805436,1
27,86,1,1,2.57341210110092,3.11537182904827,0.46057356770985,1
27,87,-1,1,2.32851956110265,0.968077859273805,1.327826637973,1
27,88,1,1,2.57341210110092,3.11537182904827,0.519292168461032,1
27,89,-1,1,2.32851956110265,0.968077859273805,0.86038410012582,1
27,90,1,1,2.57341210110092,3.11537182904827,1.01648762124353,1
27,91,1,1,2.57341210110092,3.11537182904827,0.612161894478906,1
27,92,-1,1,2.32851956110265,0.968077859273805,0.73836616280417,1
27,93,1,1,2.57341210110092,3.11537182904827,0.658007320990306,1
27,94,1,1,2.57341210110092,3.11537182904827,0.585878509908644,1
27,95,1,1,2.57341210110092,3.11537182904827,0.89041474019838,1
27,96,1,1,2.57341210110092,3.11537182904827,0.793542521789856,1
27,97,1,1,2.57341210110092,3.11537182904827,0.347122193301653,1
27,98,1,1,2.57341210110092,3.11537182904827,0.603152793706916,1
27,99,-1,1,2.32851956110265,0.968077859273805,1.51783656599515,1
27,100,-1,1,2.32851956110265,0.968077859273805,0.505330019949416,1
27,101,1,1,2.57341210110092,3.11537182904827,0.808423505969597,1
28,2,-1,1,1.77847671051032,0.857034755983919,0.619407982615632,1
28,3,1,1,1.96552073893084,3.79546338794731,0.552957572258829,1
28,4,1,1,1.96552073893084,3.79546338794731,0.360746730086922,1
28,5,-1,1,1.77847671051032,0.857034755983919,0.397483652553763,-1
28,6,1,-1,1.87340422547653,1.93740987258106,0.556320518003264,1
28,7,-1,1,1.77847671051032,0.857034755983919,0.455849080042037,1
28,8,1,1,1.96552073893084,3.79546338794731,0.523133428941194,1
28,9,-1,1,1.77847671051032,0.857034755983919,0.478368059754089,1
28,10,1,1,1.96552073893084,3.79546338794731,0.30480214321572,1
28,11,-1,1,1.77847671051032,0.857034755983919,0.546763638159116,1
28,12,1,1,1.96552073893084,3.79546338794731,0.81939748305386,1
28,13,1,1,1.96552073893084,3.79546338794731,0.362671408952285,1
28,14,1,1,1.96552073893084,3.79546338794731,0.466923155742614,1
28,15,-1,1,1.77847671051032,0.857034755983919,2.14566616122431,1
28,16,1,1,1.96552073893084,3.79546338794731,0.488146798965383,1
28,17,-1,1,1.77847671051032,0.857034755983919,0.317612700113333,1
28,18,1,1,1.96552073893084,3.79546338794731,0.337362773870197,1
28,19,-1,1,1.77847671051032,0.857034755983919,1.83540102523022,1
28,20,1,1,1.96552073893084,3.79546338794731,0.368841665263244,1
28,21,1,1,1.96552073893084,3.79546338794731,0.326720049911306,1
28,22,-1,1,1.77847671051032,0.857034755983919,0.805113261392698,1
28,23,1,1,1.96552073893084,3.79546338794731,0.366275902593575,1
28,24,1,1,1.96552073893084,3.79546338794731,0.400601184479843,1
28,25,1,1,1.96552073893084,3.79546338794731,0.293209999462368,1
28,26,1,1,1.96552073893084,3.79546338794731,0.304424875448279,1
28,27,-1,1,1.77847671051032,0.857034755983919,0.823217785233014,1
28,28,-1,1,1.77847671051032,0.857034755983919,0.629009253645101,-1
28,29,-1,-1,1.69512624231784,0.61009198348771,0.591547903120148,1
28,30,-1,1,1.77847671051032,0.857034755983919,1.162889742522,-1
28,31,-1,-1,1.69512624231784,0.61009198348771,0.511143427708217,-1
28,32,1,-1,1.87340422547653,1.93740987258106,0.764330700696611,1
28,33,-1,1,1.77847671051032,0.857034755983919,0.873654445016595,1
28,34,1,1,1.96552073893084,3.79546338794731,0.309403509759177,1
28,35,-1,1,1.77847671051032,0.857034755983919,0.488019537052335,1
28,36,-1,1,1.77847671051032,0.857034755983919,0.943538029000375,-1
28,37,1,-1,1.87340422547653,1.93740987258106,0.559159341248468,1
28,38,1,1,1.96552073893084,3.79546338794731,0.298703755024009,1
28,39,1,1,1.96552073893084,3.79546338794731,0.506656193476912,1
28,40,1,1,1.96552073893084,3.79546338794731,0.292084006967215,1
28,41,1,1,1.96552073893084,3.79546338794731,0.295171469383962,1
28,42,1,1,1.96552073893084,3.79546338794731,0.493879755030963,1
28,43,1,1,1.96552073893084,3.79546338794731,0.669013320467774,1
28,44,1,1,1.96552073893084,3.79546338794731,0.486580538102352,1
28,45,-1,1,1.77847671051032,0.857034755983919,3.02053260526744,-1
28,46,-1,-1,1.69512624231784,0.61009198348771,0.706581663020203,-1
28,47,-1,-1,1.69512624231784,0.61009198348771,0.462243648104765,1
28,48,1,1,1.96552073893084,3.79546338794731,0.655639287257509,1
28,49,1,1,1.96552073893084,3.79546338794731,0.278535264817838,1
28,50,-1,1,1.77847671051032,0.857034755983919,0.294420134684565,1
28,51,-1,1,1.77847671051032,0.857034755983919,1.27926935791166,1
28,52,-1,1,1.77847671051032,0.857034755983919,0.601886788378414,1
28,53,1,1,1.96552073893084,3.79546338794731,0.336224226449659,1
28,54,-1,1,1.77847671051032,0.857034755983919,1.11835408167525,1
28,55,-1,1,1.77847671051032,0.857034755983919,1.13481995726644,1
28,56,-1,1,1.77847671051032,0.857034755983919,0.697743918651681,1
28,57,-1,1,1.77847671051032,0.857034755983919,0.889455983150562,1
28,58,-1,1,1.77847671051032,0.857034755983919,0.818328936710775,-1
28,59,-1,-1,1.69512624231784,0.61009198348771,0.665130089731284,1
28,60,1,1,1.96552073893084,3.79546338794731,0.433417259574169,1
28,61,1,1,1.96552073893084,3.79546338794731,0.437099466552237,1
28,62,-1,1,1.77847671051032,0.857034755983919,1.32079330655143,1
28,63,1,1,1.96552073893084,3.79546338794731,0.271546793717248,1
28,64,-1,1,1.77847671051032,0.857034755983919,0.544056507408304,1
28,65,1,1,1.96552073893084,3.79546338794731,0.496161009353838,1
28,66,-1,1,1.77847671051032,0.857034755983919,0.549297305608244,1
28,67,-1,1,1.77847671051032,0.857034755983919,0.934675625857187,1
28,68,-1,1,1.77847671051032,0.857034755983919,0.348287963365116,1
28,69,1,1,1.96552073893084,3.79546338794731,0.491133084745496,1
28,70,-1,1,1.77847671051032,0.857034755983919,0.533720324779085,1
28,71,-1,1,1.77847671051032,0.857034755983919,1.13035020652521,1
28,72,1,1,1.96552073893084,3.79546338794731,0.429178227495183,1
28,73,1,1,1.96552073893084,3.79546338794731,0.397628289411649,1
28,74,1,1,1.96552073893084,3.79546338794731,0.41807929296218,1
28,75,-1,1,1.77847671051032,0.857034755983919,0.723535781540367,1
28,76,-1,1,1.77847671051032,0.857034755983919,0.572924256567114,1
28,77,1,1,1.96552073893084,3.79546338794731,0.364528102948561,1
28,78,1,1,1.96552073893084,3.79546338794731,0.431533299895595,1
28,79,-1,1,1.77847671051032,0.857034755983919,1.2345642145945,1
28,80,-1,1,1.77847671051032,0.857034755983919,1.11594965012635,1
28,81,1,1,1.96552073893084,3.79546338794731,0.29935057514879,1
28,82,1,1,1.96552073893084,3.79546338794731,0.634708513814484,1
28,83,-1,1,1.77847671051032,0.857034755983919,1.39390197464042,-1
28,84,1,-1,1.87340422547653,1.93740987258106,0.645681995701142,1
28,85,-1,1,1.77847671051032,0.857034755983919,0.572735306555871,1
28,86,-1,1,1.77847671051032,0.857034755983919,0.368599966128552,1
28,87,1,1,1.96552073893084,3.79546338794731,0.391186658749843,1
28,88,-1,1,1.77847671051032,0.857034755983919,1.91245831034301,1
28,89,-1,1,1.77847671051032,0.857034755983919,0.406476629739778,1
28,90,-1,1,1.77847671051032,0.857034755983919,0.905070809436287,1
28,91,-1,1,1.77847671051032,0.857034755983919,2.67013314186502,1
28,92,-1,1,1.77847671051032,0.857034755983919,1.27323373264542,1
28,93,-1,1,1.77847671051032,0.857034755983919,0.532942506131449,1
28,94,1,1,1.96552073893084,3.79546338794731,0.41747975820709,1
28,95,1,1,1.96552073893084,3.79546338794731,0.270102946162637,1
28,96,1,1,1.96552073893084,3.79546338794731,0.504346198771269,1
28,97,1,1,1.96552073893084,3.79546338794731,0.59156471840449,1
28,98,1,1,1.96552073893084,3.79546338794731,0.657763661710112,1
28,99,-1,1,1.77847671051032,0.857034755983919,1.4765452327803,1
28,100,1,1,1.96552073893084,3.79546338794731,0.49249131439297,1
28,101,1,1,1.96552073893084,3.79546338794731,0.465125480686461,1
29,2,1,1,1.89566286273067,5.16539065895636,0.530080654727123,1
29,3,-1,1,1.71526669017987,0.632024848704002,0.721580303169308,-1
29,4,1,-1,1.80682032337667,0.651304670156566,0.948870127780498,1
29,5,-1,1,1.71526669017987,0.632024848704002,1.44217913013961,1
29,6,1,1,1.89566286273067,5.16539065895636,0.400595203538491,1
29,7,-1,1,1.71526669017987,0.632024848704002,0.619185873178581,-1
29,8,1,-1,1.80682032337667,0.651304670156566,0.520654481904618,1
29,9,1,1,1.89566286273067,5.16539065895636,0.56003951387564,1
29,10,-1,1,1.71526669017987,0.632024848704002,0.429876062635366,1
29,11,1,1,1.89566286273067,5.16539065895636,0.326847280611811,1
29,12,1,1,1.89566286273067,5.16539065895636,0.408033743138747,1
29,13,-1,1,1.71526669017987,0.632024848704002,0.817415548088398,1
29,14,-1,1,1.71526669017987,0.632024848704002,1.04289961863555,1
29,15,1,1,1.89566286273067,5.16539065895636,0.544886742986772,1
29,16,1,1,1.89566286273067,5.16539065895636,0.348088627769653,1
29,17,-1,1,1.71526669017987,0.632024848704002,0.464452420023842,1
29,18,-1,1,1.71526669017987,0.632024848704002,0.775498092320986,1
29,19,-1,1,1.71526669017987,0.632024848704002,0.800962881897447,-1
29,20,-1,-1,1.63487863625904,0.751279822183073,0.940233641347768,1
29,21,1,1,1.89566286273067,5.16539065895636,0.546322951728381,1
29,22,1,1,1.89566286273067,5.16539065895636,0.812204678371915,1
29,23,1,1,1.89566286273067,5.16539065895636,0.354612928072969,1
29,24,1,1,1.89566286273067,5.16539065895636,0.395304765124699,1
29,25,1,1,1.89566286273067,5.16539065895636,0.395785607966043,1
29,26,1,1,1.89566286273067,5.16539065895636,0.52724198700123,1
29,27,1,1,1.89566286273067,5.16539065895636,0.408786079501306,1
29,28,-1,1,1.71526669017987,0.632024848704002,1.07187983776559,1
29,29,-1,1,1.71526669017987,0.632024848704002,0.963293756412654,-1
29,30,-1,-1,1.63487863625904,0.751279822183073,0.877472292931173,-1
29,31,-1,-1,1.63487863625904,0.751279822183073,0.656792999342967,1
29,32,-1,1,1.71526669017987,0.632024848704002,0.52776657654387,1
29,33,-1,1,1.71526669017987,0.632024848704002,0.468367256508174,1
29,34,1,1,1.89566286273067,5.16539065895636,0.482403929475003,1
29,35,-1,1,1.71526669017987,0.632024848704002,0.496018546490572,1
29,36,-1,1,1.71526669017987,0.632024848704002,0.534367753823508,1
29,37,-1,1,1.71526669017987,0.632024848704002,0.754603311581619,1
29,38,1,1,1.89566286273067,5.16539065895636,0.37027975001215,1
29,39,1,1,1.89566286273067,5.16539065895636,0.510159948994227,1
29,40,-1,1,1.71526669017987,0.632024848704002,0.746973498216463,1
29,41,1,1,1.89566286273067,5.16539065895636,0.360540427978104,1
29,42,-1,1,1.71526669017987,0.632024848704002,2.52545639472731,1
29,43,1,1,1.89566286273067,5.16539065895636,0.51613885985846,1
29,44,1,1,1.89566286273067,5.16539065895636,0.379046213873069,1
29,45,1,1,1.89566286273067,5.16539065895636,0.482859812119403,1
29,46,1,1,1.89566286273067,5.16539065895636,0.348436741720132,1
29,47,1,1,1.89566286273067,5.16539065895636,0.377671406437333,1
29,48,1,1,1.89566286273067,5.16539065895636,0.448556631567248,1
29,49,-1,1,1.71526669017987,0.632024848704002,0.529414682739981,1
29,50,-1,1,1.71526669017987,0.632024848704002,0.572383024476946,-1
29,51,-1,-1,1.63487863625904,0.751279822183073,0.394829982699515,1
29,52,-1,1,1.71526669017987,0.632024848704002,0.946061305903741,-1
29,53,-1,-1,1.63487863625904,0.751279822183073,0.695043054693328,1
29,54,-1,1,1.71526669017987,0.632024848704002,0.534917901995063,1
29,55,1,1,1.89566286273067,5.16539065895636,0.411517346244426,1
29,56,1,1,1.89566286273067,5.16539065895636,0.512353604657715,1
29,57,1,1,1.89566286273067,5.16539065895636,0.412104780424268,1
29,58,-1,1,1.71526669017987,0.632024848704002,0.590918243549943,1
29,59,-1,1,1.71526669017987,0.632024848704002,0.863146150762059,1
29,60,1,1,1.89566286273067,5.16539065895636,0.421091321098089,1
29,61,-1,1,1.71526669017987,0.632024848704002,0.543477579696564,1
29,62,1,1,1.89566286273067,5.16539065895636,0.361322730419167,1
29,63,-1,1,1.71526669017987,0.632024848704002,2.09663177019094,1
29,64,-1,1,1.71526669017987,0.632024848704002,0.653573751463806,1
29,65,-1,1,1.71526669017987,0.632024848704002,1.01593620504961,1
29,66,1,1,1.89566286273067,5.16539065895636,0.476088756028174,1
29,67,1,1,1.89566286273067,5.16539065895636,0.563974586817728,1
29,68,1,1,1.89566286273067,5.16539065895636,0.338386709196599,1
29,69,-1,1,1.71526669017987,0.632024848704002,0.971117318761576,1
29,70,1,1,1.89566286273067,5.16539065895636,0.518797202210611,1
29,71,1,1,1.89566286273067,5.16539065895636,0.48841895596026,1
29,72,-1,1,1.71526669017987,0.632024848704002,0.599660237332673,1
29,73,-1,1,1.71526669017987,0.632024848704002,1.14995900471544,1
29,74,-1,1,1.71526669017987,0.632024848704002,0.61085896518744,-1
29,75,1,-1,1.80682032337667,0.651304670156566,1.72302447103586,1
29,76,1,1,1.89566286273067,5.16539065895636,0.374095697299316,1
29,77,1,1,1.89566286273067,5.16539065895636,0.556368260524088,1
29,78,-1,1,1.71526669017987,0.632024848704002,1.09680931523498,1
29,79,1,1,1.89566286273067,5.16539065895636,0.381589724867037,1
29,80,1,1,1.89566286273067,5.16539065895636,0.566606276945169,1
29,81,-1,1,1.71526669017987,0.632024848704002,0.775011579751763,1
29,82,-1,1,1.71526669017987,0.632024848704002,0.723106423787656,1
29,83,-1,1,1.71526669017987,0.632024848704002,1.71730231202023,1
29,84,-1,1,1.71526669017987,0.632024848704002,0.529124629807353,1
29,85,-1,1,1.71526669017987,0.632024848704002,0.833343478190957,-1
29,86,-1,-1,1.63487863625904,0.751279822183073,0.567811693205207,1
29,87,1,1,1.89566286273067,5.16539065895636,0.347665044620916,1
29,88,-1,1,1.71526669017987,0.632024848704002,0.787666267610906,-1
29,89,1,-1,1.80682032337667,0.651304670156566,0.386715289886022,1
29,90,-1,1,1.71526669017987,0.632024848704002,1.47073618516792,1
29,91,1,1,1.89566286273067,5.16539065895636,0.450164544213134,1
29,92,-1,1,1.71526669017987,0.632024848704002,0.432645208015825,1
29,93,1,1,1.89566286273067,5.16539065895636,0.438271907756736,1
29,94,1,1,1.89566286273067,5.16539065895636,0.379462205637576,1
29,95,1,1,1.89566286273067,5.16539065895636,0.38389446541234,1
29,96,1,1,1.89566286273067,5.16539065895636,0.437704046339137,1
29,97,1,1,1.89566286273067,5.16539065895636,0.37976071355802,1
29,98,-1,1,1.71526669017987,0.632024848704002,0.821788706106682,-1
29,99,1,-1,1.80682032337667,0.651304670156566,0.479287393918543,1
29,100,-1,1,1.71526669017987,0.632024848704002,1.2394926230669,1
29,101,-1,1,1.71526669017987,0.632024848704002,0.378672820254706,1
30,2,1,1,1.96304952092625,3.30592775572696,0.831699184705733,1
30,3,1,1,1.96304952092625,3.30592775572696,0.421484814952502,1
30,4,1,1,1.96304952092625,3.30592775572696,0.456203221333877,1
30,5,-1,1,1.77624065999163,0.520262789703452,0.483843447755606,1
30,6,-1,1,1.77624065999163,0.520262789703452,0.4186529793242,1
30,7,1,1,1.96304952092625,3.30592775572696,0.416608661947811,1
30,8,-1,1,1.77624065999163,0.520262789703452,0.937961021542137,1
30,9,-1,1,1.77624065999163,0.520262789703452,1.8817678989319,-1
30,10,1,-1,1.87104882410112,2.20825124348639,1.13178183904619,1
30,11,1,1,1.96304952092625,3.30592775572696,0.51274065515062,1
30,12,-1,1,1.77624065999163,0.520262789703452,0.471206290917371,1
30,13,-1,1,1.77624065999163,0.520262789703452,0.59787078558642,1
30,14,-1,1,1.77624065999163,0.520262789703452,0.56840551351963,-1
30,15,1,-1,1.87104882410112,2.20825124348639,0.854229539343313,1
30,16,1,1,1.96304952092625,3.30592775572696,0.374842137046456,1
30,17,-1,1,1.77624065999163,0.520262789703452,1.68930179939026,1
30,18,-1,1,1.77624065999163,0.520262789703452,1.31905644389298,1
30,19,1,1,1.96304952092625,3.30592775572696,0.554563439924208,1
30,20,1,1,1.96304952092625,3.30592775572696,0.421210288469266,1
30,21,-1,1,1.77624065999163,0.520262789703452,0.613860187317984,-1
30,22,-1,-1,1.69299498701887,1.1655582110832,0.912149691807878,1
30,23,-1,1,1.77624065999163,0.520262789703452,0.633644907575307,-1
30,24,1,-1,1.87104882410112,2.20825124348639,1.2407490093342,1
30,25,-1,1,1.77624065999163,0.520262789703452,1.27239946118252,-1
30,26,1,-1,1.87104882410112,2.20825124348639,0.456791829509749,1
30,27,1,1,1.96304952092625,3.30592775572696,0.53055181599038,1
30,28,-1,1,1.77624065999163,0.520262789703452,1.26925795292503,-1
30,29,-1,-1,1.69299498701887,1.1655582110832,1.14038559869521,1
30,30,1,1,1.96304952092625,3.30592775572696,0.366017672173882,1
30,31,-1,1,1.77624065999163,0.520262789703452,0.539130565960309,1
30,32,-1,1,1.77624065999163,0.520262789703452,0.628004683874266,1
30,33,1,1,1.96304952092625,3.30592775572696,0.406700835127678,1
30,34,1,1,1.96304952092625,3.30592775572696,0.469723733954259,1
30,35,-1,1,1.77624065999163,0.520262789703452,1.34885224544714,-1
30,36,1,-1,1.87104882410112,2.20825124348639,0.62546044408469,1
30,37,-1,1,1.77624065999163,0.520262789703452,1.25053741369384,1
30,38,1,1,1.96304952092625,3.30592775572696,0.370594609543836,1
30,39,-1,1,1.77624065999163,0.520262789703452,1.27818545094906,1
30,40,1,1,1.96304952092625,3.30592775572696,0.629654269873397,1
30,41,1,1,1.96304952092625,3.30592775572696,0.541817547945243,1
30,42,-1,1,1.77624065999163,0.520262789703452,0.429602376024406,-1
30,43,1,-1,1.87104882410112,2.20825124348639,0.674034534285679,1
30,44,1,1,1.96304952092625,3.30592775572696,0.409453663288753,1
30,45,-1,1,1.77624065999163,0.520262789703452,0.756371082348966,-1
30,46,-1,-1,1.69299498701887,1.1655582110832,2.32372229382015,1
30,47,1,1,1.96304952092625,3.30592775572696,0.548781321376966,1
30,48,-1,1,1.77624065999163,0.520262789703452,0.408451708663591,1
30,49,1,1,1.96304952092625,3.30592775572696,0.42519857136799,1
30,50,-1,1,1.77624065999163,0.520262789703452,0.798326724690691,1
30,51,-1,1,1.77624065999163,0.520262789703452,0.701223370933044,1
30,52,1,1,1.96304952092625,3.30592775572696,0.457645577428119,1
30,53,-1,1,1.77624065999163,0.520262789703452,3.33163695928569,1
30,54,1,1,1.96304952092625,3.30592775572696,0.650674993772298,1
30,55,1,1,1.96304952092625,3.30592775572696,0.736824226566243,1
30,56,1,1,1.96304952092625,3.30592775572696,0.541045575145697,1
30,57,1,1,1.96304952092625,3.30592775572696,0.711405200003466,1
30,58,-1,1,1.77624065999163,0.520262789703452,0.880391939893327,-1
30,59,-1,-1,1.69299498701887,1.1655582110832,1.60142796403803,1
30,60,1,1,1.96304952092625,3.30592775572696,0.770427689963034,1
30,61,1,1,1.96304952092625,3.30592775572696,0.52431101639828,1
30,62,1,1,1.96304952092625,3.30592775572696,0.365496212527907,1
30,63,-1,1,1.77624065999163,0.520262789703452,0.619740926136987,-1
30,64,1,-1,1.87104882410112,2.20825124348639,0.605194639307111,1
30,65,-1,1,1.77624065999163,0.520262789703452,1.37427102302226,1
30,66,-1,1,1.77624065999163,0.520262789703452,0.820282492542273,-1
30,67,-1,-1,1.69299498701887,1.1655582110832,0.935470277513688,1
30,68,-1,1,1.77624065999163,0.520262789703452,0.597464000068426,-1
30,69,-1,-1,1.69299498701887,1.1655582110832,1.94541244479256,1
30,70,-1,1,1.77624065999163,0.520262789703452,0.818796029090347,1
30,71,1,1,1.96304952092625,3.30592775572696,0.486650656693453,1
30,72,1,1,1.96304952092625,3.30592775572696,0.630900255481959,1
30,73,1,1,1.96304952092625,3.30592775572696,0.420929475043327,1
30,74,1,1,1.96304952092625,3.30592775572696,0.415400012647045,1
30,75,1,1,1.96304952092625,3.30592775572696,0.502428216137783,1
30,76,-1,1,1.77624065999163,0.520262789703452,1.90375739406548,1
30,77,-1,1,1.77624065999163,0.520262789703452,0.610789752433752,1
30,78,-1,1,1.77624065999163,0.520262789703452,0.616542364237256,1
30,79,-1,1,1.77624065999163,0.520262789703452,0.653763268274381,1
30,80,1,1,1.96304952092625,3.30592775572696,0.377299082426676,1
30,81,-1,1,1.77624065999163,0.520262789703452,2.04500732234673,1
30,82,1,1,1.96304952092625,3.30592775572696,0.430848323579157,1
30,83,-1,1,1.77624065999163,0.520262789703452,0.559083879530242,1
30,84,1,1,1.96304952092625,3.30592775572696,0.305021532140917,1
30,85,-1,1,1.77624065999163,0.520262789703452,0.702150294627215,1
30,86,-1,1,1.77624065999163,0.520262789703452,0.539201684819586,1
30,87,-1,1,1.77624065999163,0.520262789703452,0.835541584890679,1
30,88,-1,1,1.77624065999163,0.520262789703452,1.45703779429421,-1
30,89,-1,-1,1.69299498701887,1.1655582110832,0.886821016464107,1
30,90,1,1,1.96304952092625,3.30592775572696,0.436953451453586,1
30,91,1,1,1.96304952092625,3.30592775572696,0.348080039793413,1
30,92,1,1,1.96304952092625,3.30592775572696,0.413695777416128,1
30,93,1,1,1.96304952092625,3.30592775572696,0.384501094800661,1
30,94,1,1,1.96304952092625,3.30592775572696,0.500159718432523,1
30,95,1,1,1.96304952092625,3.30592775572696,0.365943830479207,1
30,96,-1,1,1.77624065999163,0.520262789703452,0.443084194518206,1
30,97,1,1,1.96304952092625,3.30592775572696,0.490108062167352,1
30,98,-1,1,1.77624065999163,0.520262789703452,1.24369430209223,1
30,99,1,1,1.96304952092625,3.30592775572696,0.336850618883721,1
30,100,1,1,1.96304952092625,3.30592775572696,0.720977212077471,1
30,101,-1,1,1.77624065999163,0.520262789703452,0.489846443474462,-1
31,2,-1,1,1.83193318129351,1.45872257141689,0.63569512435828,1
31,3,-1,1,1.83193318129351,1.45872257141689,0.554688459586451,1
31,4,-1,1,1.83193318129351,1.45872257141689,0.755495516919133,1
31,5,1,1,2.02459927582339,3.39162189012016,0.398746212310528,1
31,6,1,1,2.02459927582339,3.39162189012016,0.567736630070708,1
31,7,1,1,2.02459927582339,3.39162189012016,0.38524252714015,1
31,8,1,1,2.02459927582339,3.39162189012016,0.671637965330161,1
31,9,-1,1,1.83193318129351,1.45872257141689,0.442442517461236,1
31,10,1,1,2.02459927582339,3.39162189012016,0.652669684583486,1
31,11,-1,1,1.83193318129351,1.45872257141689,0.791127499885263,1
31,12,1,1,2.02459927582339,3.39162189012016,0.290963901780291,1
31,13,-1,1,1.83193318129351,1.45872257141689,0.492212711676049,1
31,14,-1,1,1.83193318129351,1.45872257141689,0.582615784213878,1
31,15,-1,1,1.83193318129351,1.45872257141689,0.611539347614844,1
31,16,-1,1,1.83193318129351,1.45872257141689,0.960585834864034,-1
31,17,-1,-1,1.74607741075923,1.07610291582179,0.545561140942162,1
31,18,1,1,2.02459927582339,3.39162189012016,0.810981147126021,1
31,19,-1,1,1.83193318129351,1.45872257141689,0.683842134302551,1
31,20,-1,1,1.83193318129351,1.45872257141689,0.83083956599077,1
31,21,-1,1,1.83193318129351,1.45872257141689,0.555879784180186,1
31,22,1,1,2.02459927582339,3.39162189012016,0.816726318820259,1
31,23,1,1,2.02459927582339,3.39162189012016,0.429856329441853,1
31,24,-1,1,1.83193318129351,1.45872257141689,0.377522931037987,1
31,25,-1,1,1.83193318129351,1.45872257141689,0.558075836415275,1
31,26,1,1,2.02459927582339,3.39162189012016,0.535753402162542,1
31,27,-1,1,1.83193318129351,1.45872257141689,0.655797913601434,1
31,28,-1,1,1.83193318129351,1.45872257141689,1.03002762276638,1
31,29,1,1,2.02459927582339,3.39162189012016,0.395400410313512,1
31,30,1,1,2.02459927582339,3.39162189012016,0.540885630940276,1
31,31,1,1,2.02459927582339,3.39162189012016,0.685908207695381,1
31,32,-1,1,1.83193318129351,1.45872257141689,1.9722946891397,1
31,33,-1,1,1.83193318129351,1.45872257141689,0.521646254501646,-1
31,34,1,-1,1.92971397507993,1.27355262264116,0.583443182437352,1
31,35,-1,1,1.83193318129351,1.45872257141689,0.939936532032336,1
31,36,-1,1,1.83193318129351,1.45872257141689,0.614725568973256,1
31,37,-1,1,1.83193318129351,1.45872257141689,0.321805885954335,1
31,38,1,1,2.02459927582339,3.39162189012016,0.458084127824268,1
31,39,-1,1,1.83193318129351,1.45872257141689,0.818377375732473,1
31,40,-1,1,1.83193318129351,1.45872257141689,0.545394257552372,1
31,41,-1,1,1.83193318129351,1.45872257141689,1.74755004098875,1
31,42,1,1,2.02459927582339,3.39162189012016,0.404486128004095,1
31,43,-1,1,1.83193318129351,1.45872257141689,0.507455401902574,1
31,44,1,1,2.02459927582339,3.39162189012016,0.563660035477475,1
31,45,1,1,2.02459927582339,3.39162189012016,0.488799200594456,1
31,46,-1,1,1.83193318129351,1.45872257141689,0.491937517475041,1
31,47,1,1,2.02459927582339,3.39162189012016,0.403853856512235,1
31,48,-1,1,1.83193318129351,1.45872257141689,0.493046057939133,1
31,49,1,1,2.02459927582339,3.39162189012016,0.495739230834442,1
31,50,1,1,2.02459927582339,3.39162189012016,0.95354405021862,1
31,51,-1,1,1.83193318129351,1.45872257141689,0.465267196463267,1
31,52,-1,1,1.83193318129351,1.45872257141689,0.899362748412284,1
31,53,-1,1,1.83193318129351,1.45872257141689,0.584136154019053,-1
31,54,-1,-1,1.74607741075923,1.07610291582179,0.822052267883056,1
31,55,1,1,2.02459927582339,3.39162189012016,1.086979513961,1
31,56,-1,1,1.83193318129351,1.45872257141689,0.813176510717004,1
31,57,-1,1,1.83193318129351,1.45872257141689,0.869221639608693,1
31,58,1,1,2.02459927582339,3.39162189012016,0.350660012042634,1
31,59,1,1,2.02459927582339,3.39162189012016,0.39127570736481,1
31,60,1,1,2.02459927582339,3.39162189012016,0.572341588996772,1
31,61,1,1,2.02459927582339,3.39162189012016,0.410151801467399,1
31,62,-1,1,1.83193318129351,1.45872257141689,1.68808261197498,1
31,63,-1,1,1.83193318129351,1.45872257141689,3.12725487358419,1
31,64,1,1,2.02459927582339,3.39162189012016,0.433059598044338,1
31,65,-1,1,1.83193318129351,1.45872257141689,0.413200428916598,1
31,66,1,1,2.02459927582339,3.39162189012016,0.668707804709434,1
31,67,-1,1,1.83193318129351,1.45872257141689,0.949574966532839,1
31,68,1,1,2.02459927582339,3.39162189012016,0.566759458514052,1
31,69,-1,1,1.83193318129351,1.45872257141689,1.01855328047831,1
31,70,-1,1,1.83193318129351,1.45872257141689,0.43985370483764,1
31,71,-1,1,1.83193318129351,1.45872257141689,0.640903910561364,1
31,72,1,1,2.02459927582339,3.39162189012016,0.441683239024653,1
31,73,1,1,2.02459927582339,3.39162189012016,0.533042116244384,1
31,74,-1,1,1.83193318129351,1.45872257141689,2.11959989620993,-1
31,75,-1,-1,1.74607741075923,1.07610291582179,0.793791138965534,1
31,76,1,1,2.02459927582339,3.39162189012016,0.501930748801318,1
31,77,-1,1,1.83193318129351,1.45872257141689,0.644922151298258,1
31,78,-1,1,1.83193318129351,1.45872257141689,0.75426473951211,1
31,79,1,1,2.02459927582339,3.39162189012016,0.609515254872565,1
31,80,1,1,2.02459927582339,3.39162189012016,0.794745609616768,1
31,81,1,1,2.02459927582339,3.39162189012016,0.535780974709525,1
31,82,1,1,2.02459927582339,3.39162189012016,0.515523528345245,1
31,83,-1,1,1.83193318129351,1.45872257141689,1.25995486050465,1
31,84,-1,1,1.83193318129351,1.45872257141689,0.520915342341801,1
31,85,1,1,2.02459927582339,3.39162189012016,0.580814862317596,1
31,86,1,1,2.02459927582339,3.39162189012016,0.567594364632906,1
31,87,1,1,2.02459927582339,3.39162189012016,0.850583131329775,1
31,88,1,1,2.02459927582339,3.39162189012016,0.570392548055726,1
31,89,1,1,2.02459927582339,3.39162189012016,0.469249091903771,1
31,90,-1,1,1.83193318129351,1.45872257141689,1.5470776720806,1
31,91,1,1,2.02459927582339,3.39162189012016,0.452931063169129,1
31,92,1,1,2.02459927582339,3.39162189012016,0.335448296012219,1
31,93,1,1,2.02459927582339,3.39162189012016,1.36047373851611,1
31,94,1,1,2.02459927582339,3.39162189012016,0.551091225669855,1
31,95,1,1,2.02459927582339,3.39162189012016,0.361854231442764,1
31,96,-1,1,1.83193318129351,1.45872257141689,0.698887974528183,1
31,97,1,1,2.02459927582339,3.39162189012016,0.464240684964549,1
31,98,-1,1,1.83193318129351,1.45872257141689,0.697478122897879,1
31,99,1,1,2.02459927582339,3.39162189012016,0.792192035159368,1
31,100,1,1,2.02459927582339,3.39162189012016,0.651854049919548,1
31,101,1,1,2.02459927582339,3.39162189012016,0.467349008315088,1
32,2,1,1,2.19649717966579,2.62221047490145,2.05176479533604,1
32,3,-1,1,1.98747283677206,2.11530284558961,0.561420365339955,1
32,4,1,1,2.19649717966579,2.62221047490145,0.39251806508928,1
32,5,-1,1,1.98747283677206,2.11530284558961,0.399576128853511,1
32,6,-1,1,1.98747283677206,2.11530284558961,1.35141820504424,1
32,7,1,1,2.19649717966579,2.62221047490145,0.592682073738235,1
32,8,1,1,2.19649717966579,2.62221047490145,0.407530273451821,1
32,9,-1,1,1.98747283677206,2.11530284558961,0.340126916990734,1
32,10,-1,1,1.98747283677206,2.11530284558961,1.53658655868404,1
32,11,-1,1,1.98747283677206,2.11530284558961,0.950053342332473,1
32,12,-1,1,1.98747283677206,2.11530284558961,1.12418012555072,1
32,13,-1,1,1.98747283677206,2.11530284558961,0.801746519150186,1
32,14,-1,1,1.98747283677206,2.11530284558961,0.420953825779562,1
32,15,-1,1,1.98747283677206,2.11530284558961,1.36591923195808,1
32,16,-1,1,1.98747283677206,2.11530284558961,0.618460986172662,1
32,17,1,1,2.19649717966579,2.62221047490145,0.653985301710154,1
32,18,1,1,2.19649717966579,2.62221047490145,0.761528527844469,1
32,19,-1,1,1.98747283677206,2.11530284558961,0.634654605959255,1
32,20,-1,1,1.98747283677206,2.11530284558961,0.584599513530223,1
32,21,-1,1,1.98747283677206,2.11530284558961,0.430019127231237,1
32,22,-1,1,1.98747283677206,2.11530284558961,0.477863734568232,1
32,23,1,1,2.19649717966579,2.62221047490145,0.556128574002549,1
32,24,-1,1,1.98747283677206,2.11530284558961,0.782887896923519,1
32,25,-1,1,1.98747283677206,2.11530284558961,0.918569995266473,1
32,26,-1,1,1.98747283677206,2.11530284558961,0.612164411799607,1
32,27,1,1,2.19649717966579,2.62221047490145,0.669144718326307,1
32,28,-1,1,1.98747283677206,2.11530284558961,0.709782367318872,1
32,29,-1,1,1.98747283677206,2.11530284558961,0.688500866599742,1
32,30,1,1,2.19649717966579,2.62221047490145,0.422738266920151,1
32,31,1,1,2.19649717966579,2.62221047490145,0.500392798851622,1
32,32,1,1,2.19649717966579,2.62221047490145,0.56336634470396,1
32,33,-1,1,1.98747283677206,2.11530284558961,1.86961487827761,1
32,34,1,1,2.19649717966579,2.62221047490145,0.993297345499309,1
32,35,-1,1,1.98747283677206,2.11530284558961,0.366137156690657,1
32,36,1,1,2.19649717966579,2.62221047490145,0.730789227593191,1
32,37,1,1,2.19649717966579,2.62221047490145,0.706879683243549,1
32,38,1,1,2.19649717966579,2.62221047490145,1.01829499198099,1
32,39,1,1,2.19649717966579,2.62221047490145,1.03085168373246,1
32,40,1,1,2.19649717966579,2.62221047490145,0.713521508186799,1
32,41,1,1,2.19649717966579,2.62221047490145,0.600036006065602,1
32,42,1,1,2.19649717966579,2.62221047490145,0.426333699760756,1
32,43,1,1,2.19649717966579,2.62221047490145,0.493938219236395,1
32,44,1,1,2.19649717966579,2.62221047490145,0.600909890671515,1
32,45,1,1,2.19649717966579,2.62221047490145,0.626882281549965,1
32,46,-1,1,1.98747283677206,2.11530284558961,0.449842174505294,1
32,47,-1,1,1.98747283677206,2.11530284558961,0.624019062708148,1
32,48,-1,1,1.98747283677206,2.11530284558961,0.638031460556459,1
32,49,1,1,2.19649717966579,2.62221047490145,0.530611889289985,1
32,50,-1,1,1.98747283677206,2.11530284558961,0.865959278707246,1
32,51,1,1,2.19649717966579,2.62221047490145,1.19333895718109,1
32,52,1,1,2.19649717966579,2.62221047490145,0.390962638939915,1
32,53,-1,1,1.98747283677206,2.11530284558961,1.19900931274372,1
32,54,-1,1,1.98747283677206,2.11530284558961,0.605421796775688,1
32,55,-1,1,1.98747283677206,2.11530284558961,0.745993652657387,1
32,56,1,1,2.19649717966579,2.62221047490145,0.423394587529662,1
32,57,1,1,2.19649717966579,2.62221047490145,0.814982413448168,1
32,58,1,1,2.19649717966579,2.62221047490145,0.561861566032661,1
32,59,-1,1,1.98747283677206,2.11530284558961,0.83906731572897,1
32,60,-1,1,1.98747283677206,2.11530284558961,0.356115826081616,1
32,61,-1,1,1.98747283677206,2.11530284558961,1.117004161122,1
32,62,1,1,2.19649717966579,2.62221047490145,0.767511550547023,1
32,63,-1,1,1.98747283677206,2.11530284558961,0.972258390037125,1
32,64,1,1,2.19649717966579,2.62221047490145,0.572234319800105,1
32,65,1,1,2.19649717966579,2.62221047490145,0.919315069044987,1
32,66,1,1,2.19649717966579,2.62221047490145,0.69360488788497,1
32,67,1,1,2.19649717966579,2.62221047490145,0.412474911472297,1
32,68,-1,1,1.98747283677206,2.11530284558961,0.545874724519887,1
32,69,-1,1,1.98747283677206,2.11530284558961,0.580990478834767,1
32,70,1,1,2.19649717966579,2.62221047490145,0.816497523263378,1
32,71,-1,1,1.98747283677206,2.11530284558961,0.52191968520996,1
32,72,1,1,2.19649717966579,2.62221047490145,0.598147018453062,1
32,73,-1,1,1.98747283677206,2.11530284558961,0.609501837565359,1
32,74,1,1,2.19649717966579,2.62221047490145,0.514955467999371,1
32,75,1,1,2.19649717966579,2.62221047490145,0.48728046677011,1
32,76,1,1,2.19649717966579,2.62221047490145,0.374872017902013,1
32,77,-1,1,1.98747283677206,2.11530284558961,1.13382138913863,1
32,78,-1,1,1.98747283677206,2.11530284558961,0.822277266429092,1
32,79,1,1,2.19649717966579,2.62221047490145,0.571481459111531,1
32,80,1,1,2.19649717966579,2.62221047490145,0.46148676527229,1
32,81,1,1,2.19649717966579,2.62221047490145,0.566796233049741,1
32,82,1,1,2.19649717966579,2.62221047490145,0.425189681279096,1
32,83,1,1,2.19649717966579,2.62221047490145,0.815362714304418,1
32,84,1,1,2.19649717966579,2.62221047490145,0.868954970067051,1
32,85,-1,1,1.98747283677206,2.11530284558961,0.83828931893394,1
32,86,1,1,2.19649717966579,2.62221047490145,0.560333064726957,1
32,87,-1,1,1.98747283677206,2.11530284558961,0.461371963445171,1
32,88,-1,1,1.98747283677206,2.11530284558961,0.638695219803161,1
32,89,-1,1,1.98747283677206,2.11530284558961,1.73177864616135,1
32,90,-1,1,1.98747283677206,2.11530284558961,0.770101483747979,-1
32,91,-1,-1,1.89432751162623,1.3286831061605,0.811615659658607,1
32,92,-1,1,1.98747283677206,2.11530284558961,0.379933008930595,1
32,93,1,1,2.19649717966579,2.62221047490145,0.416857961406052,1
32,94,1,1,2.19649717966579,2.62221047490145,0.632765331108425,1
32,95,1,1,2.19649717966579,2.62221047490145,0.394674591008945,1
32,96,-1,1,1.98747283677206,2.11530284558961,0.384400480341249,1
32,97,1,1,2.19649717966579,2.62221047490145,0.500395692936557,1
32,98,-1,1,1.98747283677206,2.11530284558961,0.369643390681669,1
32,99,-1,1,1.98747283677206,2.11530284558961,0.447407608789997,1
32,100,1,1,2.19649717966579,2.62221047490145,1.24613941507502,1
32,101,-1,1,1.98747283677206,2.11530284558961,0.804618680163415,1
33,2,1,1,2.07377372727723,4.69665270092397,0.320284622259034,1
33,3,1,1,2.07377372727723,4.69665270092397,0.53000004657354,1
33,4,1,1,2.07377372727723,4.69665270092397,0.401937172771777,1
33,5,1,1,2.07377372727723,4.69665270092397,0.476147376479822,1
33,6,1,1,2.07377372727723,4.69665270092397,0.431413486772326,1
33,7,-1,1,1.87642806498033,0.626414100887045,1.12412426291444,1
33,8,1,1,2.07377372727723,4.69665270092397,0.310602276339087,1
33,9,1,1,2.07377372727723,4.69665270092397,0.436044251440964,1
33,10,1,1,2.07377372727723,4.69665270092397,0.713027308447067,1
33,11,1,1,2.07377372727723,4.69665270092397,0.473972210596352,1
33,12,-1,1,1.87642806498033,0.626414100887045,1.35337185455484,-1
33,13,1,-1,1.97658380622158,1.62422745171804,0.488520491810205,1
33,14,-1,1,1.87642806498033,0.626414100887045,0.551800484355449,1
33,15,1,1,2.07377372727723,4.69665270092397,0.40580327127743,1
33,16,1,1,2.07377372727723,4.69665270092397,0.468631673954199,1
33,17,-1,1,1.87642806498033,0.626414100887045,1.09114938244255,1
33,18,-1,1,1.87642806498033,0.626414100887045,0.776550260358497,1
33,19,1,1,2.07377372727723,4.69665270092397,0.54498302110481,1
33,20,-1,1,1.87642806498033,0.626414100887045,0.437133577299144,1
33,21,1,1,2.07377372727723,4.69665270092397,0.582440674234754,1
33,22,1,1,2.07377372727723,4.69665270092397,0.47510040139265,1
33,23,1,1,2.07377372727723,4.69665270092397,0.359842459488915,1
33,24,-1,1,1.87642806498033,0.626414100887045,0.581066111036868,-1
33,25,-1,-1,1.78848698775322,0.25270574647094,1.61099364630077,1
33,26,-1,1,1.87642806498033,0.626414100887045,0.291521609954561,1
33,27,-1,1,1.87642806498033,0.626414100887045,1.8157761102908,1
33,28,-1,1,1.87642806498033,0.626414100887045,0.346503449729817,1
33,29,1,1,2.07377372727723,4.69665270092397,0.433562640459044,1
33,30,1,1,2.07377372727723,4.69665270092397,0.378685776753435,1
33,31,1,1,2.07377372727723,4.69665270092397,0.425161357956153,1
33,32,1,1,2.07377372727723,4.69665270092397,0.480138681558853,1
33,33,-1,1,1.87642806498033,0.626414100887045,2.25598339400677,1
33,34,1,1,2.07377372727723,4.69665270092397,0.403436379033235,1
33,35,-1,1,1.87642806498033,0.626414100887045,0.583296898243165,1
33,36,-1,1,1.87642806498033,0.626414100887045,0.680940603176653,1
33,37,1,1,2.07377372727723,4.69665270092397,0.423255931226325,1
33,38,-1,1,1.87642806498033,0.626414100887045,1.28234458331227,1
33,39,-1,1,1.87642806498033,0.626414100887045,0.528513642352137,1
33,40,-1,1,1.87642806498033,0.626414100887045,0.578238932795578,-1
33,41,1,-1,1.97658380622158,1.62422745171804,0.903770863605693,1
33,42,-1,1,1.87642806498033,0.626414100887045,1.29637941095119,1
33,43,1,1,2.07377372727723,4.69665270092397,0.373056443170676,1
33,44,-1,1,1.87642806498033,0.626414100887045,0.876331403876508,-1
33,45,-1,-1,1.78848698775322,0.25270574647094,0.682535596664219,-1
33,46,-1,-1,1.78848698775322,0.25270574647094,0.528046983735475,1
33,47,1,1,2.07377372727723,4.69665270092397,0.516793957938168,1
33,48,-1,1,1.87642806498033,0.626414100887045,1.87333978042425,-1
33,49,-1,-1,1.78848698775322,0.25270574647094,1.48456605206834,1
33,50,1,1,2.07377372727723,4.69665270092397,0.563387106461253,1
33,51,1,1,2.07377372727723,4.69665270092397,0.550515244476091,1
33,52,-1,1,1.87642806498033,0.626414100887045,2.25581353568864,1
33,53,-1,1,1.87642806498033,0.626414100887045,1.8977506036767,-1
33,54,-1,-1,1.78848698775322,0.25270574647094,0.602853663832832,1
33,55,1,1,2.07377372727723,4.69665270092397,0.385706702309123,1
33,56,-1,1,1.87642806498033,0.626414100887045,0.597094349489239,1
33,57,1,1,2.07377372727723,4.69665270092397,0.768145463349944,1
33,58,-1,1,1.87642806498033,0.626414100887045,1.0876770569363,1
33,59,1,1,2.07377372727723,4.69665270092397,0.360787204417147,1
33,60,1,1,2.07377372727723,4.69665270092397,0.720881488966125,1
33,61,-1,1,1.87642806498033,0.626414100887045,0.476024708701494,1
33,62,1,1,2.07377372727723,4.69665270092397,0.399709381479236,1
33,63,-1,1,1.87642806498033,0.626414100887045,2.13047897620023,-1
33,64,-1,-1,1.78848698775322,0.25270574647094,1.50918807092419,-1
33,65,-1,-1,1.78848698775322,0.25270574647094,0.725946414771162,1
33,66,1,1,2.07377372727723,4.69665270092397,0.498623011484891,1
33,67,1,1,2.07377372727723,4.69665270092397,0.489114825905542,1
33,68,-1,1,1.87642806498033,0.626414100887045,0.482793286758517,1
33,69,1,1,2.07377372727723,4.69665270092397,0.466921054100619,1
33,70,-1,1,1.87642806498033,0.626414100887045,0.480897552874133,1
33,71,1,1,2.07377372727723,4.69665270092397,0.354035671300436,1
33,72,-1,1,1.87642806498033,0.626414100887045,1.26789336680661,1
33,73,1,1,2.07377372727723,4.69665270092397,0.674082511762827,1
33,74,1,1,2.07377372727723,4.69665270092397,0.402986393137854,1
33,75,-1,1,1.87642806498033,0.626414100887045,1.15275017075875,1
33,76,1,1,2.07377372727723,4.69665270092397,0.419266894879433,1
33,77,-1,1,1.87642806498033,0.626414100887045,2.31717054413354,1
33,78,-1,1,1.87642806498033,0.626414100887045,1.6502110248809,1
33,79,-1,1,1.87642806498033,0.626414100887045,0.861006624544444,1
33,80,-1,1,1.87642806498033,0.626414100887045,0.829331888272185,1
33,81,-1,1,1.87642806498033,0.626414100887045,0.847663149128375,1
33,82,-1,1,1.87642806498033,0.626414100887045,1.15449083604106,1
33,83,1,1,2.07377372727723,4.69665270092397,0.297041447034057,1
33,84,-1,1,1.87642806498033,0.626414100887045,1.09336091598302,1
33,85,-1,1,1.87642806498033,0.626414100887045,1.01557861723703,1
33,86,-1,1,1.87642806498033,0.626414100887045,0.99326544334442,1
33,87,-1,1,1.87642806498033,0.626414100887045,0.478344593262387,1
33,88,1,1,2.07377372727723,4.69665270092397,0.383831452971964,1
33,89,1,1,2.07377372727723,4.69665270092397,0.406087443392655,1
33,90,1,1,2.07377372727723,4.69665270092397,0.514874026886563,1
33,91,1,1,2.07377372727723,4.69665270092397,0.560605630823492,1
33,92,1,1,2.07377372727723,4.69665270092397,0.474131307315183,1
33,93,-1,1,1.87642806498033,0.626414100887045,1.20575800504893,1
33,94,-1,1,1.87642806498033,0.626414100887045,0.923848861355099,1
33,95,1,1,2.07377372727723,4.69665270092397,0.463611576769717,1
33,96,1,1,2.07377372727723,4.69665270092397,0.443846653386669,1
33,97,1,1,2.07377372727723,4.69665270092397,0.40444274676549,1
33,98,-1,1,1.87642806498033,0.626414100887045,0.546724429238717,1
33,99,-1,1,1.87642806498033,0.626414100887045,0.489465649522514,1
33,100,1,1,2.07377372727723,4.69665270092397,0.577184238760565,1
33,101,1,1,2.07377372727723,4.69665270092397,0.426589923745616,1
34,2,1,1,1.75504432471857,2.96481352395437,0.389527573901623,1
34,3,1,1,1.75504432471857,2.96481352395437,0.571716039620077,1
34,4,-1,1,1.58802977531701,0.98332962365082,0.396761466469449,1
34,5,1,1,1.75504432471857,2.96481352395437,0.340411161271863,1
34,6,1,1,1.75504432471857,2.96481352395437,0.541622499633733,1
34,7,-1,1,1.58802977531701,0.98332962365082,0.636353514113698,1
34,8,1,1,1.75504432471857,2.96481352395437,0.402427296753587,1
34,9,1,1,1.75504432471857,2.96481352395437,0.518776747245589,1
34,10,-1,1,1.58802977531701,0.98332962365082,0.524037697553018,1
34,11,-1,1,1.58802977531701,0.98332962365082,0.547102805058919,1
34,12,1,1,1.75504432471857,2.96481352395437,0.896000984241029,1
34,13,-1,1,1.58802977531701,0.98332962365082,1.0123505707441,1
34,14,1,1,1.75504432471857,2.96481352395437,0.491874571414595,1
34,15,-1,1,1.58802977531701,0.98332962365082,1.04757937917667,1
34,16,1,1,1.75504432471857,2.96481352395437,0.420026738709807,1
34,17,1,1,1.75504432471857,2.96481352395437,0.489845787276643,1
34,18,1,1,1.75504432471857,2.96481352395437,0.546787629119378,1
34,19,-1,1,1.58802977531701,0.98332962365082,0.487882982748689,1
34,20,-1,1,1.58802977531701,0.98332962365082,1.07755217202498,-1
34,21,1,-1,1.67279204370789,1.52906240845044,0.399749065759775,1
34,22,1,1,1.75504432471857,2.96481352395437,0.444311363933544,1
34,23,1,1,1.75504432471857,2.96481352395437,0.830190915195043,-1
34,24,-1,-1,1.51360483373974,1.72279444394438,0.628447484813987,1
34,25,-1,1,1.58802977531701,0.98332962365082,1.01080639756902,1
34,26,-1,1,1.58802977531701,0.98332962365082,0.34680362334347,1
34,27,-1,1,1.58802977531701,0.98332962365082,0.420653382907976,1
34,28,1,1,1.75504432471857,2.96481352395437,0.457641579096289,1
34,29,1,1,1.75504432471857,2.96481352395437,0.444207523369376,1
34,30,-1,1,1.58802977531701,0.98332962365082,0.709409002902763,1
34,31,-1,1,1.58802977531701,0.98332962365082,0.624005470350482,1
34,32,1,1,1.75504432471857,2.96481352395437,0.352573655683813,1
34,33,1,1,1.75504432471857,2.96481352395437,0.765639258674106,1
34,34,1,1,1.75504432471857,2.96481352395437,0.415772515131278,1
34,35,1,1,1.75504432471857,2.96481352395437,0.387413550223006,1
34,36,-1,1,1.58802977531701,0.98332962365082,0.412931475672674,1
34,37,-1,1,1.58802977531701,0.98332962365082,0.637446666119169,1
34,38,1,1,1.75504432471857,2.96481352395437,0.435537060519407,1
34,39,1,1,1.75504432471857,2.96481352395437,0.994502028696716,1
34,40,1,1,1.75504432471857,2.96481352395437,0.460530036350484,1
34,41,1,1,1.75504432471857,2.96481352395437,0.297605618369952,1
34,42,1,1,1.75504432471857,2.96481352395437,0.453591642157994,1
34,43,1,1,1.75504432471857,2.96481352395437,0.435507870697377,1
34,44,1,1,1.75504432471857,2.96481352395437,0.42733651795887,1
34,45,-1,1,1.58802977531701,0.98332962365082,0.68556538519354,1
34,46,-1,1,1.58802977531701,0.98332962365082,0.353157636688523,1
34,47,1,1,1.75504432471857,2.96481352395437,0.623195840363923,1
34,48,-1,1,1.58802977531701,0.98332962365082,0.769019268911421,1
34,49,1,1,1.75504432471857,2.96481352395437,0.842086862131517,1
34,50,-1,1,1.58802977531701,0.98332962365082,0.472414644888867,1
34,51,-1,1,1.58802977531701,0.98332962365082,0.542252518032327,1
34,52,-1,1,1.58802977531701,0.98332962365082,1.36817696964044,1
34,53,-1,1,1.58802977531701,0.98332962365082,0.40537200849054,1
34,54,-1,1,1.58802977531701,0.98332962365082,0.892139327268817,1
34,55,1,1,1.75504432471857,2.96481352395437,0.353045136438351,1
34,56,1,1,1.75504432471857,2.96481352395437,0.334469277567529,1
34,57,-1,1,1.58802977531701,0.98332962365082,0.423552963134873,-1
34,58,-1,-1,1.51360483373974,1.72279444394438,0.316475954034993,1
34,59,1,1,1.75504432471857,2.96481352395437,0.741113997691713,1
34,60,1,1,1.75504432471857,2.96481352395437,0.986095172091678,1
34,61,-1,1,1.58802977531701,0.98332962365082,0.504729523015268,1
34,62,1,1,1.75504432471857,2.96481352395437,0.416248734876156,1
34,63,-1,1,1.58802977531701,0.98332962365082,0.392334174868567,1
34,64,-1,1,1.58802977531701,0.98332962365082,0.468531916906531,1
34,65,1,1,1.75504432471857,2.96481352395437,0.483759726431876,1
34,66,-1,1,1.58802977531701,0.98332962365082,0.497245263372209,1
34,67,-1,1,1.58802977531701,0.98332962365082,0.902836590550623,1
34,68,1,1,1.75504432471857,2.96481352395437,0.608866100868935,1
34,69,-1,1,1.58802977531701,0.98332962365082,0.506742049714304,-1
34,70,-1,-1,1.51360483373974,1.72279444394438,0.811877621373832,1
34,71,-1,1,1.58802977531701,0.98332962365082,0.385672451766196,1
34,72,1,1,1.75504432471857,2.96481352395437,0.369891130009787,1
34,73,-1,1,1.58802977531701,0.98332962365082,0.497194461296298,1
34,74,1,1,1.75504432471857,2.96481352395437,0.330497347761759,1
34,75,-1,1,1.58802977531701,0.98332962365082,0.332196788481628,1
34,76,-1,1,1.58802977531701,0.98332962365082,0.328979160304811,1
34,77,1,1,1.75504432471857,2.96481352395437,0.772148262984438,1
34,78,-1,1,1.58802977531701,0.98332962365082,1.00379210498386,1
34,79,-1,1,1.58802977531701,0.98332962365082,0.684122630800728,1
34,80,1,1,1.75504432471857,2.96481352395437,0.326480281247506,1
34,81,1,1,1.75504432471857,2.96481352395437,0.390659587984303,1
34,82,1,1,1.75504432471857,2.96481352395437,0.563792702937705,1
34,83,1,1,1.75504432471857,2.96481352395437,0.479443606526351,1
34,84,1,1,1.75504432471857,2.96481352395437,0.490977269110817,1
34,85,-1,1,1.58802977531701,0.98332962365082,1.20038771295648,1
34,86,1,1,1.75504432471857,2.96481352395437,0.402806871024634,1
34,87,-1,1,1.58802977531701,0.98332962365082,1.13129099112664,1
34,88,-1,1,1.58802977531701,0.98332962365082,0.554551639061266,-1
34,89,-1,-1,1.51360483373974,1.72279444394438,0.556874877679915,1
34,90,1,1,1.75504432471857,2.96481352395437,0.450144424812307,1
34,91,-1,1,1.58802977531701,0.98332962365082,0.961413656594754,-1
34,92,-1,-1,1.51360483373974,1.72279444394438,0.923923453746692,1
34,93,-1,1,1.58802977531701,0.98332962365082,0.249732100836489,1
34,94,1,1,1.75504432471857,2.96481352395437,0.46707923389329,1
34,95,-1,1,1.58802977531701,0.98332962365082,0.553331269393067,1
34,96,-1,1,1.58802977531701,0.98332962365082,0.773774333285791,1
34,97,1,1,1.75504432471857,2.96481352395437,0.574870627381453,1
34,98,1,1,1.75504432471857,2.96481352395437,0.422260281298955,1
34,99,-1,1,1.58802977531701,0.98332962365082,1.2665301437993,1
34,100,1,1,1.75504432471857,2.96481352395437,0.506326342852327,1
34,101,-1,1,1.58802977531701,0.98332962365082,0.283933882923408,1
35,2,-1,1,1.66967688852231,1.89631481514019,0.396365540533648,1
35,3,-1,1,1.66967688852231,1.89631481514019,0.485174056744691,1
35,4,1,1,1.84527833977789,2.43968890088074,1.39142513378754,1
35,5,-1,1,1.66967688852231,1.89631481514019,0.464586782892543,1
35,6,1,1,1.84527833977789,2.43968890088074,0.323130412190478,1
35,7,1,1,1.84527833977789,2.43968890088074,0.623632539222268,1
35,8,-1,1,1.66967688852231,1.89631481514019,0.311626638994697,1
35,9,1,1,1.84527833977789,2.43968890088074,0.76766885251834,1
35,10,-1,1,1.66967688852231,1.89631481514019,0.481225091269658,1
35,11,1,1,1.84527833977789,2.43968890088074,0.417148894797278,1
35,12,-1,1,1.66967688852231,1.89631481514019,0.359234200818698,1
35,13,1,1,1.84527833977789,2.43968890088074,1.00167236084006,1
35,14,1,1,1.84527833977789,2.43968890088074,0.412912671115973,1
35,15,-1,1,1.66967688852231,1.89631481514019,0.424562251064648,1
35,16,1,1,1.84527833977789,2.43968890088074,0.240950465017721,1
35,17,-1,1,1.66967688852231,1.89631481514019,0.420068793982209,1
35,18,-1,1,1.66967688852231,1.89631481514019,0.643220881014776,1
35,19,-1,1,1.66967688852231,1.89631481514019,0.515332239585529,1
35,20,-1,1,1.66967688852231,1.89631481514019,0.53858944065541,1
35,21,1,1,1.84527833977789,2.43968890088074,0.355261870429459,1
35,22,1,1,1.84527833977789,2.43968890088074,0.335677437090751,1
35,23,-1,1,1.66967688852231,1.89631481514019,0.427103666491655,1
35,24,1,1,1.84527833977789,2.43968890088074,0.930495824678421,1
35,25,1,1,1.84527833977789,2.43968890088074,0.480055209006912,1
35,26,-1,1,1.66967688852231,1.89631481514019,0.24220778741063,1
35,27,-1,1,1.66967688852231,1.89631481514019,0.466049438394568,1
35,28,1,1,1.84527833977789,2.43968890088074,0.881054829768795,1
35,29,1,1,1.84527833977789,2.43968890088074,0.826560700204433,1
35,30,-1,1,1.66967688852231,1.89631481514019,0.580324829418765,1
35,31,1,1,1.84527833977789,2.43968890088074,0.44983342017535,1
35,32,-1,1,1.66967688852231,1.89631481514019,0.480628559256514,1
35,33,-1,1,1.66967688852231,1.89631481514019,0.491641638252122,1
35,34,1,1,1.84527833977789,2.43968890088074,0.561305991348507,1
35,35,1,1,1.84527833977789,2.43968890088074,0.509462084023944,1
35,36,1,1,1.84527833977789,2.43968890088074,0.383256100393374,1
35,37,1,1,1.84527833977789,2.43968890088074,0.72459706176785,1
35,38,-1,1,1.66967688852231,1.89631481514019,0.305413303557273,1
35,39,1,1,1.84527833977789,2.43968890088074,0.38144059061397,1
35,40,-1,1,1.66967688852231,1.89631481514019,0.436686273026627,1
35,41,-1,1,1.66967688852231,1.89631481514019,1.11015527791122,-1
35,42,-1,-1,1.59142545595306,2.81670400570708,0.309242056425577,1
35,43,1,1,1.84527833977789,2.43968890088074,0.649332723750152,1
35,44,1,1,1.84527833977789,2.43968890088074,0.626928881434846,1
35,45,1,1,1.84527833977789,2.43968890088074,0.725331927230946,1
35,46,1,1,1.84527833977789,2.43968890088074,0.569537058250957,1
35,47,1,1,1.84527833977789,2.43968890088074,0.367929790197852,1
35,48,-1,1,1.66967688852231,1.89631481514019,0.666751661841231,1
35,49,-1,1,1.66967688852231,1.89631481514019,0.681571532895118,1
35,50,-1,1,1.66967688852231,1.89631481514019,0.33625203336279,1
35,51,1,1,1.84527833977789,2.43968890088074,0.481707246343299,1
35,52,1,1,1.84527833977789,2.43968890088074,0.252951949045067,1
35,53,-1,1,1.66967688852231,1.89631481514019,0.31950752485655,-1
35,54,-1,-1,1.59142545595306,2.81670400570708,0.727783622400192,1
35,55,-1,1,1.66967688852231,1.89631481514019,0.463566107923347,1
35,56,1,1,1.84527833977789,2.43968890088074,0.373901271354823,1
35,57,1,1,1.84527833977789,2.43968890088074,0.343073699551167,1
35,58,-1,1,1.66967688852231,1.89631481514019,0.523767502059656,1
35,59,-1,1,1.66967688852231,1.89631481514019,0.783099943523091,1
35,60,-1,1,1.66967688852231,1.89631481514019,0.340094392187235,1
35,61,-1,1,1.66967688852231,1.89631481514019,0.693878454032804,1
35,62,1,1,1.84527833977789,2.43968890088074,0.806376260936115,1
35,63,1,1,1.84527833977789,2.43968890088074,0.294144648131116,1
35,64,1,1,1.84527833977789,2.43968890088074,0.360931242314919,1
35,65,1,1,1.84527833977789,2.43968890088074,0.528356034895486,1
35,66,-1,1,1.66967688852231,1.89631481514019,0.326070532493774,1
35,67,-1,1,1.66967688852231,1.89631481514019,0.338996571403395,1
35,68,-1,1,1.66967688852231,1.89631481514019,1.17636168198021,1
35,69,-1,1,1.66967688852231,1.89631481514019,0.313362215523607,1
35,70,1,1,1.84527833977789,2.43968890088074,0.443837342868709,1
35,71,-1,1,1.66967688852231,1.89631481514019,0.5691187712354,1
35,72,1,1,1.84527833977789,2.43968890088074,0.48817606130227,1
35,73,-1,1,1.66967688852231,1.89631481514019,0.474156382099285,1
35,74,-1,1,1.66967688852231,1.89631481514019,0.445157562306621,1
35,75,-1,1,1.66967688852231,1.89631481514019,0.352419437041851,1
35,76,1,1,1.84527833977789,2.43968890088074,0.440557963318958,1
35,77,1,1,1.84527833977789,2.43968890088074,0.529766765958351,1
35,78,-1,1,1.66967688852231,1.89631481514019,0.495480856078423,1
35,79,-1,1,1.66967688852231,1.89631481514019,0.43598286369229,-1
35,80,1,-1,1.7587971322046,0.0472922782719918,0.412660048109238,1
35,81,-1,1,1.66967688852231,1.89631481514019,1.63992089725301,1
35,82,-1,1,1.66967688852231,1.89631481514019,0.450348098615516,1
35,83,1,1,1.84527833977789,2.43968890088074,0.588005829406947,1
35,84,1,1,1.84527833977789,2.43968890088074,0.33215399120751,1
35,85,1,1,1.84527833977789,2.43968890088074,0.456039767024832,1
35,86,1,1,1.84527833977789,2.43968890088074,0.614167221366406,1
35,87,1,1,1.84527833977789,2.43968890088074,1.03412016107188,1
35,88,-1,1,1.66967688852231,1.89631481514019,0.434997685566964,1
35,89,1,1,1.84527833977789,2.43968890088074,0.740954591463461,1
35,90,-1,1,1.66967688852231,1.89631481514019,0.864824850317067,1
35,91,-1,1,1.66967688852231,1.89631481514019,0.329408040596431,1
35,92,-1,1,1.66967688852231,1.89631481514019,0.4856533423029,1
35,93,-1,1,1.66967688852231,1.89631481514019,0.630283157672453,1
35,94,1,1,1.84527833977789,2.43968890088074,0.822577734610815,1
35,95,1,1,1.84527833977789,2.43968890088074,0.386782247329621,1
35,96,-1,1,1.66967688852231,1.89631481514019,0.610217799068637,1
35,97,1,1,1.84527833977789,2.43968890088074,0.313253305546989,1
35,98,1,1,1.84527833977789,2.43968890088074,0.689007884078687,1
35,99,-1,1,1.66967688852231,1.89631481514019,0.720305362812937,1
35,100,1,1,1.84527833977789,2.43968890088074,1.07430093453486,1
35,101,1,1,1.84527833977789,2.43968890088074,0.860242634460358,1
36,2,1,1,2.10781846268925,3.72267628922707,0.327510525567024,1
36,3,1,1,2.10781846268925,3.72267628922707,0.562672792077628,1
36,4,1,1,2.10781846268925,3.72267628922707,0.455340109636996,1
36,5,-1,1,1.90723301546826,0.930868677037652,0.50006284967826,1
36,6,1,1,2.10781846268925,3.72267628922707,0.523725824049861,1
36,7,1,1,2.10781846268925,3.72267628922707,0.536078875250373,1
36,8,-1,1,1.90723301546826,0.930868677037652,1.41908918551934,1
36,9,-1,1,1.90723301546826,0.930868677037652,0.395498109149069,1
36,10,1,1,2.10781846268925,3.72267628922707,0.267021396479046,1
36,11,1,1,2.10781846268925,3.72267628922707,0.536328490232277,1
36,12,1,1,2.10781846268925,3.72267628922707,0.515143906571478,1
36,13,1,1,2.10781846268925,3.72267628922707,0.5532588639373,1
36,14,-1,1,1.90723301546826,0.930868677037652,1.8679479375929,1
36,15,-1,1,1.90723301546826,0.930868677037652,0.383233080831422,1
36,16,-1,1,1.90723301546826,0.930868677037652,0.458681288620334,1
36,17,1,1,2.10781846268925,3.72267628922707,0.435371793088307,1
36,18,-1,1,1.90723301546826,0.930868677037652,1.44035283101009,1
36,19,1,1,2.10781846268925,3.72267628922707,0.614915021427675,1
36,20,1,1,2.10781846268925,3.72267628922707,0.662815041942547,1
36,21,1,1,2.10781846268925,3.72267628922707,0.333212277819875,1
36,22,-1,1,1.90723301546826,0.930868677037652,0.335189619819919,1
36,23,1,1,2.10781846268925,3.72267628922707,0.392152096051328,1
36,24,1,1,2.10781846268925,3.72267628922707,0.489353845566684,1
36,25,1,1,2.10781846268925,3.72267628922707,0.429049118371116,1
36,26,1,1,2.10781846268925,3.72267628922707,0.6400734650796,1
36,27,-1,1,1.90723301546826,0.930868677037652,0.580882029510993,1
36,28,-1,1,1.90723301546826,0.930868677037652,1.1274209693473,1
36,29,-1,1,1.90723301546826,0.930868677037652,1.2781770908801,1
36,30,-1,1,1.90723301546826,0.930868677037652,0.648852829357694,1
36,31,-1,1,1.90723301546826,0.930868677037652,0.362100103784897,1
36,32,1,1,2.10781846268925,3.72267628922707,0.471984609975435,1
36,33,-1,1,1.90723301546826,0.930868677037652,0.595104756107847,1
36,34,-1,1,1.90723301546826,0.930868677037652,0.988749330957064,1
36,35,1,1,2.10781846268925,3.72267628922707,0.376325727800265,1
36,36,1,1,2.10781846268925,3.72267628922707,0.482235257005696,1
36,37,-1,1,1.90723301546826,0.930868677037652,1.19051530304018,1
36,38,1,1,2.10781846268925,3.72267628922707,0.472962699246153,1
36,39,1,1,2.10781846268925,3.72267628922707,0.70743879641984,1
36,40,-1,1,1.90723301546826,0.930868677037652,0.549186443547504,1
36,41,-1,1,1.90723301546826,0.930868677037652,0.988742671658885,1
36,42,1,1,2.10781846268925,3.72267628922707,0.350317080305966,1
36,43,-1,1,1.90723301546826,0.930868677037652,1.11644619359648,1
36,44,-1,1,1.90723301546826,0.930868677037652,0.498467381777539,1
36,45,-1,1,1.90723301546826,0.930868677037652,0.509819334762772,1
36,46,-1,1,1.90723301546826,0.930868677037652,1.15737793823072,1
36,47,-1,1,1.90723301546826,0.930868677037652,0.68809118213923,1
36,48,-1,1,1.90723301546826,0.930868677037652,1.2868641867762,1
36,49,1,1,2.10781846268925,3.72267628922707,0.432713475060041,1
36,50,1,1,2.10781846268925,3.72267628922707,0.306440419043389,1
36,51,-1,1,1.90723301546826,0.930868677037652,1.27429986431046,-1
36,52,-1,-1,1.81784822687252,-0.477331964108897,0.710858057002565,-1
36,53,1,-1,2.00903299381489,3.02378699784418,0.40138856416248,1
36,54,-1,1,1.90723301546826,0.930868677037652,0.302103033563937,1
36,55,1,1,2.10781846268925,3.72267628922707,0.693116123234714,1
36,56,-1,1,1.90723301546826,0.930868677037652,0.355301184816415,1
36,57,1,1,2.10781846268925,3.72267628922707,0.673735579472959,1
36,58,1,1,2.10781846268925,3.72267628922707,0.4605137603985,1
36,59,1,1,2.10781846268925,3.72267628922707,0.383753501855565,1
36,60,-1,1,1.90723301546826,0.930868677037652,1.11039728544524,-1
36,61,-1,-1,1.81784822687252,-0.477331964108897,0.615862556016326,-1
36,62,-1,-1,1.81784822687252,-0.477331964108897,1.26575701188516,1
36,63,-1,1,1.90723301546826,0.930868677037652,0.810644327489461,1
36,64,1,1,2.10781846268925,3.72267628922707,0.407014395231206,1
36,65,1,1,2.10781846268925,3.72267628922707,0.473997236373354,1
36,66,-1,1,1.90723301546826,0.930868677037652,0.39214329461681,1
36,67,-1,1,1.90723301546826,0.930868677037652,0.862127810438516,1
36,68,-1,1,1.90723301546826,0.930868677037652,1.01895014652158,1
36,69,1,1,2.10781846268925,3.72267628922707,0.267267378215462,1
36,70,-1,1,1.90723301546826,0.930868677037652,0.90853755113105,-1
36,71,-1,-1,1.81784822687252,-0.477331964108897,0.68687086046746,-1
36,72,1,-1,2.00903299381489,3.02378699784418,0.767356469282573,1
36,73,1,1,2.10781846268925,3.72267628922707,0.445501556833848,1
36,74,1,1,2.10781846268925,3.72267628922707,0.420918184698362,1
36,75,1,1,2.10781846268925,3.72267628922707,0.543177577195841,1
36,76,-1,1,1.90723301546826,0.930868677037652,1.26241398092308,1
36,77,1,1,2.10781846268925,3.72267628922707,0.446144864099659,1
36,78,1,1,2.10781846268925,3.72267628922707,0.704839061658986,1
36,79,1,1,2.10781846268925,3.72267628922707,0.448949055178112,1
36,80,1,1,2.10781846268925,3.72267628922707,0.591656286982167,1
36,81,-1,1,1.90723301546826,0.930868677037652,0.345736152310739,1
36,82,1,1,2.10781846268925,3.72267628922707,0.481552975142053,1
36,83,-1,1,1.90723301546826,0.930868677037652,0.708421920892833,1
36,84,-1,1,1.90723301546826,0.930868677037652,0.757780420400724,1
36,85,1,1,2.10781846268925,3.72267628922707,0.515535716741316,1
36,86,1,1,2.10781846268925,3.72267628922707,0.464604561862356,1
36,87,1,1,2.10781846268925,3.72267628922707,0.495320789579026,1
36,88,1,1,2.10781846268925,3.72267628922707,0.842748186358983,1
36,89,-1,1,1.90723301546826,0.930868677037652,0.437767290520579,1
36,90,-1,1,1.90723301546826,0.930868677037652,3.24424897626449,1
36,91,1,1,2.10781846268925,3.72267628922707,0.81839385122112,1
36,92,1,1,2.10781846268925,3.72267628922707,0.373165118903626,1
36,93,-1,1,1.90723301546826,0.930868677037652,0.920077017469775,-1
36,94,-1,-1,1.81784822687252,-0.477331964108897,0.843345207305852,-1
36,95,-1,-1,1.81784822687252,-0.477331964108897,0.712844904189096,-1
36,96,1,-1,2.00903299381489,3.02378699784418,0.291898190431235,1
36,97,-1,1,1.90723301546826,0.930868677037652,1.52826129947461,1
36,98,-1,1,1.90723301546826,0.930868677037652,1.80831429918581,1
36,99,-1,1,1.90723301546826,0.930868677037652,1.01662451084175,1
36,100,1,1,2.10781846268925,3.72267628922707,0.294977056781497,1
36,101,-1,1,1.90723301546826,0.930868677037652,0.324101417065849,1
37,2,-1,1,2.30405031007264,2.56878323071716,0.500335438784003,1
37,3,-1,1,2.30405031007264,2.56878323071716,0.712314897522666,1
37,4,-1,1,2.30405031007264,2.56878323071716,0.717243805357172,1
37,5,1,1,2.54636939647546,2.81296687705881,0.531070408292773,1
37,6,-1,1,2.30405031007264,2.56878323071716,0.453394138535843,1
37,7,-1,1,2.30405031007264,2.56878323071716,0.305587485651017,1
37,8,-1,1,2.30405031007264,2.56878323071716,0.616279374228604,1
37,9,1,1,2.54636939647546,2.81296687705881,0.431907761060581,1
37,10,-1,1,2.30405031007264,2.56878323071716,0.484347905565104,1
37,11,1,1,2.54636939647546,2.81296687705881,0.661760699519249,1
37,12,-1,1,2.30405031007264,2.56878323071716,0.507203733747242,1
37,13,1,1,2.54636939647546,2.81296687705881,1.08769342937129,1
37,14,-1,1,2.30405031007264,2.56878323071716,0.773902549236175,1
37,15,1,1,2.54636939647546,2.81296687705881,0.536265624262392,1
37,16,-1,1,2.30405031007264,2.56878323071716,0.41972751135696,1
37,17,-1,1,2.30405031007264,2.56878323071716,1.00518708449223,1
37,18,1,1,2.54636939647546,2.81296687705881,0.498973665397672,1
37,19,-1,1,2.30405031007264,2.56878323071716,0.356367345166704,1
37,20,1,1,2.54636939647546,2.81296687705881,0.711869322634814,1
37,21,-1,1,2.30405031007264,2.56878323071716,0.449958671878445,1
37,22,1,1,2.54636939647546,2.81296687705881,0.672081161093284,1
37,23,-1,1,2.30405031007264,2.56878323071716,1.32386282948029,1
37,24,1,1,2.54636939647546,2.81296687705881,0.488343621765354,1
37,25,-1,1,2.30405031007264,2.56878323071716,0.448192975388255,1
37,26,1,1,2.54636939647546,2.81296687705881,0.415506338040093,1
37,27,1,1,2.54636939647546,2.81296687705881,0.959582164517926,1
37,28,-1,1,2.30405031007264,2.56878323071716,0.799646865845209,1
37,29,1,1,2.54636939647546,2.81296687705881,0.745898456642731,1
37,30,1,1,2.54636939647546,2.81296687705881,0.934815165834067,1
37,31,-1,1,2.30405031007264,2.56878323071716,0.439469598274905,1
37,32,1,1,2.54636939647546,2.81296687705881,0.600662373446291,1
37,33,-1,1,2.30405031007264,2.56878323071716,0.814937859990243,1
37,34,-1,1,2.30405031007264,2.56878323071716,1.21387162504846,1
37,35,1,1,2.54636939647546,2.81296687705881,0.390612654416571,1
37,36,-1,1,2.30405031007264,2.56878323071716,0.30009029921948,1
37,37,-1,1,2.30405031007264,2.56878323071716,0.449062529775925,1
37,38,-1,1,2.30405031007264,2.56878323071716,0.401148329883795,1
37,39,-1,1,2.30405031007264,2.56878323071716,0.514600988493571,1
37,40,-1,1,2.30405031007264,2.56878323071716,0.533498046793535,1
37,41,1,1,2.54636939647546,2.81296687705881,0.474851034920708,1
37,42,1,1,2.54636939647546,2.81296687705881,0.562121426163308,1
37,43,-1,1,2.30405031007264,2.56878323071716,0.413693292705908,1
37,44,-1,1,2.30405031007264,2.56878323071716,0.528084078735208,1
37,45,-1,1,2.30405031007264,2.56878323071716,0.447510930637272,1
37,46,1,1,2.54636939647546,2.81296687705881,0.432159711795185,1
37,47,-1,1,2.30405031007264,2.56878323071716,0.722182397402675,1
37,48,-1,1,2.30405031007264,2.56878323071716,0.551295155898528,1
37,49,-1,1,2.30405031007264,2.56878323071716,0.809453295276828,1
37,50,-1,1,2.30405031007264,2.56878323071716,0.52353661452953,1
37,51,1,1,2.54636939647546,2.81296687705881,0.756868285658762,1
37,52,-1,1,2.30405031007264,2.56878323071716,0.831967885230996,1
37,53,1,1,2.54636939647546,2.81296687705881,0.998556957926963,1
37,54,-1,1,2.30405031007264,2.56878323071716,0.576349976855162,1
37,55,-1,1,2.30405031007264,2.56878323071716,0.579993125714894,1
37,56,1,1,2.54636939647546,2.81296687705881,0.835668650243853,1
37,57,1,1,2.54636939647546,2.81296687705881,0.530305182202878,1
37,58,1,1,2.54636939647546,2.81296687705881,0.759592846607733,1
37,59,1,1,2.54636939647546,2.81296687705881,0.931511958283095,1
37,60,-1,1,2.30405031007264,2.56878323071716,0.713899461973591,1
37,61,1,1,2.54636939647546,2.81296687705881,1.2580950725063,1
37,62,1,1,2.54636939647546,2.81296687705881,0.378262226961857,1
37,63,-1,1,2.30405031007264,2.56878323071716,0.534832285057864,1
37,64,1,1,2.54636939647546,2.81296687705881,0.411246800614717,1
37,65,1,1,2.54636939647546,2.81296687705881,0.411944597024881,1
37,66,1,1,2.54636939647546,2.81296687705881,0.54851709111822,1
37,67,1,1,2.54636939647546,2.81296687705881,0.419858826336024,1
37,68,-1,1,2.30405031007264,2.56878323071716,0.529596806134535,1
37,69,-1,1,2.30405031007264,2.56878323071716,0.519589820047895,1
37,70,1,1,2.54636939647546,2.81296687705881,0.519138121667804,1
37,71,1,1,2.54636939647546,2.81296687705881,1.3097597199675,1
37,72,1,1,2.54636939647546,2.81296687705881,0.418387866161569,1
37,73,1,1,2.54636939647546,2.81296687705881,0.641234696887777,1
37,74,1,1,2.54636939647546,2.81296687705881,0.370340541438317,1
37,75,1,1,2.54636939647546,2.81296687705881,0.450271811946428,1
37,76,1,1,2.54636939647546,2.81296687705881,0.710513396148424,1
37,77,1,1,2.54636939647546,2.81296687705881,0.428381664155226,1
37,78,-1,1,2.30405031007264,2.56878323071716,0.288914914461252,1
37,79,-1,1,2.30405031007264,2.56878323071716,0.454808276531784,1
37,80,1,1,2.54636939647546,2.81296687705881,0.402800907281458,1
37,81,-1,1,2.30405031007264,2.56878323071716,0.685201863010072,1
37,82,1,1,2.54636939647546,2.81296687705881,1.69705478099296,1
37,83,1,1,2.54636939647546,2.81296687705881,0.767303761996354,1
37,84,-1,1,2.30405031007264,2.56878323071716,0.353859085030115,1
37,85,-1,1,2.30405031007264,2.56878323071716,0.496545676313231,1
37,86,-1,1,2.30405031007264,2.56878323071716,0.382639718658842,1
37,87,1,1,2.54636939647546,2.81296687705881,0.438498501164727,1
37,88,1,1,2.54636939647546,2.81296687705881,0.673540886923569,1
37,89,-1,1,2.30405031007264,2.56878323071716,0.765965943105172,1
37,90,-1,1,2.30405031007264,2.56878323071716,0.734328947788063,1
37,91,1,1,2.54636939647546,2.81296687705881,0.457804220313955,1
37,92,1,1,2.54636939647546,2.81296687705881,0.344680079696321,1
37,93,-1,1,2.30405031007264,2.56878323071716,0.447362325169698,1
37,94,1,1,2.54636939647546,2.81296687705881,0.38924751301176,1
37,95,-1,1,2.30405031007264,2.56878323071716,0.609099699143913,1
37,96,-1,1,2.30405031007264,2.56878323071716,0.417445115140757,1
37,97,1,1,2.54636939647546,2.81296687705881,0.55794961528348,1
37,98,-1,1,2.30405031007264,2.56878323071716,0.693532140902155,1
37,99,1,1,2.54636939647546,2.81296687705881,0.29165977752197,1
37,100,1,1,2.54636939647546,2.81296687705881,0.552623282907301,1
37,101,1,1,2.54636939647546,2.81296687705881,0.680981011211293,1
38,2,1,1,2.28636677303323,4.29107703666195,0.340225165429894,1
38,3,1,1,2.28636677303323,4.29107703666195,0.44776477811306,1
38,4,-1,1,2.06879020759459,1.53647774756435,0.563215674326102,1
38,5,-1,1,2.06879020759459,1.53647774756435,0.667527876682497,1
38,6,-1,1,2.06879020759459,1.53647774756435,1.27348079475901,1
38,7,-1,1,2.06879020759459,1.53647774756435,0.70705084369017,1
38,8,-1,1,2.06879020759459,1.53647774756435,1.14616142033576,1
38,9,1,1,2.28636677303323,4.29107703666195,0.358434239331343,1
38,10,-1,1,2.06879020759459,1.53647774756435,0.839382079031423,1
38,11,1,1,2.28636677303323,4.29107703666195,0.52907108545766,1
38,12,1,1,2.28636677303323,4.29107703666195,0.394991568470418,1
38,13,1,1,2.28636677303323,4.29107703666195,0.332584015352079,1
38,14,-1,1,2.06879020759459,1.53647774756435,0.652418294221688,1
38,15,1,1,2.28636677303323,4.29107703666195,0.382894698601364,1
38,16,-1,1,2.06879020759459,1.53647774756435,0.391799909344662,1
38,17,1,1,2.28636677303323,4.29107703666195,0.465494784785691,1
38,18,1,1,2.28636677303323,4.29107703666195,0.397163720374219,1
38,19,-1,1,2.06879020759459,1.53647774756435,1.47703706190719,1
38,20,-1,1,2.06879020759459,1.53647774756435,0.54407019933433,-1
38,21,-1,-1,1.97183384523349,0.248139714218904,0.611014038368554,1
38,22,1,1,2.28636677303323,4.29107703666195,0.574841738893728,1
38,23,-1,1,2.06879020759459,1.53647774756435,0.819701471067837,1
38,24,1,1,2.28636677303323,4.29107703666195,0.462097710771664,1
38,25,-1,1,2.06879020759459,1.53647774756435,0.742550105011192,1
38,26,1,1,2.28636677303323,4.29107703666195,0.44505747413375,1
38,27,-1,1,2.06879020759459,1.53647774756435,0.725680345730985,1
38,28,-1,1,2.06879020759459,1.53647774756435,0.360596544832764,1
38,29,-1,1,2.06879020759459,1.53647774756435,0.333888736828589,1
38,30,-1,1,2.06879020759459,1.53647774756435,0.833195873882915,1
38,31,1,1,2.28636677303323,4.29107703666195,0.332369357843596,1
38,32,1,1,2.28636677303323,4.29107703666195,0.503735456030647,1
38,33,1,1,2.28636677303323,4.29107703666195,0.387520677523769,1
38,34,-1,1,2.06879020759459,1.53647774756435,0.599538912067308,1
38,35,-1,1,2.06879020759459,1.53647774756435,0.394340562557242,1
38,36,-1,1,2.06879020759459,1.53647774756435,0.735991860232416,1
38,37,-1,1,2.06879020759459,1.53647774756435,0.669090841239862,1
38,38,1,1,2.28636677303323,4.29107703666195,0.373626241810399,1
38,39,1,1,2.28636677303323,4.29107703666195,0.607405895199835,1
38,40,-1,1,2.06879020759459,1.53647774756435,0.421066719056396,1
38,41,-1,1,2.06879020759459,1.53647774756435,0.45116799442737,1
38,42,1,1,2.28636677303323,4.29107703666195,0.527756446916694,1
38,43,1,1,2.28636677303323,4.29107703666195,0.383769147192225,1
38,44,1,1,2.28636677303323,4.29107703666195,0.685000284242854,1
38,45,1,1,2.28636677303323,4.29107703666195,0.540573268717498,1
38,46,1,1,2.28636677303323,4.29107703666195,0.59477532461386,1
38,47,1,1,2.28636677303323,4.29107703666195,0.835905376127802,1
38,48,-1,1,2.06879020759459,1.53647774756435,0.913631142389972,1
38,49,-1,1,2.06879020759459,1.53647774756435,0.545236455422046,1
38,50,-1,1,2.06879020759459,1.53647774756435,0.852023181744816,1
38,51,1,1,2.28636677303323,4.29107703666195,0.380785317683911,1
38,52,1,1,2.28636677303323,4.29107703666195,0.890558996066097,1
38,53,1,1,2.28636677303323,4.29107703666195,0.476617928343357,1
38,54,1,1,2.28636677303323,4.29107703666195,0.420181930971972,1
38,55,1,1,2.28636677303323,4.29107703666195,0.425198809802682,1
38,56,-1,1,2.06879020759459,1.53647774756435,0.477895781008005,1
38,57,1,1,2.28636677303323,4.29107703666195,0.378382853115282,1
38,58,1,1,2.28636677303323,4.29107703666195,0.437869538495818,1
38,59,1,1,2.28636677303323,4.29107703666195,0.339005732094505,1
38,60,1,1,2.28636677303323,4.29107703666195,0.602046540307402,1
38,61,1,1,2.28636677303323,4.29107703666195,0.72270542754691,1
38,62,-1,1,2.06879020759459,1.53647774756435,1.20023368967564,-1
38,63,-1,-1,1.97183384523349,0.248139714218904,2.37504885727407,1
38,64,1,1,2.28636677303323,4.29107703666195,0.445752768936821,1
38,65,1,1,2.28636677303323,4.29107703666195,0.332056321248729,1
38,66,-1,1,2.06879020759459,1.53647774756435,0.766213159619121,1
38,67,1,1,2.28636677303323,4.29107703666195,0.322913024708718,1
38,68,-1,1,2.06879020759459,1.53647774756435,1.94297510190037,1
38,69,-1,1,2.06879020759459,1.53647774756435,0.827024597840232,1
38,70,1,1,2.28636677303323,4.29107703666195,0.404917178106605,1
38,71,-1,1,2.06879020759459,1.53647774756435,0.456199700088956,-1
38,72,-1,-1,1.97183384523349,0.248139714218904,0.498536328585083,1
38,73,-1,1,2.06879020759459,1.53647774756435,0.980412995837133,1
38,74,1,1,2.28636677303323,4.29107703666195,0.417410804868935,1
38,75,1,1,2.28636677303323,4.29107703666195,0.571597524976549,1
38,76,-1,1,2.06879020759459,1.53647774756435,0.738586107005106,1
38,77,-1,1,2.06879020759459,1.53647774756435,0.598379266856864,1
38,78,1,1,2.28636677303323,4.29107703666195,0.478439854413911,1
38,79,1,1,2.28636677303323,4.29107703666195,0.397081732012634,1
38,80,-1,1,2.06879020759459,1.53647774756435,1.95750089096443,-1
38,81,1,-1,2.17921342102933,1.12430550155479,0.937973090229484,-1
38,82,-1,-1,1.97183384523349,0.248139714218904,2.01012406086718,1
38,83,-1,1,2.06879020759459,1.53647774756435,1.33870953611462,1
38,84,-1,1,2.06879020759459,1.53647774756435,0.447649545176167,1
38,85,-1,1,2.06879020759459,1.53647774756435,0.980498166403662,-1
38,86,-1,-1,1.97183384523349,0.248139714218904,0.566280091662488,1
38,87,-1,1,2.06879020759459,1.53647774756435,0.633260508311488,1
38,88,-1,1,2.06879020759459,1.53647774756435,1.05875547996946,1
38,89,1,1,2.28636677303323,4.29107703666195,0.361259019894452,1
38,90,-1,1,2.06879020759459,1.53647774756435,0.879574057682768,1
38,91,-1,1,2.06879020759459,1.53647774756435,2.58297555763487,1
38,92,1,1,2.28636677303323,4.29107703666195,0.532502599247263,1
38,93,-1,1,2.06879020759459,1.53647774756435,0.468891649068588,1
38,94,1,1,2.28636677303323,4.29107703666195,0.504848030588536,1
38,95,1,1,2.28636677303323,4.29107703666195,0.82023915094342,1
38,96,-1,1,2.06879020759459,1.53647774756435,0.89047934254491,1
38,97,1,1,2.28636677303323,4.29107703666195,0.379034275220692,1
38,98,-1,1,2.06879020759459,1.53647774756435,0.461615639336786,1
38,99,1,1,2.28636677303323,4.29107703666195,0.532030108563744,1
38,100,1,1,2.28636677303323,4.29107703666195,0.380354737332053,1
38,101,1,1,2.28636677303323,4.29107703666195,0.475222651401689,1
39,2,1,1,2.21037268625767,2.15055147728514,0.327573909418034,1
39,3,-1,1,2.0000279143306,1.63565902432847,0.743262233987127,1
39,4,-1,1,2.0000279143306,1.63565902432847,0.569136361047681,1
39,5,-1,1,2.0000279143306,1.63565902432847,0.849254393974626,1
39,6,1,1,2.21037268625767,2.15055147728514,0.574490129318363,1
39,7,-1,1,2.0000279143306,1.63565902432847,0.526031146582206,1
39,8,-1,1,2.0000279143306,1.63565902432847,1.1690408872853,1
39,9,1,1,2.21037268625767,2.15055147728514,1.44265631014624,1
39,10,1,1,2.21037268625767,2.15055147728514,0.404293842972262,1
39,11,1,1,2.21037268625767,2.15055147728514,0.857315459490146,1
39,12,-1,1,2.0000279143306,1.63565902432847,0.785440741138633,1
39,13,-1,1,2.0000279143306,1.63565902432847,0.761627062649156,1
39,14,1,1,2.21037268625767,2.15055147728514,0.469053022586498,1
39,15,-1,1,2.0000279143306,1.63565902432847,1.06750655151816,1
39,16,1,1,2.21037268625767,2.15055147728514,1.68755208858288,1
39,17,-1,1,2.0000279143306,1.63565902432847,0.58591376260456,1
39,18,1,1,2.21037268625767,2.15055147728514,0.52841734954826,1
39,19,-1,1,2.0000279143306,1.63565902432847,0.65524904934442,1
39,20,-1,1,2.0000279143306,1.63565902432847,0.819487729933982,1
39,21,1,1,2.21037268625767,2.15055147728514,0.810749490415264,1
39,22,-1,1,2.0000279143306,1.63565902432847,0.615472810801086,1
39,23,-1,1,2.0000279143306,1.63565902432847,0.57434784772545,1
39,24,-1,1,2.0000279143306,1.63565902432847,0.873647886225368,1
39,25,1,1,2.21037268625767,2.15055147728514,0.688956227966743,1
39,26,-1,1,2.0000279143306,1.63565902432847,0.57048317801588,1
39,27,1,1,2.21037268625767,2.15055147728514,0.985314101262796,1
39,28,-1,1,2.0000279143306,1.63565902432847,1.63256411575425,1
39,29,-1,1,2.0000279143306,1.63565902432847,0.660470399494888,1
39,30,-1,1,2.0000279143306,1.63565902432847,0.749252328473038,1
39,31,1,1,2.21037268625767,2.15055147728514,0.280647218600007,1
39,32,-1,1,2.0000279143306,1.63565902432847,0.529833496598904,1
39,33,1,1,2.21037268625767,2.15055147728514,0.643255482350808,1
39,34,-1,1,2.0000279143306,1.63565902432847,0.779584936822699,1
39,35,1,1,2.21037268625767,2.15055147728514,0.637616337985403,1
39,36,1,1,2.21037268625767,2.15055147728514,0.94763722125563,1
39,37,-1,1,2.0000279143306,1.63565902432847,0.707266019076877,1
39,38,1,1,2.21037268625767,2.15055147728514,0.509267627570074,1
39,39,-1,1,2.0000279143306,1.63565902432847,0.560077914236254,1
39,40,-1,1,2.0000279143306,1.63565902432847,0.680230977664799,1
39,41,1,1,2.21037268625767,2.15055147728514,0.461772773047597,1
39,42,1,1,2.21037268625767,2.15055147728514,0.811025934752088,1
39,43,1,1,2.21037268625767,2.15055147728514,0.674224014394447,1
39,44,1,1,2.21037268625767,2.15055147728514,0.560810221397615,-1
39,45,-1,-1,1.90629418024665,1.25905044695945,0.452797915334252,1
39,46,1,1,2.21037268625767,2.15055147728514,0.741490415908457,1
39,47,-1,1,2.0000279143306,1.63565902432847,0.551929770006884,1
39,48,1,1,2.21037268625767,2.15055147728514,1.39016147462358,1
39,49,-1,1,2.0000279143306,1.63565902432847,0.409054017495598,1
39,50,-1,1,2.0000279143306,1.63565902432847,0.629479393919429,1
39,51,-1,1,2.0000279143306,1.63565902432847,0.507440204058885,1
39,52,1,1,2.21037268625767,2.15055147728514,0.465948952914738,1
39,53,-1,1,2.0000279143306,1.63565902432847,0.735354833347497,1
39,54,-1,1,2.0000279143306,1.63565902432847,0.599789798854255,1
39,55,-1,1,2.0000279143306,1.63565902432847,0.459266194833802,1
39,56,-1,1,2.0000279143306,1.63565902432847,0.619429151961117,1
39,57,1,1,2.21037268625767,2.15055147728514,1.03056514731557,1
39,58,1,1,2.21037268625767,2.15055147728514,0.568432036799999,1
39,59,1,1,2.21037268625767,2.15055147728514,0.561950646964901,1
39,60,1,1,2.21037268625767,2.15055147728514,0.422513049765382,1
39,61,1,1,2.21037268625767,2.15055147728514,0.69136418075633,1
39,62,-1,1,2.0000279143306,1.63565902432847,1.64772944365229,1
39,63,1,1,2.21037268625767,2.15055147728514,0.801593141780255,1
39,64,1,1,2.21037268625767,2.15055147728514,0.759175742762892,1
39,65,1,1,2.21037268625767,2.15055147728514,0.784896092402719,1
39,66,-1,1,2.0000279143306,1.63565902432847,0.649957280369458,1
39,67,-1,1,2.0000279143306,1.63565902432847,0.461558764082212,1
39,68,-1,1,2.0000279143306,1.63565902432847,0.530137354188756,1
39,69,1,1,2.21037268625767,2.15055147728514,0.413997072322303,1
39,70,-1,1,2.0000279143306,1.63565902432847,1.21078783448539,1
39,71,-1,1,2.0000279143306,1.63565902432847,1.21968610652976,1
39,72,1,1,2.21037268625767,2.15055147728514,0.765684601858713,1
39,73,1,1,2.21037268625767,2.15055147728514,0.815621223066439,1
39,74,-1,1,2.0000279143306,1.63565902432847,0.381775422166727,1
39,75,1,1,2.21037268625767,2.15055147728514,0.690095677484275,1
39,76,1,1,2.21037268625767,2.15055147728514,0.449529277304076,1
39,77,-1,1,2.0000279143306,1.63565902432847,0.537973187606069,1
39,78,1,1,2.21037268625767,2.15055147728514,1.11557650461906,1
39,79,1,1,2.21037268625767,2.15055147728514,1.61397130445476,1
39,80,1,1,2.21037268625767,2.15055147728514,0.457069281884394,1
39,81,1,1,2.21037268625767,2.15055147728514,0.786345995536244,1
39,82,-1,1,2.0000279143306,1.63565902432847,0.560251129952458,1
39,83,1,1,2.21037268625767,2.15055147728514,0.433565681502194,1
39,84,-1,1,2.0000279143306,1.63565902432847,0.771846256108972,1
39,85,-1,1,2.0000279143306,1.63565902432847,0.612930131690914,1
39,86,1,1,2.21037268625767,2.15055147728514,0.761571697786041,1
39,87,1,1,2.21037268625767,2.15055147728514,0.634092919496686,1
39,88,1,1,2.21037268625767,2.15055147728514,0.700054704495798,1
39,89,1,1,2.21037268625767,2.15055147728514,0.843949464125156,1
39,90,-1,1,2.0000279143306,1.63565902432847,1.05280230448522,-1
39,91,1,-1,2.10678088930545,2.15473905142694,0.561092652048524,1
39,92,-1,1,2.0000279143306,1.63565902432847,0.503215927838614,1
39,93,-1,1,2.0000279143306,1.63565902432847,1.34586057320078,1
39,94,-1,1,2.0000279143306,1.63565902432847,1.81905318887637,1
39,95,-1,1,2.0000279143306,1.63565902432847,0.52561174390362,1
39,96,-1,1,2.0000279143306,1.63565902432847,0.752560269040997,1
39,97,1,1,2.21037268625767,2.15055147728514,0.700536283029603,1
39,98,-1,1,2.0000279143306,1.63565902432847,0.990678365383365,1
39,99,1,1,2.21037268625767,2.15055147728514,0.573553566882051,1
39,100,1,1,2.21037268625767,2.15055147728514,0.562591935462602,1
39,101,1,1,2.21037268625767,2.15055147728514,0.335297893373261,1
40,2,1,1,2.49004367032226,3.64718617435704,0.444188785398792,1
40,3,1,1,2.49004367032226,3.64718617435704,0.487443717216163,1
40,4,1,1,2.49004367032226,3.64718617435704,0.322166455526741,1
40,5,-1,1,2.25308468545118,0.347018551488936,1.19929296308867,-1
40,6,1,-1,2.37334475348263,2.63776386114932,0.683879023999768,1
40,7,-1,1,2.25308468545118,0.347018551488936,0.738542587899893,1
40,8,1,1,2.49004367032226,3.64718617435704,0.403231157697582,1
40,9,1,1,2.49004367032226,3.64718617435704,0.861732221178896,1
40,10,1,1,2.49004367032226,3.64718617435704,0.506067420409638,1
40,11,-1,1,2.25308468545118,0.347018551488936,1.77658014835051,-1
40,12,-1,-1,2.14749113885041,0.568031413004706,1.20102203170606,-1
40,13,-1,-1,2.14749113885041,0.568031413004706,0.685967815429946,-1
40,14,1,-1,2.37334475348263,2.63776386114932,0.793949663443105,1
40,15,-1,1,2.25308468545118,0.347018551488936,0.651200151996028,-1
40,16,1,-1,2.37334475348263,2.63776386114932,1.1364091465381,1
40,17,1,1,2.49004367032226,3.64718617435704,0.396752459251032,1
40,18,-1,1,2.25308468545118,0.347018551488936,0.794612862170439,1
40,19,-1,1,2.25308468545118,0.347018551488936,1.78519918238794,-1
40,20,-1,-1,2.14749113885041,0.568031413004706,1.47485614514236,1
40,21,-1,1,2.25308468545118,0.347018551488936,2.4452287511216,-1
40,22,1,-1,2.37334475348263,2.63776386114932,0.456509822159111,1
40,23,1,1,2.49004367032226,3.64718617435704,0.464500170925618,1
40,24,-1,1,2.25308468545118,0.347018551488936,1.38654425927259,-1
40,25,1,-1,2.37334475348263,2.63776386114932,0.426913120817786,1
40,26,1,1,2.49004367032226,3.64718617435704,0.603076834929143,1
40,27,1,1,2.49004367032226,3.64718617435704,0.486650694342851,1
40,28,-1,1,2.25308468545118,0.347018551488936,0.679211507239062,1
40,29,1,1,2.49004367032226,3.64718617435704,0.735333749338802,1
40,30,1,1,2.49004367032226,3.64718617435704,0.529613011582474,1
40,31,-1,1,2.25308468545118,0.347018551488936,0.659284255054338,1
40,32,1,1,2.49004367032226,3.64718617435704,0.698831286856421,1
40,33,-1,1,2.25308468545118,0.347018551488936,1.75570068905626,1
40,34,-1,1,2.25308468545118,0.347018551488936,0.4306410938281,-1
40,35,1,-1,2.37334475348263,2.63776386114932,0.319387727377241,1
40,36,-1,1,2.25308468545118,0.347018551488936,0.947270584413936,-1
40,37,1,-1,2.37334475348263,2.63776386114932,0.675615441093393,1
40,38,1,1,2.49004367032226,3.64718617435704,0.515037226047738,1
40,39,1,1,2.49004367032226,3.64718617435704,0.499292600708775,1
40,40,-1,1,2.25308468545118,0.347018551488936,1.00695975268498,1
40,41,-1,1,2.25308468545118,0.347018551488936,0.363943797833228,1
40,42,-1,1,2.25308468545118,0.347018551488936,1.04215802422412,1
40,43,1,1,2.49004367032226,3.64718617435704,0.324297219564928,1
40,44,-1,1,2.25308468545118,0.347018551488936,1.00228678078726,1
40,45,-1,1,2.25308468545118,0.347018551488936,0.442132122126153,-1
40,46,1,-1,2.37334475348263,2.63776386114932,1.36284697074441,1
40,47,-1,1,2.25308468545118,0.347018551488936,1.57780703421174,1
40,48,1,1,2.49004367032226,3.64718617435704,0.354615060961645,1
40,49,1,1,2.49004367032226,3.64718617435704,0.693747577962595,1
40,50,1,1,2.49004367032226,3.64718617435704,0.509087743977174,1
40,51,1,1,2.49004367032226,3.64718617435704,0.313878212247632,1
40,52,1,1,2.49004367032226,3.64718617435704,0.369481129743028,1
40,53,1,1,2.49004367032226,3.64718617435704,0.675626622939587,1
40,54,-1,1,2.25308468545118,0.347018551488936,0.719289357733371,-1
40,55,-1,-1,2.14749113885041,0.568031413004706,0.856008219086474,1
40,56,-1,1,2.25308468545118,0.347018551488936,1.66001108565345,1
40,57,1,1,2.49004367032226,3.64718617435704,0.587604427419987,1
40,58,1,1,2.49004367032226,3.64718617435704,0.560793113659324,1
40,59,-1,1,2.25308468545118,0.347018551488936,4.21421622712355,1
40,60,1,1,2.49004367032226,3.64718617435704,0.456973321503442,1
40,61,-1,1,2.25308468545118,0.347018551488936,2.24735914808343,1
40,62,1,1,2.49004367032226,3.64718617435704,0.513747048506723,1
40,63,-1,1,2.25308468545118,0.347018551488936,0.683886960918347,-1
40,64,1,-1,2.37334475348263,2.63776386114932,0.556705387996939,1
40,65,-1,1,2.25308468545118,0.347018551488936,0.419373507388559,1
40,66,-1,1,2.25308468545118,0.347018551488936,0.825233791052486,-1
40,67,1,-1,2.37334475348263,2.63776386114932,0.327379942821449,1
40,68,-1,1,2.25308468545118,0.347018551488936,1.45846681795888,-1
40,69,1,-1,2.37334475348263,2.63776386114932,0.414426431328343,1
40,70,-1,1,2.25308468545118,0.347018551488936,1.27109636100971,-1
40,71,-1,-1,2.14749113885041,0.568031413004706,0.633205070772013,-1
40,72,-1,-1,2.14749113885041,0.568031413004706,0.740590568244445,1
40,73,1,1,2.49004367032226,3.64718617435704,0.946895226744116,1
40,74,-1,1,2.25308468545118,0.347018551488936,1.00108754815676,1
40,75,1,1,2.49004367032226,3.64718617435704,0.414697485482,1
40,76,-1,1,2.25308468545118,0.347018551488936,0.479865155430267,-1
40,77,-1,-1,2.14749113885041,0.568031413004706,1.31530442582748,-1
40,78,1,-1,2.37334475348263,2.63776386114932,0.73125384687383,1
40,79,1,1,2.49004367032226,3.64718617435704,0.328889395896942,1
40,80,1,1,2.49004367032226,3.64718617435704,0.479871834638487,1
40,81,-1,1,2.25308468545118,0.347018551488936,0.506721380656276,1
40,82,-1,1,2.25308468545118,0.347018551488936,2.33688239037737,-1
40,83,1,-1,2.37334475348263,2.63776386114932,0.717491392060944,1
40,84,-1,1,2.25308468545118,0.347018551488936,0.319908284884662,1
40,85,-1,1,2.25308468545118,0.347018551488936,1.34084057463294,-1
40,86,1,-1,2.37334475348263,2.63776386114932,0.534910464542914,1
40,87,-1,1,2.25308468545118,0.347018551488936,3.91716630374057,1
40,88,1,1,2.49004367032226,3.64718617435704,0.57173631443943,1
40,89,1,1,2.49004367032226,3.64718617435704,0.439858970275104,1
40,90,1,1,2.49004367032226,3.64718617435704,0.599920965497866,1
40,91,-1,1,2.25308468545118,0.347018551488936,0.555294851887106,1
40,92,1,1,2.49004367032226,3.64718617435704,0.597266576190625,1
40,93,-1,1,2.25308468545118,0.347018551488936,2.9933349137202,1
40,94,-1,1,2.25308468545118,0.347018551488936,0.587575618206546,1
40,95,1,1,2.49004367032226,3.64718617435704,0.532864372301999,1
40,96,1,1,2.49004367032226,3.64718617435704,0.513149983405588,1
40,97,-1,1,2.25308468545118,0.347018551488936,0.828218260377046,1
40,98,-1,1,2.25308468545118,0.347018551488936,0.923206066531328,-1
40,99,-1,-1,2.14749113885041,0.568031413004706,0.711888899712226,1
40,100,-1,1,2.25308468545118,0.347018551488936,0.989487840371416,-1
40,101,-1,-1,2.14749113885041,0.568031413004706,0.619654630908184,-1
41,2,-1,1,1.49438592794788,0.754941031117731,0.847002344998438,1
41,3,1,1,1.65155186794949,3.66017484270322,0.499035069068082,1
41,4,1,1,1.65155186794949,3.66017484270322,0.367911578428237,1
41,5,1,1,1.65155186794949,3.66017484270322,0.384153436547558,1
41,6,-1,1,1.49438592794788,0.754941031117731,0.419144748248202,1
41,7,1,1,1.65155186794949,3.66017484270322,0.306793991983151,1
41,8,1,1,1.65155186794949,3.66017484270322,0.28871245504391,1
41,9,1,1,1.65155186794949,3.66017484270322,0.436287670899027,1
41,10,1,1,1.65155186794949,3.66017484270322,0.436733241943664,1
41,11,-1,1,1.49438592794788,0.754941031117731,1.29688670893653,-1
41,12,-1,-1,1.42434971886029,-0.145877075650574,0.31289414504282,-1
41,13,1,-1,1.57414988645362,2.93076120182963,0.511188195653719,1
41,14,-1,1,1.49438592794788,0.754941031117731,0.524914542540219,1
41,15,-1,1,1.49438592794788,0.754941031117731,0.35976284786741,1
41,16,-1,1,1.49438592794788,0.754941031117731,0.389967105743262,1
41,17,1,1,1.65155186794949,3.66017484270322,0.348962451536195,1
41,18,1,1,1.65155186794949,3.66017484270322,0.575391196445989,1
41,19,1,1,1.65155186794949,3.66017484270322,0.297520542995847,1
41,20,-1,1,1.49438592794788,0.754941031117731,1.5029171870286,-1
41,21,-1,-1,1.42434971886029,-0.145877075650574,1.56332455998789,1
41,22,-1,1,1.49438592794788,0.754941031117731,0.648131284548815,1
41,23,1,1,1.65155186794949,3.66017484270322,0.493060412429875,1
41,24,-1,1,1.49438592794788,0.754941031117731,0.383276450998467,1
41,25,-1,1,1.49438592794788,0.754941031117731,0.990889651261453,1
41,26,-1,1,1.49438592794788,0.754941031117731,0.504532475620251,1
41,27,1,1,1.65155186794949,3.66017484270322,0.367190621557217,1
41,28,-1,1,1.49438592794788,0.754941031117731,1.64458480676421,1
41,29,1,1,1.65155186794949,3.66017484270322,0.554078466388725,1
41,30,1,1,1.65155186794949,3.66017484270322,0.458863225464658,1
41,31,-1,1,1.49438592794788,0.754941031117731,0.384691116771363,1
41,32,1,1,1.65155186794949,3.66017484270322,0.636817729747059,1
41,33,-1,1,1.49438592794788,0.754941031117731,0.352867139573375,1
41,34,-1,1,1.49438592794788,0.754941031117731,0.311922147877583,1
41,35,1,1,1.65155186794949,3.66017484270322,0.572076958839675,1
41,36,-1,1,1.49438592794788,0.754941031117731,0.878390546664366,-1
41,37,-1,-1,1.42434971886029,-0.145877075650574,0.416197961170973,-1
41,38,-1,-1,1.42434971886029,-0.145877075650574,1.3187968388334,-1
41,39,-1,-1,1.42434971886029,-0.145877075650574,1.03961505600774,-1
41,40,1,-1,1.57414988645362,2.93076120182963,0.798456355672455,1
41,41,-1,1,1.49438592794788,0.754941031117731,0.837659367150059,1
41,42,-1,1,1.49438592794788,0.754941031117731,0.546930686021493,1
41,43,1,1,1.65155186794949,3.66017484270322,0.303647265736832,1
41,44,1,1,1.65155186794949,3.66017484270322,0.365416313691249,1
41,45,-1,1,1.49438592794788,0.754941031117731,0.509645924788794,1
41,46,-1,1,1.49438592794788,0.754941031117731,0.433115837606107,1
41,47,-1,1,1.49438592794788,0.754941031117731,1.4100582345473,-1
41,48,-1,-1,1.42434971886029,-0.145877075650574,0.553183322423439,-1
41,49,-1,-1,1.42434971886029,-0.145877075650574,0.645432594136905,1
41,50,1,1,1.65155186794949,3.66017484270322,0.418370463390629,1
41,51,-1,1,1.49438592794788,0.754941031117731,0.414856365243624,1
41,52,-1,1,1.49438592794788,0.754941031117731,0.505026024696,1
41,53,1,1,1.65155186794949,3.66017484270322,0.449495834980875,1
41,54,1,1,1.65155186794949,3.66017484270322,0.440911356191654,1
41,55,1,1,1.65155186794949,3.66017484270322,0.545123034091924,1
41,56,1,1,1.65155186794949,3.66017484270322,0.925324714274252,1
41,57,-1,1,1.49438592794788,0.754941031117731,1.01431455703803,1
41,58,-1,1,1.49438592794788,0.754941031117731,0.411947632539831,1
41,59,-1,1,1.49438592794788,0.754941031117731,0.699746381026645,1
41,60,-1,1,1.49438592794788,0.754941031117731,0.435938651736987,-1
41,61,1,-1,1.57414988645362,2.93076120182963,0.456748357470136,1
41,62,-1,1,1.49438592794788,0.754941031117731,0.486392347674642,1
41,63,-1,1,1.49438592794788,0.754941031117731,1.1514943889425,-1
41,64,-1,-1,1.42434971886029,-0.145877075650574,0.454064983769442,-1
41,65,1,-1,1.57414988645362,2.93076120182963,0.296677432367045,1
41,66,1,1,1.65155186794949,3.66017484270322,0.697930079881148,1
41,67,-1,1,1.49438592794788,0.754941031117731,0.407479429727052,1
41,68,1,1,1.65155186794949,3.66017484270322,0.525527525882964,1
41,69,1,1,1.65155186794949,3.66017484270322,0.404814088862052,1
41,70,1,1,1.65155186794949,3.66017484270322,0.509618502972002,1
41,71,1,1,1.65155186794949,3.66017484270322,0.491705843267754,1
41,72,1,1,1.65155186794949,3.66017484270322,0.374201974184993,1
41,73,-1,1,1.49438592794788,0.754941031117731,0.643639709517058,-1
41,74,-1,-1,1.42434971886029,-0.145877075650574,0.713147845089351,1
41,75,-1,1,1.49438592794788,0.754941031117731,0.896815279284343,1
41,76,1,1,1.65155186794949,3.66017484270322,0.516733778258944,1
41,77,-1,1,1.49438592794788,0.754941031117731,0.48349609342959,1
41,78,1,1,1.65155186794949,3.66017484270322,0.625934211191575,1
41,79,1,1,1.65155186794949,3.66017484270322,0.340953559818364,1
41,80,-1,1,1.49438592794788,0.754941031117731,0.4289230081606,1
41,81,1,1,1.65155186794949,3.66017484270322,0.651873189744758,1
41,82,-1,1,1.49438592794788,0.754941031117731,1.70351026677504,-1
41,83,-1,-1,1.42434971886029,-0.145877075650574,0.526021481401913,-1
41,84,1,-1,1.57414988645362,2.93076120182963,0.490568135987651,1
41,85,1,1,1.65155186794949,3.66017484270322,0.596449928043147,1
41,86,1,1,1.65155186794949,3.66017484270322,0.438384726763959,1
41,87,-1,1,1.49438592794788,0.754941031117731,1.79355436606527,-1
41,88,1,-1,1.57414988645362,2.93076120182963,0.408951313128587,1
41,89,-1,1,1.49438592794788,0.754941031117731,0.672413128184908,1
41,90,1,1,1.65155186794949,3.66017484270322,0.392128637362692,1
41,91,-1,1,1.49438592794788,0.754941031117731,0.382148263020319,1
41,92,-1,1,1.49438592794788,0.754941031117731,1.01022651754603,1
41,93,1,1,1.65155186794949,3.66017484270322,0.782546780241885,1
41,94,1,1,1.65155186794949,3.66017484270322,0.598332932597768,1
41,95,-1,1,1.49438592794788,0.754941031117731,1.35596603316044,-1
41,96,1,-1,1.57414988645362,2.93076120182963,0.333590354862413,1
41,97,1,1,1.65155186794949,3.66017484270322,0.509241584960392,1
41,98,1,1,1.65155186794949,3.66017484270322,0.531577265700094,1
41,99,1,1,1.65155186794949,3.66017484270322,0.446559854073536,1
41,100,1,1,1.65155186794949,3.66017484270322,0.62417250493949,1
41,101,1,1,1.65155186794949,3.66017484270322,0.434614282217076,1
42,2,-1,1,2.23473734825831,1.86988362262676,0.365322954184477,1
42,3,-1,1,2.23473734825831,1.86988362262676,0.400581914983709,1
42,4,1,1,2.46976672683257,3.83562419958991,0.471945583692686,1
42,5,1,1,2.46976672683257,3.83562419958991,0.547427040660564,1
42,6,1,1,2.46976672683257,3.83562419958991,0.94051385826497,1
42,7,-1,1,2.23473734825831,1.86988362262676,0.491619415457296,1
42,8,1,1,2.46976672683257,3.83562419958991,0.520102784173059,1
42,9,1,1,2.46976672683257,3.83562419958991,0.792633567124891,1
42,10,1,1,2.46976672683257,3.83562419958991,0.792479620369013,1
42,11,-1,1,2.23473734825831,1.86988362262676,0.692701461098177,1
42,12,1,1,2.46976672683257,3.83562419958991,0.851790515085949,1
42,13,-1,1,2.23473734825831,1.86988362262676,0.52799148364014,1
42,14,1,1,2.46976672683257,3.83562419958991,1.02943111190635,1
42,15,-1,1,2.23473734825831,1.86988362262676,0.664395128009768,1
42,16,1,1,2.46976672683257,3.83562419958991,0.721236826432789,1
42,17,-1,1,2.23473734825831,1.86988362262676,0.786495667397224,1
42,18,1,1,2.46976672683257,3.83562419958991,0.499222354766639,1
42,19,1,1,2.46976672683257,3.83562419958991,0.538654975027808,1
42,20,-1,1,2.23473734825831,1.86988362262676,0.431346766870668,1
42,21,-1,1,2.23473734825831,1.86988362262676,0.407074073870668,1
42,22,1,1,2.46976672683257,3.83562419958991,0.744168080863305,1
42,23,1,1,2.46976672683257,3.83562419958991,0.314909901782321,1
42,24,1,1,2.46976672683257,3.83562419958991,0.81159704201236,1
42,25,-1,1,2.23473734825831,1.86988362262676,0.670652775166073,1
42,26,-1,1,2.23473734825831,1.86988362262676,1.45764332118363,1
42,27,-1,1,2.23473734825831,1.86988362262676,0.960447461750004,1
42,28,-1,1,2.23473734825831,1.86988362262676,0.608852723882808,1
42,29,-1,1,2.23473734825831,1.86988362262676,0.939731755473376,1
42,30,-1,1,2.23473734825831,1.86988362262676,1.30879208826799,1
42,31,-1,1,2.23473734825831,1.86988362262676,0.481461770331544,1
42,32,1,1,2.46976672683257,3.83562419958991,0.493602130420496,1
42,33,1,1,2.46976672683257,3.83562419958991,0.458334930039529,1
42,34,-1,1,2.23473734825831,1.86988362262676,0.742346996158746,1
42,35,1,1,2.46976672683257,3.83562419958991,0.419625706807758,1
42,36,1,1,2.46976672683257,3.83562419958991,0.474935023605746,1
42,37,1,1,2.46976672683257,3.83562419958991,0.489896102172882,1
42,38,-1,1,2.23473734825831,1.86988362262676,1.83395028977185,1
42,39,-1,1,2.23473734825831,1.86988362262676,0.996341658121062,1
42,40,1,1,2.46976672683257,3.83562419958991,0.437848819084559,1
42,41,1,1,2.46976672683257,3.83562419958991,0.41927602001714,1
42,42,-1,1,2.23473734825831,1.86988362262676,0.686462685909441,1
42,43,-1,1,2.23473734825831,1.86988362262676,1.06775384665984,1
42,44,-1,1,2.23473734825831,1.86988362262676,1.00777807245535,1
42,45,-1,1,2.23473734825831,1.86988362262676,1.40521278873918,1
42,46,1,1,2.46976672683257,3.83562419958991,0.396237676565,1
42,47,-1,1,2.23473734825831,1.86988362262676,0.772164625231196,1
42,48,1,1,2.46976672683257,3.83562419958991,0.888804129249377,1
42,49,1,1,2.46976672683257,3.83562419958991,0.490699569669849,1
42,50,1,1,2.46976672683257,3.83562419958991,0.408098898049488,1
42,51,1,1,2.46976672683257,3.83562419958991,0.509575606958177,1
42,52,-1,1,2.23473734825831,1.86988362262676,1.10724332931689,1
42,53,1,1,2.46976672683257,3.83562419958991,0.531259031552455,1
42,54,1,1,2.46976672683257,3.83562419958991,0.61574542178482,1
42,55,1,1,2.46976672683257,3.83562419958991,0.465998428681567,1
42,56,-1,1,2.23473734825831,1.86988362262676,1.22362971314628,1
42,57,-1,1,2.23473734825831,1.86988362262676,0.464556307522217,1
42,58,1,1,2.46976672683257,3.83562419958991,0.43973179990532,1
42,59,-1,1,2.23473734825831,1.86988362262676,0.482185585470177,1
42,60,1,1,2.46976672683257,3.83562419958991,0.548224266685716,1
42,61,-1,1,2.23473734825831,1.86988362262676,0.603155913738867,1
42,62,-1,1,2.23473734825831,1.86988362262676,0.662207334480435,1
42,63,-1,1,2.23473734825831,1.86988362262676,0.703615479954069,1
42,64,1,1,2.46976672683257,3.83562419958991,0.835364138006453,1
42,65,-1,1,2.23473734825831,1.86988362262676,0.531075552507446,1
42,66,1,1,2.46976672683257,3.83562419958991,0.712052402463952,1
42,67,1,1,2.46976672683257,3.83562419958991,0.500284328292369,1
42,68,1,1,2.46976672683257,3.83562419958991,0.553641475079789,1
42,69,1,1,2.46976672683257,3.83562419958991,0.510894945394947,1
42,70,-1,1,2.23473734825831,1.86988362262676,0.435478935550949,1
42,71,-1,1,2.23473734825831,1.86988362262676,0.747404400974381,1
42,72,1,1,2.46976672683257,3.83562419958991,0.415892884092111,1
42,73,1,1,2.46976672683257,3.83562419958991,0.457747946387285,1
42,74,-1,1,2.23473734825831,1.86988362262676,0.561625879969189,1
42,75,-1,1,2.23473734825831,1.86988362262676,0.661303435092913,1
42,76,-1,1,2.23473734825831,1.86988362262676,1.45697516280052,1
42,77,-1,1,2.23473734825831,1.86988362262676,0.29790793077255,1
42,78,-1,1,2.23473734825831,1.86988362262676,1.17263809122105,1
42,79,1,1,2.46976672683257,3.83562419958991,0.569340035971687,1
42,80,-1,1,2.23473734825831,1.86988362262676,0.39096004470526,1
42,81,-1,1,2.23473734825831,1.86988362262676,1.48295559545685,1
42,82,1,1,2.46976672683257,3.83562419958991,0.457376793101625,1
42,83,1,1,2.46976672683257,3.83562419958991,0.747258573740024,1
42,84,-1,1,2.23473734825831,1.86988362262676,0.570667321600939,1
42,85,-1,1,2.23473734825831,1.86988362262676,0.500721334963954,1
42,86,-1,1,2.23473734825831,1.86988362262676,0.549622669303321,1
42,87,1,1,2.46976672683257,3.83562419958991,0.483280541942517,1
42,88,1,1,2.46976672683257,3.83562419958991,0.46928246050493,1
42,89,-1,1,2.23473734825831,1.86988362262676,0.725430487847388,1
42,90,-1,1,2.23473734825831,1.86988362262676,0.701038090371934,1
42,91,-1,1,2.23473734825831,1.86988362262676,1.16329975185072,1
42,92,-1,1,2.23473734825831,1.86988362262676,0.809092852091917,1
42,93,1,1,2.46976672683257,3.83562419958991,0.541297841827589,1
42,94,1,1,2.46976672683257,3.83562419958991,0.476364076941593,1
42,95,1,1,2.46976672683257,3.83562419958991,0.371330432680152,1
42,96,1,1,2.46976672683257,3.83562419958991,0.611129399812184,1
42,97,1,1,2.46976672683257,3.83562419958991,0.781236601498592,1
42,98,-1,1,2.23473734825831,1.86988362262676,0.503253113938591,1
42,99,1,1,2.46976672683257,3.83562419958991,0.802250665295779,1
42,100,-1,1,2.23473734825831,1.86988362262676,0.563324339535799,1
42,101,1,1,2.46976672683257,3.83562419958991,0.649101884422378,1
43,2,-1,1,1.36086290235435,1.32625902095776,0.565777986691213,1
43,3,-1,1,1.36086290235435,1.32625902095776,0.342955886573772,-1
43,4,-1,-1,1.29708441181429,1.22026032883412,0.568943812281515,1
43,5,-1,1,1.36086290235435,1.32625902095776,0.318391431032865,-1
43,6,1,-1,1.4334999702264,1.46374444227096,0.609987494215782,1
43,7,-1,1,1.36086290235435,1.32625902095776,0.505372381287611,-1
43,8,-1,-1,1.29708441181429,1.22026032883412,0.969897687785638,1
43,9,1,1,1.50398610317005,3.18973620793716,0.760668655540758,1
43,10,1,1,1.50398610317005,3.18973620793716,0.383137833089041,1
43,11,1,1,1.50398610317005,3.18973620793716,0.553767436476532,1
43,12,1,1,1.50398610317005,3.18973620793716,0.503088347151369,1
43,13,-1,1,1.36086290235435,1.32625902095776,0.434248800052883,1
43,14,-1,1,1.36086290235435,1.32625902095776,0.438817716070663,1
43,15,-1,1,1.36086290235435,1.32625902095776,0.698212264778668,1
43,16,-1,1,1.36086290235435,1.32625902095776,0.668031323931671,1
43,17,-1,1,1.36086290235435,1.32625902095776,0.23860568410516,1
43,18,-1,1,1.36086290235435,1.32625902095776,0.424078767242206,1
43,19,1,1,1.50398610317005,3.18973620793716,0.265515216975515,1
43,20,-1,1,1.36086290235435,1.32625902095776,0.397216563067889,-1
43,21,1,-1,1.4334999702264,1.46374444227096,0.31382141616249,1
43,22,1,1,1.50398610317005,3.18973620793716,0.380444649352106,1
43,23,-1,1,1.36086290235435,1.32625902095776,0.276520592412595,1
43,24,1,1,1.50398610317005,3.18973620793716,0.493829312754299,1
43,25,-1,1,1.36086290235435,1.32625902095776,0.416128023323091,-1
43,26,1,-1,1.4334999702264,1.46374444227096,0.439542032230662,1
43,27,1,1,1.50398610317005,3.18973620793716,0.251451304770089,1
43,28,-1,1,1.36086290235435,1.32625902095776,0.668803804378672,1
43,29,-1,1,1.36086290235435,1.32625902095776,0.674642348067868,1
43,30,-1,1,1.36086290235435,1.32625902095776,0.720873754486832,1
43,31,-1,1,1.36086290235435,1.32625902095776,0.534776461038608,1
43,32,-1,1,1.36086290235435,1.32625902095776,0.521876999668153,-1
43,33,-1,-1,1.29708441181429,1.22026032883412,0.399631686707391,1
43,34,1,1,1.50398610317005,3.18973620793716,0.466233425501036,1
43,35,1,1,1.50398610317005,3.18973620793716,0.417401338509371,1
43,36,1,1,1.50398610317005,3.18973620793716,0.442830075371048,1
43,37,1,1,1.50398610317005,3.18973620793716,0.290650551977487,1
43,38,1,1,1.50398610317005,3.18973620793716,0.352963981208961,1
43,39,-1,1,1.36086290235435,1.32625902095776,0.376852915658635,1
43,40,1,1,1.50398610317005,3.18973620793716,0.277571456298053,1
43,41,1,1,1.50398610317005,3.18973620793716,0.48066646146977,1
43,42,-1,1,1.36086290235435,1.32625902095776,0.54470007395482,1
43,43,1,1,1.50398610317005,3.18973620793716,0.357385195868589,1
43,44,-1,1,1.36086290235435,1.32625902095776,0.440164366773653,1
43,45,1,1,1.50398610317005,3.18973620793716,0.329867891829969,1
43,46,-1,1,1.36086290235435,1.32625902095776,0.333750263318462,1
43,47,1,1,1.50398610317005,3.18973620793716,0.30360252213481,1
43,48,1,1,1.50398610317005,3.18973620793716,0.529624813896982,1
43,49,-1,1,1.36086290235435,1.32625902095776,0.433731456981755,1
43,50,-1,1,1.36086290235435,1.32625902095776,0.589557224418582,-1
43,51,-1,-1,1.29708441181429,1.22026032883412,0.648677542482648,1
43,52,-1,1,1.36086290235435,1.32625902095776,0.529799032848827,1
43,53,-1,1,1.36086290235435,1.32625902095776,0.241130092672153,1
43,54,1,1,1.50398610317005,3.18973620793716,0.446765087810064,1
43,55,-1,1,1.36086290235435,1.32625902095776,0.377359352814501,-1
43,56,1,-1,1.4334999702264,1.46374444227096,0.448753065679841,1
43,57,1,1,1.50398610317005,3.18973620793716,0.508278975306146,1
43,58,1,1,1.50398610317005,3.18973620793716,0.31322178891015,1
43,59,-1,1,1.36086290235435,1.32625902095776,0.271169361750624,1
43,60,1,1,1.50398610317005,3.18973620793716,0.424181973145424,1
43,61,1,1,1.50398610317005,3.18973620793716,0.721212399854974,1
43,62,-1,1,1.36086290235435,1.32625902095776,1.26973683841817,-1
43,63,-1,-1,1.29708441181429,1.22026032883412,0.516748979192713,1
43,64,-1,1,1.36086290235435,1.32625902095776,0.607539607340715,1
43,65,1,1,1.50398610317005,3.18973620793716,0.41660581689716,1
43,66,1,1,1.50398610317005,3.18973620793716,0.395920076043624,1
43,67,1,1,1.50398610317005,3.18973620793716,0.267027748993676,1
43,68,-1,1,1.36086290235435,1.32625902095776,0.385963612092358,1
43,69,-1,1,1.36086290235435,1.32625902095776,0.679467524589216,1
43,70,1,1,1.50398610317005,3.18973620793716,0.511940620437557,1
43,71,1,1,1.50398610317005,3.18973620793716,0.804852015107403,1
43,72,-1,1,1.36086290235435,1.32625902095776,0.559476684351397,1
43,73,-1,1,1.36086290235435,1.32625902095776,0.497467887329586,1
43,74,-1,1,1.36086290235435,1.32625902095776,0.435951268448988,1
43,75,1,1,1.50398610317005,3.18973620793716,0.312101965497052,1
43,76,1,1,1.50398610317005,3.18973620793716,0.38058951279337,1
43,77,-1,1,1.36086290235435,1.32625902095776,0.797878042367947,1
43,78,-1,1,1.36086290235435,1.32625902095776,0.423929632304121,1
43,79,1,1,1.50398610317005,3.18973620793716,0.626614702425457,1
43,80,1,1,1.50398610317005,3.18973620793716,0.344508586179944,1
43,81,-1,1,1.36086290235435,1.32625902095776,0.669036983274608,1
43,82,-1,1,1.36086290235435,1.32625902095776,0.341858522287152,1
43,83,1,1,1.50398610317005,3.18973620793716,0.453994141407599,-1
43,84,1,-1,1.4334999702264,1.46374444227096,0.444321889974953,-1
43,85,-1,-1,1.29708441181429,1.22026032883412,0.294097342162991,-1
43,86,1,-1,1.4334999702264,1.46374444227096,0.425161129330455,1
43,87,-1,1,1.36086290235435,1.32625902095776,0.441282276667649,1
43,88,1,1,1.50398610317005,3.18973620793716,0.423376009521858,1
43,89,1,1,1.50398610317005,3.18973620793716,0.502951001371253,1
43,90,1,1,1.50398610317005,3.18973620793716,0.389253256172098,1
43,91,-1,1,1.36086290235435,1.32625902095776,0.577780058884249,1
43,92,1,1,1.50398610317005,3.18973620793716,0.295867079692426,1
43,93,-1,1,1.36086290235435,1.32625902095776,0.475206308606548,1
43,94,1,1,1.50398610317005,3.18973620793716,0.400672278504462,1
43,95,1,1,1.50398610317005,3.18973620793716,0.368022524998577,1
43,96,1,1,1.50398610317005,3.18973620793716,0.257951235061552,1
43,97,1,1,1.50398610317005,3.18973620793716,0.38299574704806,1
43,98,1,1,1.50398610317005,3.18973620793716,0.34245334796732,1
43,99,-1,1,1.36086290235435,1.32625902095776,0.451230608880273,1
43,100,-1,1,1.36086290235435,1.32625902095776,0.79766728333022,1
43,101,1,1,1.50398610317005,3.18973620793716,0.345165109724297,1
44,2,-1,1,1.69651846499955,0.588043592168775,0.531264119670266,1
44,3,-1,1,1.69651846499955,0.588043592168775,1.41698938371753,1
44,4,1,1,1.87494286949585,3.16261079715312,0.441313716204197,1
44,5,-1,1,1.69651846499955,0.588043592168775,1.4107467696271,1
44,6,1,1,1.87494286949585,3.16261079715312,0.451633619251853,1
44,7,1,1,1.87494286949585,3.16261079715312,0.500929245199437,1
44,8,1,1,1.87494286949585,3.16261079715312,0.380295471986219,1
44,9,1,1,1.87494286949585,3.16261079715312,0.547456037340434,1
44,10,1,1,1.87494286949585,3.16261079715312,0.435844386688966,1
44,11,-1,1,1.69651846499955,0.588043592168775,1.36261430518489,-1
44,12,1,-1,1.78707139775654,2.7231533457648,0.388935145057098,1
44,13,-1,1,1.69651846499955,0.588043592168775,0.752875946993966,1
44,14,-1,1,1.69651846499955,0.588043592168775,0.812423772587391,1
44,15,-1,1,1.69651846499955,0.588043592168775,1.14513290179778,1
44,16,-1,1,1.69651846499955,0.588043592168775,0.721912308921225,1
44,17,-1,1,1.69651846499955,0.588043592168775,0.436606414695119,1
44,18,-1,1,1.69651846499955,0.588043592168775,1.54587147686992,1
44,19,-1,1,1.69651846499955,0.588043592168775,0.596210537555689,-1
44,20,-1,-1,1.61700906939194,0.726192264913307,0.914574340489827,1
44,21,-1,1,1.69651846499955,0.588043592168775,1.23403018303492,-1
44,22,1,-1,1.78707139775654,2.7231533457648,0.556297451782785,1
44,23,-1,1,1.69651846499955,0.588043592168775,0.483151285581141,1
44,24,-1,1,1.69651846499955,0.588043592168775,0.552999860189721,1
44,25,-1,1,1.69651846499955,0.588043592168775,0.846083333870641,-1
44,26,-1,-1,1.61700906939194,0.726192264913307,0.907499249508083,1
44,27,-1,1,1.69651846499955,0.588043592168775,0.526912401900038,1
44,28,1,1,1.87494286949585,3.16261079715312,0.476623467162211,1
44,29,1,1,1.87494286949585,3.16261079715312,0.456269202040688,1
44,30,-1,1,1.69651846499955,0.588043592168775,0.62191090181027,1
44,31,1,1,1.87494286949585,3.16261079715312,0.385125228506305,1
44,32,1,1,1.87494286949585,3.16261079715312,0.592774210401175,1
44,33,-1,1,1.69651846499955,0.588043592168775,1.39489666897174,1
44,34,1,1,1.87494286949585,3.16261079715312,0.41490344056253,1
44,35,1,1,1.87494286949585,3.16261079715312,0.413028382306211,1
44,36,1,1,1.87494286949585,3.16261079715312,0.528276392027169,1
44,37,-1,1,1.69651846499955,0.588043592168775,0.405308221167168,-1
44,38,1,-1,1.78707139775654,2.7231533457648,0.722152272561326,1
44,39,-1,1,1.69651846499955,0.588043592168775,0.711539222342437,-1
44,40,1,-1,1.78707139775654,2.7231533457648,0.738613903724159,1
44,41,-1,1,1.69651846499955,0.588043592168775,0.976168808326934,1
44,42,-1,1,1.69651846499955,0.588043592168775,0.7946346904094,1
44,43,1,1,1.87494286949585,3.16261079715312,0.66624714638091,1
44,44,1,1,1.87494286949585,3.16261079715312,0.474863452063947,1
44,45,-1,1,1.69651846499955,0.588043592168775,0.684375668180428,-1
44,46,1,-1,1.78707139775654,2.7231533457648,0.481124519699537,1
44,47,-1,1,1.69651846499955,0.588043592168775,0.994789255819255,1
44,48,-1,1,1.69651846499955,0.588043592168775,1.03830903682805,-1
44,49,-1,-1,1.61700906939194,0.726192264913307,0.422915833955251,1
44,50,1,1,1.87494286949585,3.16261079715312,0.535353949599626,1
44,51,-1,1,1.69651846499955,0.588043592168775,0.680203974948005,-1
44,52,-1,-1,1.61700906939194,0.726192264913307,0.485679546018747,1
44,53,1,1,1.87494286949585,3.16261079715312,0.524814009647987,1
44,54,-1,1,1.69651846499955,0.588043592168775,0.537191602209668,-1
44,55,-1,-1,1.61700906939194,0.726192264913307,0.371411933622635,1
44,56,-1,1,1.69651846499955,0.588043592168775,1.12354739145748,-1
44,57,1,-1,1.78707139775654,2.7231533457648,0.494291117723175,1
44,58,-1,1,1.69651846499955,0.588043592168775,0.508306403700004,1
44,59,1,1,1.87494286949585,3.16261079715312,0.44922232060353,1
44,60,-1,1,1.69651846499955,0.588043592168775,0.95091598664549,1
44,61,1,1,1.87494286949585,3.16261079715312,0.687770899240095,1
44,62,1,1,1.87494286949585,3.16261079715312,1.58890642774589,1
44,63,1,1,1.87494286949585,3.16261079715312,0.49179349705005,1
44,64,1,1,1.87494286949585,3.16261079715312,0.555607839680932,1
44,65,1,1,1.87494286949585,3.16261079715312,0.450659290849723,1
44,66,1,1,1.87494286949585,3.16261079715312,0.464197652342821,1
44,67,-1,1,1.69651846499955,0.588043592168775,0.392125664606468,1
44,68,1,1,1.87494286949585,3.16261079715312,0.324394952381516,1
44,69,-1,1,1.69651846499955,0.588043592168775,0.485358696488672,1
44,70,1,1,1.87494286949585,3.16261079715312,0.314384890864936,1
44,71,1,1,1.87494286949585,3.16261079715312,0.72461821950591,1
44,72,-1,1,1.69651846499955,0.588043592168775,0.894865450729097,-1
44,73,1,-1,1.78707139775654,2.7231533457648,0.693638855598416,1
44,74,1,1,1.87494286949585,3.16261079715312,0.420819434519283,1
44,75,1,1,1.87494286949585,3.16261079715312,0.418112724695462,1
44,76,-1,1,1.69651846499955,0.588043592168775,0.604237203155913,1
44,77,-1,1,1.69651846499955,0.588043592168775,0.692114868027204,-1
44,78,-1,-1,1.61700906939194,0.726192264913307,0.86190027786384,1
44,79,-1,1,1.69651846499955,0.588043592168775,0.579136116241173,1
44,80,-1,1,1.69651846499955,0.588043592168775,0.700128001767355,1
44,81,1,1,1.87494286949585,3.16261079715312,0.437931206039181,1
44,82,1,1,1.87494286949585,3.16261079715312,0.519508189153345,1
44,83,-1,1,1.69651846499955,0.588043592168775,0.666156792574402,-1
44,84,1,-1,1.78707139775654,2.7231533457648,0.580517032157701,1
44,85,1,1,1.87494286949585,3.16261079715312,0.360958492621982,1
44,86,1,1,1.87494286949585,3.16261079715312,0.452048407973647,1
44,87,1,1,1.87494286949585,3.16261079715312,0.43783166827092,1
44,88,-1,1,1.69651846499955,0.588043592168775,1.01555614274633,-1
44,89,-1,-1,1.61700906939194,0.726192264913307,0.865859768965727,1
44,90,-1,1,1.69651846499955,0.588043592168775,0.425868643119701,-1
44,91,1,-1,1.78707139775654,2.7231533457648,0.418221879592567,1
44,92,1,1,1.87494286949585,3.16261079715312,0.401167778424137,1
44,93,1,1,1.87494286949585,3.16261079715312,0.444673830729361,1
44,94,1,1,1.87494286949585,3.16261079715312,0.514019151407227,1
44,95,-1,1,1.69651846499955,0.588043592168775,0.652507232285506,1
44,96,1,1,1.87494286949585,3.16261079715312,0.593461937706926,1
44,97,1,1,1.87494286949585,3.16261079715312,0.551015994852666,1
44,98,1,1,1.87494286949585,3.16261079715312,0.905491525949989,1
44,99,1,1,1.87494286949585,3.16261079715312,0.698427141146181,1
44,100,-1,1,1.69651846499955,0.588043592168775,0.593214580168773,1
44,101,-1,1,1.69651846499955,0.588043592168775,0.534273311664257,1
45,2,-1,1,1.74461212689551,0.912287606306492,0.783866881330652,-1
45,3,1,-1,1.83773209456638,2.64277508568184,0.38163458065717,1
45,4,1,1,1.92809458596702,3.42898821650755,0.372453440044455,1
45,5,-1,1,1.74461212689551,0.912287606306492,0.828807777037359,1
45,6,-1,1,1.74461212689551,0.912287606306492,1.53954589459245,1
45,7,1,1,1.92809458596702,3.42898821650755,1.06560077402677,1
45,8,1,1,1.92809458596702,3.42898821650755,0.304909893274426,1
45,9,-1,1,1.74461212689551,0.912287606306492,0.559442348349361,1
45,10,-1,1,1.74461212689551,0.912287606306492,0.350204573549725,1
45,11,-1,1,1.74461212689551,0.912287606306492,0.394403039366685,1
45,12,-1,1,1.74461212689551,0.912287606306492,1.16649435253526,1
45,13,-1,1,1.74461212689551,0.912287606306492,0.428132238184139,-1
45,14,-1,-1,1.66284876348926,0.21594909150412,0.607490670309348,1
45,15,1,1,1.92809458596702,3.42898821650755,0.292149791824817,1
45,16,-1,1,1.74461212689551,0.912287606306492,1.51395327136386,1
45,17,1,1,1.92809458596702,3.42898821650755,0.465256057660458,1
45,18,1,1,1.92809458596702,3.42898821650755,0.386054291418253,1
45,19,-1,1,1.74461212689551,0.912287606306492,0.56519581105853,1
45,20,-1,1,1.74461212689551,0.912287606306492,0.752992842927264,1
45,21,-1,1,1.74461212689551,0.912287606306492,0.885755845533788,1
45,22,1,1,1.92809458596702,3.42898821650755,0.498102930388722,1
45,23,1,1,1.92809458596702,3.42898821650755,0.692291098563292,1
45,24,1,1,1.92809458596702,3.42898821650755,0.452475171360128,1
45,25,1,1,1.92809458596702,3.42898821650755,0.400964978290057,1
45,26,1,1,1.92809458596702,3.42898821650755,0.356274391959756,1
45,27,-1,1,1.74461212689551,0.912287606306492,0.468071903247593,1
45,28,-1,1,1.74461212689551,0.912287606306492,0.518720509366915,-1
45,29,1,-1,1.83773209456638,2.64277508568184,0.719878461055451,1
45,30,1,1,1.92809458596702,3.42898821650755,0.379921239061171,1
45,31,-1,1,1.74461212689551,0.912287606306492,1.08430535133203,1
45,32,1,1,1.92809458596702,3.42898821650755,0.513050578071195,1
45,33,1,1,1.92809458596702,3.42898821650755,0.739779215760017,1
45,34,-1,1,1.74461212689551,0.912287606306492,0.348525689708342,1
45,35,1,1,1.92809458596702,3.42898821650755,0.381912785025572,1
45,36,-1,1,1.74461212689551,0.912287606306492,0.632915427183721,1
45,37,1,1,1.92809458596702,3.42898821650755,0.425824477200275,1
45,38,1,1,1.92809458596702,3.42898821650755,0.44834627441886,1
45,39,-1,1,1.74461212689551,0.912287606306492,0.384492392822687,-1
45,40,-1,-1,1.66284876348926,0.21594909150412,0.665387868084868,-1
45,41,1,-1,1.83773209456638,2.64277508568184,0.333151504502513,1
45,42,1,1,1.92809458596702,3.42898821650755,0.433342983553657,1
45,43,-1,1,1.74461212689551,0.912287606306492,1.07706310394548,1
45,44,-1,1,1.74461212689551,0.912287606306492,1.13655511879849,1
45,45,1,1,1.92809458596702,3.42898821650755,0.580969146130957,1
45,46,1,1,1.92809458596702,3.42898821650755,0.638489718343368,1
45,47,1,1,1.92809458596702,3.42898821650755,0.622636023328382,1
45,48,1,1,1.92809458596702,3.42898821650755,0.3588583691678,1
45,49,1,1,1.92809458596702,3.42898821650755,0.460299097148872,1
45,50,-1,1,1.74461212689551,0.912287606306492,0.548976978860661,-1
45,51,1,-1,1.83773209456638,2.64277508568184,1.89102647476303,1
45,52,-1,1,1.74461212689551,0.912287606306492,0.808468176141676,1
45,53,-1,1,1.74461212689551,0.912287606306492,0.535711002768605,-1
45,54,1,-1,1.83773209456638,2.64277508568184,0.429069337941655,1
45,55,-1,1,1.74461212689551,0.912287606306492,0.619723777876095,1
45,56,1,1,1.92809458596702,3.42898821650755,0.505359776785069,1
45,57,-1,1,1.74461212689551,0.912287606306492,0.4407662936591,1
45,58,1,1,1.92809458596702,3.42898821650755,0.390479301127672,1
45,59,-1,1,1.74461212689551,0.912287606306492,0.52537114088045,1
45,60,1,1,1.92809458596702,3.42898821650755,0.553072571506304,1
45,61,1,1,1.92809458596702,3.42898821650755,0.565378454551281,1
45,62,1,1,1.92809458596702,3.42898821650755,0.453252697551816,1
45,63,-1,1,1.74461212689551,0.912287606306492,0.687757766630972,1
45,64,-1,1,1.74461212689551,0.912287606306492,0.326065568121066,1
45,65,1,1,1.92809458596702,3.42898821650755,0.754313215781535,1
45,66,1,1,1.92809458596702,3.42898821650755,0.505042245333505,1
45,67,-1,1,1.74461212689551,0.912287606306492,0.497896718061812,1
45,68,1,1,1.92809458596702,3.42898821650755,0.571193614370124,1
45,69,-1,1,1.74461212689551,0.912287606306492,1.2987693291755,1
45,70,1,1,1.92809458596702,3.42898821650755,0.883646343773921,1
45,71,-1,1,1.74461212689551,0.912287606306492,0.951729039410203,-1
45,72,-1,-1,1.66284876348926,0.21594909150412,1.14532288441683,1
45,73,-1,1,1.74461212689551,0.912287606306492,1.75423147940386,1
45,74,-1,1,1.74461212689551,0.912287606306492,0.438909464008944,-1
45,75,-1,-1,1.66284876348926,0.21594909150412,1.31573764748075,-1
45,76,1,-1,1.83773209456638,2.64277508568184,0.40831398127692,1
45,77,-1,1,1.74461212689551,0.912287606306492,0.763079004529555,-1
45,78,1,-1,1.83773209456638,2.64277508568184,0.661947256579328,1
45,79,1,1,1.92809458596702,3.42898821650755,0.382374347720651,1
45,80,-1,1,1.74461212689551,0.912287606306492,0.599274034257007,1
45,81,1,1,1.92809458596702,3.42898821650755,1.25351380568374,1
45,82,-1,1,1.74461212689551,0.912287606306492,0.447832842597608,1
45,83,-1,1,1.74461212689551,0.912287606306492,0.456499959740759,1
45,84,-1,1,1.74461212689551,0.912287606306492,0.331964863004456,1
45,85,-1,1,1.74461212689551,0.912287606306492,0.955353119714752,1
45,86,1,1,1.92809458596702,3.42898821650755,0.406513077420012,1
45,87,-1,1,1.74461212689551,0.912287606306492,0.710217257774615,1
45,88,-1,1,1.74461212689551,0.912287606306492,0.846535308665365,-1
45,89,-1,-1,1.66284876348926,0.21594909150412,0.310061509283803,-1
45,90,-1,-1,1.66284876348926,0.21594909150412,0.525848495069202,1
45,91,1,1,1.92809458596702,3.42898821650755,0.365100469335059,1
45,92,1,1,1.92809458596702,3.42898821650755,0.37433693863433,1
45,93,1,1,1.92809458596702,3.42898821650755,0.729454762708087,1
45,94,1,1,1.92809458596702,3.42898821650755,0.320353079184211,1
45,95,1,1,1.92809458596702,3.42898821650755,0.599822157871573,1
45,96,1,1,1.92809458596702,3.42898821650755,0.597329352108059,1
45,97,1,1,1.92809458596702,3.42898821650755,0.691280548727932,1
45,98,-1,1,1.74461212689551,0.912287606306492,0.604666029756639,1
45,99,-1,1,1.74461212689551,0.912287606306492,0.495780007287781,1
45,100,-1,1,1.74461212689551,0.912287606306492,0.694827605262686,1
45,101,1,1,1.92809458596702,3.42898821650755,0.521179910839749,1
46,2,1,1,2.23908718153505,1.81010129888487,1.4088754161945,1
46,3,1,1,2.23908718153505,1.81010129888487,0.729929884759671,1
46,4,1,1,2.23908718153505,1.81010129888487,0.611531619487903,1
46,5,1,1,2.23908718153505,1.81010129888487,0.889182655031835,1
46,6,-1,1,2.02600986409759,2.20035957203181,0.816732028992902,1
46,7,1,1,2.23908718153505,1.81010129888487,0.668291887731175,1
46,8,-1,1,2.02600986409759,2.20035957203181,0.928362959906639,1
46,9,-1,1,2.02600986409759,2.20035957203181,0.565502603395748,1
46,10,1,1,2.23908718153505,1.81010129888487,0.425894228571964,1
46,11,-1,1,2.02600986409759,2.20035957203181,0.550461095264507,1
46,12,1,1,2.23908718153505,1.81010129888487,1.03852099374403,1
46,13,-1,1,2.02600986409759,2.20035957203181,0.563119256976508,1
46,14,1,1,2.23908718153505,1.81010129888487,1.08895556943986,1
46,15,-1,1,2.02600986409759,2.20035957203181,0.45418483862117,1
46,16,1,1,2.23908718153505,1.81010129888487,1.14624330850573,1
46,17,1,1,2.23908718153505,1.81010129888487,0.831396445232059,1
46,18,1,1,2.23908718153505,1.81010129888487,0.560545579548925,1
46,19,1,1,2.23908718153505,1.81010129888487,0.614989060039037,1
46,20,-1,1,2.02600986409759,2.20035957203181,0.551260163291936,1
46,21,1,1,2.23908718153505,1.81010129888487,1.10600976913094,1
46,22,-1,1,2.02600986409759,2.20035957203181,0.834213685968784,1
46,23,-1,1,2.02600986409759,2.20035957203181,0.57462492849686,1
46,24,1,1,2.23908718153505,1.81010129888487,0.391621713302382,1
46,25,1,1,2.23908718153505,1.81010129888487,0.640513882540832,1
46,26,1,1,2.23908718153505,1.81010129888487,0.407781944204674,1
46,27,1,1,2.23908718153505,1.81010129888487,0.556746487045008,1
46,28,-1,1,2.02600986409759,2.20035957203181,0.870303119223051,1
46,29,-1,1,2.02600986409759,2.20035957203181,1.21118470727231,1
46,30,-1,1,2.02600986409759,2.20035957203181,0.613560279314176,1
46,31,-1,1,2.02600986409759,2.20035957203181,0.424151298678331,1
46,32,-1,1,2.02600986409759,2.20035957203181,0.824904815317286,1
46,33,-1,1,2.02600986409759,2.20035957203181,1.15947041333093,1
46,34,1,1,2.23908718153505,1.81010129888487,0.912189864648522,1
46,35,-1,1,2.02600986409759,2.20035957203181,0.903869996434971,1
46,36,-1,1,2.02600986409759,2.20035957203181,0.703992406256883,1
46,37,-1,1,2.02600986409759,2.20035957203181,0.806454909113207,1
46,38,1,1,2.23908718153505,1.81010129888487,0.513400033141166,1
46,39,-1,1,2.02600986409759,2.20035957203181,0.878865350641251,-1
46,40,-1,-1,1.93105845442372,1.81249238318665,0.408604762702598,1
46,41,1,1,2.23908718153505,1.81010129888487,0.884379887429989,1
46,42,1,1,2.23908718153505,1.81010129888487,0.412800975082017,1
46,43,1,1,2.23908718153505,1.81010129888487,0.910635334469974,1
46,44,1,1,2.23908718153505,1.81010129888487,1.23969954665474,1
46,45,1,1,2.23908718153505,1.81010129888487,0.576406652739325,1
46,46,1,1,2.23908718153505,1.81010129888487,0.732874713367808,1
46,47,1,1,2.23908718153505,1.81010129888487,0.7939597108414,1
46,48,-1,1,2.02600986409759,2.20035957203181,0.882364128371177,1
46,49,-1,1,2.02600986409759,2.20035957203181,0.389676426247258,1
46,50,1,1,2.23908718153505,1.81010129888487,0.578974315102815,1
46,51,1,1,2.23908718153505,1.81010129888487,1.20035563895481,1
46,52,-1,1,2.02600986409759,2.20035957203181,0.533804292022912,1
46,53,-1,1,2.02600986409759,2.20035957203181,0.588464489114893,1
46,54,1,1,2.23908718153505,1.81010129888487,0.466208074780478,1
46,55,-1,1,2.02600986409759,2.20035957203181,0.603670734479624,1
46,56,-1,1,2.02600986409759,2.20035957203181,0.691685944561318,1
46,57,-1,1,2.02600986409759,2.20035957203181,0.37201056480356,1
46,58,-1,1,2.02600986409759,2.20035957203181,0.890378282975341,1
46,59,-1,1,2.02600986409759,2.20035957203181,0.686855282792058,1
46,60,-1,1,2.02600986409759,2.20035957203181,0.543160180187022,1
46,61,1,1,2.23908718153505,1.81010129888487,0.549999411544005,1
46,62,-1,1,2.02600986409759,2.20035957203181,0.579832029644917,1
46,63,1,1,2.23908718153505,1.81010129888487,0.388911109352336,1
46,64,-1,1,2.02600986409759,2.20035957203181,0.530590930052969,1
46,65,-1,1,2.02600986409759,2.20035957203181,0.948637223282135,1
46,66,-1,1,2.02600986409759,2.20035957203181,0.740679627493531,1
46,67,1,1,2.23908718153505,1.81010129888487,0.562994289140307,1
46,68,-1,1,2.02600986409759,2.20035957203181,1.09625333131591,1
46,69,1,1,2.23908718153505,1.81010129888487,0.715006301984581,1
46,70,1,1,2.23908718153505,1.81010129888487,0.415362920156375,1
46,71,-1,1,2.02600986409759,2.20035957203181,1.38369351345975,1
46,72,1,1,2.23908718153505,1.81010129888487,0.427978182492229,1
46,73,1,1,2.23908718153505,1.81010129888487,0.962334622932719,1
46,74,1,1,2.23908718153505,1.81010129888487,0.595853399648146,1
46,75,1,1,2.23908718153505,1.81010129888487,1.59337049642143,1
46,76,-1,1,2.02600986409759,2.20035957203181,0.684035134218427,1
46,77,1,1,2.23908718153505,1.81010129888487,0.843196237351023,1
46,78,-1,1,2.02600986409759,2.20035957203181,0.869600744766143,1
46,79,1,1,2.23908718153505,1.81010129888487,0.470430371184578,1
46,80,-1,1,2.02600986409759,2.20035957203181,0.386831604864799,1
46,81,1,1,2.23908718153505,1.81010129888487,0.645383303301139,1
46,82,-1,1,2.02600986409759,2.20035957203181,0.426420616075428,1
46,83,-1,1,2.02600986409759,2.20035957203181,0.48209012923929,1
46,84,-1,1,2.02600986409759,2.20035957203181,0.54591313351389,1
46,85,-1,1,2.02600986409759,2.20035957203181,1.61914038974127,1
46,86,-1,1,2.02600986409759,2.20035957203181,0.395371695025831,1
46,87,-1,1,2.02600986409759,2.20035957203181,1.12323653734292,1
46,88,1,1,2.23908718153505,1.81010129888487,1.32066475793096,1
46,89,1,1,2.23908718153505,1.81010129888487,0.4293558240203,1
46,90,-1,1,2.02600986409759,2.20035957203181,0.393137421553151,-1
46,91,-1,-1,1.93105845442372,1.81249238318665,1.93046339803581,1
46,92,-1,1,2.02600986409759,2.20035957203181,0.391648732703301,1
46,93,-1,1,2.02600986409759,2.20035957203181,0.802421842598769,1
46,94,1,1,2.23908718153505,1.81010129888487,0.471939080589845,-1
46,95,1,-1,2.1341496449332,1.37704674589668,0.514723776444681,1
46,96,1,1,2.23908718153505,1.81010129888487,0.537400495879904,1
46,97,1,1,2.23908718153505,1.81010129888487,1.31461279162703,1
46,98,1,1,2.23908718153505,1.81010129888487,0.830440158068382,1
46,99,1,1,2.23908718153505,1.81010129888487,0.742927047758804,1
46,100,-1,1,2.02600986409759,2.20035957203181,0.55011722819626,1
46,101,1,1,2.23908718153505,1.81010129888487,0.756836325844636,1
47,2,1,1,1.9527415271745,3.13788864663882,0.649711985386318,1
47,3,1,1,1.9527415271745,3.13788864663882,0.422715580568865,1
47,4,1,1,1.9527415271745,3.13788864663882,0.252742223934604,1
47,5,-1,1,1.76691360154017,1.94018568448917,0.287729176520775,1
47,6,-1,1,1.76691360154017,1.94018568448917,0.352023680358031,1
47,7,1,1,1.9527415271745,3.13788864663882,0.2508302359236,1
47,8,1,1,1.9527415271745,3.13788864663882,0.372106530428834,1
47,9,-1,1,1.76691360154017,1.94018568448917,0.777876088837239,1
47,10,1,1,1.9527415271745,3.13788864663882,0.455577011846555,1
47,11,-1,1,1.76691360154017,1.94018568448917,0.265623716962407,1
47,12,-1,1,1.76691360154017,1.94018568448917,0.288826618691229,1
47,13,-1,1,1.76691360154017,1.94018568448917,0.262229239800696,1
47,14,1,1,1.9527415271745,3.13788864663882,0.358444602318183,1
47,15,-1,1,1.76691360154017,1.94018568448917,0.465513257802197,1
47,16,1,1,1.9527415271745,3.13788864663882,0.640440166156344,1
47,17,1,1,1.9527415271745,3.13788864663882,0.376148011380399,1
47,18,1,1,1.9527415271745,3.13788864663882,0.545419377328131,1
47,19,-1,1,1.76691360154017,1.94018568448917,0.407537379132471,1
47,20,1,1,1.9527415271745,3.13788864663882,0.244837408405923,1
47,21,-1,1,1.76691360154017,1.94018568448917,0.488555731661038,1
47,22,1,1,1.9527415271745,3.13788864663882,0.477402418732182,1
47,23,1,1,1.9527415271745,3.13788864663882,0.874537235908734,1
47,24,1,1,1.9527415271745,3.13788864663882,1.09446388430583,1
47,25,-1,1,1.76691360154017,1.94018568448917,0.34102821254142,1
47,26,-1,1,1.76691360154017,1.94018568448917,0.36988219444804,1
47,27,1,1,1.9527415271745,3.13788864663882,0.306436043340583,1
47,28,-1,1,1.76691360154017,1.94018568448917,0.290234962037691,1
47,29,1,1,1.9527415271745,3.13788864663882,0.8345100205036,1
47,30,-1,1,1.76691360154017,1.94018568448917,0.581345798750312,1
47,31,1,1,1.9527415271745,3.13788864663882,0.409992091694886,1
47,32,-1,1,1.76691360154017,1.94018568448917,0.533179486145449,1
47,33,1,1,1.9527415271745,3.13788864663882,0.453193241199011,1
47,34,-1,1,1.76691360154017,1.94018568448917,0.414274770881171,1
47,35,-1,1,1.76691360154017,1.94018568448917,0.78823584436627,1
47,36,-1,1,1.76691360154017,1.94018568448917,1.12172109916604,1
47,37,-1,1,1.76691360154017,1.94018568448917,0.295600068494263,1
47,38,-1,1,1.76691360154017,1.94018568448917,0.86125819640391,1
47,39,-1,1,1.76691360154017,1.94018568448917,0.426124339858904,1
47,40,1,1,1.9527415271745,3.13788864663882,0.664007048133958,1
47,41,1,1,1.9527415271745,3.13788864663882,0.495129809362346,1
47,42,1,1,1.9527415271745,3.13788864663882,0.408762290677598,1
47,43,-1,1,1.76691360154017,1.94018568448917,0.483437885748064,-1
47,44,-1,-1,1.68410505247473,0.76770121549861,1.46977959151497,-1
47,45,1,-1,1.86122392697934,1.3542244533734,0.39894865544549,1
47,46,-1,1,1.76691360154017,1.94018568448917,0.571197591677202,1
47,47,1,1,1.9527415271745,3.13788864663882,0.402107930769211,1
47,48,1,1,1.9527415271745,3.13788864663882,0.339773671213324,1
47,49,1,1,1.9527415271745,3.13788864663882,0.694100793662363,1
47,50,-1,1,1.76691360154017,1.94018568448917,0.577181730325894,1
47,51,1,1,1.9527415271745,3.13788864663882,0.288667806165785,1
47,52,1,1,1.9527415271745,3.13788864663882,0.398358972845492,1
47,53,1,1,1.9527415271745,3.13788864663882,0.418165198691612,1
47,54,-1,1,1.76691360154017,1.94018568448917,0.292103922427377,1
47,55,1,1,1.9527415271745,3.13788864663882,0.637231849827529,1
47,56,1,1,1.9527415271745,3.13788864663882,0.844077621842366,1
47,57,-1,1,1.76691360154017,1.94018568448917,0.49916670062108,1
47,58,-1,1,1.76691360154017,1.94018568448917,0.393109142008917,1
47,59,1,1,1.9527415271745,3.13788864663882,0.378582983594149,1
47,60,-1,1,1.76691360154017,1.94018568448917,0.735334547607285,1
47,61,-1,1,1.76691360154017,1.94018568448917,0.359706547425965,1
47,62,-1,1,1.76691360154017,1.94018568448917,0.233415762416097,1
47,63,-1,1,1.76691360154017,1.94018568448917,0.512811772766673,1
47,64,1,1,1.9527415271745,3.13788864663882,0.757957721582134,1
47,65,1,1,1.9527415271745,3.13788864663882,0.703553950187633,1
47,66,1,1,1.9527415271745,3.13788864663882,0.644711980958462,1
47,67,1,1,1.9527415271745,3.13788864663882,0.359397947896225,1
47,68,-1,1,1.76691360154017,1.94018568448917,0.311808450868149,1
47,69,-1,1,1.76691360154017,1.94018568448917,0.492626175380996,1
47,70,-1,1,1.76691360154017,1.94018568448917,0.955931322452281,1
47,71,-1,1,1.76691360154017,1.94018568448917,0.256828068508751,1
47,72,-1,1,1.76691360154017,1.94018568448917,0.443311546781955,1
47,73,1,1,1.9527415271745,3.13788864663882,0.369856400378526,1
47,74,-1,1,1.76691360154017,1.94018568448917,0.243781037861416,1
47,75,-1,1,1.76691360154017,1.94018568448917,1.15467037024974,1
47,76,1,1,1.9527415271745,3.13788864663882,0.394755678369632,1
47,77,1,1,1.9527415271745,3.13788864663882,0.404614763426217,1
47,78,-1,1,1.76691360154017,1.94018568448917,0.389845869561401,1
47,79,-1,1,1.76691360154017,1.94018568448917,0.655100642497442,1
47,80,1,1,1.9527415271745,3.13788864663882,0.522289653421602,1
47,81,1,1,1.9527415271745,3.13788864663882,0.374943605881833,1
47,82,-1,1,1.76691360154017,1.94018568448917,0.326583648159196,-1
47,83,1,-1,1.86122392697934,1.3542244533734,0.624735965816821,1
47,84,1,1,1.9527415271745,3.13788864663882,0.229419996492335,1
47,85,1,1,1.9527415271745,3.13788864663882,0.320184206859445,1
47,86,1,1,1.9527415271745,3.13788864663882,0.427264057454837,1
47,87,-1,1,1.76691360154017,1.94018568448917,0.257786291142431,1
47,88,1,1,1.9527415271745,3.13788864663882,0.59708794605575,1
47,89,-1,1,1.76691360154017,1.94018568448917,1.1988110656714,1
47,90,-1,1,1.76691360154017,1.94018568448917,0.344574249870099,1
47,91,1,1,1.9527415271745,3.13788864663882,0.385905758185221,1
47,92,-1,1,1.76691360154017,1.94018568448917,0.745775070790784,1
47,93,-1,1,1.76691360154017,1.94018568448917,0.358934217521451,1
47,94,1,1,1.9527415271745,3.13788864663882,0.270632668777002,1
47,95,-1,1,1.76691360154017,1.94018568448917,0.971710552037571,-1
47,96,1,-1,1.86122392697934,1.3542244533734,0.802878062811766,1
47,97,1,1,1.9527415271745,3.13788864663882,0.356167703045899,1
47,98,-1,1,1.76691360154017,1.94018568448917,0.34447822979156,1
47,99,-1,1,1.76691360154017,1.94018568448917,1.02755718576103,1
47,100,-1,1,1.76691360154017,1.94018568448917,0.31343404302587,1
47,101,1,1,1.9527415271745,3.13788864663882,0.40426377290694,1
48,2,-1,1,1.67854575392582,0.540164034394106,1.38595349517544,-1
48,3,1,-1,1.76813937988427,1.76935934145297,0.45815729832294,1
48,4,-1,1,1.67854575392582,0.540164034394106,0.480847492650367,1
48,5,-1,1,1.67854575392582,0.540164034394106,0.333779134457742,1
48,6,-1,1,1.67854575392582,0.540164034394106,0.9754112636501,-1
48,7,-1,-1,1.59987867122219,0.211715417285019,1.78173875077799,1
48,8,-1,1,1.67854575392582,0.540164034394106,1.61620680583348,1
48,9,1,1,1.85507995189818,4.67876120686791,0.386372086957247,1
48,10,-1,1,1.67854575392582,0.540164034394106,1.05876861757945,-1
48,11,1,-1,1.76813937988427,1.76935934145297,0.414326376529609,1
48,12,-1,1,1.67854575392582,0.540164034394106,1.04004425711178,1
48,13,-1,1,1.67854575392582,0.540164034394106,0.591067560771597,1
48,14,-1,1,1.67854575392582,0.540164034394106,1.25995258493146,-1
48,15,-1,-1,1.59987867122219,0.211715417285019,0.457132391567321,-1
48,16,-1,-1,1.59987867122219,0.211715417285019,0.57786778359234,1
48,17,-1,1,1.67854575392582,0.540164034394106,1.23445566744734,-1
48,18,1,-1,1.76813937988427,1.76935934145297,0.548001098602124,1
48,19,1,1,1.85507995189818,4.67876120686791,0.38441813127975,1
48,20,-1,1,1.67854575392582,0.540164034394106,0.547484293661135,1
48,21,1,1,1.85507995189818,4.67876120686791,0.341467162736957,1
48,22,-1,1,1.67854575392582,0.540164034394106,0.417018092590279,1
48,23,-1,1,1.67854575392582,0.540164034394106,0.725520473940574,-1
48,24,1,-1,1.76813937988427,1.76935934145297,0.471011883475044,1
48,25,-1,1,1.67854575392582,0.540164034394106,1.02400456353424,1
48,26,-1,1,1.67854575392582,0.540164034394106,0.700195034882141,1
48,27,-1,1,1.67854575392582,0.540164034394106,0.364240501238565,-1
48,28,-1,-1,1.59987867122219,0.211715417285019,0.832883371495807,1
48,29,-1,1,1.67854575392582,0.540164034394106,0.633888195572815,1
48,30,-1,1,1.67854575392582,0.540164034394106,0.850639306814585,-1
48,31,1,-1,1.76813937988427,1.76935934145297,1.45265726034028,1
48,32,1,1,1.85507995189818,4.67876120686791,0.523456061278574,1
48,33,1,1,1.85507995189818,4.67876120686791,0.372910268710672,1
48,34,-1,1,1.67854575392582,0.540164034394106,1.2996617906722,1
48,35,1,1,1.85507995189818,4.67876120686791,0.317140957357326,1
48,36,-1,1,1.67854575392582,0.540164034394106,0.77392533744593,1
48,37,1,1,1.85507995189818,4.67876120686791,0.463785503496914,1
48,38,1,1,1.85507995189818,4.67876120686791,0.386494168647473,1
48,39,-1,1,1.67854575392582,0.540164034394106,0.764831219649381,1
48,40,-1,1,1.67854575392582,0.540164034394106,0.768669850534552,1
48,41,-1,1,1.67854575392582,0.540164034394106,0.900934109134869,1
48,42,1,1,1.85507995189818,4.67876120686791,0.341383030087331,1
48,43,1,1,1.85507995189818,4.67876120686791,0.341527649632454,1
48,44,-1,1,1.67854575392582,0.540164034394106,0.440585375484835,1
48,45,1,1,1.85507995189818,4.67876120686791,0.482373441438615,1
48,46,1,1,1.85507995189818,4.67876120686791,0.450715151786497,1
48,47,1,1,1.85507995189818,4.67876120686791,0.449853547462429,1
48,48,-1,1,1.67854575392582,0.540164034394106,1.97505489145796,1
48,49,-1,1,1.67854575392582,0.540164034394106,0.792282283664863,-1
48,50,1,-1,1.76813937988427,1.76935934145297,0.902322644204796,1
48,51,-1,1,1.67854575392582,0.540164034394106,0.611478370783158,1
48,52,1,1,1.85507995189818,4.67876120686791,0.453702351911775,1
48,53,1,1,1.85507995189818,4.67876120686791,0.341664890676173,1
48,54,1,1,1.85507995189818,4.67876120686791,0.353236192732729,1
48,55,-1,1,1.67854575392582,0.540164034394106,0.743447781002679,1
48,56,-1,1,1.67854575392582,0.540164034394106,2.01052580860626,-1
48,57,1,-1,1.76813937988427,1.76935934145297,0.416366681046914,1
48,58,-1,1,1.67854575392582,0.540164034394106,0.482255221701074,1
48,59,1,1,1.85507995189818,4.67876120686791,0.589984206234761,1
48,60,-1,1,1.67854575392582,0.540164034394106,0.906493212773775,1
48,61,1,1,1.85507995189818,4.67876120686791,0.493325252305653,1
48,62,-1,1,1.67854575392582,0.540164034394106,1.92387920873789,-1
48,63,1,-1,1.76813937988427,1.76935934145297,0.641314247039453,1
48,64,1,1,1.85507995189818,4.67876120686791,0.489698144784254,1
48,65,1,1,1.85507995189818,4.67876120686791,0.511579902700596,1
48,66,1,1,1.85507995189818,4.67876120686791,0.321517125021278,1
48,67,1,1,1.85507995189818,4.67876120686791,0.507872564357967,1
48,68,-1,1,1.67854575392582,0.540164034394106,1.37103080936473,1
48,69,-1,1,1.67854575392582,0.540164034394106,1.0077717122558,-1
48,70,1,-1,1.76813937988427,1.76935934145297,0.432983542923269,1
48,71,1,1,1.85507995189818,4.67876120686791,0.369093003713659,1
48,72,1,1,1.85507995189818,4.67876120686791,0.694471252448508,1
48,73,-1,1,1.67854575392582,0.540164034394106,0.797193688886164,-1
48,74,1,-1,1.76813937988427,1.76935934145297,0.733584181393844,1
48,75,-1,1,1.67854575392582,0.540164034394106,0.745221197270962,1
48,76,1,1,1.85507995189818,4.67876120686791,0.350001314222739,1
48,77,1,1,1.85507995189818,4.67876120686791,0.579424193849739,1
48,78,-1,1,1.67854575392582,0.540164034394106,1.18541257302694,1
48,79,-1,1,1.67854575392582,0.540164034394106,0.43525568640594,1
48,80,1,1,1.85507995189818,4.67876120686791,0.550829563202368,1
48,81,1,1,1.85507995189818,4.67876120686791,0.445783674353421,1
48,82,-1,1,1.67854575392582,0.540164034394106,0.891762676117596,1
48,83,1,1,1.85507995189818,4.67876120686791,0.537709598828174,1
48,84,1,1,1.85507995189818,4.67876120686791,0.374878491306839,1
48,85,-1,1,1.67854575392582,0.540164034394106,0.451864522053657,-1
48,86,-1,-1,1.59987867122219,0.211715417285019,1.10752472136223,1
48,87,1,1,1.85507995189818,4.67876120686791,0.418870725244213,1
48,88,1,1,1.85507995189818,4.67876120686791,0.419305407373565,1
48,89,1,1,1.85507995189818,4.67876120686791,0.334626311933499,1
48,90,1,1,1.85507995189818,4.67876120686791,0.353214461429221,1
48,91,1,1,1.85507995189818,4.67876120686791,0.3527220298089,1
48,92,-1,1,1.67854575392582,0.540164034394106,0.438759549622198,1
48,93,1,1,1.85507995189818,4.67876120686791,0.456988860968818,1
48,94,1,1,1.85507995189818,4.67876120686791,0.604983850709932,1
48,95,-1,1,1.67854575392582,0.540164034394106,2.2208831209645,1
48,96,1,1,1.85507995189818,4.67876120686791,0.39072105690368,1
48,97,1,1,1.85507995189818,4.67876120686791,0.750872728804213,1
48,98,-1,1,1.67854575392582,0.540164034394106,0.728781737938049,1
48,99,-1,1,1.67854575392582,0.540164034394106,0.607131117900588,-1
48,100,-1,-1,1.59987867122219,0.211715417285019,0.731874262015354,1
48,101,1,1,1.85507995189818,4.67876120686791,0.548463743780616,1
49,2,-1,1,2.02408803767089,2.36179217713139,0.446195461156743,1
49,3,-1,1,2.02408803767089,2.36179217713139,1.65917811962613,1
49,4,1,1,2.23696323485868,2.53778811681205,0.559387112156523,1
49,5,-1,1,2.02408803767089,2.36179217713139,0.320498307332785,1
49,6,1,1,2.23696323485868,2.53778811681205,0.567043663567768,1
49,7,-1,1,2.02408803767089,2.36179217713139,0.767539447994707,1
49,8,1,1,2.23696323485868,2.53778811681205,0.497305916742108,1
49,9,-1,1,2.02408803767089,2.36179217713139,0.62967325359145,1
49,10,1,1,2.23696323485868,2.53778811681205,1.5889141500556,1
49,11,1,1,2.23696323485868,2.53778811681205,0.636380922660813,1
49,12,-1,1,2.02408803767089,2.36179217713139,0.623904935299074,1
49,13,-1,1,2.02408803767089,2.36179217713139,1.37921877664149,1
49,14,1,1,2.23696323485868,2.53778811681205,0.552529176278546,1
49,15,1,1,2.23696323485868,2.53778811681205,0.56768355089351,1
49,16,-1,1,2.02408803767089,2.36179217713139,0.408823734579436,1
49,17,1,1,2.23696323485868,2.53778811681205,0.70157415135851,1
49,18,-1,1,2.02408803767089,2.36179217713139,0.844158373152519,1
49,19,1,1,2.23696323485868,2.53778811681205,0.671290808349067,1
49,20,-1,1,2.02408803767089,2.36179217713139,0.64796389392372,1
49,21,1,1,2.23696323485868,2.53778811681205,0.768055141973613,1
49,22,1,1,2.23696323485868,2.53778811681205,0.402378536095078,1
49,23,-1,1,2.02408803767089,2.36179217713139,1.2478989415078,1
49,24,-1,1,2.02408803767089,2.36179217713139,1.22648636659653,1
49,25,1,1,2.23696323485868,2.53778811681205,0.379035619974168,1
49,26,-1,1,2.02408803767089,2.36179217713139,0.822663835659611,1
49,27,-1,1,2.02408803767089,2.36179217713139,0.284219067326288,1
49,28,1,1,2.23696323485868,2.53778811681205,0.706166728087883,1
49,29,1,1,2.23696323485868,2.53778811681205,0.897771765391429,1
49,30,-1,1,2.02408803767089,2.36179217713139,0.337353494461305,1
49,31,-1,1,2.02408803767089,2.36179217713139,0.467648896911957,1
49,32,1,1,2.23696323485868,2.53778811681205,0.391818809345138,1
49,33,-1,1,2.02408803767089,2.36179217713139,0.382207555570464,1
49,34,1,1,2.23696323485868,2.53778811681205,0.339929893104343,1
49,35,1,1,2.23696323485868,2.53778811681205,0.409581596978241,1
49,36,1,1,2.23696323485868,2.53778811681205,0.780514670126063,1
49,37,1,1,2.23696323485868,2.53778811681205,0.693557419647845,1
49,38,-1,1,2.02408803767089,2.36179217713139,0.519230213904154,1
49,39,-1,1,2.02408803767089,2.36179217713139,0.418868439765395,1
49,40,1,1,2.23696323485868,2.53778811681205,0.774851706738787,1
49,41,1,1,2.23696323485868,2.53778811681205,0.586953317593599,1
49,42,1,1,2.23696323485868,2.53778811681205,0.319769348538518,1
49,43,1,1,2.23696323485868,2.53778811681205,0.564831379367321,1
49,44,1,1,2.23696323485868,2.53778811681205,1.66883186555526,1
49,45,-1,1,2.02408803767089,2.36179217713139,0.619697555206294,1
49,46,-1,1,2.02408803767089,2.36179217713139,0.421492167423907,1
49,47,1,1,2.23696323485868,2.53778811681205,0.369439052736031,1
49,48,1,1,2.23696323485868,2.53778811681205,0.743734837649138,1
49,49,1,1,2.23696323485868,2.53778811681205,0.822483113726825,1
49,50,-1,1,2.02408803767089,2.36179217713139,1.06389931854722,1
49,51,-1,1,2.02408803767089,2.36179217713139,0.554501848098528,1
49,52,-1,1,2.02408803767089,2.36179217713139,0.329217676400062,1
49,53,1,1,2.23696323485868,2.53778811681205,0.467751808478512,1
49,54,-1,1,2.02408803767089,2.36179217713139,0.450750616697541,1
49,55,1,1,2.23696323485868,2.53778811681205,0.589602005020271,1
49,56,-1,1,2.02408803767089,2.36179217713139,0.307976744063168,1
49,57,-1,1,2.02408803767089,2.36179217713139,0.665772131097103,1
49,58,-1,1,2.02408803767089,2.36179217713139,1.15893423433373,-1
49,59,-1,-1,1.92922669672353,0.421627739106413,0.659931625119845,1
49,60,1,1,2.23696323485868,2.53778811681205,0.506168480731532,1
49,61,1,1,2.23696323485868,2.53778811681205,0.376309676209583,1
49,62,-1,1,2.02408803767089,2.36179217713139,0.35408550183093,1
49,63,-1,1,2.02408803767089,2.36179217713139,0.68944641412041,1
49,64,-1,1,2.02408803767089,2.36179217713139,0.908019714410324,1
49,65,1,1,2.23696323485868,2.53778811681205,0.506231758385864,1
49,66,1,1,2.23696323485868,2.53778811681205,0.366509085509296,1
49,67,1,1,2.23696323485868,2.53778811681205,0.348731434656333,1
49,68,-1,1,2.02408803767089,2.36179217713139,1.10654353222737,-1
49,69,1,-1,2.132125239594,1.87879196695014,0.41216420877324,1
49,70,1,1,2.23696323485868,2.53778811681205,0.416118073604162,1
49,71,-1,1,2.02408803767089,2.36179217713139,0.311483326090278,1
49,72,1,1,2.23696323485868,2.53778811681205,0.380840311315818,1
49,73,1,1,2.23696323485868,2.53778811681205,0.812768275252528,1
49,74,1,1,2.23696323485868,2.53778811681205,0.482977356196933,1
49,75,-1,1,2.02408803767089,2.36179217713139,0.90648603276092,1
49,76,1,1,2.23696323485868,2.53778811681205,0.422494949953536,1
49,77,-1,1,2.02408803767089,2.36179217713139,0.464817630304153,1
49,78,1,1,2.23696323485868,2.53778811681205,0.659787042434226,1
49,79,-1,1,2.02408803767089,2.36179217713139,0.556110752937736,1
49,80,1,1,2.23696323485868,2.53778811681205,0.663845811268151,1
49,81,1,1,2.23696323485868,2.53778811681205,0.590242149897901,1
49,82,-1,1,2.02408803767089,2.36179217713139,0.759310035469879,-1
49,83,-1,-1,1.92922669672353,0.421627739106413,0.373863481070829,1
49,84,-1,1,2.02408803767089,2.36179217713139,0.87748222239829,1
49,85,1,1,2.23696323485868,2.53778811681205,0.366715940860036,1
49,86,1,1,2.23696323485868,2.53778811681205,0.624138180057963,1
49,87,-1,1,2.02408803767089,2.36179217713139,0.518497208723414,1
49,88,1,1,2.23696323485868,2.53778811681205,1.11328566996612,1
49,89,-1,1,2.02408803767089,2.36179217713139,0.356133668915643,1
49,90,-1,1,2.02408803767089,2.36179217713139,0.395893917684391,1
49,91,1,1,2.23696323485868,2.53778811681205,0.703377976630489,1
49,92,-1,1,2.02408803767089,2.36179217713139,0.574888111647355,1
49,93,-1,1,2.02408803767089,2.36179217713139,0.762089690103317,1
49,94,-1,1,2.02408803767089,2.36179217713139,0.514100906208641,1
49,95,1,1,2.23696323485868,2.53778811681205,0.461621005147844,1
49,96,-1,1,2.02408803767089,2.36179217713139,0.433401608944192,1
49,97,1,1,2.23696323485868,2.53778811681205,0.993667648865182,1
49,98,-1,1,2.02408803767089,2.36179217713139,0.991617942606594,1
49,99,-1,1,2.02408803767089,2.36179217713139,0.42113108192952,1
49,100,-1,1,2.02408803767089,2.36179217713139,0.874930203180249,1
49,101,1,1,2.23696323485868,2.53778811681205,0.609764989423354,1
50,2,1,-1,1.45759534364747,2.00982616442567,0.383244881336619,1
50,3,1,1,1.52926626189251,3.10958824380243,0.338722085720311,1
50,4,-1,1,1.38373733590032,1.4722151469183,0.273193713170789,-1
50,5,1,-1,1.45759534364747,2.00982616442567,0.464729485512257,1
50,6,1,1,1.52926626189251,3.10958824380243,0.469628095565661,1
50,7,-1,1,1.38373733590032,1.4722151469183,0.36904193411116,1
50,8,-1,1,1.38373733590032,1.4722151469183,0.494223657219363,1
50,9,1,1,1.52926626189251,3.10958824380243,0.25966313662012,1
50,10,-1,1,1.38373733590032,1.4722151469183,0.237625173574102,1
50,11,1,1,1.52926626189251,3.10958824380243,0.423197520305108,1
50,12,1,1,1.52926626189251,3.10958824380243,0.325150371385252,1
50,13,1,1,1.52926626189251,3.10958824380243,0.366855532605472,1
50,14,-1,1,1.38373733590032,1.4722151469183,1.27748057309666,1
50,15,1,1,1.52926626189251,3.10958824380243,0.53864651770782,1
50,16,1,1,1.52926626189251,3.10958824380243,0.496332396974564,1
50,17,1,1,1.52926626189251,3.10958824380243,0.660006017591583,1
50,18,1,1,1.52926626189251,3.10958824380243,0.920837872318728,1
50,19,-1,1,1.38373733590032,1.4722151469183,0.440672809283425,1
50,20,1,1,1.52926626189251,3.10958824380243,0.388234531532336,1
50,21,-1,1,1.38373733590032,1.4722151469183,1.61154853313699,1
50,22,-1,1,1.38373733590032,1.4722151469183,0.341176079622418,1
50,23,-1,1,1.38373733590032,1.4722151469183,0.276756002797099,1
50,24,1,1,1.52926626189251,3.10958824380243,0.622085645331094,1
50,25,-1,1,1.38373733590032,1.4722151469183,0.403728523313679,-1
50,26,-1,-1,1.31888680728721,0.608370444853597,0.456742034863349,1
50,27,1,1,1.52926626189251,3.10958824380243,0.259134661570994,1
50,28,1,1,1.52926626189251,3.10958824380243,0.237922113465295,1
50,29,-1,1,1.38373733590032,1.4722151469183,0.407361770334011,1
50,30,1,1,1.52926626189251,3.10958824380243,0.426863415927919,1
50,31,1,1,1.52926626189251,3.10958824380243,0.761563418469229,1
50,32,-1,1,1.38373733590032,1.4722151469183,0.814045809165909,1
50,33,1,1,1.52926626189251,3.10958824380243,0.446114500031561,1
50,34,-1,1,1.38373733590032,1.4722151469183,0.467565243189525,1
50,35,-1,1,1.38373733590032,1.4722151469183,0.402687120250646,1
50,36,-1,1,1.38373733590032,1.4722151469183,0.776801233401196,1
50,37,1,1,1.52926626189251,3.10958824380243,0.462567821380452,1
50,38,1,1,1.52926626189251,3.10958824380243,0.352909441398105,1
50,39,-1,1,1.38373733590032,1.4722151469183,0.246168137538811,1
50,40,1,1,1.52926626189251,3.10958824380243,0.506943363783483,1
50,41,-1,1,1.38373733590032,1.4722151469183,0.393902923397063,1
50,42,-1,1,1.38373733590032,1.4722151469183,0.903583562959865,1
50,43,-1,1,1.38373733590032,1.4722151469183,0.695359574781003,1
50,44,-1,1,1.38373733590032,1.4722151469183,0.249648973285459,-1
50,45,-1,-1,1.31888680728721,0.608370444853597,0.375022582105467,1
50,46,1,1,1.52926626189251,3.10958824380243,0.533044022466143,1
50,47,-1,1,1.38373733590032,1.4722151469183,0.695848499665668,1
50,48,1,1,1.52926626189251,3.10958824380243,0.687504958493476,1
50,49,-1,1,1.38373733590032,1.4722151469183,0.447742858226961,1
50,50,-1,1,1.38373733590032,1.4722151469183,0.263208797156119,1
50,51,-1,1,1.38373733590032,1.4722151469183,0.459891098355158,1
50,52,-1,1,1.38373733590032,1.4722151469183,0.627806812512114,1
50,53,1,1,1.52926626189251,3.10958824380243,0.381220789720353,1
50,54,-1,1,1.38373733590032,1.4722151469183,0.321427855316292,1
50,55,-1,1,1.38373733590032,1.4722151469183,0.571274301637913,1
50,56,1,1,1.52926626189251,3.10958824380243,0.526970106603823,1
50,57,-1,1,1.38373733590032,1.4722151469183,0.226776398789669,1
50,58,-1,1,1.38373733590032,1.4722151469183,0.245471378960441,-1
50,59,1,-1,1.45759534364747,2.00982616442567,0.571253971839151,1
50,60,1,1,1.52926626189251,3.10958824380243,1.10226849255598,1
50,61,1,1,1.52926626189251,3.10958824380243,0.284730228409351,1
50,62,1,1,1.52926626189251,3.10958824380243,0.441956236596646,1
50,63,-1,1,1.38373733590032,1.4722151469183,0.50225521839683,1
50,64,1,1,1.52926626189251,3.10958824380243,0.295585793135702,1
50,65,1,1,1.52926626189251,3.10958824380243,0.726936451926992,1
50,66,-1,1,1.38373733590032,1.4722151469183,0.784555918473519,1
50,67,1,1,1.52926626189251,3.10958824380243,0.258239669944757,1
50,68,-1,1,1.38373733590032,1.4722151469183,1.25658728962443,1
50,69,1,1,1.52926626189251,3.10958824380243,0.598600843440032,1
50,70,-1,1,1.38373733590032,1.4722151469183,0.641479903655158,1
50,71,-1,1,1.38373733590032,1.4722151469183,0.475781436538957,-1
50,72,1,-1,1.45759534364747,2.00982616442567,0.763676795875348,1
50,73,-1,1,1.38373733590032,1.4722151469183,0.871807748081844,1
50,74,1,1,1.52926626189251,3.10958824380243,0.324451501066372,1
50,75,1,1,1.52926626189251,3.10958824380243,0.459925258693849,1
50,76,-1,1,1.38373733590032,1.4722151469183,0.316699592768712,1
50,77,-1,1,1.38373733590032,1.4722151469183,0.330966640358906,1
50,78,1,1,1.52926626189251,3.10958824380243,0.761272794592122,1
50,79,1,1,1.52926626189251,3.10958824380243,0.280937033327613,1
50,80,1,1,1.52926626189251,3.10958824380243,0.356612783819995,1
50,81,1,1,1.52926626189251,3.10958824380243,0.413103072364916,1
50,82,-1,1,1.38373733590032,1.4722151469183,0.794654859269642,1
50,83,1,1,1.52926626189251,3.10958824380243,0.282897849626139,1
50,84,1,1,1.52926626189251,3.10958824380243,0.222470187578777,1
50,85,1,1,1.52926626189251,3.10958824380243,0.39504644906072,1
50,86,1,1,1.52926626189251,3.10958824380243,0.283128777462871,1
50,87,-1,1,1.38373733590032,1.4722151469183,0.305903635483347,1
50,88,-1,1,1.38373733590032,1.4722151469183,0.361966468912121,1
50,89,1,1,1.52926626189251,3.10958824380243,0.351690058082601,1
50,90,1,1,1.52926626189251,3.10958824380243,0.686810677929392,1
50,91,-1,1,1.38373733590032,1.4722151469183,0.250508798548299,1
50,92,-1,1,1.38373733590032,1.4722151469183,0.44353960170059,1
50,93,-1,1,1.38373733590032,1.4722151469183,0.842523946912659,1
50,94,-1,1,1.38373733590032,1.4722151469183,0.59953976522607,1
50,95,1,1,1.52926626189251,3.10958824380243,0.315915024564447,1
50,96,-1,1,1.38373733590032,1.4722151469183,0.479110052976064,1
50,97,1,1,1.52926626189251,3.10958824380243,0.364663363991573,1
50,98,-1,1,1.38373733590032,1.4722151469183,0.510820729157894,1
50,99,-1,1,1.38373733590032,1.4722151469183,0.638767374705533,-1
50,100,1,-1,1.45759534364747,2.00982616442567,0.390129258302409,1
50,101,-1,1,1.38373733590032,1.4722151469183,0.797282762229376,1
51,2,1,1,1.89454277227693,3.52737096077581,0.495111442944137,1
51,3,-1,1,1.71425319042575,0.485856154672465,1.00154910398401,-1
51,4,-1,-1,1.63391263540019,0.677659498973553,0.731219373736734,1
51,5,1,1,1.89454277227693,3.52737096077581,0.341245684525074,1
51,6,-1,1,1.71425319042575,0.485856154672465,0.740577839615298,1
51,7,1,1,1.89454277227693,3.52737096077581,0.465963491523424,1
51,8,1,1,1.89454277227693,3.52737096077581,0.743550722899263,1
51,9,-1,1,1.71425319042575,0.485856154672465,0.798602321822865,1
51,10,-1,1,1.71425319042575,0.485856154672465,0.70818542330674,1
51,11,-1,1,1.71425319042575,0.485856154672465,0.468259812862002,-1
51,12,1,-1,1.80575272732063,2.50911338557817,0.301834859340301,1
51,13,-1,1,1.71425319042575,0.485856154672465,1.07397482481602,-1
51,14,-1,-1,1.63391263540019,0.677659498973553,0.666311784871738,-1
51,15,1,-1,1.80575272732063,2.50911338557817,0.305433654032332,1
51,16,1,1,1.89454277227693,3.52737096077581,0.609306556847026,1
51,17,-1,1,1.71425319042575,0.485856154672465,0.411586717699556,-1
51,18,-1,-1,1.63391263540019,0.677659498973553,0.568493501993102,1
51,19,1,1,1.89454277227693,3.52737096077581,0.803722718634971,1
51,20,1,1,1.89454277227693,3.52737096077581,0.392751589621901,1
51,21,-1,1,1.71425319042575,0.485856154672465,1.4200294788908,1
51,22,1,1,1.89454277227693,3.52737096077581,0.65282966752484,1
51,23,1,1,1.89454277227693,3.52737096077581,0.436817764703887,1
51,24,-1,1,1.71425319042575,0.485856154672465,1.40074907716509,1
51,25,-1,1,1.71425319042575,0.485856154672465,0.524812126068105,1
51,26,-1,1,1.71425319042575,0.485856154672465,1.40513243714437,1
51,27,-1,1,1.71425319042575,0.485856154672465,1.04681829852317,-1
51,28,1,-1,1.80575272732063,2.50911338557817,0.48032340524586,-1
51,29,1,-1,1.80575272732063,2.50911338557817,0.492377469481748,1
51,30,1,1,1.89454277227693,3.52737096077581,0.299493587937095,1
51,31,-1,1,1.71425319042575,0.485856154672465,0.617657800831344,1
51,32,1,1,1.89454277227693,3.52737096077581,0.353644709793594,1
51,33,1,1,1.89454277227693,3.52737096077581,0.301347264369517,1
51,34,1,1,1.89454277227693,3.52737096077581,0.521388321055847,1
51,35,-1,1,1.71425319042575,0.485856154672465,0.622547321861348,1
51,36,1,1,1.89454277227693,3.52737096077581,0.418218587460612,1
51,37,-1,1,1.71425319042575,0.485856154672465,0.484334433671204,1
51,38,1,1,1.89454277227693,3.52737096077581,0.376732924679332,1
51,39,-1,1,1.71425319042575,0.485856154672465,0.413003198022005,1
51,40,-1,1,1.71425319042575,0.485856154672465,0.422150396777978,1
51,41,-1,1,1.71425319042575,0.485856154672465,0.534760631470878,1
51,42,-1,1,1.71425319042575,0.485856154672465,0.39370063079868,1
51,43,-1,1,1.71425319042575,0.485856154672465,0.455824701109899,1
51,44,1,1,1.89454277227693,3.52737096077581,0.370841835863708,1
51,45,-1,1,1.71425319042575,0.485856154672465,0.75485698444667,-1
51,46,1,-1,1.80575272732063,2.50911338557817,0.299186508520143,1
51,47,-1,1,1.71425319042575,0.485856154672465,2.21221734271244,-1
51,48,-1,-1,1.63391263540019,0.677659498973553,0.446166359114215,1
51,49,1,1,1.89454277227693,3.52737096077581,0.451603447794837,1
51,50,-1,1,1.71425319042575,0.485856154672465,0.400256524434715,1
51,51,-1,1,1.71425319042575,0.485856154672465,0.651382249876377,1
51,52,-1,1,1.71425319042575,0.485856154672465,0.879625790031409,-1
51,53,-1,-1,1.63391263540019,0.677659498973553,0.945635122943771,1
51,54,-1,1,1.71425319042575,0.485856154672465,0.652361662429082,-1
51,55,1,-1,1.80575272732063,2.50911338557817,0.348306773463852,1
51,56,1,1,1.89454277227693,3.52737096077581,0.344920539636418,1
51,57,1,1,1.89454277227693,3.52737096077581,0.35669254747901,1
51,58,-1,1,1.71425319042575,0.485856154672465,0.356167773699,1
51,59,-1,1,1.71425319042575,0.485856154672465,0.8049324002672,-1
51,60,1,-1,1.80575272732063,2.50911338557817,0.238400335842392,1
51,61,1,1,1.89454277227693,3.52737096077581,0.279820023612003,1
51,62,1,1,1.89454277227693,3.52737096077581,0.468214953587924,1
51,63,-1,1,1.71425319042575,0.485856154672465,0.883860477923351,1
51,64,1,1,1.89454277227693,3.52737096077581,0.346894161629076,1
51,65,1,1,1.89454277227693,3.52737096077581,0.372707204225619,1
51,66,1,1,1.89454277227693,3.52737096077581,0.287355091441887,1
51,67,-1,1,1.71425319042575,0.485856154672465,0.270767111226774,1
51,68,-1,1,1.71425319042575,0.485856154672465,0.690970152267128,1
51,69,1,1,1.89454277227693,3.52737096077581,0.530840085859996,1
51,70,1,1,1.89454277227693,3.52737096077581,0.509902856692513,1
51,71,1,1,1.89454277227693,3.52737096077581,0.4202802257748,1
51,72,-1,1,1.71425319042575,0.485856154672465,1.36496038253162,1
51,73,1,1,1.89454277227693,3.52737096077581,0.426343363184399,1
51,74,1,1,1.89454277227693,3.52737096077581,0.446462770826217,1
51,75,-1,1,1.71425319042575,0.485856154672465,0.615746205876577,1
51,76,1,1,1.89454277227693,3.52737096077581,0.536618029562376,1
51,77,-1,1,1.71425319042575,0.485856154672465,2.08213715035694,1
51,78,-1,1,1.71425319042575,0.485856154672465,0.514169095039289,1
51,79,1,1,1.89454277227693,3.52737096077581,0.278684245933049,1
51,80,1,1,1.89454277227693,3.52737096077581,0.417773082339265,1
51,81,1,1,1.89454277227693,3.52737096077581,0.75089452084806,1
51,82,1,1,1.89454277227693,3.52737096077581,0.263786483569601,1
51,83,-1,1,1.71425319042575,0.485856154672465,0.506000344202422,-1
51,84,-1,-1,1.63391263540019,0.677659498973553,0.788233512630379,1
51,85,1,1,1.89454277227693,3.52737096077581,0.332559582127257,1
51,86,1,1,1.89454277227693,3.52737096077581,0.499686164323879,1
51,87,-1,1,1.71425319042575,0.485856154672465,1.51611323073387,1
51,88,-1,1,1.71425319042575,0.485856154672465,1.33237904930098,1
51,89,1,1,1.89454277227693,3.52737096077581,0.512785736500059,1
51,90,-1,1,1.71425319042575,0.485856154672465,0.786424955182315,1
51,91,-1,1,1.71425319042575,0.485856154672465,0.598015605717915,-1
51,92,1,-1,1.80575272732063,2.50911338557817,0.92511429329215,1
51,93,1,1,1.89454277227693,3.52737096077581,0.370653320940623,1
51,94,-1,1,1.71425319042575,0.485856154672465,0.805051436212288,-1
51,95,-1,-1,1.63391263540019,0.677659498973553,0.732114590169945,-1
51,96,1,-1,1.80575272732063,2.50911338557817,0.505396994109302,1
51,97,1,1,1.89454277227693,3.52737096077581,0.291118546367364,1
51,98,1,1,1.89454277227693,3.52737096077581,0.337884206836333,1
51,99,-1,1,1.71425319042575,0.485856154672465,0.810331655240954,1
51,100,-1,1,1.71425319042575,0.485856154672465,1.3218938773487,-1
51,101,1,-1,1.80575272732063,2.50911338557817,0.329171968174114,1
52,2,-1,1,1.96696647203902,0.123166007458035,0.906912018100132,1
52,3,-1,1,1.96696647203902,0.123166007458035,0.393133365114172,1
52,4,-1,1,1.96696647203902,0.123166007458035,1.95763739809709,-1
52,5,-1,-1,1.87478220254903,-0.254456155703994,0.697273915664896,-1
52,6,-1,-1,1.87478220254903,-0.254456155703994,0.484475744647287,-1
52,7,-1,-1,1.87478220254903,-0.254456155703994,0.893756546611588,-1
52,8,1,-1,2.07195476798299,3.16616856609907,0.748969271373175,1
52,9,-1,1,1.96696647203902,0.123166007458035,0.2893378129024,-1
52,10,1,-1,2.07195476798299,3.16616856609907,0.658340450802061,1
52,11,-1,1,1.96696647203902,0.123166007458035,1.12613900481192,-1
52,12,-1,-1,1.87478220254903,-0.254456155703994,1.59756630641348,-1
52,13,-1,-1,1.87478220254903,-0.254456155703994,0.342935732531424,-1
52,14,-1,-1,1.87478220254903,-0.254456155703994,1.15994437209298,1
52,15,-1,1,1.96696647203902,0.123166007458035,0.680873340806773,-1
52,16,1,-1,2.07195476798299,3.16616856609907,0.511821361269703,1
52,17,1,1,2.17383414172738,4.16512158214689,0.811405278554572,1
52,18,-1,1,1.96696647203902,0.123166007458035,0.670664652617213,1
52,19,1,1,2.17383414172738,4.16512158214689,0.564187189057747,1
52,20,1,1,2.17383414172738,4.16512158214689,0.6514945463938,1
52,21,-1,1,1.96696647203902,0.123166007458035,0.517556617428826,-1
52,22,-1,-1,1.87478220254903,-0.254456155703994,4.15338677181728,1
52,23,1,1,2.17383414172738,4.16512158214689,0.676797587262286,1
52,24,1,1,2.17383414172738,4.16512158214689,0.299646874291551,1
52,25,-1,1,1.96696647203902,0.123166007458035,0.950521525916477,1
52,26,1,1,2.17383414172738,4.16512158214689,0.366816873465014,1
52,27,1,1,2.17383414172738,4.16512158214689,0.447269241528456,1
52,28,1,1,2.17383414172738,4.16512158214689,0.635046172089036,1
52,29,-1,1,1.96696647203902,0.123166007458035,2.04875372812058,-1
52,30,-1,-1,1.87478220254903,-0.254456155703994,1.2627209458669,-1
52,31,-1,-1,1.87478220254903,-0.254456155703994,1.27976323982913,-1
52,32,1,-1,2.07195476798299,3.16616856609907,0.626912921189596,1
52,33,1,1,2.17383414172738,4.16512158214689,0.334254639657148,1
52,34,-1,1,1.96696647203902,0.123166007458035,0.864490160717071,1
52,35,1,1,2.17383414172738,4.16512158214689,0.409128912856943,1
52,36,-1,1,1.96696647203902,0.123166007458035,1.62925041201035,-1
52,37,-1,-1,1.87478220254903,-0.254456155703994,1.53563920120548,1
52,38,1,1,2.17383414172738,4.16512158214689,0.305221325356207,1
52,39,-1,1,1.96696647203902,0.123166007458035,1.28998615509609,-1
52,40,1,-1,2.07195476798299,3.16616856609907,0.417598912139407,1
52,41,1,1,2.17383414172738,4.16512158214689,0.417713283758678,1
52,42,1,1,2.17383414172738,4.16512158214689,0.838377120088092,1
52,43,-1,1,1.96696647203902,0.123166007458035,2.34120327628141,-1
52,44,1,-1,2.07195476798299,3.16616856609907,0.46597738181262,1
52,45,1,1,2.17383414172738,4.16512158214689,0.572413158224903,1
52,46,-1,1,1.96696647203902,0.123166007458035,0.690581808860514,-1
52,47,-1,-1,1.87478220254903,-0.254456155703994,0.574206168605891,-1
52,48,1,-1,2.07195476798299,3.16616856609907,0.387643440676061,1
52,49,1,1,2.17383414172738,4.16512158214689,0.511801662052072,1
52,50,1,1,2.17383414172738,4.16512158214689,0.908470348745778,1
52,51,1,1,2.17383414172738,4.16512158214689,0.322639778311329,1
52,52,-1,1,1.96696647203902,0.123166007458035,0.462397783935526,-1
52,53,1,-1,2.07195476798299,3.16616856609907,0.298711884851546,1
52,54,-1,1,1.96696647203902,0.123166007458035,0.599954532145173,-1
52,55,-1,-1,1.87478220254903,-0.254456155703994,0.954132571715483,1
52,56,-1,1,1.96696647203902,0.123166007458035,0.524218013026001,1
52,57,1,1,2.17383414172738,4.16512158214689,0.531183972049346,1
52,58,1,1,2.17383414172738,4.16512158214689,0.355842975604149,1
52,59,-1,1,1.96696647203902,0.123166007458035,2.54158462208239,1
52,60,-1,1,1.96696647203902,0.123166007458035,1.36154020557973,-1
52,61,-1,-1,1.87478220254903,-0.254456155703994,1.56647344728251,1
52,62,-1,1,1.96696647203902,0.123166007458035,2.19529448185622,-1
52,63,1,-1,2.07195476798299,3.16616856609907,0.50159092746474,1
52,64,-1,1,1.96696647203902,0.123166007458035,0.448503978823464,1
52,65,-1,1,1.96696647203902,0.123166007458035,2.63333873278543,1
52,66,-1,1,1.96696647203902,0.123166007458035,1.60355402020836,1
52,67,1,1,2.17383414172738,4.16512158214689,0.313316237862509,1
52,68,1,1,2.17383414172738,4.16512158214689,0.624217232846128,1
52,69,1,1,2.17383414172738,4.16512158214689,0.466893599467498,1
52,70,1,1,2.17383414172738,4.16512158214689,0.393393127210717,1
52,71,1,1,2.17383414172738,4.16512158214689,0.404295305170193,1
52,72,-1,1,1.96696647203902,0.123166007458035,1.11477272712386,1
52,73,1,1,2.17383414172738,4.16512158214689,0.478515000867992,1
52,74,-1,1,1.96696647203902,0.123166007458035,0.461596483280426,-1
52,75,-1,-1,1.87478220254903,-0.254456155703994,0.537442445659608,1
52,76,1,1,2.17383414172738,4.16512158214689,0.364699378959631,1
52,77,1,1,2.17383414172738,4.16512158214689,0.364652745119206,1
52,78,1,1,2.17383414172738,4.16512158214689,0.302525149999428,1
52,79,-1,1,1.96696647203902,0.123166007458035,1.03868567924853,-1
52,80,1,-1,2.07195476798299,3.16616856609907,1.12328583357019,1
52,81,-1,1,1.96696647203902,0.123166007458035,0.36662412231046,1
52,82,-1,1,1.96696647203902,0.123166007458035,0.444999150157072,1
52,83,1,1,2.17383414172738,4.16512158214689,0.738892767406795,1
52,84,-1,1,1.96696647203902,0.123166007458035,1.24899939650072,-1
52,85,1,-1,2.07195476798299,3.16616856609907,0.40120589156002,1
52,86,-1,1,1.96696647203902,0.123166007458035,0.88805580838739,1
52,87,-1,1,1.96696647203902,0.123166007458035,0.463632141149189,-1
52,88,1,-1,2.07195476798299,3.16616856609907,0.372400873581169,1
52,89,1,1,2.17383414172738,4.16512158214689,0.46265349540087,1
52,90,-1,1,1.96696647203902,0.123166007458035,0.469591522215638,1
52,91,-1,1,1.96696647203902,0.123166007458035,0.598894419236045,-1
52,92,1,-1,2.07195476798299,3.16616856609907,0.595569120521579,1
52,93,-1,1,1.96696647203902,0.123166007458035,0.555919334449181,1
52,94,1,1,2.17383414172738,4.16512158214689,0.406923773396756,1
52,95,1,1,2.17383414172738,4.16512158214689,0.71259978979652,1
52,96,1,1,2.17383414172738,4.16512158214689,0.514854438528932,1
52,97,1,1,2.17383414172738,4.16512158214689,0.374228512022329,1
52,98,1,1,2.17383414172738,4.16512158214689,0.5,1
52,99,1,1,2.17383414172738,4.16512158214689,0.452663082903671,1
52,100,-1,1,1.96696647203902,0.123166007458035,0.608744964694262,1
52,101,1,1,2.17383414172738,4.16512158214689,0.561519096784382,1
53,2,1,1,2.11840548999472,3.63041421956482,0.397784791325979,1
53,3,1,1,2.11840548999472,3.63041421956482,0.236249359512887,1
53,4,1,1,2.11840548999472,3.63041421956482,0.542858089554389,1
53,5,1,1,2.11840548999472,3.63041421956482,0.440130860829198,1
53,6,-1,1,1.91681255392002,1.90349057897074,0.598848208344736,1
53,7,1,1,2.11840548999472,3.63041421956482,0.360120549960434,1
53,8,1,1,2.11840548999472,3.63041421956482,0.567720120678025,1
53,9,1,1,2.11840548999472,3.63041421956482,0.306060349231359,1
53,10,-1,1,1.91681255392002,1.90349057897074,0.388288191160801,1
53,11,1,1,2.11840548999472,3.63041421956482,0.42374867845221,1
53,12,-1,1,1.91681255392002,1.90349057897074,0.610370009664252,-1
53,13,1,-1,2.01912384724444,0.978283431432258,1.00526557327207,1
53,14,-1,1,1.91681255392002,1.90349057897074,0.400535507456789,1
53,15,-1,1,1.91681255392002,1.90349057897074,0.816814229328083,1
53,16,-1,1,1.91681255392002,1.90349057897074,0.812514197750741,1
53,17,-1,1,1.91681255392002,1.90349057897074,1.06566664340246,1
53,18,-1,1,1.91681255392002,1.90349057897074,1.01812847625386,1
53,19,1,1,2.11840548999472,3.63041421956482,0.399746421262393,1
53,20,-1,1,1.91681255392002,1.90349057897074,0.32844641498112,1
53,21,1,1,2.11840548999472,3.63041421956482,0.356384159337285,1
53,22,-1,1,1.91681255392002,1.90349057897074,0.635068896110238,1
53,23,1,1,2.11840548999472,3.63041421956482,0.317626327133902,1
53,24,1,1,2.11840548999472,3.63041421956482,0.804713106745388,1
53,25,1,1,2.11840548999472,3.63041421956482,0.271223081183305,1
53,26,1,1,2.11840548999472,3.63041421956482,0.857487084518492,1
53,27,-1,1,1.91681255392002,1.90349057897074,1.11278640105276,1
53,28,-1,1,1.91681255392002,1.90349057897074,0.45037281771144,1
53,29,-1,1,1.91681255392002,1.90349057897074,1.84304761812273,1
53,30,1,1,2.11840548999472,3.63041421956482,0.30212173433873,1
53,31,1,1,2.11840548999472,3.63041421956482,0.316023834251394,1
53,32,-1,1,1.91681255392002,1.90349057897074,0.296237120032252,1
53,33,-1,1,1.91681255392002,1.90349057897074,0.488721254199821,1
53,34,1,1,2.11840548999472,3.63041421956482,0.374687205298678,1
53,35,1,1,2.11840548999472,3.63041421956482,0.262465136586925,1
53,36,-1,1,1.91681255392002,1.90349057897074,0.247245330249691,1
53,37,-1,1,1.91681255392002,1.90349057897074,0.466959862107769,1
53,38,1,1,2.11840548999472,3.63041421956482,0.281904996272175,1
53,39,1,1,2.11840548999472,3.63041421956482,0.283065257085491,1
53,40,1,1,2.11840548999472,3.63041421956482,0.422078377580595,1
53,41,-1,1,1.91681255392002,1.90349057897074,0.451883219093163,1
53,42,1,1,2.11840548999472,3.63041421956482,0.840672608759529,1
53,43,-1,1,1.91681255392002,1.90349057897074,0.746393045865875,1
53,44,-1,1,1.91681255392002,1.90349057897074,0.864518166372872,1
53,45,-1,1,1.91681255392002,1.90349057897074,0.365542605066393,1
53,46,1,1,2.11840548999472,3.63041421956482,0.449108261235184,1
53,47,-1,1,1.91681255392002,1.90349057897074,0.995431042133722,1
53,48,-1,1,1.91681255392002,1.90349057897074,0.554293166678034,1
53,49,1,1,2.11840548999472,3.63041421956482,0.424707444056292,1
53,50,1,1,2.11840548999472,3.63041421956482,0.433530225645712,1
53,51,-1,1,1.91681255392002,1.90349057897074,1.22942560843487,1
53,52,1,1,2.11840548999472,3.63041421956482,0.482344857786516,1
53,53,-1,1,1.91681255392002,1.90349057897074,0.750164378612257,-1
53,54,-1,-1,1.82697880863549,0.687811770032179,1.09793380883975,1
53,55,-1,1,1.91681255392002,1.90349057897074,0.502237330983158,1
53,56,-1,1,1.91681255392002,1.90349057897074,0.503262686523296,1
53,57,-1,1,1.91681255392002,1.90349057897074,2.34752235516954,1
53,58,-1,1,1.91681255392002,1.90349057897074,0.552339245058282,1
53,59,-1,1,1.91681255392002,1.90349057897074,0.251833100111235,1
53,60,-1,1,1.91681255392002,1.90349057897074,0.785092540232547,-1
53,61,-1,-1,1.82697880863549,0.687811770032179,1.98674604123488,-1
53,62,1,-1,2.01912384724444,0.978283431432258,0.415919258658049,1
53,63,1,1,2.11840548999472,3.63041421956482,0.41144920284371,1
53,64,-1,1,1.91681255392002,1.90349057897074,0.413335247841133,1
53,65,1,1,2.11840548999472,3.63041421956482,0.551612410255665,1
53,66,-1,1,1.91681255392002,1.90349057897074,0.719065989805145,1
53,67,1,1,2.11840548999472,3.63041421956482,0.533229226566029,1
53,68,-1,1,1.91681255392002,1.90349057897074,0.450141749353269,1
53,69,-1,1,1.91681255392002,1.90349057897074,0.416562484084358,1
53,70,-1,1,1.91681255392002,1.90349057897074,0.61806329691382,1
53,71,-1,1,1.91681255392002,1.90349057897074,0.909239209369379,1
53,72,-1,1,1.91681255392002,1.90349057897074,0.778849938041796,1
53,73,-1,1,1.91681255392002,1.90349057897074,0.832748834601527,1
53,74,-1,1,1.91681255392002,1.90349057897074,0.28607194992885,1
53,75,1,1,2.11840548999472,3.63041421956482,0.619652514885933,1
53,76,-1,1,1.91681255392002,1.90349057897074,0.572321566558808,1
53,77,1,1,2.11840548999472,3.63041421956482,0.641701817364954,1
53,78,1,1,2.11840548999472,3.63041421956482,0.601350425446293,1
53,79,1,1,2.11840548999472,3.63041421956482,0.45156690581575,1
53,80,1,1,2.11840548999472,3.63041421956482,0.487931058103905,1
53,81,1,1,2.11840548999472,3.63041421956482,0.611915756091592,1
53,82,-1,1,1.91681255392002,1.90349057897074,0.854968196528746,1
53,83,1,1,2.11840548999472,3.63041421956482,0.688758995685696,1
53,84,-1,1,1.91681255392002,1.90349057897074,0.746838193013886,1
53,85,1,1,2.11840548999472,3.63041421956482,0.563229774195609,1
53,86,-1,1,1.91681255392002,1.90349057897074,0.85793918416786,1
53,87,1,1,2.11840548999472,3.63041421956482,0.228737406542789,1
53,88,1,1,2.11840548999472,3.63041421956482,0.372008714582907,1
53,89,-1,1,1.91681255392002,1.90349057897074,1.12106645289889,1
53,90,1,1,2.11840548999472,3.63041421956482,0.377303439650458,1
53,91,1,1,2.11840548999472,3.63041421956482,0.267672179707408,1
53,92,1,1,2.11840548999472,3.63041421956482,0.481631000617633,1
53,93,1,1,2.11840548999472,3.63041421956482,0.571996397857813,1
53,94,-1,1,1.91681255392002,1.90349057897074,1.55159620423104,1
53,95,1,1,2.11840548999472,3.63041421956482,0.365229706867902,1
53,96,-1,1,1.91681255392002,1.90349057897074,0.374572064756251,1
53,97,1,1,2.11840548999472,3.63041421956482,0.274904156442372,1
53,98,-1,1,1.91681255392002,1.90349057897074,0.710778455393352,1
53,99,1,1,2.11840548999472,3.63041421956482,0.426413771966539,1
53,100,1,1,2.11840548999472,3.63041421956482,0.468073387184734,1
53,101,1,1,2.11840548999472,3.63041421956482,0.30819765230467,1
54,2,1,1,1.97523624955184,3.07778992806614,0.288614875119427,1
54,3,-1,1,1.78726766805552,1.0576555519787,1.08577547555085,-1
54,4,-1,-1,1.70350520097494,1.33823000361077,0.399994038776482,1
54,5,-1,1,1.78726766805552,1.0576555519787,1.21858127543116,1
54,6,-1,1,1.78726766805552,1.0576555519787,0.3945711901795,1
54,7,-1,1,1.78726766805552,1.0576555519787,1.03814230571469,1
54,8,1,1,1.97523624955184,3.07778992806614,0.92500068083278,1
54,9,-1,1,1.78726766805552,1.0576555519787,0.853218714807397,1
54,10,-1,1,1.78726766805552,1.0576555519787,0.805520549367978,1
54,11,-1,1,1.78726766805552,1.0576555519787,0.75706349451084,1
54,12,-1,1,1.78726766805552,1.0576555519787,0.425636446507616,1
54,13,1,1,1.97523624955184,3.07778992806614,0.292479234378189,1
54,14,1,1,1.97523624955184,3.07778992806614,0.266383484518503,1
54,15,-1,1,1.78726766805552,1.0576555519787,0.796025090691463,1
54,16,-1,1,1.78726766805552,1.0576555519787,1.29050050924715,1
54,17,-1,1,1.78726766805552,1.0576555519787,0.503809160546421,1
54,18,1,1,1.97523624955184,3.07778992806614,0.571806943824172,1
54,19,1,1,1.97523624955184,3.07778992806614,0.470609269986038,1
54,20,-1,1,1.78726766805552,1.0576555519787,1.54753351430716,1
54,21,1,1,1.97523624955184,3.07778992806614,0.341554183582561,1
54,22,1,1,1.97523624955184,3.07778992806614,0.306022281501579,1
54,23,-1,1,1.78726766805552,1.0576555519787,0.704595731174298,1
54,24,-1,1,1.78726766805552,1.0576555519787,0.562382513127312,1
54,25,1,1,1.97523624955184,3.07778992806614,0.675651602772804,1
54,26,-1,1,1.78726766805552,1.0576555519787,0.669856004581858,1
54,27,-1,1,1.78726766805552,1.0576555519787,0.663230356913079,-1
54,28,1,-1,1.88266440690811,1.72632451634439,0.44067843854308,1
54,29,-1,1,1.78726766805552,1.0576555519787,0.232669793033625,-1
54,30,1,-1,1.88266440690811,1.72632451634439,0.51402302228404,1
54,31,-1,1,1.78726766805552,1.0576555519787,0.567712738146641,1
54,32,1,1,1.97523624955184,3.07778992806614,0.395146533857952,1
54,33,-1,1,1.78726766805552,1.0576555519787,0.755956784189445,1
54,34,1,1,1.97523624955184,3.07778992806614,0.580887654442206,1
54,35,1,1,1.97523624955184,3.07778992806614,0.368072932466958,1
54,36,1,1,1.97523624955184,3.07778992806614,0.301755156671726,1
54,37,1,1,1.97523624955184,3.07778992806614,0.724637979897089,1
54,38,1,1,1.97523624955184,3.07778992806614,0.555952197845644,1
54,39,-1,1,1.78726766805552,1.0576555519787,0.235248337308833,1
54,40,1,1,1.97523624955184,3.07778992806614,0.403690729508033,1
54,41,-1,1,1.78726766805552,1.0576555519787,0.71655690821351,1
54,42,1,1,1.97523624955184,3.07778992806614,0.673280874823145,1
54,43,1,1,1.97523624955184,3.07778992806614,0.827225504589859,1
54,44,1,1,1.97523624955184,3.07778992806614,0.454527557604942,1
54,45,1,1,1.97523624955184,3.07778992806614,0.96386273746952,1
54,46,-1,1,1.78726766805552,1.0576555519787,0.254008801916884,1
54,47,1,1,1.97523624955184,3.07778992806614,0.382872842752441,1
54,48,-1,1,1.78726766805552,1.0576555519787,0.858659488805409,1
54,49,1,1,1.97523624955184,3.07778992806614,0.609175522561318,1
54,50,-1,1,1.78726766805552,1.0576555519787,0.555401274211293,1
54,51,-1,1,1.78726766805552,1.0576555519787,0.509184702565113,1
54,52,-1,1,1.78726766805552,1.0576555519787,0.695571187486614,-1
54,53,1,-1,1.88266440690811,1.72632451634439,0.567516335119403,1
54,54,1,1,1.97523624955184,3.07778992806614,0.508603660300753,1
54,55,-1,1,1.78726766805552,1.0576555519787,1.2063110451617,1
54,56,1,1,1.97523624955184,3.07778992806614,0.468560818026493,1
54,57,1,1,1.97523624955184,3.07778992806614,0.475074326642197,1
54,58,1,1,1.97523624955184,3.07778992806614,0.504293911506066,1
54,59,-1,1,1.78726766805552,1.0576555519787,0.348954080795148,-1
54,60,1,-1,1.88266440690811,1.72632451634439,0.455377169740857,1
54,61,-1,1,1.78726766805552,1.0576555519787,0.428974233729635,1
54,62,1,1,1.97523624955184,3.07778992806614,0.743432497113332,1
54,63,1,1,1.97523624955184,3.07778992806614,0.60083760978001,1
54,64,1,1,1.97523624955184,3.07778992806614,0.522418362874591,1
54,65,1,1,1.97523624955184,3.07778992806614,0.452432599152517,1
54,66,1,1,1.97523624955184,3.07778992806614,0.563142964405213,1
54,67,-1,1,1.78726766805552,1.0576555519787,0.683133495810969,-1
54,68,1,-1,1.88266440690811,1.72632451634439,1.61997506056899,1
54,69,-1,1,1.78726766805552,1.0576555519787,0.58496558955011,1
54,70,1,1,1.97523624955184,3.07778992806614,0.302397824006125,1
54,71,-1,1,1.78726766805552,1.0576555519787,0.659872141487976,-1
54,72,-1,-1,1.70350520097494,1.33823000361077,0.316927391334405,1
54,73,1,1,1.97523624955184,3.07778992806614,0.654348965253174,1
54,74,1,1,1.97523624955184,3.07778992806614,0.339662328192236,1
54,75,-1,1,1.78726766805552,1.0576555519787,0.976662560480375,1
54,76,1,1,1.97523624955184,3.07778992806614,0.28277059136149,1
54,77,-1,1,1.78726766805552,1.0576555519787,0.36655459884954,1
54,78,1,1,1.97523624955184,3.07778992806614,0.293859661558897,1
54,79,1,1,1.97523624955184,3.07778992806614,0.419100731194613,1
54,80,-1,1,1.78726766805552,1.0576555519787,0.797279047488981,1
54,81,-1,1,1.78726766805552,1.0576555519787,0.360544517321707,1
54,82,-1,1,1.78726766805552,1.0576555519787,0.484700196607156,1
54,83,1,1,1.97523624955184,3.07778992806614,0.522103796141082,1
54,84,-1,1,1.78726766805552,1.0576555519787,1.09680288404459,1
54,85,-1,1,1.78726766805552,1.0576555519787,0.38962599143769,1
54,86,-1,1,1.78726766805552,1.0576555519787,0.604974406783553,1
54,87,-1,1,1.78726766805552,1.0576555519787,0.872683431022032,1
54,88,-1,1,1.78726766805552,1.0576555519787,1.75891394736468,-1
54,89,-1,-1,1.70350520097494,1.33823000361077,0.310697404725486,1
54,90,-1,1,1.78726766805552,1.0576555519787,0.363777778004143,1
54,91,1,1,1.97523624955184,3.07778992806614,0.855359575339479,1
54,92,1,1,1.97523624955184,3.07778992806614,0.495942017723219,1
54,93,1,1,1.97523624955184,3.07778992806614,1.21004882941004,1
54,94,-1,1,1.78726766805552,1.0576555519787,0.353101320240299,1
54,95,-1,1,1.78726766805552,1.0576555519787,0.38998155013251,1
54,96,1,1,1.97523624955184,3.07778992806614,0.597338245671379,1
54,97,1,1,1.97523624955184,3.07778992806614,0.358226865209113,1
54,98,-1,1,1.78726766805552,1.0576555519787,0.473717498039851,1
54,99,-1,1,1.78726766805552,1.0576555519787,0.956190080922783,1
54,100,1,1,1.97523624955184,3.07778992806614,0.433712956771323,1
54,101,1,1,1.97523624955184,3.07778992806614,0.334180039694246,1
55,2,-1,1,1.59397565116514,0.129033281417438,0.666358902418571,-1
55,3,1,-1,1.6790552850943,2.91941293747816,0.432408496736743,1
55,4,1,1,1.76161553378841,4.42642660453952,0.377999746164211,1
55,5,-1,1,1.59397565116514,0.129033281417438,0.620877945524761,1
55,6,1,1,1.76161553378841,4.42642660453952,0.459430454045934,1
55,7,-1,1,1.59397565116514,0.129033281417438,0.656016197806709,-1
55,8,-1,-1,1.51927204890436,-0.274872823435111,1.3922760184941,1
55,9,1,1,1.76161553378841,4.42642660453952,0.563934291972953,1
55,10,1,1,1.76161553378841,4.42642660453952,0.393355244403422,1
55,11,-1,1,1.59397565116514,0.129033281417438,0.530109049860241,-1
55,12,1,-1,1.6790552850943,2.91941293747816,0.655035096977559,1
55,13,1,1,1.76161553378841,4.42642660453952,0.30685373286794,1
55,14,1,1,1.76161553378841,4.42642660453952,0.390566439586449,1
55,15,1,1,1.76161553378841,4.42642660453952,0.363106616879699,1
55,16,1,1,1.76161553378841,4.42642660453952,0.364256386299397,1
55,17,-1,1,1.59397565116514,0.129033281417438,0.757667658640136,-1
55,18,-1,-1,1.51927204890436,-0.274872823435111,1.54491985269876,-1
55,19,-1,-1,1.51927204890436,-0.274872823435111,0.354333347045498,1
55,20,-1,1,1.59397565116514,0.129033281417438,1.26292544024965,1
55,21,-1,1,1.59397565116514,0.129033281417438,0.56228374859341,1
55,22,-1,1,1.59397565116514,0.129033281417438,0.81060474317457,-1
55,23,-1,-1,1.51927204890436,-0.274872823435111,0.254598474868545,-1
55,24,1,-1,1.6790552850943,2.91941293747816,0.757541252672294,1
55,25,-1,1,1.59397565116514,0.129033281417438,0.424872806561322,1
55,26,1,1,1.76161553378841,4.42642660453952,0.44547286244587,1
55,27,-1,1,1.59397565116514,0.129033281417438,0.970396058191114,1
55,28,-1,1,1.59397565116514,0.129033281417438,0.671218045120318,1
55,29,1,1,1.76161553378841,4.42642660453952,0.493170110116431,1
55,30,-1,1,1.59397565116514,0.129033281417438,1.17170525126408,1
55,31,-1,1,1.59397565116514,0.129033281417438,0.618821539192913,1
55,32,1,1,1.76161553378841,4.42642660453952,0.385212008677278,1
55,33,1,1,1.76161553378841,4.42642660453952,0.270877451085859,1
55,34,-1,1,1.59397565116514,0.129033281417438,1.00082813430532,1
55,35,1,1,1.76161553378841,4.42642660453952,0.362949406158439,1
55,36,1,1,1.76161553378841,4.42642660453952,0.414913007843823,1
55,37,1,1,1.76161553378841,4.42642660453952,0.312389863067322,1
55,38,-1,1,1.59397565116514,0.129033281417438,0.765949953892013,1
55,39,-1,1,1.59397565116514,0.129033281417438,0.496102314048183,1
55,40,-1,1,1.59397565116514,0.129033281417438,0.512412691201036,1
55,41,1,1,1.76161553378841,4.42642660453952,0.484897360511015,1
55,42,-1,1,1.59397565116514,0.129033281417438,0.526000870867664,-1
55,43,-1,-1,1.51927204890436,-0.274872823435111,0.579889328048809,-1
55,44,1,-1,1.6790552850943,2.91941293747816,0.515533838126398,1
55,45,1,1,1.76161553378841,4.42642660453952,0.443212081262759,1
55,46,-1,1,1.59397565116514,0.129033281417438,0.491919473860106,1
55,47,-1,1,1.59397565116514,0.129033281417438,0.675822588603822,-1
55,48,-1,-1,1.51927204890436,-0.274872823435111,0.517654794093455,1
55,49,1,1,1.76161553378841,4.42642660453952,0.366627610839244,1
55,50,1,1,1.76161553378841,4.42642660453952,0.757679948234683,1
55,51,-1,1,1.59397565116514,0.129033281417438,0.361599705834811,-1
55,52,-1,-1,1.51927204890436,-0.274872823435111,0.622908022641382,1
55,53,1,1,1.76161553378841,4.42642660453952,0.567427951410355,1
55,54,1,1,1.76161553378841,4.42642660453952,0.285510259059742,1
55,55,-1,1,1.59397565116514,0.129033281417438,0.920213096684561,-1
55,56,1,-1,1.6790552850943,2.91941293747816,1.0015169886897,1
55,57,1,1,1.76161553378841,4.42642660453952,0.573037241618293,1
55,58,-1,1,1.59397565116514,0.129033281417438,0.816477632761019,1
55,59,1,1,1.76161553378841,4.42642660453952,0.331439597954123,1
55,60,1,1,1.76161553378841,4.42642660453952,0.45416450313142,1
55,61,-1,1,1.59397565116514,0.129033281417438,0.977820161361486,-1
55,62,-1,-1,1.51927204890436,-0.274872823435111,0.756094829836421,-1
55,63,1,-1,1.6790552850943,2.91941293747816,0.766083810898012,1
55,64,-1,1,1.59397565116514,0.129033281417438,0.820300328342056,1
55,65,-1,1,1.59397565116514,0.129033281417438,0.902753121416134,1
55,66,-1,1,1.59397565116514,0.129033281417438,0.473082213692473,1
55,67,1,1,1.76161553378841,4.42642660453952,0.416915540950613,1
55,68,1,1,1.76161553378841,4.42642660453952,0.5130416501234,1
55,69,-1,1,1.59397565116514,0.129033281417438,0.3368693627701,1
55,70,1,1,1.76161553378841,4.42642660453952,0.522680081894232,1
55,71,1,1,1.76161553378841,4.42642660453952,0.438543898640594,1
55,72,-1,1,1.59397565116514,0.129033281417438,0.563586309299748,-1
55,73,1,-1,1.6790552850943,2.91941293747816,1.04024140006386,1
55,74,1,1,1.76161553378841,4.42642660453952,0.438848217360101,1
55,75,1,1,1.76161553378841,4.42642660453952,0.804810545536974,1
55,76,-1,1,1.59397565116514,0.129033281417438,0.415466180041698,-1
55,77,1,-1,1.6790552850943,2.91941293747816,0.687680379104171,1
55,78,1,1,1.76161553378841,4.42642660453952,0.344991689641009,1
55,79,1,1,1.76161553378841,4.42642660453952,0.871711292088127,1
55,80,1,1,1.76161553378841,4.42642660453952,0.356817272078278,1
55,81,-1,1,1.59397565116514,0.129033281417438,0.901221380754671,1
55,82,1,1,1.76161553378841,4.42642660453952,0.280466360188991,1
55,83,-1,1,1.59397565116514,0.129033281417438,0.575644058052603,1
55,84,-1,1,1.59397565116514,0.129033281417438,0.446363458062444,-1
55,85,1,-1,1.6790552850943,2.91941293747816,0.408059174263272,1
55,86,1,1,1.76161553378841,4.42642660453952,0.354057845568683,1
55,87,-1,1,1.59397565116514,0.129033281417438,0.599531916056558,1
55,88,-1,1,1.59397565116514,0.129033281417438,1.76360794269729,1
55,89,1,1,1.76161553378841,4.42642660453952,0.30276817193692,1
55,90,1,1,1.76161553378841,4.42642660453952,0.3973580408111,1
55,91,-1,1,1.59397565116514,0.129033281417438,0.492159306737072,1
55,92,-1,1,1.59397565116514,0.129033281417438,0.381210753889907,1
55,93,1,1,1.76161553378841,4.42642660453952,0.336286613653397,1
55,94,-1,1,1.59397565116514,0.129033281417438,0.458651450756703,-1
55,95,-1,-1,1.51927204890436,-0.274872823435111,0.590016002435672,-1
55,96,-1,-1,1.51927204890436,-0.274872823435111,1.52806917709758,1
55,97,1,1,1.76161553378841,4.42642660453952,0.39217447138967,1
55,98,1,1,1.76161553378841,4.42642660453952,0.437744154788252,1
55,99,-1,1,1.59397565116514,0.129033281417438,0.32273529401836,-1
55,100,-1,-1,1.51927204890436,-0.274872823435111,0.912155204792765,1
55,101,1,1,1.76161553378841,4.42642660453952,0.363847533209724,1
56,2,-1,1,1.42245189084981,0.747687185723547,0.474472976380313,1
56,3,1,1,1.57205246212893,3.96972870502707,0.33030443505838,1
56,4,-1,1,1.42245189084981,0.747687185723547,0.749326524727071,1
56,5,-1,1,1.42245189084981,0.747687185723547,0.72194068013353,1
56,6,-1,1,1.42245189084981,0.747687185723547,0.44266597395277,1
56,7,1,1,1.57205246212893,3.96972870502707,0.328153310949431,1
56,8,1,1,1.57205246212893,3.96972870502707,0.57266409265166,1
56,9,-1,1,1.42245189084981,0.747687185723547,1.66004273431896,-1
56,10,-1,-1,1.35578695766124,0.0304493828799198,1.65170003575508,-1
56,11,-1,-1,1.35578695766124,0.0304493828799198,0.353236925150553,-1
56,12,1,-1,1.49837631671346,2.45213472636946,0.992987346429032,1
56,13,1,1,1.57205246212893,3.96972870502707,0.439948063879743,1
56,14,1,1,1.57205246212893,3.96972870502707,0.627403287924395,1
56,15,1,1,1.57205246212893,3.96972870502707,0.364639023785933,1
56,16,1,1,1.57205246212893,3.96972870502707,0.333862427445517,1
56,17,-1,1,1.42245189084981,0.747687185723547,0.567496309203354,1
56,18,-1,1,1.42245189084981,0.747687185723547,0.419571872987468,1
56,19,-1,1,1.42245189084981,0.747687185723547,1.77207226353295,1
56,20,1,1,1.57205246212893,3.96972870502707,0.392797737155536,1
56,21,1,1,1.57205246212893,3.96972870502707,0.338698056236191,1
56,22,-1,1,1.42245189084981,0.747687185723547,0.986652974349331,-1
56,23,1,-1,1.49837631671346,2.45213472636946,0.48728194267758,1
56,24,-1,1,1.42245189084981,0.747687185723547,0.47359106050667,1
56,25,-1,1,1.42245189084981,0.747687185723547,0.684929240863495,1
56,26,-1,1,1.42245189084981,0.747687185723547,0.98555893569789,1
56,27,-1,1,1.42245189084981,0.747687185723547,1.07325215165384,1
56,28,1,1,1.57205246212893,3.96972870502707,0.353041475500487,1
56,29,1,1,1.57205246212893,3.96972870502707,0.401823825482783,1
56,30,1,1,1.57205246212893,3.96972870502707,0.407409073679946,1
56,31,-1,1,1.42245189084981,0.747687185723547,0.457026573414903,1
56,32,1,1,1.57205246212893,3.96972870502707,0.327033333983807,1
56,33,-1,1,1.42245189084981,0.747687185723547,0.502375191263289,-1
56,34,1,-1,1.49837631671346,2.45213472636946,1.31461460331613,1
56,35,1,1,1.57205246212893,3.96972870502707,0.318296290627545,1
56,36,1,1,1.57205246212893,3.96972870502707,0.417724223723187,1
56,37,1,1,1.57205246212893,3.96972870502707,0.503746227064601,1
56,38,-1,1,1.42245189084981,0.747687185723547,0.5294063940729,1
56,39,1,1,1.57205246212893,3.96972870502707,0.413568100729189,1
56,40,1,1,1.57205246212893,3.96972870502707,0.306118281811143,1
56,41,-1,1,1.42245189084981,0.747687185723547,0.88263060292365,1
56,42,1,1,1.57205246212893,3.96972870502707,0.363120369214869,1
56,43,1,1,1.57205246212893,3.96972870502707,0.374497780336843,1
56,44,1,1,1.57205246212893,3.96972870502707,0.418391015043973,1
56,45,1,1,1.57205246212893,3.96972870502707,0.368276026067128,1
56,46,1,1,1.57205246212893,3.96972870502707,0.402463330628212,1
56,47,-1,1,1.42245189084981,0.747687185723547,0.917455742288131,1
56,48,1,1,1.57205246212893,3.96972870502707,0.391649055315991,1
56,49,1,1,1.57205246212893,3.96972870502707,0.59156358987292,1
56,50,-1,1,1.42245189084981,0.747687185723547,0.259550248535056,1
56,51,1,1,1.57205246212893,3.96972870502707,0.471421699324275,1
56,52,1,1,1.57205246212893,3.96972870502707,0.497067693861644,1
56,53,1,1,1.57205246212893,3.96972870502707,0.556719690985842,1
56,54,-1,1,1.42245189084981,0.747687185723547,0.437179666027872,1
56,55,-1,1,1.42245189084981,0.747687185723547,2.06339034957546,1
56,56,1,1,1.57205246212893,3.96972870502707,0.312709250820097,1
56,57,-1,1,1.42245189084981,0.747687185723547,0.501504662978444,1
56,58,-1,1,1.42245189084981,0.747687185723547,0.510674530788155,1
56,59,1,1,1.57205246212893,3.96972870502707,0.508594645895728,1
56,60,-1,1,1.42245189084981,0.747687185723547,0.357891226725505,1
56,61,1,1,1.57205246212893,3.96972870502707,0.359590844792696,1
56,62,1,1,1.57205246212893,3.96972870502707,0.415364320106164,1
56,63,1,1,1.57205246212893,3.96972870502707,0.6453931981369,1
56,64,1,1,1.57205246212893,3.96972870502707,0.367007710001094,1
56,65,-1,1,1.42245189084981,0.747687185723547,1.14014943232129,-1
56,66,-1,-1,1.35578695766124,0.0304493828799198,0.658677109226638,1
56,67,1,1,1.57205246212893,3.96972870502707,0.476498531372325,1
56,68,-1,1,1.42245189084981,0.747687185723547,0.417681703115425,1
56,69,-1,1,1.42245189084981,0.747687185723547,0.695468191565612,1
56,70,-1,1,1.42245189084981,0.747687185723547,0.582115257535141,1
56,71,-1,1,1.42245189084981,0.747687185723547,0.379372255215978,1
56,72,1,1,1.57205246212893,3.96972870502707,0.395200258456879,1
56,73,1,1,1.57205246212893,3.96972870502707,0.973797765121001,1
56,74,-1,1,1.42245189084981,0.747687185723547,0.393291150062935,1
56,75,1,1,1.57205246212893,3.96972870502707,0.326121711120389,1
56,76,-1,1,1.42245189084981,0.747687185723547,0.437908904935146,-1
56,77,-1,-1,1.35578695766124,0.0304493828799198,0.487063625974784,1
56,78,-1,1,1.42245189084981,0.747687185723547,0.566274105106227,1
56,79,-1,1,1.42245189084981,0.747687185723547,0.588562144556903,1
56,80,-1,1,1.42245189084981,0.747687185723547,0.821667593871427,1
56,81,-1,1,1.42245189084981,0.747687185723547,1.0891265778915,1
56,82,1,1,1.57205246212893,3.96972870502707,0.314728724588522,1
56,83,1,1,1.57205246212893,3.96972870502707,0.300761875561153,1
56,84,1,1,1.57205246212893,3.96972870502707,0.495735356394994,1
56,85,-1,1,1.42245189084981,0.747687185723547,0.446081583274516,-1
56,86,-1,-1,1.35578695766124,0.0304493828799198,0.528091785792976,1
56,87,1,1,1.57205246212893,3.96972870502707,0.324784319663067,1
56,88,-1,1,1.42245189084981,0.747687185723547,0.938476702959658,-1
56,89,1,-1,1.49837631671346,2.45213472636946,0.299218366398737,1
56,90,-1,1,1.42245189084981,0.747687185723547,0.939960038091184,1
56,91,1,1,1.57205246212893,3.96972870502707,0.416872259441049,1
56,92,1,1,1.57205246212893,3.96972870502707,0.36962279207077,1
56,93,-1,1,1.42245189084981,0.747687185723547,0.298076679233303,1
56,94,1,1,1.57205246212893,3.96972870502707,0.36344304013071,1
56,95,-1,1,1.42245189084981,0.747687185723547,1.4991400602837,1
56,96,-1,1,1.42245189084981,0.747687185723547,0.472550125860463,-1
56,97,-1,-1,1.35578695766124,0.0304493828799198,0.461495260108062,-1
56,98,-1,-1,1.35578695766124,0.0304493828799198,0.488350720467824,1
56,99,-1,1,1.42245189084981,0.747687185723547,0.52085516760428,1
56,100,1,1,1.57205246212893,3.96972870502707,0.520853375590199,1
56,101,-1,1,1.42245189084981,0.747687185723547,0.48682183459182,-1
57,2,1,1,1.91172841941385,2.19769277046993,0.824525983962282,1
57,3,-1,1,1.72980340700839,2.20659300363248,0.404818853618326,1
57,4,-1,1,1.72980340700839,2.20659300363248,0.739980225235118,1
57,5,1,1,1.91172841941385,2.19769277046993,0.340739852918392,1
57,6,1,1,1.91172841941385,2.19769277046993,0.449330864882195,-1
57,7,1,-1,1.82213294825961,0.98226262824739,0.854333976521412,-1
57,8,-1,-1,1.64873407222148,1.8134515976502,0.45364992977555,1
57,9,1,1,1.91172841941385,2.19769277046993,0.466436863298178,1
57,10,1,1,1.91172841941385,2.19769277046993,0.774146582511133,1
57,11,1,1,1.91172841941385,2.19769277046993,0.96079451712245,1
57,12,1,1,1.91172841941385,2.19769277046993,1.10753804411213,1
57,13,-1,1,1.72980340700839,2.20659300363248,0.442506621008026,1
57,14,-1,1,1.72980340700839,2.20659300363248,0.487156812953888,1
57,15,-1,1,1.72980340700839,2.20659300363248,0.545947144450168,1
57,16,-1,1,1.72980340700839,2.20659300363248,0.569825028041685,1
57,17,1,1,1.91172841941385,2.19769277046993,0.613659840178715,1
57,18,-1,1,1.72980340700839,2.20659300363248,0.365763459638404,1
57,19,-1,1,1.72980340700839,2.20659300363248,0.608149064353743,1
57,20,-1,1,1.72980340700839,2.20659300363248,0.586187286589733,1
57,21,-1,1,1.72980340700839,2.20659300363248,1.25762285271766,1
57,22,1,1,1.91172841941385,2.19769277046993,0.678982307845435,1
57,23,-1,1,1.72980340700839,2.20659300363248,0.56272186702564,1
57,24,1,1,1.91172841941385,2.19769277046993,0.722028445888463,1
57,25,-1,1,1.72980340700839,2.20659300363248,0.437988446870846,1
57,26,1,1,1.91172841941385,2.19769277046993,1.02217802289395,1
57,27,1,1,1.91172841941385,2.19769277046993,0.41925349913511,1
57,28,1,1,1.91172841941385,2.19769277046993,0.579882551082931,1
57,29,1,1,1.91172841941385,2.19769277046993,0.607048196190374,1
57,30,-1,1,1.72980340700839,2.20659300363248,0.349284001433186,1
57,31,-1,1,1.72980340700839,2.20659300363248,0.998546678957874,1
57,32,-1,1,1.72980340700839,2.20659300363248,0.515534775830724,1
57,33,-1,1,1.72980340700839,2.20659300363248,0.596854184769559,1
57,34,1,1,1.91172841941385,2.19769277046993,0.495710041771386,1
57,35,1,1,1.91172841941385,2.19769277046993,0.429267415977392,1
57,36,-1,1,1.72980340700839,2.20659300363248,0.466721673751277,1
57,37,-1,1,1.72980340700839,2.20659300363248,0.563842611628672,1
57,38,-1,1,1.72980340700839,2.20659300363248,0.561474526058294,1
57,39,1,1,1.91172841941385,2.19769277046993,0.844966911173415,1
57,40,1,1,1.91172841941385,2.19769277046993,0.832857539063934,1
57,41,1,1,1.91172841941385,2.19769277046993,0.693623161213753,1
57,42,1,1,1.91172841941385,2.19769277046993,0.539066406129028,1
57,43,1,1,1.91172841941385,2.19769277046993,1.09714337176491,1
57,44,1,1,1.91172841941385,2.19769277046993,0.719696059499584,1
57,45,-1,1,1.72980340700839,2.20659300363248,0.465017493625473,1
57,46,-1,1,1.72980340700839,2.20659300363248,0.476672478569379,1
57,47,-1,1,1.72980340700839,2.20659300363248,0.439380146720347,1
57,48,-1,1,1.72980340700839,2.20659300363248,1.50908253830657,1
57,49,1,1,1.91172841941385,2.19769277046993,0.532504053876299,1
57,50,-1,1,1.72980340700839,2.20659300363248,0.47307366596557,1
57,51,1,1,1.91172841941385,2.19769277046993,0.496112611561994,1
57,52,-1,1,1.72980340700839,2.20659300363248,1.07097043734334,1
57,53,1,1,1.91172841941385,2.19769277046993,0.467814469664441,1
57,54,-1,1,1.72980340700839,2.20659300363248,1.2314112269263,1
57,55,1,1,1.91172841941385,2.19769277046993,0.67259849661375,1
57,56,-1,1,1.72980340700839,2.20659300363248,1.25778133093363,1
57,57,1,1,1.91172841941385,2.19769277046993,0.386710603640593,1
57,58,1,1,1.91172841941385,2.19769277046993,0.449304822109256,1
57,59,1,1,1.91172841941385,2.19769277046993,0.518353140708067,1
57,60,-1,1,1.72980340700839,2.20659300363248,0.537110121131403,1
57,61,1,1,1.91172841941385,2.19769277046993,1.50516182050135,1
57,62,-1,1,1.72980340700839,2.20659300363248,0.395848399934872,1
57,63,-1,1,1.72980340700839,2.20659300363248,0.486873792926328,1
57,64,1,1,1.91172841941385,2.19769277046993,0.378819038617029,1
57,65,1,1,1.91172841941385,2.19769277046993,1.20230086998197,1
57,66,-1,1,1.72980340700839,2.20659300363248,0.428019818921372,1
57,67,-1,1,1.72980340700839,2.20659300363248,1.22932725186091,1
57,68,-1,1,1.72980340700839,2.20659300363248,0.547910431396249,1
57,69,-1,1,1.72980340700839,2.20659300363248,0.406619213500137,1
57,70,-1,1,1.72980340700839,2.20659300363248,0.547908812933039,1
57,71,1,1,1.91172841941385,2.19769277046993,0.45161516213528,1
57,72,-1,1,1.72980340700839,2.20659300363248,0.431098478748206,1
57,73,-1,1,1.72980340700839,2.20659300363248,0.423635468861848,1
57,74,1,1,1.91172841941385,2.19769277046993,0.91739923975104,1
57,75,1,1,1.91172841941385,2.19769277046993,0.614972385509001,1
57,76,-1,1,1.72980340700839,2.20659300363248,0.477451776754054,1
57,77,-1,1,1.72980340700839,2.20659300363248,0.417610467537034,1
57,78,1,1,1.91172841941385,2.19769277046993,0.91786581739754,1
57,79,1,1,1.91172841941385,2.19769277046993,0.6521270599505,1
57,80,1,1,1.91172841941385,2.19769277046993,0.421385324190802,1
57,81,1,1,1.91172841941385,2.19769277046993,0.45035873599058,1
57,82,1,1,1.91172841941385,2.19769277046993,0.617361140094819,1
57,83,-1,1,1.72980340700839,2.20659300363248,0.751939345861944,1
57,84,1,1,1.91172841941385,2.19769277046993,0.457940338933965,1
57,85,1,1,1.91172841941385,2.19769277046993,0.504811356158752,1
57,86,-1,1,1.72980340700839,2.20659300363248,0.749288827038791,1
57,87,-1,1,1.72980340700839,2.20659300363248,0.495407558598928,1
57,88,-1,1,1.72980340700839,2.20659300363248,0.443976106393788,1
57,89,-1,1,1.72980340700839,2.20659300363248,0.404358636894762,1
57,90,-1,1,1.72980340700839,2.20659300363248,0.427020836491233,1
57,91,-1,1,1.72980340700839,2.20659300363248,0.73441251684459,1
57,92,1,1,1.91172841941385,2.19769277046993,0.463183706472942,1
57,93,-1,1,1.72980340700839,2.20659300363248,0.612996655373437,1
57,94,1,1,1.91172841941385,2.19769277046993,2.15725783255746,1
57,95,1,1,1.91172841941385,2.19769277046993,0.539047173473007,1
57,96,1,1,1.91172841941385,2.19769277046993,0.759106859314775,1
57,97,1,1,1.91172841941385,2.19769277046993,1.22567074053243,1
57,98,1,1,1.91172841941385,2.19769277046993,1.09520163991287,1
57,99,1,1,1.91172841941385,2.19769277046993,0.662596845074883,1
57,100,-1,1,1.72980340700839,2.20659300363248,0.412840391734764,1
57,101,-1,1,1.72980340700839,2.20659300363248,0.731663145481648,1
58,2,-1,1,1.61903639996096,0.4027084218865,1.12101223391179,1
58,3,1,1,1.78931194454275,2.35520419374567,1.17213783758048,1
58,4,1,1,1.78931194454275,2.35520419374567,0.486572756699551,1
58,5,1,1,1.78931194454275,2.35520419374567,0.752147480900565,1
58,6,1,1,1.78931194454275,2.35520419374567,0.533126245585967,1
58,7,1,1,1.78931194454275,2.35520419374567,0.650536025546605,1
58,8,-1,1,1.61903639996096,0.4027084218865,0.711040619855599,1
58,9,1,1,1.78931194454275,2.35520419374567,0.528927262447912,1
58,10,1,1,1.78931194454275,2.35520419374567,0.576372446559738,1
58,11,-1,1,1.61903639996096,0.4027084218865,0.911930684817086,-1
58,12,-1,-1,1.54315829531112,2.37284790432495,0.340274524807133,1
58,13,1,1,1.78931194454275,2.35520419374567,0.698354421817391,1
58,14,1,1,1.78931194454275,2.35520419374567,0.698214711957289,1
58,15,-1,1,1.61903639996096,0.4027084218865,1.16661961256758,1
58,16,1,1,1.78931194454275,2.35520419374567,0.611611200852947,1
58,17,-1,1,1.61903639996096,0.4027084218865,0.583863571713468,1
58,18,1,1,1.78931194454275,2.35520419374567,0.417813233575248,1
58,19,1,1,1.78931194454275,2.35520419374567,0.447115799792442,1
58,20,1,1,1.78931194454275,2.35520419374567,0.489968494050214,1
58,21,-1,1,1.61903639996096,0.4027084218865,1.60872296626703,-1
58,22,1,-1,1.70545366996504,2.06923948004288,1.08649553691266,1
58,23,1,1,1.78931194454275,2.35520419374567,0.893055600335223,1
58,24,-1,1,1.61903639996096,0.4027084218865,1.14728279491588,1
58,25,-1,1,1.61903639996096,0.4027084218865,0.396163666968142,1
58,26,1,1,1.78931194454275,2.35520419374567,0.601092784345923,1
58,27,-1,1,1.61903639996096,0.4027084218865,0.989824638701206,-1
58,28,-1,-1,1.54315829531112,2.37284790432495,0.91537197394594,1
58,29,-1,1,1.61903639996096,0.4027084218865,1.559596867719,1
58,30,-1,1,1.61903639996096,0.4027084218865,0.330699767361273,-1
58,31,1,-1,1.70545366996504,2.06923948004288,0.464618099728962,1
58,32,1,1,1.78931194454275,2.35520419374567,0.476300758579435,1
58,33,-1,1,1.61903639996096,0.4027084218865,0.309781126151153,1
58,34,1,1,1.78931194454275,2.35520419374567,0.465044922862286,-1
58,35,-1,-1,1.54315829531112,2.37284790432495,0.607584952830075,1
58,36,1,1,1.78931194454275,2.35520419374567,1.17046241112438,1
58,37,-1,1,1.61903639996096,0.4027084218865,1.58173829832004,1
58,38,-1,1,1.61903639996096,0.4027084218865,2.86780909260472,1
58,39,-1,1,1.61903639996096,0.4027084218865,0.431338869197856,1
58,40,-1,1,1.61903639996096,0.4027084218865,1.61502836976766,1
58,41,-1,1,1.61903639996096,0.4027084218865,1.67092444389108,1
58,42,-1,1,1.61903639996096,0.4027084218865,0.677999782224537,1
58,43,-1,1,1.61903639996096,0.4027084218865,1.21044008552855,1
58,44,1,1,1.78931194454275,2.35520419374567,1.17201472413,1
58,45,-1,1,1.61903639996096,0.4027084218865,0.47349922951395,-1
58,46,1,-1,1.70545366996504,2.06923948004288,0.521121504211254,1
58,47,1,1,1.78931194454275,2.35520419374567,0.910914818283608,1
58,48,-1,1,1.61903639996096,0.4027084218865,0.390872231296347,1
58,49,1,1,1.78931194454275,2.35520419374567,0.341236330996084,1
58,50,-1,1,1.61903639996096,0.4027084218865,0.738618817400853,1
58,51,1,1,1.78931194454275,2.35520419374567,0.445899708320183,1
58,52,1,1,1.78931194454275,2.35520419374567,0.364889996256359,1
58,53,1,1,1.78931194454275,2.35520419374567,0.486769626956406,1
58,54,1,1,1.78931194454275,2.35520419374567,0.396816683005206,1
58,55,1,1,1.78931194454275,2.35520419374567,0.392727084107105,1
58,56,-1,1,1.61903639996096,0.4027084218865,0.589376457974333,1
58,57,-1,1,1.61903639996096,0.4027084218865,1.27754682837988,1
58,58,-1,1,1.61903639996096,0.4027084218865,0.85761043138876,-1
58,59,1,-1,1.70545366996504,2.06923948004288,0.33548552425184,1
58,60,-1,1,1.61903639996096,0.4027084218865,0.583244464310533,1
58,61,-1,1,1.61903639996096,0.4027084218865,1.39370112376793,-1
58,62,1,-1,1.70545366996504,2.06923948004288,0.967443374257894,1
58,63,1,1,1.78931194454275,2.35520419374567,0.960993165382284,1
58,64,-1,1,1.61903639996096,0.4027084218865,0.544546642565976,-1
58,65,1,-1,1.70545366996504,2.06923948004288,1.00866874010781,1
58,66,-1,1,1.61903639996096,0.4027084218865,2.35437164558701,1
58,67,1,1,1.78931194454275,2.35520419374567,0.563530836539763,1
58,68,1,1,1.78931194454275,2.35520419374567,0.358386257723488,1
58,69,-1,1,1.61903639996096,0.4027084218865,0.496958774813614,1
58,70,-1,1,1.61903639996096,0.4027084218865,0.744936705044052,1
58,71,-1,1,1.61903639996096,0.4027084218865,0.383624919369994,1
58,72,1,1,1.78931194454275,2.35520419374567,0.736778127780647,1
58,73,-1,1,1.61903639996096,0.4027084218865,0.79352076989522,-1
58,74,-1,-1,1.54315829531112,2.37284790432495,0.382149521393345,1
58,75,1,1,1.78931194454275,2.35520419374567,0.415052908324574,1
58,76,1,1,1.78931194454275,2.35520419374567,0.87210927354011,1
58,77,-1,1,1.61903639996096,0.4027084218865,0.529899294137829,-1
58,78,-1,-1,1.54315829531112,2.37284790432495,0.441711010613687,1
58,79,1,1,1.78931194454275,2.35520419374567,0.500695383245613,1
58,80,-1,1,1.61903639996096,0.4027084218865,0.596360122947348,-1
58,81,1,-1,1.70545366996504,2.06923948004288,0.427507289647753,1
58,82,-1,1,1.61903639996096,0.4027084218865,1.06281035955264,1
58,83,1,1,1.78931194454275,2.35520419374567,0.879727393417782,1
58,84,-1,1,1.61903639996096,0.4027084218865,0.318176846048189,-1
58,85,-1,-1,1.54315829531112,2.37284790432495,0.518001158030446,1
58,86,1,1,1.78931194454275,2.35520419374567,0.944967082877816,-1
58,87,-1,-1,1.54315829531112,2.37284790432495,0.632798639182145,1
58,88,1,1,1.78931194454275,2.35520419374567,0.51641931497905,1
58,89,-1,1,1.61903639996096,0.4027084218865,0.48500017545716,-1
58,90,-1,-1,1.54315829531112,2.37284790432495,0.674048786437175,1
58,91,-1,1,1.61903639996096,0.4027084218865,1.20477180012889,-1
58,92,1,-1,1.70545366996504,2.06923948004288,0.739424793688424,1
58,93,1,1,1.78931194454275,2.35520419374567,0.568276028819218,1
58,94,1,1,1.78931194454275,2.35520419374567,0.670281443336782,1
58,95,-1,1,1.61903639996096,0.4027084218865,1.37872674860134,1
58,96,1,1,1.78931194454275,2.35520419374567,0.274356005480667,1
58,97,-1,1,1.61903639996096,0.4027084218865,0.590864948478579,1
58,98,1,1,1.78931194454275,2.35520419374567,0.577549059381982,1
58,99,-1,1,1.61903639996096,0.4027084218865,1.09636808783582,-1
58,100,1,-1,1.70545366996504,2.06923948004288,1.77065596178083,1
58,101,1,1,1.78931194454275,2.35520419374567,0.597550036275574,1
59,2,-1,1,1.54369175747692,2.15232645377928,0.528562426142249,1
59,3,-1,1,1.54369175747692,2.15232645377928,0.378074776045168,1
59,4,-1,1,1.54369175747692,2.15232645377928,0.593311210759424,1
59,5,-1,1,1.54369175747692,2.15232645377928,0.485451507112584,1
59,6,-1,1,1.54369175747692,2.15232645377928,0.690876408907844,1
59,7,1,1,1.70604323683657,3.54816187864505,0.385808800335483,1
59,8,1,1,1.70604323683657,3.54816187864505,0.417294467093496,1
59,9,1,1,1.70604323683657,3.54816187864505,0.401851885854098,1
59,10,-1,1,1.54369175747692,2.15232645377928,0.484539193129105,1
59,11,1,1,1.70604323683657,3.54816187864505,0.330127413552629,1
59,12,-1,1,1.54369175747692,2.15232645377928,1.2618932761304,1
59,13,-1,1,1.54369175747692,2.15232645377928,1.12873082268218,1
59,14,1,1,1.70604323683657,3.54816187864505,0.375742158642286,1
59,15,1,1,1.70604323683657,3.54816187864505,0.620183430427173,-1
59,16,-1,-1,1.4713447708843,1.06260344032929,0.458641695020536,1
59,17,1,1,1.70604323683657,3.54816187864505,0.532516010845915,1
59,18,1,1,1.70604323683657,3.54816187864505,0.491771736182593,1
59,19,1,1,1.70604323683657,3.54816187864505,0.422247769372214,1
59,20,-1,1,1.54369175747692,2.15232645377928,0.551351828302636,1
59,21,-1,1,1.54369175747692,2.15232645377928,0.891304789537721,1
59,22,1,1,1.70604323683657,3.54816187864505,0.439024910088164,1
59,23,1,1,1.70604323683657,3.54816187864505,0.431309199655705,1
59,24,1,1,1.70604323683657,3.54816187864505,0.326912994612259,1
59,25,-1,1,1.54369175747692,2.15232645377928,1.05558734267764,1
59,26,-1,1,1.54369175747692,2.15232645377928,0.421432344791354,1
59,27,1,1,1.70604323683657,3.54816187864505,0.499462155704191,1
59,28,1,1,1.70604323683657,3.54816187864505,0.377515090813258,1
59,29,1,1,1.70604323683657,3.54816187864505,0.493751175616897,1
59,30,-1,1,1.54369175747692,2.15232645377928,0.398628791223798,-1
59,31,-1,-1,1.4713447708843,1.06260344032929,0.47739115446342,1
59,32,-1,1,1.54369175747692,2.15232645377928,0.613939672137101,1
59,33,-1,1,1.54369175747692,2.15232645377928,0.445707177808425,1
59,34,1,1,1.70604323683657,3.54816187864505,0.484029067727184,1
59,35,1,1,1.70604323683657,3.54816187864505,0.42438870696616,1
59,36,1,1,1.70604323683657,3.54816187864505,0.519260535462027,1
59,37,1,1,1.70604323683657,3.54816187864505,0.491980291101191,1
59,38,-1,1,1.54369175747692,2.15232645377928,0.338429157721119,1
59,39,1,1,1.70604323683657,3.54816187864505,0.6038721693954,1
59,40,1,1,1.70604323683657,3.54816187864505,0.403980226138434,1
59,41,1,1,1.70604323683657,3.54816187864505,0.510449438928543,1
59,42,-1,1,1.54369175747692,2.15232645377928,0.616688589327923,1
59,43,-1,1,1.54369175747692,2.15232645377928,0.284070940580754,1
59,44,-1,1,1.54369175747692,2.15232645377928,0.379282984054901,1
59,45,-1,1,1.54369175747692,2.15232645377928,0.367182193603628,1
59,46,-1,1,1.54369175747692,2.15232645377928,0.705800707105849,1
59,47,-1,1,1.54369175747692,2.15232645377928,0.346538333073793,-1
59,48,1,-1,1.62608745124401,0.43690822724638,0.3725664218721,1
59,49,1,1,1.70604323683657,3.54816187864505,0.375441929789906,1
59,50,-1,1,1.54369175747692,2.15232645377928,0.418498784327918,1
59,51,-1,1,1.54369175747692,2.15232645377928,0.359374762967811,1
59,52,-1,1,1.54369175747692,2.15232645377928,0.374472153649299,1
59,53,-1,1,1.54369175747692,2.15232645377928,0.357813670104093,1
59,54,1,1,1.70604323683657,3.54816187864505,0.486243459767402,1
59,55,1,1,1.70604323683657,3.54816187864505,0.363441852162556,1
59,56,-1,1,1.54369175747692,2.15232645377928,0.436662356585935,1
59,57,-1,1,1.54369175747692,2.15232645377928,0.38670425184382,1
59,58,1,1,1.70604323683657,3.54816187864505,0.436395409328508,1
59,59,-1,1,1.54369175747692,2.15232645377928,0.414519556310403,1
59,60,1,1,1.70604323683657,3.54816187864505,0.540257122228174,1
59,61,-1,1,1.54369175747692,2.15232645377928,1.32549573362761,1
59,62,1,1,1.70604323683657,3.54816187864505,0.319442359125615,1
59,63,1,1,1.70604323683657,3.54816187864505,0.506421132762435,1
59,64,-1,1,1.54369175747692,2.15232645377928,0.415572744570281,1
59,65,1,1,1.70604323683657,3.54816187864505,0.412410719385506,1
59,66,-1,1,1.54369175747692,2.15232645377928,0.471328695765357,1
59,67,1,1,1.70604323683657,3.54816187864505,0.36234822723222,1
59,68,-1,1,1.54369175747692,2.15232645377928,0.324788262731818,1
59,69,1,1,1.70604323683657,3.54816187864505,0.530381075505295,1
59,70,1,1,1.70604323683657,3.54816187864505,0.363110631912188,1
59,71,1,1,1.70604323683657,3.54816187864505,0.58404318650711,1
59,72,1,1,1.70604323683657,3.54816187864505,0.341746401583804,1
59,73,1,1,1.70604323683657,3.54816187864505,0.340913608685548,1
59,74,-1,1,1.54369175747692,2.15232645377928,0.574446433745673,1
59,75,1,1,1.70604323683657,3.54816187864505,0.711549410504795,1
59,76,1,1,1.70604323683657,3.54816187864505,0.81505456846975,1
59,77,1,1,1.70604323683657,3.54816187864505,0.354190904424295,1
59,78,1,1,1.70604323683657,3.54816187864505,0.432980712745079,1
59,79,1,1,1.70604323683657,3.54816187864505,0.516446223312398,1
59,80,-1,1,1.54369175747692,2.15232645377928,0.721361368703182,1
59,81,1,1,1.70604323683657,3.54816187864505,0.416529215750917,1
59,82,-1,1,1.54369175747692,2.15232645377928,0.381945110415149,1
59,83,-1,1,1.54369175747692,2.15232645377928,0.735366597164063,-1
59,84,-1,-1,1.4713447708843,1.06260344032929,0.62074706244114,-1
59,85,-1,-1,1.4713447708843,1.06260344032929,0.878685962954103,1
59,86,1,1,1.70604323683657,3.54816187864505,0.352685346562276,1
59,87,1,1,1.70604323683657,3.54816187864505,0.57676364649919,1
59,88,-1,1,1.54369175747692,2.15232645377928,0.381143892185256,1
59,89,1,1,1.70604323683657,3.54816187864505,0.397585024720436,1
59,90,-1,1,1.54369175747692,2.15232645377928,0.509516567945036,1
59,91,1,1,1.70604323683657,3.54816187864505,0.530873665195811,1
59,92,-1,1,1.54369175747692,2.15232645377928,1.01743378462114,1
59,93,-1,1,1.54369175747692,2.15232645377928,1.08000030013483,1
59,94,1,1,1.70604323683657,3.54816187864505,0.485264131499003,1
59,95,-1,1,1.54369175747692,2.15232645377928,0.681334438234195,1
59,96,-1,1,1.54369175747692,2.15232645377928,1.58474714001414,1
59,97,1,1,1.70604323683657,3.54816187864505,0.587211886518446,1
59,98,-1,1,1.54369175747692,2.15232645377928,0.484871689542849,1
59,99,-1,1,1.54369175747692,2.15232645377928,0.627714649529958,1
59,100,1,1,1.70604323683657,3.54816187864505,0.491757433557035,1
59,101,-1,1,1.54369175747692,2.15232645377928,0.554051597194338,1
60,2,1,1,2.1875472364966,4.99412380579729,0.452686538155107,1
60,3,1,1,2.1875472364966,4.99412380579729,0.333635926183147,1
60,4,-1,1,1.97937459330328,1.19984286804406,0.767252319021359,1
60,5,-1,1,1.97937459330328,1.19984286804406,0.594311669920053,1
60,6,1,1,2.1875472364966,4.99412380579729,0.275958048969753,1
60,7,-1,1,1.97937459330328,1.19984286804406,2.04273508748325,1
60,8,-1,1,1.97937459330328,1.19984286804406,1.26621742696886,1
60,9,-1,1,1.97937459330328,1.19984286804406,0.491747752955513,1
60,10,-1,1,1.97937459330328,1.19984286804406,3.3512850401694,1
60,11,1,1,2.1875472364966,4.99412380579729,0.305536836002424,1
60,12,-1,1,1.97937459330328,1.19984286804406,1.52216769481465,-1
60,13,1,-1,2.08502518193293,1.33731666846746,0.375999960870392,1
60,14,1,1,2.1875472364966,4.99412380579729,0.26878866674424,1
60,15,-1,1,1.97937459330328,1.19984286804406,0.645413962418379,-1
60,16,1,-1,2.08502518193293,1.33731666846746,0.418109083360088,1
60,17,-1,1,1.97937459330328,1.19984286804406,0.383223737344313,-1
60,18,-1,-1,1.88660880216015,-0.331283342308807,0.748555479882765,-1
60,19,-1,-1,1.88660880216015,-0.331283342308807,0.3666778408445,-1
60,20,-1,-1,1.88660880216015,-0.331283342308807,1.31021121860874,-1
60,21,-1,-1,1.88660880216015,-0.331283342308807,0.81074512632573,1
60,22,1,1,2.1875472364966,4.99412380579729,0.368319057991729,1
60,23,-1,1,1.97937459330328,1.19984286804406,0.368910173148028,1
60,24,1,1,2.1875472364966,4.99412380579729,0.395574197041384,1
60,25,1,1,2.1875472364966,4.99412380579729,0.436759273308897,1
60,26,1,1,2.1875472364966,4.99412380579729,0.315879792924651,1
60,27,-1,1,1.97937459330328,1.19984286804406,0.732369992949714,1
60,28,1,1,2.1875472364966,4.99412380579729,0.309793061645953,1
60,29,-1,1,1.97937459330328,1.19984286804406,4.15914272773107,-1
60,30,-1,-1,1.88660880216015,-0.331283342308807,0.341323688795448,-1
60,31,1,-1,2.08502518193293,1.33731666846746,0.645735935580544,1
60,32,-1,1,1.97937459330328,1.19984286804406,0.323056551190654,1
60,33,-1,1,1.97937459330328,1.19984286804406,0.316938884699914,1
60,34,1,1,2.1875472364966,4.99412380579729,0.329559484566728,1
60,35,-1,1,1.97937459330328,1.19984286804406,1.12611706972974,1
60,36,1,1,2.1875472364966,4.99412380579729,0.333325057284445,1
60,37,1,1,2.1875472364966,4.99412380579729,0.236449646536986,1
60,38,-1,1,1.97937459330328,1.19984286804406,0.713117691397686,1
60,39,-1,1,1.97937459330328,1.19984286804406,0.628587021364436,1
60,40,1,1,2.1875472364966,4.99412380579729,0.402922832680739,1
60,41,1,1,2.1875472364966,4.99412380579729,0.304089086529543,1
60,42,-1,1,1.97937459330328,1.19984286804406,0.543409148975502,1
60,43,1,1,2.1875472364966,4.99412380579729,0.299195548016498,1
60,44,-1,1,1.97937459330328,1.19984286804406,0.887529157279653,1
60,45,-1,1,1.97937459330328,1.19984286804406,0.501723234580063,1
60,46,-1,1,1.97937459330328,1.19984286804406,0.664779872441329,1
60,47,1,1,2.1875472364966,4.99412380579729,0.377020549018414,1
60,48,-1,1,1.97937459330328,1.19984286804406,1.37614958098342,1
60,49,1,1,2.1875472364966,4.99412380579729,0.453314578605773,1
60,50,-1,1,1.97937459330328,1.19984286804406,0.598824494267807,1
60,51,1,1,2.1875472364966,4.99412380579729,0.276752486343263,1
60,52,1,1,2.1875472364966,4.99412380579729,0.464418526313066,1
60,53,1,1,2.1875472364966,4.99412380579729,0.323232120770971,1
60,54,1,1,2.1875472364966,4.99412380579729,0.385963252718138,1
60,55,1,1,2.1875472364966,4.99412380579729,0.325272591786466,1
60,56,1,1,2.1875472364966,4.99412380579729,0.517315465202456,1
60,57,-1,1,1.97937459330328,1.19984286804406,0.350553258741851,1
60,58,-1,1,1.97937459330328,1.19984286804406,0.400152302081108,1
60,59,1,1,2.1875472364966,4.99412380579729,0.418136282770905,1
60,60,1,1,2.1875472364966,4.99412380579729,0.387834737331945,1
60,61,1,1,2.1875472364966,4.99412380579729,0.459899705008608,1
60,62,1,1,2.1875472364966,4.99412380579729,0.365095079693565,1
60,63,1,1,2.1875472364966,4.99412380579729,0.541131766430523,1
60,64,-1,1,1.97937459330328,1.19984286804406,0.412014681702893,1
60,65,-1,1,1.97937459330328,1.19984286804406,0.754260026017783,1
60,66,1,1,2.1875472364966,4.99412380579729,0.339279284262315,1
60,67,1,1,2.1875472364966,4.99412380579729,0.299117201421024,1
60,68,-1,1,1.97937459330328,1.19984286804406,1.06129929448256,1
60,69,1,1,2.1875472364966,4.99412380579729,0.426236087287777,1
60,70,-1,1,1.97937459330328,1.19984286804406,0.582537824955871,1
60,71,1,1,2.1875472364966,4.99412380579729,0.442284556120839,1
60,72,-1,1,1.97937459330328,1.19984286804406,0.463265873992856,1
60,73,-1,1,1.97937459330328,1.19984286804406,0.521666840943306,1
60,74,1,1,2.1875472364966,4.99412380579729,0.384091384105718,1
60,75,1,1,2.1875472364966,4.99412380579729,0.373738970713647,1
60,76,1,1,2.1875472364966,4.99412380579729,0.329859877405974,1
60,77,1,1,2.1875472364966,4.99412380579729,0.408808797503392,1
60,78,1,1,2.1875472364966,4.99412380579729,0.424768620275466,1
60,79,-1,1,1.97937459330328,1.19984286804406,0.768732766259152,1
60,80,-1,1,1.97937459330328,1.19984286804406,1.43834866894837,1
60,81,1,1,2.1875472364966,4.99412380579729,0.340676356715541,1
60,82,1,1,2.1875472364966,4.99412380579729,0.622446000068388,1
60,83,-1,1,1.97937459330328,1.19984286804406,0.32963961712465,1
60,84,-1,1,1.97937459330328,1.19984286804406,1.04426690326944,1
60,85,-1,1,1.97937459330328,1.19984286804406,0.994437633789447,1
60,86,1,1,2.1875472364966,4.99412380579729,0.33727326406706,1
60,87,-1,1,1.97937459330328,1.19984286804406,0.486580741317929,-1
60,88,-1,-1,1.88660880216015,-0.331283342308807,0.721875184618605,-1
60,89,1,-1,2.08502518193293,1.33731666846746,0.921724190834503,1
60,90,-1,1,1.97937459330328,1.19984286804406,1.12628278933085,1
60,91,1,1,2.1875472364966,4.99412380579729,0.268769622192744,1
60,92,1,1,2.1875472364966,4.99412380579729,0.436134830459693,1
60,93,1,1,2.1875472364966,4.99412380579729,0.338275161110381,1
60,94,-1,1,1.97937459330328,1.19984286804406,0.444966101379749,-1
60,95,1,-1,2.08502518193293,1.33731666846746,0.632672649556836,1
60,96,-1,1,1.97937459330328,1.19984286804406,0.69394462698442,1
60,97,1,1,2.1875472364966,4.99412380579729,0.397322297995265,1
60,98,-1,1,1.97937459330328,1.19984286804406,0.384200339499402,1
60,99,-1,1,1.97937459330328,1.19984286804406,1.8509979015889,1
60,100,-1,1,1.97937459330328,1.19984286804406,0.843954826809663,1
60,101,-1,1,1.97937459330328,1.19984286804406,0.307596088463503,1
61,2,-1,1,2.25256713315521,1.16196797773791,0.484407718647208,1
61,3,-1,1,2.25256713315521,1.16196797773791,1.41405496393487,1
61,4,1,1,2.48947168657618,3.5989451372574,0.627106250399154,1
61,5,1,1,2.48947168657618,3.5989451372574,1.17990413540807,1
61,6,1,1,2.48947168657618,3.5989451372574,0.346223170704442,1
61,7,1,1,2.48947168657618,3.5989451372574,0.422348520363861,1
61,8,-1,1,2.25256713315521,1.16196797773791,0.86738247766853,1
61,9,1,1,2.48947168657618,3.5989451372574,0.432320454459996,1
61,10,-1,1,2.25256713315521,1.16196797773791,0.533450498864992,1
61,11,1,1,2.48947168657618,3.5989451372574,0.422945074164483,1
61,12,1,1,2.48947168657618,3.5989451372574,0.573563294174406,1
61,13,1,1,2.48947168657618,3.5989451372574,0.700391874774546,1
61,14,1,1,2.48947168657618,3.5989451372574,0.39767192242897,1
61,15,-1,1,2.25256713315521,1.16196797773791,0.710553840441335,-1
61,16,1,-1,2.37279957644857,2.3616276784438,1.54931271814018,1
61,17,1,1,2.48947168657618,3.5989451372574,0.516937979933526,1
61,18,-1,1,2.25256713315521,1.16196797773791,1.50162870357182,-1
61,19,-1,-1,2.14699784227055,0.0774592065608892,0.535649632428754,-1
61,20,-1,-1,2.14699784227055,0.0774592065608892,0.542918400180917,1
61,21,-1,1,2.25256713315521,1.16196797773791,0.807225277992569,1
61,22,1,1,2.48947168657618,3.5989451372574,0.450821737579206,1
61,23,-1,1,2.25256713315521,1.16196797773791,1.10360331884966,1
61,24,1,1,2.48947168657618,3.5989451372574,0.446889340310978,1
61,25,1,1,2.48947168657618,3.5989451372574,0.742554890439886,1
61,26,-1,1,2.25256713315521,1.16196797773791,0.571526285688102,1
61,27,-1,1,2.25256713315521,1.16196797773791,0.448016323324307,1
61,28,1,1,2.48947168657618,3.5989451372574,0.602044380622127,1
61,29,-1,1,2.25256713315521,1.16196797773791,2.02912045794548,1
61,30,-1,1,2.25256713315521,1.16196797773791,0.43313575175069,1
61,31,1,1,2.48947168657618,3.5989451372574,0.479886717504061,1
61,32,1,1,2.48947168657618,3.5989451372574,0.427068989923061,1
61,33,1,1,2.48947168657618,3.5989451372574,0.973233197085203,1
61,34,-1,1,2.25256713315521,1.16196797773791,0.90047898691191,1
61,35,-1,1,2.25256713315521,1.16196797773791,0.442508912729778,1
61,36,-1,1,2.25256713315521,1.16196797773791,0.706859351314731,1
61,37,1,1,2.48947168657618,3.5989451372574,0.60069234408333,1
61,38,-1,1,2.25256713315521,1.16196797773791,0.746256228445664,1
61,39,1,1,2.48947168657618,3.5989451372574,0.66525644166307,1
61,40,-1,1,2.25256713315521,1.16196797773791,0.420549872724752,1
61,41,-1,1,2.25256713315521,1.16196797773791,0.957638083219313,1
61,42,1,1,2.48947168657618,3.5989451372574,0.451356467519145,1
61,43,1,1,2.48947168657618,3.5989451372574,0.669875390415054,1
61,44,1,1,2.48947168657618,3.5989451372574,0.550514484558731,1
61,45,-1,1,2.25256713315521,1.16196797773791,0.748035319851166,1
61,46,1,1,2.48947168657618,3.5989451372574,0.557473898025018,1
61,47,-1,1,2.25256713315521,1.16196797773791,0.693505300739342,1
61,48,1,1,2.48947168657618,3.5989451372574,0.616271416908657,1
61,49,-1,1,2.25256713315521,1.16196797773791,1.06113556035862,-1
61,50,-1,-1,2.14699784227055,0.0774592065608892,0.590088515476515,1
61,51,-1,1,2.25256713315521,1.16196797773791,0.830430069871875,1
61,52,1,1,2.48947168657618,3.5989451372574,0.485529157822725,1
61,53,-1,1,2.25256713315521,1.16196797773791,0.971967416284126,1
61,54,-1,1,2.25256713315521,1.16196797773791,0.530116353020897,1
61,55,1,1,2.48947168657618,3.5989451372574,0.583162043365324,1
61,56,1,1,2.48947168657618,3.5989451372574,0.450412764123745,1
61,57,1,1,2.48947168657618,3.5989451372574,0.510046752986239,1
61,58,-1,1,2.25256713315521,1.16196797773791,0.492099096413588,1
61,59,1,1,2.48947168657618,3.5989451372574,0.438671876167423,1
61,60,1,1,2.48947168657618,3.5989451372574,0.50136283160266,1
61,61,-1,1,2.25256713315521,1.16196797773791,0.600326056045049,1
61,62,1,1,2.48947168657618,3.5989451372574,0.907698015059232,1
61,63,1,1,2.48947168657618,3.5989451372574,0.520490835532916,1
61,64,-1,1,2.25256713315521,1.16196797773791,1.07190382617923,1
61,65,1,1,2.48947168657618,3.5989451372574,0.453116609932542,1
61,66,1,1,2.48947168657618,3.5989451372574,0.966686075361732,1
61,67,-1,1,2.25256713315521,1.16196797773791,0.53160889601151,1
61,68,1,1,2.48947168657618,3.5989451372574,0.653919921302857,1
61,69,-1,1,2.25256713315521,1.16196797773791,1.42855258808324,1
61,70,-1,1,2.25256713315521,1.16196797773791,0.407251008599828,1
61,71,-1,1,2.25256713315521,1.16196797773791,0.715628573587632,-1
61,72,-1,-1,2.14699784227055,0.0774592065608892,1.40893359037223,1
61,73,1,1,2.48947168657618,3.5989451372574,0.450246523096284,1
61,74,1,1,2.48947168657618,3.5989451372574,0.538880711352233,1
61,75,-1,1,2.25256713315521,1.16196797773791,0.485321253915292,1
61,76,1,1,2.48947168657618,3.5989451372574,0.442384838743441,1
61,77,1,1,2.48947168657618,3.5989451372574,0.729488934240785,1
61,78,1,1,2.48947168657618,3.5989451372574,0.748138178872286,1
61,79,-1,1,2.25256713315521,1.16196797773791,0.365347884462533,1
61,80,-1,1,2.25256713315521,1.16196797773791,1.11735703505015,1
61,81,1,1,2.48947168657618,3.5989451372574,0.486128822282057,1
61,82,-1,1,2.25256713315521,1.16196797773791,1.23831566282321,1
61,83,1,1,2.48947168657618,3.5989451372574,0.729951291709786,1
61,84,1,1,2.48947168657618,3.5989451372574,0.595871316986767,1
61,85,1,1,2.48947168657618,3.5989451372574,0.612744307395599,1
61,86,1,1,2.48947168657618,3.5989451372574,0.916661993395694,1
61,87,1,1,2.48947168657618,3.5989451372574,0.695433350711102,1
61,88,1,1,2.48947168657618,3.5989451372574,0.703930380831021,1
61,89,1,1,2.48947168657618,3.5989451372574,0.707377829814958,1
61,90,-1,1,2.25256713315521,1.16196797773791,1.33583768910838,1
61,91,-1,1,2.25256713315521,1.16196797773791,1.9420147351302,1
61,92,-1,1,2.25256713315521,1.16196797773791,0.642502874492365,1
61,93,1,1,2.48947168657618,3.5989451372574,0.598134070962274,1
61,94,-1,1,2.25256713315521,1.16196797773791,0.844637586836167,1
61,95,-1,1,2.25256713315521,1.16196797773791,0.489863424795634,1
61,96,-1,1,2.25256713315521,1.16196797773791,1.22971080523473,1
61,97,-1,1,2.25256713315521,1.16196797773791,1.0124502218927,1
61,98,-1,1,2.25256713315521,1.16196797773791,0.516108875483129,1
61,99,-1,1,2.25256713315521,1.16196797773791,0.98883495495186,1
61,100,-1,1,2.25256713315521,1.16196797773791,0.852147414864901,1
61,101,-1,1,2.25256713315521,1.16196797773791,0.931641453949486,1
62,2,1,1,1.62509542930655,2.66553789973123,0.958795284202302,1
62,3,-1,1,1.47044715231577,1.26765356195263,0.545331246698618,1
62,4,1,1,1.62509542930655,2.66553789973123,0.656452811454284,1
62,5,1,1,1.62509542930655,2.66553789973123,0.657142974932526,1
62,6,1,1,1.62509542930655,2.66553789973123,0.316308812458329,1
62,7,1,1,1.62509542930655,2.66553789973123,0.371350048874788,1
62,8,1,1,1.62509542930655,2.66553789973123,0.526469699706963,1
62,9,-1,1,1.47044715231577,1.26765356195263,0.920319452260929,1
62,10,-1,1,1.47044715231577,1.26765356195263,0.411235023123322,-1
62,11,-1,-1,1.40153286298407,0.633168205035056,0.515487064456999,1
62,12,1,1,1.62509542930655,2.66553789973123,0.358980038866163,1
62,13,-1,1,1.47044715231577,1.26765356195263,0.945354751813346,1
62,14,-1,1,1.47044715231577,1.26765356195263,0.404997363574587,-1
62,15,1,-1,1.54893336089729,2.63364033328109,0.602104469526724,1
62,16,-1,1,1.47044715231577,1.26765356195263,0.328089498800377,1
62,17,1,1,1.62509542930655,2.66553789973123,0.664450451203957,1
62,18,-1,1,1.47044715231577,1.26765356195263,0.446065224026341,1
62,19,1,1,1.62509542930655,2.66553789973123,0.390057289514128,1
62,20,-1,1,1.47044715231577,1.26765356195263,0.407963292091989,1
62,21,1,1,1.62509542930655,2.66553789973123,0.523309282590706,1
62,22,1,1,1.62509542930655,2.66553789973123,0.421329615189169,1
62,23,-1,1,1.47044715231577,1.26765356195263,0.476034394781223,-1
62,24,-1,-1,1.40153286298407,0.633168205035056,0.437144068534874,1
62,25,-1,1,1.47044715231577,1.26765356195263,0.942898811456338,-1
62,26,-1,-1,1.40153286298407,0.633168205035056,1.71162800312368,1
62,27,-1,1,1.47044715231577,1.26765356195263,0.829727939471319,1
62,28,-1,1,1.47044715231577,1.26765356195263,1.21270343597698,-1
62,29,-1,-1,1.40153286298407,0.633168205035056,0.653927380670734,-1
62,30,1,-1,1.54893336089729,2.63364033328109,0.681228793518837,1
62,31,1,1,1.62509542930655,2.66553789973123,0.377138037862061,1
62,32,-1,1,1.47044715231577,1.26765356195263,0.392139127226413,1
62,33,-1,1,1.47044715231577,1.26765356195263,0.342982102972823,1
62,34,1,1,1.62509542930655,2.66553789973123,0.439836811536017,1
62,35,1,1,1.62509542930655,2.66553789973123,0.556793484768087,1
62,36,1,1,1.62509542930655,2.66553789973123,0.399468257743514,1
62,37,1,1,1.62509542930655,2.66553789973123,0.406739388709239,1
62,38,1,1,1.62509542930655,2.66553789973123,0.349516145263716,1
62,39,1,1,1.62509542930655,2.66553789973123,0.416372195677224,1
62,40,1,1,1.62509542930655,2.66553789973123,0.698170668215382,1
62,41,-1,1,1.47044715231577,1.26765356195263,0.502807109172227,1
62,42,-1,1,1.47044715231577,1.26765356195263,0.451242527620624,1
62,43,-1,1,1.47044715231577,1.26765356195263,0.768856879144986,1
62,44,1,1,1.62509542930655,2.66553789973123,0.380506763060819,1
62,45,1,1,1.62509542930655,2.66553789973123,0.339621127747163,1
62,46,-1,1,1.47044715231577,1.26765356195263,0.91799834955528,1
62,47,-1,1,1.47044715231577,1.26765356195263,0.917021456550926,1
62,48,-1,1,1.47044715231577,1.26765356195263,0.453316492377947,1
62,49,-1,1,1.47044715231577,1.26765356195263,1.18226229935616,1
62,50,1,1,1.62509542930655,2.66553789973123,0.434136728678998,1
62,51,-1,1,1.47044715231577,1.26765356195263,0.311807382272395,1
62,52,-1,1,1.47044715231577,1.26765356195263,0.489183985510848,1
62,53,1,1,1.62509542930655,2.66553789973123,0.574198838094849,1
62,54,-1,1,1.47044715231577,1.26765356195263,0.550846384234499,1
62,55,1,1,1.62509542930655,2.66553789973123,0.591716081602233,1
62,56,-1,1,1.47044715231577,1.26765356195263,0.79366796055947,1
62,57,1,1,1.62509542930655,2.66553789973123,0.41330139018915,1
62,58,1,1,1.62509542930655,2.66553789973123,0.791155950191332,1
62,59,-1,1,1.47044715231577,1.26765356195263,0.645209665584093,1
62,60,1,1,1.62509542930655,2.66553789973123,0.731442892800476,1
62,61,1,1,1.62509542930655,2.66553789973123,0.433866533689507,1
62,62,1,1,1.62509542930655,2.66553789973123,0.820534378777821,1
62,63,1,1,1.62509542930655,2.66553789973123,0.332042030167161,1
62,64,1,1,1.62509542930655,2.66553789973123,0.666542580382321,1
62,65,-1,1,1.47044715231577,1.26765356195263,0.553199575344514,1
62,66,-1,1,1.47044715231577,1.26765356195263,0.432114826534859,1
62,67,-1,1,1.47044715231577,1.26765356195263,0.288792521627669,-1
62,68,-1,-1,1.40153286298407,0.633168205035056,0.883249455399527,-1
62,69,-1,-1,1.40153286298407,0.633168205035056,1.26458962504414,1
62,70,-1,1,1.47044715231577,1.26765356195263,0.640445975095226,1
62,71,1,1,1.62509542930655,2.66553789973123,0.472756186344078,1
62,72,-1,1,1.47044715231577,1.26765356195263,0.462658693599842,1
62,73,1,1,1.62509542930655,2.66553789973123,0.449737020754189,1
62,74,1,1,1.62509542930655,2.66553789973123,0.491802921510322,1
62,75,-1,1,1.47044715231577,1.26765356195263,0.686788602657374,1
62,76,1,1,1.62509542930655,2.66553789973123,0.419074090655218,1
62,77,-1,1,1.47044715231577,1.26765356195263,0.876626655700576,1
62,78,1,1,1.62509542930655,2.66553789973123,0.438117060269086,1
62,79,1,1,1.62509542930655,2.66553789973123,0.382052334328312,1
62,80,1,1,1.62509542930655,2.66553789973123,0.45736781070186,1
62,81,1,1,1.62509542930655,2.66553789973123,0.409631545351238,1
62,82,-1,1,1.47044715231577,1.26765356195263,0.414306981976105,1
62,83,1,1,1.62509542930655,2.66553789973123,0.398435455587256,1
62,84,-1,1,1.47044715231577,1.26765356195263,0.521185728632153,1
62,85,1,1,1.62509542930655,2.66553789973123,0.527058664912658,1
62,86,1,1,1.62509542930655,2.66553789973123,0.623200547749572,1
62,87,-1,1,1.47044715231577,1.26765356195263,0.391007038480146,1
62,88,-1,1,1.47044715231577,1.26765356195263,0.504702047362552,1
62,89,-1,1,1.47044715231577,1.26765356195263,0.614958547728326,1
62,90,-1,1,1.47044715231577,1.26765356195263,0.735455217759229,1
62,91,-1,1,1.47044715231577,1.26765356195263,0.550005720799919,-1
62,92,1,-1,1.54893336089729,2.63364033328109,0.384737030883362,1
62,93,1,1,1.62509542930655,2.66553789973123,0.363141451728227,1
62,94,1,1,1.62509542930655,2.66553789973123,0.461235807067144,1
62,95,1,1,1.62509542930655,2.66553789973123,0.33862255792182,1
62,96,-1,1,1.47044715231577,1.26765356195263,1.03646438601507,1
62,97,-1,1,1.47044715231577,1.26765356195263,0.655631153736582,1
62,98,1,1,1.62509542930655,2.66553789973123,0.372609100890125,1
62,99,1,1,1.62509542930655,2.66553789973123,1.15865280987938,1
62,100,-1,1,1.47044715231577,1.26765356195263,0.393086053242947,1
62,101,-1,1,1.47044715231577,1.26765356195263,0.331541845891719,1
63,2,-1,1,1.48984928125552,1.81014301749322,0.65208225395622,1
63,3,1,1,1.64653809795951,3.70857398498837,0.468448418123826,1
63,4,1,1,1.64653809795951,3.70857398498837,0.454984290341022,1
63,5,-1,1,1.48984928125552,1.81014301749322,0.531464433323701,1
63,6,-1,1,1.48984928125552,1.81014301749322,0.339289622991141,1
63,7,-1,1,1.48984928125552,1.81014301749322,0.455227867163262,1
63,8,1,1,1.64653809795951,3.70857398498837,0.449121971814885,1
63,9,-1,1,1.48984928125552,1.81014301749322,0.830411172296751,-1
63,10,-1,-1,1.42002568761777,0.432275119816873,0.419993480340745,1
63,11,1,1,1.64653809795951,3.70857398498837,0.360142328530078,1
63,12,1,1,1.64653809795951,3.70857398498837,0.436640818349543,1
63,13,-1,1,1.48984928125552,1.81014301749322,0.396614661498062,1
63,14,-1,1,1.48984928125552,1.81014301749322,0.565273016037214,1
63,15,-1,1,1.48984928125552,1.81014301749322,0.391207474095811,1
63,16,-1,1,1.48984928125552,1.81014301749322,0.653631189477899,1
63,17,1,1,1.64653809795951,3.70857398498837,0.305944639034151,1
63,18,1,1,1.64653809795951,3.70857398498837,0.272773195567185,1
63,19,1,1,1.64653809795951,3.70857398498837,0.245816174180002,1
63,20,-1,1,1.48984928125552,1.81014301749322,1.20775767861177,1
63,21,1,1,1.64653809795951,3.70857398498837,0.439106229789924,1
63,22,-1,1,1.48984928125552,1.81014301749322,0.863959354059357,1
63,23,1,1,1.64653809795951,3.70857398498837,0.453942998440971,1
63,24,1,1,1.64653809795951,3.70857398498837,0.34000700062699,1
63,25,1,1,1.64653809795951,3.70857398498837,0.357729308648853,1
63,26,-1,1,1.48984928125552,1.81014301749322,0.481719415032496,1
63,27,-1,1,1.48984928125552,1.81014301749322,0.615323759301229,1
63,28,-1,1,1.48984928125552,1.81014301749322,0.72241740994385,1
63,29,-1,1,1.48984928125552,1.81014301749322,0.421551342294255,1
63,30,-1,1,1.48984928125552,1.81014301749322,0.796140880953111,1
63,31,1,1,1.64653809795951,3.70857398498837,0.548480855078441,1
63,32,1,1,1.64653809795951,3.70857398498837,0.588160180309607,1
63,33,1,1,1.64653809795951,3.70857398498837,0.39905820522804,1
63,34,-1,1,1.48984928125552,1.81014301749322,0.331996112968283,1
63,35,-1,1,1.48984928125552,1.81014301749322,0.729746634603068,1
63,36,-1,1,1.48984928125552,1.81014301749322,0.40043331250212,1
63,37,1,1,1.64653809795951,3.70857398498837,0.320180093648338,1
63,38,1,1,1.64653809795951,3.70857398498837,0.386710035839663,1
63,39,1,1,1.64653809795951,3.70857398498837,0.372808903204045,1
63,40,1,1,1.64653809795951,3.70857398498837,0.426244726345804,1
63,41,1,1,1.64653809795951,3.70857398498837,0.578896397038852,1
63,42,-1,1,1.48984928125552,1.81014301749322,1.10085545022872,1
63,43,1,1,1.64653809795951,3.70857398498837,0.585143959633542,1
63,44,-1,1,1.48984928125552,1.81014301749322,0.337140438188278,1
63,45,-1,1,1.48984928125552,1.81014301749322,0.408409924715583,1
63,46,-1,1,1.48984928125552,1.81014301749322,0.677100313933667,1
63,47,1,1,1.64653809795951,3.70857398498837,0.356205728356549,1
63,48,-1,1,1.48984928125552,1.81014301749322,0.338253634836925,1
63,49,-1,1,1.48984928125552,1.81014301749322,0.69069731745884,1
63,50,1,1,1.64653809795951,3.70857398498837,0.464999038714568,1
63,51,-1,1,1.48984928125552,1.81014301749322,0.539705872529289,1
63,52,1,1,1.64653809795951,3.70857398498837,0.339645046944327,1
63,53,1,1,1.64653809795951,3.70857398498837,0.344109039639483,1
63,54,-1,1,1.48984928125552,1.81014301749322,0.800739693735098,1
63,55,1,1,1.64653809795951,3.70857398498837,0.547889074343662,1
63,56,1,1,1.64653809795951,3.70857398498837,0.447031590646803,1
63,57,1,1,1.64653809795951,3.70857398498837,0.445126778302909,1
63,58,1,1,1.64653809795951,3.70857398498837,0.376525739970027,1
63,59,1,1,1.64653809795951,3.70857398498837,0.332883055964956,1
63,60,1,1,1.64653809795951,3.70857398498837,0.915535420235543,1
63,61,-1,1,1.48984928125552,1.81014301749322,0.504406549237134,1
63,62,-1,1,1.48984928125552,1.81014301749322,0.421392451025658,1
63,63,1,1,1.64653809795951,3.70857398498837,0.535488475161877,1
63,64,-1,1,1.48984928125552,1.81014301749322,0.534377391462722,1
63,65,1,1,1.64653809795951,3.70857398498837,0.603953047324257,1
63,66,-1,1,1.48984928125552,1.81014301749322,0.349220546119443,1
63,67,1,1,1.64653809795951,3.70857398498837,0.637889558619272,1
63,68,1,1,1.64653809795951,3.70857398498837,0.515007617631004,1
63,69,1,1,1.64653809795951,3.70857398498837,0.476835089964346,1
63,70,1,1,1.64653809795951,3.70857398498837,0.501315013343108,1
63,71,-1,1,1.48984928125552,1.81014301749322,0.385278571834765,-1
63,72,1,-1,1.56937109287554,1.24900787770153,1.46592301316673,1
63,73,1,1,1.64653809795951,3.70857398498837,0.477407335992346,1
63,74,-1,1,1.48984928125552,1.81014301749322,0.56307473186721,1
63,75,-1,1,1.48984928125552,1.81014301749322,1.05226150655527,1
63,76,-1,1,1.48984928125552,1.81014301749322,0.586846206645294,1
63,77,-1,1,1.48984928125552,1.81014301749322,1.45853214220668,1
63,78,-1,1,1.48984928125552,1.81014301749322,0.30901829270946,1
63,79,1,1,1.64653809795951,3.70857398498837,0.530322662922811,1
63,80,-1,1,1.48984928125552,1.81014301749322,0.723943227688927,1
63,81,1,1,1.64653809795951,3.70857398498837,0.328665046922117,1
63,82,1,1,1.64653809795951,3.70857398498837,0.407600057831429,1
63,83,-1,1,1.48984928125552,1.81014301749322,0.256330249290783,1
63,84,1,1,1.64653809795951,3.70857398498837,0.342658156833312,1
63,85,-1,1,1.48984928125552,1.81014301749322,0.601328960549755,1
63,86,-1,1,1.48984928125552,1.81014301749322,0.34236723378244,1
63,87,1,1,1.64653809795951,3.70857398498837,0.550867852493022,1
63,88,-1,1,1.48984928125552,1.81014301749322,0.502396470023082,1
63,89,1,1,1.64653809795951,3.70857398498837,0.582355565913304,1
63,90,1,1,1.64653809795951,3.70857398498837,0.420876971313051,1
63,91,-1,1,1.48984928125552,1.81014301749322,0.346454038694916,1
63,92,1,1,1.64653809795951,3.70857398498837,0.641974073218796,1
63,93,-1,1,1.48984928125552,1.81014301749322,0.636767411548717,1
63,94,-1,1,1.48984928125552,1.81014301749322,0.549127665999108,-1
63,95,-1,-1,1.42002568761777,0.432275119816873,1.39485514052839,-1
63,96,-1,-1,1.42002568761777,0.432275119816873,0.702249694831596,1
63,97,-1,1,1.48984928125552,1.81014301749322,0.411496345678594,1
63,98,-1,1,1.48984928125552,1.81014301749322,0.377884410586288,1
63,99,1,1,1.64653809795951,3.70857398498837,0.394599327718837,1
63,100,1,1,1.64653809795951,3.70857398498837,0.609955094055787,1
63,101,1,1,1.64653809795951,3.70857398498837,0.425245811128821,1
64,2,1,1,2.37975698560443,3.92382472631142,0.674806393321438,1
64,3,1,1,2.37975698560443,3.92382472631142,0.41868047721779,1
64,4,1,1,2.37975698560443,3.92382472631142,0.364775154408117,1
64,5,1,1,2.37975698560443,3.92382472631142,0.450904705688043,1
64,6,1,1,2.37975698560443,3.92382472631142,0.447661734234636,1
64,7,-1,1,2.15329316640735,0.839429649531753,1.10582478110692,1
64,8,-1,1,2.15329316640735,0.839429649531753,2.32218444885071,1
64,9,1,1,2.37975698560443,3.92382472631142,0.502970017688852,1
64,10,1,1,2.37975698560443,3.92382472631142,0.449206769149546,1
64,11,1,1,2.37975698560443,3.92382472631142,0.718862103571834,1
64,12,1,1,2.37975698560443,3.92382472631142,0.451337767505204,1
64,13,-1,1,2.15329316640735,0.839429649531753,1.48831387670233,1
64,14,1,1,2.37975698560443,3.92382472631142,0.670661862304802,1
64,15,-1,1,2.15329316640735,0.839429649531753,0.871878103609689,1
64,16,1,1,2.37975698560443,3.92382472631142,0.498891404509283,1
64,17,1,1,2.37975698560443,3.92382472631142,0.491584408314434,1
64,18,1,1,2.37975698560443,3.92382472631142,0.467038814657573,1
64,19,-1,1,2.15329316640735,0.839429649531753,0.425547458139778,1
64,20,1,1,2.37975698560443,3.92382472631142,0.515446643183911,1
64,21,-1,1,2.15329316640735,0.839429649531753,1.19905067796754,-1
64,22,-1,-1,2.05237647038595,1.57993324082598,0.493973418824206,1
64,23,-1,1,2.15329316640735,0.839429649531753,1.25852467796016,1
64,24,-1,1,2.15329316640735,0.839429649531753,0.332302266369147,1
64,25,1,1,2.37975698560443,3.92382472631142,0.5780237321574,1
64,26,-1,1,2.15329316640735,0.839429649531753,0.831117113039551,1
64,27,1,1,2.37975698560443,3.92382472631142,0.370304531186629,1
64,28,-1,1,2.15329316640735,0.839429649531753,0.389106319691911,1
64,29,1,1,2.37975698560443,3.92382472631142,0.41567096080754,1
64,30,-1,1,2.15329316640735,0.839429649531753,1.27785539493743,1
64,31,-1,1,2.15329316640735,0.839429649531753,0.888087879295762,1
64,32,-1,1,2.15329316640735,0.839429649531753,1.13878793963908,-1
64,33,-1,-1,2.05237647038595,1.57993324082598,0.976581792326856,1
64,34,-1,1,2.15329316640735,0.839429649531753,0.672494696341495,-1
64,35,1,-1,2.26822678801329,0.856812383330849,0.440807556102165,1
64,36,1,1,2.37975698560443,3.92382472631142,0.541012285748068,1
64,37,1,1,2.37975698560443,3.92382472631142,0.679741482606166,1
64,38,1,1,2.37975698560443,3.92382472631142,0.78581789538376,1
64,39,-1,1,2.15329316640735,0.839429649531753,1.58268864843747,1
64,40,-1,1,2.15329316640735,0.839429649531753,1.12655179012256,1
64,41,1,1,2.37975698560443,3.92382472631142,0.44108576739058,1
64,42,-1,1,2.15329316640735,0.839429649531753,0.857148230300618,1
64,43,1,1,2.37975698560443,3.92382472631142,0.778044186015168,1
64,44,1,1,2.37975698560443,3.92382472631142,0.624583308211492,1
64,45,-1,1,2.15329316640735,0.839429649531753,1.30912659209943,-1
64,46,1,-1,2.26822678801329,0.856812383330849,0.40838063990587,1
64,47,-1,1,2.15329316640735,0.839429649531753,0.525018635593804,1
64,48,-1,1,2.15329316640735,0.839429649531753,0.938306163512043,1
64,49,1,1,2.37975698560443,3.92382472631142,0.546709936812409,1
64,50,-1,1,2.15329316640735,0.839429649531753,0.739621310762496,1
64,51,1,1,2.37975698560443,3.92382472631142,0.360627615697802,1
64,52,1,1,2.37975698560443,3.92382472631142,0.430013373266788,1
64,53,-1,1,2.15329316640735,0.839429649531753,1.12030603503456,1
64,54,-1,1,2.15329316640735,0.839429649531753,0.931915025158617,-1
64,55,-1,-1,2.05237647038595,1.57993324082598,0.892231900177445,1
64,56,1,1,2.37975698560443,3.92382472631142,0.497170065288621,1
64,57,-1,1,2.15329316640735,0.839429649531753,0.678555216548331,1
64,58,-1,1,2.15329316640735,0.839429649531753,0.44834773932232,1
64,59,1,1,2.37975698560443,3.92382472631142,0.750046537714827,1
64,60,-1,1,2.15329316640735,0.839429649531753,0.933349964285709,1
64,61,-1,1,2.15329316640735,0.839429649531753,1.39228878503819,1
64,62,-1,1,2.15329316640735,0.839429649531753,1.10301687317734,1
64,63,-1,1,2.15329316640735,0.839429649531753,1.25762005103346,-1
64,64,1,-1,2.26822678801329,0.856812383330849,0.432983017380345,1
64,65,-1,1,2.15329316640735,0.839429649531753,1.83341809074944,1
64,66,-1,1,2.15329316640735,0.839429649531753,0.845202071441756,-1
64,67,-1,-1,2.05237647038595,1.57993324082598,1.65607448596984,1
64,68,1,1,2.37975698560443,3.92382472631142,0.432163115557119,1
64,69,1,1,2.37975698560443,3.92382472631142,0.468473243536773,1
64,70,-1,1,2.15329316640735,0.839429649531753,1.4812484746609,1
64,71,1,1,2.37975698560443,3.92382472631142,0.478713234343466,1
64,72,-1,1,2.15329316640735,0.839429649531753,0.770266062848069,1
64,73,-1,1,2.15329316640735,0.839429649531753,1.11704671501152,1
64,74,-1,1,2.15329316640735,0.839429649531753,1.0044061629341,-1
64,75,-1,-1,2.05237647038595,1.57993324082598,0.804340983265027,1
64,76,-1,1,2.15329316640735,0.839429649531753,0.943926748442462,1
64,77,-1,1,2.15329316640735,0.839429649531753,0.61233325314852,1
64,78,1,1,2.37975698560443,3.92382472631142,0.428422996205447,1
64,79,-1,1,2.15329316640735,0.839429649531753,1.59536026759797,1
64,80,1,1,2.37975698560443,3.92382472631142,0.584963038849573,1
64,81,1,1,2.37975698560443,3.92382472631142,0.646343453588477,1
64,82,-1,1,2.15329316640735,0.839429649531753,1.23829593667581,1
64,83,1,1,2.37975698560443,3.92382472631142,0.633932690930214,1
64,84,1,1,2.37975698560443,3.92382472631142,0.552493319871745,1
64,85,1,1,2.37975698560443,3.92382472631142,0.405658530062029,1
64,86,-1,1,2.15329316640735,0.839429649531753,2.03484954374549,-1
64,87,1,-1,2.26822678801329,0.856812383330849,0.984568756395696,1
64,88,1,1,2.37975698560443,3.92382472631142,0.416078750987643,1
64,89,1,1,2.37975698560443,3.92382472631142,0.647144097126475,1
64,90,-1,1,2.15329316640735,0.839429649531753,1.01322726279192,-1
64,91,-1,-1,2.05237647038595,1.57993324082598,0.897067902179687,1
64,92,-1,1,2.15329316640735,0.839429649531753,0.390159170166448,1
64,93,1,1,2.37975698560443,3.92382472631142,0.462944757068297,1
64,94,1,1,2.37975698560443,3.92382472631142,0.59588159399086,1
64,95,1,1,2.37975698560443,3.92382472631142,0.336803990658845,1
64,96,-1,1,2.15329316640735,0.839429649531753,1.0301888795077,1
64,97,1,1,2.37975698560443,3.92382472631142,0.808134526903772,1
64,98,1,1,2.37975698560443,3.92382472631142,0.542472488423492,1
64,99,1,1,2.37975698560443,3.92382472631142,0.577010592933302,1
64,100,-1,1,2.15329316640735,0.839429649531753,0.610217095858003,1
64,101,1,1,2.37975698560443,3.92382472631142,0.49896623140956,1
65,2,-1,1,1.74138531384425,1.68806534542772,0.408635558565788,1
65,3,1,1,1.9245284060247,3.78594683227921,0.447503437467991,1
65,4,1,1,1.9245284060247,3.78594683227921,0.426508784436696,1
65,5,1,1,1.9245284060247,3.78594683227921,0.404299416362154,1
65,6,-1,1,1.74138531384425,1.68806534542772,0.660396824143321,1
65,7,1,1,1.9245284060247,3.78594683227921,0.44819214529424,1
65,8,1,1,1.9245284060247,3.78594683227921,0.311673378970741,1
65,9,1,1,1.9245284060247,3.78594683227921,0.38861680246986,1
65,10,-1,1,1.74138531384425,1.68806534542772,0.724023866992482,1
65,11,1,1,1.9245284060247,3.78594683227921,0.445413147896738,1
65,12,-1,1,1.74138531384425,1.68806534542772,0.562423174797024,1
65,13,1,1,1.9245284060247,3.78594683227921,0.402767687373864,1
65,14,1,1,1.9245284060247,3.78594683227921,0.531856901332134,1
65,15,1,1,1.9245284060247,3.78594683227921,0.466833412843735,1
65,16,-1,1,1.74138531384425,1.68806534542772,0.785884914195794,1
65,17,-1,1,1.74138531384425,1.68806534542772,0.606940496030708,1
65,18,1,1,1.9245284060247,3.78594683227921,0.798608917153055,1
65,19,1,1,1.9245284060247,3.78594683227921,0.340377190132216,1
65,20,-1,1,1.74138531384425,1.68806534542772,0.486980132540188,1
65,21,1,1,1.9245284060247,3.78594683227921,0.373325760328868,1
65,22,1,1,1.9245284060247,3.78594683227921,0.688899012664346,1
65,23,-1,1,1.74138531384425,1.68806534542772,0.428588620142775,1
65,24,1,1,1.9245284060247,3.78594683227921,0.421867257803806,1
65,25,1,1,1.9245284060247,3.78594683227921,0.388115366475723,1
65,26,1,1,1.9245284060247,3.78594683227921,0.507586528190067,1
65,27,-1,1,1.74138531384425,1.68806534542772,0.491242811460877,1
65,28,1,1,1.9245284060247,3.78594683227921,0.806423840662579,1
65,29,-1,1,1.74138531384425,1.68806534542772,0.45653655675773,1
65,30,-1,1,1.74138531384425,1.68806534542772,1.12679770604087,1
65,31,-1,1,1.74138531384425,1.68806534542772,0.744704538469384,1
65,32,-1,1,1.74138531384425,1.68806534542772,0.53901843727916,1
65,33,-1,1,1.74138531384425,1.68806534542772,0.542140116313822,1
65,34,1,1,1.9245284060247,3.78594683227921,0.443532189218529,1
65,35,1,1,1.9245284060247,3.78594683227921,0.339865816159852,1
65,36,-1,1,1.74138531384425,1.68806534542772,0.363925830732966,1
65,37,-1,1,1.74138531384425,1.68806534542772,0.899622948367255,1
65,38,1,1,1.9245284060247,3.78594683227921,0.311377992274632,1
65,39,-1,1,1.74138531384425,1.68806534542772,0.670031657441506,-1
65,40,-1,-1,1.65977317894552,0.393039501089129,1.26953797763188,-1
65,41,1,-1,1.83433304797256,1.33294832120395,1.45142952962218,1
65,42,-1,1,1.74138531384425,1.68806534542772,0.527433501693972,1
65,43,1,1,1.9245284060247,3.78594683227921,0.371666829982632,1
65,44,-1,1,1.74138531384425,1.68806534542772,0.483563733793064,1
65,45,1,1,1.9245284060247,3.78594683227921,0.358003974518951,1
65,46,-1,1,1.74138531384425,1.68806534542772,0.722400983775298,1
65,47,-1,1,1.74138531384425,1.68806534542772,0.419935060034352,1
65,48,1,1,1.9245284060247,3.78594683227921,0.468971129049218,1
65,49,1,1,1.9245284060247,3.78594683227921,0.521100980933836,1
65,50,1,1,1.9245284060247,3.78594683227921,0.405918049336666,1
65,51,-1,1,1.74138531384425,1.68806534542772,0.637848988781873,1
65,52,-1,1,1.74138531384425,1.68806534542772,0.431327000538954,1
65,53,1,1,1.9245284060247,3.78594683227921,0.443898262251161,1
65,54,-1,1,1.74138531384425,1.68806534542772,0.912871464777023,1
65,55,-1,1,1.74138531384425,1.68806534542772,0.430388118845872,1
65,56,1,1,1.9245284060247,3.78594683227921,0.435557112672281,1
65,57,-1,1,1.74138531384425,1.68806534542772,0.411613993063906,1
65,58,-1,1,1.74138531384425,1.68806534542772,0.485237600008223,1
65,59,1,1,1.9245284060247,3.78594683227921,0.564279110247133,1
65,60,-1,1,1.74138531384425,1.68806534542772,0.482154695483686,1
65,61,-1,1,1.74138531384425,1.68806534542772,0.519993895033711,1
65,62,-1,1,1.74138531384425,1.68806534542772,0.730016808006437,1
65,63,1,1,1.9245284060247,3.78594683227921,0.385214063244634,1
65,64,1,1,1.9245284060247,3.78594683227921,0.364824998632331,1
65,65,-1,1,1.74138531384425,1.68806534542772,0.608095859250417,1
65,66,1,1,1.9245284060247,3.78594683227921,0.374447202617069,1
65,67,-1,1,1.74138531384425,1.68806534542772,0.527395130571525,1
65,68,-1,1,1.74138531384425,1.68806534542772,0.507407717721544,1
65,69,-1,1,1.74138531384425,1.68806534542772,0.4338899738595,1
65,70,1,1,1.9245284060247,3.78594683227921,0.377370127226877,1
65,71,-1,1,1.74138531384425,1.68806534542772,0.383878286276502,1
65,72,-1,1,1.74138531384425,1.68806534542772,0.593796279917001,-1
65,73,1,-1,1.83433304797256,1.33294832120395,0.459455307876045,-1
65,74,-1,-1,1.65977317894552,0.393039501089129,0.807071291765165,-1
65,75,-1,-1,1.65977317894552,0.393039501089129,0.46501572284445,1
65,76,-1,1,1.74138531384425,1.68806534542772,0.876340017236608,1
65,77,1,1,1.9245284060247,3.78594683227921,0.404710401336015,1
65,78,-1,1,1.74138531384425,1.68806534542772,0.664210447196607,1
65,79,1,1,1.9245284060247,3.78594683227921,0.439083948635607,1
65,80,1,1,1.9245284060247,3.78594683227921,0.477833855634361,1
65,81,1,1,1.9245284060247,3.78594683227921,0.372944757979358,1
65,82,-1,1,1.74138531384425,1.68806534542772,1.34007312864163,1
65,83,1,1,1.9245284060247,3.78594683227921,1.15862060061784,1
65,84,-1,1,1.74138531384425,1.68806534542772,0.601430281171758,1
65,85,1,1,1.9245284060247,3.78594683227921,0.384839659206216,1
65,86,-1,1,1.74138531384425,1.68806534542772,0.941452645881183,1
65,87,-1,1,1.74138531384425,1.68806534542772,0.768438912239968,1
65,88,1,1,1.9245284060247,3.78594683227921,0.482240158695598,1
65,89,-1,1,1.74138531384425,1.68806534542772,0.999396520288949,1
65,90,-1,1,1.74138531384425,1.68806534542772,0.369423218405486,1
65,91,1,1,1.9245284060247,3.78594683227921,0.418905895525588,1
65,92,-1,1,1.74138531384425,1.68806534542772,0.37200274975864,1
65,93,1,1,1.9245284060247,3.78594683227921,0.537815923935484,1
65,94,1,1,1.9245284060247,3.78594683227921,0.359889481520909,1
65,95,1,1,1.9245284060247,3.78594683227921,0.672782716350786,1
65,96,1,1,1.9245284060247,3.78594683227921,0.357555821095189,1
65,97,-1,1,1.74138531384425,1.68806534542772,0.667517192151739,1
65,98,1,1,1.9245284060247,3.78594683227921,0.599011264545765,1
65,99,-1,1,1.74138531384425,1.68806534542772,1.13302555528394,1
65,100,1,1,1.9245284060247,3.78594683227921,0.391633809660728,1
65,101,1,1,1.9245284060247,3.78594683227921,0.344331623521556,1
66,2,-1,1,1.93147138718593,1.49617123407529,0.813159830688399,-1
66,3,1,-1,2.0345651066203,1.53139525626675,0.468802571071289,1
66,4,1,1,2.13460600621312,3.0262656801919,0.407160109990294,1
66,5,-1,1,1.93147138718593,1.49617123407529,0.568206273957542,1
66,6,-1,1,1.93147138718593,1.49617123407529,0.292713492404837,1
66,7,1,1,2.13460600621312,3.0262656801919,0.53002114824781,1
66,8,1,1,2.13460600621312,3.0262656801919,0.545251326168246,1
66,9,1,1,2.13460600621312,3.0262656801919,0.545731107463993,1
66,10,1,1,2.13460600621312,3.0262656801919,0.430554072187367,1
66,11,1,1,2.13460600621312,3.0262656801919,0.594414604085089,1
66,12,-1,1,1.93147138718593,1.49617123407529,1.17392968373234,1
66,13,-1,1,1.93147138718593,1.49617123407529,0.371139990342852,1
66,14,1,1,2.13460600621312,3.0262656801919,0.670179664548778,1
66,15,1,1,2.13460600621312,3.0262656801919,0.349643811613385,1
66,16,-1,1,1.93147138718593,1.49617123407529,0.757695467594254,1
66,17,-1,1,1.93147138718593,1.49617123407529,0.448853071152354,1
66,18,1,1,2.13460600621312,3.0262656801919,0.666313699145516,1
66,19,-1,1,1.93147138718593,1.49617123407529,0.46222096249132,1
66,20,1,1,2.13460600621312,3.0262656801919,0.410288077530545,1
66,21,-1,1,1.93147138718593,1.49617123407529,0.730206538795109,1
66,22,-1,1,1.93147138718593,1.49617123407529,0.770682296719579,1
66,23,-1,1,1.93147138718593,1.49617123407529,0.4961525157091,-1
66,24,-1,-1,1.84095063790037,1.14616782946606,1.42147238318328,1
66,25,1,1,2.13460600621312,3.0262656801919,0.401308896381274,1
66,26,-1,1,1.93147138718593,1.49617123407529,0.780267672437492,1
66,27,-1,1,1.93147138718593,1.49617123407529,2.824174387917,1
66,28,-1,1,1.93147138718593,1.49617123407529,0.75966926058144,1
66,29,-1,1,1.93147138718593,1.49617123407529,0.467376519444809,1
66,30,1,1,2.13460600621312,3.0262656801919,0.514613290468265,1
66,31,-1,1,1.93147138718593,1.49617123407529,1.90951336415639,1
66,32,-1,1,1.93147138718593,1.49617123407529,0.336275601148802,1
66,33,1,1,2.13460600621312,3.0262656801919,0.801712549764448,1
66,34,1,1,2.13460600621312,3.0262656801919,0.747462666551328,1
66,35,-1,1,1.93147138718593,1.49617123407529,1.15840894569165,1
66,36,1,1,2.13460600621312,3.0262656801919,0.338619324661035,1
66,37,-1,1,1.93147138718593,1.49617123407529,0.950571232424547,1
66,38,-1,1,1.93147138718593,1.49617123407529,1.28997416194668,1
66,39,-1,1,1.93147138718593,1.49617123407529,0.971855648500601,1
66,40,1,1,2.13460600621312,3.0262656801919,0.327546886104393,1
66,41,1,1,2.13460600621312,3.0262656801919,0.570118778353517,1
66,42,-1,1,1.93147138718593,1.49617123407529,1.15139680414903,-1
66,43,-1,-1,1.84095063790037,1.14616782946606,1.1644780427531,1
66,44,1,1,2.13460600621312,3.0262656801919,0.528188684946124,1
66,45,-1,1,1.93147138718593,1.49617123407529,0.371356732231075,-1
66,46,-1,-1,1.84095063790037,1.14616782946606,0.672721777676276,1
66,47,1,1,2.13460600621312,3.0262656801919,0.629419351188297,1
66,48,1,1,2.13460600621312,3.0262656801919,0.417127620398657,1
66,49,1,1,2.13460600621312,3.0262656801919,0.324135785584504,1
66,50,-1,1,1.93147138718593,1.49617123407529,1.30183353631748,1
66,51,-1,1,1.93147138718593,1.49617123407529,0.531924007534031,1
66,52,1,1,2.13460600621312,3.0262656801919,0.354320603633116,1
66,53,-1,1,1.93147138718593,1.49617123407529,0.381997981917821,1
66,54,-1,1,1.93147138718593,1.49617123407529,0.928097370088248,1
66,55,1,1,2.13460600621312,3.0262656801919,0.38584586139307,1
66,56,1,1,2.13460600621312,3.0262656801919,0.796631810857517,1
66,57,1,1,2.13460600621312,3.0262656801919,0.739481900730432,1
66,58,1,1,2.13460600621312,3.0262656801919,0.359982856359277,1
66,59,1,1,2.13460600621312,3.0262656801919,0.654550135792564,1
66,60,1,1,2.13460600621312,3.0262656801919,0.441039072101728,1
66,61,-1,1,1.93147138718593,1.49617123407529,1.1250587570981,1
66,62,-1,1,1.93147138718593,1.49617123407529,0.453324280415693,1
66,63,1,1,2.13460600621312,3.0262656801919,0.771515561792688,1
66,64,-1,1,1.93147138718593,1.49617123407529,0.445368200893923,1
66,65,1,1,2.13460600621312,3.0262656801919,0.681539254755872,1
66,66,-1,1,1.93147138718593,1.49617123407529,0.474229138980308,1
66,67,-1,1,1.93147138718593,1.49617123407529,1.02574020434592,1
66,68,-1,1,1.93147138718593,1.49617123407529,0.383259712980019,-1
66,69,1,-1,2.0345651066203,1.53139525626675,0.630777347446306,1
66,70,-1,1,1.93147138718593,1.49617123407529,0.765563606829776,1
66,71,-1,1,1.93147138718593,1.49617123407529,0.564726094774921,1
66,72,1,1,2.13460600621312,3.0262656801919,0.471791495078247,1
66,73,1,1,2.13460600621312,3.0262656801919,0.572923724592302,1
66,74,1,1,2.13460600621312,3.0262656801919,0.284169291745326,1
66,75,-1,1,1.93147138718593,1.49617123407529,0.443224855770331,1
66,76,-1,1,1.93147138718593,1.49617123407529,0.302310035184734,1
66,77,-1,1,1.93147138718593,1.49617123407529,0.421204030992351,1
66,78,-1,1,1.93147138718593,1.49617123407529,0.929508685830629,1
66,79,-1,1,1.93147138718593,1.49617123407529,0.348143065638301,1
66,80,1,1,2.13460600621312,3.0262656801919,0.423008963763383,1
66,81,1,1,2.13460600621312,3.0262656801919,0.425131686339254,1
66,82,-1,1,1.93147138718593,1.49617123407529,0.623793918468995,1
66,83,1,1,2.13460600621312,3.0262656801919,0.841546252254523,1
66,84,-1,1,1.93147138718593,1.49617123407529,0.682983302956047,1
66,85,1,1,2.13460600621312,3.0262656801919,0.622281257578105,1
66,86,1,1,2.13460600621312,3.0262656801919,0.419559049764723,1
66,87,-1,1,1.93147138718593,1.49617123407529,0.499153253199098,1
66,88,-1,1,1.93147138718593,1.49617123407529,0.601641821214091,1
66,89,1,1,2.13460600621312,3.0262656801919,0.437898071354167,1
66,90,1,1,2.13460600621312,3.0262656801919,0.543147605072342,1
66,91,1,1,2.13460600621312,3.0262656801919,0.999716086788511,1
66,92,1,1,2.13460600621312,3.0262656801919,0.430579879165106,1
66,93,1,1,2.13460600621312,3.0262656801919,0.662236879309644,1
66,94,1,1,2.13460600621312,3.0262656801919,0.970447755293923,1
66,95,1,1,2.13460600621312,3.0262656801919,0.806971239679133,1
66,96,1,1,2.13460600621312,3.0262656801919,1,1
66,97,-1,1,1.93147138718593,1.49617123407529,2.05812646728727,1
66,98,1,1,2.13460600621312,3.0262656801919,0.433557497790729,1
66,99,-1,1,1.93147138718593,1.49617123407529,0.505457727408678,1
66,100,-1,1,1.93147138718593,1.49617123407529,0.349755370541389,1
66,101,1,1,2.13460600621312,3.0262656801919,0.606522313009873,1
67,2,-1,1,1.87136191119022,1.10541047514391,0.83659530416017,-1
67,3,-1,-1,1.78365826540533,0.917578448324352,0.755037006890095,1
67,4,1,1,2.0681747614419,4.15985243620855,0.433668671447659,1
67,5,-1,1,1.87136191119022,1.10541047514391,1.74575256555196,1
67,6,-1,1,1.87136191119022,1.10541047514391,1.69793604368901,1
67,7,1,1,2.0681747614419,4.15985243620855,0.58281964201514,1
67,8,-1,1,1.87136191119022,1.10541047514391,0.888065171199096,1
67,9,-1,1,1.87136191119022,1.10541047514391,0.391188759695052,1
67,10,-1,1,1.87136191119022,1.10541047514391,0.498079040536074,1
67,11,1,1,2.0681747614419,4.15985243620855,0.593052886193943,1
67,12,-1,1,1.87136191119022,1.10541047514391,0.345063908150903,1
67,13,-1,1,1.87136191119022,1.10541047514391,0.419402848343898,-1
67,14,1,-1,1.97124724271123,1.01715864032319,1.13104497479708,1
67,15,-1,1,1.87136191119022,1.10541047514391,0.52197913722254,1
67,16,1,1,2.0681747614419,4.15985243620855,0.475787271271758,1
67,17,1,1,2.0681747614419,4.15985243620855,0.917250037597726,1
67,18,1,1,2.0681747614419,4.15985243620855,0.648856040738426,1
67,19,-1,1,1.87136191119022,1.10541047514391,0.4796160512807,1
67,20,1,1,2.0681747614419,4.15985243620855,0.363868287546803,1
67,21,-1,1,1.87136191119022,1.10541047514391,1.13794479449052,1
67,22,1,1,2.0681747614419,4.15985243620855,0.336036449548254,1
67,23,1,1,2.0681747614419,4.15985243620855,0.415386059904952,1
67,24,1,1,2.0681747614419,4.15985243620855,0.670920659436015,1
67,25,1,1,2.0681747614419,4.15985243620855,0.3938843976575,1
67,26,-1,1,1.87136191119022,1.10541047514391,0.364690165254167,1
67,27,1,1,2.0681747614419,4.15985243620855,0.59256394131263,1
67,28,1,1,2.0681747614419,4.15985243620855,0.389577306193578,1
67,29,1,1,2.0681747614419,4.15985243620855,0.482490183853609,1
67,30,1,1,2.0681747614419,4.15985243620855,0.363526381566806,1
67,31,-1,1,1.87136191119022,1.10541047514391,0.573356614247159,1
67,32,-1,1,1.87136191119022,1.10541047514391,0.705424837218218,-1
67,33,-1,-1,1.78365826540533,0.917578448324352,0.945961433236334,1
67,34,1,1,2.0681747614419,4.15985243620855,0.363643243881977,1
67,35,-1,1,1.87136191119022,1.10541047514391,0.609440014563344,1
67,36,1,1,2.0681747614419,4.15985243620855,0.704490104987015,1
67,37,-1,1,1.87136191119022,1.10541047514391,0.513237214551353,1
67,38,1,1,2.0681747614419,4.15985243620855,0.839569339081839,1
67,39,1,1,2.0681747614419,4.15985243620855,0.443591598720757,1
67,40,-1,1,1.87136191119022,1.10541047514391,1.00360893492404,-1
67,41,-1,-1,1.78365826540533,0.917578448324352,0.495185503991007,1
67,42,1,1,2.0681747614419,4.15985243620855,0.447806336090158,1
67,43,-1,1,1.87136191119022,1.10541047514391,1.13468087262546,1
67,44,-1,1,1.87136191119022,1.10541047514391,0.966344338808219,1
67,45,-1,1,1.87136191119022,1.10541047514391,0.39463440321972,1
67,46,1,1,2.0681747614419,4.15985243620855,0.554341939239498,1
67,47,-1,1,1.87136191119022,1.10541047514391,0.910419244290869,-1
67,48,-1,-1,1.78365826540533,0.917578448324352,0.525585791864721,1
67,49,1,1,2.0681747614419,4.15985243620855,0.371213385225615,1
67,50,1,1,2.0681747614419,4.15985243620855,0.529541109502912,1
67,51,1,1,2.0681747614419,4.15985243620855,0.618252823020103,1
67,52,-1,1,1.87136191119022,1.10541047514391,0.426679208826929,1
67,53,1,1,2.0681747614419,4.15985243620855,0.444211938486466,1
67,54,-1,1,1.87136191119022,1.10541047514391,0.446813414254713,1
67,55,1,1,2.0681747614419,4.15985243620855,0.328140357769257,1
67,56,1,1,2.0681747614419,4.15985243620855,0.515845898024793,1
67,57,1,1,2.0681747614419,4.15985243620855,0.320510359500349,1
67,58,1,1,2.0681747614419,4.15985243620855,0.509569067765089,1
67,59,-1,1,1.87136191119022,1.10541047514391,0.484329779001979,1
67,60,1,1,2.0681747614419,4.15985243620855,0.477914281104515,1
67,61,-1,1,1.87136191119022,1.10541047514391,0.843844527776449,1
67,62,-1,1,1.87136191119022,1.10541047514391,0.73383010155298,1
67,63,1,1,2.0681747614419,4.15985243620855,0.51024817398039,1
67,64,-1,1,1.87136191119022,1.10541047514391,0.413568962373531,1
67,65,1,1,2.0681747614419,4.15985243620855,0.545868881941771,1
67,66,1,1,2.0681747614419,4.15985243620855,0.517884730638373,1
67,67,1,1,2.0681747614419,4.15985243620855,0.463861666680107,1
67,68,-1,1,1.87136191119022,1.10541047514391,0.450767850396997,1
67,69,1,1,2.0681747614419,4.15985243620855,0.452372125878787,1
67,70,-1,1,1.87136191119022,1.10541047514391,1.39533634249002,1
67,71,1,1,2.0681747614419,4.15985243620855,0.560659272547123,1
67,72,-1,1,1.87136191119022,1.10541047514391,1.30149276015894,1
67,73,-1,1,1.87136191119022,1.10541047514391,1.23800958253157,1
67,74,1,1,2.0681747614419,4.15985243620855,0.397796165575392,1
67,75,-1,1,1.87136191119022,1.10541047514391,0.774408149678901,-1
67,76,-1,-1,1.78365826540533,0.917578448324352,0.775524873499537,1
67,77,-1,1,1.87136191119022,1.10541047514391,0.597771266664615,-1
67,78,1,-1,1.97124724271123,1.01715864032319,0.706747399329118,1
67,79,-1,1,1.87136191119022,1.10541047514391,0.525478981217283,-1
67,80,-1,-1,1.78365826540533,0.917578448324352,0.629994647514135,1
67,81,1,1,2.0681747614419,4.15985243620855,0.499522705624058,1
67,82,-1,1,1.87136191119022,1.10541047514391,0.896467444135801,1
67,83,-1,1,1.87136191119022,1.10541047514391,2.03869441088809,1
67,84,1,1,2.0681747614419,4.15985243620855,0.655821117710866,1
67,85,1,1,2.0681747614419,4.15985243620855,0.547766198780916,1
67,86,-1,1,1.87136191119022,1.10541047514391,2.00790598556102,1
67,87,1,1,2.0681747614419,4.15985243620855,0.442641333904053,1
67,88,-1,1,1.87136191119022,1.10541047514391,0.539887603399251,1
67,89,-1,1,1.87136191119022,1.10541047514391,0.911533377524353,1
67,90,-1,1,1.87136191119022,1.10541047514391,0.412708050449602,1
67,91,1,1,2.0681747614419,4.15985243620855,0.349392974135218,1
67,92,1,1,2.0681747614419,4.15985243620855,0.544452819682259,1
67,93,1,1,2.0681747614419,4.15985243620855,0.411755193603409,1
67,94,1,1,2.0681747614419,4.15985243620855,0.41882544468702,1
67,95,1,1,2.0681747614419,4.15985243620855,0.321060825730065,1
67,96,-1,1,1.87136191119022,1.10541047514391,0.682755285370718,-1
67,97,1,-1,1.97124724271123,1.01715864032319,1.47543646836405,1
67,98,1,1,2.0681747614419,4.15985243620855,0.477235989869429,1
67,99,-1,1,1.87136191119022,1.10541047514391,0.554722769052873,1
67,100,-1,1,1.87136191119022,1.10541047514391,0.737489052344003,1
67,101,-1,1,1.87136191119022,1.10541047514391,2.26565462786245,1
68,2,-1,1,1.87799294218297,0.933732340589991,0.383555604029923,1
68,3,1,1,2.07550318405194,3.00447238052217,0.343553731853222,1
68,4,-1,1,1.87799294218297,0.933732340589991,0.700362143854734,1
68,5,-1,1,1.87799294218297,0.933732340589991,0.819584705822419,1
68,6,-1,1,1.87799294218297,0.933732340589991,0.514498740486108,1
68,7,1,1,2.07550318405194,3.00447238052217,0.94704023756314,1
68,8,-1,1,1.87799294218297,0.933732340589991,1.57915460052882,-1
68,9,1,-1,1.97823220990684,2.35207119268436,0.576459407763213,1
68,10,-1,1,1.87799294218297,0.933732340589991,0.596978145159544,1
68,11,1,1,2.07550318405194,3.00447238052217,0.506835621661517,1
68,12,1,1,2.07550318405194,3.00447238052217,1.0043297321028,1
68,13,-1,1,1.87799294218297,0.933732340589991,0.645755579914634,1
68,14,-1,1,1.87799294218297,0.933732340589991,0.59922653966909,-1
68,15,1,-1,1.97823220990684,2.35207119268436,0.626386320984089,1
68,16,1,1,2.07550318405194,3.00447238052217,0.595868660899854,1
68,17,1,1,2.07550318405194,3.00447238052217,0.421716425197079,1
68,18,-1,1,1.87799294218297,0.933732340589991,1.38991105928359,1
68,19,-1,1,1.87799294218297,0.933732340589991,1.54951480032705,1
68,20,-1,1,1.87799294218297,0.933732340589991,0.51322059677936,1
68,21,-1,1,1.87799294218297,0.933732340589991,0.459054701158054,1
68,22,-1,1,1.87799294218297,0.933732340589991,0.379602299213678,1
68,23,1,1,2.07550318405194,3.00447238052217,0.537667297479886,1
68,24,-1,1,1.87799294218297,0.933732340589991,0.609141469906169,1
68,25,-1,1,1.87799294218297,0.933732340589991,0.84037411461091,1
68,26,-1,1,1.87799294218297,0.933732340589991,1.76519975264898,-1
68,27,-1,-1,1.78997852508768,0.909724086203474,1.38201536801066,-1
68,28,-1,-1,1.78997852508768,0.909724086203474,0.685490963024258,1
68,29,-1,1,1.87799294218297,0.933732340589991,1.34628135087323,1
68,30,1,1,2.07550318405194,3.00447238052217,0.559562269170548,1
68,31,1,1,2.07550318405194,3.00447238052217,1.12446824971322,1
68,32,1,1,2.07550318405194,3.00447238052217,1.05860964744333,1
68,33,1,1,2.07550318405194,3.00447238052217,0.313116530216607,1
68,34,-1,1,1.87799294218297,0.933732340589991,0.593559517626178,1
68,35,1,1,2.07550318405194,3.00447238052217,0.702655972996788,1
68,36,1,1,2.07550318405194,3.00447238052217,0.679128522510431,1
68,37,-1,1,1.87799294218297,0.933732340589991,0.753583789775755,-1
68,38,-1,-1,1.78997852508768,0.909724086203474,1.07117396001237,1
68,39,1,1,2.07550318405194,3.00447238052217,0.467353356085732,1
68,40,1,1,2.07550318405194,3.00447238052217,1.2034901982261,1
68,41,1,1,2.07550318405194,3.00447238052217,0.850388349985858,1
68,42,1,1,2.07550318405194,3.00447238052217,0.469197418366408,1
68,43,-1,1,1.87799294218297,0.933732340589991,0.951532393776548,1
68,44,1,1,2.07550318405194,3.00447238052217,0.506335124513198,1
68,45,1,1,2.07550318405194,3.00447238052217,0.613842099856567,1
68,46,1,1,2.07550318405194,3.00447238052217,0.545582855430304,1
68,47,-1,1,1.87799294218297,0.933732340589991,0.980494332817363,1
68,48,-1,1,1.87799294218297,0.933732340589991,0.856802115738239,-1
68,49,-1,-1,1.78997852508768,0.909724086203474,0.58431946019043,1
68,50,1,1,2.07550318405194,3.00447238052217,0.933138228524518,1
68,51,1,1,2.07550318405194,3.00447238052217,0.328597885066036,1
68,52,1,1,2.07550318405194,3.00447238052217,0.421237132846763,1
68,53,-1,1,1.87799294218297,0.933732340589991,1.53110533347497,1
68,54,1,1,2.07550318405194,3.00447238052217,0.669311888606073,1
68,55,1,1,2.07550318405194,3.00447238052217,0.662775328992772,1
68,56,1,1,2.07550318405194,3.00447238052217,0.541076392661325,1
68,57,-1,1,1.87799294218297,0.933732340589991,1.02961682894104,1
68,58,-1,1,1.87799294218297,0.933732340589991,0.517398167698315,1
68,59,-1,1,1.87799294218297,0.933732340589991,0.994992300250393,1
68,60,1,1,2.07550318405194,3.00447238052217,0.431236711339437,1
68,61,1,1,2.07550318405194,3.00447238052217,1.0484441632596,1
68,62,1,1,2.07550318405194,3.00447238052217,0.542825750052172,1
68,63,-1,1,1.87799294218297,0.933732340589991,1.91622993467626,1
68,64,1,1,2.07550318405194,3.00447238052217,0.380853083349826,1
68,65,-1,1,1.87799294218297,0.933732340589991,0.550034850846959,1
68,66,1,1,2.07550318405194,3.00447238052217,0.658578118654104,1
68,67,1,1,2.07550318405194,3.00447238052217,0.450970646661124,1
68,68,1,1,2.07550318405194,3.00447238052217,0.523951838964109,1
68,69,1,1,2.07550318405194,3.00447238052217,0.4314289872132,1
68,70,-1,1,1.87799294218297,0.933732340589991,0.389697111112433,1
68,71,1,1,2.07550318405194,3.00447238052217,0.523809176583276,1
68,72,1,1,2.07550318405194,3.00447238052217,1.07831805801058,1
68,73,-1,1,1.87799294218297,0.933732340589991,0.499390133404902,1
68,74,-1,1,1.87799294218297,0.933732340589991,0.999269543137327,-1
68,75,-1,-1,1.78997852508768,0.909724086203474,2.44240406020313,-1
68,76,1,-1,1.97823220990684,2.35207119268436,0.455109996072751,1
68,77,-1,1,1.87799294218297,0.933732340589991,0.426539397376284,1
68,78,-1,1,1.87799294218297,0.933732340589991,1.38076922366115,1
68,79,-1,1,1.87799294218297,0.933732340589991,0.481730786870514,-1
68,80,-1,-1,1.78997852508768,0.909724086203474,0.43551764091442,-1
68,81,-1,-1,1.78997852508768,0.909724086203474,0.484296916731932,-1
68,82,-1,-1,1.78997852508768,0.909724086203474,0.624508288090728,-1
68,83,1,-1,1.97823220990684,2.35207119268436,0.499215335649583,1
68,84,1,1,2.07550318405194,3.00447238052217,0.478176787983957,1
68,85,-1,1,1.87799294218297,0.933732340589991,0.401273902861892,-1
68,86,-1,-1,1.78997852508768,0.909724086203474,0.815888713434895,1
68,87,1,1,2.07550318405194,3.00447238052217,0.854723576526642,1
68,88,-1,1,1.87799294218297,0.933732340589991,0.487002519800827,1
68,89,1,1,2.07550318405194,3.00447238052217,0.693639710988442,1
68,90,1,1,2.07550318405194,3.00447238052217,0.549891795826488,1
68,91,1,1,2.07550318405194,3.00447238052217,0.390504965823478,1
68,92,1,1,2.07550318405194,3.00447238052217,0.485941834277467,1
68,93,1,1,2.07550318405194,3.00447238052217,0.415620270477905,1
68,94,-1,1,1.87799294218297,0.933732340589991,1.34954896033667,1
68,95,-1,1,1.87799294218297,0.933732340589991,0.846043967721491,1
68,96,1,1,2.07550318405194,3.00447238052217,0.393455248008917,1
68,97,1,1,2.07550318405194,3.00447238052217,1.08615850006872,1
68,98,-1,1,1.87799294218297,0.933732340589991,0.6849344260968,1
68,99,1,1,2.07550318405194,3.00447238052217,0.694243306043184,1
68,100,-1,1,1.87799294218297,0.933732340589991,0.351345950185076,1
68,101,-1,1,1.87799294218297,0.933732340589991,1.0029046515276,1
69,2,1,1,1.92707361358608,2.86409666253976,0.377860613727316,1
69,3,-1,1,1.74368831288246,1.71112005126925,1.83606753718144,1
69,4,-1,1,1.74368831288246,1.71112005126925,0.47322724393427,1
69,5,1,1,1.92707361358608,2.86409666253976,0.364142409269095,1
69,6,-1,1,1.74368831288246,1.71112005126925,0.366397245712676,1
69,7,-1,1,1.74368831288246,1.71112005126925,1.24057752621971,1
69,8,-1,1,1.74368831288246,1.71112005126925,0.486756132628499,1
69,9,1,1,1.92707361358608,2.86409666253976,0.405057050053316,1
69,10,1,1,1.92707361358608,2.86409666253976,0.402737877073782,1
69,11,-1,1,1.74368831288246,1.71112005126925,0.284723734283206,1
69,12,1,1,1.92707361358608,2.86409666253976,0.3819273467883,1
69,13,-1,1,1.74368831288246,1.71112005126925,1.04262318111089,1
69,14,1,1,1.92707361358608,2.86409666253976,0.941542464073433,1
69,15,-1,1,1.74368831288246,1.71112005126925,1.59149293838425,-1
69,16,1,-1,1.83675897129443,1.76010566972912,0.706834322225154,1
69,17,1,1,1.92707361358608,2.86409666253976,0.708710086323236,1
69,18,-1,1,1.74368831288246,1.71112005126925,0.573354578410532,1
69,19,1,1,1.92707361358608,2.86409666253976,0.441412542487713,1
69,20,1,1,1.92707361358608,2.86409666253976,0.493490757726518,1
69,21,-1,1,1.74368831288246,1.71112005126925,0.571654967716776,1
69,22,1,1,1.92707361358608,2.86409666253976,0.378081469003564,1
69,23,-1,1,1.74368831288246,1.71112005126925,0.835400469462702,1
69,24,-1,1,1.74368831288246,1.71112005126925,0.629228147590555,1
69,25,-1,1,1.74368831288246,1.71112005126925,0.93597099704331,1
69,26,-1,1,1.74368831288246,1.71112005126925,0.326565230811875,1
69,27,-1,1,1.74368831288246,1.71112005126925,0.44261425890484,1
69,28,-1,1,1.74368831288246,1.71112005126925,0.60613547919159,1
69,29,-1,1,1.74368831288246,1.71112005126925,0.865010278462841,1
69,30,-1,1,1.74368831288246,1.71112005126925,0.469376930702597,1
69,31,1,1,1.92707361358608,2.86409666253976,0.671473736443487,1
69,32,1,1,1.92707361358608,2.86409666253976,1.22115789051383,1
69,33,1,1,1.92707361358608,2.86409666253976,0.464058495092367,1
69,34,1,1,1.92707361358608,2.86409666253976,1.45455510145641,1
69,35,1,1,1.92707361358608,2.86409666253976,0.978073954008716,1
69,36,1,1,1.92707361358608,2.86409666253976,0.347500687955787,1
69,37,1,1,1.92707361358608,2.86409666253976,0.58639220338167,1
69,38,1,1,1.92707361358608,2.86409666253976,0.506670896382944,1
69,39,1,1,1.92707361358608,2.86409666253976,0.616783560967653,1
69,40,-1,1,1.74368831288246,1.71112005126925,0.542027705521931,1
69,41,1,1,1.92707361358608,2.86409666253976,0.534720325595482,1
69,42,-1,1,1.74368831288246,1.71112005126925,0.626602568157195,1
69,43,1,1,1.92707361358608,2.86409666253976,0.494863502640988,1
69,44,1,1,1.92707361358608,2.86409666253976,0.405918516096335,1
69,45,1,1,1.92707361358608,2.86409666253976,0.405484043625931,1
69,46,1,1,1.92707361358608,2.86409666253976,0.866114522157464,1
69,47,-1,1,1.74368831288246,1.71112005126925,0.426575315679124,1
69,48,1,1,1.92707361358608,2.86409666253976,0.985946305882588,1
69,49,-1,1,1.74368831288246,1.71112005126925,0.461259476191884,1
69,50,1,1,1.92707361358608,2.86409666253976,0.33124981880211,1
69,51,-1,1,1.74368831288246,1.71112005126925,0.606666751683244,1
69,52,1,1,1.92707361358608,2.86409666253976,0.435772285559128,1
69,53,1,1,1.92707361358608,2.86409666253976,0.665795472621745,1
69,54,-1,1,1.74368831288246,1.71112005126925,0.382644957420064,1
69,55,-1,1,1.74368831288246,1.71112005126925,0.33386510962363,1
69,56,-1,1,1.74368831288246,1.71112005126925,0.596745388224205,1
69,57,-1,1,1.74368831288246,1.71112005126925,0.393960928229132,1
69,58,1,1,1.92707361358608,2.86409666253976,0.50412724744581,1
69,59,-1,1,1.74368831288246,1.71112005126925,0.602029649231362,1
69,60,-1,1,1.74368831288246,1.71112005126925,1.21714753597809,1
69,61,1,1,1.92707361358608,2.86409666253976,0.531721224359453,1
69,62,-1,1,1.74368831288246,1.71112005126925,0.449997396330899,1
69,63,1,1,1.92707361358608,2.86409666253976,0.520796939195188,1
69,64,1,1,1.92707361358608,2.86409666253976,1.45568380237325,1
69,65,-1,1,1.74368831288246,1.71112005126925,0.521200945718695,1
69,66,-1,1,1.74368831288246,1.71112005126925,0.614387334070986,1
69,67,1,1,1.92707361358608,2.86409666253976,0.733549158354907,1
69,68,1,1,1.92707361358608,2.86409666253976,0.420246174455928,1
69,69,1,1,1.92707361358608,2.86409666253976,0.507045248252192,1
69,70,1,1,1.92707361358608,2.86409666253976,0.654268851166217,1
69,71,-1,1,1.74368831288246,1.71112005126925,0.559213569915429,1
69,72,1,1,1.92707361358608,2.86409666253976,0.829173095519008,1
69,73,-1,1,1.74368831288246,1.71112005126925,0.427851362830957,1
69,74,-1,1,1.74368831288246,1.71112005126925,0.560424286810571,-1
69,75,-1,-1,1.66196824514044,0.864677616461869,1.38093930828386,-1
69,76,1,-1,1.83675897129443,1.76010566972912,0.469619915898151,1
69,77,-1,1,1.74368831288246,1.71112005126925,0.354247611596713,1
69,78,-1,1,1.74368831288246,1.71112005126925,0.712136540411122,1
69,79,-1,1,1.74368831288246,1.71112005126925,0.564179303278931,1
69,80,-1,1,1.74368831288246,1.71112005126925,0.584514130727429,1
69,81,-1,1,1.74368831288246,1.71112005126925,0.516223656035403,1
69,82,-1,1,1.74368831288246,1.71112005126925,0.495207070469726,1
69,83,-1,1,1.74368831288246,1.71112005126925,0.665786042200509,1
69,84,1,1,1.92707361358608,2.86409666253976,0.364596608047461,1
69,85,-1,1,1.74368831288246,1.71112005126925,0.422089850929049,1
69,86,-1,1,1.74368831288246,1.71112005126925,1.11673884921286,1
69,87,1,1,1.92707361358608,2.86409666253976,0.553860195192952,1
69,88,1,1,1.92707361358608,2.86409666253976,0.542709575382266,1
69,89,1,1,1.92707361358608,2.86409666253976,0.348151258548103,1
69,90,1,1,1.92707361358608,2.86409666253976,0.350421727599438,1
69,91,-1,1,1.74368831288246,1.71112005126925,0.707233959623022,-1
69,92,1,-1,1.83675897129443,1.76010566972912,0.432876888408257,1
69,93,1,1,1.92707361358608,2.86409666253976,0.422500114474509,1
69,94,-1,1,1.74368831288246,1.71112005126925,0.553802302487796,1
69,95,1,1,1.92707361358608,2.86409666253976,0.744852921968099,1
69,96,-1,1,1.74368831288246,1.71112005126925,0.296930294084718,1
69,97,1,1,1.92707361358608,2.86409666253976,0.437979328508264,1
69,98,-1,1,1.74368831288246,1.71112005126925,1.13407969123365,1
69,99,1,1,1.92707361358608,2.86409666253976,0.447161833078187,1
69,100,1,1,1.92707361358608,2.86409666253976,0.384133565393295,1
69,101,-1,1,1.74368831288246,1.71112005126925,0.52109844057202,1
70,2,1,1,1.53088296583637,4.04344973868719,0.425072252909163,1
70,3,-1,1,1.38520019012261,2.2732926662591,0.442086525714078,1
70,4,-1,1,1.38520019012261,2.2732926662591,0.784600901777909,1
70,5,-1,1,1.38520019012261,2.2732926662591,0.597247872611778,1
70,6,-1,1,1.38520019012261,2.2732926662591,0.366604477641505,1
70,7,1,1,1.53088296583637,4.04344973868719,0.315717557623278,1
70,8,1,1,1.53088296583637,4.04344973868719,0.46534647821054,1
70,9,-1,1,1.38520019012261,2.2732926662591,0.77775211766933,1
70,10,-1,1,1.38520019012261,2.2732926662591,0.362141638606692,1
70,11,-1,1,1.38520019012261,2.2732926662591,0.466007568133533,1
70,12,-1,1,1.38520019012261,2.2732926662591,0.463527943428369,1
70,13,-1,1,1.38520019012261,2.2732926662591,0.376634975214187,1
70,14,1,1,1.53088296583637,4.04344973868719,0.358193251037201,1
70,15,-1,1,1.38520019012261,2.2732926662591,0.543490476363474,1
70,16,1,1,1.53088296583637,4.04344973868719,0.517583420506723,1
70,17,1,1,1.53088296583637,4.04344973868719,0.420475992368908,1
70,18,-1,1,1.38520019012261,2.2732926662591,0.506260704597194,1
70,19,1,1,1.53088296583637,4.04344973868719,0.524281863050495,1
70,20,1,1,1.53088296583637,4.04344973868719,0.348751442998982,1
70,21,-1,1,1.38520019012261,2.2732926662591,0.564551565724441,-1
70,22,1,-1,1.45913627880006,0.265890030121783,0.56783975438689,1
70,23,1,1,1.53088296583637,4.04344973868719,0.563786855042007,1
70,24,-1,1,1.38520019012261,2.2732926662591,0.620452319292735,1
70,25,-1,1,1.38520019012261,2.2732926662591,0.429023922209743,1
70,26,-1,1,1.38520019012261,2.2732926662591,0.310401865403624,1
70,27,1,1,1.53088296583637,4.04344973868719,0.322316033776714,1
70,28,1,1,1.53088296583637,4.04344973868719,0.308767867953138,1
70,29,-1,1,1.38520019012261,2.2732926662591,0.653571408450266,1
70,30,-1,1,1.38520019012261,2.2732926662591,0.65226759716652,1
70,31,-1,1,1.38520019012261,2.2732926662591,0.660797644196616,1
70,32,1,1,1.53088296583637,4.04344973868719,0.276649107604604,1
70,33,-1,1,1.38520019012261,2.2732926662591,0.32673863172524,1
70,34,1,1,1.53088296583637,4.04344973868719,0.359936078198612,1
70,35,-1,1,1.38520019012261,2.2732926662591,0.359552572883747,1
70,36,-1,1,1.38520019012261,2.2732926662591,0.659470761135579,1
70,37,1,1,1.53088296583637,4.04344973868719,0.483394181926264,1
70,38,1,1,1.53088296583637,4.04344973868719,0.292532533764834,1
70,39,-1,1,1.38520019012261,2.2732926662591,0.329797123721721,1
70,40,-1,1,1.38520019012261,2.2732926662591,0.325956475372935,1
70,41,1,1,1.53088296583637,4.04344973868719,0.295116156610542,1
70,42,1,1,1.53088296583637,4.04344973868719,0.352423879228821,1
70,43,1,1,1.53088296583637,4.04344973868719,0.343725066618469,1
70,44,-1,1,1.38520019012261,2.2732926662591,0.587706276041823,1
70,45,-1,1,1.38520019012261,2.2732926662591,0.548723567765701,1
70,46,1,1,1.53088296583637,4.04344973868719,0.28955612019136,1
70,47,-1,1,1.38520019012261,2.2732926662591,0.409527893941362,1
70,48,1,1,1.53088296583637,4.04344973868719,0.414538400377391,1
70,49,-1,1,1.38520019012261,2.2732926662591,0.530830529733929,1
70,50,-1,1,1.38520019012261,2.2732926662591,0.376460857840679,1
70,51,-1,1,1.38520019012261,2.2732926662591,0.956415735770212,1
70,52,1,1,1.53088296583637,4.04344973868719,0.33246132884658,1
70,53,1,1,1.53088296583637,4.04344973868719,0.353614872152633,1
70,54,1,1,1.53088296583637,4.04344973868719,0.449267129728265,1
70,55,1,1,1.53088296583637,4.04344973868719,0.31233212359211,1
70,56,-1,1,1.38520019012261,2.2732926662591,0.496758480326783,1
70,57,1,1,1.53088296583637,4.04344973868719,0.34078228566308,1
70,58,1,1,1.53088296583637,4.04344973868719,0.429435606718563,1
70,59,1,1,1.53088296583637,4.04344973868719,0.368210273664805,1
70,60,-1,1,1.38520019012261,2.2732926662591,0.615668547966727,1
70,61,-1,1,1.38520019012261,2.2732926662591,0.690525290654386,1
70,62,1,1,1.53088296583637,4.04344973868719,0.270683533185372,1
70,63,-1,1,1.38520019012261,2.2732926662591,0.320400758545789,1
70,64,1,1,1.53088296583637,4.04344973868719,0.422537257289203,1
70,65,-1,1,1.38520019012261,2.2732926662591,0.498656285470684,1
70,66,-1,1,1.38520019012261,2.2732926662591,0.544509727953309,1
70,67,1,1,1.53088296583637,4.04344973868719,0.381853163396996,1
70,68,-1,1,1.38520019012261,2.2732926662591,0.388554549560906,1
70,69,1,1,1.53088296583637,4.04344973868719,0.352374378421166,1
70,70,-1,1,1.38520019012261,2.2732926662591,0.642158191396926,1
70,71,1,1,1.53088296583637,4.04344973868719,0.382805092757184,1
70,72,-1,1,1.38520019012261,2.2732926662591,0.393323241813777,1
70,73,-1,1,1.38520019012261,2.2732926662591,0.367950719132471,1
70,74,1,1,1.53088296583637,4.04344973868719,0.316740467181105,1
70,75,1,1,1.53088296583637,4.04344973868719,0.849284807098528,1
70,76,-1,1,1.38520019012261,2.2732926662591,0.386622203451669,1
70,77,1,1,1.53088296583637,4.04344973868719,0.46048396679631,1
70,78,-1,1,1.38520019012261,2.2732926662591,0.272107731350313,1
70,79,1,1,1.53088296583637,4.04344973868719,0.31544367685192,1
70,80,1,1,1.53088296583637,4.04344973868719,0.446970985326324,1
70,81,1,1,1.53088296583637,4.04344973868719,0.258738647757824,1
70,82,1,1,1.53088296583637,4.04344973868719,0.37300754042164,1
70,83,1,1,1.53088296583637,4.04344973868719,0.352176702775873,1
70,84,1,1,1.53088296583637,4.04344973868719,0.343213285344974,1
70,85,1,1,1.53088296583637,4.04344973868719,0.448314385072648,1
70,86,-1,1,1.38520019012261,2.2732926662591,0.330338451713898,1
70,87,1,1,1.53088296583637,4.04344973868719,0.404971196069924,1
70,88,-1,1,1.38520019012261,2.2732926662591,0.453506637369064,1
70,89,-1,1,1.38520019012261,2.2732926662591,0.788560709317172,1
70,90,-1,1,1.38520019012261,2.2732926662591,0.446340778273582,1
70,91,-1,1,1.38520019012261,2.2732926662591,0.408931371341442,1
70,92,-1,1,1.38520019012261,2.2732926662591,0.338840161089886,1
70,93,-1,1,1.38520019012261,2.2732926662591,0.482352446774645,1
70,94,-1,1,1.38520019012261,2.2732926662591,0.354639314722216,1
70,95,1,1,1.53088296583637,4.04344973868719,0.470567276059474,1
70,96,1,1,1.53088296583637,4.04344973868719,0.382242770682086,1
70,97,1,1,1.53088296583637,4.04344973868719,0.278317806417062,1
70,98,1,1,1.53088296583637,4.04344973868719,0.341902332059178,1
70,99,-1,1,1.38520019012261,2.2732926662591,0.328218657983671,1
70,100,1,1,1.53088296583637,4.04344973868719,0.350957464835054,1
70,101,1,1,1.53088296583637,4.04344973868719,0.300429152703306,1
71,2,1,1,1.93813106033092,2.28015349319005,0.411109529015477,1
71,3,1,1,1.93813106033092,2.28015349319005,0.498006754119762,1
71,4,-1,1,1.75369350444512,2.63704699216911,0.400240376642227,1
71,5,1,1,1.93813106033092,2.28015349319005,0.560243046807447,1
71,6,-1,1,1.75369350444512,2.63704699216911,0.417021412356841,1
71,7,1,1,1.93813106033092,2.28015349319005,0.443870041151551,1
71,8,1,1,1.93813106033092,2.28015349319005,1.10595228117809,1
71,9,1,1,1.93813106033092,2.28015349319005,0.64903212855814,1
71,10,1,1,1.93813106033092,2.28015349319005,0.448866729402387,1
71,11,-1,1,1.75369350444512,2.63704699216911,0.725848332640269,1
71,12,-1,1,1.75369350444512,2.63704699216911,0.444073866579357,1
71,13,-1,1,1.75369350444512,2.63704699216911,0.377088344457746,1
71,14,-1,1,1.75369350444512,2.63704699216911,0.495912682874915,1
71,15,1,1,1.93813106033092,2.28015349319005,0.427887049695658,1
71,16,1,1,1.93813106033092,2.28015349319005,1.44423553320601,1
71,17,-1,1,1.75369350444512,2.63704699216911,0.626703913822945,1
71,18,-1,1,1.75369350444512,2.63704699216911,0.559254265736746,1
71,19,-1,1,1.75369350444512,2.63704699216911,0.509286219995706,1
71,20,-1,1,1.75369350444512,2.63704699216911,0.36746571639169,1
71,21,1,1,1.93813106033092,2.28015349319005,0.613210316940698,1
71,22,1,1,1.93813106033092,2.28015349319005,1.59143385708303,1
71,23,1,1,1.93813106033092,2.28015349319005,0.50308201022916,1
71,24,-1,1,1.75369350444512,2.63704699216911,0.486381590424306,1
71,25,1,1,1.93813106033092,2.28015349319005,0.985222665228145,1
71,26,1,1,1.93813106033092,2.28015349319005,1.12069004928655,1
71,27,-1,1,1.75369350444512,2.63704699216911,0.502638326813312,1
71,28,-1,1,1.75369350444512,2.63704699216911,0.299269283640855,1
71,29,1,1,1.93813106033092,2.28015349319005,1.41269660202796,1
71,30,-1,1,1.75369350444512,2.63704699216911,1.21117332892748,1
71,31,1,1,1.93813106033092,2.28015349319005,1.33730559955143,1
71,32,1,1,1.93813106033092,2.28015349319005,0.512354780306839,1
71,33,-1,1,1.75369350444512,2.63704699216911,0.665458150836305,1
71,34,-1,1,1.75369350444512,2.63704699216911,0.457257241339247,1
71,35,-1,1,1.75369350444512,2.63704699216911,0.43815167367968,1
71,36,1,1,1.93813106033092,2.28015349319005,0.55850944708938,1
71,37,-1,1,1.75369350444512,2.63704699216911,0.314427370275892,1
71,38,1,1,1.93813106033092,2.28015349319005,0.633916306513324,1
71,39,-1,1,1.75369350444512,2.63704699216911,0.489779148522057,1
71,40,1,1,1.93813106033092,2.28015349319005,0.423684513515393,1
71,41,1,1,1.93813106033092,2.28015349319005,0.427305730655925,1
71,42,1,1,1.93813106033092,2.28015349319005,0.8557360368682,1
71,43,1,1,1.93813106033092,2.28015349319005,0.700244572398114,1
71,44,1,1,1.93813106033092,2.28015349319005,0.396799322273728,1
71,45,1,1,1.93813106033092,2.28015349319005,0.684845153944098,1
71,46,1,1,1.93813106033092,2.28015349319005,0.475780792585544,1
71,47,-1,1,1.75369350444512,2.63704699216911,0.377551287051706,1
71,48,-1,1,1.75369350444512,2.63704699216911,0.473437811181775,1
71,49,1,1,1.93813106033092,2.28015349319005,0.663672779550453,1
71,50,1,1,1.93813106033092,2.28015349319005,1.58325725946233,1
71,51,-1,1,1.75369350444512,2.63704699216911,0.296601042727872,1
71,52,-1,1,1.75369350444512,2.63704699216911,0.411203762475734,1
71,53,1,1,1.93813106033092,2.28015349319005,0.333464416420772,1
71,54,-1,1,1.75369350444512,2.63704699216911,0.547097671492352,1
71,55,-1,1,1.75369350444512,2.63704699216911,0.484314420493055,1
71,56,-1,1,1.75369350444512,2.63704699216911,0.696763370509669,1
71,57,-1,1,1.75369350444512,2.63704699216911,0.505885311766473,1
71,58,1,1,1.93813106033092,2.28015349319005,0.821534845148191,1
71,59,1,1,1.93813106033092,2.28015349319005,0.985677889408669,1
71,60,-1,1,1.75369350444512,2.63704699216911,0.632038699064031,1
71,61,1,1,1.93813106033092,2.28015349319005,0.442892734679703,1
71,62,1,1,1.93813106033092,2.28015349319005,0.374518554249585,1
71,63,-1,1,1.75369350444512,2.63704699216911,0.569451938039045,1
71,64,-1,1,1.75369350444512,2.63704699216911,0.453882314826208,1
71,65,1,1,1.93813106033092,2.28015349319005,1.03479303246554,1
71,66,1,1,1.93813106033092,2.28015349319005,0.511329083504425,1
71,67,1,1,1.93813106033092,2.28015349319005,0.603298744947578,1
71,68,-1,1,1.75369350444512,2.63704699216911,0.437568920816093,1
71,69,-1,1,1.75369350444512,2.63704699216911,0.264415827590202,1
71,70,1,1,1.93813106033092,2.28015349319005,0.958014091377858,1
71,71,-1,1,1.75369350444512,2.63704699216911,0.47098477318389,1
71,72,1,1,1.93813106033092,2.28015349319005,0.617133725489183,1
71,73,-1,1,1.75369350444512,2.63704699216911,0.47077776473942,1
71,74,1,1,1.93813106033092,2.28015349319005,0.654158393583966,1
71,75,-1,1,1.75369350444512,2.63704699216911,0.446964204787219,1
71,76,1,1,1.93813106033092,2.28015349319005,0.532487613271546,1
71,77,1,1,1.93813106033092,2.28015349319005,0.65858061921516,1
71,78,-1,1,1.75369350444512,2.63704699216911,0.459900381628924,1
71,79,-1,1,1.75369350444512,2.63704699216911,0.497140330277153,1
71,80,-1,1,1.75369350444512,2.63704699216911,0.497768006540445,1
71,81,-1,1,1.75369350444512,2.63704699216911,0.674020973649899,1
71,82,-1,1,1.75369350444512,2.63704699216911,0.414796090336434,1
71,83,1,1,1.93813106033092,2.28015349319005,0.544617895594585,1
71,84,1,1,1.93813106033092,2.28015349319005,0.690481406825526,1
71,85,1,1,1.93813106033092,2.28015349319005,0.35137697872727,1
71,86,1,1,1.93813106033092,2.28015349319005,0.438924234627124,1
71,87,1,1,1.93813106033092,2.28015349319005,0.384274185211725,1
71,88,1,1,1.93813106033092,2.28015349319005,1.83698702341618,1
71,89,-1,1,1.75369350444512,2.63704699216911,0.522124762872268,1
71,90,-1,1,1.75369350444512,2.63704699216911,0.427754920604902,1
71,91,1,1,1.93813106033092,2.28015349319005,0.600609979331478,1
71,92,-1,1,1.75369350444512,2.63704699216911,0.488643397349796,1
71,93,-1,1,1.75369350444512,2.63704699216911,0.869902601904848,1
71,94,1,1,1.93813106033092,2.28015349319005,1.09269848709121,1
71,95,-1,1,1.75369350444512,2.63704699216911,0.378239146876445,1
71,96,-1,1,1.75369350444512,2.63704699216911,0.458652124706541,1
71,97,-1,1,1.75369350444512,2.63704699216911,0.660250027842414,1
71,98,-1,1,1.75369350444512,2.63704699216911,0.537489140058669,1
71,99,1,1,1.93813106033092,2.28015349319005,0.776069814170706,1
71,100,-1,1,1.75369350444512,2.63704699216911,0.438432019044939,1
71,101,-1,1,1.75369350444512,2.63704699216911,0.433552554532321,1
72,2,1,1,1.79557614214826,3.5337586007835,0.359694416264162,1
72,3,1,1,1.79557614214826,3.5337586007835,0.892651249600035,1
72,4,-1,1,1.6247044803484,1.17488586550972,0.812951461900318,1
72,5,-1,1,1.6247044803484,1.17488586550972,0.621212238484736,1
72,6,1,1,1.79557614214826,3.5337586007835,0.455797056808868,1
72,7,1,1,1.79557614214826,3.5337586007835,0.570253141492668,1
72,8,-1,1,1.6247044803484,1.17488586550972,1.60229683401258,-1
72,9,1,-1,1.71142428835179,1.5153809430585,0.434355878718079,1
72,10,1,1,1.79557614214826,3.5337586007835,0.441538369308479,1
72,11,1,1,1.79557614214826,3.5337586007835,0.392219538988904,1
72,12,1,1,1.79557614214826,3.5337586007835,0.394701523882957,1
72,13,1,1,1.79557614214826,3.5337586007835,0.448139160392485,1
72,14,1,1,1.79557614214826,3.5337586007835,0.365230107757327,1
72,15,1,1,1.79557614214826,3.5337586007835,0.529013476723205,1
72,16,-1,1,1.6247044803484,1.17488586550972,0.297776104127757,1
72,17,1,1,1.79557614214826,3.5337586007835,0.351652430007303,1
72,18,-1,1,1.6247044803484,1.17488586550972,1.06091118914507,1
72,19,1,1,1.79557614214826,3.5337586007835,0.49545552342487,1
72,20,-1,1,1.6247044803484,1.17488586550972,0.553210082925996,1
72,21,1,1,1.79557614214826,3.5337586007835,0.473159814468742,1
72,22,1,1,1.79557614214826,3.5337586007835,0.63246788949724,1
72,23,-1,1,1.6247044803484,1.17488586550972,0.88029003460202,-1
72,24,-1,-1,1.54856073423626,0.975974590648283,0.423941841295648,1
72,25,-1,1,1.6247044803484,1.17488586550972,1.12579691856848,1
72,26,1,1,1.79557614214826,3.5337586007835,0.86940180760545,1
72,27,1,1,1.79557614214826,3.5337586007835,0.30410103117919,1
72,28,1,1,1.79557614214826,3.5337586007835,0.430634884114165,1
72,29,1,1,1.79557614214826,3.5337586007835,0.664610449980054,1
72,30,-1,1,1.6247044803484,1.17488586550972,0.409204802690687,1
72,31,-1,1,1.6247044803484,1.17488586550972,0.883925997928883,1
72,32,1,1,1.79557614214826,3.5337586007835,0.397437930790028,1
72,33,-1,1,1.6247044803484,1.17488586550972,0.685004638261594,1
72,34,1,1,1.79557614214826,3.5337586007835,0.488077493729632,1
72,35,-1,1,1.6247044803484,1.17488586550972,0.425772790310788,1
72,36,-1,1,1.6247044803484,1.17488586550972,0.460263339089028,1
72,37,1,1,1.79557614214826,3.5337586007835,0.409368204509655,1
72,38,-1,1,1.6247044803484,1.17488586550972,0.781176552688036,-1
72,39,-1,-1,1.54856073423626,0.975974590648283,0.893361095971351,1
72,40,-1,1,1.6247044803484,1.17488586550972,0.511627906634312,1
72,41,-1,1,1.6247044803484,1.17488586550972,0.80403057464818,1
72,42,1,1,1.79557614214826,3.5337586007835,0.426751591064817,1
72,43,-1,1,1.6247044803484,1.17488586550972,0.831968855351289,1
72,44,-1,1,1.6247044803484,1.17488586550972,1.13647486648897,-1
72,45,-1,-1,1.54856073423626,0.975974590648283,0.361150199480973,1
72,46,-1,1,1.6247044803484,1.17488586550972,0.378747918734807,1
72,47,1,1,1.79557614214826,3.5337586007835,0.29311620770528,1
72,48,-1,1,1.6247044803484,1.17488586550972,0.367423418501043,1
72,49,-1,1,1.6247044803484,1.17488586550972,1.14551146603181,1
72,50,-1,1,1.6247044803484,1.17488586550972,1.36600306286214,1
72,51,1,1,1.79557614214826,3.5337586007835,0.435339333749455,1
72,52,1,1,1.79557614214826,3.5337586007835,0.801610857861618,1
72,53,1,1,1.79557614214826,3.5337586007835,0.502186473436294,1
72,54,1,1,1.79557614214826,3.5337586007835,0.465008490140099,1
72,55,-1,1,1.6247044803484,1.17488586550972,0.500874125853105,1
72,56,-1,1,1.6247044803484,1.17488586550972,2.31499603835063,-1
72,57,-1,-1,1.54856073423626,0.975974590648283,0.400417944240296,-1
72,58,-1,-1,1.54856073423626,0.975974590648283,0.522620644974375,1
72,59,1,1,1.79557614214826,3.5337586007835,0.360391305781304,1
72,60,-1,1,1.6247044803484,1.17488586550972,0.705555753576463,1
72,61,-1,1,1.6247044803484,1.17488586550972,0.560713684410941,1
72,62,1,1,1.79557614214826,3.5337586007835,0.533986237185223,1
72,63,1,1,1.79557614214826,3.5337586007835,0.444919090862938,1
72,64,1,1,1.79557614214826,3.5337586007835,0.623942631257259,1
72,65,-1,1,1.6247044803484,1.17488586550972,0.740219274417947,1
72,66,1,1,1.79557614214826,3.5337586007835,0.326004866128667,1
72,67,-1,1,1.6247044803484,1.17488586550972,0.613102792866381,1
72,68,-1,1,1.6247044803484,1.17488586550972,0.612361082289346,1
72,69,1,1,1.79557614214826,3.5337586007835,0.381887792545298,1
72,70,-1,1,1.6247044803484,1.17488586550972,1.47748458204936,1
72,71,1,1,1.79557614214826,3.5337586007835,0.482896094175227,1
72,72,-1,1,1.6247044803484,1.17488586550972,0.332808494979799,1
72,73,1,1,1.79557614214826,3.5337586007835,0.518922502304793,1
72,74,1,1,1.79557614214826,3.5337586007835,0.418634919074493,1
72,75,-1,1,1.6247044803484,1.17488586550972,0.800672018612053,1
72,76,-1,1,1.6247044803484,1.17488586550972,1.42003044992698,1
72,77,-1,1,1.6247044803484,1.17488586550972,0.45261550217141,-1
72,78,1,-1,1.71142428835179,1.5153809430585,0.376854077749874,-1
72,79,-1,-1,1.54856073423626,0.975974590648283,0.554559570886704,1
72,80,1,1,1.79557614214826,3.5337586007835,0.367575274779553,1
72,81,1,1,1.79557614214826,3.5337586007835,0.556994535764764,1
72,82,-1,1,1.6247044803484,1.17488586550972,0.393351608394195,1
72,83,-1,1,1.6247044803484,1.17488586550972,0.455730607150503,1
72,84,1,1,1.79557614214826,3.5337586007835,0.64748697402027,1
72,85,1,1,1.79557614214826,3.5337586007835,0.417659061717377,1
72,86,1,1,1.79557614214826,3.5337586007835,0.444788253272122,1
72,87,1,1,1.79557614214826,3.5337586007835,0.358416254750888,1
72,88,1,1,1.79557614214826,3.5337586007835,1.08805825961187,1
72,89,1,1,1.79557614214826,3.5337586007835,0.419145517958242,1
72,90,1,1,1.79557614214826,3.5337586007835,0.432715472218585,1
72,91,1,1,1.79557614214826,3.5337586007835,0.42484891505302,1
72,92,-1,1,1.6247044803484,1.17488586550972,0.291855729177967,1
72,93,-1,1,1.6247044803484,1.17488586550972,0.586969737429886,1
72,94,-1,1,1.6247044803484,1.17488586550972,0.561080831172857,1
72,95,1,1,1.79557614214826,3.5337586007835,0.580067819065453,1
72,96,-1,1,1.6247044803484,1.17488586550972,0.685334259994188,1
72,97,-1,1,1.6247044803484,1.17488586550972,0.342115470209676,1
72,98,1,1,1.79557614214826,3.5337586007835,0.965594959842986,1
72,99,-1,1,1.6247044803484,1.17488586550972,0.491636690496022,1
72,100,-1,1,1.6247044803484,1.17488586550972,1.09565629921283,1
72,101,-1,1,1.6247044803484,1.17488586550972,0.462621621584968,1
73,2,1,1,1.84692621909948,5.10926223944238,0.355712392005661,1
73,3,-1,1,1.67116795139289,0.317651503759067,2.12725647418535,-1
73,4,-1,-1,1.59284663835366,0.432987172666353,0.515475285533967,1
73,5,-1,1,1.67116795139289,0.317651503759067,0.473722930320508,1
73,6,-1,1,1.67116795139289,0.317651503759067,1.01012718184121,1
73,7,1,1,1.84692621909948,5.10926223944238,0.762419322248033,1
73,8,1,1,1.84692621909948,5.10926223944238,0.438524938940723,1
73,9,1,1,1.84692621909948,5.10926223944238,0.404066617929349,1
73,10,1,1,1.84692621909948,5.10926223944238,0.466137868099731,1
73,11,1,1,1.84692621909948,5.10926223944238,0.333092383074565,1
73,12,-1,1,1.67116795139289,0.317651503759067,0.441689054982518,1
73,13,1,1,1.84692621909948,5.10926223944238,0.300053605741839,1
73,14,-1,1,1.67116795139289,0.317651503759067,0.352355070207091,-1
73,15,-1,-1,1.59284663835366,0.432987172666353,0.694112377654428,1
73,16,1,1,1.84692621909948,5.10926223944238,0.354824420115549,1
73,17,1,1,1.84692621909948,5.10926223944238,0.663916420186594,1
73,18,-1,1,1.67116795139289,0.317651503759067,0.478352149898972,1
73,19,1,1,1.84692621909948,5.10926223944238,0.375980987115855,1
73,20,-1,1,1.67116795139289,0.317651503759067,0.757837223047104,1
73,21,-1,1,1.67116795139289,0.317651503759067,0.654088869037782,1
73,22,-1,1,1.67116795139289,0.317651503759067,0.632559629630086,-1
73,23,-1,-1,1.59284663835366,0.432987172666353,0.927183143742301,1
73,24,1,1,1.84692621909948,5.10926223944238,0.445535958030385,1
73,25,1,1,1.84692621909948,5.10926223944238,0.340692527747313,1
73,26,1,1,1.84692621909948,5.10926223944238,0.707962031576895,1
73,27,1,1,1.84692621909948,5.10926223944238,0.33497635851142,1
73,28,1,1,1.84692621909948,5.10926223944238,0.374853546809809,1
73,29,1,1,1.84692621909948,5.10926223944238,0.379637411272662,1
73,30,-1,1,1.67116795139289,0.317651503759067,0.338233381099098,-1
73,31,-1,-1,1.59284663835366,0.432987172666353,0.544311841733172,1
73,32,1,1,1.84692621909948,5.10926223944238,0.405648601729061,1
73,33,-1,1,1.67116795139289,0.317651503759067,2.43988378263437,-1
73,34,-1,-1,1.59284663835366,0.432987172666353,0.537999654751503,-1
73,35,-1,-1,1.59284663835366,0.432987172666353,1.56366877004447,-1
73,36,1,-1,1.76036778166303,1.3400990841322,0.81798521819503,-1
73,37,1,-1,1.76036778166303,1.3400990841322,2.23371586159933,1
73,38,-1,1,1.67116795139289,0.317651503759067,1.72868532662398,-1
73,39,1,-1,1.76036778166303,1.3400990841322,0.415232015743244,1
73,40,1,1,1.84692621909948,5.10926223944238,0.578735648483304,1
73,41,1,1,1.84692621909948,5.10926223944238,0.320685156466276,1
73,42,1,1,1.84692621909948,5.10926223944238,0.410794831133911,1
73,43,-1,1,1.67116795139289,0.317651503759067,0.54258212042626,1
73,44,1,1,1.84692621909948,5.10926223944238,0.305459114901151,1
73,45,1,1,1.84692621909948,5.10926223944238,0.288457455361879,1
73,46,1,1,1.84692621909948,5.10926223944238,0.36551358035873,1
73,47,-1,1,1.67116795139289,0.317651503759067,0.442878051814944,1
73,48,1,1,1.84692621909948,5.10926223944238,0.394464093910051,1
73,49,1,1,1.84692621909948,5.10926223944238,0.338384551385177,1
73,50,1,1,1.84692621909948,5.10926223944238,0.580362865371279,1
73,51,-1,1,1.67116795139289,0.317651503759067,0.339810356053099,1
73,52,-1,1,1.67116795139289,0.317651503759067,0.6635229871662,1
73,53,-1,1,1.67116795139289,0.317651503759067,0.493868138818753,-1
73,54,-1,-1,1.59284663835366,0.432987172666353,0.670863995458705,1
73,55,-1,1,1.67116795139289,0.317651503759067,1.79725564962475,1
73,56,1,1,1.84692621909948,5.10926223944238,0.404014673402857,1
73,57,-1,1,1.67116795139289,0.317651503759067,1.87124876697658,-1
73,58,1,-1,1.76036778166303,1.3400990841322,0.534574511189863,-1
73,59,1,-1,1.76036778166303,1.3400990841322,0.40721380405454,-1
73,60,1,-1,1.76036778166303,1.3400990841322,0.732499664373764,1
73,61,1,1,1.84692621909948,5.10926223944238,0.33415414958543,1
73,62,1,1,1.84692621909948,5.10926223944238,0.416187434316216,1
73,63,-1,1,1.67116795139289,0.317651503759067,0.480772439400359,1
73,64,1,1,1.84692621909948,5.10926223944238,0.4159691175597,1
73,65,-1,1,1.67116795139289,0.317651503759067,1.72375015197666,1
73,66,-1,1,1.67116795139289,0.317651503759067,0.418753772711475,-1
73,67,-1,-1,1.59284663835366,0.432987172666353,0.435043643735766,1
73,68,-1,1,1.67116795139289,0.317651503759067,0.37458905432381,1
73,69,-1,1,1.67116795139289,0.317651503759067,0.664562825030661,-1
73,70,1,-1,1.76036778166303,1.3400990841322,1.99044450160966,-1
73,71,-1,-1,1.59284663835366,0.432987172666353,0.455578073503723,1
73,72,-1,1,1.67116795139289,0.317651503759067,0.866673625611953,-1
73,73,-1,-1,1.59284663835366,0.432987172666353,1.2235315262644,-1
73,74,1,-1,1.76036778166303,1.3400990841322,0.61863059183216,1
73,75,-1,1,1.67116795139289,0.317651503759067,0.488356192770207,-1
73,76,1,-1,1.76036778166303,1.3400990841322,1.00208948423192,1
73,77,-1,1,1.67116795139289,0.317651503759067,0.439600596304018,1
73,78,1,1,1.84692621909948,5.10926223944238,0.472876611865653,1
73,79,-1,1,1.67116795139289,0.317651503759067,0.507502119184787,1
73,80,-1,1,1.67116795139289,0.317651503759067,0.73606786626186,-1
73,81,-1,-1,1.59284663835366,0.432987172666353,0.375942985943305,-1
73,82,1,-1,1.76036778166303,1.3400990841322,0.498653120522584,1
73,83,1,1,1.84692621909948,5.10926223944238,0.357965674130912,1
73,84,1,1,1.84692621909948,5.10926223944238,0.501067697808766,1
73,85,-1,1,1.67116795139289,0.317651503759067,0.424486973887196,1
73,86,1,1,1.84692621909948,5.10926223944238,0.339092175063455,1
73,87,-1,1,1.67116795139289,0.317651503759067,0.847310684164397,-1
73,88,1,-1,1.76036778166303,1.3400990841322,0.58462216205928,1
73,89,-1,1,1.67116795139289,0.317651503759067,0.455938369700818,1
73,90,-1,1,1.67116795139289,0.317651503759067,0.733181658067251,-1
73,91,-1,-1,1.59284663835366,0.432987172666353,0.468123037623011,-1
73,92,1,-1,1.76036778166303,1.3400990841322,0.700626820436141,-1
73,93,-1,-1,1.59284663835366,0.432987172666353,0.598536647523971,1
73,94,-1,1,1.67116795139289,0.317651503759067,0.648891970890141,1
73,95,1,1,1.84692621909948,5.10926223944238,0.352385191783386,1
73,96,1,1,1.84692621909948,5.10926223944238,0.554566489854212,1
73,97,-1,1,1.67116795139289,0.317651503759067,0.465436879799624,1
73,98,-1,1,1.67116795139289,0.317651503759067,0.479474334769203,-1
73,99,1,-1,1.76036778166303,1.3400990841322,0.572031809843464,1
73,100,-1,1,1.67116795139289,0.317651503759067,0.476114069433254,-1
73,101,1,-1,1.76036778166303,1.3400990841322,0.437110559285492,1
74,2,-1,1,1.81268599593803,2.60850486976682,0.405546019576437,1
74,3,1,1,2.0033278463137,2.99550334281873,0.547138960969909,1
74,4,-1,1,1.81268599593803,2.60850486976682,0.542257494476096,1
74,5,-1,1,1.81268599593803,2.60850486976682,1.00506370158147,1
74,6,1,1,2.0033278463137,2.99550334281873,0.433099725551756,1
74,7,1,1,2.0033278463137,2.99550334281873,0.834691482476259,1
74,8,-1,1,1.81268599593803,2.60850486976682,0.494885238165871,1
74,9,-1,1,1.81268599593803,2.60850486976682,0.507976354617879,1
74,10,-1,1,1.81268599593803,2.60850486976682,0.720657827504814,1
74,11,-1,1,1.81268599593803,2.60850486976682,0.417143124597546,1
74,12,1,1,2.0033278463137,2.99550334281873,1.72748601441352,1
74,13,1,1,2.0033278463137,2.99550334281873,0.370747599366494,1
74,14,-1,1,1.81268599593803,2.60850486976682,0.533095383412936,1
74,15,-1,1,1.81268599593803,2.60850486976682,0.727345957555166,1
74,16,1,1,2.0033278463137,2.99550334281873,0.44972367843694,1
74,17,-1,1,1.81268599593803,2.60850486976682,0.578100955128593,1
74,18,1,1,2.0033278463137,2.99550334281873,0.520073108820294,1
74,19,1,1,2.0033278463137,2.99550334281873,0.57703967745828,1
74,20,1,1,2.0033278463137,2.99550334281873,0.581702269699714,1
74,21,1,1,2.0033278463137,2.99550334281873,0.463259554697729,1
74,22,-1,1,1.81268599593803,2.60850486976682,0.450902616914218,1
74,23,1,1,2.0033278463137,2.99550334281873,0.640342235372022,1
74,24,1,1,2.0033278463137,2.99550334281873,0.583772779669919,1
74,25,-1,1,1.81268599593803,2.60850486976682,0.665083369562886,1
74,26,-1,1,1.81268599593803,2.60850486976682,0.755001329692575,1
74,27,1,1,2.0033278463137,2.99550334281873,0.389499268092078,1
74,28,-1,1,1.81268599593803,2.60850486976682,0.443678960185633,1
74,29,-1,1,1.81268599593803,2.60850486976682,0.746290259743782,1
74,30,1,1,2.0033278463137,2.99550334281873,0.492765899599527,1
74,31,1,1,2.0033278463137,2.99550334281873,0.458805471306256,1
74,32,1,1,2.0033278463137,2.99550334281873,1.24796135953952,1
74,33,1,1,2.0033278463137,2.99550334281873,0.776496848472796,1
74,34,1,1,2.0033278463137,2.99550334281873,0.331711011848716,1
74,35,-1,1,1.81268599593803,2.60850486976682,0.832889923863203,1
74,36,-1,1,1.81268599593803,2.60850486976682,0.467621910548799,1
74,37,1,1,2.0033278463137,2.99550334281873,0.426230219851853,1
74,38,-1,1,1.81268599593803,2.60850486976682,0.407448202984741,1
74,39,-1,1,1.81268599593803,2.60850486976682,0.513531455756678,1
74,40,-1,1,1.81268599593803,2.60850486976682,0.409966532015314,1
74,41,-1,1,1.81268599593803,2.60850486976682,0.4712749995553,1
74,42,-1,1,1.81268599593803,2.60850486976682,0.324376641364532,1
74,43,1,1,2.0033278463137,2.99550334281873,0.602637407788016,1
74,44,1,1,2.0033278463137,2.99550334281873,0.385998472588672,1
74,45,1,1,2.0033278463137,2.99550334281873,0.502449326755823,1
74,46,1,1,2.0033278463137,2.99550334281873,0.535565172490096,1
74,47,1,1,2.0033278463137,2.99550334281873,0.6369560210348,1
74,48,1,1,2.0033278463137,2.99550334281873,0.605867547257321,1
74,49,-1,1,1.81268599593803,2.60850486976682,0.462451375972861,1
74,50,1,1,2.0033278463137,2.99550334281873,0.415692710281333,1
74,51,1,1,2.0033278463137,2.99550334281873,0.518106057683651,1
74,52,1,1,2.0033278463137,2.99550334281873,0.525526642258284,1
74,53,1,1,2.0033278463137,2.99550334281873,0.541609394453082,1
74,54,-1,1,1.81268599593803,2.60850486976682,0.540741984044853,1
74,55,-1,1,1.81268599593803,2.60850486976682,0.667707179589214,1
74,56,-1,1,1.81268599593803,2.60850486976682,0.857975505192993,1
74,57,-1,1,1.81268599593803,2.60850486976682,0.422794875403921,1
74,58,-1,1,1.81268599593803,2.60850486976682,0.475328136991672,1
74,59,1,1,2.0033278463137,2.99550334281873,0.569025130308493,1
74,60,-1,1,1.81268599593803,2.60850486976682,0.469460828069323,1
74,61,1,1,2.0033278463137,2.99550334281873,0.36470759495434,1
74,62,-1,1,1.81268599593803,2.60850486976682,0.318843563430415,1
74,63,1,1,2.0033278463137,2.99550334281873,0.381688025532948,1
74,64,-1,1,1.81268599593803,2.60850486976682,0.465157113025563,1
74,65,1,1,2.0033278463137,2.99550334281873,0.489099477457569,1
74,66,1,1,2.0033278463137,2.99550334281873,0.567609131740266,1
74,67,-1,1,1.81268599593803,2.60850486976682,0.583434887911404,1
74,68,1,1,2.0033278463137,2.99550334281873,0.383325578323482,1
74,69,-1,1,1.81268599593803,2.60850486976682,0.377263450524162,1
74,70,1,1,2.0033278463137,2.99550334281873,0.439567676326771,1
74,71,-1,1,1.81268599593803,2.60850486976682,0.482413811634028,1
74,72,-1,1,1.81268599593803,2.60850486976682,0.409110041076153,1
74,73,1,1,2.0033278463137,2.99550334281873,0.420937499269366,1
74,74,-1,1,1.81268599593803,2.60850486976682,0.661655907757707,1
74,75,1,1,2.0033278463137,2.99550334281873,1.58776273855914,1
74,76,1,1,2.0033278463137,2.99550334281873,0.580743056745835,1
74,77,-1,1,1.81268599593803,2.60850486976682,0.9966368595074,1
74,78,-1,1,1.81268599593803,2.60850486976682,0.515641504619193,1
74,79,1,1,2.0033278463137,2.99550334281873,0.596159202145061,1
74,80,-1,1,1.81268599593803,2.60850486976682,0.396825339077322,1
74,81,1,1,2.0033278463137,2.99550334281873,0.475181110214417,1
74,82,1,1,2.0033278463137,2.99550334281873,0.945294019171708,1
74,83,-1,1,1.81268599593803,2.60850486976682,0.556121654281133,1
74,84,-1,1,1.81268599593803,2.60850486976682,0.401210500475215,1
74,85,-1,1,1.81268599593803,2.60850486976682,0.750817572562145,1
74,86,-1,1,1.81268599593803,2.60850486976682,0.616638852545803,1
74,87,1,1,2.0033278463137,2.99550334281873,0.67827215148637,1
74,88,-1,1,1.81268599593803,2.60850486976682,0.618332942296291,1
74,89,1,1,2.0033278463137,2.99550334281873,0.635954398027132,1
74,90,1,1,2.0033278463137,2.99550334281873,0.529384697459902,1
74,91,-1,1,1.81268599593803,2.60850486976682,0.69828596191911,1
74,92,-1,1,1.81268599593803,2.60850486976682,0.615736433814429,1
74,93,-1,1,1.81268599593803,2.60850486976682,0.91773866543791,1
74,94,-1,1,1.81268599593803,2.60850486976682,0.575617033166329,1
74,95,1,1,2.0033278463137,2.99550334281873,0.396999050999054,1
74,96,1,1,2.0033278463137,2.99550334281873,1.02386524499268,1
74,97,1,1,2.0033278463137,2.99550334281873,0.394558518154538,1
74,98,1,1,2.0033278463137,2.99550334281873,0.429658626807677,1
74,99,-1,1,1.81268599593803,2.60850486976682,0.335801455382511,1
74,100,1,1,2.0033278463137,2.99550334281873,0.484035128118275,1
74,101,-1,1,1.81268599593803,2.60850486976682,0.744648323398708,1
75,2,1,1,1.48611530486526,2.65577536864721,0.346628939758012,1
75,3,1,1,1.48611530486526,2.65577536864721,0.449056512348294,1
75,4,-1,1,1.34469273535801,1.67353095979941,0.505083419803567,1
75,5,1,1,1.48611530486526,2.65577536864721,0.6354105624081,1
75,6,-1,1,1.34469273535801,1.67353095979941,0.824179750828416,1
75,7,-1,1,1.34469273535801,1.67353095979941,0.603275213832445,1
75,8,-1,1,1.34469273535801,1.67353095979941,0.372660280014834,1
75,9,1,1,1.48611530486526,2.65577536864721,0.774319477609237,1
75,10,1,1,1.48611530486526,2.65577536864721,0.29378581611396,1
75,11,-1,1,1.34469273535801,1.67353095979941,0.649788010551875,1
75,12,-1,1,1.34469273535801,1.67353095979941,0.872815743561426,1
75,13,-1,1,1.34469273535801,1.67353095979941,0.847853652789695,1
75,14,-1,1,1.34469273535801,1.67353095979941,0.46923951604701,1
75,15,1,1,1.48611530486526,2.65577536864721,0.445701853120705,1
75,16,1,1,1.48611530486526,2.65577536864721,0.43097390994734,1
75,17,1,1,1.48611530486526,2.65577536864721,0.42919240685489,1
75,18,-1,1,1.34469273535801,1.67353095979941,0.327425971867116,1
75,19,1,1,1.48611530486526,2.65577536864721,0.659525524359455,1
75,20,1,1,1.48611530486526,2.65577536864721,0.357623386926616,1
75,21,1,1,1.48611530486526,2.65577536864721,0.47961026175952,1
75,22,-1,1,1.34469273535801,1.67353095979941,0.536299618905443,1
75,23,-1,1,1.34469273535801,1.67353095979941,0.28645025326207,-1
75,24,1,-1,1.41646670856007,1.62822395382402,0.286395033667711,1
75,25,1,1,1.48611530486526,2.65577536864721,0.316708004825397,1
75,26,1,1,1.48611530486526,2.65577536864721,0.439055435704836,1
75,27,-1,1,1.34469273535801,1.67353095979941,0.49804009852802,-1
75,28,-1,-1,1.28167207930739,1.24246971772937,0.348800326864822,1
75,29,-1,1,1.34469273535801,1.67353095979941,0.399219927259294,1
75,30,-1,1,1.34469273535801,1.67353095979941,1.221428484356,1
75,31,-1,1,1.34469273535801,1.67353095979941,0.281141183039931,1
75,32,-1,1,1.34469273535801,1.67353095979941,1.0596319993369,1
75,33,-1,1,1.34469273535801,1.67353095979941,0.740479862281056,1
75,34,-1,1,1.34469273535801,1.67353095979941,0.38675348465587,1
75,35,-1,1,1.34469273535801,1.67353095979941,0.431382886550892,1
75,36,-1,1,1.34469273535801,1.67353095979941,0.404217570100727,1
75,37,-1,1,1.34469273535801,1.67353095979941,0.468263783694933,1
75,38,1,1,1.48611530486526,2.65577536864721,0.545199064975589,1
75,39,-1,1,1.34469273535801,1.67353095979941,1.1156361043989,1
75,40,1,1,1.48611530486526,2.65577536864721,0.497178054171893,1
75,41,1,1,1.48611530486526,2.65577536864721,0.465849430797782,1
75,42,-1,1,1.34469273535801,1.67353095979941,0.57549827149758,1
75,43,1,1,1.48611530486526,2.65577536864721,0.803898739121487,1
75,44,1,1,1.48611530486526,2.65577536864721,0.313358680314234,1
75,45,1,1,1.48611530486526,2.65577536864721,0.392017759041983,1
75,46,1,1,1.48611530486526,2.65577536864721,0.797835898771401,1
75,47,1,1,1.48611530486526,2.65577536864721,0.659711652678903,1
75,48,1,1,1.48611530486526,2.65577536864721,0.292094498311273,1
75,49,1,1,1.48611530486526,2.65577536864721,0.361226671277336,1
75,50,-1,1,1.34469273535801,1.67353095979941,0.39381482075852,1
75,51,1,1,1.48611530486526,2.65577536864721,0.64843863161233,1
75,52,1,1,1.48611530486526,2.65577536864721,0.374272315376116,1
75,53,-1,1,1.34469273535801,1.67353095979941,0.682010707101909,1
75,54,-1,1,1.34469273535801,1.67353095979941,0.614638287071484,1
75,55,1,1,1.48611530486526,2.65577536864721,0.332281962889312,1
75,56,-1,1,1.34469273535801,1.67353095979941,0.690543492701947,1
75,57,-1,1,1.34469273535801,1.67353095979941,0.668730456928142,-1
75,58,-1,-1,1.28167207930739,1.24246971772937,0.430118320933218,1
75,59,-1,1,1.34469273535801,1.67353095979941,0.381613581247648,1
75,60,-1,1,1.34469273535801,1.67353095979941,0.33620932041357,1
75,61,1,1,1.48611530486526,2.65577536864721,0.30254572364324,1
75,62,-1,1,1.34469273535801,1.67353095979941,1.63228378076588,1
75,63,1,1,1.48611530486526,2.65577536864721,0.517489859518852,1
75,64,1,1,1.48611530486526,2.65577536864721,0.358637540811107,1
75,65,-1,1,1.34469273535801,1.67353095979941,0.509695024341613,1
75,66,-1,1,1.34469273535801,1.67353095979941,0.874206743412062,1
75,67,-1,1,1.34469273535801,1.67353095979941,0.57097033241002,1
75,68,1,1,1.48611530486526,2.65577536864721,0.61313634833173,1
75,69,-1,1,1.34469273535801,1.67353095979941,0.771321696181609,1
75,70,-1,1,1.34469273535801,1.67353095979941,0.522864001175616,-1
75,71,-1,-1,1.28167207930739,1.24246971772937,0.347936755374523,1
75,72,1,1,1.48611530486526,2.65577536864721,0.316862433212956,1
75,73,1,1,1.48611530486526,2.65577536864721,0.426841276620395,1
75,74,1,1,1.48611530486526,2.65577536864721,0.337213082228975,1
75,75,1,1,1.48611530486526,2.65577536864721,0.574673046264589,1
75,76,-1,1,1.34469273535801,1.67353095979941,0.658617004807391,1
75,77,-1,1,1.34469273535801,1.67353095979941,0.421362774577716,1
75,78,-1,1,1.34469273535801,1.67353095979941,0.316646935216318,1
75,79,1,1,1.48611530486526,2.65577536864721,0.484916253709453,1
75,80,1,1,1.48611530486526,2.65577536864721,0.290997050213357,1
75,81,1,1,1.48611530486526,2.65577536864721,0.487482513784226,1
75,82,1,1,1.48611530486526,2.65577536864721,0.466468411820546,1
75,83,1,1,1.48611530486526,2.65577536864721,0.588075496204155,1
75,84,1,1,1.48611530486526,2.65577536864721,0.223898649809536,1
75,85,1,1,1.48611530486526,2.65577536864721,0.286532888744561,1
75,86,1,1,1.48611530486526,2.65577536864721,0.868205446171298,1
75,87,1,1,1.48611530486526,2.65577536864721,0.717236836771378,1
75,88,-1,1,1.34469273535801,1.67353095979941,0.562810122606414,1
75,89,1,1,1.48611530486526,2.65577536864721,0.446208084321304,1
75,90,1,1,1.48611530486526,2.65577536864721,0.409981633850019,-1
75,91,-1,-1,1.28167207930739,1.24246971772937,0.750228484132084,1
75,92,-1,1,1.34469273535801,1.67353095979941,0.4629025906267,1
75,93,-1,1,1.34469273535801,1.67353095979941,1.15484529476436,1
75,94,-1,1,1.34469273535801,1.67353095979941,0.409178292720148,1
75,95,1,1,1.48611530486526,2.65577536864721,0.487078835010175,1
75,96,1,1,1.48611530486526,2.65577536864721,0.426599171429981,1
75,97,1,1,1.48611530486526,2.65577536864721,0.590469018735895,1
75,98,1,1,1.48611530486526,2.65577536864721,0.426549740503084,1
75,99,-1,1,1.34469273535801,1.67353095979941,0.37021639931156,1
75,100,-1,1,1.34469273535801,1.67353095979941,0.363482783329863,1
75,101,-1,1,1.34469273535801,1.67353095979941,0.405854892081868,1
76,2,1,1,1.76625359333782,3.62105958465381,0.309391435025239,1
76,3,-1,1,1.59817234099252,0.670804499166482,0.822636989816192,1
76,4,-1,1,1.59817234099252,0.670804499166482,0.825035625774069,1
76,5,1,1,1.76625359333782,3.62105958465381,0.348001479589091,1
76,6,1,1,1.76625359333782,3.62105958465381,0.386642528417114,1
76,7,1,1,1.76625359333782,3.62105958465381,0.446725482087336,1
76,8,1,1,1.76625359333782,3.62105958465381,0.280876381827983,1
76,9,-1,1,1.59817234099252,0.670804499166482,1.18486256023741,-1
76,10,1,-1,1.68347597635732,1.59901138032871,0.48525376810817,1
76,11,1,1,1.76625359333782,3.62105958465381,0.766062200332652,-1
76,12,-1,-1,1.52327205577273,1.309124535851,0.758534350141623,1
76,13,1,1,1.76625359333782,3.62105958465381,0.288863956614035,1
76,14,-1,1,1.59817234099252,0.670804499166482,0.642497776553968,1
76,15,1,1,1.76625359333782,3.62105958465381,0.335495422601321,1
76,16,1,1,1.76625359333782,3.62105958465381,0.278916912914906,1
76,17,-1,1,1.59817234099252,0.670804499166482,0.573659469943322,1
76,18,-1,1,1.59817234099252,0.670804499166482,0.470520046102945,-1
76,19,-1,-1,1.52327205577273,1.309124535851,0.423842272721581,1
76,20,1,1,1.76625359333782,3.62105958465381,0.278780234887441,1
76,21,1,1,1.76625359333782,3.62105958465381,0.473393917624154,1
76,22,-1,1,1.59817234099252,0.670804499166482,2.63815751904831,1
76,23,-1,1,1.59817234099252,0.670804499166482,0.597337711791922,-1
76,24,1,-1,1.68347597635732,1.59901138032871,0.2871942701266,-1
76,25,1,-1,1.68347597635732,1.59901138032871,0.408318209923116,1
76,26,-1,1,1.59817234099252,0.670804499166482,0.777009940993249,-1
76,27,-1,-1,1.52327205577273,1.309124535851,0.275487025817366,1
76,28,1,1,1.76625359333782,3.62105958465381,0.482311586144065,1
76,29,-1,1,1.59817234099252,0.670804499166482,1.44411527830114,1
76,30,1,1,1.76625359333782,3.62105958465381,0.473916162628353,1
76,31,-1,1,1.59817234099252,0.670804499166482,0.743873192647155,-1
76,32,-1,-1,1.52327205577273,1.309124535851,0.580529342600434,1
76,33,1,1,1.76625359333782,3.62105958465381,0.419736430314006,1
76,34,1,1,1.76625359333782,3.62105958465381,0.23409104930645,1
76,35,1,1,1.76625359333782,3.62105958465381,0.375770501188954,1
76,36,1,1,1.76625359333782,3.62105958465381,0.378691563016719,1
76,37,1,1,1.76625359333782,3.62105958465381,0.284489269792146,1
76,38,-1,1,1.59817234099252,0.670804499166482,0.544694307710874,1
76,39,-1,1,1.59817234099252,0.670804499166482,0.594673277221499,1
76,40,-1,1,1.59817234099252,0.670804499166482,0.64266167690561,1
76,41,-1,1,1.59817234099252,0.670804499166482,0.461173085503047,-1
76,42,1,-1,1.68347597635732,1.59901138032871,0.792739894873841,1
76,43,1,1,1.76625359333782,3.62105958465381,0.289173033505861,1
76,44,1,1,1.76625359333782,3.62105958465381,0.58290319228374,1
76,45,-1,1,1.59817234099252,0.670804499166482,0.330233139114237,1
76,46,1,1,1.76625359333782,3.62105958465381,0.392012204119822,1
76,47,1,1,1.76625359333782,3.62105958465381,0.580896021642023,1
76,48,1,1,1.76625359333782,3.62105958465381,0.44738529477932,1
76,49,1,1,1.76625359333782,3.62105958465381,0.594578942244102,1
76,50,1,1,1.76625359333782,3.62105958465381,0.331699578832739,1
76,51,1,1,1.76625359333782,3.62105958465381,0.340535681190487,1
76,52,-1,1,1.59817234099252,0.670804499166482,1.22608247832807,1
76,53,-1,1,1.59817234099252,0.670804499166482,0.859261352317194,1
76,54,-1,1,1.59817234099252,0.670804499166482,0.332458117025983,1
76,55,-1,1,1.59817234099252,0.670804499166482,0.494528828093572,-1
76,56,1,-1,1.68347597635732,1.59901138032871,0.37349112299535,1
76,57,-1,1,1.59817234099252,0.670804499166482,0.504731874277345,-1
76,58,-1,-1,1.52327205577273,1.309124535851,0.249316106193763,1
76,59,-1,1,1.59817234099252,0.670804499166482,0.336694909156169,1
76,60,1,1,1.76625359333782,3.62105958465381,0.458077160240168,1
76,61,1,1,1.76625359333782,3.62105958465381,0.463809045557946,1
76,62,1,1,1.76625359333782,3.62105958465381,0.258759933966931,1
76,63,1,1,1.76625359333782,3.62105958465381,0.414432086114696,1
76,64,1,1,1.76625359333782,3.62105958465381,0.344981785863457,1
76,65,-1,1,1.59817234099252,0.670804499166482,0.696676315467109,1
76,66,-1,1,1.59817234099252,0.670804499166482,0.465169140638889,1
76,67,-1,1,1.59817234099252,0.670804499166482,0.279855903493022,1
76,68,1,1,1.76625359333782,3.62105958465381,0.307575746086986,1
76,69,1,1,1.76625359333782,3.62105958465381,0.689888606032557,1
76,70,1,1,1.76625359333782,3.62105958465381,0.453782236376263,1
76,71,-1,1,1.59817234099252,0.670804499166482,1.03440869049403,-1
76,72,1,-1,1.68347597635732,1.59901138032871,0.549535498084292,1
76,73,1,1,1.76625359333782,3.62105958465381,0.326635299482579,1
76,74,-1,1,1.59817234099252,0.670804499166482,0.200611208756721,1
76,75,-1,1,1.59817234099252,0.670804499166482,0.379121234236684,-1
76,76,-1,-1,1.52327205577273,1.309124535851,1.83276734755595,1
76,77,-1,1,1.59817234099252,0.670804499166482,1.06608285799698,-1
76,78,-1,-1,1.52327205577273,1.309124535851,0.904399703698145,1
76,79,1,1,1.76625359333782,3.62105958465381,0.372222513830138,1
76,80,1,1,1.76625359333782,3.62105958465381,0.275911855568543,1
76,81,-1,1,1.59817234099252,0.670804499166482,0.759785190989434,-1
76,82,-1,-1,1.52327205577273,1.309124535851,0.575818671592634,1
76,83,-1,1,1.59817234099252,0.670804499166482,0.496588032275228,1
76,84,1,1,1.76625359333782,3.62105958465381,0.418236432990726,1
76,85,1,1,1.76625359333782,3.62105958465381,0.641118765402206,1
76,86,1,1,1.76625359333782,3.62105958465381,0.434589910968357,1
76,87,1,1,1.76625359333782,3.62105958465381,0.318002671882649,1
76,88,-1,1,1.59817234099252,0.670804499166482,0.829719506615943,1
76,89,-1,1,1.59817234099252,0.670804499166482,0.723259882495325,-1
76,90,-1,-1,1.52327205577273,1.309124535851,0.711851386711829,1
76,91,-1,1,1.59817234099252,0.670804499166482,0.457712319644736,1
76,92,1,1,1.76625359333782,3.62105958465381,0.370762837402868,1
76,93,-1,1,1.59817234099252,0.670804499166482,3.43561008380472,1
76,94,-1,1,1.59817234099252,0.670804499166482,0.387146645240967,1
76,95,-1,1,1.59817234099252,0.670804499166482,0.434731486429485,1
76,96,1,1,1.76625359333782,3.62105958465381,0.33005200105978,1
76,97,1,1,1.76625359333782,3.62105958465381,0.327568484242324,1
76,98,-1,1,1.59817234099252,0.670804499166482,0.612265717743417,1
76,99,-1,1,1.59817234099252,0.670804499166482,0.876116545011671,1
76,100,-1,1,1.59817234099252,0.670804499166482,0.551453334225782,1
76,101,-1,1,1.59817234099252,0.670804499166482,0.282399115309962,1
77,2,-1,1,1.86693080989754,1.44128164592369,0.883589909358023,1
77,3,1,1,2.06327763715817,3.06901017345905,0.982851552074611,1
77,4,1,1,2.06327763715817,3.06901017345905,1.09069660174161,1
77,5,1,1,2.06327763715817,3.06901017345905,0.417650323292294,1
77,6,1,1,2.06327763715817,3.06901017345905,0.570328125581114,1
77,7,-1,1,1.86693080989754,1.44128164592369,0.787416412253909,1
77,8,-1,1,1.86693080989754,1.44128164592369,0.331033504499267,1
77,9,1,1,2.06327763715817,3.06901017345905,0.555139561677631,1
77,10,1,1,2.06327763715817,3.06901017345905,1.20531627172623,1
77,11,-1,1,1.86693080989754,1.44128164592369,0.664476329832054,1
77,12,-1,1,1.86693080989754,1.44128164592369,1.025526873213,1
77,13,-1,1,1.86693080989754,1.44128164592369,0.34901381951752,1
77,14,-1,1,1.86693080989754,1.44128164592369,1.60535857172587,1
77,15,-1,1,1.86693080989754,1.44128164592369,1.10900545449627,1
77,16,-1,1,1.86693080989754,1.44128164592369,0.55221072902664,1
77,17,-1,1,1.86693080989754,1.44128164592369,0.32869812268795,1
77,18,1,1,2.06327763715817,3.06901017345905,0.375694927409936,1
77,19,-1,1,1.86693080989754,1.44128164592369,1.85536284388407,1
77,20,-1,1,1.86693080989754,1.44128164592369,0.58647167538533,1
77,21,1,1,2.06327763715817,3.06901017345905,0.314175171290507,1
77,22,1,1,2.06327763715817,3.06901017345905,0.381575110697529,1
77,23,-1,1,1.86693080989754,1.44128164592369,0.33327862085604,1
77,24,1,1,2.06327763715817,3.06901017345905,0.516639500324711,1
77,25,1,1,2.06327763715817,3.06901017345905,0.710751602975691,1
77,26,1,1,2.06327763715817,3.06901017345905,0.467543029576596,1
77,27,1,1,2.06327763715817,3.06901017345905,0.480004665506117,1
77,28,1,1,2.06327763715817,3.06901017345905,0.812678196064718,1
77,29,1,1,2.06327763715817,3.06901017345905,1.52997675523202,1
77,30,-1,1,1.86693080989754,1.44128164592369,0.483648047891494,1
77,31,1,1,2.06327763715817,3.06901017345905,0.702034761344442,1
77,32,1,1,2.06327763715817,3.06901017345905,0.492897367577513,1
77,33,1,1,2.06327763715817,3.06901017345905,0.466757259100655,1
77,34,-1,1,1.86693080989754,1.44128164592369,0.605258002768651,1
77,35,1,1,2.06327763715817,3.06901017345905,0.53962238749366,1
77,36,1,1,2.06327763715817,3.06901017345905,0.458155752489324,1
77,37,-1,1,1.86693080989754,1.44128164592369,0.618407474618306,1
77,38,-1,1,1.86693080989754,1.44128164592369,0.995764238753193,1
77,39,-1,1,1.86693080989754,1.44128164592369,0.53545530424552,1
77,40,-1,1,1.86693080989754,1.44128164592369,0.868614348397199,1
77,41,-1,1,1.86693080989754,1.44128164592369,0.403928583666696,1
77,42,-1,1,1.86693080989754,1.44128164592369,1.01997607849742,-1
77,43,1,-1,1.96657962809689,2.3605565413872,0.364247407462368,1
77,44,1,1,2.06327763715817,3.06901017345905,0.379482949764723,1
77,45,-1,1,1.86693080989754,1.44128164592369,0.977453141100549,1
77,46,-1,1,1.86693080989754,1.44128164592369,0.436914203265242,1
77,47,1,1,2.06327763715817,3.06901017345905,0.639276159018583,1
77,48,1,1,2.06327763715817,3.06901017345905,0.594943854045755,1
77,49,-1,1,1.86693080989754,1.44128164592369,0.640065359395468,1
77,50,1,1,2.06327763715817,3.06901017345905,0.413096896898426,1
77,51,1,1,2.06327763715817,3.06901017345905,0.461075989277453,1
77,52,1,1,2.06327763715817,3.06901017345905,0.555090830796306,1
77,53,-1,1,1.86693080989754,1.44128164592369,0.885743586565759,1
77,54,1,1,2.06327763715817,3.06901017345905,0.457632921498154,1
77,55,1,1,2.06327763715817,3.06901017345905,0.585931156956379,1
77,56,1,1,2.06327763715817,3.06901017345905,0.791996582456145,1
77,57,-1,1,1.86693080989754,1.44128164592369,1.14895454231311,1
77,58,-1,1,1.86693080989754,1.44128164592369,0.652436429021474,1
77,59,-1,1,1.86693080989754,1.44128164592369,0.587441592625823,1
77,60,1,1,2.06327763715817,3.06901017345905,0.402904587778706,1
77,61,-1,1,1.86693080989754,1.44128164592369,0.72653581923031,-1
77,62,1,-1,1.96657962809689,2.3605565413872,0.689964651776496,1
77,63,-1,1,1.86693080989754,1.44128164592369,0.748256331155498,1
77,64,1,1,2.06327763715817,3.06901017345905,0.674110638987401,1
77,65,-1,1,1.86693080989754,1.44128164592369,0.968497754340419,1
77,66,-1,1,1.86693080989754,1.44128164592369,0.471044291220895,1
77,67,1,1,2.06327763715817,3.06901017345905,0.320441302643669,1
77,68,1,1,2.06327763715817,3.06901017345905,0.479462424468609,1
77,69,1,1,2.06327763715817,3.06901017345905,0.397909412954139,1
77,70,-1,1,1.86693080989754,1.44128164592369,0.726719457747857,1
77,71,-1,1,1.86693080989754,1.44128164592369,0.917051388560243,1
77,72,-1,1,1.86693080989754,1.44128164592369,0.707872164219936,1
77,73,1,1,2.06327763715817,3.06901017345905,0.495834415293783,1
77,74,1,1,2.06327763715817,3.06901017345905,0.505905978389474,1
77,75,-1,1,1.86693080989754,1.44128164592369,0.604240407035826,1
77,76,-1,1,1.86693080989754,1.44128164592369,0.674511415912667,1
77,77,1,1,2.06327763715817,3.06901017345905,0.575799116478464,1
77,78,-1,1,1.86693080989754,1.44128164592369,1.1462914783787,-1
77,79,-1,-1,1.77943483304931,0.329151639230058,1.023865565245,-1
77,80,-1,-1,1.77943483304931,0.329151639230058,0.818766055368438,1
77,81,-1,1,1.86693080989754,1.44128164592369,0.529305142356567,1
77,82,1,1,2.06327763715817,3.06901017345905,0.531140910377023,1
77,83,-1,1,1.86693080989754,1.44128164592369,0.533052211756219,1
77,84,-1,1,1.86693080989754,1.44128164592369,0.59312859599074,1
77,85,-1,1,1.86693080989754,1.44128164592369,0.797008416549976,1
77,86,1,1,2.06327763715817,3.06901017345905,0.643464033467078,1
77,87,1,1,2.06327763715817,3.06901017345905,0.481634330676124,1
77,88,1,1,2.06327763715817,3.06901017345905,0.572602710169045,1
77,89,-1,1,1.86693080989754,1.44128164592369,0.65031134969682,1
77,90,1,1,2.06327763715817,3.06901017345905,0.484476111047982,1
77,91,1,1,2.06327763715817,3.06901017345905,0.494881920562238,1
77,92,-1,1,1.86693080989754,1.44128164592369,1.20591050171253,1
77,93,-1,1,1.86693080989754,1.44128164592369,0.656006557624193,1
77,94,1,1,2.06327763715817,3.06901017345905,0.469902512731433,1
77,95,1,1,2.06327763715817,3.06901017345905,0.570685873466212,1
77,96,-1,1,1.86693080989754,1.44128164592369,1.28021379858618,-1
77,97,-1,-1,1.77943483304931,0.329151639230058,0.465441258100936,-1
77,98,1,-1,1.96657962809689,2.3605565413872,0.365907487703801,1
77,99,-1,1,1.86693080989754,1.44128164592369,0.964239039200423,1
77,100,1,1,2.06327763715817,3.06901017345905,0.50378582441173,1
77,101,1,1,2.06327763715817,3.06901017345905,0.475295723643237,1
78,2,1,1,2.40333101585126,4.11387924618906,0.35002561150866,1
78,3,-1,1,2.1746238310686,1.20174006205235,0.534043612602353,-1
78,4,-1,-1,2.0727074475754,-0.0396680914360162,2.13924347761107,1
78,5,1,1,2.40333101585126,4.11387924618906,0.348006508748059,1
78,6,1,1,2.40333101585126,4.11387924618906,0.388627280495563,1
78,7,1,1,2.40333101585126,4.11387924618906,0.436417943876977,1
78,8,-1,1,2.1746238310686,1.20174006205235,0.504013866071302,1
78,9,1,1,2.40333101585126,4.11387924618906,0.417712294467763,1
78,10,1,1,2.40333101585126,4.11387924618906,0.29753749630895,1
78,11,1,1,2.40333101585126,4.11387924618906,0.240010904941227,1
78,12,1,1,2.40333101585126,4.11387924618906,0.691737251861738,1
78,13,1,1,2.40333101585126,4.11387924618906,0.478132404782746,1
78,14,-1,1,2.1746238310686,1.20174006205235,1.13149270576789,1
78,15,1,1,2.40333101585126,4.11387924618906,0.457788920675605,1
78,16,1,1,2.40333101585126,4.11387924618906,0.348964035025432,1
78,17,1,1,2.40333101585126,4.11387924618906,0.471714560656398,1
78,18,1,1,2.40333101585126,4.11387924618906,1.02540160347129,1
78,19,1,1,2.40333101585126,4.11387924618906,0.546565247268267,1
78,20,1,1,2.40333101585126,4.11387924618906,0.467426574439585,1
78,21,1,1,2.40333101585126,4.11387924618906,0.316581487906629,1
78,22,-1,1,2.1746238310686,1.20174006205235,0.492731086721694,1
78,23,-1,1,2.1746238310686,1.20174006205235,0.557248994104906,1
78,24,1,1,2.40333101585126,4.11387924618906,0.840799992201749,1
78,25,-1,1,2.1746238310686,1.20174006205235,0.534407099758089,1
78,26,1,1,2.40333101585126,4.11387924618906,0.481316402913443,1
78,27,-1,1,2.1746238310686,1.20174006205235,1.34778132774644,-1
78,28,-1,-1,2.0727074475754,-0.0396680914360162,0.404988096869248,1
78,29,1,1,2.40333101585126,4.11387924618906,0.555052902885188,1
78,30,1,1,2.40333101585126,4.11387924618906,0.549001942515671,1
78,31,1,1,2.40333101585126,4.11387924618906,0.611277465329473,1
78,32,1,1,2.40333101585126,4.11387924618906,0.416700055465513,1
78,33,1,1,2.40333101585126,4.11387924618906,0.928837870762895,1
78,34,1,1,2.40333101585126,4.11387924618906,0.488821838630523,1
78,35,1,1,2.40333101585126,4.11387924618906,0.416851531545775,1
78,36,-1,1,2.1746238310686,1.20174006205235,0.557164087059927,1
78,37,-1,1,2.1746238310686,1.20174006205235,1.38102569294789,1
78,38,1,1,2.40333101585126,4.11387924618906,0.297257110555945,1
78,39,-1,1,2.1746238310686,1.20174006205235,0.901115018564678,1
78,40,-1,1,2.1746238310686,1.20174006205235,1.37689755123361,1
78,41,1,1,2.40333101585126,4.11387924618906,0.488968394866673,1
78,42,1,1,2.40333101585126,4.11387924618906,0.46626805544837,1
78,43,1,1,2.40333101585126,4.11387924618906,0.580526176381001,1
78,44,1,1,2.40333101585126,4.11387924618906,0.341609435981984,1
78,45,-1,1,2.1746238310686,1.20174006205235,0.498298262078975,1
78,46,-1,1,2.1746238310686,1.20174006205235,0.507827731404199,1
78,47,-1,1,2.1746238310686,1.20174006205235,0.669243320059396,1
78,48,-1,1,2.1746238310686,1.20174006205235,1.03339168435644,1
78,49,-1,1,2.1746238310686,1.20174006205235,1.79696895541629,1
78,50,-1,1,2.1746238310686,1.20174006205235,2.99699281122107,-1
78,51,-1,-1,2.0727074475754,-0.0396680914360162,0.505651208479755,1
78,52,1,1,2.40333101585126,4.11387924618906,0.358720053221948,1
78,53,-1,1,2.1746238310686,1.20174006205235,2.0584209334791,-1
78,54,1,-1,2.29069599273914,1.9240487831946,1.26104720314722,1
78,55,-1,1,2.1746238310686,1.20174006205235,0.324181332391454,1
78,56,-1,1,2.1746238310686,1.20174006205235,0.785642220211136,1
78,57,1,1,2.40333101585126,4.11387924618906,0.532157620277133,1
78,58,-1,1,2.1746238310686,1.20174006205235,2.33419915160411,1
78,59,-1,1,2.1746238310686,1.20174006205235,1.81220252142208,1
78,60,-1,1,2.1746238310686,1.20174006205235,0.749255070164981,1
78,61,1,1,2.40333101585126,4.11387924618906,0.533483867865838,1
78,62,1,1,2.40333101585126,4.11387924618906,0.286741216320151,1
78,63,-1,1,2.1746238310686,1.20174006205235,0.970143783429605,1
78,64,1,1,2.40333101585126,4.11387924618906,0.659686270578138,1
78,65,-1,1,2.1746238310686,1.20174006205235,0.375667557958733,1
78,66,1,1,2.40333101585126,4.11387924618906,0.503374470314231,1
78,67,-1,1,2.1746238310686,1.20174006205235,1.19171327719824,1
78,68,1,1,2.40333101585126,4.11387924618906,0.410272776047271,1
78,69,-1,1,2.1746238310686,1.20174006205235,0.437705681670313,1
78,70,1,1,2.40333101585126,4.11387924618906,0.391038662440868,1
78,71,-1,1,2.1746238310686,1.20174006205235,0.36170177363858,-1
78,72,-1,-1,2.0727074475754,-0.0396680914360162,0.546419623675106,-1
78,73,1,-1,2.29069599273914,1.9240487831946,0.826992273780892,1
78,74,1,1,2.40333101585126,4.11387924618906,0.685423030216524,1
78,75,1,1,2.40333101585126,4.11387924618906,0.314827342631499,1
78,76,1,1,2.40333101585126,4.11387924618906,0.636225260988891,1
78,77,1,1,2.40333101585126,4.11387924618906,0.425734164734046,1
78,78,-1,1,2.1746238310686,1.20174006205235,0.838320936587759,1
78,79,-1,1,2.1746238310686,1.20174006205235,1.27916836292797,1
78,80,-1,1,2.1746238310686,1.20174006205235,1.38282702756352,1
78,81,-1,1,2.1746238310686,1.20174006205235,1.86231387467466,1
78,82,-1,1,2.1746238310686,1.20174006205235,1.02014118351798,-1
78,83,-1,-1,2.0727074475754,-0.0396680914360162,0.643976578625346,-1
78,84,-1,-1,2.0727074475754,-0.0396680914360162,1.66451456624312,1
78,85,1,1,2.40333101585126,4.11387924618906,0.306025372689942,1
78,86,1,1,2.40333101585126,4.11387924618906,0.877121753864411,1
78,87,1,1,2.40333101585126,4.11387924618906,0.450094976202121,1
78,88,-1,1,2.1746238310686,1.20174006205235,0.983544938440042,1
78,89,-1,1,2.1746238310686,1.20174006205235,0.69037004318773,1
78,90,-1,1,2.1746238310686,1.20174006205235,0.510739584258914,1
78,91,-1,1,2.1746238310686,1.20174006205235,0.931402122422533,1
78,92,1,1,2.40333101585126,4.11387924618906,0.597253875553104,1
78,93,1,1,2.40333101585126,4.11387924618906,0.433104292326353,1
78,94,-1,1,2.1746238310686,1.20174006205235,1.09740739000238,1
78,95,-1,1,2.1746238310686,1.20174006205235,2.85936834098241,1
78,96,-1,1,2.1746238310686,1.20174006205235,0.712739067738434,1
78,97,-1,1,2.1746238310686,1.20174006205235,0.599729921619705,1
78,98,-1,1,2.1746238310686,1.20174006205235,0.844893509153095,1
78,99,-1,1,2.1746238310686,1.20174006205235,0.619240567035582,1
78,100,-1,1,2.1746238310686,1.20174006205235,0.547462426056315,1
78,101,1,1,2.40333101585126,4.11387924618906,0.450115773563147,1
79,2,1,1,2.24736596537104,3.04174283382239,1.0256839552393,1
79,3,1,1,2.24736596537104,3.04174283382239,0.767989628399243,1
79,4,-1,1,2.03350081748822,1.63142275401219,1.8999045797276,1
79,5,-1,1,2.03350081748822,1.63142275401219,0.554646474511695,1
79,6,-1,1,2.03350081748822,1.63142275401219,0.617486202859349,1
79,7,-1,1,2.03350081748822,1.63142275401219,0.505359125272609,1
79,8,1,1,2.24736596537104,3.04174283382239,0.625385403532609,1
79,9,-1,1,2.03350081748822,1.63142275401219,1.08813342283522,1
79,10,-1,1,2.03350081748822,1.63142275401219,0.570234222296702,1
79,11,-1,1,2.03350081748822,1.63142275401219,1.38979308827336,1
79,12,-1,1,2.03350081748822,1.63142275401219,0.884065453030635,1
79,13,-1,1,2.03350081748822,1.63142275401219,0.794433755994585,1
79,14,-1,1,2.03350081748822,1.63142275401219,0.460738068143446,1
79,15,1,1,2.24736596537104,3.04174283382239,0.629457996418206,1
79,16,-1,1,2.03350081748822,1.63142275401219,0.583403229586153,1
79,17,1,1,2.24736596537104,3.04174283382239,0.656960034828961,1
79,18,1,1,2.24736596537104,3.04174283382239,0.696105235767117,1
79,19,1,1,2.24736596537104,3.04174283382239,0.353987934638559,1
79,20,-1,1,2.03350081748822,1.63142275401219,1.47853902476643,1
79,21,1,1,2.24736596537104,3.04174283382239,1.22388487454436,1
79,22,-1,1,2.03350081748822,1.63142275401219,0.953040978643462,1
79,23,-1,1,2.03350081748822,1.63142275401219,0.831002136974822,1
79,24,1,1,2.24736596537104,3.04174283382239,0.626155212532439,1
79,25,-1,1,2.03350081748822,1.63142275401219,0.487869288126108,-1
79,26,1,-1,2.14204043352319,1.73739359104247,0.823501625096559,1
79,27,-1,1,2.03350081748822,1.63142275401219,0.39750580275512,1
79,28,1,1,2.24736596537104,3.04174283382239,0.607223532343528,1
79,29,1,1,2.24736596537104,3.04174283382239,0.547779666534857,1
79,30,1,1,2.24736596537104,3.04174283382239,0.393367468713406,1
79,31,-1,1,2.03350081748822,1.63142275401219,0.581276571193881,1
79,32,-1,1,2.03350081748822,1.63142275401219,0.476135536513206,1
79,33,-1,1,2.03350081748822,1.63142275401219,0.45864784585589,1
79,34,1,1,2.24736596537104,3.04174283382239,0.559756292990662,1
79,35,1,1,2.24736596537104,3.04174283382239,0.907776050512808,1
79,36,1,1,2.24736596537104,3.04174283382239,0.495264685095767,1
79,37,-1,1,2.03350081748822,1.63142275401219,0.458940250731685,1
79,38,-1,1,2.03350081748822,1.63142275401219,1.57663880959967,1
79,39,1,1,2.24736596537104,3.04174283382239,0.368089658771697,1
79,40,-1,1,2.03350081748822,1.63142275401219,0.851811143303697,1
79,41,-1,1,2.03350081748822,1.63142275401219,1.09955103460131,1
79,42,-1,1,2.03350081748822,1.63142275401219,0.9120449426799,1
79,43,-1,1,2.03350081748822,1.63142275401219,0.638642100135651,1
79,44,1,1,2.24736596537104,3.04174283382239,0.470034554179614,1
79,45,1,1,2.24736596537104,3.04174283382239,0.437434148621071,1
79,46,1,1,2.24736596537104,3.04174283382239,0.470869718957978,1
79,47,1,1,2.24736596537104,3.04174283382239,0.773999696885669,1
79,48,-1,1,2.03350081748822,1.63142275401219,0.70289192507517,1
79,49,-1,1,2.03350081748822,1.63142275401219,1.8113462074644,1
79,50,1,1,2.24736596537104,3.04174283382239,0.523229167353223,1
79,51,1,1,2.24736596537104,3.04174283382239,0.542509176704726,1
79,52,1,1,2.24736596537104,3.04174283382239,0.537458264467671,1
79,53,1,1,2.24736596537104,3.04174283382239,0.448802432725005,1
79,54,1,1,2.24736596537104,3.04174283382239,0.697125903271064,1
79,55,-1,1,2.03350081748822,1.63142275401219,0.587982931905451,1
79,56,-1,1,2.03350081748822,1.63142275401219,0.512921719156299,1
79,57,1,1,2.24736596537104,3.04174283382239,1.40756905326104,1
79,58,1,1,2.24736596537104,3.04174283382239,0.693768579961213,1
79,59,-1,1,2.03350081748822,1.63142275401219,0.695534346265693,1
79,60,-1,1,2.03350081748822,1.63142275401219,0.534921020586374,1
79,61,-1,1,2.03350081748822,1.63142275401219,0.463585773046271,1
79,62,1,1,2.24736596537104,3.04174283382239,0.425952455148123,1
79,63,1,1,2.24736596537104,3.04174283382239,0.644462135855308,1
79,64,-1,1,2.03350081748822,1.63142275401219,0.936516948894086,1
79,65,-1,1,2.03350081748822,1.63142275401219,1.08524601865183,1
79,66,-1,1,2.03350081748822,1.63142275401219,0.508540509597819,1
79,67,-1,1,2.03350081748822,1.63142275401219,0.525286815172513,1
79,68,1,1,2.24736596537104,3.04174283382239,0.960488780731218,1
79,69,1,1,2.24736596537104,3.04174283382239,0.794695267103849,1
79,70,-1,1,2.03350081748822,1.63142275401219,0.707269110167823,1
79,71,1,1,2.24736596537104,3.04174283382239,0.706982807212917,1
79,72,1,1,2.24736596537104,3.04174283382239,1.23669192834048,1
79,73,-1,1,2.03350081748822,1.63142275401219,0.57012185543192,1
79,74,-1,1,2.03350081748822,1.63142275401219,1.12166006446351,1
79,75,-1,1,2.03350081748822,1.63142275401219,2.31650035628916,1
79,76,1,1,2.24736596537104,3.04174283382239,0.606649531538277,1
79,77,1,1,2.24736596537104,3.04174283382239,0.722537059411498,1
79,78,-1,1,2.03350081748822,1.63142275401219,0.663620401336858,1
79,79,1,1,2.24736596537104,3.04174283382239,0.413449740987019,1
79,80,-1,1,2.03350081748822,1.63142275401219,0.629720149521939,1
79,81,1,1,2.24736596537104,3.04174283382239,0.641477946856615,1
79,82,1,1,2.24736596537104,3.04174283382239,0.729763544004201,1
79,83,1,1,2.24736596537104,3.04174283382239,0.605280129392548,1
79,84,-1,1,2.03350081748822,1.63142275401219,0.473965171855374,1
79,85,-1,1,2.03350081748822,1.63142275401219,1.24385998197333,1
79,86,1,1,2.24736596537104,3.04174283382239,0.962367983765369,1
79,87,-1,1,2.03350081748822,1.63142275401219,0.836475510663189,1
79,88,1,1,2.24736596537104,3.04174283382239,0.496270828825662,1
79,89,1,1,2.24736596537104,3.04174283382239,0.606246748275351,1
79,90,1,1,2.24736596537104,3.04174283382239,0.622118672725182,1
79,91,-1,1,2.03350081748822,1.63142275401219,0.820097278608853,1
79,92,-1,1,2.03350081748822,1.63142275401219,0.495327672768252,1
79,93,-1,1,2.03350081748822,1.63142275401219,0.761077550550277,-1
79,94,1,-1,2.14204043352319,1.73739359104247,0.486796520112011,1
79,95,1,1,2.24736596537104,3.04174283382239,0.609538487911268,1
79,96,1,1,2.24736596537104,3.04174283382239,0.689574014870329,1
79,97,1,1,2.24736596537104,3.04174283382239,1.26455183043106,1
79,98,1,1,2.24736596537104,3.04174283382239,0.4158344075922,1
79,99,-1,1,2.03350081748822,1.63142275401219,0.852691615438313,1
79,100,1,1,2.24736596537104,3.04174283382239,0.751358548336365,1
79,101,-1,1,2.03350081748822,1.63142275401219,0.465287421093953,1
80,2,-1,1,2.19527744849463,0.400123018603839,0.53138809960605,-1
80,3,1,-1,2.31245201233088,2.44383424047271,0.568618280524307,1
80,4,-1,1,2.19527744849463,0.400123018603839,0.524164989522018,1
80,5,1,1,2.42615679318358,3.56946666559365,0.465187894050105,1
80,6,-1,1,2.19527744849463,0.400123018603839,0.462353839906121,1
80,7,1,1,2.42615679318358,3.56946666559365,1.09248865584212,1
80,8,1,1,2.42615679318358,3.56946666559365,0.505901495060438,1
80,9,1,1,2.42615679318358,3.56946666559365,0.48315598029963,1
80,10,-1,1,2.19527744849463,0.400123018603839,1.38742471931008,-1
80,11,1,-1,2.31245201233088,2.44383424047271,0.424272858217679,1
80,12,-1,1,2.19527744849463,0.400123018603839,0.337905210570033,1
80,13,-1,1,2.19527744849463,0.400123018603839,0.450891067804526,1
80,14,1,1,2.42615679318358,3.56946666559365,0.582079172046143,1
80,15,-1,1,2.19527744849463,0.400123018603839,1.093061649737,1
80,16,-1,1,2.19527744849463,0.400123018603839,0.687512527093058,-1
80,17,-1,-1,2.09239310816953,0.786576075329806,0.47696189557203,1
80,18,1,1,2.42615679318358,3.56946666559365,0.394724381373411,1
80,19,-1,1,2.19527744849463,0.400123018603839,0.654843259391143,1
80,20,-1,1,2.19527744849463,0.400123018603839,1.08545539390146,1
80,21,-1,1,2.19527744849463,0.400123018603839,0.673898017061437,-1
80,22,1,-1,2.31245201233088,2.44383424047271,0.701948302374629,1
80,23,1,1,2.42615679318358,3.56946666559365,0.276078337226767,1
80,24,1,1,2.42615679318358,3.56946666559365,0.909451784851942,1
80,25,1,1,2.42615679318358,3.56946666559365,0.435536898562481,1
80,26,1,1,2.42615679318358,3.56946666559365,0.451629379501337,1
80,27,-1,1,2.19527744849463,0.400123018603839,1.64283551421428,1
80,28,1,1,2.42615679318358,3.56946666559365,0.524052313576378,1
80,29,-1,1,2.19527744849463,0.400123018603839,0.64250108010115,1
80,30,1,1,2.42615679318358,3.56946666559365,0.549972317844859,1
80,31,1,1,2.42615679318358,3.56946666559365,0.840133416560441,1
80,32,-1,1,2.19527744849463,0.400123018603839,1.19428637475628,1
80,33,-1,1,2.19527744849463,0.400123018603839,2.53933158297774,1
80,34,-1,1,2.19527744849463,0.400123018603839,0.526190785202028,1
80,35,1,1,2.42615679318358,3.56946666559365,0.545998914554334,1
80,36,-1,1,2.19527744849463,0.400123018603839,0.717157694401328,-1
80,37,-1,-1,2.09239310816953,0.786576075329806,0.922610811600737,1
80,38,-1,1,2.19527744849463,0.400123018603839,1.19847015025432,1
80,39,-1,1,2.19527744849463,0.400123018603839,1.00879445371082,-1
80,40,1,-1,2.31245201233088,2.44383424047271,0.884802217314037,1
80,41,-1,1,2.19527744849463,0.400123018603839,0.48596325189216,1
80,42,1,1,2.42615679318358,3.56946666559365,0.561927914263911,1
80,43,1,1,2.42615679318358,3.56946666559365,1.01789990635265,1
80,44,-1,1,2.19527744849463,0.400123018603839,1.24717150190632,1
80,45,1,1,2.42615679318358,3.56946666559365,0.732846793303928,1
80,46,1,1,2.42615679318358,3.56946666559365,0.782125464304296,1
80,47,1,1,2.42615679318358,3.56946666559365,0.585389146619685,1
80,48,1,1,2.42615679318358,3.56946666559365,0.661764228362871,1
80,49,-1,1,2.19527744849463,0.400123018603839,0.568448507870239,1
80,50,-1,1,2.19527744849463,0.400123018603839,0.455376791224733,1
80,51,1,1,2.42615679318358,3.56946666559365,0.488600978031089,1
80,52,-1,1,2.19527744849463,0.400123018603839,1.65554074888331,1
80,53,1,1,2.42615679318358,3.56946666559365,0.44623701107544,1
80,54,1,1,2.42615679318358,3.56946666559365,0.514664218129654,1
80,55,1,1,2.42615679318358,3.56946666559365,0.791311689897094,1
80,56,-1,1,2.19527744849463,0.400123018603839,0.962852447481499,1
80,57,-1,1,2.19527744849463,0.400123018603839,1.05110958455026,-1
80,58,1,-1,2.31245201233088,2.44383424047271,0.383503013302787,1
80,59,-1,1,2.19527744849463,0.400123018603839,0.56034943094795,1
80,60,-1,1,2.19527744849463,0.400123018603839,0.795264525726402,-1
80,61,1,-1,2.31245201233088,2.44383424047271,0.876164595527468,1
80,62,1,1,2.42615679318358,3.56946666559365,0.642204770806237,1
80,63,1,1,2.42615679318358,3.56946666559365,0.548904205387644,1
80,64,1,1,2.42615679318358,3.56946666559365,0.943150044465825,1
80,65,1,1,2.42615679318358,3.56946666559365,0.528346964813577,1
80,66,-1,1,2.19527744849463,0.400123018603839,0.946760344643225,1
80,67,1,1,2.42615679318358,3.56946666559365,0.568493779080122,1
80,68,1,1,2.42615679318358,3.56946666559365,0.434583273595503,1
80,69,-1,1,2.19527744849463,0.400123018603839,3.66247504815025,-1
80,70,-1,-1,2.09239310816953,0.786576075329806,2.90569931720774,1
80,71,-1,1,2.19527744849463,0.400123018603839,1.08711029387386,-1
80,72,1,-1,2.31245201233088,2.44383424047271,0.97917426772063,1
80,73,-1,1,2.19527744849463,0.400123018603839,4.03518398308583,-1
80,74,1,-1,2.31245201233088,2.44383424047271,0.414208618024745,1
80,75,-1,1,2.19527744849463,0.400123018603839,0.600819425383498,1
80,76,1,1,2.42615679318358,3.56946666559365,0.452687569938973,1
80,77,-1,1,2.19527744849463,0.400123018603839,3.14272773072457,1
80,78,-1,1,2.19527744849463,0.400123018603839,2.73549944028036,1
80,79,1,1,2.42615679318358,3.56946666559365,0.794777981507313,1
80,80,-1,1,2.19527744849463,0.400123018603839,0.918938207194851,1
80,81,1,1,2.42615679318358,3.56946666559365,0.444452884451063,1
80,82,1,1,2.42615679318358,3.56946666559365,0.287359825335716,1
80,83,1,1,2.42615679318358,3.56946666559365,0.420026842626678,1
80,84,1,1,2.42615679318358,3.56946666559365,0.447974887779494,1
80,85,-1,1,2.19527744849463,0.400123018603839,0.731144436816969,1
80,86,-1,1,2.19527744849463,0.400123018603839,1.17373576517317,-1
80,87,-1,-1,2.09239310816953,0.786576075329806,0.406619744918716,1
80,88,1,1,2.42615679318358,3.56946666559365,0.842114100653203,1
80,89,-1,1,2.19527744849463,0.400123018603839,0.911072830197268,1
80,90,-1,1,2.19527744849463,0.400123018603839,1.64459382819611,1
80,91,-1,1,2.19527744849463,0.400123018603839,4.32897194370999,-1
80,92,-1,-1,2.09239310816953,0.786576075329806,2.48313517827156,1
80,93,1,1,2.42615679318358,3.56946666559365,0.759574883522891,1
80,94,-1,1,2.19527744849463,0.400123018603839,0.801858787582168,1
80,95,1,1,2.42615679318358,3.56946666559365,1.00416991649291,1
80,96,-1,1,2.19527744849463,0.400123018603839,2.210390684079,-1
80,97,1,-1,2.31245201233088,2.44383424047271,0.421531937358485,1
80,98,1,1,2.42615679318358,3.56946666559365,0.675542450476273,1
80,99,1,1,2.42615679318358,3.56946666559365,0.508295512762313,1
80,100,-1,1,2.19527744849463,0.400123018603839,1.08199112381856,1
80,101,-1,1,2.19527744849463,0.400123018603839,1.53603079481112,1
81,2,-1,1,2.10377179479952,0.63763218390247,1.302133246184,1
81,3,-1,1,2.10377179479952,0.63763218390247,0.685626381161309,-1
81,4,-1,-1,2.0051759779241,0.655354830868131,3.11553640581977,-1
81,5,1,-1,2.21606217642562,1.6260489732994,0.804377321607547,1
81,6,-1,1,2.10377179479952,0.63763218390247,0.664926797741983,1
81,7,1,1,2.32502740588024,4.28096401193,0.519748208473838,1
81,8,-1,1,2.10377179479952,0.63763218390247,0.799096276951568,1
81,9,-1,1,2.10377179479952,0.63763218390247,0.961460680597492,1
81,10,1,1,2.32502740588024,4.28096401193,0.28730184127257,1
81,11,-1,1,2.10377179479952,0.63763218390247,1.11733150505897,1
81,12,-1,1,2.10377179479952,0.63763218390247,2.62066015519776,-1
81,13,1,-1,2.21606217642562,1.6260489732994,1.00957812035153,1
81,14,1,1,2.32502740588024,4.28096401193,0.561259350348485,1
81,15,-1,1,2.10377179479952,0.63763218390247,0.713527984937947,1
81,16,1,1,2.32502740588024,4.28096401193,0.376764442917667,1
81,17,-1,1,2.10377179479952,0.63763218390247,0.551758784396659,1
81,18,1,1,2.32502740588024,4.28096401193,0.370815589561309,1
81,19,-1,1,2.10377179479952,0.63763218390247,1.52277204355291,1
81,20,1,1,2.32502740588024,4.28096401193,0.300572007105919,1
81,21,1,1,2.32502740588024,4.28096401193,0.627008687540164,1
81,22,-1,1,2.10377179479952,0.63763218390247,1.33420573745243,1
81,23,-1,1,2.10377179479952,0.63763218390247,1.39087847340366,1
81,24,-1,1,2.10377179479952,0.63763218390247,0.871790773011214,1
81,25,1,1,2.32502740588024,4.28096401193,0.480842702004137,1
81,26,-1,1,2.10377179479952,0.63763218390247,1.67169536236781,1
81,27,-1,1,2.10377179479952,0.63763218390247,0.448108869067044,1
81,28,1,1,2.32502740588024,4.28096401193,0.427994006461313,1
81,29,-1,1,2.10377179479952,0.63763218390247,0.963728108889711,1
81,30,1,1,2.32502740588024,4.28096401193,0.510961847705808,1
81,31,1,1,2.32502740588024,4.28096401193,0.567886656644745,1
81,32,1,1,2.32502740588024,4.28096401193,0.421206141659541,1
81,33,1,1,2.32502740588024,4.28096401193,0.406211306394639,1
81,34,1,1,2.32502740588024,4.28096401193,0.648578292692561,1
81,35,-1,1,2.10377179479952,0.63763218390247,0.711451341518571,-1
81,36,-1,-1,2.0051759779241,0.655354830868131,0.907663533473681,1
81,37,1,1,2.32502740588024,4.28096401193,0.540140835424848,1
81,38,-1,1,2.10377179479952,0.63763218390247,0.409484936415112,-1
81,39,1,-1,2.21606217642562,1.6260489732994,0.364077247188907,1
81,40,-1,1,2.10377179479952,0.63763218390247,0.381517477002093,1
81,41,1,1,2.32502740588024,4.28096401193,0.678928557998634,1
81,42,-1,1,2.10377179479952,0.63763218390247,1.44277880878753,-1
81,43,1,-1,2.21606217642562,1.6260489732994,0.742937842883125,-1
81,44,-1,-1,2.0051759779241,0.655354830868131,0.471016123078716,1
81,45,-1,1,2.10377179479952,0.63763218390247,0.443554355695862,1
81,46,1,1,2.32502740588024,4.28096401193,0.683112209800759,1
81,47,-1,1,2.10377179479952,0.63763218390247,0.474383594094068,1
81,48,1,1,2.32502740588024,4.28096401193,0.696879049259824,1
81,49,-1,1,2.10377179479952,0.63763218390247,0.386703757383276,1
81,50,-1,1,2.10377179479952,0.63763218390247,0.423622361220079,-1
81,51,1,-1,2.21606217642562,1.6260489732994,0.686189439174428,1
81,52,1,1,2.32502740588024,4.28096401193,0.508581654773551,1
81,53,1,1,2.32502740588024,4.28096401193,0.390447326303848,1
81,54,-1,1,2.10377179479952,0.63763218390247,1.96071885180788,1
81,55,1,1,2.32502740588024,4.28096401193,1.03819273731314,1
81,56,1,1,2.32502740588024,4.28096401193,0.38083607215431,1
81,57,-1,1,2.10377179479952,0.63763218390247,0.875814088662181,1
81,58,1,1,2.32502740588024,4.28096401193,0.502887278227282,1
81,59,1,1,2.32502740588024,4.28096401193,0.336539882741288,1
81,60,1,1,2.32502740588024,4.28096401193,0.40329310784672,1
81,61,1,1,2.32502740588024,4.28096401193,0.667624010966367,1
81,62,-1,1,2.10377179479952,0.63763218390247,0.449180260808845,1
81,63,1,1,2.32502740588024,4.28096401193,0.577469656467581,1
81,64,1,1,2.32502740588024,4.28096401193,0.484067719981256,1
81,65,-1,1,2.10377179479952,0.63763218390247,2.21225025552257,1
81,66,1,1,2.32502740588024,4.28096401193,0.380299835537424,1
81,67,1,1,2.32502740588024,4.28096401193,0.531986233367712,1
81,68,1,1,2.32502740588024,4.28096401193,0.547122558542693,1
81,69,-1,1,2.10377179479952,0.63763218390247,1.47782641679715,-1
81,70,-1,-1,2.0051759779241,0.655354830868131,0.435152706550902,-1
81,71,1,-1,2.21606217642562,1.6260489732994,0.661818791700893,1
81,72,1,1,2.32502740588024,4.28096401193,0.640495602681077,1
81,73,1,1,2.32502740588024,4.28096401193,0.356535886219768,1
81,74,-1,1,2.10377179479952,0.63763218390247,0.795432210327665,-1
81,75,1,-1,2.21606217642562,1.6260489732994,0.75990344108325,1
81,76,-1,1,2.10377179479952,0.63763218390247,0.797266959797338,1
81,77,1,1,2.32502740588024,4.28096401193,0.453579557280014,1
81,78,-1,1,2.10377179479952,0.63763218390247,0.766939257462646,1
81,79,-1,1,2.10377179479952,0.63763218390247,0.462843388080055,1
81,80,-1,1,2.10377179479952,0.63763218390247,0.668936474383587,1
81,81,-1,1,2.10377179479952,0.63763218390247,0.31086600709804,1
81,82,1,1,2.32502740588024,4.28096401193,0.355934873022513,1
81,83,1,1,2.32502740588024,4.28096401193,0.886110367090629,1
81,84,-1,1,2.10377179479952,0.63763218390247,1.09686671995931,1
81,85,-1,1,2.10377179479952,0.63763218390247,0.769269129604899,1
81,86,1,1,2.32502740588024,4.28096401193,0.559803721883073,1
81,87,1,1,2.32502740588024,4.28096401193,0.402824981099847,1
81,88,-1,1,2.10377179479952,0.63763218390247,0.547226048181471,1
81,89,-1,1,2.10377179479952,0.63763218390247,0.574789565344494,1
81,90,1,1,2.32502740588024,4.28096401193,0.387435236700552,1
81,91,-1,1,2.10377179479952,0.63763218390247,1.46662905676162,-1
81,92,1,-1,2.21606217642562,1.6260489732994,0.702154164174394,1
81,93,1,1,2.32502740588024,4.28096401193,0.427432600763565,1
81,94,-1,1,2.10377179479952,0.63763218390247,2.46103178181027,1
81,95,-1,1,2.10377179479952,0.63763218390247,1.55518203234397,1
81,96,-1,1,2.10377179479952,0.63763218390247,0.492539755607139,1
81,97,-1,1,2.10377179479952,0.63763218390247,0.662528935838513,1
81,98,-1,1,2.10377179479952,0.63763218390247,1.12155041531458,1
81,99,1,1,2.32502740588024,4.28096401193,0.583001003835361,1
81,100,-1,1,2.10377179479952,0.63763218390247,2.32555857654859,1
81,101,1,1,2.32502740588024,4.28096401193,0.452374010136021,1
82,2,1,1,1.94791419704113,3.43646398375114,0.642255993363577,1
82,3,-1,1,1.76254565260628,1.85937999361057,0.544814745163773,1
82,4,1,1,1.94791419704113,3.43646398375114,0.43524593474864,1
82,5,-1,1,1.76254565260628,1.85937999361057,0.867321858817825,1
82,6,1,1,1.94791419704113,3.43646398375114,0.441614345544831,1
82,7,-1,1,1.76254565260628,1.85937999361057,0.502531214256733,1
82,8,1,1,1.94791419704113,3.43646398375114,0.399233196595812,1
82,9,1,1,1.94791419704113,3.43646398375114,0.788939060782593,1
82,10,-1,1,1.76254565260628,1.85937999361057,0.442495862661187,1
82,11,1,1,1.94791419704113,3.43646398375114,0.448127772842646,1
82,12,-1,1,1.76254565260628,1.85937999361057,0.914624991660186,1
82,13,1,1,1.94791419704113,3.43646398375114,0.594756309464217,1
82,14,1,1,1.94791419704113,3.43646398375114,0.546568619177444,1
82,15,1,1,1.94791419704113,3.43646398375114,0.722943743867745,1
82,16,1,1,1.94791419704113,3.43646398375114,0.362525655005593,1
82,17,-1,1,1.76254565260628,1.85937999361057,0.451395255939799,1
82,18,-1,1,1.76254565260628,1.85937999361057,1.81496613488523,1
82,19,-1,1,1.76254565260628,1.85937999361057,1.44799987251937,1
82,20,1,1,1.94791419704113,3.43646398375114,0.46364188262228,1
82,21,-1,1,1.76254565260628,1.85937999361057,0.731143113894981,1
82,22,1,1,1.94791419704113,3.43646398375114,0.383608339978028,1
82,23,1,1,1.94791419704113,3.43646398375114,0.480388844729547,1
82,24,-1,1,1.76254565260628,1.85937999361057,0.415289989918121,1
82,25,-1,1,1.76254565260628,1.85937999361057,0.643395347391175,-1
82,26,-1,-1,1.67994181276562,-0.155366152073472,0.353674772572869,-1
82,27,-1,-1,1.67994181276562,-0.155366152073472,0.522132228574893,1
82,28,-1,1,1.76254565260628,1.85937999361057,0.618937687301385,1
82,29,1,1,1.94791419704113,3.43646398375114,0.510894554117594,-1
82,30,1,-1,1.85662283552785,2.05952217471176,0.56100562323106,1
82,31,1,1,1.94791419704113,3.43646398375114,0.523244403768447,1
82,32,1,1,1.94791419704113,3.43646398375114,0.480641749824549,1
82,33,-1,1,1.76254565260628,1.85937999361057,0.614978949099906,1
82,34,-1,1,1.76254565260628,1.85937999361057,0.560841339266819,1
82,35,1,1,1.94791419704113,3.43646398375114,0.531192932674391,1
82,36,1,1,1.94791419704113,3.43646398375114,0.451427391109067,1
82,37,-1,1,1.76254565260628,1.85937999361057,0.454086163468129,1
82,38,-1,1,1.76254565260628,1.85937999361057,0.515182815276876,1
82,39,1,1,1.94791419704113,3.43646398375114,0.393787360922743,1
82,40,-1,1,1.76254565260628,1.85937999361057,0.596874368540154,1
82,41,-1,1,1.76254565260628,1.85937999361057,2.04007086979448,-1
82,42,1,-1,1.85662283552785,2.05952217471176,0.455563493521489,1
82,43,1,1,1.94791419704113,3.43646398375114,0.432518247119915,1
82,44,-1,1,1.76254565260628,1.85937999361057,0.469529710718422,-1
82,45,-1,-1,1.67994181276562,-0.155366152073472,0.94268386517483,1
82,46,1,1,1.94791419704113,3.43646398375114,0.755053932163038,1
82,47,1,1,1.94791419704113,3.43646398375114,0.440502366770987,1
82,48,1,1,1.94791419704113,3.43646398375114,0.482546006680014,1
82,49,-1,1,1.76254565260628,1.85937999361057,0.555134541229603,1
82,50,1,1,1.94791419704113,3.43646398375114,0.625933308647291,1
82,51,-1,1,1.76254565260628,1.85937999361057,0.389590862881699,1
82,52,-1,1,1.76254565260628,1.85937999361057,0.539280642274378,1
82,53,-1,1,1.76254565260628,1.85937999361057,0.57852975514215,1
82,54,-1,1,1.76254565260628,1.85937999361057,0.629005984145475,1
82,55,1,1,1.94791419704113,3.43646398375114,0.795691460105001,1
82,56,1,1,1.94791419704113,3.43646398375114,0.811159620184804,1
82,57,-1,1,1.76254565260628,1.85937999361057,0.698546084474312,1
82,58,-1,1,1.76254565260628,1.85937999361057,0.773569662467177,1
82,59,-1,1,1.76254565260628,1.85937999361057,0.591965135119187,1
82,60,-1,1,1.76254565260628,1.85937999361057,0.777271970411628,1
82,61,1,1,1.94791419704113,3.43646398375114,0.642250757374187,1
82,62,-1,1,1.76254565260628,1.85937999361057,0.336843595793377,1
82,63,1,1,1.94791419704113,3.43646398375114,0.51831631318102,1
82,64,-1,1,1.76254565260628,1.85937999361057,0.81318474251407,1
82,65,-1,1,1.76254565260628,1.85937999361057,0.67900377378859,1
82,66,-1,1,1.76254565260628,1.85937999361057,0.594689740547788,1
82,67,-1,1,1.76254565260628,1.85937999361057,0.399921166862698,1
82,68,-1,1,1.76254565260628,1.85937999361057,0.586465290676447,1
82,69,-1,1,1.76254565260628,1.85937999361057,0.547983678104985,1
82,70,1,1,1.94791419704113,3.43646398375114,0.386489128060328,1
82,71,-1,1,1.76254565260628,1.85937999361057,0.283126557959835,1
82,72,-1,1,1.76254565260628,1.85937999361057,0.35616395936764,1
82,73,1,1,1.94791419704113,3.43646398375114,0.514367291892117,1
82,74,-1,1,1.76254565260628,1.85937999361057,0.488818653243057,1
82,75,1,1,1.94791419704113,3.43646398375114,0.50894462110548,1
82,76,-1,1,1.76254565260628,1.85937999361057,0.879997257399338,1
82,77,1,1,1.94791419704113,3.43646398375114,0.362227340668284,1
82,78,1,1,1.94791419704113,3.43646398375114,0.404920154178803,1
82,79,-1,1,1.76254565260628,1.85937999361057,0.644811444757514,1
82,80,1,1,1.94791419704113,3.43646398375114,0.317787697665317,1
82,81,-1,1,1.76254565260628,1.85937999361057,0.622929487233664,1
82,82,1,1,1.94791419704113,3.43646398375114,0.294102949200977,1
82,83,-1,1,1.76254565260628,1.85937999361057,0.615237418294078,1
82,84,-1,1,1.76254565260628,1.85937999361057,0.532442462337195,1
82,85,1,1,1.94791419704113,3.43646398375114,0.340531364540222,1
82,86,1,1,1.94791419704113,3.43646398375114,0.811067615264135,1
82,87,1,1,1.94791419704113,3.43646398375114,0.646891832105453,1
82,88,-1,1,1.76254565260628,1.85937999361057,0.434622821029362,1
82,89,1,1,1.94791419704113,3.43646398375114,0.682522303962587,1
82,90,-1,1,1.76254565260628,1.85937999361057,0.806678911170353,-1
82,91,-1,-1,1.67994181276562,-0.155366152073472,2.03737977426453,1
82,92,1,1,1.94791419704113,3.43646398375114,0.523172364206941,1
82,93,1,1,1.94791419704113,3.43646398375114,0.620456097380432,1
82,94,1,1,1.94791419704113,3.43646398375114,0.410965618547734,1
82,95,1,1,1.94791419704113,3.43646398375114,0.309646855790373,1
82,96,1,1,1.94791419704113,3.43646398375114,0.508714135652742,1
82,97,1,1,1.94791419704113,3.43646398375114,0.49346835541918,1
82,98,1,1,1.94791419704113,3.43646398375114,0.347080346070423,1
82,99,-1,1,1.76254565260628,1.85937999361057,0.511175250926863,1
82,100,1,1,1.94791419704113,3.43646398375114,0.731302602696248,1
82,101,1,1,1.94791419704113,3.43646398375114,0.368865964040524,1
83,2,1,1,1.92948228904131,3.84703021796148,0.662024835646667,1
83,3,1,1,1.92948228904131,3.84703021796148,0.345407704668488,1
83,4,-1,1,1.74586777256225,0.0820678465901561,0.595567694186942,1
83,5,-1,1,1.74586777256225,0.0820678465901561,3.46295593736545,1
83,6,1,1,1.92948228904131,3.84703021796148,0.505729986761912,1
83,7,-1,1,1.74586777256225,0.0820678465901561,0.691005699251855,-1
83,8,1,-1,1.83905476125291,1.60329008711612,1.4372270973904,1
83,9,1,1,1.92948228904131,3.84703021796148,0.305425431303405,1
83,10,1,1,1.92948228904131,3.84703021796148,0.365825714443555,1
83,11,-1,1,1.74586777256225,0.0820678465901561,0.411340827460719,1
83,12,-1,1,1.74586777256225,0.0820678465901561,0.681547514777157,-1
83,13,-1,-1,1.66404556179882,1.66761184833224,0.44501753775067,1
83,14,1,1,1.92948228904131,3.84703021796148,0.338934141658259,1
83,15,1,1,1.92948228904131,3.84703021796148,0.460692897286031,1
83,16,-1,1,1.74586777256225,0.0820678465901561,1.23309752258805,1
83,17,1,1,1.92948228904131,3.84703021796148,0.448150849417902,1
83,18,-1,1,1.74586777256225,0.0820678465901561,0.521250069804551,-1
83,19,-1,-1,1.66404556179882,1.66761184833224,0.483055118278598,1
83,20,-1,1,1.74586777256225,0.0820678465901561,1.08091563302028,1
83,21,1,1,1.92948228904131,3.84703021796148,0.441261417560004,1
83,22,1,1,1.92948228904131,3.84703021796148,0.3330933452209,1
83,23,1,1,1.92948228904131,3.84703021796148,0.46576760241563,1
83,24,-1,1,1.74586777256225,0.0820678465901561,0.459503115070212,1
83,25,-1,1,1.74586777256225,0.0820678465901561,0.32354982083759,-1
83,26,-1,-1,1.66404556179882,1.66761184833224,0.527225195661497,1
83,27,-1,1,1.74586777256225,0.0820678465901561,0.80294016671522,1
83,28,1,1,1.92948228904131,3.84703021796148,0.37883973589713,1
83,29,1,1,1.92948228904131,3.84703021796148,0.591509543956771,1
83,30,-1,1,1.74586777256225,0.0820678465901561,0.45613908352813,-1
83,31,-1,-1,1.66404556179882,1.66761184833224,0.564257062269477,1
83,32,1,1,1.92948228904131,3.84703021796148,0.535291236416705,1
83,33,1,1,1.92948228904131,3.84703021796148,0.307156488501395,1
83,34,1,1,1.92948228904131,3.84703021796148,0.403408386424727,1
83,35,1,1,1.92948228904131,3.84703021796148,0.447496072275826,1
83,36,1,1,1.92948228904131,3.84703021796148,0.359487913701756,1
83,37,-1,1,1.74586777256225,0.0820678465901561,0.741199612631634,1
83,38,-1,1,1.74586777256225,0.0820678465901561,0.85918077543013,-1
83,39,-1,-1,1.66404556179882,1.66761184833224,0.921035581927088,1
83,40,-1,1,1.74586777256225,0.0820678465901561,0.76488546284209,-1
83,41,1,-1,1.83905476125291,1.60329008711612,0.817679113648845,1
83,42,-1,1,1.74586777256225,0.0820678465901561,0.622437110068707,-1
83,43,1,-1,1.83905476125291,1.60329008711612,1.10216848554089,1
83,44,-1,1,1.74586777256225,0.0820678465901561,0.459938118578706,-1
83,45,1,-1,1.83905476125291,1.60329008711612,0.957631581121494,1
83,46,-1,1,1.74586777256225,0.0820678465901561,1.81018654804295,-1
83,47,-1,-1,1.66404556179882,1.66761184833224,0.410459699663499,1
83,48,-1,1,1.74586777256225,0.0820678465901561,1.75093506769684,-1
83,49,1,-1,1.83905476125291,1.60329008711612,0.744456790973149,1
83,50,1,1,1.92948228904131,3.84703021796148,0.519352126215362,1
83,51,-1,1,1.74586777256225,0.0820678465901561,0.689332392998642,-1
83,52,-1,-1,1.66404556179882,1.66761184833224,0.394328489097327,1
83,53,-1,1,1.74586777256225,0.0820678465901561,1.27737129139583,1
83,54,-1,1,1.74586777256225,0.0820678465901561,0.50491657629664,1
83,55,-1,1,1.74586777256225,0.0820678465901561,0.765328267084343,-1
83,56,-1,-1,1.66404556179882,1.66761184833224,0.320648446302679,1
83,57,1,1,1.92948228904131,3.84703021796148,0.550672694456476,1
83,58,1,1,1.92948228904131,3.84703021796148,0.418564011452143,1
83,59,1,1,1.92948228904131,3.84703021796148,0.471081395675283,1
83,60,1,1,1.92948228904131,3.84703021796148,0.454149746355554,1
83,61,-1,1,1.74586777256225,0.0820678465901561,0.69369327404071,1
83,62,-1,1,1.74586777256225,0.0820678465901561,1.24567925320663,1
83,63,-1,1,1.74586777256225,0.0820678465901561,0.38128812231664,1
83,64,-1,1,1.74586777256225,0.0820678465901561,0.609083376602764,1
83,65,1,1,1.92948228904131,3.84703021796148,0.368756193743416,1
83,66,-1,1,1.74586777256225,0.0820678465901561,0.654967330631835,1
83,67,1,1,1.92948228904131,3.84703021796148,0.35991201127294,1
83,68,1,1,1.92948228904131,3.84703021796148,0.607614496792578,1
83,69,1,1,1.92948228904131,3.84703021796148,0.392225628621979,1
83,70,-1,1,1.74586777256225,0.0820678465901561,2.08810760264604,1
83,71,1,1,1.92948228904131,3.84703021796148,0.527207312107091,1
83,72,-1,1,1.74586777256225,0.0820678465901561,0.423741699257422,1
83,73,-1,1,1.74586777256225,0.0820678465901561,0.727293338285569,1
83,74,-1,1,1.74586777256225,0.0820678465901561,0.502855448099559,-1
83,75,1,-1,1.83905476125291,1.60329008711612,0.43097329558206,1
83,76,-1,1,1.74586777256225,0.0820678465901561,0.64837485163297,1
83,77,1,1,1.92948228904131,3.84703021796148,0.331588954747897,1
83,78,1,1,1.92948228904131,3.84703021796148,0.334417209486963,1
83,79,1,1,1.92948228904131,3.84703021796148,0.330343761886563,1
83,80,-1,1,1.74586777256225,0.0820678465901561,0.510851433258003,1
83,81,-1,1,1.74586777256225,0.0820678465901561,0.691833891617781,-1
83,82,1,-1,1.83905476125291,1.60329008711612,1.86658424596679,1
83,83,1,1,1.92948228904131,3.84703021796148,0.581463707714968,1
83,84,1,1,1.92948228904131,3.84703021796148,0.396233349784241,1
83,85,-1,1,1.74586777256225,0.0820678465901561,0.648881944309748,-1
83,86,1,-1,1.83905476125291,1.60329008711612,0.619923714857294,1
83,87,-1,1,1.74586777256225,0.0820678465901561,0.501215414797024,-1
83,88,1,-1,1.83905476125291,1.60329008711612,0.401204488661851,1
83,89,-1,1,1.74586777256225,0.0820678465901561,1.38064310981753,-1
83,90,1,-1,1.83905476125291,1.60329008711612,0.72041755293785,1
83,91,1,1,1.92948228904131,3.84703021796148,0.348129997867163,1
83,92,-1,1,1.74586777256225,0.0820678465901561,0.783682426819527,-1
83,93,1,-1,1.83905476125291,1.60329008711612,0.741132540857846,1
83,94,1,1,1.92948228904131,3.84703021796148,0.476490633167818,1
83,95,1,1,1.92948228904131,3.84703021796148,0.422192509512929,1
83,96,1,1,1.92948228904131,3.84703021796148,0.567777564210618,1
83,97,-1,1,1.74586777256225,0.0820678465901561,1.73228483456714,1
83,98,-1,1,1.74586777256225,0.0820678465901561,0.748192945594492,1
83,99,1,1,1.92948228904131,3.84703021796148,0.621463602997248,1
83,100,1,1,1.92948228904131,3.84703021796148,0.454114460647634,1
83,101,-1,1,1.74586777256225,0.0820678465901561,0.390624968623224,1
84,2,-1,1,1.68870443576903,1.327697577975,0.337661006608485,1
84,3,-1,1,1.68870443576903,1.327697577975,0.611011222865865,1
84,4,-1,1,1.68870443576903,1.327697577975,0.73669743010519,1
84,5,1,1,1.86630703163728,3.35312285118502,0.216338370517223,1
84,6,1,1,1.86630703163728,3.35312285118502,0.500372949840195,1
84,7,1,1,1.86630703163728,3.35312285118502,0.289997431080738,1
84,8,1,1,1.86630703163728,3.35312285118502,0.641092590494016,1
84,9,1,1,1.86630703163728,3.35312285118502,0.299277634309996,1
84,10,1,1,1.86630703163728,3.35312285118502,0.501559914925321,1
84,11,-1,1,1.68870443576903,1.327697577975,0.383705300440168,1
84,12,1,1,1.86630703163728,3.35312285118502,0.416749249186788,1
84,13,-1,1,1.68870443576903,1.327697577975,0.40799363505488,1
84,14,-1,1,1.68870443576903,1.327697577975,0.882300243519234,1
84,15,1,1,1.86630703163728,3.35312285118502,0.353080565096983,1
84,16,1,1,1.86630703163728,3.35312285118502,0.276264495936313,1
84,17,-1,1,1.68870443576903,1.327697577975,0.302178240540074,1
84,18,1,1,1.86630703163728,3.35312285118502,0.259747344728771,1
84,19,-1,1,1.68870443576903,1.327697577975,0.835401718442606,1
84,20,-1,1,1.68870443576903,1.327697577975,0.50263034570903,1
84,21,1,1,1.86630703163728,3.35312285118502,0.399052748256165,1
84,22,-1,1,1.68870443576903,1.327697577975,0.558289621742901,1
84,23,-1,1,1.68870443576903,1.327697577975,0.635180111897828,1
84,24,1,1,1.86630703163728,3.35312285118502,0.439209255224544,1
84,25,1,1,1.86630703163728,3.35312285118502,0.788426822705736,1
84,26,-1,1,1.68870443576903,1.327697577975,0.425226542135043,1
84,27,1,1,1.86630703163728,3.35312285118502,0.323850755987175,1
84,28,1,1,1.86630703163728,3.35312285118502,0.369836766784517,1
84,29,-1,1,1.68870443576903,1.327697577975,1.0010285353367,-1
84,30,1,-1,1.77884028891381,2.25426440773162,0.767016066656023,1
84,31,-1,1,1.68870443576903,1.327697577975,0.404460791520286,1
84,32,1,1,1.86630703163728,3.35312285118502,0.366542957733907,1
84,33,-1,1,1.68870443576903,1.327697577975,0.505663837080031,1
84,34,1,1,1.86630703163728,3.35312285118502,0.390958397071234,1
84,35,-1,1,1.68870443576903,1.327697577975,0.999606204469227,1
84,36,1,1,1.86630703163728,3.35312285118502,0.590887930326952,1
84,37,1,1,1.86630703163728,3.35312285118502,0.470559376542961,1
84,38,1,1,1.86630703163728,3.35312285118502,0.362858964329965,1
84,39,1,1,1.86630703163728,3.35312285118502,0.29952780065533,1
84,40,1,1,1.86630703163728,3.35312285118502,0.358803848545333,1
84,41,1,1,1.86630703163728,3.35312285118502,0.335927510652471,1
84,42,-1,1,1.68870443576903,1.327697577975,0.507927318382204,1
84,43,-1,1,1.68870443576903,1.327697577975,0.594967215758523,1
84,44,-1,1,1.68870443576903,1.327697577975,0.625848784709651,1
84,45,-1,1,1.68870443576903,1.327697577975,0.995175739485449,1
84,46,-1,1,1.68870443576903,1.327697577975,0.572035395829808,1
84,47,-1,1,1.68870443576903,1.327697577975,0.400523561695337,-1
84,48,1,-1,1.77884028891381,2.25426440773162,0.638669419648937,1
84,49,1,1,1.86630703163728,3.35312285118502,0.301771331211815,1
84,50,-1,1,1.68870443576903,1.327697577975,0.632023653530255,1
84,51,1,1,1.86630703163728,3.35312285118502,0.31899199978189,1
84,52,1,1,1.86630703163728,3.35312285118502,0.395416475090205,1
84,53,-1,1,1.68870443576903,1.327697577975,0.67493602417506,1
84,54,-1,1,1.68870443576903,1.327697577975,0.465000854757303,1
84,55,1,1,1.86630703163728,3.35312285118502,0.292029938929633,1
84,56,-1,1,1.68870443576903,1.327697577975,1.29518043676008,1
84,57,1,1,1.86630703163728,3.35312285118502,0.51399552401859,1
84,58,1,1,1.86630703163728,3.35312285118502,0.413807757125707,1
84,59,-1,1,1.68870443576903,1.327697577975,1.23262991362953,1
84,60,-1,1,1.68870443576903,1.327697577975,0.629752843802696,1
84,61,-1,1,1.68870443576903,1.327697577975,0.549275572531165,1
84,62,1,1,1.86630703163728,3.35312285118502,0.241560611364037,1
84,63,1,1,1.86630703163728,3.35312285118502,0.514088913760189,1
84,64,-1,1,1.68870443576903,1.327697577975,1.01808028594349,1
84,65,1,1,1.86630703163728,3.35312285118502,0.453304486939352,1
84,66,-1,1,1.68870443576903,1.327697577975,0.772001081768492,1
84,67,-1,1,1.68870443576903,1.327697577975,0.54943627679702,1
84,68,1,1,1.86630703163728,3.35312285118502,0.297889876440629,1
84,69,-1,1,1.68870443576903,1.327697577975,0.509661357405268,-1
84,70,-1,-1,1.60956125411911,0.264915163108359,0.259565459624872,1
84,71,1,1,1.86630703163728,3.35312285118502,0.315329159789583,1
84,72,1,1,1.86630703163728,3.35312285118502,0.5009169708883,1
84,73,1,1,1.86630703163728,3.35312285118502,0.606105114943517,1
84,74,1,1,1.86630703163728,3.35312285118502,0.39853883244456,1
84,75,-1,1,1.68870443576903,1.327697577975,0.393186381176115,-1
84,76,-1,-1,1.60956125411911,0.264915163108359,0.692132228733498,1
84,77,-1,1,1.68870443576903,1.327697577975,0.712952463796891,-1
84,78,1,-1,1.77884028891381,2.25426440773162,0.488505820516017,1
84,79,1,1,1.86630703163728,3.35312285118502,0.269809246108529,1
84,80,1,1,1.86630703163728,3.35312285118502,0.287279461657785,1
84,81,-1,1,1.68870443576903,1.327697577975,0.528993365523762,1
84,82,-1,1,1.68870443576903,1.327697577975,3.65614583277424,1
84,83,-1,1,1.68870443576903,1.327697577975,1.9561596426641,1
84,84,1,1,1.86630703163728,3.35312285118502,0.485755451732935,1
84,85,-1,1,1.68870443576903,1.327697577975,0.686667969624647,1
84,86,1,1,1.86630703163728,3.35312285118502,0.318810716005478,1
84,87,-1,1,1.68870443576903,1.327697577975,0.533650893240371,1
84,88,1,1,1.86630703163728,3.35312285118502,0.380580612908226,1
84,89,-1,1,1.68870443576903,1.327697577975,0.353581913809517,1
84,90,-1,1,1.68870443576903,1.327697577975,0.516221167690181,1
84,91,-1,1,1.68870443576903,1.327697577975,0.678239291532038,1
84,92,1,1,1.86630703163728,3.35312285118502,0.593077586181728,1
84,93,1,1,1.86630703163728,3.35312285118502,0.335868423271665,1
84,94,1,1,1.86630703163728,3.35312285118502,0.417469861444299,1
84,95,1,1,1.86630703163728,3.35312285118502,1.16505311121674,1
84,96,-1,1,1.68870443576903,1.327697577975,0.253291786902225,1
84,97,1,1,1.86630703163728,3.35312285118502,0.321556427277239,1
84,98,-1,1,1.68870443576903,1.327697577975,0.795360009011223,1
84,99,-1,1,1.68870443576903,1.327697577975,0.566070485517603,1
84,100,-1,1,1.68870443576903,1.327697577975,1.6298313587137,1
84,101,-1,1,1.68870443576903,1.327697577975,0.42943527770231,1
85,2,-1,1,1.4781344523976,1.08573595938089,0.276207399162979,1
85,3,1,1,1.6335912097955,3.52885149005835,0.329118121843422,1
85,4,-1,1,1.4781344523976,1.08573595938089,0.495794347447135,1
85,5,1,1,1.6335912097955,3.52885149005835,0.204802023498129,1
85,6,-1,1,1.4781344523976,1.08573595938089,0.554861502617945,-1
85,7,-1,-1,1.40885988842346,0.77471396660458,0.421984952080687,1
85,8,1,1,1.6335912097955,3.52885149005835,0.206877918463871,1
85,9,1,1,1.6335912097955,3.52885149005835,0.218668818677535,1
85,10,-1,1,1.4781344523976,1.08573595938089,0.183472107026671,1
85,11,-1,1,1.4781344523976,1.08573595938089,0.490690566725516,1
85,12,1,1,1.6335912097955,3.52885149005835,0.244688260929011,1
85,13,-1,1,1.4781344523976,1.08573595938089,0.438461102634277,1
85,14,1,1,1.6335912097955,3.52885149005835,0.444478509076918,1
85,15,-1,1,1.4781344523976,1.08573595938089,0.740685414615009,1
85,16,1,1,1.6335912097955,3.52885149005835,0.544429037267787,1
85,17,1,1,1.6335912097955,3.52885149005835,0.219884169919976,1
85,18,1,1,1.6335912097955,3.52885149005835,0.302415057896941,1
85,19,-1,1,1.4781344523976,1.08573595938089,0.294351770763235,1
85,20,1,1,1.6335912097955,3.52885149005835,0.279010468235804,1
85,21,-1,1,1.4781344523976,1.08573595938089,0.350960328431556,1
85,22,-1,1,1.4781344523976,1.08573595938089,0.487818991525025,-1
85,23,-1,-1,1.40885988842346,0.77471396660458,0.351360202943189,1
85,24,1,1,1.6335912097955,3.52885149005835,0.543319869397094,1
85,25,1,1,1.6335912097955,3.52885149005835,0.334852836041812,1
85,26,1,1,1.6335912097955,3.52885149005835,0.313263721137004,1
85,27,1,1,1.6335912097955,3.52885149005835,0.357435987666328,1
85,28,-1,1,1.4781344523976,1.08573595938089,0.307900113939806,-1
85,29,1,-1,1.55703097632891,1.81069858395618,0.740864776745803,1
85,30,1,1,1.6335912097955,3.52885149005835,0.310068029654938,1
85,31,1,1,1.6335912097955,3.52885149005835,0.42493956384764,1
85,32,-1,1,1.4781344523976,1.08573595938089,0.209618634155469,-1
85,33,1,-1,1.55703097632891,1.81069858395618,0.50448385910648,1
85,34,1,1,1.6335912097955,3.52885149005835,0.246971633337909,1
85,35,-1,1,1.4781344523976,1.08573595938089,0.408250086690467,1
85,36,1,1,1.6335912097955,3.52885149005835,0.723263405532826,1
85,37,-1,1,1.4781344523976,1.08573595938089,0.271765719617334,1
85,38,1,1,1.6335912097955,3.52885149005835,0.302835998069861,1
85,39,-1,1,1.4781344523976,1.08573595938089,0.667777025678486,1
85,40,1,1,1.6335912097955,3.52885149005835,0.298938791757038,1
85,41,-1,1,1.4781344523976,1.08573595938089,1.03494316228036,-1
85,42,1,-1,1.55703097632891,1.81069858395618,0.675255653914635,1
85,43,-1,1,1.4781344523976,1.08573595938089,0.260640347886231,1
85,44,-1,1,1.4781344523976,1.08573595938089,0.487112362775686,1
85,45,1,1,1.6335912097955,3.52885149005835,0.726684460565191,1
85,46,1,1,1.6335912097955,3.52885149005835,0.201959812640972,1
85,47,1,1,1.6335912097955,3.52885149005835,0.31643785608802,1
85,48,-1,1,1.4781344523976,1.08573595938089,1.18117731797323,1
85,49,-1,1,1.4781344523976,1.08573595938089,0.301104746846408,1
85,50,1,1,1.6335912097955,3.52885149005835,0.226557868423078,1
85,51,1,1,1.6335912097955,3.52885149005835,0.385907511645775,1
85,52,-1,1,1.4781344523976,1.08573595938089,0.455834307510572,1
85,53,-1,1,1.4781344523976,1.08573595938089,0.7466050503449,1
85,54,-1,1,1.4781344523976,1.08573595938089,0.671817982230802,1
85,55,1,1,1.6335912097955,3.52885149005835,0.217648169844102,1
85,56,1,1,1.6335912097955,3.52885149005835,0.299463661528876,1
85,57,-1,1,1.4781344523976,1.08573595938089,0.394502596178231,1
85,58,1,1,1.6335912097955,3.52885149005835,0.325940906682667,1
85,59,-1,1,1.4781344523976,1.08573595938089,0.343450036777279,1
85,60,-1,1,1.4781344523976,1.08573595938089,0.211192058070612,1
85,61,1,1,1.6335912097955,3.52885149005835,0.4832635494189,1
85,62,-1,1,1.4781344523976,1.08573595938089,1.24635236591757,1
85,63,1,1,1.6335912097955,3.52885149005835,0.276519535506704,1
85,64,-1,1,1.4781344523976,1.08573595938089,0.448122420013237,1
85,65,-1,1,1.4781344523976,1.08573595938089,0.401009210723068,1
85,66,1,1,1.6335912097955,3.52885149005835,0.348259882567522,1
85,67,-1,1,1.4781344523976,1.08573595938089,0.594727728243034,1
85,68,-1,1,1.4781344523976,1.08573595938089,0.201563589296804,1
85,69,1,1,1.6335912097955,3.52885149005835,0.422062327114908,1
85,70,-1,1,1.4781344523976,1.08573595938089,1.4053221317774,1
85,71,1,1,1.6335912097955,3.52885149005835,0.279727734072929,1
85,72,-1,1,1.4781344523976,1.08573595938089,0.279074742719065,1
85,73,-1,1,1.4781344523976,1.08573595938089,0.304064983326364,-1
85,74,1,-1,1.55703097632891,1.81069858395618,0.382157311630331,1
85,75,1,1,1.6335912097955,3.52885149005835,0.287770912001326,1
85,76,-1,1,1.4781344523976,1.08573595938089,0.891632573408987,1
85,77,-1,1,1.4781344523976,1.08573595938089,0.572221912352723,1
85,78,-1,1,1.4781344523976,1.08573595938089,0.950868461793652,1
85,79,1,1,1.6335912097955,3.52885149005835,0.557234751252923,1
85,80,1,1,1.6335912097955,3.52885149005835,0.504055942477497,1
85,81,-1,1,1.4781344523976,1.08573595938089,1.54822653304811,-1
85,82,-1,-1,1.40885988842346,0.77471396660458,0.336078602670549,1
85,83,1,1,1.6335912097955,3.52885149005835,0.463386247039363,1
85,84,1,1,1.6335912097955,3.52885149005835,0.302824391407702,1
85,85,1,1,1.6335912097955,3.52885149005835,0.330314320795779,1
85,86,-1,1,1.4781344523976,1.08573595938089,0.587179880828905,1
85,87,-1,1,1.4781344523976,1.08573595938089,0.341511060813044,1
85,88,-1,1,1.4781344523976,1.08573595938089,0.488070173078977,1
85,89,-1,1,1.4781344523976,1.08573595938089,0.325859001027978,1
85,90,-1,1,1.4781344523976,1.08573595938089,0.696358746002367,1
85,91,-1,1,1.4781344523976,1.08573595938089,0.405804502571177,1
85,92,1,1,1.6335912097955,3.52885149005835,0.474283302807744,1
85,93,1,1,1.6335912097955,3.52885149005835,0.459894959194631,1
85,94,-1,1,1.4781344523976,1.08573595938089,0.43732095573403,-1
85,95,-1,-1,1.40885988842346,0.77471396660458,0.247232664125907,1
85,96,1,1,1.6335912097955,3.52885149005835,0.64579688366165,1
85,97,1,1,1.6335912097955,3.52885149005835,0.37734356816075,1
85,98,1,1,1.6335912097955,3.52885149005835,0.425298244582187,1
85,99,-1,1,1.4781344523976,1.08573595938089,1.06112904869,-1
85,100,1,-1,1.55703097632891,1.81069858395618,0.304892391910687,1
85,101,1,1,1.6335912097955,3.52885149005835,0.277527161028412,1
86,2,-1,1,1.27258893530546,1.23754408349264,0.263781077230176,1
86,3,1,1,1.40642828196444,3.00551782498883,0.260554071407318,1
86,4,1,1,1.40642828196444,3.00551782498883,0.461700717292652,1
86,5,-1,1,1.27258893530546,1.23754408349264,1.05829133898594,1
86,6,-1,1,1.27258893530546,1.23754408349264,0.339516707536989,1
86,7,-1,1,1.27258893530546,1.23754408349264,0.614977128562439,1
86,8,-1,1,1.27258893530546,1.23754408349264,0.259185047047433,1
86,9,1,1,1.40642828196444,3.00551782498883,0.283819206098428,1
86,10,1,1,1.40642828196444,3.00551782498883,0.366318899491558,1
86,11,-1,1,1.27258893530546,1.23754408349264,0.893149693777549,1
86,12,-1,1,1.27258893530546,1.23754408349264,0.332939567794525,1
86,13,-1,1,1.27258893530546,1.23754408349264,0.334068447020562,1
86,14,-1,1,1.27258893530546,1.23754408349264,0.319744898474757,-1
86,15,1,-1,1.34051431464168,1.82478412374499,0.299662307015541,1
86,16,-1,1,1.27258893530546,1.23754408349264,0.284128863814705,1
86,17,1,1,1.40642828196444,3.00551782498883,0.407950991315557,1
86,18,1,1,1.40642828196444,3.00551782498883,0.294064778665888,1
86,19,1,1,1.40642828196444,3.00551782498883,0.250546934674279,1
86,20,1,1,1.40642828196444,3.00551782498883,0.228230006453324,1
86,21,-1,1,1.27258893530546,1.23754408349264,0.521454722172204,1
86,22,1,1,1.40642828196444,3.00551782498883,0.287000493508989,1
86,23,1,1,1.40642828196444,3.00551782498883,0.299372970912581,1
86,24,-1,1,1.27258893530546,1.23754408349264,0.496109745102973,1
86,25,-1,1,1.27258893530546,1.23754408349264,0.224942733314203,1
86,26,1,1,1.40642828196444,3.00551782498883,0.30506345953895,1
86,27,1,1,1.40642828196444,3.00551782498883,0.332926469701341,1
86,28,-1,1,1.27258893530546,1.23754408349264,0.296268835448029,1
86,29,-1,1,1.27258893530546,1.23754408349264,0.248698904777266,1
86,30,1,1,1.40642828196444,3.00551782498883,0.414939537223548,1
86,31,-1,1,1.27258893530546,1.23754408349264,0.762257867107113,-1
86,32,1,-1,1.34051431464168,1.82478412374499,0.250379915794398,1
86,33,-1,1,1.27258893530546,1.23754408349264,0.485392403484472,1
86,34,-1,1,1.27258893530546,1.23754408349264,0.246676942004814,1
86,35,1,1,1.40642828196444,3.00551782498883,0.363049048496891,1
86,36,-1,1,1.27258893530546,1.23754408349264,0.588786373187479,1
86,37,-1,1,1.27258893530546,1.23754408349264,0.251149678501158,1
86,38,1,1,1.40642828196444,3.00551782498883,0.452992528979852,1
86,39,1,1,1.40642828196444,3.00551782498883,0.31685767188857,1
86,40,1,1,1.40642828196444,3.00551782498883,0.375466589584571,1
86,41,1,1,1.40642828196444,3.00551782498883,0.217021443770863,1
86,42,-1,1,1.27258893530546,1.23754408349264,0.789225746829416,1
86,43,1,1,1.40642828196444,3.00551782498883,0.257966580719229,1
86,44,1,1,1.40642828196444,3.00551782498883,0.469312071966085,1
86,45,-1,1,1.27258893530546,1.23754408349264,0.65081574034635,1
86,46,-1,1,1.27258893530546,1.23754408349264,0.383422492072318,1
86,47,1,1,1.40642828196444,3.00551782498883,0.608147588377676,1
86,48,-1,1,1.27258893530546,1.23754408349264,0.390504247591644,1
86,49,1,1,1.40642828196444,3.00551782498883,0.562641930377682,1
86,50,1,1,1.40642828196444,3.00551782498883,0.257992422130872,1
86,51,-1,1,1.27258893530546,1.23754408349264,0.330933068549083,1
86,52,-1,1,1.27258893530546,1.23754408349264,1.05429693371833,1
86,53,1,1,1.40642828196444,3.00551782498883,0.416556299033252,1
86,54,1,1,1.40642828196444,3.00551782498883,0.342848825564372,1
86,55,1,1,1.40642828196444,3.00551782498883,0.295757902223392,1
86,56,-1,1,1.27258893530546,1.23754408349264,0.341214871800838,1
86,57,-1,1,1.27258893530546,1.23754408349264,0.486926635089693,1
86,58,-1,1,1.27258893530546,1.23754408349264,0.473300234668815,-1
86,59,-1,-1,1.21294751130062,1.13215396777353,0.327032065295252,1
86,60,1,1,1.40642828196444,3.00551782498883,0.670450785031594,1
86,61,-1,1,1.27258893530546,1.23754408349264,0.26627672697854,1
86,62,-1,1,1.27258893530546,1.23754408349264,1.01705327801743,1
86,63,1,1,1.40642828196444,3.00551782498883,0.296734210294101,1
86,64,-1,1,1.27258893530546,1.23754408349264,0.319885083515007,-1
86,65,1,-1,1.34051431464168,1.82478412374499,0.795978002279698,1
86,66,1,1,1.40642828196444,3.00551782498883,0.260836523048046,1
86,67,-1,1,1.27258893530546,1.23754408349264,0.32789993169371,1
86,68,-1,1,1.27258893530546,1.23754408349264,1.52898148045999,-1
86,69,-1,-1,1.21294751130062,1.13215396777353,0.384350218514565,1
86,70,1,1,1.40642828196444,3.00551782498883,0.640110990430874,1
86,71,-1,1,1.27258893530546,1.23754408349264,0.336732561383714,1
86,72,-1,1,1.27258893530546,1.23754408349264,0.462934462959734,1
86,73,1,1,1.40642828196444,3.00551782498883,0.333456800451305,1
86,74,-1,1,1.27258893530546,1.23754408349264,0.502302566551295,-1
86,75,-1,-1,1.21294751130062,1.13215396777353,0.62816930213858,1
86,76,1,1,1.40642828196444,3.00551782498883,0.424192299772213,1
86,77,1,1,1.40642828196444,3.00551782498883,0.291168991797103,1
86,78,1,1,1.40642828196444,3.00551782498883,0.419142891280845,1
86,79,1,1,1.40642828196444,3.00551782498883,0.440297423839977,1
86,80,-1,1,1.27258893530546,1.23754408349264,0.339953013047397,-1
86,81,-1,-1,1.21294751130062,1.13215396777353,0.365824492701428,1
86,82,1,1,1.40642828196444,3.00551782498883,0.403436005487695,1
86,83,1,1,1.40642828196444,3.00551782498883,0.405498058355927,1
86,84,-1,1,1.27258893530546,1.23754408349264,1.3152488984326,1
86,85,1,1,1.40642828196444,3.00551782498883,0.345523037481649,1
86,86,1,1,1.40642828196444,3.00551782498883,0.523740903175842,1
86,87,1,1,1.40642828196444,3.00551782498883,0.435750123248073,1
86,88,-1,1,1.27258893530546,1.23754408349264,0.426403100349017,-1
86,89,-1,-1,1.21294751130062,1.13215396777353,0.439943179478232,1
86,90,1,1,1.40642828196444,3.00551782498883,0.563585150831592,1
86,91,1,1,1.40642828196444,3.00551782498883,0.442602893953654,1
86,92,-1,1,1.27258893530546,1.23754408349264,0.828526381797576,1
86,93,1,1,1.40642828196444,3.00551782498883,0.339859496765098,1
86,94,1,1,1.40642828196444,3.00551782498883,0.892196811729521,1
86,95,1,1,1.40642828196444,3.00551782498883,0.301893325557635,1
86,96,-1,1,1.27258893530546,1.23754408349264,0.337522708468649,1
86,97,-1,1,1.27258893530546,1.23754408349264,0.484877018247449,1
86,98,-1,1,1.27258893530546,1.23754408349264,0.355824738095556,-1
86,99,1,-1,1.34051431464168,1.82478412374499,0.394344314931411,1
86,100,1,1,1.40642828196444,3.00551782498883,0.513852522159284,1
86,101,-1,1,1.27258893530546,1.23754408349264,0.541064194459966,1
87,2,-1,1,1.69761399896749,1.37847843485999,0.335677621335582,1
87,3,-1,1,1.69761399896749,1.37847843485999,0.641557407280239,-1
87,4,1,-1,1.78822540666346,1.27209190689365,0.859829190048334,1
87,5,-1,1,1.69761399896749,1.37847843485999,0.560999988228474,1
87,6,-1,1,1.69761399896749,1.37847843485999,0.297387537611109,1
87,7,1,1,1.87615362177697,3.40896842027923,0.270755927646859,1
87,8,1,1,1.87615362177697,3.40896842027923,0.297196010949685,1
87,9,1,1,1.87615362177697,3.40896842027923,0.336522516189352,1
87,10,-1,1,1.69761399896749,1.37847843485999,0.618886281874476,1
87,11,-1,1,1.69761399896749,1.37847843485999,0.940068610466602,1
87,12,-1,1,1.69761399896749,1.37847843485999,0.44817306514003,1
87,13,-1,1,1.69761399896749,1.37847843485999,0.301528782710098,1
87,14,-1,1,1.69761399896749,1.37847843485999,1.48147669886547,1
87,15,1,1,1.87615362177697,3.40896842027923,0.403645389192361,1
87,16,1,1,1.87615362177697,3.40896842027923,0.268179736742647,1
87,17,-1,1,1.69761399896749,1.37847843485999,0.51247018054329,1
87,18,1,1,1.87615362177697,3.40896842027923,0.569988425986076,1
87,19,1,1,1.87615362177697,3.40896842027923,0.337395453455882,1
87,20,1,1,1.87615362177697,3.40896842027923,0.351692030944761,1
87,21,-1,1,1.69761399896749,1.37847843485999,0.471625563476447,1
87,22,-1,1,1.69761399896749,1.37847843485999,0.382048966681809,1
87,23,-1,1,1.69761399896749,1.37847843485999,0.49468464147983,1
87,24,-1,1,1.69761399896749,1.37847843485999,0.288483398620136,1
87,25,-1,1,1.69761399896749,1.37847843485999,0.671101532721162,-1
87,26,1,-1,1.78822540666346,1.27209190689365,2.17585277511498,1
87,27,-1,1,1.69761399896749,1.37847843485999,0.768609337417844,1
87,28,-1,1,1.69761399896749,1.37847843485999,0.314456673884511,1
87,29,-1,1,1.69761399896749,1.37847843485999,1.08018788483198,-1
87,30,1,-1,1.78822540666346,1.27209190689365,0.650791318674498,1
87,31,-1,1,1.69761399896749,1.37847843485999,1.21776950193198,-1
87,32,1,-1,1.78822540666346,1.27209190689365,0.339119874708773,1
87,33,-1,1,1.69761399896749,1.37847843485999,0.408621813583892,1
87,34,-1,1,1.69761399896749,1.37847843485999,0.995689000465014,1
87,35,-1,1,1.69761399896749,1.37847843485999,1.19170348592292,-1
87,36,-1,-1,1.61805325983167,1.14046123796713,0.448511048129161,1
87,37,-1,1,1.69761399896749,1.37847843485999,0.7459836305343,1
87,38,1,1,1.87615362177697,3.40896842027923,0.442477579874214,1
87,39,1,1,1.87615362177697,3.40896842027923,0.377941502635192,1
87,40,1,1,1.87615362177697,3.40896842027923,0.385205781434703,1
87,41,1,1,1.87615362177697,3.40896842027923,0.34039685614802,1
87,42,-1,1,1.69761399896749,1.37847843485999,0.447478364118722,1
87,43,-1,1,1.69761399896749,1.37847843485999,0.29104436415206,-1
87,44,-1,-1,1.61805325983167,1.14046123796713,0.485738608801423,1
87,45,1,1,1.87615362177697,3.40896842027923,0.412615904387111,1
87,46,1,1,1.87615362177697,3.40896842027923,0.40022840969147,1
87,47,1,1,1.87615362177697,3.40896842027923,0.861239580885559,1
87,48,1,1,1.87615362177697,3.40896842027923,0.534250355567703,1
87,49,1,1,1.87615362177697,3.40896842027923,1.01853799062393,1
87,50,1,1,1.87615362177697,3.40896842027923,0.648715963211019,1
87,51,-1,1,1.69761399896749,1.37847843485999,0.510570157519152,1
87,52,1,1,1.87615362177697,3.40896842027923,0.361040019199443,1
87,53,-1,1,1.69761399896749,1.37847843485999,0.286917572953306,1
87,54,1,1,1.87615362177697,3.40896842027923,0.372400248363038,1
87,55,-1,1,1.69761399896749,1.37847843485999,0.58852019633716,1
87,56,-1,1,1.69761399896749,1.37847843485999,0.394352330344893,1
87,57,-1,1,1.69761399896749,1.37847843485999,0.642166715330089,1
87,58,1,1,1.87615362177697,3.40896842027923,0.886782941508913,1
87,59,-1,1,1.69761399896749,1.37847843485999,0.362747540548188,1
87,60,-1,1,1.69761399896749,1.37847843485999,0.430375470659051,1
87,61,1,1,1.87615362177697,3.40896842027923,0.44206878524355,1
87,62,1,1,1.87615362177697,3.40896842027923,0.526550300499433,1
87,63,-1,1,1.69761399896749,1.37847843485999,0.977158370471966,-1
87,64,1,-1,1.78822540666346,1.27209190689365,0.779679108830945,1
87,65,-1,1,1.69761399896749,1.37847843485999,0.839331965291955,1
87,66,-1,1,1.69761399896749,1.37847843485999,0.496097381793454,1
87,67,-1,1,1.69761399896749,1.37847843485999,0.505234505245634,1
87,68,1,1,1.87615362177697,3.40896842027923,0.507171162744992,1
87,69,1,1,1.87615362177697,3.40896842027923,0.54833643692832,1
87,70,1,1,1.87615362177697,3.40896842027923,0.708336503156807,1
87,71,1,1,1.87615362177697,3.40896842027923,0.382513412434404,1
87,72,-1,1,1.69761399896749,1.37847843485999,1.34317854750699,1
87,73,1,1,1.87615362177697,3.40896842027923,0.49486657375599,1
87,74,1,1,1.87615362177697,3.40896842027923,0.662159701305084,1
87,75,1,1,1.87615362177697,3.40896842027923,0.871465568145765,1
87,76,1,1,1.87615362177697,3.40896842027923,0.317225955646383,1
87,77,1,1,1.87615362177697,3.40896842027923,0.349370625104254,1
87,78,1,1,1.87615362177697,3.40896842027923,0.292712432444199,1
87,79,1,1,1.87615362177697,3.40896842027923,0.450845769867651,1
87,80,1,1,1.87615362177697,3.40896842027923,0.469789114015758,1
87,81,1,1,1.87615362177697,3.40896842027923,0.302411535334136,1
87,82,1,1,1.87615362177697,3.40896842027923,0.356744263182152,1
87,83,-1,1,1.69761399896749,1.37847843485999,0.339406819764813,1
87,84,-1,1,1.69761399896749,1.37847843485999,0.645268222521711,1
87,85,1,1,1.87615362177697,3.40896842027923,0.273417563454824,1
87,86,1,1,1.87615362177697,3.40896842027923,0.517888254322841,1
87,87,-1,1,1.69761399896749,1.37847843485999,0.417857431667142,1
87,88,-1,1,1.69761399896749,1.37847843485999,0.457491393747635,1
87,89,-1,1,1.69761399896749,1.37847843485999,0.641671364558667,-1
87,90,1,-1,1.78822540666346,1.27209190689365,2.04424904874358,-1
87,91,-1,-1,1.61805325983167,1.14046123796713,0.573378286277299,1
87,92,-1,1,1.69761399896749,1.37847843485999,0.458449966080269,1
87,93,-1,1,1.69761399896749,1.37847843485999,0.40296988673346,1
87,94,-1,1,1.69761399896749,1.37847843485999,1.15097851476437,1
87,95,1,1,1.87615362177697,3.40896842027923,0.984665959310942,1
87,96,1,1,1.87615362177697,3.40896842027923,0.445743332290542,1
87,97,1,1,1.87615362177697,3.40896842027923,0.478244810227213,1
87,98,-1,1,1.69761399896749,1.37847843485999,0.30620025773169,1
87,99,1,1,1.87615362177697,3.40896842027923,0.298321675934666,1
87,100,-1,1,1.69761399896749,1.37847843485999,0.74588014858772,1
87,101,1,1,1.87615362177697,3.40896842027923,0.746352779788983,1
88,2,-1,1,2.09375037983995,0.909843558166691,0.684180232544582,1
88,3,-1,1,2.09375037983995,0.909843558166691,1.74745361448779,1
88,4,1,1,2.31395202950896,4.3166669132939,0.437106545604185,1
88,5,-1,1,2.09375037983995,0.909843558166691,1.19564137399661,-1
88,6,-1,-1,1.99562422873182,0.78672249322106,0.476682450950937,1
88,7,1,1,2.31395202950896,4.3166669132939,0.430454381453501,1
88,8,-1,1,2.09375037983995,0.909843558166691,0.600923563480356,1
88,9,1,1,2.31395202950896,4.3166669132939,0.632928902747502,1
88,10,1,1,2.31395202950896,4.3166669132939,0.570194373279522,1
88,11,-1,1,2.09375037983995,0.909843558166691,1.09265497002622,1
88,12,1,1,2.31395202950896,4.3166669132939,0.358080394642989,1
88,13,1,1,2.31395202950896,4.3166669132939,0.498710306928619,1
88,14,1,1,2.31395202950896,4.3166669132939,0.553092012870377,1
88,15,1,1,2.31395202950896,4.3166669132939,0.374086600436017,1
88,16,1,1,2.31395202950896,4.3166669132939,0.59399804256936,1
88,17,1,1,2.31395202950896,4.3166669132939,0.419498999110585,1
88,18,-1,1,2.09375037983995,0.909843558166691,0.52884721791346,1
88,19,1,1,2.31395202950896,4.3166669132939,0.53389280070911,1
88,20,1,1,2.31395202950896,4.3166669132939,0.522818804724407,1
88,21,1,1,2.31395202950896,4.3166669132939,0.553676751907663,1
88,22,-1,1,2.09375037983995,0.909843558166691,0.50633679299447,1
88,23,1,1,2.31395202950896,4.3166669132939,0.32250381362294,1
88,24,-1,1,2.09375037983995,0.909843558166691,0.421256138830054,1
88,25,1,1,2.31395202950896,4.3166669132939,0.578661152902844,1
88,26,-1,1,2.09375037983995,0.909843558166691,1.65040378228111,1
88,27,-1,1,2.09375037983995,0.909843558166691,0.508926233589705,1
88,28,1,1,2.31395202950896,4.3166669132939,0.373324480482996,1
88,29,-1,1,2.09375037983995,0.909843558166691,0.57214601209539,-1
88,30,1,-1,2.20550586100155,1.18676703531835,0.611377385419174,1
88,31,-1,1,2.09375037983995,0.909843558166691,1.97608140597473,1
88,32,1,1,2.31395202950896,4.3166669132939,0.766082964594235,1
88,33,1,1,2.31395202950896,4.3166669132939,0.61185959019255,1
88,34,1,1,2.31395202950896,4.3166669132939,0.355053692995656,1
88,35,-1,1,2.09375037983995,0.909843558166691,2.18529566490064,-1
88,36,-1,-1,1.99562422873182,0.78672249322106,0.83569511634563,1
88,37,-1,1,2.09375037983995,0.909843558166691,0.703657237585463,1
88,38,-1,1,2.09375037983995,0.909843558166691,0.76115453140048,-1
88,39,1,-1,2.20550586100155,1.18676703531835,1.43279932513317,1
88,40,1,1,2.31395202950896,4.3166669132939,0.507951740678157,1
88,41,-1,1,2.09375037983995,0.909843558166691,1.05667628330374,1
88,42,1,1,2.31395202950896,4.3166669132939,0.46492115767805,1
88,43,-1,1,2.09375037983995,0.909843558166691,0.506655392105195,1
88,44,-1,1,2.09375037983995,0.909843558166691,0.787249023907526,-1
88,45,1,-1,2.20550586100155,1.18676703531835,0.558999961048495,1
88,46,-1,1,2.09375037983995,0.909843558166691,0.634525617583683,-1
88,47,-1,-1,1.99562422873182,0.78672249322106,2.28462864838226,1
88,48,1,1,2.31395202950896,4.3166669132939,0.658753149740026,1
88,49,1,1,2.31395202950896,4.3166669132939,0.31653410625717,1
88,50,1,1,2.31395202950896,4.3166669132939,0.804224499362917,1
88,51,-1,1,2.09375037983995,0.909843558166691,1.38943940414853,1
88,52,-1,1,2.09375037983995,0.909843558166691,0.940062537168539,1
88,53,-1,1,2.09375037983995,0.909843558166691,1.20684370757882,1
88,54,1,1,2.31395202950896,4.3166669132939,0.477811417567867,1
88,55,1,1,2.31395202950896,4.3166669132939,0.367267596703734,1
88,56,-1,1,2.09375037983995,0.909843558166691,0.996457675564102,1
88,57,-1,1,2.09375037983995,0.909843558166691,0.617691185383246,1
88,58,-1,1,2.09375037983995,0.909843558166691,0.770839139587823,1
88,59,-1,1,2.09375037983995,0.909843558166691,0.921783645150087,1
88,60,1,1,2.31395202950896,4.3166669132939,0.380233703151883,1
88,61,1,1,2.31395202950896,4.3166669132939,0.452601462491369,1
88,62,1,1,2.31395202950896,4.3166669132939,0.497920191520009,1
88,63,-1,1,2.09375037983995,0.909843558166691,0.741340171380039,-1
88,64,1,-1,2.20550586100155,1.18676703531835,0.777283039644244,1
88,65,-1,1,2.09375037983995,0.909843558166691,0.511291971595724,1
88,66,-1,1,2.09375037983995,0.909843558166691,0.620832285134801,1
88,67,1,1,2.31395202950896,4.3166669132939,0.572220079384721,1
88,68,1,1,2.31395202950896,4.3166669132939,0.731481444820229,1
88,69,1,1,2.31395202950896,4.3166669132939,0.365053887716178,1
88,70,1,1,2.31395202950896,4.3166669132939,0.361183025487294,1
88,71,-1,1,2.09375037983995,0.909843558166691,0.608730073833362,1
88,72,1,1,2.31395202950896,4.3166669132939,0.428672693891989,1
88,73,-1,1,2.09375037983995,0.909843558166691,1.30188134606718,1
88,74,-1,1,2.09375037983995,0.909843558166691,0.73089232165886,1
88,75,1,1,2.31395202950896,4.3166669132939,0.315368866606594,1
88,76,-1,1,2.09375037983995,0.909843558166691,1.42485124191526,1
88,77,1,1,2.31395202950896,4.3166669132939,0.39121595431309,1
88,78,-1,1,2.09375037983995,0.909843558166691,1.10738572563377,-1
88,79,1,-1,2.20550586100155,1.18676703531835,0.665491083787364,1
88,80,-1,1,2.09375037983995,0.909843558166691,0.744475041914284,1
88,81,1,1,2.31395202950896,4.3166669132939,0.567256016481447,1
88,82,-1,1,2.09375037983995,0.909843558166691,0.859676658502924,1
88,83,1,1,2.31395202950896,4.3166669132939,0.520581389183137,1
88,84,1,1,2.31395202950896,4.3166669132939,0.669012992739237,1
88,85,-1,1,2.09375037983995,0.909843558166691,0.883042336542211,1
88,86,1,1,2.31395202950896,4.3166669132939,0.373652794739411,1
88,87,1,1,2.31395202950896,4.3166669132939,0.37397528219108,1
88,88,-1,1,2.09375037983995,0.909843558166691,0.869570935150524,1
88,89,-1,1,2.09375037983995,0.909843558166691,0.466498349137742,1
88,90,1,1,2.31395202950896,4.3166669132939,0.383531479587479,1
88,91,-1,1,2.09375037983995,0.909843558166691,0.606165625319034,1
88,92,1,1,2.31395202950896,4.3166669132939,0.418590688440151,1
88,93,-1,1,2.09375037983995,0.909843558166691,0.388361654985501,1
88,94,1,1,2.31395202950896,4.3166669132939,0.391738741463768,1
88,95,-1,1,2.09375037983995,0.909843558166691,0.487878307398673,1
88,96,-1,1,2.09375037983995,0.909843558166691,0.843852825315775,1
88,97,1,1,2.31395202950896,4.3166669132939,0.324638705713432,1
88,98,-1,1,2.09375037983995,0.909843558166691,0.653786036756041,1
88,99,-1,1,2.09375037983995,0.909843558166691,0.993546713083995,-1
88,100,-1,-1,1.99562422873182,0.78672249322106,1.05924199240189,1
88,101,-1,1,2.09375037983995,0.909843558166691,0.513761686109576,1
89,2,1,1,1.70870501254492,3.33152080192968,0.554364884677297,1
89,3,1,1,1.70870501254492,3.33152080192968,0.37133224882478,1
89,4,1,1,1.70870501254492,3.33152080192968,0.519583857367828,1
89,5,1,1,1.70870501254492,3.33152080192968,0.45689838453899,1
89,6,1,1,1.70870501254492,3.33152080192968,0.359923751705881,1
89,7,-1,1,1.54610023173625,2.26347803194177,0.496269418739369,1
89,8,-1,1,1.54610023173625,2.26347803194177,0.291154334970122,1
89,9,1,1,1.70870501254492,3.33152080192968,0.432958695757825,1
89,10,1,1,1.70870501254492,3.33152080192968,0.67696016792536,1
89,11,1,1,1.70870501254492,3.33152080192968,1.08023404006009,1
89,12,-1,1,1.54610023173625,2.26347803194177,0.337139090208767,1
89,13,1,1,1.70870501254492,3.33152080192968,0.491024827328117,1
89,14,-1,1,1.54610023173625,2.26347803194177,0.360137092964267,1
89,15,1,1,1.70870501254492,3.33152080192968,0.336492630812139,1
89,16,1,1,1.70870501254492,3.33152080192968,1.07821011777787,1
89,17,1,1,1.70870501254492,3.33152080192968,0.69570866293776,1
89,18,1,1,1.70870501254492,3.33152080192968,0.309098736293664,1
89,19,1,1,1.70870501254492,3.33152080192968,0.390549256032321,1
89,20,-1,1,1.54610023173625,2.26347803194177,0.474914791530058,1
89,21,1,1,1.70870501254492,3.33152080192968,0.668579208624506,1
89,22,-1,1,1.54610023173625,2.26347803194177,0.246043743751943,1
89,23,-1,1,1.54610023173625,2.26347803194177,0.383626104812959,1
89,24,1,1,1.70870501254492,3.33152080192968,0.581521638080746,1
89,25,1,1,1.70870501254492,3.33152080192968,0.413872316166222,1
89,26,-1,1,1.54610023173625,2.26347803194177,0.976709980587648,1
89,27,-1,1,1.54610023173625,2.26347803194177,0.75630209513815,1
89,28,-1,1,1.54610023173625,2.26347803194177,0.552137338295831,1
89,29,1,1,1.70870501254492,3.33152080192968,0.316219241192385,1
89,30,1,1,1.70870501254492,3.33152080192968,0.534438507717865,1
89,31,1,1,1.70870501254492,3.33152080192968,0.323695567859948,1
89,32,-1,1,1.54610023173625,2.26347803194177,0.357012681673616,1
89,33,1,1,1.70870501254492,3.33152080192968,0.623273853319804,1
89,34,1,1,1.70870501254492,3.33152080192968,0.328380966529813,1
89,35,-1,1,1.54610023173625,2.26347803194177,0.479347476984954,1
89,36,1,1,1.70870501254492,3.33152080192968,0.350509813019324,1
89,37,-1,1,1.54610023173625,2.26347803194177,0.341089392242061,1
89,38,-1,1,1.54610023173625,2.26347803194177,0.764387171165655,-1
89,39,1,-1,1.62862447960525,1.00680702236435,0.428852983611278,1
89,40,1,1,1.70870501254492,3.33152080192968,0.41337973158281,1
89,41,1,1,1.70870501254492,3.33152080192968,0.39666477083096,1
89,42,1,1,1.70870501254492,3.33152080192968,0.483544047288671,1
89,43,-1,1,1.54610023173625,2.26347803194177,0.572449819708988,1
89,44,1,1,1.70870501254492,3.33152080192968,0.803822521358914,1
89,45,-1,1,1.54610023173625,2.26347803194177,0.482059247178397,1
89,46,1,1,1.70870501254492,3.33152080192968,0.534758738478351,1
89,47,1,1,1.70870501254492,3.33152080192968,0.338635491647937,1
89,48,-1,1,1.54610023173625,2.26347803194177,0.444985543020962,1
89,49,-1,1,1.54610023173625,2.26347803194177,0.614997124156042,1
89,50,1,1,1.70870501254492,3.33152080192968,0.344169005793059,1
89,51,1,1,1.70870501254492,3.33152080192968,0.429198754670981,1
89,52,-1,1,1.54610023173625,2.26347803194177,0.738000576818001,1
89,53,-1,1,1.54610023173625,2.26347803194177,0.462054099896131,1
89,54,1,1,1.70870501254492,3.33152080192968,0.622236405968926,1
89,55,1,1,1.70870501254492,3.33152080192968,0.616482083257059,1
89,56,-1,1,1.54610023173625,2.26347803194177,0.484268384858982,1
89,57,1,1,1.70870501254492,3.33152080192968,0.404402690074743,1
89,58,-1,1,1.54610023173625,2.26347803194177,0.559961425889195,1
89,59,-1,1,1.54610023173625,2.26347803194177,0.361428664352463,1
89,60,1,1,1.70870501254492,3.33152080192968,0.433786127969844,1
89,61,-1,1,1.54610023173625,2.26347803194177,0.775433971295675,1
89,62,1,1,1.70870501254492,3.33152080192968,0.425798645695386,1
89,63,-1,1,1.54610023173625,2.26347803194177,1.04270738581685,1
89,64,1,1,1.70870501254492,3.33152080192968,0.289251164520772,1
89,65,1,1,1.70870501254492,3.33152080192968,0.496979460974908,1
89,66,1,1,1.70870501254492,3.33152080192968,0.423313916864184,1
89,67,-1,1,1.54610023173625,2.26347803194177,0.792507934649335,1
89,68,-1,1,1.54610023173625,2.26347803194177,0.485566207082209,1
89,69,-1,1,1.54610023173625,2.26347803194177,0.480507672555613,1
89,70,1,1,1.70870501254492,3.33152080192968,1.00393038252654,1
89,71,1,1,1.70870501254492,3.33152080192968,0.328029582765724,1
89,72,-1,1,1.54610023173625,2.26347803194177,0.511563788565497,1
89,73,-1,1,1.54610023173625,2.26347803194177,0.333032369073424,1
89,74,-1,1,1.54610023173625,2.26347803194177,0.372504594755996,1
89,75,1,1,1.70870501254492,3.33152080192968,0.351810355728373,1
89,76,-1,1,1.54610023173625,2.26347803194177,0.843299055250811,1
89,77,-1,1,1.54610023173625,2.26347803194177,1.37259683083917,1
89,78,-1,1,1.54610023173625,2.26347803194177,0.939127679962926,1
89,79,1,1,1.70870501254492,3.33152080192968,0.834340860347492,1
89,80,-1,1,1.54610023173625,2.26347803194177,0.313905519196226,1
89,81,1,1,1.70870501254492,3.33152080192968,0.584202692574045,1
89,82,-1,1,1.54610023173625,2.26347803194177,0.340648279361392,1
89,83,1,1,1.70870501254492,3.33152080192968,0.45263485358094,1
89,84,-1,1,1.54610023173625,2.26347803194177,0.295142008178833,1
89,85,-1,1,1.54610023173625,2.26347803194177,0.609784746197697,1
89,86,-1,1,1.54610023173625,2.26347803194177,0.499625484500661,1
89,87,1,1,1.70870501254492,3.33152080192968,0.432908610594587,1
89,88,-1,1,1.54610023173625,2.26347803194177,0.467752350552026,1
89,89,-1,1,1.54610023173625,2.26347803194177,0.897463175331041,1
89,90,-1,1,1.54610023173625,2.26347803194177,0.799977916667621,1
89,91,-1,1,1.54610023173625,2.26347803194177,0.497641830355252,1
89,92,-1,1,1.54610023173625,2.26347803194177,0.428423808732997,1
89,93,1,1,1.70870501254492,3.33152080192968,0.290583931093661,1
89,94,-1,1,1.54610023173625,2.26347803194177,0.360463404088426,1
89,95,-1,1,1.54610023173625,2.26347803194177,0.751275009321408,1
89,96,-1,1,1.54610023173625,2.26347803194177,0.521280152156223,1
89,97,-1,1,1.54610023173625,2.26347803194177,0.362441173448986,1
89,98,1,1,1.70870501254492,3.33152080192968,0.338821041044924,1
89,99,-1,1,1.54610023173625,2.26347803194177,0.312054097303747,1
89,100,1,1,1.70870501254492,3.33152080192968,0.625250520667395,1
89,101,-1,1,1.54610023173625,2.26347803194177,0.744001267702661,1
90,2,1,1,2.39629358427904,4.45023789360327,0.340093371386329,1
90,3,-1,1,2.16825609965518,0.572311300808065,1.13401660847506,1
90,4,-1,1,2.16825609965518,0.572311300808065,0.738272309443007,1
90,5,-1,1,2.16825609965518,0.572311300808065,2.31128860145356,1
90,6,-1,1,2.16825609965518,0.572311300808065,1.33295230966723,-1
90,7,-1,-1,2.06663814761824,-0.0437852696984289,1.35033757758838,-1
90,8,1,-1,2.28398837893341,2.2212360752871,0.615031830170055,1
90,9,-1,1,2.16825609965518,0.572311300808065,0.628231882541967,1
90,10,1,1,2.39629358427904,4.45023789360327,0.419147063643709,1
90,11,1,1,2.39629358427904,4.45023789360327,0.342172765608103,1
90,12,1,1,2.39629358427904,4.45023789360327,0.989205186446265,1
90,13,1,1,2.39629358427904,4.45023789360327,0.892796279172387,1
90,14,1,1,2.39629358427904,4.45023789360327,0.405342637327611,1
90,15,-1,1,2.16825609965518,0.572311300808065,0.786387430074046,1
90,16,-1,1,2.16825609965518,0.572311300808065,1.41458208504899,1
90,17,-1,1,2.16825609965518,0.572311300808065,0.801941991347761,1
90,18,1,1,2.39629358427904,4.45023789360327,0.396369822601659,1
90,19,1,1,2.39629358427904,4.45023789360327,0.433272754297921,1
90,20,-1,1,2.16825609965518,0.572311300808065,1.10773635738908,1
90,21,1,1,2.39629358427904,4.45023789360327,0.365057436863262,1
90,22,1,1,2.39629358427904,4.45023789360327,0.423871794445825,1
90,23,1,1,2.39629358427904,4.45023789360327,0.474164405436403,1
90,24,-1,1,2.16825609965518,0.572311300808065,0.384265799921926,1
90,25,-1,1,2.16825609965518,0.572311300808065,1.05268306651338,1
90,26,1,1,2.39629358427904,4.45023789360327,0.375926778626506,1
90,27,1,1,2.39629358427904,4.45023789360327,0.311681479201439,1
90,28,1,1,2.39629358427904,4.45023789360327,0.577132184646457,1
90,29,1,1,2.39629358427904,4.45023789360327,0.799438441764044,1
90,30,-1,1,2.16825609965518,0.572311300808065,0.652454471395838,1
90,31,-1,1,2.16825609965518,0.572311300808065,1.42034341756793,1
90,32,-1,1,2.16825609965518,0.572311300808065,2.57874222465717,-1
90,33,-1,-1,2.06663814761824,-0.0437852696984289,0.799707677040209,-1
90,34,1,-1,2.28398837893341,2.2212360752871,0.70231120018232,1
90,35,1,1,2.39629358427904,4.45023789360327,0.44988798730459,1
90,36,-1,1,2.16825609965518,0.572311300808065,0.75537585365769,1
90,37,1,1,2.39629358427904,4.45023789360327,0.8,1
90,38,-1,1,2.16825609965518,0.572311300808065,3.05086009713377,-1
90,39,1,-1,2.28398837893341,2.2212360752871,0.733679133359228,1
90,40,-1,1,2.16825609965518,0.572311300808065,0.474636224748042,-1
90,41,-1,-1,2.06663814761824,-0.0437852696984289,0.344951382277252,1
90,42,-1,1,2.16825609965518,0.572311300808065,1.78027000186152,-1
90,43,-1,-1,2.06663814761824,-0.0437852696984289,1.23980940359468,1
90,44,-1,1,2.16825609965518,0.572311300808065,0.578297285138972,1
90,45,1,1,2.39629358427904,4.45023789360327,0.452719971365738,1
90,46,-1,1,2.16825609965518,0.572311300808065,0.641289438735867,1
90,47,1,1,2.39629358427904,4.45023789360327,0.330207165737838,1
90,48,1,1,2.39629358427904,4.45023789360327,0.78359753361302,1
90,49,1,1,2.39629358427904,4.45023789360327,0.467387046493145,1
90,50,-1,1,2.16825609965518,0.572311300808065,1.63259201484483,1
90,51,-1,1,2.16825609965518,0.572311300808065,1.15311785661792,-1
90,52,-1,-1,2.06663814761824,-0.0437852696984289,0.713592888159329,-1
90,53,-1,-1,2.06663814761824,-0.0437852696984289,0.476677077439188,-1
90,54,-1,-1,2.06663814761824,-0.0437852696984289,0.917709157494035,1
90,55,1,1,2.39629358427904,4.45023789360327,0.373228001507209,1
90,56,1,1,2.39629358427904,4.45023789360327,0.397325309513215,1
90,57,-1,1,2.16825609965518,0.572311300808065,0.668903696915529,1
90,58,1,1,2.39629358427904,4.45023789360327,0.457650939329281,1
90,59,1,1,2.39629358427904,4.45023789360327,0.62029864123848,1
90,60,-1,1,2.16825609965518,0.572311300808065,0.482143317634247,1
90,61,-1,1,2.16825609965518,0.572311300808065,0.662038259104168,1
90,62,1,1,2.39629358427904,4.45023789360327,0.419648390476503,1
90,63,1,1,2.39629358427904,4.45023789360327,0.573846479493322,1
90,64,-1,1,2.16825609965518,0.572311300808065,0.524880019689948,-1
90,65,-1,-1,2.06663814761824,-0.0437852696984289,0.900134961712594,-1
90,66,-1,-1,2.06663814761824,-0.0437852696984289,2.14411448948478,1
90,67,1,1,2.39629358427904,4.45023789360327,0.272028638456949,1
90,68,-1,1,2.16825609965518,0.572311300808065,0.955768543320637,1
90,69,-1,1,2.16825609965518,0.572311300808065,0.488235495642385,1
90,70,-1,1,2.16825609965518,0.572311300808065,0.702057484310694,1
90,71,1,1,2.39629358427904,4.45023789360327,0.479570179860111,1
90,72,1,1,2.39629358427904,4.45023789360327,0.426355231567732,1
90,73,-1,1,2.16825609965518,0.572311300808065,0.888860691425453,-1
90,74,1,-1,2.28398837893341,2.2212360752871,0.3433190943726,1
90,75,1,1,2.39629358427904,4.45023789360327,0.430522486467983,1
90,76,-1,1,2.16825609965518,0.572311300808065,2.95984791885193,1
90,77,-1,1,2.16825609965518,0.572311300808065,0.588301850468689,1
90,78,1,1,2.39629358427904,4.45023789360327,0.425520830285105,1
90,79,1,1,2.39629358427904,4.45023789360327,0.532565281063595,1
90,80,1,1,2.39629358427904,4.45023789360327,0.37514570769552,1
90,81,1,1,2.39629358427904,4.45023789360327,0.409766939751188,1
90,82,1,1,2.39629358427904,4.45023789360327,0.28380417016464,1
90,83,1,1,2.39629358427904,4.45023789360327,0.419070160673767,1
90,84,-1,1,2.16825609965518,0.572311300808065,0.881931003797224,1
90,85,-1,1,2.16825609965518,0.572311300808065,0.713735549672392,1
90,86,1,1,2.39629358427904,4.45023789360327,0.439239479838606,1
90,87,1,1,2.39629358427904,4.45023789360327,0.234426985724551,1
90,88,-1,1,2.16825609965518,0.572311300808065,0.534041274933884,-1
90,89,-1,-1,2.06663814761824,-0.0437852696984289,2.40255111509747,1
90,90,-1,1,2.16825609965518,0.572311300808065,1.24648014929312,-1
90,91,1,-1,2.28398837893341,2.2212360752871,0.415176413559487,1
90,92,-1,1,2.16825609965518,0.572311300808065,0.612840306801646,-1
90,93,1,-1,2.28398837893341,2.2212360752871,1.0620038391359,1
90,94,1,1,2.39629358427904,4.45023789360327,0.545569055342568,1
90,95,1,1,2.39629358427904,4.45023789360327,0.326824796392903,1
90,96,1,1,2.39629358427904,4.45023789360327,0.598113802190309,1
90,97,-1,1,2.16825609965518,0.572311300808065,0.496816064268394,1
90,98,1,1,2.39629358427904,4.45023789360327,0.307254406224914,1
90,99,1,1,2.39629358427904,4.45023789360327,1.51228309906624,1
90,100,-1,1,2.16825609965518,0.572311300808065,0.51717855556501,1
90,101,-1,1,2.16825609965518,0.572311300808065,1.18385218092043,1
91,2,1,1,1.55176615014942,4.24503384521296,0.411864529131619,1
91,3,-1,1,1.40409607669681,1.08365707299269,0.587649442041051,-1
91,4,-1,-1,1.33829141100269,0.313157925939206,0.380010034315609,1
91,5,1,1,1.55176615014942,4.24503384521296,0.541076594150758,1
91,6,-1,1,1.40409607669681,1.08365707299269,1.02800949386414,1
91,7,1,1,1.55176615014942,4.24503384521296,0.332635817148084,1
91,8,-1,1,1.40409607669681,1.08365707299269,1.24544368922377,1
91,9,1,1,1.55176615014942,4.24503384521296,0.83481901496905,1
91,10,-1,1,1.40409607669681,1.08365707299269,0.50464351335205,1
91,11,1,1,1.55176615014942,4.24503384521296,0.384462683659008,1
91,12,1,1,1.55176615014942,4.24503384521296,0.36276646843426,1
91,13,-1,1,1.40409607669681,1.08365707299269,0.632128397242125,1
91,14,-1,1,1.40409607669681,1.08365707299269,0.659468411166304,1
91,15,1,1,1.55176615014942,4.24503384521296,0.287615312723088,1
91,16,-1,1,1.40409607669681,1.08365707299269,1.05737279784456,1
91,17,1,1,1.55176615014942,4.24503384521296,0.430205299025266,1
91,18,1,1,1.55176615014942,4.24503384521296,0.34755172847765,1
91,19,1,1,1.55176615014942,4.24503384521296,0.243168933725725,1
91,20,1,1,1.55176615014942,4.24503384521296,0.296359253042217,1
91,21,-1,1,1.40409607669681,1.08365707299269,0.727862013650369,1
91,22,1,1,1.55176615014942,4.24503384521296,0.333669570491782,1
91,23,-1,1,1.40409607669681,1.08365707299269,0.619444276475096,-1
91,24,-1,-1,1.33829141100269,0.313157925939206,0.94651395221561,-1
91,25,-1,-1,1.33829141100269,0.313157925939206,0.538390247076795,1
91,26,-1,1,1.40409607669681,1.08365707299269,0.801138003289231,1
91,27,1,1,1.55176615014942,4.24503384521296,0.627045803897594,1
91,28,1,1,1.55176615014942,4.24503384521296,0.308015113741511,1
91,29,-1,1,1.40409607669681,1.08365707299269,0.521902533988254,1
91,30,1,1,1.55176615014942,4.24503384521296,0.396717909432261,1
91,31,-1,1,1.40409607669681,1.08365707299269,2.29395009185552,1
91,32,-1,1,1.40409607669681,1.08365707299269,0.413754062242897,-1
91,33,1,-1,1.4790407473506,1.55815115585514,0.401734905113309,1
91,34,1,1,1.55176615014942,4.24503384521296,0.376116281545175,1
91,35,1,1,1.55176615014942,4.24503384521296,0.427307577878793,1
91,36,-1,1,1.40409607669681,1.08365707299269,0.870279515464707,-1
91,37,1,-1,1.4790407473506,1.55815115585514,0.746368103821469,-1
91,38,1,-1,1.4790407473506,1.55815115585514,0.343574201678636,1
91,39,-1,1,1.40409607669681,1.08365707299269,0.568590959658317,1
91,40,-1,1,1.40409607669681,1.08365707299269,0.734617598294301,1
91,41,-1,1,1.40409607669681,1.08365707299269,0.344427301329364,1
91,42,1,1,1.55176615014942,4.24503384521296,0.362971423975804,1
91,43,-1,1,1.40409607669681,1.08365707299269,1.06368019961644,1
91,44,1,1,1.55176615014942,4.24503384521296,0.345859127268164,1
91,45,1,1,1.55176615014942,4.24503384521296,0.397989561321779,1
91,46,-1,1,1.40409607669681,1.08365707299269,1.29309855356495,1
91,47,-1,1,1.40409607669681,1.08365707299269,0.394511735310418,1
91,48,1,1,1.55176615014942,4.24503384521296,0.572737083075626,1
91,49,1,1,1.55176615014942,4.24503384521296,0.339465711984531,1
91,50,-1,1,1.40409607669681,1.08365707299269,0.336009006950607,1
91,51,-1,1,1.40409607669681,1.08365707299269,0.666146679758877,-1
91,52,1,-1,1.4790407473506,1.55815115585514,0.352683763275137,-1
91,53,1,-1,1.4790407473506,1.55815115585514,0.618674758590146,1
91,54,1,1,1.55176615014942,4.24503384521296,0.40622775226377,1
91,55,-1,1,1.40409607669681,1.08365707299269,0.884523321027746,1
91,56,-1,1,1.40409607669681,1.08365707299269,0.30945719829273,1
91,57,1,1,1.55176615014942,4.24503384521296,0.369144603218871,1
91,58,-1,1,1.40409607669681,1.08365707299269,0.40545624764926,1
91,59,1,1,1.55176615014942,4.24503384521296,0.391184095414126,1
91,60,-1,1,1.40409607669681,1.08365707299269,0.563532631001265,1
91,61,1,1,1.55176615014942,4.24503384521296,0.371299324407442,1
91,62,1,1,1.55176615014942,4.24503384521296,0.368792749091262,1
91,63,-1,1,1.40409607669681,1.08365707299269,0.748618061945064,-1
91,64,1,-1,1.4790407473506,1.55815115585514,1.48562517305808,1
91,65,-1,1,1.40409607669681,1.08365707299269,0.543426274719062,1
91,66,1,1,1.55176615014942,4.24503384521296,0.355326181133244,1
91,67,-1,1,1.40409607669681,1.08365707299269,1.39422532958629,-1
91,68,-1,-1,1.33829141100269,0.313157925939206,0.606860587515353,-1
91,69,-1,-1,1.33829141100269,0.313157925939206,0.318513891951184,1
91,70,-1,1,1.40409607669681,1.08365707299269,0.435425689801982,1
91,71,-1,1,1.40409607669681,1.08365707299269,0.708990428948263,1
91,72,1,1,1.55176615014942,4.24503384521296,0.435773282200083,1
91,73,-1,1,1.40409607669681,1.08365707299269,0.557032207130131,1
91,74,1,1,1.55176615014942,4.24503384521296,0.457456629488311,1
91,75,1,1,1.55176615014942,4.24503384521296,0.47048699297768,1
91,76,1,1,1.55176615014942,4.24503384521296,0.476125033824928,1
91,77,1,1,1.55176615014942,4.24503384521296,0.410663209403495,1
91,78,-1,1,1.40409607669681,1.08365707299269,0.350190948427373,1
91,79,-1,1,1.40409607669681,1.08365707299269,0.415640096214562,1
91,80,1,1,1.55176615014942,4.24503384521296,0.292838404214527,1
91,81,1,1,1.55176615014942,4.24503384521296,0.371444721395793,1
91,82,-1,1,1.40409607669681,1.08365707299269,1.6860223577812,1
91,83,-1,1,1.40409607669681,1.08365707299269,1.04710295210544,1
91,84,-1,1,1.40409607669681,1.08365707299269,0.643758502645097,-1
91,85,-1,-1,1.33829141100269,0.313157925939206,0.786613422442919,-1
91,86,-1,-1,1.33829141100269,0.313157925939206,1.02832370646515,-1
91,87,1,-1,1.4790407473506,1.55815115585514,0.31334894194485,1
91,88,1,1,1.55176615014942,4.24503384521296,0.548790095202064,1
91,89,1,1,1.55176615014942,4.24503384521296,0.445975261607346,1
91,90,1,1,1.55176615014942,4.24503384521296,0.442786067558673,1
91,91,1,1,1.55176615014942,4.24503384521296,0.619888764234551,1
91,92,1,1,1.55176615014942,4.24503384521296,0.310307326492915,1
91,93,1,1,1.55176615014942,4.24503384521296,0.488688791979382,1
91,94,-1,1,1.40409607669681,1.08365707299269,0.449643276924609,-1
91,95,-1,-1,1.33829141100269,0.313157925939206,1.13374114921586,1
91,96,-1,1,1.40409607669681,1.08365707299269,0.805972567262515,1
91,97,1,1,1.55176615014942,4.24503384521296,0.445210773052835,1
91,98,-1,1,1.40409607669681,1.08365707299269,0.625657242729956,-1
91,99,-1,-1,1.33829141100269,0.313157925939206,0.318804911309769,1
91,100,1,1,1.55176615014942,4.24503384521296,0.294212022806785,1
91,101,-1,1,1.40409607669681,1.08365707299269,0.902243639019477,1
92,2,1,1,2.06861635197126,2.42669282011295,0.290324638007915,1
92,3,1,1,2.06861635197126,2.42669282011295,0.479982853623561,1
92,4,1,1,2.06861635197126,2.42669282011295,1.68642492963105,1
92,5,1,1,2.06861635197126,2.42669282011295,0.426304629112066,1
92,6,-1,1,1.87176147882464,2.50874900271555,0.461486826557453,1
92,7,-1,1,1.87176147882464,2.50874900271555,1.0206831206744,1
92,8,1,1,2.06861635197126,2.42669282011295,0.597468453842877,1
92,9,1,1,2.06861635197126,2.42669282011295,0.294636271675621,1
92,10,1,1,2.06861635197126,2.42669282011295,0.821438308896172,1
92,11,-1,1,1.87176147882464,2.50874900271555,0.67953378955859,1
92,12,1,1,2.06861635197126,2.42669282011295,0.53959365688181,1
92,13,1,1,2.06861635197126,2.42669282011295,1.53681638548249,1
92,14,-1,1,1.87176147882464,2.50874900271555,0.396873455765903,1
92,15,1,1,2.06861635197126,2.42669282011295,0.659661133783876,1
92,16,-1,1,1.87176147882464,2.50874900271555,0.659335996858777,1
92,17,1,1,2.06861635197126,2.42669282011295,0.932571829775203,1
92,18,-1,1,1.87176147882464,2.50874900271555,0.527664044255762,1
92,19,-1,1,1.87176147882464,2.50874900271555,0.741003514998697,1
92,20,-1,1,1.87176147882464,2.50874900271555,0.512243011974608,1
92,21,1,1,2.06861635197126,2.42669282011295,0.315168318062625,1
92,22,1,1,2.06861635197126,2.42669282011295,0.559127310091665,1
92,23,-1,1,1.87176147882464,2.50874900271555,0.366494866201552,1
92,24,-1,1,1.87176147882464,2.50874900271555,0.319851029455588,1
92,25,1,1,2.06861635197126,2.42669282011295,0.439945323680022,1
92,26,1,1,2.06861635197126,2.42669282011295,0.706307724174299,1
92,27,-1,1,1.87176147882464,2.50874900271555,0.836280506462669,1
92,28,1,1,2.06861635197126,2.42669282011295,0.777135895173071,1
92,29,-1,1,1.87176147882464,2.50874900271555,0.855017152567427,1
92,30,1,1,2.06861635197126,2.42669282011295,0.337986611842771,1
92,31,1,1,2.06861635197126,2.42669282011295,0.499069533139802,1
92,32,1,1,2.06861635197126,2.42669282011295,0.494457842384829,1
92,33,-1,1,1.87176147882464,2.50874900271555,0.25632705744609,1
92,34,1,1,2.06861635197126,2.42669282011295,0.435211616830321,1
92,35,1,1,2.06861635197126,2.42669282011295,0.993499795419469,1
92,36,-1,1,1.87176147882464,2.50874900271555,0.836728106788751,1
92,37,-1,1,1.87176147882464,2.50874900271555,0.392640388169361,1
92,38,1,1,2.06861635197126,2.42669282011295,0.303389551051992,1
92,39,1,1,2.06861635197126,2.42669282011295,1.01575675058213,1
92,40,-1,1,1.87176147882464,2.50874900271555,0.775852870935559,1
92,41,1,1,2.06861635197126,2.42669282011295,0.464185274025666,1
92,42,-1,1,1.87176147882464,2.50874900271555,0.432947788750004,1
92,43,-1,1,1.87176147882464,2.50874900271555,0.445499434550907,1
92,44,-1,1,1.87176147882464,2.50874900271555,0.45348430140856,1
92,45,1,1,2.06861635197126,2.42669282011295,0.632976828687123,1
92,46,1,1,2.06861635197126,2.42669282011295,0.474765404700978,1
92,47,1,1,2.06861635197126,2.42669282011295,0.670732603517782,1
92,48,-1,1,1.87176147882464,2.50874900271555,0.417847005166594,-1
92,49,1,-1,1.97166813756482,0.307276613948108,1.85020623732677,1
92,50,1,1,2.06861635197126,2.42669282011295,0.392909891875472,1
92,51,1,1,2.06861635197126,2.42669282011295,0.635973605250754,1
92,52,-1,1,1.87176147882464,2.50874900271555,0.583971224400363,1
92,53,-1,1,1.87176147882464,2.50874900271555,0.488799763398717,1
92,54,-1,1,1.87176147882464,2.50874900271555,0.436220840484756,1
92,55,-1,1,1.87176147882464,2.50874900271555,0.330543545724873,1
92,56,-1,1,1.87176147882464,2.50874900271555,0.497485092727327,1
92,57,-1,1,1.87176147882464,2.50874900271555,0.582187135108846,1
92,58,1,1,2.06861635197126,2.42669282011295,0.70709204158488,1
92,59,1,1,2.06861635197126,2.42669282011295,0.590270134454193,1
92,60,1,1,2.06861635197126,2.42669282011295,0.767942109264676,1
92,61,1,1,2.06861635197126,2.42669282011295,0.397106726710726,1
92,62,-1,1,1.87176147882464,2.50874900271555,0.399967857375975,1
92,63,-1,1,1.87176147882464,2.50874900271555,0.831903519882305,1
92,64,1,1,2.06861635197126,2.42669282011295,0.452083184421477,1
92,65,-1,1,1.87176147882464,2.50874900271555,0.775483289845434,1
92,66,-1,1,1.87176147882464,2.50874900271555,0.429350700271035,1
92,67,1,1,2.06861635197126,2.42669282011295,0.289079602317004,1
92,68,1,1,2.06861635197126,2.42669282011295,0.294090420060968,1
92,69,-1,1,1.87176147882464,2.50874900271555,0.841415359727362,1
92,70,-1,1,1.87176147882464,2.50874900271555,0.454444462632056,1
92,71,1,1,2.06861635197126,2.42669282011295,0.602734526089772,1
92,72,-1,1,1.87176147882464,2.50874900271555,0.534180734381173,1
92,73,1,1,2.06861635197126,2.42669282011295,0.450003123168669,1
92,74,-1,1,1.87176147882464,2.50874900271555,0.341785933690922,1
92,75,-1,1,1.87176147882464,2.50874900271555,0.563173645356109,1
92,76,-1,1,1.87176147882464,2.50874900271555,0.524679343836596,1
92,77,1,1,2.06861635197126,2.42669282011295,0.349499682433115,1
92,78,1,1,2.06861635197126,2.42669282011295,0.438273212327028,1
92,79,-1,1,1.87176147882464,2.50874900271555,0.906058963517934,1
92,80,1,1,2.06861635197126,2.42669282011295,0.653427247778593,1
92,81,1,1,2.06861635197126,2.42669282011295,0.671946036601716,1
92,82,-1,1,1.87176147882464,2.50874900271555,0.661584659765148,1
92,83,-1,1,1.87176147882464,2.50874900271555,0.381631340302684,1
92,84,-1,1,1.87176147882464,2.50874900271555,0.712375636188875,1
92,85,-1,1,1.87176147882464,2.50874900271555,0.815103536262887,1
92,86,-1,1,1.87176147882464,2.50874900271555,0.329114854921471,1
92,87,1,1,2.06861635197126,2.42669282011295,1.03826956435249,1
92,88,1,1,2.06861635197126,2.42669282011295,0.36142799389171,-1
92,89,-1,-1,1.78403910681792,1.95728156322339,0.337040812484737,1
92,90,1,1,2.06861635197126,2.42669282011295,0.446704074786038,1
92,91,1,1,2.06861635197126,2.42669282011295,0.510773908051783,1
92,92,1,1,2.06861635197126,2.42669282011295,0.474336880318633,1
92,93,-1,1,1.87176147882464,2.50874900271555,0.539241124548883,1
92,94,-1,1,1.87176147882464,2.50874900271555,0.867233170483113,1
92,95,1,1,2.06861635197126,2.42669282011295,0.784123179784473,1
92,96,-1,1,1.87176147882464,2.50874900271555,0.477414509435226,1
92,97,1,1,2.06861635197126,2.42669282011295,1.02054745337059,1
92,98,-1,1,1.87176147882464,2.50874900271555,0.76211793002761,1
92,99,-1,1,1.87176147882464,2.50874900271555,0.471369287495393,1
92,100,-1,1,1.87176147882464,2.50874900271555,0.326019128162371,1
92,101,-1,1,1.87176147882464,2.50874900271555,0.739156938498822,1
93,2,-1,1,1.6595335803372,1.9785785718104,1.37226708543208,1
93,3,-1,1,1.6595335803372,1.9785785718104,0.345408237314553,1
93,4,-1,1,1.6595335803372,1.9785785718104,0.57590716674753,1
93,5,1,1,1.83406825055863,1.88150223475307,0.49638902166104,1
93,6,1,1,1.83406825055863,1.88150223475307,0.881315774252151,1
93,7,-1,1,1.6595335803372,1.9785785718104,0.669465185484869,-1
93,8,1,-1,1.74811241741356,1.31661642212862,0.563347035687799,1
93,9,-1,1,1.6595335803372,1.9785785718104,0.368735467884649,1
93,10,-1,1,1.6595335803372,1.9785785718104,0.561862598088278,1
93,11,-1,1,1.6595335803372,1.9785785718104,0.405257012448632,1
93,12,-1,1,1.6595335803372,1.9785785718104,0.449081013839237,1
93,13,-1,1,1.6595335803372,1.9785785718104,0.671596321249523,1
93,14,-1,1,1.6595335803372,1.9785785718104,0.40000224163286,1
93,15,-1,1,1.6595335803372,1.9785785718104,1.29877412360635,1
93,16,1,1,1.83406825055863,1.88150223475307,0.41223728534622,1
93,17,1,1,1.83406825055863,1.88150223475307,1.36526869310237,1
93,18,-1,1,1.6595335803372,1.9785785718104,1.27692487975037,1
93,19,-1,1,1.6595335803372,1.9785785718104,0.350728797652629,1
93,20,1,1,1.83406825055863,1.88150223475307,0.293508021974954,1
93,21,-1,1,1.6595335803372,1.9785785718104,0.360761574790136,1
93,22,1,1,1.83406825055863,1.88150223475307,0.322007910231248,1
93,23,1,1,1.83406825055863,1.88150223475307,0.430626592487569,1
93,24,1,1,1.83406825055863,1.88150223475307,0.46835163309361,1
93,25,-1,1,1.6595335803372,1.9785785718104,0.434484416878122,1
93,26,1,1,1.83406825055863,1.88150223475307,0.43077264471032,1
93,27,1,1,1.83406825055863,1.88150223475307,0.478653027970588,1
93,28,-1,1,1.6595335803372,1.9785785718104,0.940795499859691,1
93,29,1,1,1.83406825055863,1.88150223475307,0.435885228665051,1
93,30,1,1,1.83406825055863,1.88150223475307,0.392273881815357,1
93,31,-1,1,1.6595335803372,1.9785785718104,2.04829109387098,1
93,32,-1,1,1.6595335803372,1.9785785718104,0.315516199462181,-1
93,33,1,-1,1.74811241741356,1.31661642212862,0.903179248553182,1
93,34,-1,1,1.6595335803372,1.9785785718104,1.16911261374603,1
93,35,1,1,1.83406825055863,1.88150223475307,0.539301484899918,1
93,36,-1,1,1.6595335803372,1.9785785718104,0.374515214934237,1
93,37,1,1,1.83406825055863,1.88150223475307,0.931321266939761,1
93,38,1,1,1.83406825055863,1.88150223475307,1.1341461418204,1
93,39,1,1,1.83406825055863,1.88150223475307,0.647691668648647,1
93,40,1,1,1.83406825055863,1.88150223475307,0.361217108874741,1
93,41,1,1,1.83406825055863,1.88150223475307,0.586649203343785,-1
93,42,-1,-1,1.58175752620908,2.02330277130791,0.53327727823178,1
93,43,1,1,1.83406825055863,1.88150223475307,0.587549293847649,1
93,44,1,1,1.83406825055863,1.88150223475307,0.477670839471622,1
93,45,1,1,1.83406825055863,1.88150223475307,1.02632997720204,1
93,46,-1,1,1.6595335803372,1.9785785718104,0.468494953445749,1
93,47,1,1,1.83406825055863,1.88150223475307,0.316100874699566,1
93,48,-1,1,1.6595335803372,1.9785785718104,0.414115649542603,1
93,49,-1,1,1.6595335803372,1.9785785718104,0.28910443529704,1
93,50,-1,1,1.6595335803372,1.9785785718104,0.368117365218127,1
93,51,1,1,1.83406825055863,1.88150223475307,1.44182816637388,1
93,52,-1,1,1.6595335803372,1.9785785718104,0.809665012198917,1
93,53,1,1,1.83406825055863,1.88150223475307,0.60607593212261,1
93,54,1,1,1.83406825055863,1.88150223475307,0.474803742472805,1
93,55,-1,1,1.6595335803372,1.9785785718104,0.631319767538901,1
93,56,1,1,1.83406825055863,1.88150223475307,0.443756037924636,1
93,57,-1,1,1.6595335803372,1.9785785718104,0.384436056193934,1
93,58,1,1,1.83406825055863,1.88150223475307,0.566602907630616,1
93,59,-1,1,1.6595335803372,1.9785785718104,0.459526966163818,1
93,60,-1,1,1.6595335803372,1.9785785718104,0.376473370518839,1
93,61,-1,1,1.6595335803372,1.9785785718104,0.470699005380333,1
93,62,-1,1,1.6595335803372,1.9785785718104,0.661985264788848,1
93,63,-1,1,1.6595335803372,1.9785785718104,0.280642235761245,1
93,64,-1,1,1.6595335803372,1.9785785718104,0.399593148358278,1
93,65,-1,1,1.6595335803372,1.9785785718104,0.578275302614803,1
93,66,-1,1,1.6595335803372,1.9785785718104,0.500212580228637,1
93,67,-1,1,1.6595335803372,1.9785785718104,0.434452327740285,1
93,68,1,1,1.83406825055863,1.88150223475307,0.798390451434381,1
93,69,-1,1,1.6595335803372,1.9785785718104,0.392044825272076,1
93,70,1,1,1.83406825055863,1.88150223475307,0.688393958622421,1
93,71,1,1,1.83406825055863,1.88150223475307,1.24943866841629,1
93,72,1,1,1.83406825055863,1.88150223475307,0.321097378573146,1
93,73,1,1,1.83406825055863,1.88150223475307,0.442823842919229,1
93,74,-1,1,1.6595335803372,1.9785785718104,0.318561978218353,1
93,75,1,1,1.83406825055863,1.88150223475307,1.13300394627272,1
93,76,1,1,1.83406825055863,1.88150223475307,0.419961703119359,1
93,77,-1,1,1.6595335803372,1.9785785718104,0.364709114881603,1
93,78,-1,1,1.6595335803372,1.9785785718104,2.10340868612258,1
93,79,1,1,1.83406825055863,1.88150223475307,1.9244706580196,1
93,80,-1,1,1.6595335803372,1.9785785718104,0.574948293210376,-1
93,81,1,-1,1.74811241741356,1.31661642212862,0.714463830621757,1
93,82,1,1,1.83406825055863,1.88150223475307,0.43789911968085,1
93,83,1,1,1.83406825055863,1.88150223475307,0.5630682126292,1
93,84,-1,1,1.6595335803372,1.9785785718104,0.564579851140097,-1
93,85,1,-1,1.74811241741356,1.31661642212862,0.720466400107397,1
93,86,-1,1,1.6595335803372,1.9785785718104,0.374299429991978,1
93,87,1,1,1.83406825055863,1.88150223475307,0.922437992185697,1
93,88,-1,1,1.6595335803372,1.9785785718104,0.301787073577181,1
93,89,-1,1,1.6595335803372,1.9785785718104,0.814388290269014,1
93,90,-1,1,1.6595335803372,1.9785785718104,0.508978347620894,1
93,91,1,1,1.83406825055863,1.88150223475307,0.313066086486117,1
93,92,1,1,1.83406825055863,1.88150223475307,1.48918812654592,1
93,93,1,1,1.83406825055863,1.88150223475307,0.642576740376187,1
93,94,-1,1,1.6595335803372,1.9785785718104,0.383600214247009,1
93,95,1,1,1.83406825055863,1.88150223475307,0.399555649410517,1
93,96,1,1,1.83406825055863,1.88150223475307,0.485742378183003,1
93,97,-1,1,1.6595335803372,1.9785785718104,0.566171618283234,1
93,98,1,1,1.83406825055863,1.88150223475307,0.539339664597548,1
93,99,1,1,1.83406825055863,1.88150223475307,0.328015836175547,1
93,100,1,1,1.83406825055863,1.88150223475307,0.305974480383488,1
93,101,-1,1,1.6595335803372,1.9785785718104,0.307514070845151,1
94,2,-1,1,1.76184878877643,1.07510492428151,0.421481441707915,1
94,3,-1,1,1.76184878877643,1.07510492428151,0.737142022442931,1
94,4,-1,1,1.76184878877643,1.07510492428151,0.585678376284472,1
94,5,1,1,1.94714404340251,3.34009420234321,0.596444018358134,1
94,6,-1,1,1.76184878877643,1.07510492428151,0.659062638995299,1
94,7,1,1,1.94714404340251,3.34009420234321,0.414149717398805,1
94,8,1,1,1.94714404340251,3.34009420234321,0.426534002188014,1
94,9,-1,1,1.76184878877643,1.07510492428151,0.399341687682842,1
94,10,1,1,1.94714404340251,3.34009420234321,0.646047933705006,1
94,11,1,1,1.94714404340251,3.34009420234321,0.537533252612825,1
94,12,-1,1,1.76184878877643,1.07510492428151,1.04365280774308,1
94,13,1,1,1.94714404340251,3.34009420234321,0.3264913552487,1
94,14,-1,1,1.76184878877643,1.07510492428151,0.391967655768265,1
94,15,1,1,1.94714404340251,3.34009420234321,0.534751108417656,1
94,16,-1,1,1.76184878877643,1.07510492428151,0.744901951259485,1
94,17,-1,1,1.76184878877643,1.07510492428151,0.377546752206832,1
94,18,-1,1,1.76184878877643,1.07510492428151,0.413013990767603,1
94,19,-1,1,1.76184878877643,1.07510492428151,0.595703205743525,1
94,20,1,1,1.94714404340251,3.34009420234321,0.343898042852404,1
94,21,1,1,1.94714404340251,3.34009420234321,0.451795858409522,1
94,22,1,1,1.94714404340251,3.34009420234321,1.00122014919106,1
94,23,1,1,1.94714404340251,3.34009420234321,0.889828758898485,1
94,24,-1,1,1.76184878877643,1.07510492428151,1.10175888809647,1
94,25,-1,1,1.76184878877643,1.07510492428151,0.632893373335776,1
94,26,-1,1,1.76184878877643,1.07510492428151,1.33125422197196,1
94,27,-1,1,1.76184878877643,1.07510492428151,1.55320608097829,1
94,28,-1,1,1.76184878877643,1.07510492428151,0.614836145596153,1
94,29,1,1,1.94714404340251,3.34009420234321,0.420018212310577,1
94,30,1,1,1.94714404340251,3.34009420234321,0.550108858832143,1
94,31,1,1,1.94714404340251,3.34009420234321,0.589243133528539,1
94,32,-1,1,1.76184878877643,1.07510492428151,0.48529148453648,1
94,33,-1,1,1.76184878877643,1.07510492428151,0.295000523350824,1
94,34,-1,1,1.76184878877643,1.07510492428151,0.546783442778474,1
94,35,1,1,1.94714404340251,3.34009420234321,0.273819498024132,1
94,36,1,1,1.94714404340251,3.34009420234321,0.583789261697915,1
94,37,1,1,1.94714404340251,3.34009420234321,0.354690714981513,1
94,38,-1,1,1.76184878877643,1.07510492428151,0.730415295342541,-1
94,39,1,-1,1.85588877607364,1.75002751547786,0.535716547034632,1
94,40,-1,1,1.76184878877643,1.07510492428151,0.314748880042885,1
94,41,-1,1,1.76184878877643,1.07510492428151,0.694104047022377,1
94,42,-1,1,1.76184878877643,1.07510492428151,0.395015117665918,1
94,43,1,1,1.94714404340251,3.34009420234321,0.363313414263839,1
94,44,1,1,1.94714404340251,3.34009420234321,0.306118574646137,1
94,45,-1,1,1.76184878877643,1.07510492428151,1.30656469247312,1
94,46,-1,1,1.76184878877643,1.07510492428151,1.20616813970243,1
94,47,-1,1,1.76184878877643,1.07510492428151,0.542246173113196,1
94,48,1,1,1.94714404340251,3.34009420234321,0.570938959318002,1
94,49,1,1,1.94714404340251,3.34009420234321,0.337859477733646,1
94,50,1,1,1.94714404340251,3.34009420234321,0.709471601588781,1
94,51,-1,1,1.76184878877643,1.07510492428151,0.864279541392844,1
94,52,1,1,1.94714404340251,3.34009420234321,0.65194857046536,1
94,53,1,1,1.94714404340251,3.34009420234321,0.376666613899022,1
94,54,-1,1,1.76184878877643,1.07510492428151,0.736367513526263,1
94,55,-1,1,1.76184878877643,1.07510492428151,0.432045443989497,1
94,56,1,1,1.94714404340251,3.34009420234321,0.473516754968981,1
94,57,-1,1,1.76184878877643,1.07510492428151,0.419825086632479,1
94,58,1,1,1.94714404340251,3.34009420234321,0.39743376584632,1
94,59,-1,1,1.76184878877643,1.07510492428151,1.43364301485891,1
94,60,-1,1,1.76184878877643,1.07510492428151,0.495453319910713,1
94,61,-1,1,1.76184878877643,1.07510492428151,0.689651955536364,-1
94,62,-1,-1,1.67927760830439,1.03477335789742,0.545403037353917,1
94,63,1,1,1.94714404340251,3.34009420234321,0.36685030340387,1
94,64,-1,1,1.76184878877643,1.07510492428151,1.66636246345622,1
94,65,-1,1,1.76184878877643,1.07510492428151,0.468417115879503,1
94,66,-1,1,1.76184878877643,1.07510492428151,0.435760250883718,1
94,67,-1,1,1.76184878877643,1.07510492428151,0.311110389656928,1
94,68,1,1,1.94714404340251,3.34009420234321,0.499048093477652,1
94,69,1,1,1.94714404340251,3.34009420234321,0.4882512843846,1
94,70,1,1,1.94714404340251,3.34009420234321,0.391979587610606,1
94,71,1,1,1.94714404340251,3.34009420234321,0.534532158204191,1
94,72,-1,1,1.76184878877643,1.07510492428151,0.445494247735765,1
94,73,-1,1,1.76184878877643,1.07510492428151,0.363459574670851,-1
94,74,1,-1,1.85588877607364,1.75002751547786,0.45734188313683,1
94,75,1,1,1.94714404340251,3.34009420234321,0.448381460796845,1
94,76,-1,1,1.76184878877643,1.07510492428151,0.571806654113319,1
94,77,-1,1,1.76184878877643,1.07510492428151,0.48764114867516,-1
94,78,1,-1,1.85588877607364,1.75002751547786,0.656262496220588,1
94,79,-1,1,1.76184878877643,1.07510492428151,0.782022934239979,-1
94,80,1,-1,1.85588877607364,1.75002751547786,0.738320209692262,1
94,81,1,1,1.94714404340251,3.34009420234321,0.399014233838858,1
94,82,1,1,1.94714404340251,3.34009420234321,0.413838831272318,1
94,83,-1,1,1.76184878877643,1.07510492428151,0.614406445728335,-1
94,84,-1,-1,1.67927760830439,1.03477335789742,0.502058784682698,1
94,85,1,1,1.94714404340251,3.34009420234321,0.463352166891646,1
94,86,1,1,1.94714404340251,3.34009420234321,0.694309670068231,1
94,87,1,1,1.94714404340251,3.34009420234321,0.563167364893942,1
94,88,1,1,1.94714404340251,3.34009420234321,0.618705073674544,1
94,89,-1,1,1.76184878877643,1.07510492428151,0.514592500458992,1
94,90,-1,1,1.76184878877643,1.07510492428151,1.42302202161122,1
94,91,1,1,1.94714404340251,3.34009420234321,0.484100233633795,1
94,92,1,1,1.94714404340251,3.34009420234321,0.642649373733248,1
94,93,-1,1,1.76184878877643,1.07510492428151,0.918292930030621,1
94,94,1,1,1.94714404340251,3.34009420234321,0.67613378977945,1
94,95,1,1,1.94714404340251,3.34009420234321,1.28951372245676,1
94,96,1,1,1.94714404340251,3.34009420234321,0.607572446737941,1
94,97,-1,1,1.76184878877643,1.07510492428151,0.455464582033742,1
94,98,1,1,1.94714404340251,3.34009420234321,0.488832615398872,1
94,99,1,1,1.94714404340251,3.34009420234321,0.489132968300763,1
94,100,1,1,1.94714404340251,3.34009420234321,0.860483036885461,1
94,101,-1,1,1.76184878877643,1.07510492428151,1.22895407204506,1
95,2,-1,1,1.88699226488367,2.37226689288366,0.86513888448012,1
95,3,1,1,2.08544897378313,1.70663133548198,0.3113889540399,1
95,4,1,1,2.08544897378313,1.70663133548198,0.529184014886164,1
95,5,-1,1,1.88699226488367,2.37226689288366,0.494813909423061,1
95,6,1,1,2.08544897378313,1.70663133548198,0.537982427522933,1
95,7,-1,1,1.88699226488367,2.37226689288366,1.44818511559523,1
95,8,1,1,2.08544897378313,1.70663133548198,0.513521404298566,1
95,9,1,1,2.08544897378313,1.70663133548198,0.668317393524164,1
95,10,1,1,2.08544897378313,1.70663133548198,0.834266656236419,1
95,11,1,1,2.08544897378313,1.70663133548198,0.850832180168044,1
95,12,-1,1,1.88699226488367,2.37226689288366,0.445896535487415,1
95,13,1,1,2.08544897378313,1.70663133548198,0.677296286238156,1
95,14,-1,1,1.88699226488367,2.37226689288366,0.993514892715281,1
95,15,-1,1,1.88699226488367,2.37226689288366,0.853276936647468,1
95,16,-1,1,1.88699226488367,2.37226689288366,0.430398285806252,1
95,17,1,1,2.08544897378313,1.70663133548198,0.561115614358553,1
95,18,1,1,2.08544897378313,1.70663133548198,0.463576943475289,1
95,19,-1,1,1.88699226488367,2.37226689288366,0.537664519619623,1
95,20,1,1,2.08544897378313,1.70663133548198,0.346526114455208,1
95,21,1,1,2.08544897378313,1.70663133548198,0.495596657679471,1
95,22,1,1,2.08544897378313,1.70663133548198,0.629325826756432,1
95,23,-1,1,1.88699226488367,2.37226689288366,0.393161408471723,1
95,24,-1,1,1.88699226488367,2.37226689288366,0.425593370648874,1
95,25,1,1,2.08544897378313,1.70663133548198,0.355087057668939,1
95,26,-1,1,1.88699226488367,2.37226689288366,0.423270427468341,1
95,27,-1,1,1.88699226488367,2.37226689288366,0.426139120787955,1
95,28,-1,1,1.88699226488367,2.37226689288366,0.548784060520735,1
95,29,1,1,2.08544897378313,1.70663133548198,0.581089285613819,1
95,30,1,1,2.08544897378313,1.70663133548198,0.652573836843553,1
95,31,1,1,2.08544897378313,1.70663133548198,1.03776911203678,1
95,32,-1,1,1.88699226488367,2.37226689288366,0.385407147719429,1
95,33,-1,1,1.88699226488367,2.37226689288366,0.34711190805045,1
95,34,-1,1,1.88699226488367,2.37226689288366,0.398358454101741,1
95,35,1,1,2.08544897378313,1.70663133548198,0.531885350776068,1
95,36,1,1,2.08544897378313,1.70663133548198,0.379704756911308,1
95,37,-1,1,1.88699226488367,2.37226689288366,0.655081493200533,1
95,38,-1,1,1.88699226488367,2.37226689288366,1.1808007704141,1
95,39,-1,1,1.88699226488367,2.37226689288366,2.078947371021,1
95,40,1,1,2.08544897378313,1.70663133548198,0.569918486418322,1
95,41,-1,1,1.88699226488367,2.37226689288366,0.280226283223885,1
95,42,1,1,2.08544897378313,1.70663133548198,0.636914058152434,1
95,43,1,1,2.08544897378313,1.70663133548198,0.364199792721224,1
95,44,1,1,2.08544897378313,1.70663133548198,1.19666390130357,1
95,45,-1,1,1.88699226488367,2.37226689288366,0.418414541879636,1
95,46,-1,1,1.88699226488367,2.37226689288366,1.32526798081658,-1
95,47,1,-1,1.98771187813881,1.45103984874226,0.82867671983023,-1
95,48,-1,-1,1.79855608361453,1.6700619228921,0.595449158932971,1
95,49,-1,1,1.88699226488367,2.37226689288366,0.47168144003029,1
95,50,-1,1,1.88699226488367,2.37226689288366,0.575263960938136,1
95,51,-1,1,1.88699226488367,2.37226689288366,0.917775697826207,1
95,52,-1,1,1.88699226488367,2.37226689288366,0.62511686311306,1
95,53,-1,1,1.88699226488367,2.37226689288366,1.11749301965181,1
95,54,-1,1,1.88699226488367,2.37226689288366,0.475383922332132,1
95,55,1,1,2.08544897378313,1.70663133548198,1.20802043132893,1
95,56,1,1,2.08544897378313,1.70663133548198,1.42775949194703,1
95,57,1,1,2.08544897378313,1.70663133548198,1.25678731324627,-1
95,58,1,-1,1.98771187813881,1.45103984874226,0.73931086290531,1
95,59,-1,1,1.88699226488367,2.37226689288366,0.452697270009176,1
95,60,1,1,2.08544897378313,1.70663133548198,1.72269304163855,1
95,61,-1,1,1.88699226488367,2.37226689288366,0.526457637030151,1
95,62,1,1,2.08544897378313,1.70663133548198,0.915232485737279,1
95,63,1,1,2.08544897378313,1.70663133548198,1.51838640186767,1
95,64,-1,1,1.88699226488367,2.37226689288366,0.522977462624787,1
95,65,-1,1,1.88699226488367,2.37226689288366,0.764467819731468,1
95,66,1,1,2.08544897378313,1.70663133548198,0.510089077426659,1
95,67,-1,1,1.88699226488367,2.37226689288366,0.339116591974501,1
95,68,-1,1,1.88699226488367,2.37226689288366,0.320472375285913,1
95,69,-1,1,1.88699226488367,2.37226689288366,1.29804656030225,1
95,70,1,1,2.08544897378313,1.70663133548198,1.71754181073706,1
95,71,1,1,2.08544897378313,1.70663133548198,1.40558273089153,1
95,72,-1,1,1.88699226488367,2.37226689288366,0.363737709804628,1
95,73,-1,1,1.88699226488367,2.37226689288366,0.667892654193283,1
95,74,1,1,2.08544897378313,1.70663133548198,0.446929643546052,1
95,75,-1,1,1.88699226488367,2.37226689288366,0.645116275827747,1
95,76,1,1,2.08544897378313,1.70663133548198,0.623902307756465,1
95,77,1,1,2.08544897378313,1.70663133548198,0.418528739232578,1
95,78,1,1,2.08544897378313,1.70663133548198,0.909465181804967,1
95,79,1,1,2.08544897378313,1.70663133548198,0.497580851727029,1
95,80,1,1,2.08544897378313,1.70663133548198,0.497663369963682,1
95,81,1,1,2.08544897378313,1.70663133548198,0.588782091750117,-1
95,82,-1,-1,1.79855608361453,1.6700619228921,0.88276811536196,1
95,83,1,1,2.08544897378313,1.70663133548198,0.560552626266678,1
95,84,-1,1,1.88699226488367,2.37226689288366,0.288167328981848,1
95,85,-1,1,1.88699226488367,2.37226689288366,0.514253912948093,1
95,86,1,1,2.08544897378313,1.70663133548198,0.63267654944191,1
95,87,-1,1,1.88699226488367,2.37226689288366,0.376179028557299,1
95,88,1,1,2.08544897378313,1.70663133548198,1.24461248865497,1
95,89,1,1,2.08544897378313,1.70663133548198,0.680421383869448,1
95,90,1,1,2.08544897378313,1.70663133548198,0.855041073461767,1
95,91,-1,1,1.88699226488367,2.37226689288366,0.683061056672333,1
95,92,1,1,2.08544897378313,1.70663133548198,0.599158478468314,1
95,93,-1,1,1.88699226488367,2.37226689288366,0.488210623184892,1
95,94,1,1,2.08544897378313,1.70663133548198,0.481060719469617,1
95,95,1,1,2.08544897378313,1.70663133548198,0.933850638196441,1
95,96,-1,1,1.88699226488367,2.37226689288366,0.670012205995815,1
95,97,-1,1,1.88699226488367,2.37226689288366,0.441025281011353,1
95,98,-1,1,1.88699226488367,2.37226689288366,0.497349599943726,1
95,99,-1,1,1.88699226488367,2.37226689288366,0.73702443046202,1
95,100,1,1,2.08544897378313,1.70663133548198,2.24724676742758,1
95,101,-1,1,1.88699226488367,2.37226689288366,0.527255596611649,1
96,2,1,1,2.34239696213949,2.56513300807445,0.510093326011698,1
96,3,-1,1,2.11948841923758,1.15773784755785,0.354937889031574,1
96,4,1,1,2.34239696213949,2.56513300807445,0.653625113933503,1
96,5,-1,1,2.11948841923758,1.15773784755785,1.29684939354921,1
96,6,-1,1,2.11948841923758,1.15773784755785,0.740411178607258,-1
96,7,-1,-1,2.02015602369482,1.65235017867817,0.382742952402673,1
96,8,1,1,2.34239696213949,2.56513300807445,1.20630287580601,1
96,9,1,1,2.34239696213949,2.56513300807445,1.80688148354582,1
96,10,-1,1,2.11948841923758,1.15773784755785,0.957545352659681,1
96,11,-1,1,2.11948841923758,1.15773784755785,0.613002727900038,1
96,12,1,1,2.34239696213949,2.56513300807445,0.438511562027037,1
96,13,1,1,2.34239696213949,2.56513300807445,0.96619956746122,1
96,14,-1,1,2.11948841923758,1.15773784755785,0.61562822492911,1
96,15,1,1,2.34239696213949,2.56513300807445,0.589368808486379,1
96,16,1,1,2.34239696213949,2.56513300807445,0.78897614022354,1
96,17,1,1,2.34239696213949,2.56513300807445,0.71428197175823,1
96,18,-1,1,2.11948841923758,1.15773784755785,0.992588550577047,1
96,19,-1,1,2.11948841923758,1.15773784755785,1.87209750311593,1
96,20,1,1,2.34239696213949,2.56513300807445,0.858445629388611,1
96,21,-1,1,2.11948841923758,1.15773784755785,0.923243293605084,1
96,22,-1,1,2.11948841923758,1.15773784755785,0.992574040665068,1
96,23,1,1,2.34239696213949,2.56513300807445,0.745489877190828,1
96,24,-1,1,2.11948841923758,1.15773784755785,0.471378475194021,-1
96,25,1,-1,2.23261768736286,1.82477896568953,0.63546341758477,1
96,26,-1,1,2.11948841923758,1.15773784755785,2.51442515630288,1
96,27,1,1,2.34239696213949,2.56513300807445,0.531671747185883,1
96,28,1,1,2.34239696213949,2.56513300807445,0.453194942353385,1
96,29,1,1,2.34239696213949,2.56513300807445,0.866907805718186,1
96,30,1,1,2.34239696213949,2.56513300807445,1.24682123615164,1
96,31,1,1,2.34239696213949,2.56513300807445,0.673911010428311,1
96,32,1,1,2.34239696213949,2.56513300807445,0.464766111980944,1
96,33,1,1,2.34239696213949,2.56513300807445,0.531258972349623,1
96,34,1,1,2.34239696213949,2.56513300807445,1.36288118654552,1
96,35,1,1,2.34239696213949,2.56513300807445,1.21666297407723,1
96,36,1,1,2.34239696213949,2.56513300807445,0.579786891534753,1
96,37,-1,1,2.11948841923758,1.15773784755785,1.3040281918571,1
96,38,-1,1,2.11948841923758,1.15773784755785,0.481041843639811,1
96,39,-1,1,2.11948841923758,1.15773784755785,2.00878510022913,-1
96,40,-1,-1,2.02015602369482,1.65235017867817,1.2995545370006,1
96,41,1,1,2.34239696213949,2.56513300807445,1.10508817681732,1
96,42,1,1,2.34239696213949,2.56513300807445,1.31479089512612,1
96,43,1,1,2.34239696213949,2.56513300807445,0.451689413820907,1
96,44,1,1,2.34239696213949,2.56513300807445,0.626069163196789,1
96,45,-1,1,2.11948841923758,1.15773784755785,0.581424090813132,1
96,46,-1,1,2.11948841923758,1.15773784755785,0.525377620158737,1
96,47,1,1,2.34239696213949,2.56513300807445,1.01332451616274,1
96,48,1,1,2.34239696213949,2.56513300807445,0.399961739548824,1
96,49,-1,1,2.11948841923758,1.15773784755785,0.596715650867953,-1
96,50,-1,-1,2.02015602369482,1.65235017867817,2.52332305022427,1
96,51,-1,1,2.11948841923758,1.15773784755785,0.545617800549898,1
96,52,1,1,2.34239696213949,2.56513300807445,0.52643359735605,1
96,53,1,1,2.34239696213949,2.56513300807445,0.550434122139162,1
96,54,-1,1,2.11948841923758,1.15773784755785,2.0226385411555,1
96,55,-1,1,2.11948841923758,1.15773784755785,0.43532562656125,1
96,56,-1,1,2.11948841923758,1.15773784755785,1.41567720778242,1
96,57,-1,1,2.11948841923758,1.15773784755785,1.70691067706555,1
96,58,-1,1,2.11948841923758,1.15773784755785,0.397684594282976,1
96,59,-1,1,2.11948841923758,1.15773784755785,1.69595070220298,-1
96,60,1,-1,2.23261768736286,1.82477896568953,0.981649066313195,1
96,61,1,1,2.34239696213949,2.56513300807445,0.509316694068963,1
96,62,-1,1,2.11948841923758,1.15773784755785,0.426514858380986,1
96,63,-1,1,2.11948841923758,1.15773784755785,0.408718013517889,1
96,64,-1,1,2.11948841923758,1.15773784755785,0.662833545027332,1
96,65,-1,1,2.11948841923758,1.15773784755785,0.473394571488223,1
96,66,1,1,2.34239696213949,2.56513300807445,0.384627562102548,1
96,67,1,1,2.34239696213949,2.56513300807445,0.372281317438604,1
96,68,-1,1,2.11948841923758,1.15773784755785,2.34422284492855,1
96,69,1,1,2.34239696213949,2.56513300807445,0.40668880333228,1
96,70,-1,1,2.11948841923758,1.15773784755785,0.57368825262174,1
96,71,-1,1,2.11948841923758,1.15773784755785,0.951371116305659,-1
96,72,1,-1,2.23261768736286,1.82477896568953,0.88789565336798,1
96,73,-1,1,2.11948841923758,1.15773784755785,0.628723067887939,1
96,74,1,1,2.34239696213949,2.56513300807445,0.43054007718427,1
96,75,-1,1,2.11948841923758,1.15773784755785,0.555415087476697,1
96,76,1,1,2.34239696213949,2.56513300807445,0.480869367486324,1
96,77,-1,1,2.11948841923758,1.15773784755785,0.367486364093567,1
96,78,1,1,2.34239696213949,2.56513300807445,0.349562399280231,1
96,79,-1,1,2.11948841923758,1.15773784755785,0.553875567888419,1
96,80,1,1,2.34239696213949,2.56513300807445,0.717376286243677,1
96,81,-1,1,2.11948841923758,1.15773784755785,1.03004313864183,-1
96,82,-1,-1,2.02015602369482,1.65235017867817,0.436878515046373,1
96,83,1,1,2.34239696213949,2.56513300807445,0.39961733647482,1
96,84,1,1,2.34239696213949,2.56513300807445,0.453979647719576,1
96,85,1,1,2.34239696213949,2.56513300807445,0.351505776421015,1
96,86,-1,1,2.11948841923758,1.15773784755785,0.684129700698458,1
96,87,-1,1,2.11948841923758,1.15773784755785,0.479622393266696,1
96,88,1,1,2.34239696213949,2.56513300807445,0.643359983173603,1
96,89,1,1,2.34239696213949,2.56513300807445,0.386664416691557,1
96,90,1,1,2.34239696213949,2.56513300807445,0.669559294005029,1
96,91,-1,1,2.11948841923758,1.15773784755785,1.23491294930678,1
96,92,1,1,2.34239696213949,2.56513300807445,0.399775118099087,1
96,93,-1,1,2.11948841923758,1.15773784755785,0.51018854795758,1
96,94,-1,1,2.11948841923758,1.15773784755785,0.571316705174024,1
96,95,-1,1,2.11948841923758,1.15773784755785,0.52986303949146,1
96,96,-1,1,2.11948841923758,1.15773784755785,1.19002139225971,1
96,97,1,1,2.34239696213949,2.56513300807445,0.367989221578761,1
96,98,-1,1,2.11948841923758,1.15773784755785,0.432012581708853,1
96,99,1,1,2.34239696213949,2.56513300807445,0.413318255559488,1
96,100,-1,1,2.11948841923758,1.15773784755785,1.18319982721529,1
96,101,1,1,2.34239696213949,2.56513300807445,0.505142205142569,1
97,2,-1,1,1.55473847085044,1.2729645058127,0.375478950300004,1
97,3,1,1,1.71825174319731,3.42537071532308,0.446940403935823,1
97,4,1,1,1.71825174319731,3.42537071532308,0.366415284973066,1
97,5,-1,1,1.55473847085044,1.2729645058127,0.476830002793742,1
97,6,1,1,1.71825174319731,3.42537071532308,0.34917651317346,1
97,7,-1,1,1.55473847085044,1.2729645058127,0.833379542140591,1
97,8,1,1,1.71825174319731,3.42537071532308,0.459621215378357,1
97,9,1,1,1.71825174319731,3.42537071532308,0.333515180311415,1
97,10,1,1,1.71825174319731,3.42537071532308,0.304264740738675,1
97,11,-1,1,1.55473847085044,1.2729645058127,0.325074032908645,1
97,12,-1,1,1.55473847085044,1.2729645058127,1.3962291225523,1
97,13,-1,1,1.55473847085044,1.2729645058127,0.317456236466295,1
97,14,1,1,1.71825174319731,3.42537071532308,0.407262625021857,1
97,15,1,1,1.71825174319731,3.42537071532308,0.451616986884409,1
97,16,-1,1,1.55473847085044,1.2729645058127,0.308637650177264,1
97,17,-1,1,1.55473847085044,1.2729645058127,0.430197043682638,1
97,18,-1,1,1.55473847085044,1.2729645058127,1.32931765349348,1
97,19,-1,1,1.55473847085044,1.2729645058127,0.344557289752499,1
97,20,1,1,1.71825174319731,3.42537071532308,0.450752110319045,1
97,21,-1,1,1.55473847085044,1.2729645058127,0.610642123108436,1
97,22,-1,1,1.55473847085044,1.2729645058127,0.448903687421409,1
97,23,-1,1,1.55473847085044,1.2729645058127,0.561214847537375,1
97,24,-1,1,1.55473847085044,1.2729645058127,0.242668623291302,1
97,25,1,1,1.71825174319731,3.42537071532308,0.303726525024419,1
97,26,-1,1,1.55473847085044,1.2729645058127,0.300818987271652,1
97,27,-1,1,1.55473847085044,1.2729645058127,0.920339481992455,1
97,28,-1,1,1.55473847085044,1.2729645058127,0.694823477700373,1
97,29,-1,1,1.55473847085044,1.2729645058127,0.467884773415719,1
97,30,1,1,1.71825174319731,3.42537071532308,0.308558546259925,1
97,31,1,1,1.71825174319731,3.42537071532308,0.339878921145633,1
97,32,-1,1,1.55473847085044,1.2729645058127,0.897647067418704,1
97,33,1,1,1.71825174319731,3.42537071532308,0.317280073827103,1
97,34,1,1,1.71825174319731,3.42537071532308,0.266224239956062,1
97,35,1,1,1.71825174319731,3.42537071532308,0.44735476077738,1
97,36,1,1,1.71825174319731,3.42537071532308,0.435795210094466,1
97,37,1,1,1.71825174319731,3.42537071532308,0.485717580862579,1
97,38,-1,1,1.55473847085044,1.2729645058127,0.826654303576867,1
97,39,1,1,1.71825174319731,3.42537071532308,0.60256606856437,1
97,40,-1,1,1.55473847085044,1.2729645058127,0.583822602466037,1
97,41,-1,1,1.55473847085044,1.2729645058127,0.602645771903815,-1
97,42,-1,-1,1.48187376663677,1.26314487439536,0.437863366789252,1
97,43,-1,1,1.55473847085044,1.2729645058127,1.97861761147892,1
97,44,1,1,1.71825174319731,3.42537071532308,0.348389581078176,1
97,45,-1,1,1.55473847085044,1.2729645058127,0.347129805361855,1
97,46,-1,1,1.55473847085044,1.2729645058127,0.461905379974844,1
97,47,-1,1,1.55473847085044,1.2729645058127,0.375380698549635,1
97,48,1,1,1.71825174319731,3.42537071532308,0.349005949311538,1
97,49,-1,1,1.55473847085044,1.2729645058127,0.80715247691685,1
97,50,1,1,1.71825174319731,3.42537071532308,0.566619843109577,1
97,51,1,1,1.71825174319731,3.42537071532308,0.256550583547786,1
97,52,1,1,1.71825174319731,3.42537071532308,0.253472651278979,1
97,53,1,1,1.71825174319731,3.42537071532308,0.356379565114589,1
97,54,1,1,1.71825174319731,3.42537071532308,0.41266023962166,1
97,55,1,1,1.71825174319731,3.42537071532308,0.535962384880544,1
97,56,-1,1,1.55473847085044,1.2729645058127,0.237516856848699,1
97,57,1,1,1.71825174319731,3.42537071532308,0.343089016086735,1
97,58,-1,1,1.55473847085044,1.2729645058127,0.478931381124505,1
97,59,-1,1,1.55473847085044,1.2729645058127,0.324004662478474,1
97,60,1,1,1.71825174319731,3.42537071532308,0.241246866091616,1
97,61,-1,1,1.55473847085044,1.2729645058127,0.623425072335001,1
97,62,-1,1,1.55473847085044,1.2729645058127,0.47824534799138,1
97,63,-1,1,1.55473847085044,1.2729645058127,0.584725110766686,1
97,64,1,1,1.71825174319731,3.42537071532308,0.36400236293905,1
97,65,1,1,1.71825174319731,3.42537071532308,0.388102584779679,1
97,66,1,1,1.71825174319731,3.42537071532308,0.564235645415712,1
97,67,-1,1,1.55473847085044,1.2729645058127,0.793086148423407,1
97,68,-1,1,1.55473847085044,1.2729645058127,0.979095429620628,1
97,69,-1,1,1.55473847085044,1.2729645058127,0.758811626616651,1
97,70,1,1,1.71825174319731,3.42537071532308,0.347396096730329,1
97,71,1,1,1.71825174319731,3.42537071532308,0.393684085293586,1
97,72,1,1,1.71825174319731,3.42537071532308,0.381785558228989,1
97,73,1,1,1.71825174319731,3.42537071532308,0.624620632906814,1
97,74,-1,1,1.55473847085044,1.2729645058127,0.577847874745794,1
97,75,1,1,1.71825174319731,3.42537071532308,0.481954816046446,1
97,76,1,1,1.71825174319731,3.42537071532308,0.444240766192869,1
97,77,-1,1,1.55473847085044,1.2729645058127,0.449635361288538,1
97,78,1,1,1.71825174319731,3.42537071532308,0.31866397773957,1
97,79,-1,1,1.55473847085044,1.2729645058127,0.512347724865302,-1
97,80,-1,-1,1.48187376663677,1.26314487439536,0.951750362447913,1
97,81,-1,1,1.55473847085044,1.2729645058127,0.265538221662998,1
97,82,-1,1,1.55473847085044,1.2729645058127,1.62785933162843,1
97,83,1,1,1.71825174319731,3.42537071532308,0.370184464701373,1
97,84,1,1,1.71825174319731,3.42537071532308,0.270481534871087,1
97,85,-1,1,1.55473847085044,1.2729645058127,0.465145198518129,-1
97,86,-1,-1,1.48187376663677,1.26314487439536,2.58470706809915,1
97,87,1,1,1.71825174319731,3.42537071532308,0.302919888600249,1
97,88,1,1,1.71825174319731,3.42537071532308,0.476025046779571,1
97,89,-1,1,1.55473847085044,1.2729645058127,0.352797041407226,1
97,90,1,1,1.71825174319731,3.42537071532308,0.256900930514729,1
97,91,1,1,1.71825174319731,3.42537071532308,0.458300150565323,1
97,92,1,1,1.71825174319731,3.42537071532308,0.403069914349471,1
97,93,1,1,1.71825174319731,3.42537071532308,0.432296876306282,1
97,94,1,1,1.71825174319731,3.42537071532308,0.337342035140342,1
97,95,1,1,1.71825174319731,3.42537071532308,0.393461393433853,-1
97,96,-1,-1,1.48187376663677,1.26314487439536,1.06999051477967,1
97,97,-1,1,1.55473847085044,1.2729645058127,0.632645191819419,-1
97,98,1,-1,1.63772379114618,1.23851990446886,0.482879844040836,1
97,99,1,1,1.71825174319731,3.42537071532308,0.353690863686188,1
97,100,-1,1,1.55473847085044,1.2729645058127,0.731901818883495,-1
97,101,-1,-1,1.48187376663677,1.26314487439536,0.440347851322115,1
98,2,-1,1,1.8017703405109,1.52937422612155,0.746822030216772,-1
98,3,-1,-1,1.71732818809508,0.982066034459852,0.333047755976776,-1
98,4,1,-1,1.89794117027422,2.00939308680033,1.10860116741255,1
98,5,1,1,1.9912641813839,2.67916665261826,1.33497365420959,1
98,6,-1,1,1.8017703405109,1.52937422612155,0.433558942262666,1
98,7,1,1,1.9912641813839,2.67916665261826,0.491591891211281,1
98,8,-1,1,1.8017703405109,1.52937422612155,0.562756239337393,1
98,9,1,1,1.9912641813839,2.67916665261826,0.383167108563426,1
98,10,-1,1,1.8017703405109,1.52937422612155,0.72215465605778,1
98,11,1,1,1.9912641813839,2.67916665261826,0.379391415214331,1
98,12,1,1,1.9912641813839,2.67916665261826,0.717001116777211,1
98,13,-1,1,1.8017703405109,1.52937422612155,0.702232913019875,1
98,14,-1,1,1.8017703405109,1.52937422612155,1.06050527772351,1
98,15,1,1,1.9912641813839,2.67916665261826,0.613985599975686,1
98,16,-1,1,1.8017703405109,1.52937422612155,0.877432928614571,1
98,17,-1,1,1.8017703405109,1.52937422612155,0.504202312739184,1
98,18,1,1,1.9912641813839,2.67916665261826,0.885885667408737,1
98,19,1,1,1.9912641813839,2.67916665261826,0.352892247408925,1
98,20,-1,1,1.8017703405109,1.52937422612155,0.336139107755142,1
98,21,1,1,1.9912641813839,2.67916665261826,0.38469817311674,1
98,22,-1,1,1.8017703405109,1.52937422612155,0.681543834122953,1
98,23,1,1,1.9912641813839,2.67916665261826,0.377256510396691,1
98,24,-1,1,1.8017703405109,1.52937422612155,0.427278116607547,1
98,25,-1,1,1.8017703405109,1.52937422612155,0.34549559892588,1
98,26,-1,1,1.8017703405109,1.52937422612155,0.728726711889966,1
98,27,-1,1,1.8017703405109,1.52937422612155,0.454299469275767,1
98,28,-1,1,1.8017703405109,1.52937422612155,0.475240604546156,1
98,29,-1,1,1.8017703405109,1.52937422612155,0.908257758564995,1
98,30,1,1,1.9912641813839,2.67916665261826,0.635102324191743,1
98,31,1,1,1.9912641813839,2.67916665261826,1.52727955258537,1
98,32,-1,1,1.8017703405109,1.52937422612155,1.21436915576036,1
98,33,-1,1,1.8017703405109,1.52937422612155,1.77255085256808,1
98,34,-1,1,1.8017703405109,1.52937422612155,0.416454891936323,1
98,35,-1,1,1.8017703405109,1.52937422612155,0.579821836249824,1
98,36,-1,1,1.8017703405109,1.52937422612155,0.253414820755233,1
98,37,1,1,1.9912641813839,2.67916665261826,0.626880028866475,1
98,38,1,1,1.9912641813839,2.67916665261826,0.397074129963314,1
98,39,1,1,1.9912641813839,2.67916665261826,0.302158034019703,1
98,40,1,1,1.9912641813839,2.67916665261826,0.70238159824337,1
98,41,-1,1,1.8017703405109,1.52937422612155,1.2184975582893,-1
98,42,-1,-1,1.71732818809508,0.982066034459852,0.553658703054768,1
98,43,-1,1,1.8017703405109,1.52937422612155,0.488696859552254,1
98,44,-1,1,1.8017703405109,1.52937422612155,1.62292561355835,1
98,45,-1,1,1.8017703405109,1.52937422612155,0.78598494552245,1
98,46,1,1,1.9912641813839,2.67916665261826,0.452640349386015,1
98,47,-1,1,1.8017703405109,1.52937422612155,1.232343119836,1
98,48,1,1,1.9912641813839,2.67916665261826,0.440320282493184,1
98,49,1,1,1.9912641813839,2.67916665261826,0.922820179357009,1
98,50,1,1,1.9912641813839,2.67916665261826,0.373007308093959,1
98,51,1,1,1.9912641813839,2.67916665261826,0.687822350786289,1
98,52,-1,1,1.8017703405109,1.52937422612155,0.393742481449224,1
98,53,-1,1,1.8017703405109,1.52937422612155,1.11030833324153,1
98,54,1,1,1.9912641813839,2.67916665261826,0.52972359480826,1
98,55,1,1,1.9912641813839,2.67916665261826,0.438753359498259,1
98,56,-1,1,1.8017703405109,1.52937422612155,0.52951721730534,1
98,57,-1,1,1.8017703405109,1.52937422612155,1.30902308283194,1
98,58,-1,1,1.8017703405109,1.52937422612155,0.523493548369808,-1
98,59,-1,-1,1.71732818809508,0.982066034459852,0.545298809499865,1
98,60,1,1,1.9912641813839,2.67916665261826,0.580899848605832,1
98,61,1,1,1.9912641813839,2.67916665261826,0.446819073639066,1
98,62,-1,1,1.8017703405109,1.52937422612155,0.456315668271309,1
98,63,1,1,1.9912641813839,2.67916665261826,0.483712304208316,1
98,64,1,1,1.9912641813839,2.67916665261826,0.4927799193827,1
98,65,-1,1,1.8017703405109,1.52937422612155,0.65448152550659,1
98,66,-1,1,1.8017703405109,1.52937422612155,0.640148053196717,1
98,67,1,1,1.9912641813839,2.67916665261826,0.390253740559377,1
98,68,-1,1,1.8017703405109,1.52937422612155,1.22242004958034,1
98,69,-1,1,1.8017703405109,1.52937422612155,0.780303894445624,-1
98,70,-1,-1,1.71732818809508,0.982066034459852,0.350418470142153,1
98,71,-1,1,1.8017703405109,1.52937422612155,0.385454441789154,1
98,72,-1,1,1.8017703405109,1.52937422612155,1.26185904845082,-1
98,73,1,-1,1.89794117027422,2.00939308680033,1.06843002054575,1
98,74,-1,1,1.8017703405109,1.52937422612155,0.711560802704052,1
98,75,1,1,1.9912641813839,2.67916665261826,1.69393991971928,1
98,76,-1,1,1.8017703405109,1.52937422612155,0.397486933237935,1
98,77,-1,1,1.8017703405109,1.52937422612155,0.654693616668811,1
98,78,1,1,1.9912641813839,2.67916665261826,0.495973079277506,1
98,79,1,1,1.9912641813839,2.67916665261826,0.474026597262526,1
98,80,1,1,1.9912641813839,2.67916665261826,0.449288062945089,1
98,81,1,1,1.9912641813839,2.67916665261826,1.14204489825944,1
98,82,1,1,1.9912641813839,2.67916665261826,0.591920908333628,1
98,83,-1,1,1.8017703405109,1.52937422612155,0.41319637127626,1
98,84,1,1,1.9912641813839,2.67916665261826,0.501418638080505,1
98,85,-1,1,1.8017703405109,1.52937422612155,0.544260552210843,1
98,86,1,1,1.9912641813839,2.67916665261826,0.595882807857489,1
98,87,1,1,1.9912641813839,2.67916665261826,0.491195785356842,1
98,88,1,1,1.9912641813839,2.67916665261826,1.11962176586199,1
98,89,1,1,1.9912641813839,2.67916665261826,0.593567403129845,1
98,90,-1,1,1.8017703405109,1.52937422612155,0.386961600386822,1
98,91,1,1,1.9912641813839,2.67916665261826,0.314166071567404,1
98,92,1,1,1.9912641813839,2.67916665261826,0.423845475720716,1
98,93,-1,1,1.8017703405109,1.52937422612155,0.484579013748987,1
98,94,1,1,1.9912641813839,2.67916665261826,0.345490845247293,1
98,95,1,1,1.9912641813839,2.67916665261826,0.675122585543053,1
98,96,-1,1,1.8017703405109,1.52937422612155,0.583694718398122,1
98,97,1,1,1.9912641813839,2.67916665261826,0.402259042040732,1
98,98,1,1,1.9912641813839,2.67916665261826,0.393976703600667,1
98,99,1,1,1.9912641813839,2.67916665261826,0.556446972589778,1
98,100,1,1,1.9912641813839,2.67916665261826,0.346219658664012,1
98,101,1,1,1.9912641813839,2.67916665261826,0.319823515667304,1
99,2,1,1,1.62289501182857,4.22905654939062,0.297759115216352,1
99,3,-1,1,1.4684561322464,1.31522190396603,0.431938469763398,1
99,4,1,1,1.62289501182857,4.22905654939062,0.676876729803674,1
99,5,1,1,1.62289501182857,4.22905654939062,0.348552475303418,1
99,6,-1,1,1.4684561322464,1.31522190396603,0.948283594723953,1
99,7,-1,1,1.4684561322464,1.31522190396603,0.407643136165716,1
99,8,1,1,1.62289501182857,4.22905654939062,0.307355745893934,1
99,9,-1,1,1.4684561322464,1.31522190396603,0.633919706899267,1
99,10,1,1,1.62289501182857,4.22905654939062,0.372977576741773,1
99,11,1,1,1.62289501182857,4.22905654939062,0.530983538422831,1
99,12,-1,1,1.4684561322464,1.31522190396603,0.799905303231861,1
99,13,-1,1,1.4684561322464,1.31522190396603,0.733710470802094,1
99,14,1,1,1.62289501182857,4.22905654939062,0.503312939997636,1
99,15,1,1,1.62289501182857,4.22905654939062,0.485518465859706,1
99,16,-1,1,1.4684561322464,1.31522190396603,1.02679501408451,1
99,17,1,1,1.62289501182857,4.22905654939062,0.448625705070941,1
99,18,1,1,1.62289501182857,4.22905654939062,0.328314537344663,1
99,19,-1,1,1.4684561322464,1.31522190396603,0.449451401586953,1
99,20,1,1,1.62289501182857,4.22905654939062,0.381964622472063,1
99,21,-1,1,1.4684561322464,1.31522190396603,0.575241949769359,1
99,22,1,1,1.62289501182857,4.22905654939062,0.446827584767218,1
99,23,1,1,1.62289501182857,4.22905654939062,0.356923055317357,1
99,24,-1,1,1.4684561322464,1.31522190396603,0.789287631124619,-1
99,25,1,-1,1.54683606865336,1.21997526920252,0.321228618428795,1
99,26,-1,1,1.4684561322464,1.31522190396603,0.685946190360957,1
99,27,1,1,1.62289501182857,4.22905654939062,0.453464225903564,1
99,28,-1,1,1.4684561322464,1.31522190396603,0.91561363346635,1
99,29,1,1,1.62289501182857,4.22905654939062,0.415291573688553,1
99,30,1,1,1.62289501182857,4.22905654939062,0.626734493089452,1
99,31,-1,1,1.4684561322464,1.31522190396603,0.865579132356557,1
99,32,1,1,1.62289501182857,4.22905654939062,0.41874783046247,1
99,33,-1,1,1.4684561322464,1.31522190396603,0.396243784694277,1
99,34,1,1,1.62289501182857,4.22905654939062,0.419834595921178,1
99,35,1,1,1.62289501182857,4.22905654939062,0.372496047614931,1
99,36,-1,1,1.4684561322464,1.31522190396603,0.447156313268627,1
99,37,-1,1,1.4684561322464,1.31522190396603,0.379398351836745,1
99,38,1,1,1.62289501182857,4.22905654939062,0.42500331524209,1
99,39,-1,1,1.4684561322464,1.31522190396603,0.513330613719367,1
99,40,1,1,1.62289501182857,4.22905654939062,0.379424268860432,1
99,41,1,1,1.62289501182857,4.22905654939062,0.404518044471069,1
99,42,1,1,1.62289501182857,4.22905654939062,0.538825822771099,1
99,43,-1,1,1.4684561322464,1.31522190396603,0.458416795083837,1
99,44,-1,1,1.4684561322464,1.31522190396603,0.341103698760607,1
99,45,-1,1,1.4684561322464,1.31522190396603,1.17730453643393,1
99,46,1,1,1.62289501182857,4.22905654939062,0.4585246058813,1
99,47,1,1,1.62289501182857,4.22905654939062,0.363604512749413,1
99,48,1,1,1.62289501182857,4.22905654939062,0.353917055016289,1
99,49,1,1,1.62289501182857,4.22905654939062,0.354008967054674,1
99,50,1,1,1.62289501182857,4.22905654939062,0.501638504984109,1
99,51,-1,1,1.4684561322464,1.31522190396603,1.43948180865177,1
99,52,-1,1,1.4684561322464,1.31522190396603,0.438089500436441,-1
99,53,-1,-1,1.3996351544852,0.435746277440826,0.32649169204505,1
99,54,1,1,1.62289501182857,4.22905654939062,0.391506986866558,1
99,55,-1,1,1.4684561322464,1.31522190396603,0.36875816611519,1
99,56,-1,1,1.4684561322464,1.31522190396603,0.830356282972731,1
99,57,-1,1,1.4684561322464,1.31522190396603,0.36779625840568,1
99,58,1,1,1.62289501182857,4.22905654939062,0.468038282916858,1
99,59,-1,1,1.4684561322464,1.31522190396603,0.397031410598511,1
99,60,-1,1,1.4684561322464,1.31522190396603,0.48565900124318,1
99,61,1,1,1.62289501182857,4.22905654939062,0.442495825577442,1
99,62,-1,1,1.4684561322464,1.31522190396603,0.779963753278209,1
99,63,-1,1,1.4684561322464,1.31522190396603,0.44576040848989,1
99,64,-1,1,1.4684561322464,1.31522190396603,0.563208984570223,1
99,65,-1,1,1.4684561322464,1.31522190396603,0.389405117452697,-1
99,66,-1,-1,1.3996351544852,0.435746277440826,0.7236347026691,1
99,67,-1,1,1.4684561322464,1.31522190396603,0.53141989209667,1
99,68,1,1,1.62289501182857,4.22905654939062,0.369003510972449,1
99,69,-1,1,1.4684561322464,1.31522190396603,0.503509288798829,1
99,70,-1,1,1.4684561322464,1.31522190396603,0.627190918888588,1
99,71,1,1,1.62289501182857,4.22905654939062,0.348249107155629,1
99,72,-1,1,1.4684561322464,1.31522190396603,0.604560041504133,1
99,73,1,1,1.62289501182857,4.22905654939062,0.403184608077592,1
99,74,-1,1,1.4684561322464,1.31522190396603,0.356253422771919,1
99,75,1,1,1.62289501182857,4.22905654939062,0.360060342772707,1
99,76,-1,1,1.4684561322464,1.31522190396603,0.604307617441817,1
99,77,1,1,1.62289501182857,4.22905654939062,0.370089569128988,1
99,78,1,1,1.62289501182857,4.22905654939062,0.471109080784179,1
99,79,1,1,1.62289501182857,4.22905654939062,0.355675225046029,1
99,80,-1,1,1.4684561322464,1.31522190396603,0.362319012456484,1
99,81,-1,1,1.4684561322464,1.31522190396603,0.455584645953343,1
99,82,-1,1,1.4684561322464,1.31522190396603,0.494107752391553,1
99,83,1,1,1.62289501182857,4.22905654939062,0.298041792515843,1
99,84,1,1,1.62289501182857,4.22905654939062,0.401882432061684,1
99,85,1,1,1.62289501182857,4.22905654939062,0.488313251161904,1
99,86,1,1,1.62289501182857,4.22905654939062,0.422372602394976,1
99,87,1,1,1.62289501182857,4.22905654939062,0.400700525347862,1
99,88,-1,1,1.4684561322464,1.31522190396603,0.884386293872634,1
99,89,1,1,1.62289501182857,4.22905654939062,0.630639560213067,1
99,90,-1,1,1.4684561322464,1.31522190396603,1.35944471861354,1
99,91,1,1,1.62289501182857,4.22905654939062,0.523702310845228,1
99,92,1,1,1.62289501182857,4.22905654939062,0.664838592327674,1
99,93,-1,1,1.4684561322464,1.31522190396603,0.502747609775372,1
99,94,-1,1,1.4684561322464,1.31522190396603,0.455328498727576,1
99,95,-1,1,1.4684561322464,1.31522190396603,0.52863112496975,1
99,96,1,1,1.62289501182857,4.22905654939062,0.422053577853053,1
99,97,-1,1,1.4684561322464,1.31522190396603,0.577806524113153,1
99,98,-1,1,1.4684561322464,1.31522190396603,1.05181018361712,1
99,99,1,1,1.62289501182857,4.22905654939062,0.349037583619416,1
99,100,1,1,1.62289501182857,4.22905654939062,0.429418416303312,1
99,101,-1,1,1.4684561322464,1.31522190396603,0.362421255072994,1
100,2,1,1,1.80575772465098,3.82247853439988,0.380416286758269,1
100,3,-1,1,1.63391715717168,1.72532029541754,0.375935140095595,1
100,4,1,1,1.80575772465098,3.82247853439988,0.607610413085409,1
100,5,1,1,1.80575772465098,3.82247853439988,0.836018596402304,1
100,6,1,1,1.80575772465098,3.82247853439988,0.312167514653934,1
100,7,-1,1,1.63391715717168,1.72532029541754,0.402045741709825,1
100,8,-1,1,1.63391715717168,1.72532029541754,1.89646462239545,1
100,9,-1,1,1.63391715717168,1.72532029541754,0.735442126518377,1
100,10,-1,1,1.63391715717168,1.72532029541754,0.401031016700637,1
100,11,1,1,1.80575772465098,3.82247853439988,0.366906671501089,1
100,12,-1,1,1.63391715717168,1.72532029541754,1.33936130339925,1
100,13,-1,1,1.63391715717168,1.72532029541754,2.89241500731506,1
100,14,1,1,1.80575772465098,3.82247853439988,0.32890165836912,1
100,15,1,1,1.80575772465098,3.82247853439988,0.358413196899504,1
100,16,1,1,1.80575772465098,3.82247853439988,0.368772272800367,1
100,17,1,1,1.80575772465098,3.82247853439988,0.345441029977464,1
100,18,-1,1,1.63391715717168,1.72532029541754,0.63579773958023,1
100,19,-1,1,1.63391715717168,1.72532029541754,1.21974017173138,1
100,20,1,1,1.80575772465098,3.82247853439988,0.374818723183176,1
100,21,-1,1,1.63391715717168,1.72532029541754,0.493237989224621,1
100,22,1,1,1.80575772465098,3.82247853439988,0.264914744725744,1
100,23,-1,1,1.63391715717168,1.72532029541754,0.29409381534793,1
100,24,1,1,1.80575772465098,3.82247853439988,0.470417009383048,1
100,25,-1,1,1.63391715717168,1.72532029541754,0.491837363931896,1
100,26,1,1,1.80575772465098,3.82247853439988,0.341552174626714,1
100,27,1,1,1.80575772465098,3.82247853439988,0.543188971824726,1
100,28,-1,1,1.63391715717168,1.72532029541754,1.16942690812824,1
100,29,1,1,1.80575772465098,3.82247853439988,0.939251902585304,1
100,30,-1,1,1.63391715717168,1.72532029541754,0.341265147012382,1
100,31,-1,1,1.63391715717168,1.72532029541754,0.827363223705962,1
100,32,1,1,1.80575772465098,3.82247853439988,0.373620711226888,1
100,33,1,1,1.80575772465098,3.82247853439988,0.426472406753753,1
100,34,-1,1,1.63391715717168,1.72532029541754,1.14728165078277,1
100,35,1,1,1.80575772465098,3.82247853439988,0.409872989426226,1
100,36,1,1,1.80575772465098,3.82247853439988,0.613041153587746,1
100,37,-1,1,1.63391715717168,1.72532029541754,0.607950145913216,1
100,38,1,1,1.80575772465098,3.82247853439988,0.257601892734158,1
100,39,-1,1,1.63391715717168,1.72532029541754,0.824878391895585,1
100,40,1,1,1.80575772465098,3.82247853439988,0.409023871539402,1
100,41,1,1,1.80575772465098,3.82247853439988,0.399375391872421,1
100,42,-1,1,1.63391715717168,1.72532029541754,0.523179030305225,1
100,43,-1,1,1.63391715717168,1.72532029541754,0.65816940556974,-1
100,44,-1,-1,1.55734164778596,0.495042132535093,0.602690639836331,1
100,45,1,1,1.80575772465098,3.82247853439988,0.387250772681457,1
100,46,-1,1,1.63391715717168,1.72532029541754,0.794596488820682,1
100,47,-1,1,1.63391715717168,1.72532029541754,0.52525512278739,1
100,48,1,1,1.80575772465098,3.82247853439988,0.39546268205502,1
100,49,1,1,1.80575772465098,3.82247853439988,0.357077169344454,1
100,50,-1,1,1.63391715717168,1.72532029541754,0.268936636745212,1
100,51,1,1,1.80575772465098,3.82247853439988,1.0010361490583,1
100,52,-1,1,1.63391715717168,1.72532029541754,0.38021503132102,1
100,53,-1,1,1.63391715717168,1.72532029541754,0.351816450036233,1
100,54,1,1,1.80575772465098,3.82247853439988,0.240242408321845,1
100,55,-1,1,1.63391715717168,1.72532029541754,0.771075108525255,1
100,56,-1,1,1.63391715717168,1.72532029541754,0.574657316964716,1
100,57,1,1,1.80575772465098,3.82247853439988,0.436791233121429,1
100,58,1,1,1.80575772465098,3.82247853439988,0.278762537470866,1
100,59,1,1,1.80575772465098,3.82247853439988,0.375189268985662,1
100,60,1,1,1.80575772465098,3.82247853439988,0.311589545582817,1
100,61,1,1,1.80575772465098,3.82247853439988,0.325283820057636,1
100,62,1,1,1.80575772465098,3.82247853439988,0.31792520501259,1
100,63,1,1,1.80575772465098,3.82247853439988,0.428616042356871,1
100,64,1,1,1.80575772465098,3.82247853439988,0.458751910586215,1
100,65,-1,1,1.63391715717168,1.72532029541754,0.293394617490146,1
100,66,-1,1,1.63391715717168,1.72532029541754,0.410176862397238,1
100,67,-1,1,1.63391715717168,1.72532029541754,0.769413366674341,1
100,68,-1,1,1.63391715717168,1.72532029541754,0.305724375235489,1
100,69,-1,1,1.63391715717168,1.72532029541754,0.26584845482644,1
100,70,-1,1,1.63391715717168,1.72532029541754,0.669946468687165,1
100,71,-1,1,1.63391715717168,1.72532029541754,1.45446521543131,1
100,72,1,1,1.80575772465098,3.82247853439988,0.356312727534999,1
100,73,1,1,1.80575772465098,3.82247853439988,0.547805681740908,1
100,74,1,1,1.80575772465098,3.82247853439988,0.381129131204091,1
100,75,-1,1,1.63391715717168,1.72532029541754,0.971483238479096,1
100,76,1,1,1.80575772465098,3.82247853439988,0.500612739113192,1
100,77,-1,1,1.63391715717168,1.72532029541754,0.445351449872665,1
100,78,1,1,1.80575772465098,3.82247853439988,0.371243415938462,1
100,79,1,1,1.80575772465098,3.82247853439988,0.278628074642156,1
100,80,1,1,1.80575772465098,3.82247853439988,0.314208057500067,1
100,81,1,1,1.80575772465098,3.82247853439988,0.405850363259857,1
100,82,-1,1,1.63391715717168,1.72532029541754,0.271310876685234,1
100,83,-1,1,1.63391715717168,1.72532029541754,0.663904628438856,1
100,84,-1,1,1.63391715717168,1.72532029541754,0.568458772168284,1
100,85,1,1,1.80575772465098,3.82247853439988,0.366324023011466,1
100,86,-1,1,1.63391715717168,1.72532029541754,0.692080389121802,1
100,87,1,1,1.80575772465098,3.82247853439988,0.741886907465264,1
100,88,-1,1,1.63391715717168,1.72532029541754,0.513350200908917,1
100,89,1,1,1.80575772465098,3.82247853439988,0.470793089506265,1
100,90,1,1,1.80575772465098,3.82247853439988,0.326530912566843,1
100,91,-1,1,1.63391715717168,1.72532029541754,0.467647926633885,1
100,92,-1,1,1.63391715717168,1.72532029541754,0.353424235048895,-1
100,93,1,-1,1.72112869864105,1.15715903764749,0.537227366895012,1
100,94,-1,1,1.63391715717168,1.72532029541754,1.15924426377732,1
100,95,-1,1,1.63391715717168,1.72532029541754,0.450268468229904,1
100,96,1,1,1.80575772465098,3.82247853439988,0.383299744757492,1
100,97,-1,1,1.63391715717168,1.72532029541754,0.321000515193274,1
100,98,1,1,1.80575772465098,3.82247853439988,0.708890716778804,1
100,99,-1,1,1.63391715717168,1.72532029541754,0.424180265222733,1
100,100,-1,1,1.63391715717168,1.72532029541754,0.471096535394238,1
100,101,-1,1,1.63391715717168,1.72532029541754,0.344200782713147,1
