"variable","mean","median","sd","mad","q5","q95","rhat","ess_bulk","ess_tail"
"lp__",-10788.6260174,-10864.055,372.364741516164,305.8640865,-11363.1327,-10077.78835,1.64887910622179,3.38026474881842,22.659653538711
"beta_nu[1]",1.11802404985,1.11781185,0.01145370250037,0.011890452,1.09932322,1.136831265,1.00067707180133,1060.10184338908,1256.13097766497
"beta_nu[2]",0.60922714992,0.60779237,0.0503449381089345,0.050822697744,0.5293196375,0.691524087,1.00870592664529,210.300471640855,454.827265895736
"beta_nu[3]",0.45541064079,0.455129945,0.0361643812210161,0.03673349064,0.398388776,0.5149174385,1.00243764682444,398.711195476568,650.061231437485
"beta_nu[4]",0.26433137643,0.264598565,0.0296872727684212,0.029386192059,0.214996036,0.3122999925,0.999547253275753,709.527264423735,1022.72450121555
"beta_alpha[1]",1.7533391024,1.75307905,0.018851620379128,0.0182703021899999,1.722373855,1.78332331,0.999944505724593,707.326721143107,907.56240508606
"beta_alpha[2]",0.0649451309835,0.064823264,0.00752600413720657,0.0072123619659,0.05284867855,0.07720125265,1.00199462203819,1564.6687149705,1625.40950501253
"beta_alpha[3]",0.119087589889,0.119353605,0.00759941344995077,0.007534343397,0.1064310545,0.131201571,0.999460475385662,1059.64076640432,1440.66743021788
"beta_tau",0.19618610469,0.196259295,0.00386762403236437,0.00389626538700001,0.1900584205,0.2024606625,1.00078236300921,660.09420282545,1017.24542153135
"sigma_nu",0.03578948636925,0.034153343,0.0222354338762183,0.0178117666272,0.0081068219,0.0814428561,1.87022063139012,2.88339446587018,16.1891904483393
"sigma_alpha",0.092264595149,0.09213357,0.00827962729938265,0.00816120595079999,0.0789096903,0.1064606045,1.00147961321176,436.522578375415,956.001454223654
"sigma_tau",0.0085999022805,0.00832031125,0.00353030940845025,0.00354143724942,0.003235259555,0.0147254774,1.23015736463103,8.29126684040188,24.4295757880813
"sigma_nu_c",0.476648743505,0.474865355,0.0370145049726323,0.037343069043,0.419156624,0.5392628575,1.00816106234001,595.027899323245,999.360909920784
"sigma_nu_r",0.32410398249,0.32249665,0.0268729623634312,0.026378552634,0.282711972,0.369221273,1.00090381720081,901.819547238465,1284.30250022718
"sigma_nu_cr",0.26871274264,0.268003705,0.0244711906273993,0.024533627433,0.2306570105,0.312122325,1.00082529283944,975.843144144327,1127.4724601579
"sigma_alpha_intercept",0.166300328605,0.1653347,0.0147909214796434,0.014712314232,0.1445451615,0.191588088,1.00219075113933,598.410016243133,1041.32168638204
"sigma_tau_intercept",0.026402029442,0.0262850655,0.00347058881699394,0.0034443518571,0.02101045095,0.0322752281,1.01965499686088,249.212667537292,597.970706416722
"z_nu_c[1]",2.00094076825,1.9939018,0.288074739555113,0.28349817594,1.53081989,2.49426058,1.0020082316013,744.009713320543,1017.60961077907
"z_nu_c[2]",-2.20540389425,-2.1896656,0.341203220226633,0.34376475399,-2.788292185,-1.674194025,1.00405206415861,611.043325463314,1100.89139740206
"z_nu_c[3]",0.35211120899222,0.350686505,0.307652059884345,0.310415720391,-0.17146977,0.83788302,1.00021429652962,1298.25787834035,1325.9586713013
"z_nu_c[4]",0.27404925868396,0.282094985,0.25706605490456,0.256085309655,-0.1713140415,0.6901927535,1.00030987500087,1131.73132969274,1489.86534922929
"z_nu_c[5]",-0.37073676462763,-0.361549695,0.205522152196451,0.202403840352,-0.716115868,-0.0428150006500001,1.0006726077031,671.158261968981,1188.76853353477
"z_nu_c[6]",-0.433602780593429,-0.43589537,0.279782632718074,0.278065773867,-0.8821033865,0.0079254062299999,1.0023968968401,752.91397957013,1330.21697738271
"z_nu_c[7]",0.357376126023292,0.34898775,0.206666109404564,0.204618333255,0.02693142505,0.7018296,1.00047955927641,714.89772304008,1257.08655256023
"z_nu_c[8]",1.139021451945,1.13429105,0.226306861814091,0.223539630279,0.7788636825,1.52460479,1.00023670297094,678.327734342824,940.730634219465
"z_nu_c[9]",-0.14764408346382,-0.14998065,0.189226366801354,0.181190236164,-0.462671732,0.1557970885,1.00346100849892,591.300381619161,1138.6030656171
"z_nu_c[10]",-0.159506050686992,-0.16050732,0.183593462344214,0.1796770812606,-0.470769108,0.1293139035,1.00022827321461,605.7229463931,1240.54409728372
"z_nu_c[11]",-0.348385580771465,-0.3469786,0.198197001630707,0.210737698038,-0.6769894375,-0.02976550175,1.00208755301519,726.591766843858,1279.21574353331
"z_nu_c[12]",0.36637023677617,0.362767675,0.219491070288335,0.2158391319,0.00805888263,0.731105013,1.00138295878,688.453822058059,1177.85344734633
"z_nu_c[13]",0.6883304938385,0.68233772,0.20527036827102,0.200487379701,0.3582060775,1.039621025,1.00294261852043,787.475344863004,1115.17175349931
"z_nu_c[14]",0.123815506398357,0.12054023,0.202573991537113,0.20070571479,-0.2063879665,0.4584187205,1.00339448479368,589.237122564702,1050.46459455147
"z_nu_c[15]",-0.320830688239585,-0.33011787,0.280199691692663,0.272856310356,-0.780494664,0.1344602315,1.00108957826867,831.397030033964,999.509422419357
"z_nu_c[16]",2.46176775605,2.4509743,0.318510022419152,0.31595147451,1.951217655,2.99734335,1.0066363707702,746.395620587854,1041.52848973555
"z_nu_c[17]",-0.2339246043719,-0.232803845,0.183464151617255,0.181625712849,-0.53739862,0.06277162945,1.00267071930572,714.406617080649,876.945262283017
"z_nu_c[18]",0.17912540331972,0.18045334,0.180994934932501,0.1812444667068,-0.1153098075,0.4700161705,1.00368253172838,730.280616003726,1038.28995884585
"z_nu_c[19]",-2.40601248815,-2.39523585,0.272965937812888,0.28077634473,-2.850541045,-1.96005605,1.00907355154448,481.531010494249,1253.89019170924
"z_nu_c[20]",0.25437195552754,0.283914945,0.469294473858674,0.4708020584988,-0.5740591635,0.9851247695,0.999277226518595,1028.19039997978,1462.81572248123
"z_nu_c[21]",1.477000515985,1.4743436,0.25339574419516,0.24906834918,1.072358845,1.93468291,1.00578581331856,863.250546220378,1160.61290643363
"z_nu_c[22]",-0.0188307075183255,-0.0230795265,0.381135619562477,0.417511879953,-0.6168358645,0.6207199995,1.00212573926763,931.666519989772,1429.8142823634
"z_nu_c[23]",1.04187399027,1.0386152,0.286681975998919,0.283091861997,0.57442425,1.522133955,1.00343186260887,904.711250925434,1182.54123851171
"z_nu_c[24]",-0.174539844230392,-0.174033245,0.207810628709525,0.2107285244505,-0.5201601625,0.153892959,1.00300424772893,830.32462961257,1330.21829985479
"z_nu_c[25]",0.168834338609145,0.160163415,0.241921147463364,0.24796303648368,-0.2185621325,0.5673335315,1.00028319930733,666.368422014734,1344.93405905566
"z_nu_c[26]",0.3653733788999,0.36263031,0.188724913227927,0.192339832944,0.0687521258,0.6808572335,1.00282657001716,582.62971669797,1004.81572111349
"z_nu_c[27]",-0.05874258454828,-0.063980281,0.205927737525382,0.1977725352435,-0.3952964295,0.282771552,1.00134252129058,677.558448390526,899.688728846483
"z_nu_c[28]",1.46233306447,1.44834075,0.238890649462816,0.23494947525,1.087666635,1.881755445,1.00375141384134,737.386333727634,1155.72099187276
"z_nu_c[29]",-1.13121816801,-1.1303292,0.22610443219839,0.22947149064,-1.499778655,-0.7701777375,1.00415166237009,551.433632104123,969.093736037836
"z_nu_c[30]",-1.302010917075,-1.28862955,0.253329506660025,0.25025064855,-1.733183195,-0.9009013425,1.00286627324795,839.892592838297,1147.67166593646
"z_nu_c[31]",1.32283616701,1.31449775,0.248898219971078,0.2448172902,0.9299137235,1.75035856,1.00428668961288,943.164161043432,1457.21627560136
"z_nu_c[32]",-0.44205498768875,-0.43888188,0.172469340087622,0.169781466078,-0.727256908,-0.149075369,1.00321561547817,528.897732790296,1000.66749513398
"z_nu_c[33]",-1.0220071585085,-1.02397355,0.309619430672948,0.30118655763,-1.523599955,-0.4866498675,1.0033396652199,1050.04158924585,1106.47410877588
"z_nu_c[34]",-0.281335546243555,-0.28485736,0.24269001180741,0.229510824018,-0.6682639195,0.1210948665,1.00199662888386,685.574970886616,1318.23044060416
"z_nu_c[35]",-1.84778379645,-1.84184075,0.239610708396098,0.23903522433,-2.25831867,-1.455184265,1.00425052344203,548.432808000093,1202.65318817415
"z_nu_c[36]",0.366711401434625,0.35805371,0.233195361691722,0.230090906094,-0.00747044861,0.769107924,1.00280859852157,680.172355001968,820.985758045603
"z_nu_c[37]",-2.2185266734,-2.2115011,0.249922934687917,0.24245439645,-2.63919055,-1.82033305,1.00713521312608,650.305397862417,996.63320477866
"z_nu_c[38]",-0.0315046707453165,-0.0287419415,0.24211014657339,0.235599765849,-0.4281474225,0.3724366135,1.00335475660396,857.455151383029,1030.46091578823
"z_nu_c[39]",1.859432912835,1.858076,0.309329828869782,0.298699422,1.361072935,2.38199539,1.00356343171721,789.075798501986,1295.61240211393
"z_nu_c[40]",1.52512790839,1.5192328,0.335142276871749,0.34582957101,0.99273797,2.07865995,1.00251264191154,1138.40173673114,961.411710645433
"z_nu_c[41]",-1.13271220168,-1.1260769,0.205901125125002,0.21281803788,-1.47856362,-0.807829191,1.00430090825152,595.345790607347,1063.95811417607
"z_nu_c[42]",-0.304916348578283,-0.302368575,0.182574427475051,0.18739404243,-0.6122487225,-0.0231977668000002,1.00309872461278,626.554201409187,1146.48189809456
"z_nu_c[43]",0.40076614850465,0.39181036,0.219442026397325,0.214291482825,0.05585474965,0.7773832935,1.00047999532054,946.899413996249,1208.93953328518
"z_nu_c[44]",-0.150778267882935,-0.153916665,0.250757142629054,0.2473182258708,-0.551475696,0.2680764315,1.00230590393471,822.597308870394,1397.64206566868
"z_nu_c[45]",-0.225545501162372,-0.23410491,0.211669962788585,0.2190914759376,-0.5615787255,0.130565352,1.00349059129539,853.312384713676,1333.41519652193
"z_nu_c[46]",-0.160671485833073,-0.16853468,0.220849280480959,0.2034458768664,-0.521377192,0.226853076,1.00114148657678,762.478626254615,1010.45486832293
"z_nu_c[47]",-1.347149345725,-1.3343279,0.2676377099784,0.25793896737,-1.8102256,-0.929239657,1.00459622698877,543.585597273332,566.575730616641
"z_nu_c[48]",-0.119316231605335,-0.11659754,0.193082184767854,0.1916343836946,-0.437494563,0.1993170185,1.00130506288246,621.783093111936,1142.51534522014
"z_nu_c[49]",-0.43361074254574,-0.430768105,0.187988177561954,0.181302936003,-0.750115081,-0.129867288,1.00438437897424,653.183621001584,1175.86749398601
"z_nu_c[50]",-1.041747515155,-1.0308463,0.270080595078744,0.261532812009,-1.48131757,-0.6187937945,1.00696386969317,774.483701210634,1280.86144289925
"z_nu_c[51]",-0.080392752877285,-0.0816641745,0.245977341457014,0.2411044809957,-0.464697855,0.339443218,1.00000260205982,887.746280874101,1256.52434675038
"z_nu_c[52]",-1.3307048449,-1.32924785,0.225969788045653,0.22739888997,-1.697183975,-0.957479256,1.0046874527583,497.4590669808,804.77360662119
"z_nu_c[53]",1.0856911351,1.07029915,0.197216457689799,0.194067936678,0.7802301175,1.440172105,1.0046300964739,602.80018842264,1057.74944577348
"z_nu_c[54]",0.013091065925505,0.0056535415,0.257405367662656,0.2557378304691,-0.390987964,0.444559528,1.00212143486423,848.231510446045,917.800716396629
"z_nu_c[55]",-1.22249817675,-1.21664805,0.27221759505766,0.2709762846,-1.67460011,-0.773342743,1.00087924168542,816.023564220244,1118.90579123098
"z_nu_c[56]",-0.6012965487702,-0.60523891,0.248222598865714,0.242901911847,-1.003858005,-0.1771075865,1.00191146295378,814.203003815212,1248.9574626341
"z_nu_c[57]",-0.994722353945,-0.986801145,0.229701666219595,0.233588678253,-1.373507435,-0.6322751985,1.00024371473562,875.128784625516,1193.71271292269
"z_nu_c[58]",-1.56553046901,-1.55411575,0.330691454494402,0.34805102472,-2.12891011,-1.055069695,1.00544908124346,826.389531405545,1186.32322883158
"z_nu_c[59]",-0.183748005540212,-0.18027626,0.203699232227574,0.197063618934,-0.5076915485,0.149689323,0.999488265602341,942.212830237692,1147.14637732098
"z_nu_c[60]",-0.41219678869245,-0.40547133,0.178481346030093,0.177263495934,-0.715109421,-0.137469312,1.00421811654061,476.680750243475,890.563828626459
"z_nu_c[61]",1.11745193544,1.1094743,0.274561201615851,0.287061745887,0.68985525,1.579476675,1.00224141317877,1039.19506979409,1319.38494381527
"z_nu_c[62]",0.14190845863913,0.1389515,0.208969795369264,0.20995811715774,-0.203710973,0.477192637,1.00188402958246,551.001969111931,1082.7511695485
"z_nu_c[63]",-0.76307266393145,-0.753240065,0.246722216358613,0.244663944882,-1.180585385,-0.3804757535,1.00838345620773,656.962460830805,1207.43467465998
"z_nu_c[64]",-0.807562342785,-0.80525373,0.194581947111089,0.186575743599,-1.126589365,-0.50247631,1.00635825257537,565.951392049963,1338.09027909145
"z_nu_c[65]",-0.697192638431,-0.692115695,0.228740211474713,0.228364255308,-1.08793312,-0.3326369635,1.00064722588846,922.437558973128,1446.23692572551
"z_nu_c[66]",-0.645434658354,-0.638373265,0.190536090391668,0.192140697525,-0.96160094,-0.330646909,1.00817155917532,427.301345739194,929.719104419729
"z_nu_c[67]",0.928504174665,0.91885327,0.230051395004444,0.234105861024,0.5756589365,1.316142575,1.00164846532516,730.646702125576,1238.74688033957
"z_nu_c[68]",1.445803924675,1.4448921,0.260680646197371,0.25871748063,1.023072435,1.88136483,1.00535660767112,872.311709836621,1310.52976805249
"z_nu_c[69]",0.32901346103738,0.32183388,0.205449184444818,0.204063529509,0.01075485527,0.684868741,1.00253699594382,807.331712133819,1448.96548120479
"z_nu_c[70]",0.19163249292723,0.19919963,0.169992696217564,0.1652742901719,-0.0870608801,0.4711900145,1.00088641427723,528.879315607794,832.017894209296
"z_nu_c[71]",-0.974881325935,-0.96327463,0.246700036156954,0.244540592562,-1.37421993,-0.586113371,1.00363494480849,947.62244903452,809.529408908856
"z_nu_c[72]",0.650307187401,0.64211818,0.207295926051077,0.208512597132,0.324461782,1.01026829,1.00116755003173,654.685940443441,895.826593020127
"z_nu_c[73]",-1.99191966405,-1.985212,0.25486512358297,0.25698239385,-2.417205655,-1.578691245,1.00593367497832,713.429543712024,1076.61771159144
"z_nu_c[74]",-0.184285467058269,-0.191437395,0.193305321609425,0.1892985392403,-0.5050743185,0.1307365075,1.0040906554815,760.245173297502,1218.60993745449
"z_nu_c[75]",-0.450914900216535,-0.449310365,0.201424933374187,0.198642877041,-0.790011158,-0.124019012,1.00389643741159,699.646836408574,1497.50809206364
"z_nu_c[76]",1.14861578728,1.1404443,0.225527984314194,0.223573403907,0.796427391,1.519933535,1.00299860030529,872.084393284286,1193.06646694478
"z_nu_c[77]",0.93525092016,0.93052978,0.215599338091901,0.213040390815,0.591065427,1.302578525,1.00372462374886,694.997417361217,1167.07779297402
"z_nu_c[78]",0.61422440845965,0.60690055,0.209700281868337,0.207036313008,0.284820866,0.960222975,1.00650767509183,624.115156545648,952.577938585014
"z_nu_c[79]",0.78984994323,0.78685877,0.187131836741763,0.175448378406,0.481558897,1.0960766,1.00613941852666,516.526114474377,962.393697321772
"z_nu_c[80]",0.44611609278377,0.439454015,0.214748539484775,0.212380544859,0.0966185342,0.8088052555,1.00289092052946,803.397285436198,1109.95216635632
"z_nu_c[81]",0.8561833339175,0.857352885,0.276287691244498,0.274401483489,0.3970111055,1.30587596,1.00514622311218,841.878894363642,1263.80565129343
"z_nu_c[82]",0.819673889658,0.810563025,0.229708542476558,0.230535767637,0.455633086,1.218263575,1.00095649725392,530.264231747512,1081.05550862002
"z_nu_c[83]",1.169713928325,1.1684444,0.283514243361369,0.27677117496,0.6785697865,1.641032905,1.00345733733243,855.536590235823,1090.72949410597
"z_nu_c[84]",1.00545529081,1.0024737,0.239108980815176,0.240186500295,0.617903152,1.393648545,1.00294987692465,722.716691614794,1333.2626243828
"z_nu_c[85]",-1.04822704116,-1.0377565,0.226284774993556,0.226288518939,-1.42756623,-0.6809020365,1.00300738169408,576.192159683269,774.297745127057
"z_nu_c[86]",0.579244746159075,0.58318333,0.291473701157061,0.29353322817,0.0936570893,1.057079055,1.00160913441649,900.810906098566,1209.2950389939
"z_nu_c[87]",-0.198721870691255,-0.19842435,0.298676167588417,0.314622308784,-0.695197197,0.2780522195,1.00008586566923,1190.44626135037,1342.29241367387
"z_nu_c[88]",-0.33123872908369,-0.328048835,0.207987434464814,0.210344660778,-0.673369858,0.00255179159499995,1.00083301856431,909.215933267207,1006.66626768505
"z_nu_c[89]",1.086630974795,1.07762385,0.258286158940734,0.26595419949,0.6807868085,1.54191816,1.00252237965766,733.847550782944,988.238421489982
"z_nu_c[90]",-0.394504459180315,-0.391747005,0.228619459379556,0.230864052342,-0.774646771,-0.0291270732500003,1.00212930465057,864.367897166736,1193.18167432365
"z_nu_c[91]",-0.49080356866428,-0.49054014,0.211925535884538,0.215239842741,-0.8336196195,-0.138311981,1.00526441151174,627.871914503389,1073.94686101768
"z_nu_c[92]",-0.208818383615075,-0.20703241,0.190749809554107,0.1862927486175,-0.5283608265,0.0989393917999999,1.00790054245769,633.553119705739,1302.30283787662
"z_nu_c[93]",0.8435794300234,0.84722078,0.273961724542208,0.275820339102,0.406905237,1.288502755,1.00403439240651,818.073059778197,1143.73773519058
"z_nu_c[94]",0.60660056369401,0.60662913,0.250578674508005,0.254135527569,0.1918676705,1.00779614,1.00077406829313,735.047538100942,1270.68494133402
"z_nu_c[95]",1.102091066575,1.09179325,0.275862632587159,0.26562231948,0.674953651,1.566625815,1.00144585856903,796.078555462403,1193.91376099892
"z_nu_r[1]",-0.422633461719375,-0.3927334,0.431458390565733,0.4627227017049,-1.17222306,0.2446541295,1.0028301663775,1071.55706757955,1405.88564227987
"z_nu_r[2]",0.427978720197177,0.42476749,0.24028301883691,0.232569331449,0.04057641215,0.8272886395,1.00432523261288,1220.71940079795,1436.21676884233
"z_nu_r[3]",1.99579724479,1.98670515,0.321500988844988,0.3279088659,1.489314875,2.52597893,1.00071071929004,1387.3809892729,1439.17423630192
"z_nu_r[4]",1.71939901228,1.71303585,0.326808325583109,0.33346090638,1.186820075,2.249708505,1.0030435519264,1037.64907744082,1508.28658104265
"z_nu_r[5]",-1.41624898669,-1.41499175,0.235353702268103,0.2431804998,-1.795451255,-1.038680015,1.00135540725114,1080.79717799582,1238.82447594885
"z_nu_r[6]",0.36642520208317,0.368755055,0.248484351844997,0.248869495455,-0.0440599749,0.7893299435,1.00451517813309,982.027601024394,1278.81258256384
"z_nu_r[7]",0.30065819038023,0.29607972,0.239086961837408,0.240437089347,-0.08051935605,0.7081710065,1.000867680715,1082.09522230626,1261.89871560997
"z_nu_r[8]",-0.65099541423552,-0.64232658,0.307798299779777,0.312229859403,-1.170481755,-0.180118686,1.00274727591201,1286.22220581521,1519.201692489
"z_nu_r[9]",-1.16215819157,-1.162487,0.217643491076162,0.20473156683,-1.52659571,-0.803545886,1.00342226677365,1151.09393500931,1319.91978697375
"z_nu_r[10]",-1.781697516045,-1.7697386,0.2752919400462,0.26833636704,-2.25995538,-1.357483835,1.00056891275635,1158.6795640023,1252.0676472081
"z_nu_r[11]",-0.0724148906548155,-0.076988994,0.216081692859514,0.2107900664352,-0.4305347355,0.2841833135,1.00641684981262,905.416887800995,802.654396110542
"z_nu_r[12]",-0.957077771135,-0.94050346,0.290299511767159,0.279900469128,-1.466234625,-0.5185061115,0.999759301411299,1284.58738740471,1110.28211526873
"z_nu_r[13]",-0.06802799969205,-0.063922931,0.276673009006219,0.275041358823,-0.517794578,0.366502886,1.00012183068249,1468.21591059875,1318.0916434357
"z_nu_r[14]",0.239520774474748,0.24306118,0.216800094516939,0.221091598224,-0.102139758,0.602771508,1.00448820617824,938.398894162934,1053.57010851127
"z_nu_r[15]",1.6035624533,1.5951375,0.303465936407113,0.30308020848,1.11821075,2.112811835,1.0035326695895,1277.36975597552,1560.72006769202
"z_nu_r[16]",-0.845915623947646,-0.83987898,0.547947339530644,0.565776357405,-1.772831595,0.0322082725499999,0.999505617858331,1424.20536853142,1687.14663395454
"z_nu_r[17]",-1.094569184915,-1.09032425,0.219967397124174,0.217357195692,-1.462949845,-0.7475770945,1.00217759626175,1239.45034344922,1642.06640331143
"z_nu_r[18]",-0.19723711820995,-0.19398472,0.224756011225862,0.2135402041857,-0.5772636815,0.176323529,1.00135979890251,1099.91498729814,1176.53611524978
"z_nu_r[19]",0.967874848315,0.95935008,0.255835295862945,0.259270364409,0.5557527975,1.393253805,1.00048896321242,1186.65944163077,1545.46987741308
"z_nu_r[20]",0.000250110343659995,0.0043234787,0.23826065899044,0.228682917939,-0.3988600045,0.3903060745,1.00374718374151,1178.61530185953,1390.25029064146
"z_nu_r[21]",0.87543003763345,0.87469883,0.334766571088131,0.330391954032,0.3291916395,1.442644805,0.999926254302678,1361.64280388457,1367.67628112288
"z_nu_r[22]",0.9285686690415,0.91996637,0.291081018115946,0.292749607353,0.450000384,1.420866305,0.999817109469937,1133.34453121102,1301.6436446937
"z_nu_r[23]",1.41789945684,1.4099056,0.298544556312737,0.29553903771,0.940904194,1.916916625,1.00312662494616,1356.64159453394,1552.10425410359
"z_nu_r[24]",-0.2808164109901,-0.293963725,0.232929960122471,0.231736377117,-0.6609230125,0.1118399335,1.0029919777251,997.666011042541,1288.00290167181
"z_nu_r[25]",0.390749539353964,0.39675127,0.258949697080207,0.253582132293,-0.04745509615,0.8111118195,1.00279009983386,1150.02185611252,1405.19767645467
"z_nu_r[26]",-0.081496461461275,-0.079009123,0.224974138334414,0.2245835689692,-0.4326173165,0.2917358025,1.00094784225572,1043.7793631077,1340.14775211533
"z_nu_r[27]",0.73094211613825,0.7331476,0.248763937910739,0.249293163231,0.3185611735,1.133810735,1.00339477829235,994.085911268381,1216.37624960422
"z_nu_r[28]",-0.645664443367824,-0.63551737,0.315790078864033,0.326678315313,-1.19133262,-0.1456348775,0.999691464556354,1303.30583732818,1322.15217979866
"z_nu_r[29]",-0.012605244530222,-0.012859578,0.217520066073485,0.2171960192808,-0.363944082,0.342723983,1.0115399760389,1004.55305738184,1265.98768959312
"z_nu_r[30]",-0.238583919803675,-0.23450815,0.243269961114531,0.2466276078105,-0.636775932,0.1485135695,1.00056282986947,1338.01629576306,1378.87848918381
"z_nu_r[31]",-0.093689880800895,-0.0778234615,0.355444413424251,0.3470120238291,-0.7100126915,0.4800698955,1.00003028244444,1528.10602312109,1533.51281253374
"z_nu_r[32]",-1.25977891676,-1.26649625,0.224293265528558,0.21903057666,-1.628524425,-0.8914546575,1.00756438487568,985.163543171329,1231.77364247852
"z_nu_r[33]",0.238742830585765,0.24067229,0.248719133173293,0.246098545707,-0.1681872125,0.6500841765,1.00103220918445,1194.86751952593,1266.0279126021
"z_nu_r[34]",0.24777367855268,0.24543604,0.231987260077987,0.2209710443115,-0.1196850295,0.6297987655,1.00035330289541,1224.82688108389,1253.73266986892
"z_nu_r[35]",-2.18434420275,-2.1786066,0.253167070741926,0.24203489478,-2.610100325,-1.775038595,1.00062873355904,1067.26155330997,1299.90958694562
"z_nu_r[36]",1.164751792375,1.1578666,0.263944372249508,0.268054584084,0.7325324625,1.60085782,1.00154081015614,1025.31972820328,1156.61977393986
"z_nu_r[37]",-1.086855343495,-1.0787748,0.220810453111367,0.214173682842,-1.45857804,-0.737007295,1.00169866207571,957.120758594542,1403.33834781296
"z_nu_r[38]",0.48036906421717,0.47373404,0.225823023932624,0.221916961644,0.117555844,0.860922467,1.00248233183677,1052.1582572872,1413.84118970809
"z_nu_r[39]",2.4950003259,2.49426625,0.371841361261893,0.37354359042,1.888709515,3.10564086,0.999772951839599,1080.79907714834,1217.66986750935
"z_nu_r[40]",0.423450568055815,0.428191725,0.28275996963011,0.279187027182,-0.0515505545,0.87392597,1.00083086429869,1317.03637020307,1191.08516340862
"z_nu_r[41]",-2.0233053861,-2.01417375,0.254503076671885,0.25310917548,-2.473052025,-1.61830455,1.00125823597475,1061.92183840294,1299.91109822858
"z_nu_r[42]",-0.7869550553215,-0.7833348,0.212752780322961,0.209036711058,-1.139938995,-0.430706984,1.00198517496285,985.992049310005,1201.41857961023
"z_nu_r[43]",-0.48771776363828,-0.47731051,0.32531551212334,0.327973707411,-1.032267075,0.0317691216499999,1.00128338615678,1088.13935922094,1336.24027336802
"z_nu_r[44]",0.286239820435455,0.275403195,0.246916171513332,0.240188724195,-0.1162789155,0.691349063,1.00227924985009,1100.65107697291,1280.8601605976
"z_nu_r[45]",-0.0433516824477765,-0.039859639,0.233525063291978,0.2264044893936,-0.433193977,0.347279072,1.0030605633114,1073.21884606133,1424.11754874854
"z_nu_r[46]",-0.0161299898609675,-0.014595994,0.243987199417267,0.2499585822804,-0.4232553165,0.380971006,1.00183623036797,1235.11092450723,1301.64845959794
"z_nu_r[47]",0.0505799026143,0.0514587875,0.259782205275276,0.2539137046635,-0.368969214,0.475926759,1.00242927366608,1097.78278890347,1370.98932422587
"z_nu_r[48]",-1.26261693042,-1.25920775,0.225334205480287,0.22421900949,-1.640845545,-0.8869846425,1.00653786309286,1124.27984683193,1199.02895501721
"z_nu_r[49]",-1.001356118925,-0.997003465,0.220716839610283,0.224230492227,-1.367783895,-0.650385939,1.00337280286957,1205.51663432144,1388.28788017863
"z_nu_r[50]",0.435538419807895,0.434270255,0.230977996021751,0.224499257955,0.0523118442,0.822030909,1.00432418223132,1124.34765812092,980.119912730742
"z_nu_r[51]",0.53677795253955,0.528027015,0.240061956528406,0.243936381171,0.1606014875,0.940112696,1.00050708846241,1085.80874654699,1468.26738416782
"z_nu_r[52]",-0.5539370807671,-0.556060815,0.218366965430161,0.221604696432,-0.9091601655,-0.201806917,1.00292996805985,1199.21205920905,1436.33178872764
"z_nu_r[53]",-1.184125424175,-1.1718727,0.236700236892166,0.22613549238,-1.59550326,-0.8145704895,1.00011877605108,1193.5079316166,1378.39017273502
"z_nu_r[54]",0.56512829591568,0.55694447,0.266107028835995,0.263592669732,0.122206654,1.01688564,1.00090049329886,1187.96097619044,1028.92377266017
"z_nu_r[55]",-0.37861928609599,-0.38477691,0.222313092923165,0.222864476478,-0.739542234,-0.00790608954000007,1.00019642203612,1083.96036087801,1359.91527562867
"z_nu_r[56]",0.144112779311373,0.13853097,0.240414960396168,0.2364567049425,-0.2446371825,0.549496981,1.00032299570219,1127.38838381584,1464.5518418093
"z_nu_r[57]",-0.276901808862313,-0.272437695,0.231789352923875,0.232802025519,-0.6640215805,0.09373431805,1.00223390287845,1207.06854381944,1313.90536906401
"z_nu_r[58]",-0.29260829897992,-0.28636863,0.249046046820158,0.237388552401,-0.7150802435,0.114478692,1.00243399857477,1063.84665377081,1370.30502581603
"z_nu_r[59]",0.151807492018757,0.148003475,0.235594188546352,0.23326005618237,-0.242439506,0.5358236545,1.00635668817475,1042.78564905009,990.633523650193
"z_nu_r[60]",-1.787965057355,-1.77802215,0.25942687105258,0.25409732838,-2.218844655,-1.37842821,1.00216920361342,1165.44895021521,1347.81074959928
"z_nu_r[61]",0.61702669988894,0.6302198,0.423587143103056,0.430527047139,-0.08180521835,1.311679935,1.00319553421488,1156.31975154903,1483.30291742826
"z_nu_r[62]",0.437663542875755,0.432503475,0.233794713699609,0.226627508016,0.0590568432,0.832148863,1.00135898744776,1094.1987689386,1428.16656395467
"z_nu_r[63]",-1.063012680235,-1.0503237,0.22117513971457,0.22174870137,-1.446046015,-0.721450874,1.00890851191164,1190.56692567438,1359.30639814348
"z_nu_r[64]",-0.329651374341975,-0.32595777,0.222631812133079,0.213278355528,-0.695367197,0.02681065695,1.00258937198237,1073.81663605957,1355.0430632429
"z_nu_r[65]",0.172644232712152,0.17093355,0.238650948504127,0.235480216398,-0.238680252,0.559528344,1.00137555019809,1259.43981862473,1647.15409563462
"z_nu_r[66]",-1.115458230925,-1.1169459,0.228815810538684,0.225476409963,-1.491897715,-0.7459290705,1.00507359690759,1150.94316244709,1303.98004083717
"z_nu_r[67]",-0.332301050362075,-0.325270055,0.280654483233532,0.271261788882,-0.8065723145,0.120801929,1.00053165028092,1152.36346703102,1032.04429785107
"z_nu_r[68]",0.467926542524165,0.49050626,0.333182969949264,0.29704231998,-0.1371869835,0.9903485765,1.00156754951009,832.663504761129,816.216344652361
"z_nu_r[69]",1.086954735175,1.0805376,0.265080370657089,0.263949160902,0.66053807,1.52165544,1.00555724234012,1112.62255390098,1135.6419990925
"z_nu_r[70]",0.289337140570956,0.291354355,0.204690904593635,0.205342479573,-0.0458387984,0.620086191,1.00355442595635,920.907716490803,1284.19654767863
"z_nu_r[71]",0.569156459047065,0.561425,0.25028749670925,0.247240926072,0.174547791,0.984612112,1.00331396482347,1274.80721258673,1315.014091831
"z_nu_r[72]",-0.72789280158025,-0.72470357,0.226594255048935,0.221671168803,-1.10167803,-0.3612134785,1.00136463757383,1095.42457031814,1399.36364189723
"z_nu_r[73]",-0.95311407774,-0.944143865,0.223649456189195,0.225590458968,-1.329041855,-0.593362891,1.0043326969573,1224.69884440831,1392.45636609212
"z_nu_r[74]",0.328944609116475,0.32712842,0.217257124781728,0.216562247811,-0.0282694764,0.6856338165,1.00095972091016,1015.69946192167,1233.22538195102
"z_nu_r[75]",-0.079832440002835,-0.0757279655,0.238564165783567,0.2329972157394,-0.4775660965,0.3147060715,1.00050448680818,1154.35651112651,1180.77304174349
"z_nu_r[76]",0.41844035882277,0.420386675,0.25284790227241,0.25443202533,0.00593908412500001,0.8307552265,0.999915404846331,1247.38830859101,1591.02526593883
"z_nu_r[77]",-1.134800334685,-1.1223293,0.291163048293832,0.29278740624,-1.63916477,-0.689587936,1.00101733374541,1137.93507101149,1357.93133946729
"z_nu_r[78]",0.34210914364869,0.34029835,0.241246901922008,0.241703155617,-0.0419206454,0.742529778,1.00326023917553,921.483971808256,1284.64866837314
"z_nu_r[79]",-0.864553411599,-0.85590559,0.242232865009331,0.241430831649,-1.284278265,-0.4881356395,1.00045910302296,1115.46118082284,1189.65025756748
"z_nu_r[80]",1.251305453655,1.2501682,0.266580166260761,0.27220157937,0.818070917,1.692007925,1.00028994210071,1187.49121442403,1454.76738834089
"z_nu_r[81]",2.3553180542,2.35389325,0.333935160601953,0.33037531926,1.82260657,2.89386227,1.00086488064185,1152.86509461524,1261.7345260454
"z_nu_r[82]",-0.53416409123985,-0.532835095,0.255587904419232,0.247739976645,-0.953138849,-0.119909401,1.00147872081627,1216.83755658694,1239.57728297945
"z_nu_r[83]",1.432370204875,1.4162849,0.303724442169136,0.29818436676,0.9410539345,1.944687465,1.00059090654874,1146.94044105557,1531.08553697952
"z_nu_r[84]",0.8825593843795,0.877193425,0.268121305163428,0.26969479929,0.4372684275,1.335975945,1.00155670221997,1139.6213024758,1279.4445329899
"z_nu_r[85]",0.7190465453454,0.720286375,0.233834304243473,0.228668492241,0.3335730185,1.109266745,1.00163821804886,1339.89936756011,1477.39104895269
"z_nu_r[86]",1.243354398285,1.22950065,0.260907758486297,0.26189825067,0.8427757015,1.69766919,1.00306064080179,1218.64251243827,1453.01134276908
"z_nu_r[87]",2.2239375429,2.2109517,0.322344421000063,0.31645029528,1.72296475,2.75593133,1.00596755751138,1018.95466034705,1291.62044246594
"z_nu_r[88]",-0.4577768652285,-0.460316365,0.222256784035419,0.22139880777,-0.821136469,-0.09344752755,1.00999031776591,1049.13219309318,1344.73123612967
"z_nu_r[89]",0.306523789737055,0.30273166,0.27156265983819,0.268543968105,-0.1452685175,0.7411184915,1.00037861094642,1228.02720845799,1247.21254662461
"z_nu_r[90]",-0.549546095380745,-0.54579951,0.246521626791485,0.230216534205,-0.9595696365,-0.141526264,1.00073788670798,1250.49779472697,1317.64709400484
"z_nu_r[91]",-0.52373952138508,-0.52435005,0.229019080666286,0.23218272126,-0.8987939595,-0.154644619,1.00320558866034,1280.77690634282,1377.45449341584
"z_nu_r[92]",-0.248725293472443,-0.24700798,0.237172557789303,0.228788278908,-0.634687669,0.144324168,1.00297730428672,1248.32058927766,1363.61128842288
"z_nu_r[93]",1.333021449135,1.31565775,0.313702356822386,0.31349087742,0.8261031025,1.864864275,1.00362052977592,1001.4503536304,1062.96713581569
"z_nu_r[94]",-0.90793597492475,-0.88489525,0.36805441145545,0.377107078824,-1.54674939,-0.3642508215,1.00062403813889,1469.67371330086,1474.39781221579
"z_nu_r[95]",-1.0422803613142,-1.03606415,0.40863652955285,0.423359936349,-1.733535525,-0.393421312,1.00123231950596,1270.13932232368,1375.16384814235
"z_nu_cr[1]",0.00628048437966151,-0.015715306,0.509679620811366,0.5500724298846,-0.794455333,0.865321462,1.00289609591884,1114.49168906715,1431.47022291155
"z_nu_cr[2]",-0.227893329967674,-0.216323075,0.482074689945395,0.482574342831,-1.055799725,0.5529794425,1.00038008700622,1518.19729295408,1630.29253133551
"z_nu_cr[3]",0.758075070252315,0.729594345,0.489088862584897,0.45788610987,0.0146029828,1.634637485,1.00071911505065,1600.40425934996,1294.09205993687
"z_nu_cr[4]",0.7317557043788,0.732973315,0.398032641898936,0.392457000012,0.0820041404,1.393780105,0.999981926150694,1709.22989854055,1644.86363234566
"z_nu_cr[5]",-0.60979030529694,-0.606858755,0.317453564303039,0.314306329659,-1.141541725,-0.103731264,1.00174837165442,1559.25585818392,1222.33576169286
"z_nu_cr[6]",-1.673759750165,-1.6574029,0.457338882759599,0.47115271119,-2.447261495,-0.9289553935,0.9992876562785,1484.60487693703,1405.83764538036
"z_nu_cr[7]",-0.048076989027545,-0.0393245015,0.328439362780011,0.332836301826,-0.590043284,0.478272597,1.00159098088504,1925.8286965467,1585.83870592074
"z_nu_cr[8]",0.509785375174495,0.50542896,0.367858433312082,0.359271964212,-0.082180599,1.126105035,0.999505628893611,1724.44786618245,1511.00747867801
"z_nu_cr[9]",-1.43291281881,-1.4258232,0.305396013363302,0.30107943978,-1.95627142,-0.924951704,1.00161041009856,1477.47062400331,1440.63372174557
"z_nu_cr[10]",0.440000673543905,0.429094235,0.30328864431829,0.308595436002,-0.04429219375,0.933899561,1.00011009273348,1315.6688249863,1138.43282382395
"z_nu_cr[11]",-0.34467463208105,-0.34262485,0.308081715179497,0.323466336543,-0.8656561595,0.1423408635,1.00014773343371,2021.03566883003,1504.70341891102
"z_nu_cr[12]",0.468946677485112,0.46570042,0.343864180006192,0.360648743637,-0.09669344365,1.0344428,1.00273807503668,1930.34111618278,1359.43419014552
"z_nu_cr[13]",1.756716153105,1.7476272,0.338718510574584,0.34752544302,1.21437195,2.32271645,1.00096946610123,1807.94135901716,1291.61537879996
"z_nu_cr[14]",-0.5427870948254,-0.53578175,0.310867003780424,0.298382330925,-1.07798515,-0.05674853855,1.00247731858265,1475.68307608628,1503.26900715035
"z_nu_cr[15]",1.86679090099,1.8588865,0.482470499927748,0.47745035121,1.09930248,2.701450585,1.00042041616187,1198.62056506267,1024.68004614987
"z_nu_cr[16]",-0.5631007914907,-0.57971595,0.648388054150211,0.70674185421,-1.59604782,0.5103770715,1.00143228681592,1464.49518129078,1355.62887490776
"z_nu_cr[17]",-1.647135915075,-1.6261091,0.319126797363002,0.3120991608,-2.20148815,-1.131958605,1.00060900835736,1392.92681355111,1073.97159311003
"z_nu_cr[18]",0.8141590566918,0.80958213,0.270421719916434,0.260996511111,0.3779063175,1.2750874,1.00020237635735,1583.8535457981,1516.95685875173
"z_nu_cr[19]",-1.60895183897,-1.60082365,0.357145388307545,0.35027670384,-2.23413142,-1.03609951,0.999769704812466,1690.19116820201,1229.46802307102
"z_nu_cr[20]",-2.351139242877,-2.39411,0.75189384358625,0.78686052039,-3.496413375,-1.03134484,0.999870744308411,1399.07458245312,1555.24635849703
"z_nu_cr[21]",1.688315023025,1.6845778,0.395027260598174,0.3998246028,1.07356997,2.36365165,1.00114562128932,1324.23418313321,1479.20667556977
"z_nu_cr[22]",-0.584051090316805,-0.565558135,0.633662745178314,0.707029219155,-1.621236265,0.4029323865,1.00221699348224,1206.61473882965,1715.03253736701
"z_nu_cr[23]",-0.35087965777477,-0.363817545,0.430636030467827,0.4517525395551,-1.0107975,0.372181253,0.999448189942383,1462.12046671787,1553.21185208121
"z_nu_cr[24]",0.89654360867285,0.89002603,0.325319861875272,0.321561907191,0.3712982465,1.436318065,1.00246455638049,1617.63546926139,1372.55633664806
"z_nu_cr[25]",-0.438447904852965,-0.42138758,0.393629465336503,0.389288090772,-1.07718313,0.1976956115,1.00154496844738,1219.07743611783,1122.02518846668
"z_nu_cr[26]",0.70593254559525,0.69544058,0.277372587594973,0.272039508951,0.2750472915,1.169725665,1.00206014497984,1633.25399586456,1338.09292229609
"z_nu_cr[27]",-0.082284360437,-0.07794094,0.303863173739681,0.299555831064,-0.5975933985,0.402524322,1.00367296699952,1417.78439313201,1608.03088774859
"z_nu_cr[28]",-0.082781229024635,-0.074673349,0.376344627895896,0.3815763261156,-0.7097187425,0.5221003465,1.00277193954446,1525.00803111628,1351.27192878325
"z_nu_cr[29]",-0.8662985888065,-0.872623255,0.343761678608968,0.336467411616,-1.4247368,-0.299283319,1.0040733310605,1720.37819983574,1491.11348081661
"z_nu_cr[30]",0.8978758431885,0.886987855,0.385601284585951,0.379246403907,0.311948109,1.520262135,0.999941077185964,1687.9491806296,1226.73620966714
"z_nu_cr[31]",0.52755323784311,0.517292035,0.431428164127043,0.439155957051,-0.1664931935,1.24646819,1.00031465048059,1645.4504001717,1574.46976233767
"z_nu_cr[32]",0.4250330701613,0.41413586,0.264088449878745,0.254232971454,0.009210153675,0.8882890345,1.00050705511775,1803.61976282034,1638.93171156769
"z_nu_cr[33]",-1.5954204288905,-1.5787118,0.495224343160676,0.48626077584,-2.458900885,-0.8201797915,1.00045798640508,1859.2917380641,1663.0046216432
"z_nu_cr[34]",0.25616240603799,0.262977715,0.396670241604141,0.39182828954556,-0.3815345035,0.9078677755,1.00018030607726,1879.92935286942,1386.3187119154
"z_nu_cr[35]",-0.146850833497295,-0.15353401,0.321356217724006,0.3167183723403,-0.6778282045,0.39518103,1.01216154010428,2270.32507328038,1304.83068519754
"z_nu_cr[36]",-0.284421319332153,-0.27416359,0.359098277871091,0.34034847294,-0.893406113,0.2709005345,0.999875712135287,1393.76976433817,1366.07158094035
"z_nu_cr[37]",1.425989865505,1.40070285,0.321219758535224,0.31141798023,0.9274388755,1.972757025,1.00573852582655,1631.68012465956,1261.21451416081
"z_nu_cr[38]",-0.8832565739095,-0.893582495,0.38269290724618,0.371324323545,-1.501209705,-0.2595914225,1.00178942387477,1579.55787124855,1400.83420901725
"z_nu_cr[39]",0.133222486762175,0.127775825,0.367661939003949,0.377135789373,-0.445323387,0.754069087,1.00225190614746,1771.75336133986,1573.11698704602
"z_nu_cr[40]",-1.2725261281895,-1.27483165,0.519643897816487,0.518466346776,-2.101240305,-0.4064401135,1.00111284306815,1530.2953326574,1475.08178429697
"z_nu_cr[41]",-0.738632523156235,-0.737102595,0.303431986778105,0.308255787168,-1.250007675,-0.25147254,0.999697309592842,1372.38902486294,1197.1899791035
"z_nu_cr[42]",-0.251124727889855,-0.247145055,0.282199144900624,0.2718561202266,-0.7173947085,0.212295901,1.00227888946596,1792.63341685673,1338.80554848233
"z_nu_cr[43]",2.4882453198,2.4775722,0.405979321439863,0.41202143409,1.82643484,3.186085705,1.00277173445127,1405.09971715641,1292.57311824727
"z_nu_cr[44]",-0.681837800265555,-0.673750655,0.408336695587756,0.401069742171,-1.3628643,-0.0127296027700001,1.00080609230396,1323.29708653163,1275.49074097264
"z_nu_cr[45]",0.57214346181915,0.57567611,0.340103017139286,0.335810108319,0.01117490787,1.136705,1.00769696966535,2047.49030375679,1507.95039325606
"z_nu_cr[46]",-0.062644949999399,-0.0497999925,0.360785171676802,0.3349542441105,-0.68088856,0.494813604,1.0029230832647,1609.68734698772,1231.53558703156
"z_nu_cr[47]",-0.75983539689525,-0.766362055,0.394020694371178,0.394089839283,-1.3633054,-0.1115072745,1.00328634205828,1241.81127882586,752.883383028776
"z_nu_cr[48]",-1.0446419777995,-1.03858275,0.309355784895008,0.302461541739,-1.545309775,-0.548285121,0.999703511286324,1358.19190738858,1409.56804468332
"z_nu_cr[49]",0.9565326607365,0.94766399,0.285524158125096,0.281585814678,0.500465781,1.437213365,1.00251836654914,1637.17104822358,1325.29240592351
"z_nu_cr[50]",-0.41425596235147,-0.42544793,0.434729947201289,0.409011125985,-1.09883936,0.2915134925,1.00119881748602,1687.48213915907,1173.72647054907
"z_nu_cr[51]",0.0572387982271905,0.0632438225,0.395104292769096,0.386037430968,-0.6283205155,0.6968064715,1.00043992979786,1823.13908999092,1350.32533323948
"z_nu_cr[52]",-0.12287614238522,-0.12381953,0.329379639051422,0.316919634549,-0.673411713,0.39650174,0.999839224993956,1909.0120176887,1536.48464578764
"z_nu_cr[53]",-0.40553651478485,-0.40362904,0.269609152987386,0.269952193476,-0.849019478,0.02161103315,1.00114439921683,1797.19181742574,1609.40999816958
"z_nu_cr[54]",-0.86812308369035,-0.849352115,0.397600072509126,0.397480271202,-1.556146125,-0.264612125,1.00189293162441,1353.88864113476,1224.78639456477
"z_nu_cr[55]",-1.6228750434985,-1.6165691,0.447074751672537,0.4463359887,-2.34993432,-0.8994279935,1.00301643131793,1554.2031419826,1284.87427593079
"z_nu_cr[56]",-1.0166887572496,-0.997967095,0.391431101097759,0.391865123853,-1.69298394,-0.392406487,1.0015978814413,1659.29174066947,1200.46034348259
"z_nu_cr[57]",0.8251661228311,0.81842464,0.353854786224481,0.348990125799,0.2599217365,1.440313295,1.00267934019745,1989.20385467773,1151.32011675199
"z_nu_cr[58]",1.4985414907055,1.46480045,0.527296660117037,0.57613428285,0.6815427875,2.39873295,1.00115971217647,1177.35048005306,1430.13513969955
"z_nu_cr[59]",0.4978251687242,0.495155315,0.334999359588285,0.318111370668,-0.0615842545,1.057765625,1.00420274028305,1486.59165389909,1278.20229305263
"z_nu_cr[60]",0.8252697142048,0.808347805,0.286830670612567,0.276698290344,0.3843764685,1.32099874,1.00214495212111,1686.15001211962,1246.28430910282
"z_nu_cr[61]",1.760845506375,1.74304665,0.508693103851133,0.5252444085,0.9526921845,2.631043885,1.00354302236415,1174.36935889199,1447.718105206
"z_nu_cr[62]",-0.041342856771885,-0.036080253,0.31913285251082,0.321019883457,-0.5708158735,0.472623214,1.00184342682855,2002.93471500929,1187.11536397456
"z_nu_cr[63]",-0.536582851305345,-0.54781466,0.390620661043673,0.393464352582,-1.17370191,0.1070426115,1.00377076236826,1577.92587263745,1094.64380302212
"z_nu_cr[64]",0.735332288949,0.72526515,0.282169184279498,0.275846573709,0.2754259215,1.20327507,1.00187733843085,1635.41286840019,1272.29322085585
"z_nu_cr[65]",-0.7654867683115,-0.76348378,0.367643698417991,0.373004954427,-1.382137335,-0.173069796,1.00111153745262,1942.17065323551,1412.6446972558
"z_nu_cr[66]",-0.22002395203265,-0.226587545,0.293646699960721,0.2912253136758,-0.6907831445,0.269242081,1.00117919384077,1686.46233795489,1512.84230412911
"z_nu_cr[67]",0.20865888561591,0.203475435,0.333152811209022,0.3256330852782,-0.329413643,0.7696363645,1.00074766873082,1806.16864452417,1493.00207399287
"z_nu_cr[68]",0.00888749332390626,-0.0203239205,0.395137762075055,0.373771273302,-0.5969272795,0.705736244,1.00353439435511,920.608049211882,901.982376474647
"z_nu_cr[69]",0.6735926593938,0.663352845,0.313177475088339,0.30327517038,0.1764742135,1.194422875,1.00017070185991,2017.71920576146,1247.86444760766
"z_nu_cr[70]",1.218884124265,1.2146787,0.249942125394039,0.2488736838,0.8210076175,1.639016825,1.00208044526466,1456.16928389351,1322.09233081528
"z_nu_cr[71]",-0.102151051159135,-0.11856414,0.396391495894456,0.355641684678,-0.718269757,0.56011679,1.00201244716065,1474.54674216044,940.768022931042
"z_nu_cr[72]",-1.58093938182,-1.5591957,0.337039158557393,0.34835414229,-2.14925288,-1.067918515,0.999825317791227,1589.9650115476,1608.86758592955
"z_nu_cr[73]",-0.44868751955587,-0.4368677,0.33260663255436,0.329735117754,-0.993009081,0.08565964765,0.999420217509328,1759.11436399347,1188.03596904449
"z_nu_cr[74]",-0.167696769816715,-0.17705175,0.30741437620085,0.3052998037509,-0.6617341305,0.3381178325,1.00023489314317,1613.68289616805,1468.6898476313
"z_nu_cr[75]",0.473814386235435,0.47538756,0.317910622924106,0.310515551262,-0.0338454077,1.001453405,1.00302836025337,1806.15170104382,1237.62293781387
"z_nu_cr[76]",-0.02385071791049,-0.020566875,0.293920715979132,0.290906023905,-0.5104827605,0.4505013105,1.00182447589738,1539.70402335096,1503.76252039219
"z_nu_cr[77]",0.32308357290359,0.32103059,0.324754133260974,0.321183043587,-0.195506661,0.8660791435,0.999493299737673,1614.9243673715,1328.35846975594
"z_nu_cr[78]",-0.6533059369188,-0.640362145,0.316412738322951,0.314316937662,-1.190040225,-0.1613660975,1.00075506008792,1295.19427570615,1409.72312568624
"z_nu_cr[79]",0.515625253654935,0.50557402,0.283123444765533,0.288432387348,0.07847881335,0.9962543215,0.999632247315361,1701.01493665087,1342.92817578543
"z_nu_cr[80]",0.7860650053311,0.788181255,0.316288736138683,0.323850315117,0.2744761665,1.305348755,1.00228252240008,1487.72446553831,1306.26918386946
"z_nu_cr[81]",0.557936670426256,0.55158285,0.369128247477347,0.356502341391,-0.0426748923,1.155706665,1.0022147175679,1644.52612188099,1466.84792237013
"z_nu_cr[82]",-0.44178661753175,-0.442242165,0.337788807668733,0.333262000764,-1.00581682,0.1050925215,1.00165783788391,1237.16670713005,1290.59277208086
"z_nu_cr[83]",-1.44903607574,-1.45326685,0.414657422146748,0.41630562918,-2.128952675,-0.7527769625,1.00068941242681,1563.17351906723,1532.981845329
"z_nu_cr[84]",0.39485280106838,0.38701017,0.321535426437762,0.306355546161,-0.1226647135,0.9318213275,1.00611356121701,1595.04690348618,1562.60987436114
"z_nu_cr[85]",1.1208594607115,1.10482605,0.351545589548213,0.348363519735,0.5850779995,1.72478277,0.999897880439312,1631.45939724273,1506.13113115359
"z_nu_cr[86]",-0.70262232905529,-0.706331665,0.455276056096383,0.447154939875,-1.437718215,0.08404613615,1.00199270339078,1389.71036752126,1351.70237820298
"z_nu_cr[87]",0.7421911391424,0.717478865,0.476941456228622,0.470064089901,-0.03211409275,1.544170625,1.00153072890255,1603.45392249706,1371.90151951751
"z_nu_cr[88]",-0.8509499333108,-0.85071352,0.336572050241834,0.328926248259,-1.399382415,-0.311669475,1.00117038379479,1558.8608891216,1440.63372174556
"z_nu_cr[89]",-0.425638656761359,-0.42306529,0.357841939928212,0.364620384408,-1.009291555,0.178172869,1.00062715996394,1782.72624577232,1502.37734778236
"z_nu_cr[90]",-0.39979280576697,-0.39963153,0.350241507525721,0.336028428582,-1.006493605,0.171723412,1.00092862375877,1679.83825022883,1431.57603436429
"z_nu_cr[91]",0.81250080024425,0.808114265,0.347683920240192,0.335883230151,0.2564166885,1.386438385,1.00327311683122,1885.24725279561,1501.54559226984
"z_nu_cr[92]",1.473453470445,1.47044665,0.299246167689603,0.29954161293,0.997061,1.99071027,1.00006877845909,1443.66463433873,1383.96395833288
"z_nu_cr[93]",-0.81502344778315,-0.81765925,0.403767581873044,0.395779877262,-1.46461517,-0.1484153935,1.00177148272676,1512.96819117364,1485.94151229993
"z_nu_cr[94]",1.0402130468607,1.02573425,0.406088963003217,0.39642166515,0.3961348915,1.719648315,1.00106105786426,1648.17659084021,1602.41823499841
"z_nu_cr[95]",0.152353488467195,0.186152325,0.455616400412531,0.455275051119,-0.6681687945,0.8460345575,1.00302263629979,1428.94067164365,1027.33597180857
"z_alpha_intercept[1]",-0.42635020718439,-0.432001985,0.499711044027056,0.4955816485305,-1.21732811,0.426652856,1.00213177420558,1283.23044148982,1409.68201107133
"z_alpha_intercept[2]",0.452272570431505,0.428416095,0.471176131025043,0.4883506754868,-0.2815625785,1.247295985,1.00052543976238,1320.0540933446,1262.82615628957
"z_alpha_intercept[3]",-0.174046561179385,-0.179611365,0.419166735535968,0.412745676777,-0.854040833,0.5257302735,0.99937664679298,1266.74081653165,1272.31441056029
"z_alpha_intercept[4]",-0.654526063555115,-0.65101553,0.399349642786802,0.398323292388,-1.312616275,0.006753455985,1.00132254611774,1532.21886322985,1590.35519995414
"z_alpha_intercept[5]",-0.03801600177205,-0.0341218705,0.407663766792486,0.417114884151,-0.7247794765,0.6230136435,0.999310464424144,1602.45703823858,1730.34846369743
"z_alpha_intercept[6]",-0.385948917661535,-0.3987173,0.40670638960842,0.421735384812,-1.03287278,0.3042257155,1.00098257409822,1359.19032835297,1634.73210602889
"z_alpha_intercept[7]",-0.04479498125052,-0.0656918785,0.397039270143028,0.380427606153,-0.6703548405,0.650146225,0.999754936873702,1557.66323973049,1635.81010098273
"z_alpha_intercept[8]",0.49696701697199,0.486737645,0.424938571352632,0.428615834892,-0.196557622,1.200556385,1.00015095975492,1541.04950288216,1531.46150124042
"z_alpha_intercept[9]",1.696749157935,1.67648115,0.42572672149676,0.41028256668,1.01026819,2.419927085,0.99948504389642,1611.15853172832,1319.89258538425
"z_alpha_intercept[10]",-0.471985718834044,-0.4812364,0.377208784282847,0.379352239308,-1.0808445,0.1369705095,1.0014357773689,1459.32408323795,1376.29963102856
"z_alpha_intercept[11]",-0.272991123557925,-0.270379845,0.373269676896664,0.3728485089924,-0.869039957,0.339141006,1.00018606151104,1442.53959277402,1576.09958117432
"z_alpha_intercept[12]",-1.928879481185,-1.9337133,0.386170113843874,0.40262486355,-2.55463647,-1.31077431,1.00140432553687,1566.70392303032,1416.22305827482
"z_alpha_intercept[13]",0.242914234441945,0.260771355,0.379820983474583,0.387439664440752,-0.398746059,0.8359655315,1.00049746263646,1923.81078773398,1766.13043332831
"z_alpha_intercept[14]",1.36871360575105,1.35849675,0.462386588070536,0.46847002062,0.636034736,2.14804807,1.00039467964678,1340.98493741964,1324.48671423479
"z_alpha_intercept[15]",0.78200850274475,0.77020096,0.41688582843099,0.40685739003,0.115069152,1.47504797,1.00003688903597,1390.59711099519,1619.6533474214
"z_alpha_intercept[16]",-1.3307187306975,-1.3299605,0.420113357366462,0.42829786167,-2.02800467,-0.633754576,1.00078055710499,1207.78375919755,1581.59122043782
"z_alpha_intercept[17]",0.8354274031442,0.82798503,0.374150041021811,0.376063298772,0.231339312,1.460655575,0.999601704333328,1665.69164418165,1499.25772091357
"z_alpha_intercept[18]",-0.47337064790606,-0.4641714,0.364743616784457,0.361110625428,-1.087640445,0.1296050355,1.00323918386878,1543.26884086426,1411.50069947785
"z_alpha_intercept[19]",-0.30554847058964,-0.311772325,0.376060556106776,0.3614546279169,-0.923710938,0.3228734325,1.00077667146589,1776.39881271212,1645.86919154755
"z_alpha_intercept[20]",0.57779781184265,0.55756832,0.443906801190316,0.458129070945,-0.125063654,1.31468334,1.00052513269428,1654.47355824268,1701.88905582083
"z_alpha_intercept[21]",0.027690151495983,0.020106544,0.38987692160813,0.3765036146634,-0.605716337,0.7003838765,0.999665586105439,1432.91369044027,1404.51861305769
"z_alpha_intercept[22]",-1.160966244854,-1.156785,0.410935987470825,0.405595156281,-1.861440935,-0.5063040855,1.00035661466409,1386.2912535429,1690.25854346325
"z_alpha_intercept[23]",-0.84527340728985,-0.84022125,0.411341811265835,0.411398275071,-1.501850245,-0.1714860285,1.00059526329606,1715.98485866367,1827.68131445776
"z_alpha_intercept[24]",-0.86349157916794,-0.864048075,0.375668827995436,0.35251580049,-1.48275423,-0.2317661355,1.00072597959884,1659.37381031894,1683.98059541871
"z_alpha_intercept[25]",-0.275415900522196,-0.28982253,0.421266181776506,0.424398794169,-0.9710605325,0.425338338,1.00099409995978,1483.50283210594,1547.44241112674
"z_alpha_intercept[26]",0.1637654418257,0.15345378,0.411606246223158,0.398287643271,-0.5023406565,0.8695342425,1.00101113222211,1289.75408608964,1234.16304600757
"z_alpha_intercept[27]",0.80689296548531,0.795794085,0.432312995525815,0.415175094789,0.1118721105,1.547446135,0.999678154378839,1644.84249282294,1585.47748775816
"z_alpha_intercept[28]",1.05500327039085,1.05365675,0.420563124720676,0.416258860563,0.3795403315,1.75564382,0.999341524140121,1608.74145558525,1610.03909416142
"z_alpha_intercept[29]",0.991696787768,0.9894426,0.430906344256267,0.431474443365,0.309745952,1.706656445,0.999843841392546,1762.520490982,1663.7383620843
"z_alpha_intercept[30]",-1.30589811012235,-1.307073,0.383994558813552,0.35805345975,-1.94318415,-0.6621949235,1.00123444972924,1543.51039362186,1542.78400469676
"z_alpha_intercept[31]",-0.14686163702395,-0.15738352,0.407398606271035,0.395277646512,-0.8117755605,0.5349416725,1.00078436486906,1497.02825477589,1482.84495795533
"z_alpha_intercept[32]",0.37799357162383,0.368129655,0.37760257432474,0.372103548453,-0.226884649,1.02928306,1.00196260393005,1593.67777831991,1206.01496811675
"z_alpha_intercept[33]",-1.282386834121,-1.29068715,0.408798401167695,0.40170609633,-1.97424289,-0.6082259215,0.999971615217314,1543.30030504798,1671.07551160009
"z_alpha_intercept[34]",-0.045519287283125,-0.056381114,0.424003542443289,0.447732041925,-0.7281880885,0.6612429485,1.00198898990606,1166.34339800405,1353.33587465894
"z_alpha_intercept[35]",1.347483339062,1.33372265,0.413243020400926,0.41464533957,0.690822317,2.04075744,1.0010503307121,1694.67023779296,1479.92446969429
"z_alpha_intercept[36]",0.09682126719719,0.089609847,0.444424779442437,0.4343162347062,-0.621888035,0.844214133,0.999844312182154,1113.35339002801,1491.77110906167
"z_alpha_intercept[37]",1.480623835865,1.47123835,0.42488226647428,0.41633224185,0.7910290425,2.221177575,1.00148688363125,1658.83811067968,1289.71660181304
"z_alpha_intercept[38]",1.68408188847865,1.6936324,0.519700079954816,0.5201049756,0.8497900605,2.546590745,1.00108682659073,1510.11082767276,1678.7043242473
"z_alpha_intercept[39]",-0.233373899669617,-0.241573445,0.402450005722359,0.3900071117418,-0.8848291575,0.4433559475,1.00132437784206,1502.36343990662,1675.00997929708
"z_alpha_intercept[40]",-1.5004414782335,-1.4920693,0.410857691076009,0.4126995012,-2.190037525,-0.844351392,1.00073267399623,1184.12146044649,1584.16580349442
"z_alpha_intercept[41]",-0.21603847714381,-0.22024049,0.3719633920438,0.3772906039476,-0.8084564565,0.397712624,0.999938104664999,1907.14947965181,1664.10271648805
"z_alpha_intercept[42]",1.15501811160225,1.1457787,0.40137814869501,0.38991601635,0.5117474115,1.82057492,0.999555647428145,1766.74485825227,1270.97652575282
"z_alpha_intercept[43]",-0.456462619689065,-0.47176464,0.390122663257438,0.382016597529,-1.07756387,0.1879844975,0.999827399165325,1164.07481377108,1759.26275909734
"z_alpha_intercept[44]",-0.42293400996655,-0.43463541,0.435785296684071,0.414851858337,-1.13649436,0.2958329015,1.00151124772699,1416.66178627488,1470.77020961752
"z_alpha_intercept[45]",0.5070648619564,0.49789879,0.416967491607081,0.414289545222,-0.1608794325,1.21135877,1.00059598142946,1562.52021517691,1530.32826385333
"z_alpha_intercept[46]",-0.50122227885815,-0.49922375,0.375291771886114,0.383385919476,-1.116803655,0.1105641095,1.00040974246753,1806.59764778428,1561.10362178773
"z_alpha_intercept[47]",-1.83292610667,-1.8293932,0.367787833178262,0.37785803055,-2.451246585,-1.231829125,1.00059207814006,1731.01330268883,1469.29034129879
"z_alpha_intercept[48]",-0.024902043311125,-0.0436064395,0.382330468073782,0.374083975881,-0.634231012,0.620181048,0.999785878309244,1486.68302938974,1430.363153649
"z_alpha_intercept[49]",0.297845904852475,0.30596137,0.383937773683065,0.3886357163787,-0.3271865135,0.936991423,1.00489158017552,1833.0530480681,1538.34648370922
"z_alpha_intercept[50]",1.2272574270926,1.21425085,0.49193528745124,0.489471079272,0.458073931,2.07200719,1.00414369827424,1442.11466123996,1330.87746670032
"z_alpha_intercept[51]",-0.304698839336378,-0.304741935,0.406582471915865,0.4138603265916,-0.971303678,0.3611230165,1.00121411436252,1449.10333312517,1390.08767967165
"z_alpha_intercept[52]",0.547943903797295,0.53103686,0.406478561450231,0.390360544308,-0.1258765065,1.253439465,1.00105977014948,1853.9580363804,1628.84425093303
"z_alpha_intercept[53]",1.2737005352885,1.26869805,0.421578981284528,0.412143585504,0.598129626,1.98117276,1.00148989916762,1311.16150563282,1355.81791221921
"z_alpha_intercept[54]",-1.782151929965,-1.789653,0.374820877259562,0.37378088055,-2.402487575,-1.162451165,1.00009006768424,1448.43139542498,1509.99839265007
"z_alpha_intercept[55]",1.1733945741385,1.1794616,0.472306880022259,0.466847804178,0.419206561,1.936323925,1.0014342895545,1590.70804967483,1594.3498399303
"z_alpha_intercept[56]",-0.41516048853332,-0.414115275,0.383686796096218,0.37109048046,-1.03121953,0.229044885,1.0012504121247,1793.21133930207,1660.37355205263
"z_alpha_intercept[57]",-1.42687199862,-1.42520075,0.363479651407011,0.36842654478,-2.02361775,-0.8402886445,0.999306614481458,1947.72493291093,1719.69416078985
"z_alpha_intercept[58]",-0.203462622359105,-0.205895365,0.405431764572834,0.412111331541,-0.845033229,0.5037176665,0.999273590285659,1442.71168721718,1350.0778349841
"z_alpha_intercept[59]",-0.40532446351521,-0.406527035,0.396974410492524,0.403278149001,-1.047124755,0.2379505595,1.00027265975236,1443.49713661666,1469.19444525713
"z_alpha_intercept[60]",-0.16741958936671,-0.166445185,0.367476986169978,0.3619499208402,-0.762977544,0.4241768245,1.00027910393234,1991.15652327709,1403.27635418251
"z_alpha_intercept[61]",-1.3113076115025,-1.31653665,0.382913518274652,0.37484998341,-1.952969095,-0.6816576845,0.999662926808021,1712.65225908698,1847.56087512989
"z_alpha_intercept[62]",-0.4927788700298,-0.48144969,0.412010744215395,0.414166645095,-1.15690693,0.1773457515,1.00030493570828,1160.27767350041,1245.70019601219
"z_alpha_intercept[63]",0.6624196312416,0.647415235,0.405284840427081,0.391808065992,0.00447855281,1.3333337,1.0021973217341,1733.48603310001,1485.99841660748
"z_alpha_intercept[64]",0.27914044581185,0.271664425,0.376732813108118,0.3684523672242,-0.325646318,0.885759456,1.00178985896324,1970.38039558089,1538.98150366009
"z_alpha_intercept[65]",-0.51923886509589,-0.514682415,0.385644658658872,0.391231193745,-1.133048975,0.0992551853,1.00013397127795,1712.79657867308,1899.44286933903
"z_alpha_intercept[66]",-0.29713809496047,-0.295364825,0.374710905923398,0.3711696913302,-0.911410503,0.3086384195,1.00141742124674,1846.39670173617,1457.07656054386
"z_alpha_intercept[67]",-1.28601420860595,-1.2841524,0.379281004735172,0.39164850858,-1.87824319,-0.658125448,1.00198793868794,1363.3452033167,1379.92170525156
"z_alpha_intercept[68]",0.19414097682829,0.19218618,0.41585642144615,0.4175788178604,-0.484604091,0.8674208085,1.00025302172124,1178.15757353628,1547.92463792225
"z_alpha_intercept[69]",-0.520872706149267,-0.52795286,0.372596047660457,0.374019112131,-1.130941615,0.1046313715,1.00332025947467,1722.25706014029,1596.44531087694
"z_alpha_intercept[70]",2.69606765825,2.69278235,0.431055552950954,0.42310082976,2.004741485,3.417791435,1.00058810752347,1645.13603441009,1373.72667428677
"z_alpha_intercept[71]",-0.166408029341877,-0.173919765,0.394117372089474,0.4011351856176,-0.7944981535,0.4776746405,0.999738232942201,1643.10324532213,1582.68262630452
"z_alpha_intercept[72]",0.53370284677259,0.52357772,0.408233274048536,0.406416857679,-0.0993339527,1.19506196,1.0000929491745,1638.51224701982,1347.3082927791
"z_alpha_intercept[73]",0.14794928161986,0.141491895,0.404881614560286,0.399718470879,-0.5245636525,0.842244864,0.999717097493097,1752.5393081299,1700.94266265945
"z_alpha_intercept[74]",1.05018742664715,1.0558014,0.43924319801467,0.45059460894,0.3351969385,1.776319805,1.00050843442252,1471.17992470913,1460.88109363028
"z_alpha_intercept[75]",-0.593834544592691,-0.593771285,0.370291485572067,0.37995724389,-1.21084526,-0.00533388501000001,0.999642422403682,1979.24659863863,1753.26878117387
"z_alpha_intercept[76]",1.881823400195,1.863099,0.495400743210707,0.49854196707,1.106449985,2.72568904,1.00232271761617,1081.63224704452,1398.39009113977
"z_alpha_intercept[77]",0.478308669280008,0.45645676,0.412637401550123,0.397528307442,-0.167089581,1.185434725,1.00062295732238,1502.86780437588,1408.7958204367
"z_alpha_intercept[78]",0.772109752664075,0.771848565,0.42666537709696,0.421893303951,0.09427510315,1.4862023,1.00062015494126,1529.39049733059,1562.01466565395
"z_alpha_intercept[79]",1.72821056135,1.7223402,0.432592076202327,0.42357377916,1.035282255,2.43738112,1.00377943923808,1728.55228831757,1594.51835548646
"z_alpha_intercept[80]",1.01572767627455,1.0043415,0.417452843093051,0.385020671301,0.345615015,1.72601838,1.0002768347078,1053.13112036229,1308.12300267921
"z_alpha_intercept[81]",-0.00667953620451948,-0.00571833725,0.423842359901976,0.418772697819,-0.68048888,0.707719281,1.00018115070038,1396.76160715964,1574.37500943096
"z_alpha_intercept[82]",-0.58944599074655,-0.59658903,0.394194369343017,0.385519462419,-1.2121434,0.06183946275,1.00174915376996,1516.81556401821,1318.11666199958
"z_alpha_intercept[83]",-0.98840230870915,-0.991344965,0.445088586443437,0.435165531738,-1.741352045,-0.2546422085,1.00194606567756,1344.30558191026,1462.53303704595
"z_alpha_intercept[84]",0.087724564274061,0.0695580335,0.426476943624618,0.422281537587,-0.5926691115,0.8100156855,1.00256226456343,1495.77112881657,1651.38250080324
"z_alpha_intercept[85]",0.197132035794875,0.18501115,0.391287321389584,0.377573756826,-0.4293828365,0.8483544175,1.00069748690849,1688.15162454952,1345.9957434186
"z_alpha_intercept[86]",0.8586242644466,0.841871645,0.434076638618236,0.423782203068,0.1666845965,1.60368368,1.00061755343057,1575.01733811382,1602.08359057003
"z_alpha_intercept[87]",0.4185905385777,0.41630786,0.408564704855159,0.392319555579,-0.246157222,1.09707213,1.0011334022119,1733.23435931046,1655.43032727118
"z_alpha_intercept[88]",0.45812537016374,0.453332815,0.386294513885104,0.379166654853,-0.156460495,1.121304725,1.0013964158031,1668.4544393627,1489.70054112192
"z_alpha_intercept[89]",-0.205898663165602,-0.21969429,0.422015652033062,0.4107683086941,-0.8937578735,0.495296165,1.00063705459072,1171.83271419161,1415.81996638408
"z_alpha_intercept[90]",-1.1817726101705,-1.1774395,0.399511388751712,0.38909561964,-1.87161591,-0.5250605405,1.00065673014863,1681.55757576267,1610.20889196377
"z_alpha_intercept[91]",-0.18490605437454,-0.195021535,0.41937451557359,0.4008990711894,-0.8329133655,0.51405487,1.00144254777127,1417.96752574696,1389.12256082642
"z_alpha_intercept[92]",0.17827136992325,0.16832631,0.383737503112837,0.379452648393,-0.4704518685,0.8082440625,1.00244357424,1391.58309190437,1405.31160529902
"z_alpha_intercept[93]",-0.85215717768105,-0.874037415,0.404647148125333,0.396334006425,-1.488519235,-0.181595316,1.00090736359517,1315.05832103555,1183.92533249901
"z_alpha_intercept[94]",-1.332481385352,-1.3216338,0.387888069174924,0.39253658598,-1.994591115,-0.7113275445,1.00043247545073,1692.50599267339,1736.78384089703
"z_alpha_intercept[95]",-1.2797264177436,-1.2827847,0.389574326653234,0.3748324146,-1.90510968,-0.625454413,0.999538891199925,1422.98950398327,1547.05533613949
"z_tau_intercept[1]",-0.251917902420005,-0.24927348,0.634570161622424,0.608235382377,-1.285414845,0.763187036,1.00281236042367,924.02506589967,1167.25693608337
"z_tau_intercept[2]",0.004276054400815,-0.027142301,0.699277670999528,0.687939973203,-1.10212555,1.19347323,1.00052786719466,1138.88584541879,1156.49557484928
"z_tau_intercept[3]",0.56246245210594,0.582533945,0.610757641590902,0.589340601654,-0.457962678,1.555815025,1.00430844020876,925.448105468674,1198.12519036772
"z_tau_intercept[4]",1.6410185009389,1.64464745,0.608277458985634,0.60226051179,0.6293047265,2.63557826,1.00305252391909,1143.52997653377,1056.92243711068
"z_tau_intercept[5]",-0.33271408570523,-0.3082586,0.772105536310132,0.778176680148,-1.60658023,0.893174285,1.00123875343356,989.048825434351,1059.82875750576
"z_tau_intercept[6]",0.775424436118669,0.78664385,0.680009844635102,0.661946518506,-0.350295054,1.86872936,1.00149290184322,1226.57801821937,1065.21787369895
"z_tau_intercept[7]",0.443079533869202,0.442094925,0.671801336604195,0.66930753299025,-0.6533938635,1.54612313,1.00103274367088,1204.70099705882,1458.02717382165
"z_tau_intercept[8]",-0.4166767362987,-0.416128295,0.646900227299217,0.630294728322,-1.478153355,0.6423846255,1.00108946714263,1243.72627448251,1157.90021674351
"z_tau_intercept[9]",-0.07031494554595,-0.0574847765,0.808766523305948,0.7897594607721,-1.42634676,1.22920898,1.00036408224016,976.660759692726,881.992458249697
"z_tau_intercept[10]",0.67249759998119,0.682552665,0.726513070192452,0.704887692411,-0.537868881,1.858888785,1.00012064840002,1018.20100377253,1136.48083985926
"z_tau_intercept[11]",-0.262617217144005,-0.24787037,0.674033828253125,0.642245403534,-1.377781155,0.8422806105,1.00258801390921,1134.57965897713,1241.79652515381
"z_tau_intercept[12]",0.14094871090255,0.168150895,0.632453576058588,0.646575114444,-0.9397687745,1.13075132,1.00032706175835,1076.97639804644,1170.86586356697
"z_tau_intercept[13]",-0.162631437876801,-0.154382405,0.611875180341836,0.616150828104,-1.15382486,0.864950149,1.00386203215738,1192.5868379566,1100.78233257717
"z_tau_intercept[14]",-0.89242485329897,-0.877295215,0.715710304292853,0.71046006675,-2.084073935,0.2561548325,1.00107256272323,1196.69805463819,1011.94270206208
"z_tau_intercept[15]",1.353592543746,1.35541815,0.621742274143362,0.617150493393,0.331940253,2.3666658,1.00276364125277,1116.89013496642,1322.94640378665
"z_tau_intercept[16]",-0.62051007387245,-0.626202525,0.579230439167469,0.560569317945,-1.590525905,0.3248405635,1.00188916581157,791.575014773017,1088.27966202929
"z_tau_intercept[17]",-0.0484908184208,-0.062209353,0.750679788566987,0.742109618208,-1.273466775,1.229043945,1.00478411798419,1226.5291389362,1143.2984062441
"z_tau_intercept[18]",-1.0623294680462,-1.06007875,0.638034003740487,0.635716470501,-2.088276355,-0.03198296425,1.00355185288249,1283.08533240186,1452.92203718392
"z_tau_intercept[19]",-0.113637038724169,-0.096490978,0.593177312435013,0.5920622000958,-1.09357813,0.814971614,1.00511301888837,1437.67533842353,1280.97535595384
"z_tau_intercept[20]",-0.3608028245981,-0.331759,0.706982150364199,0.670087519584,-1.53475642,0.8246605365,1.00352639924267,1062.29308065587,1139.05253782701
"z_tau_intercept[21]",0.20174859271704,0.203985935,0.579018551543035,0.556028254992,-0.749089338,1.163597445,1.00497594002391,1071.79769773895,962.138165387276
"z_tau_intercept[22]",1.01748420702215,1.0296637,0.642094614534935,0.621725782167,-0.01400128605,2.09625168,1.00158150006855,834.194174170762,1235.35909922698
"z_tau_intercept[23]",-0.563472045343145,-0.574020195,0.562923708188684,0.54908706279,-1.49052633,0.3916736615,1.00096575955821,1230.26397843275,1131.91422852654
"z_tau_intercept[24]",0.010467733476595,0.0292136855,0.659915334879206,0.6464230745553,-1.11084719,1.089960925,0.999644288283593,950.45095198237,1044.72729903129
"z_tau_intercept[25]",0.9875985917703,0.987844975,0.690539109600051,0.692450464944,-0.11105187,2.10835597,1.00104425730308,1122.81955954989,910.896421953011
"z_tau_intercept[26]",-0.778305223518405,-0.76240957,0.671894430451374,0.643798856988,-1.877851245,0.3089806365,1.00237724434452,890.898017223554,1102.66812449455
"z_tau_intercept[27]",1.47199792213275,1.46689305,0.696666225059809,0.68815783386,0.3821066955,2.64370146,1.00228262411754,815.533198872069,951.385170299552
"z_tau_intercept[28]",0.37262979843625,0.372618835,0.668828637974348,0.6750246724704,-0.744887739,1.45840682,1.00135299024566,1119.36244833083,1151.66129136254
"z_tau_intercept[29]",0.35599679631948,0.36600001,0.724421787533588,0.722605918839,-0.8456295675,1.523600675,1.00199607076939,1157.80367529736,1374.60856509797
"z_tau_intercept[30]",-0.710231130277225,-0.71231943,0.638973414565094,0.611060617524,-1.732480185,0.361173613,1.002762171056,1089.37318591157,1240.54704119446
"z_tau_intercept[31]",0.398906477089045,0.42077987,0.6285683162862,0.624057390492102,-0.685396994,1.386658245,1.00229772063583,829.805239239739,1139.11103687791
"z_tau_intercept[32]",-1.501777419194,-1.50472625,0.710094603280536,0.72251493909,-2.634917925,-0.321909754,1.00183447831554,1012.88435084646,1318.85305233568
"z_tau_intercept[33]",-1.39426791231915,-1.39695735,0.640477532347204,0.635778191139,-2.428854225,-0.3488212095,1.00115053844161,1087.64937150229,1036.31538934216
"z_tau_intercept[34]",0.36061951010565,0.399204965,0.69798343595588,0.676780635741,-0.8399645505,1.47819245,1.00399615792229,724.813223026452,985.239425065658
"z_tau_intercept[35]",0.16629664986241,0.177789135,0.81304792638932,0.798027782349,-1.180609605,1.53824246,1.00269446811999,1126.66058683297,1274.22544308382
"z_tau_intercept[36]",0.576571135145027,0.600858395,0.646796229900417,0.661608641379,-0.504079077,1.592958045,0.999462281513255,945.639570102324,1194.3788927308
"z_tau_intercept[37]",-0.423830352282275,-0.43846794,0.750107525314523,0.7266686105238,-1.60718307,0.8415730025,1.00028070100645,1177.83973409148,1273.07364581653
"z_tau_intercept[38]",0.214782781751719,0.22380632,0.712088847194047,0.705645753204,-0.930509454,1.399281495,1.00210840925522,1126.69696418179,813.193901815142
"z_tau_intercept[39]",0.5471810102288,0.53704772,0.566881716145461,0.561688480794,-0.382072705,1.489406505,1.00017085618315,914.614927048662,924.37319702896
"z_tau_intercept[40]",-0.673327887716365,-0.678325725,0.591409897003388,0.593319410796,-1.648014555,0.29580746,1.00041763263207,1021.55780355873,1226.39400619383
"z_tau_intercept[41]",0.1328979379534,0.10258498,0.781739311955564,0.784030711422,-1.11482944,1.45067856,0.999904707431664,1032.79697067984,1088.18559434939
"z_tau_intercept[42]",-1.13668587223208,-1.1372021,0.727527740731102,0.70316137521,-2.304698395,0.0541593864499998,1.00077123701094,1093.94041258715,1012.32455777698
"z_tau_intercept[43]",0.92485221507095,0.91536918,0.633264598110517,0.623769657462,-0.098905722,1.989799935,0.99947895642526,902.854052451597,877.43883896763
"z_tau_intercept[44]",-1.846576951733,-1.81961815,0.6424247077143,0.63599255286,-2.919985785,-0.7943619695,0.999796398192724,1188.75343345522,1333.54855171516
"z_tau_intercept[45]",-0.37836700753733,-0.38478603,0.682111966594885,0.682175187036,-1.479001925,0.7335145465,1.00114166910883,1065.18983231677,1255.77333585651
"z_tau_intercept[46]",0.3979464842051,0.399147465,0.692271591097379,0.7183523787279,-0.7100377345,1.54801565,0.999478333033898,1180.28016412941,1284.07318683495
"z_tau_intercept[47]",0.67250622279065,0.670247865,0.632565348237894,0.635129738964,-0.372599065,1.714100405,1.00755830522909,964.83514063725,967.648406886244
"z_tau_intercept[48]",-0.6833022146629,-0.68753508,0.749036905276353,0.745905578292,-1.901038855,0.56371415,1.00594976226405,1012.23922985809,1069.95110535116
"z_tau_intercept[49]",1.35956546518085,1.35332045,0.746875701332191,0.793881580254,0.1405425005,2.574841975,1.00031234436706,1066.82209170653,971.14728598212
"z_tau_intercept[50]",-0.23149262445312,-0.216812445,0.722693251028708,0.660940196343,-1.44390015,0.9796022545,1.00134667486352,920.013703460434,990.562422996281
"z_tau_intercept[51]",-0.9624375158304,-0.93591591,0.643093787030493,0.632088177651,-2.038568685,0.0976237048,0.999908523706124,1339.31858443618,1356.51929759503
"z_tau_intercept[52]",0.357734487233195,0.36714852,0.720043426077916,0.700925273412,-0.797978581,1.529634435,1.00074425686046,789.345132507064,699.141897448369
"z_tau_intercept[53]",-0.5350805661037,-0.519605165,0.708019854060671,0.71178877287,-1.703637055,0.60467478,0.999872138014598,1066.07402542723,955.160456726453
"z_tau_intercept[54]",0.228228825635516,0.232531415,0.592960983376228,0.5850510099,-0.7613523935,1.17566284,1.00186755908393,1199.28476577252,1231.69976064923
"z_tau_intercept[55]",1.0707338294497,1.09183985,0.784451312949516,0.772354621143,-0.2339622455,2.345938695,1.00012722617665,1037.75293035894,908.404402690644
"z_tau_intercept[56]",-1.1493021014751,-1.14427065,0.676164251865849,0.681614171196,-2.249444715,-0.0725103980500007,1.00226741424369,1066.25563478648,991.301202232011
"z_tau_intercept[57]",-0.55550743069043,-0.539506865,0.626051626906714,0.619358114445,-1.621910045,0.4725528145,1.00059751107307,959.536506663259,1131.57154689222
"z_tau_intercept[58]",-0.797415675791745,-0.79782665,0.693482672719398,0.648904716411,-1.973726955,0.291656947,1.00012483402944,1119.64176697374,1070.63570247277
"z_tau_intercept[59]",-0.7567149592747,-0.75076328,0.661693432736698,0.665517664539,-1.883138285,0.319657521,1.00508921364951,972.321323455523,902.221331095718
"z_tau_intercept[60]",-1.22212686880365,-1.22720475,0.687503261729153,0.696952824624,-2.307360135,-0.0919179209000002,1.00004774321615,1055.13558366069,1317.24482377085
"z_tau_intercept[61]",0.16489023913925,0.15992643,0.582856376622371,0.581030376612,-0.8024746535,1.110479415,1.00207402314326,1191.36198246342,1118.78880634717
"z_tau_intercept[62]",-0.01765058928576,-0.024894309,0.65185421412374,0.672022149498,-1.06579638,1.03199117,1.00068391290191,764.181361933257,941.065268847851
"z_tau_intercept[63]",-0.466756882515625,-0.47661059,0.764493199604255,0.7800681108045,-1.70272448,0.7499305315,0.999581882580033,1072.98066742544,1038.6818590083
"z_tau_intercept[64]",-0.292653508613426,-0.28759095,0.71490013128086,0.719516780892,-1.459315055,0.8948092435,1.00306565585637,812.359518052874,1111.72029175711
"z_tau_intercept[65]",0.61140981820108,0.62963585,0.71115440360865,0.719718540513,-0.561239594,1.78865729,0.999626026681766,1122.34648876089,1261.33086863937
"z_tau_intercept[66]",0.513199899248425,0.52158027,0.715068580765624,0.7237733944329,-0.6923070325,1.654038295,1.00103506432961,1088.60318714492,1178.2833101845
"z_tau_intercept[67]",0.19126194780085,0.197153395,0.649228661238173,0.627491317047,-0.9063040655,1.21070305,1.0000544437155,1076.08764529473,1155.07858440609
"z_tau_intercept[68]",-0.078657059355165,-0.075177395,0.609443141376267,0.62712148989,-1.08897379,0.9179302455,1.00202579237795,961.504692600922,1266.97978205543
"z_tau_intercept[69]",-1.00391521539967,-0.99726437,0.598274909144345,0.610586978715,-1.995253885,-0.0263780249,1.00172414616557,1446.36295330652,1484.89561063396
"z_tau_intercept[70]",0.288382188076426,0.301006735,0.690931049110372,0.675912810657,-0.8639705285,1.43177691,1.00097914043499,913.195766578935,1085.62259666516
"z_tau_intercept[71]",-0.0656164820491675,-0.043808629,0.668800271560529,0.6845211480114,-1.140604065,0.993069196,1.00213646166062,969.799875394003,1129.78594715074
"z_tau_intercept[72]",0.557984835707595,0.545987945,0.732123430226127,0.7171346526309,-0.690040927,1.72863312,1.00343951067615,968.777137242029,1049.58472894468
"z_tau_intercept[73]",0.766600964724775,0.776337755,0.749548738960922,0.725822753124,-0.4599246955,2.011104395,1.00116024985311,1004.84219667312,1080.11959073452
"z_tau_intercept[74]",-0.095592897611955,-0.101497655,0.681479476136429,0.690176675454,-1.227440265,1.016549205,1.00159786928529,1026.27337406539,1249.51360029452
"z_tau_intercept[75]",-1.39380467377675,-1.3900386,0.64437131388898,0.612192960687,-2.486603765,-0.3367764135,0.999538719535587,1185.21099013107,1026.68733963772
"z_tau_intercept[76]",-0.392861389898715,-0.404066285,0.687958002198468,0.680564186463,-1.518611065,0.707189993,1.00341739332794,934.101136400351,1051.85825615547
"z_tau_intercept[77]",0.174108186634945,0.177022725,0.681875698603517,0.696502507113,-0.984477378,1.25237248,1.00306190473801,1128.92291711806,1282.00335690454
"z_tau_intercept[78]",0.844971332845835,0.86156937,0.654853437850731,0.648889630956,-0.2389875025,1.910378605,0.999867870125007,1003.51391956496,961.052830258384
"z_tau_intercept[79]",0.133979504360605,0.137613465,0.708707882566496,0.696053486877,-1.03333876,1.33052744,1.00081856714829,1242.59058366802,1295.53463793133
"z_tau_intercept[80]",0.2685459678344,0.266987785,0.627199241154234,0.576880786776,-0.786101188,1.3105567,1.00450985693465,803.31694685626,905.143818024363
"z_tau_intercept[81]",0.615994758478869,0.637442845,0.58761454913663,0.570264269148,-0.3630280025,1.562264175,1.00236486854452,1164.42359765974,1071.13852726618
"z_tau_intercept[82]",-0.6900824887245,-0.695558305,0.652806253518106,0.651445292358,-1.76833444,0.3765965475,1.00154400482589,1193.34775878483,1330.32332454221
"z_tau_intercept[83]",0.386022544522565,0.389192485,0.611927026716986,0.61093587156,-0.5965489495,1.360562625,1.00263023768572,1390.05215780105,1241.69561610165
"z_tau_intercept[84]",-0.24782965506584,-0.239433845,0.607395095935929,0.586046627691,-1.25485722,0.7621878565,1.00117946539878,1216.43216814136,1198.61907118026
"z_tau_intercept[85]",0.417386328767895,0.43132694,0.675946533057117,0.6652374872388,-0.712163734,1.524568725,1.00364211167145,1184.28393515244,980.713232599968
"z_tau_intercept[86]",-0.9486239039186,-0.96713958,0.63071445785998,0.630145015374,-1.93454342,0.126614894,1.00445793019894,1275.56293573343,1442.17830710251
"z_tau_intercept[87]",0.229851244099562,0.245222055,0.593465863846641,0.609082606734,-0.7951504375,1.162575145,1.0022278883214,1222.58615236468,1182.51188250647
"z_tau_intercept[88]",0.03101965660628,0.047055462,0.711727107984115,0.704974202121,-1.137975605,1.16687028,1.00156170147294,1122.80890338481,918.625819942276
"z_tau_intercept[89]",0.38232913368702,0.40641115,0.638605738940305,0.646359136689,-0.6791318215,1.378876005,0.999773230584233,997.616079957252,1016.23778095386
"z_tau_intercept[90]",-0.40780621217758,-0.417276175,0.670704240553963,0.6812657698329,-1.493103435,0.687857785,1.0003601416346,1228.01452401472,1245.15721332183
"z_tau_intercept[91]",1.01199995443825,1.0214526,0.707251064462652,0.717666459027,-0.1638466895,2.174851575,1.00127628896833,999.272795788325,788.856250031564
"z_tau_intercept[92]",1.7390090449201,1.7513197,0.709312123403464,0.71021751339,0.5911207765,2.88295233,1.00670063149478,759.454024438849,1171.03850908504
"z_tau_intercept[93]",0.349145893204335,0.351762525,0.605035003843575,0.5832560268213,-0.6558043715,1.326733525,1.00218901499287,1015.17595762062,1099.12957334696
"z_tau_intercept[94]",-1.18620472823455,-1.17872705,0.631806837295907,0.62072562762,-2.29298488,-0.164666995,0.999674111799228,1240.8843382146,1239.97689873313
"z_tau_intercept[95]",1.04533111376675,1.06599395,0.657213106159501,0.63924196728,-0.06952402265,2.147103345,1.00052614664474,903.918851012252,937.88968334937
"nu[1,1]",3.2634123516,3.2699373,0.138290890634992,0.13761997284,3.027379745,3.477008305,1.00110820592546,1959.65018228198,1559.56783188939
"nu[2,1]",1.47859477535,1.47958755,0.0765640663904837,0.07864058811,1.35406471,1.6046204,1.00106546103964,2838.18278750282,1476.65472395275
"nu[3,1]",3.46652464595,3.4693577,0.146851463949852,0.1399937637,3.225644655,3.70762432,1.00045683638008,2717.08066101012,1209.27362851881
"nu[4,1]",3.3336025873,3.3324069,0.138272515493943,0.139478411939999,3.10703164,3.559164055,0.999857713158262,2039.66934816904,1579.77666269012
"nu[5,1]",1.6519992929,1.65168375,0.0832638467714579,0.0818733232799999,1.51640285,1.78618834,1.00274559473287,2491.78452361077,1108.37442804395
"nu[6,1]",1.9113386784,1.91380005,0.0918894248376397,0.0920128988100001,1.752216835,2.057006235,0.99983749637431,2234.49495429341,1483.26205742233
"nu[7,1]",2.69778221815,2.6993164,0.101917772944508,0.10345441953,2.531790635,2.864815095,0.999873287978279,2866.1748815139,1651.68235492297
"nu[8,1]",2.91286361925,2.9122761,0.109713118987845,0.10802431164,2.731500925,3.095287235,1.00084696375278,2063.41286380779,1328.11728573993
"nu[9,1]",1.6141987252,1.61469685,0.0713544328929353,0.0711756971100002,1.492066235,1.72606789,1.00094512532799,2798.76930963021,1723.89207756662
"nu[10,1]",1.9088695656,1.9110058,0.089450479539524,0.0944560753499998,1.76007118,2.0511021,1.00246572776047,2086.34265583668,1396.36289106788
"nu[11,1]",2.15414871385,2.15703955,0.0850939530880711,0.0840849177,2.010944845,2.29063214,1.00122878352271,2380.5001929796,1600.66989727303
"nu[12,1]",2.434155981,2.4345697,0.113715553955814,0.11454834468,2.24286495,2.626510575,1.00038489819617,2939.6905822436,1319.52173225035
"nu[13,1]",3.22542710415,3.2264533,0.123398579849084,0.12517784538,3.021294885,3.427884745,1.00047342802702,2861.4059041438,1475.13032518714
"nu[14,1]",2.4339316679,2.4339977,0.0870183776109698,0.0859177078199999,2.29181819,2.572600015,1.00320529155195,2333.04857358565,1377.70262124836
"nu[15,1]",3.3217701473,3.3213113,0.136100460297772,0.13557176094,3.09201278,3.546082895,0.999902759038746,2209.34180092698,1570.37961928417
"nu[16,1]",3.1917567216,3.19192455,0.138565096866082,0.13637273559,2.959967585,3.41099772,1.00124574440324,2362.20439851972,1371.78591368711
"nu[17,1]",1.54207879675,1.54328735,0.0785287108641592,0.0760929624,1.41346004,1.667878575,1.00026671687089,2850.1585301546,1459.98736930392
"nu[18,1]",2.67197334045,2.67216325,0.0938569012883478,0.0909005781599997,2.515478605,2.82224691,1.0054455564385,2349.49971879639,1487.62532941926
"nu[19,1]",1.18332226103,1.1837264,0.0786950394136522,0.0812608612200001,1.047738425,1.308428065,1.00025053169087,3052.95342268875,1735.4200992873
"nu[20,1]",1.93703657505,1.93912735,0.087725619089138,0.08591644761,1.78375032,2.07540308,0.999802116901686,2926.88146034201,1538.47729057755
"nu[21,1]",3.8825469769,3.88239475,0.149614272704058,0.1473578379,3.63710059,4.123406015,0.999483811759375,2273.91905553,1566.75226743101
"nu[22,1]",2.5858232478,2.5880744,0.110004260908807,0.11301444672,2.401351165,2.76289971,0.999394883862311,2088.18251873016,1381.49639509841
"nu[23,1]",3.31033025295,3.31398165,0.136347819592262,0.13997352621,3.08782909,3.522736965,1.00131755006457,2237.16387416985,1659.1918323354
"nu[24,1]",2.51889808985,2.51931735,0.114414259687065,0.10992537549,2.329591535,2.70694955,0.999701922527005,2911.23019069335,1534.83213447126
"nu[25,1]",2.5378319903,2.5431656,0.110874375051787,0.11254735359,2.345599985,2.71089946,1.00106274054793,2376.69125588338,1346.91550339512
"nu[26,1]",2.7776505994,2.77781475,0.102783584131949,0.0990697782900001,2.61021886,2.946867825,1.00030743162386,2369.75239506128,1548.47371077799
"nu[27,1]",2.63238272515,2.63567045,0.106886655961611,0.10613303295,2.45175861,2.804342415,0.999491501575053,2559.57290599819,1460.11926582673
"nu[28,1]",2.9093401409,2.9080805,0.106205633254344,0.10346813358,2.730195225,3.08642135,1.00070905798344,2355.36036266899,1697.77899899473
"nu[29,1]",1.6695442431,1.67143625,0.0717125943415236,0.06973031037,1.552678655,1.78396156,0.999707575683635,2656.73477207337,1519.61093010782
"nu[30,1]",1.9902555037,1.99150395,0.0939024728223966,0.0935500584900002,1.84043513,2.141313735,0.999713364677922,2633.08061855459,1347.57312993215
"nu[31,1]",3.18460939535,3.1854367,0.133335953456394,0.12892830447,2.959852485,3.40012801,1.00215253077797,2261.06340087826,1439.13645185985
"nu[32,1]",1.9315354877,1.93400175,0.0780036938221822,0.0825422724,1.80303842,2.05689889,1.00216012433539,3015.99476116415,1486.30110380064
"nu[33,1]",1.61124647195,1.6096315,0.0963889310574088,0.09933375522,1.455081315,1.773597685,1.0002298510396,2936.45410096676,1383.08848165515
"nu[34,1]",2.4647712551,2.4647213,0.0983816624982539,0.0953004160500003,2.30547548,2.62951575,1.00067567615853,3009.28321124011,1307.85830879623
"nu[35,1]",0.826141511745,0.827310305,0.0609797735331076,0.063247782717,0.724565915,0.9237337475,1.00309541256936,2355.54041248197,1353.90755230239
"nu[36,1]",2.92295284795,2.92531745,0.11566410962901,0.11213800773,2.73132696,3.115181885,0.999992780634676,2303.43823533232,1672.88831894582
"nu[37,1]",1.42189010765,1.42247875,0.0671534044345523,0.06823496001,1.311210525,1.53167207,1.00272333823686,2669.45700817186,1690.46801375636
"nu[38,1]",2.3498990153,2.35336085,0.0928829865208192,0.0912197819400001,2.195442535,2.50027453,1.00005200774384,2364.95077577163,1684.05780996777
"nu[39,1]",4.1765712611,4.1792067,0.180880657211045,0.18226165188,3.875583765,4.46393339,1.00132658316646,2008.59005420248,1585.89520313965
"nu[40,1]",2.9707648945,2.97589195,0.128957816835105,0.1261455384,2.75180356,3.179077875,1.00007769512926,2155.93038001387,1438.95166973875
"nu[41,1]",1.06111029365,1.0615862,0.0764127673661995,0.0765799223700003,0.936156887,1.18387455,1.0009720290744,2995.12090141903,1300.35791501959
"nu[42,1]",1.98108385625,1.98161245,0.076390396769108,0.0748361623799999,1.855796705,2.104533105,1.00262462187111,2055.10498809553,1240.48701797188
"nu[43,1]",3.1528562683,3.15366085,0.130214863891526,0.12673746645,2.936086845,3.367819945,1.00165670250778,2086.96933674277,1481.08748528578
"nu[44,1]",2.28715194585,2.2878269,0.0987404190546644,0.0965577349800002,2.125823525,2.447105215,1.00039850603671,1828.29661794333,1428.63603751031
"nu[45,1]",2.48565307675,2.48606915,0.0997942103139436,0.100646894040001,2.321706265,2.647497245,1.00055548922498,2528.94200605086,1362.53006545417
"nu[46,1]",2.35429387565,2.35643315,0.10584234714732,0.10588091682,2.17269679,2.522710575,1.00180253945755,3167.9040279239,1631.62706593396
"nu[47,1]",1.62409475595,1.6253591,0.0911217159125708,0.0903669904199999,1.475313485,1.772284885,0.999674235175368,2473.4175208936,1672.8071353659
"nu[48,1]",1.69761500655,1.69878765,0.0785152773049576,0.0769975707900002,1.565741505,1.827046965,1.00092902757522,2768.31453578441,1383.55754045854
"nu[49,1]",2.16988170995,2.1733714,0.0911353554813979,0.0890491814099997,2.016424245,2.315764485,1.00208574898407,2559.32826156057,1386.26856440037
"nu[50,1]",1.97776524515,1.9765472,0.0819122161519901,0.0801813801599999,1.8432335,2.114749555,0.999839932135726,2103.43767264324,1517.33637300381
"nu[51,1]",2.59727314325,2.60163375,0.103228053171918,0.10446310644,2.42584845,2.76227414,1.00015854554099,2421.65721717208,1466.16503125897
"nu[52,1]",1.60000599805,1.5995252,0.0757503763159257,0.0720343449,1.47308155,1.72168849,0.999838433529875,2875.3036733155,1439.01229921145
"nu[53,1]",2.4645171661,2.46565005,0.0879667909085777,0.0845714328899998,2.315996825,2.611117455,1.00250274695732,2481.55560541424,1391.07427161407
"nu[54,1]",2.402628087,2.404775,0.109520602918675,0.10584103488,2.21435295,2.57934823,1.00077874590489,2676.01829440024,1632.47105208147
"nu[55,1]",1.3126198198,1.31155595,0.0712512932873368,0.0688571331,1.19081734,1.43053912,0.999637206738247,2926.14881556188,1465.20213427201
"nu[56,1]",1.93418548785,1.9352365,0.0905003099222538,0.0875524225800003,1.77727048,2.07432894,0.999422949542085,2562.05078199511,1358.30656501357
"nu[57,1]",2.1070232055,2.1106769,0.0994526255882039,0.0998089285200002,1.93779652,2.26653158,0.999171328523557,2413.64279778723,1688.85218075205
"nu[58,1]",2.01937989975,2.02374775,0.0959872086274551,0.0961159201800001,1.85781125,2.17349253,0.999371667759374,2597.67755809092,1616.29941357569
"nu[59,1]",2.54530524775,2.54786865,0.102709784213706,0.10301060322,2.374342825,2.71039312,1.00336319633968,2425.79711389779,1280.20158312715
"nu[60,1]",1.8867808361,1.88701005,0.0842043757779674,0.08172921456,1.74533242,2.025447275,0.999755934469025,2531.71261373617,1510.70633957089
"nu[61,1]",3.65185222795,3.65067155,0.153962206334594,0.15166138092,3.388532305,3.90919256,1.00148716345592,2175.21075764985,1533.5418780245
"nu[62,1]",2.64176348145,2.6429329,0.102168923412884,0.1044009855,2.474542285,2.807486655,1.00008244356478,2208.44298079511,1506.13113115359
"nu[63,1]",1.602989404,1.60356315,0.0754204853487117,0.07836830862,1.475938835,1.725589915,0.999721097074103,2607.54297399544,1642.86023468102
"nu[64,1]",2.1516636972,2.1557504,0.0907015446833295,0.0902077591799998,2.000631465,2.29581672,0.999476457318266,3194.84370867804,1377.45711483177
"nu[65,1]",1.9656496116,1.9676917,0.0947941750937934,0.0932884537199999,1.80450927,2.117881565,0.999950930097564,3404.06295832765,1205.63679599659
"nu[66,1]",1.71360597575,1.7158089,0.0858971096149087,0.0877432332000003,1.57169343,1.85220906,1.00295578297523,2856.79849586472,1327.6625882935
"nu[67,1]",2.83175374815,2.8328294,0.119291429188927,0.12027125481,2.637131635,3.033035015,1.00180363369083,2139.88040491865,1575.982925547
"nu[68,1]",3.28906600215,3.2917701,0.13434357162855,0.14104477884,3.059103235,3.501771495,0.999802759841987,2218.76526412675,1313.88464650245
"nu[69,1]",3.13091349445,3.13137535,0.116938854003469,0.11550091518,2.933751645,3.32071892,1.00077219377398,2687.81976471538,1353.64572366531
"nu[70,1]",2.95484064325,2.9570825,0.0939139608930264,0.09417838437,2.79691442,3.107010485,1.00034716888843,2834.33191042772,1708.67211653714
"nu[71,1]",2.1422616216,2.1424298,0.0973263776282854,0.10012390689,1.98268263,2.30231328,0.999979085239071,2637.02551696151,1526.74702453556
"nu[72,1]",2.0959032164,2.09697105,0.0942806551629403,0.0968896891199997,1.93705518,2.24877199,1.00094645149602,2634.75218950566,1649.70367580087
"nu[73,1]",1.06660276465,1.0697945,0.0746804568008278,0.0736665392400001,0.940089854,1.18343214,0.999463034464269,3069.86503141061,1633.5712264316
"nu[74,1]",2.41785015835,2.4157611,0.0879683801513464,0.0862496619600001,2.27207776,2.561005,1.00070554881372,2485.83785135665,1464.8647305038
"nu[75,1]",2.33416662845,2.335171,0.100686729184821,0.0999340599599999,2.16368677,2.49771119,1.00132594440469,2303.96493488322,1517.43492359457
"nu[76,1]",3.1232346311,3.1216058,0.119877132580815,0.12295172148,2.921972385,3.318313155,1.00062031950008,2068.94674773835,1603.75574557436
"nu[77,1]",2.60899850375,2.60891645,0.105993908216553,0.10568239668,2.43205199,2.778976275,0.999385124485848,2540.68454552537,1587.9318632412
"nu[78,1]",2.6741882402,2.67816235,0.0989985677471936,0.098696682,2.511305455,2.832649255,1.0011975316857,2412.98528339626,1665.06916122435
"nu[79,1]",2.67732939785,2.67911455,0.0944846899663763,0.0931916399399998,2.518149445,2.8310889,1.0000963309032,2813.41619547656,1301.15154941261
"nu[80,1]",3.2743926135,3.2719415,0.122359444073462,0.11792059251,3.070457565,3.47599407,1.00105662952484,2472.71944644638,1340.43518038035
"nu[81,1]",3.76873588085,3.77533565,0.15424812430682,0.15683187429,3.50345151,4.011307425,1.00022783165452,1947.71069239278,1424.83989725163
"nu[82,1]",2.54594628815,2.54894965,0.108773770839483,0.10971736671,2.366908925,2.719933625,1.00015291137475,2369.83087346041,1518.39887630561
"nu[83,1]",3.08189471465,3.08357085,0.129039740361283,0.12727535373,2.865716515,3.288638445,0.999351883666423,1995.42346892134,1507.30021659375
"nu[84,1]",3.3158006279,3.3152203,0.123892893039215,0.13036168215,3.109254595,3.514507105,0.999838122508418,2073.61799406893,1508.38569014433
"nu[85,1]",2.48126483105,2.48054665,0.0903504751140832,0.09021368958,2.33385742,2.632364855,1.00040420429367,2809.81893058008,1450.71517430237
"nu[86,1]",2.93762578875,2.937053,0.108793239805637,0.10942121736,2.761940365,3.1156205,0.999673471515047,2320.00140692818,1305.54506797091
"nu[87,1]",3.27328919635,3.27669155,0.12165488511267,0.12307344294,3.07156974,3.46740656,1.00115372780102,2627.9748313388,1509.49987634133
"nu[88,1]",1.91779042615,1.9206104,0.0862305104958908,0.08362397736,1.77119838,2.05440284,1.00044323668853,2779.98999694248,1452.94932594361
"nu[89,1]",2.9484680605,2.9523735,0.1265050768945,0.12520942476,2.739133625,3.15704574,1.00089143268539,1896.43000805509,1482.14890967572
"nu[90,1]",1.9780726466,1.978496,0.101407752124766,0.10256315454,1.810002755,2.140399515,1.00218410368001,2346.59137949198,1404.82020100124
"nu[91,1]",2.26780757135,2.2663067,0.0954378706518858,0.0927690248099998,2.10881461,2.42489617,1.00577975116437,2839.14124254945,1204.51928385524
"nu[92,1]",2.66483680185,2.66460585,0.11482933056056,0.11409963579,2.472243075,2.857249105,1.00032885261182,2733.15023666999,1468.78160508774
"nu[93,1]",3.0640233876,3.06577545,0.138082689868665,0.13665576393,2.831040705,3.28774684,1.00067618230431,2323.77194060234,1567.66132247348
"nu[94,1]",2.72349184505,2.725947,0.112468350173581,0.111651344280001,2.53533473,2.90742907,0.999336141925074,2247.88020508288,1753.97699743202
"nu[95,1]",2.67489291615,2.67689095,0.133584389690787,0.13109126961,2.452751325,2.88876943,1.00207571226398,1999.01439422979,1300.13284273215
"nu[1,2]",2.09374454225,2.0943561,0.143283716207312,0.1417595403,1.86777229,2.329498755,1.00315114896498,1864.76596360618,1372.28623966432
"nu[2,2]",-0.115637893320885,-0.11644663,0.27979371425644,0.2958179636958,-0.5738616385,0.3449963115,0.999523836371026,1404.42627786064,1558.88946812746
"nu[3,2]",0.328750236132688,0.34726523,0.24568505997718,0.220635372552,-0.130220537,0.7021818545,1.00115413943386,1764.10321331341,1142.34658613783
"nu[4,2]",0.38415779266575,0.39511125,0.183456935155863,0.175027920459,0.08756608875,0.667790097,1.00123517163539,2241.94908255173,1391.2307475411
"nu[5,2]",1.45504661873,1.4581246,0.152719457132093,0.15132060531,1.20074296,1.710044625,1.0011917166501,2308.51181226504,1414.3522422002
"nu[6,2]",1.135045127155,1.1423085,0.22227340829015,0.227703060186,0.7668294945,1.48636251,0.999552243858534,1728.95645994283,1607.59996861163
"nu[7,2]",1.09035728453,1.0909342,0.147701274321347,0.14481199131,0.8335762025,1.33531912,1.00084580306813,2371.35984544626,1482.38381235816
"nu[8,2]",1.6210030124,1.62515075,0.129595459566808,0.1304265459,1.40913162,1.833294355,0.999666779903316,2235.08455735834,1779.49540766649
"nu[9,2]",1.6962024259,1.69674865,0.140829634871396,0.13657525875,1.456236635,1.92496439,1.00257518618245,2376.69960361359,1507.29772102605
"nu[10,2]",1.38776655743,1.38718695,0.130146788269438,0.12982068141,1.177313475,1.60099052,1.00048638495315,2140.43887417182,1484.95364377341
"nu[11,2]",0.946165008415,0.947013505,0.15605940008028,0.165106479867,0.690297236,1.203919835,1.00385847534591,1890.99615414046,1509.46968496463
"nu[12,2]",1.36256499598,1.36141895,0.163958389474278,0.16649664717,1.102449505,1.634140545,0.999367730819107,1832.09156605927,1320.86637559497
"nu[13,2]",0.884967079365,0.88234081,0.13469128197799,0.130757195352,0.663778503,1.110337775,1.00268113250151,2819.84112253653,1451.34402536032
"nu[14,2]",1.13039110869,1.1353753,0.141458911473472,0.14440538826,0.8884147565,1.351109615,1.0020473570579,2286.99607287329,1526.67381119461
"nu[15,2]",-0.161064190526755,-0.15298484,0.265094576298433,0.290790084585,-0.602150006,0.2363861485,1.00096873319707,1143.60653389286,1370.82384615164
"nu[16,2]",2.60683718015,2.61329015,0.184628191950024,0.18649736595,2.29226983,2.90001195,0.999555738019656,2133.66520953049,1509.54745076241
"nu[17,2]",1.69740205,1.6991889,0.150431565882013,0.14409211488,1.45197826,1.941957755,1.0040623104145,1817.6901508126,1446.58691969726
"nu[18,2]",0.92292149731,0.925123135,0.12026647746863,0.119870641464,0.721502751,1.11311512,1.00445530458225,1735.82359111927,1438.74949580015
"nu[19,2]",-0.01739254895555,-0.00793893695,0.18699165459001,0.171833006415,-0.340678632,0.285216823,0.999729118708383,1775.37545227978,1251.08950531055
"nu[20,2]",1.77130335181,1.79712915,0.424634148228274,0.4377776802,1.019060245,2.43493026,0.999419489930755,1199.09711550119,1485.87643225324
"nu[21,2]",0.96980895576,0.97300718,0.138381117796178,0.147529789848,0.7386888165,1.18985281,1.00112644030423,2375.5353493034,1551.72609849253
"nu[22,2]",0.858320012841,0.85154112,0.318612226947294,0.342630097971,0.335296989,1.37940503,1.00149226539033,1317.83141068245,1556.93739633556
"nu[23,2]",1.14151242942,1.14500455,0.195549531986614,0.20116472775,0.816974325,1.450392045,0.999856314169862,1883.99731274663,1745.56243103898
"nu[24,2]",0.782838209185,0.783770005,0.15098784831908,0.153821536533,0.5295696345,1.0315511,1.00420182638647,1874.58828018444,1503.26900715035
"nu[25,2]",1.080418818405,1.08230775,0.179522987882771,0.180589301319,0.7796871565,1.36997223,1.00049503369691,1506.4338000589,1636.87844857748
"nu[26,2]",1.012815443075,1.01461485,0.117297005990325,0.11303846484,0.8144664005,1.204275505,1.00054346857442,2641.60822942582,1552.7430030831
"nu[27,2]",0.765150145255,0.76530943,0.133045738374246,0.138763405851,0.5442497525,0.9806044305,1.00174275404188,2214.34300899036,1633.50791435809
"nu[28,2]",1.9306186036,1.9328646,0.139888557415818,0.14257667529,1.703511295,2.15739512,1.00028979990485,2429.71539339702,1641.25613414538
"nu[29,2]",0.70636342591,0.71022918,0.157547324978352,0.153195694008,0.444691492,0.9616016075,1.00097809751816,1919.05639349214,1257.9759825089
"nu[30,2]",0.2234816697304,0.237918905,0.204732717760414,0.19401933705,-0.143908386,0.5454345095,1.00064541334963,1855.70382635101,1083.65439764091
"nu[31,2]",1.52310921454,1.5279349,0.144913449148029,0.14746814334,1.276887155,1.756050675,1.00234236070885,2343.36026321583,1555.55024204936
"nu[32,2]",1.0807510035,1.08372905,0.114168171415182,0.11298775992,0.886140365,1.2586694,1.00614038186658,2135.05014024627,1460.211520769
"nu[33,2]",0.876026803547,0.86633578,0.261620405929191,0.252447201993,0.4637692235,1.32341328,1.00377936929668,1745.00486774957,1120.05653580739
"nu[34,2]",0.7266131110955,0.72850223,0.208985764995394,0.197252161176,0.379907444,1.064725395,0.999776944628826,2001.94283880465,1278.11890272809
"nu[35,2]",0.881552828035,0.881521015,0.154857706708541,0.150731583156,0.618654027,1.13252046,1.00607913231087,2848.1566410796,1687.51745025008
"nu[36,2]",0.882061122315,0.882324985,0.163538218883485,0.164250448866,0.615584339,1.14874708,0.999652063814232,1878.60091712919,1471.59854231265
"nu[37,2]",-0.08135266337707,-0.058175647,0.154326169829176,0.1365793848258,-0.372326445,0.1281832375,1.0002911926395,2194.7426637474,1390.89224285102
"nu[38,2]",1.0758051805,1.0801622,0.180646148408782,0.179838290289,0.7741076995,1.361714955,1.00106679104397,1856.42263344216,1500.0074110533
"nu[39,2]",1.05264907088,1.06118875,0.162998706175351,0.163312971234,0.775779115,1.307657805,1.00014458423169,2477.4747833302,1700.85363100615
"nu[40,2]",1.9439710224,1.95361885,0.265295225670648,0.26977767663,1.48632327,2.370154765,1.00198452680747,1709.28214072601,1552.49958924147
"nu[41,2]",1.327281620875,1.32921165,0.145024112131958,0.14548931712,1.07807541,1.56362246,1.00216934297033,1860.95088769484,1382.26417797784
"nu[42,2]",1.185057983915,1.18527285,0.139878470392597,0.13752990489,0.9612854855,1.40981998,1.00135457678093,2082.83164076368,1134.7931835504
"nu[43,2]",0.6904182278,0.69695299,0.134151800273284,0.133641512109,0.466964861,0.903956056,0.999698795106181,2153.08981089258,1401.53348479947
"nu[44,2]",1.03080254971,1.0341908,0.183466709311409,0.186898550097,0.7227369595,1.33153529,1.00056682718354,1557.35848998909,1609.52292656682
"nu[45,2]",0.767543770195,0.769353725,0.167955163215728,0.176431735095,0.4887414095,1.044658995,1.00191311513958,2577.50999921938,1246.22398647111
"nu[46,2]",0.960585595655,0.957380705,0.181771617111568,0.181223972727,0.6649328095,1.251844,1.00606767811371,1477.13084183617,978.017030717167
"nu[47,2]",0.55802257914265,0.56485903,0.199605667081783,0.188560159221,0.228336717,0.8680501995,1.00316594857099,1239.54773035714,527.69837847068
"nu[48,2]",1.63775490385,1.6414534,0.144642552765909,0.14563898559,1.393785495,1.869847955,1.00016959346547,2345.36600775643,1664.49504881596
"nu[49,2]",0.865533682565,0.86621152,0.120530052352297,0.125682603963,0.667629888,1.0662966,1.00203476814425,2779.77144820329,1352.79747862921
"nu[50,2]",0.47724627285725,0.492706045,0.226941189875938,0.224675754072,0.08906795715,0.820958179,0.999646774191091,1794.16387940931,1289.07110521484
"nu[51,2]",0.781285663165,0.7746602,0.196167008625281,0.19444506564,0.4559405375,1.1173077,1.00051170729684,2153.15241583126,1159.08534255195
"nu[52,2]",0.58388593922714,0.584510925,0.178451431011209,0.17704727355,0.293797715,0.8806876885,0.999482280846953,2020.31424885341,1673.77652041795
"nu[53,2]",2.0073375237,2.00907375,0.1063828184599,0.10360742385,1.823320275,2.176245035,1.00137884679888,2343.15588894708,1152.41115874954
"nu[54,2]",1.06561511371,1.0619698,0.191522926690053,0.19146481725,0.7605230945,1.39329017,1.00002480010275,1420.98063048569,1074.91071314832
"nu[55,2]",0.989971586985,0.99072509,0.213442711356232,0.215290466118,0.632641346,1.335551415,1.00006129582834,1668.43187675549,1410.21426779366
"nu[56,2]",0.946610887635,0.946444225,0.194339226055479,0.190099728126,0.632598051,1.26968784,1.00058058626439,2013.42487702714,1420.45518557289
"nu[57,2]",0.40304421059765,0.406780385,0.172620764237271,0.168946576953,0.127828605,0.678991765,1.01024618471988,2097.77695589982,1205.65412893175
"nu[58,2]",-0.0409632700172615,-0.0334753425,0.309848753603893,0.3516282382935,-0.5675844515,0.4254684945,1.00424220772537,1058.43523532698,1302.23634554755
"nu[59,2]",0.7414179009,0.747092875,0.147552319595001,0.140532362628,0.495710991,0.9679295155,1.00187916009996,2101.87056532589,1486.63816864078
"nu[60,2]",1.16182183815,1.1634723,0.116201276988762,0.11535769602,0.9684358715,1.349100035,1.00153244388467,2417.00893099682,1409.01145531972
"nu[61,2]",0.86450617164,0.86791366,0.160712901954591,0.162804491325,0.5958851275,1.11885551,1.00287961130363,2475.20937075291,1425.75440942284
"nu[62,2]",0.94160664521,0.94378425,0.146243225025865,0.14148199758,0.688472285,1.180265275,1.00105548769117,1913.19239875228,1193.81977377662
"nu[63,2]",1.13885916765,1.14594475,0.209406822841345,0.21253456476,0.789670734,1.46589554,1.00848003149612,1093.5485117096,1068.83316852338
"nu[64,2]",0.53134460096,0.53551689,0.11315823703032,0.112586012385,0.340303371,0.715317012,1.00019284674385,2477.72567647958,1326.69249723053
"nu[65,2]",0.825485135035,0.828337225,0.191768889153993,0.188197552326,0.502278707,1.141161165,1.00063660366952,2531.59077608558,1590.60515037712
"nu[66,2]",1.114885745645,1.1188501,0.136441692922934,0.1372865361,0.885111229,1.33571386,1.00363442042166,2413.75354131414,1298.73314937932
"nu[67,2]",1.4947488667,1.49902055,0.149889999213615,0.14863153956,1.23302681,1.73402843,0.999474629330958,2493.82635429743,1497.80939208357
"nu[68,2]",1.54196436035,1.5494858,0.145933666946623,0.14880700527,1.30367674,1.76694421,0.999742265390222,2135.4628670268,1472.94110279105
"nu[69,2]",0.625609768285,0.62416038,0.149414421665751,0.146138747811,0.383275773,0.8677128695,1.00052825034984,3039.98545465534,1522.44613666409
"nu[70,2]",0.673735380395,0.675629965,0.0965088384480636,0.0944801305350001,0.5050291395,0.8228964755,1.0021653783875,2714.94830242215,1472.39946178802
"nu[71,2]",0.38981323837905,0.407398835,0.201552987525339,0.182866085661,0.05159176175,0.6871310765,1.00267488594111,1844.71644194314,849.93675610028
"nu[72,2]",1.9776027669,1.97477075,0.145327413624315,0.14441287539,1.734804645,2.2207043,0.999658473064955,1985.15622647435,1443.18631874405
"nu[73,2]",0.48695714464455,0.486742845,0.173391269038984,0.171925691154,0.1941772145,0.774650439,1.00024167739203,2180.82325221523,1415.94314250021
"nu[74,2]",0.85413255686,0.85985989,0.133800894637548,0.134787925146,0.6302606915,1.065320295,1.00302872575785,2374.13317291944,1663.07671355436
"nu[75,2]",0.692673866065,0.69544496,0.160970570264535,0.154530085899,0.415028944,0.9541217835,1.0003129534483,2134.58493081235,1351.59022209708
"nu[76,2]",1.424886877325,1.42679075,0.117446541384665,0.11401979778,1.230400375,1.614999365,1.00167126133663,2102.41498534585,1746.60831684876
"nu[77,2]",1.7304026441,1.73381485,0.127566208731846,0.13105405635,1.517871615,1.937531015,1.0012577799673,2332.58018627412,1527.215501746
"nu[78,2]",1.36577235325,1.3677487,0.139033368667662,0.13912933377,1.137487445,1.5984918,1.00122301611437,1802.24623648344,1157.81161785537
"nu[79,2]",1.519916613,1.52263065,0.107804444112089,0.11186595063,1.34333467,1.69593194,1.00153536558741,2766.93695504363,1635.81098594986
"nu[80,2]",0.602566321485,0.6047373,0.131102284442418,0.13328151459,0.3861375695,0.814347293,0.999964037309773,2488.51873105768,1497.49544974406
"nu[81,2]",0.5035975851781,0.507266425,0.169483936478586,0.163458547728,0.2272191175,0.7818707165,1.00000876077616,2170.26106655773,1367.31534768838
"nu[82,2]",1.6884911848,1.6933054,0.146059535169209,0.15224760096,1.44478806,1.92020155,1.00150041738089,1635.84049181756,1559.73766746206
"nu[83,2]",1.49484633333,1.4985527,0.19084887629942,0.19658482809,1.17999196,1.804160315,1.00033421213357,1806.43614441291,1674.9786842888
"nu[84,2]",1.094851749875,1.1003873,0.139134483720275,0.14025225501,0.8589877795,1.31473822,1.00289266730006,2147.09689115228,1261.38777062493
"nu[85,2]",-0.02458861980534,-0.014169223,0.183908645875719,0.1803745986,-0.345517793,0.252106161,1.00083833457663,1934.85785551307,1575.15488793002
"nu[86,2]",1.073994081195,1.08397945,0.221965187246788,0.2229355968,0.6964428565,1.42748463,1.00018797997958,1739.38335200875,1505.4143378594
"nu[87,2]",-0.00523192981144951,0.00204794155,0.249894526575446,0.259500916122,-0.4279862345,0.372145768,1.00185020617157,1779.64395120286,1415.51910883308
"nu[88,2]",1.230774367225,1.2324826,0.164555568861876,0.16845115875,0.9665255375,1.498240595,0.999681788516347,2001.82841739006,1316.48219818083
"nu[89,2]",1.539647706825,1.54375555,0.162964292768747,0.1714708443,1.26294965,1.799373005,1.00088699851052,1918.73555420424,1561.86877326073
"nu[90,2]",1.10764141736,1.11061735,0.17231221000411,0.171222553278,0.816102468,1.38581495,1.00031583968288,2087.6885289088,1485.25122626317
"nu[91,2]",0.7295040349,0.727436075,0.171234398408639,0.174164913825,0.4531473575,1.008151125,1.00313487099099,2440.31231769712,1437.70773432656
"nu[92,2]",0.59653581657,0.598014725,0.119900015376659,0.118142708229,0.4007016225,0.7897160445,1.00373900117345,2770.82271244774,1395.1310738684
"nu[93,2]",1.20200227963,1.20952345,0.178712470760314,0.17476191978,0.903580513,1.492420115,0.999495928642264,2059.62027911004,1634.92999146315
"nu[94,2]",1.31014810249,1.31374545,0.173642332532959,0.17587186827,1.029541315,1.59043981,1.00196851452842,2165.44118169581,1453.26697978987
"nu[95,2]",1.82943999735,1.8323129,0.185479218783002,0.18563871816,1.52262689,2.134713635,1.00012626965818,2087.60188783952,1540.06918336529
"nu[1,3]",-0.390434051210625,-0.351795525,0.269568146439148,0.300105416058,-0.8733862645,-0.02913214195,1.00286877903543,1144.4319566045,1329.00621772514
"nu[2,3]",1.9483860895,1.95074755,0.0974407834532571,0.0975671631900001,1.77752462,2.107245165,1.00093981524902,2291.0462739694,1498.89344317863
"nu[3,3]",0.9756323486,0.976976295,0.0816789143851699,0.08245820898,0.8406035605,1.109227725,1.00166808829182,3335.89979110684,1696.54574663617
"nu[4,3]",0.93045366515,0.93201488,0.098596281537787,0.099370857285,0.7652356865,1.09098835,1.00113961322908,3040.669093748,1459.61137739166
"nu[5,3]",0.58317135507,0.58255264,0.0775337617648644,0.07832420127,0.4554670215,0.7134502485,1.00004977849345,3452.85084136216,1415.56524843299
"nu[6,3]",1.47632410625,1.4783429,0.0944062313272275,0.09696011262,1.32412172,1.629583115,1.00059575442111,2702.08973006705,1259.1101479723
"nu[7,3]",0.63703087063,0.637060985,0.0775067478422613,0.078116066469,0.515008069,0.7655388655,0.999191121568884,3667.91347969793,1267.81751589439
"nu[8,3]",-0.190050535471655,-0.15874329,0.186971726489614,0.1877763819897,-0.5381269425,0.05196871665,1.00087087747751,1653.28583318808,1340.02137237213
"nu[9,3]",0.77593469966,0.778116015,0.0676120246519215,0.0648799622309999,0.665048655,0.8885387935,0.999782013740163,3332.42350580038,1392.31894060248
"nu[10,3]",0.076840549553,0.10133936,0.138523773869192,0.110136616338,-0.184939889,0.258828552,1.00331473534831,1709.95391099564,1212.56160719133
"nu[11,3]",0.922216520035,0.92173493,0.0864630160879883,0.086127851544,0.7858880335,1.062669365,1.00144135095964,3608.87968969479,1457.41108680975
"nu[12,3]",0.086549331925862,0.110290335,0.157705317285736,0.1309261657914,-0.219902277,0.2987031985,1.00038910100777,1739.20420348197,1146.67543367732
"nu[13,3]",-0.122309509746703,-0.099194421,0.17148692956651,0.1706984749344,-0.438631593,0.1114387695,0.999206465399395,2262.75759335225,1404.91228821803
"nu[14,3]",0.85894234875,0.85833244,0.0679833560266744,0.0644477991570001,0.7461055105,0.96947207,0.999845711109256,3151.9734576795,1663.97622505235
"nu[15,3]",0.87450427737,0.87439052,0.079040387892993,0.0824470153499998,0.746206085,1.00364481,0.999778353365329,3123.19858834792,1474.47373456338
"nu[16,3]",-0.590797629634145,-0.57039819,0.347043431686541,0.377978313888,-1.18853183,-0.05991514255,1.00278331829241,1340.0468961325,1309.54937275071
"nu[17,3]",0.902619263355,0.90185877,0.0811537250996029,0.0806063303850001,0.770976081,1.037012105,1.0008657786096,3799.36690384781,1614.0849580972
"nu[18,3]",0.3191029263385,0.319823135,0.0964714389306168,0.094841277069,0.158060171,0.472647868,1.00382104428677,2903.87944432031,644.443815475584
"nu[19,3]",2.5867467087,2.59075775,0.113202288785795,0.11518905027,2.393799455,2.76313797,0.999774745680605,2424.92124326939,1534.85310832922
"nu[20,3]",1.220566498345,1.22130675,0.0805096035385211,0.07979605242,1.08740295,1.352904855,1.0002250078189,3104.31164813177,1616.19741019473
"nu[21,3]",-0.174506172724815,-0.142745675,0.17525909563476,0.1729661687145,-0.4986056375,0.04973828005,1.000761738768,1385.20158660141,1315.75834612563
"nu[22,3]",1.169842319015,1.1724297,0.108515644392314,0.11006852052,0.9883210555,1.34743443,1.00072428573366,3068.78351227259,1723.04475760425
"nu[23,3]",0.76022682056,0.758587145,0.0940849385798627,0.098621447463,0.6105873775,0.916046683,1.0005702165492,3444.665596611,1617.94155393068
"nu[24,3]",0.45687890284,0.457840575,0.0825102140797473,0.0826745425589999,0.32163453,0.593094919,1.00055618338421,3515.95112022604,1556.56913092557
"nu[25,3]",0.86279977429,0.864669135,0.085912835009361,0.086459612946,0.724163621,1.001824245,1.00280625279899,2727.24871134326,1502.11010489239
"nu[26,3]",0.305725244079,0.30541934,0.0773917376870066,0.07730194857,0.1782762505,0.4311834855,1.00304562273595,3554.9304301661,1370.37247846866
"nu[27,3]",0.98634066911,0.988635695,0.0768120477315981,0.076938630027,0.8576590315,1.106732725,1.00060694823859,2833.37884402611,1372.27615207077
"nu[28,3]",-0.18476874113016,-0.15737579,0.183360876234227,0.1881490401714,-0.5217715155,0.0527744509,1.00079523229844,1658.03781087804,1627.69132052949
"nu[29,3]",1.4621202141,1.4643605,0.0857895823191239,0.08702469111,1.31881079,1.59942323,1.00214520270671,2660.37182642386,1651.67955876184
"nu[30,3]",0.997719165315,0.99870353,0.0978547281438186,0.100366326816,0.8368474025,1.15904438,0.99940392336885,3082.16154236213,1346.83205379283
"nu[31,3]",-0.104464135288645,-0.0732466345,0.205918145444948,0.2039720649498,-0.4976172355,0.1651204515,1.00181250562544,1835.44238641221,1297.79917589723
"nu[32,3]",0.377259244816,0.38004186,0.0823481045937606,0.080469656904,0.2387589655,0.5112790345,1.00423128921648,3700.40199007181,1356.29146885709
"nu[33,3]",1.69220939655,1.6928766,0.0918625482550075,0.0882636258000001,1.54331411,1.83946987,1.00059292337524,2846.86680758672,1571.44808591904
"nu[34,3]",0.84607662459,0.847869435,0.077521452786892,0.078835683444,0.7252672505,0.9766663715,0.999683074297215,3776.42530710841,1586.96680905513
"nu[35,3]",0.915736694375,0.917119395,0.0753378903378124,0.0782721545969999,0.7919699865,1.036858375,0.999553784935999,3201.78400799397,1549.17473188797
"nu[36,3]",0.98043590118,0.98140809,0.0792379636408906,0.0795484582199999,0.85151358,1.10824926,1.00121702573089,2427.7862340153,1574.94929876001
"nu[37,3]",1.01565250255,1.01526845,0.0675443577751135,0.068056314123,0.9062538595,1.124841885,1.0011604828348,3227.60409030995,1555.47463745137
"nu[38,3]",1.108119165995,1.10876705,0.0658750657987746,0.0634798170299999,1.00204,1.209028945,1.00191826065254,2324.18578134762,1267.6201554577
"nu[39,3]",0.59297954763,0.592819155,0.0831808394925553,0.083816107494,0.457283368,0.7282661535,1.00170757794841,2924.77523612084,1556.18323102218
"nu[40,3]",0.45919275911,0.459007245,0.0924248564020618,0.092493216732,0.3094388235,0.616197731,0.999741644952739,4280.86982803239,1483.72517757246
"nu[41,3]",0.78509730803,0.78554136,0.082946438048771,0.0836973882990001,0.648334828,0.920260339,1.0002012794405,3367.78617635385,1826.752604946
"nu[42,3]",0.658727387915,0.659472895,0.0732520169166704,0.0736644117089999,0.536973763,0.780803805,1.00136544168307,4984.96537268237,1605.71532576598
"nu[43,3]",-0.31321553336951,-0.29086868,0.223461282903269,0.229082886354,-0.709818519,0.00776358985999995,1.00379394871553,1271.85913573013,1290.08230136475
"nu[44,3]",1.052573138075,1.0516348,0.0845593388154375,0.0855262124639999,0.9111677425,1.19430226,1.00214665294358,2546.42177159977,1599.96562376321
"nu[45,3]",0.643814557945,0.646265395,0.0725052868240773,0.0712012348949999,0.5214067275,0.7604624525,1.00021299794755,3808.50314886325,1557.14842105042
"nu[46,3]",0.793228945895,0.78903416,0.084467215044302,0.081030361398,0.6595499,0.9380751025,1.00224226216636,3842.28774657502,1520.65013863548
"nu[47,3]",1.56332234545,1.5636614,0.114661727805219,0.1158125577,1.372085335,1.751680195,1.00421783963764,2836.80607583629,1465.40154790229
"nu[48,3]",0.627806127315,0.627312325,0.0766743447535041,0.078099112938,0.503669008,0.755121539,1.00225030243848,3140.42317470257,1398.2281031349
"nu[49,3]",0.3210500871672,0.322208915,0.0794190037996828,0.079451310855,0.1895523535,0.446953029,1.00054799239325,3806.87580996565,1277.71642738264
"nu[50,3]",1.44350245445,1.44285465,0.075723461821059,0.0740038307400001,1.318620545,1.565891215,1.00064980538092,2617.05445090907,1481.01498596947
"nu[51,3]",0.895777111925,0.89619043,0.0818326927626044,0.0803437100340001,0.756241815,1.033419355,1.00149740724207,3128.59679012448,1457.60030752523
"nu[52,3]",1.182054665865,1.1823291,0.0823840421470996,0.08661764328,1.04793621,1.315586235,1.00093943107899,2851.54555512026,1445.47881361589
"nu[53,3]",-0.09837805918375,-0.073553017,0.113410178056323,0.10143487874184,-0.321336215,0.03585309295,1.00269541451926,2050.77593009412,1386.47940893499
"nu[54,3]",1.10957552442,1.11199855,0.104564202321871,0.10465932855,0.9365767535,1.287886365,0.999694852312324,2811.09191912796,1440.15668811529
"nu[55,3]",1.59884884955,1.6012016,0.0816991382039314,0.0813702029699999,1.45895173,1.73114163,0.999420408736734,2725.53599457392,1499.90351973424
"nu[56,3]",1.3067240872,1.3057958,0.0895678412199069,0.0903181387499997,1.156617165,1.45284102,1.00075570874289,3272.53876709954,1557.5349082928
"nu[57,3]",0.861803730315,0.860266925,0.0893169350419435,0.092362770171,0.7190963895,1.01308955,1.00092977347512,3087.23630581656,1250.47681217578
"nu[58,3]",0.950287602785,0.951412055,0.088335653571518,0.08902219809,0.8040028585,1.096103335,0.999555949229192,2891.46215509399,1319.45328346841
"nu[59,3]",0.704974592775,0.705279785,0.0869138039708358,0.086932414086,0.5609430965,0.8500117695,1.00560618919333,4139.99339214519,1425.66066586608
"nu[60,3]",0.087163543580395,0.10314774,0.111598342088131,0.0972840006747,-0.118821448,0.244246707,1.00251997815756,3093.32485556759,1276.58047713164
"nu[61,3]",-0.10513928670526,-0.0512439085,0.251578921085686,0.2507813133441,-0.584332363,0.216447053,1.00396996748492,1218.64080704074,1265.54857742022
"nu[62,3]",0.780317294375,0.78194661,0.0825607238379991,0.0829816038450001,0.6413413295,0.914768569,1.00163209304472,2948.56414995022,1330.21829985479
"nu[63,3]",0.868932230105,0.872246145,0.0766531686916279,0.075920914083,0.7411773145,0.9906210745,1.00158976965802,2968.2482827656,1406.42995066457
"nu[64,3]",0.77593854152,0.776114045,0.0817703898930335,0.079092981261,0.635315302,0.909922114,1.00130739188751,3391.75152680613,1606.576738871
"nu[65,3]",1.290238564365,1.28979615,0.0946557217272933,0.0952739516399999,1.13078552,1.4385749,0.999263133387758,3364.58906912972,1506.84876845389
"nu[66,3]",0.69938846098,0.702424585,0.0869811613142478,0.088025320089,0.5540735325,0.8396246635,0.99962392079956,3786.65328551963,1760.87490962557
"nu[67,3]",0.089558934865405,0.111971305,0.143326943858856,0.119588213577,-0.190874381,0.28146139,0.999645494415275,2019.89197377349,1250.02616077587
"nu[68,3]",0.1618126459577,0.190519505,0.153220671415758,0.082924219812,-0.161854404,0.323589718,1.00020445110989,1153.58437835938,555.318126784441
"nu[69,3]",0.710051167025,0.712626055,0.0854801649121781,0.084241139262,0.566378474,0.8462164085,1.00085823073123,3650.09770734648,1453.00018616991
"nu[70,3]",0.371576125065,0.372556615,0.0620880848425323,0.06213094755,0.2695698385,0.467209494,1.00161069984898,3764.10934840118,1620.34206206121
"nu[71,3]",1.37581919585,1.37730835,0.0888511601359251,0.0896198341500002,1.224618845,1.520907625,1.00070085930021,2941.7542946554,1392.6489103247
"nu[72,3]",0.57962770434,0.57739934,0.0754387724940808,0.0746869312770001,0.4565130255,0.7014767875,1.00112526946778,3337.82434743847,1148.86531962045
"nu[73,3]",1.45579568005,1.45848545,0.0849578084147431,0.0856330486200001,1.315720795,1.58957316,0.999995988455949,3538.01201524742,1462.42968997449
"nu[74,3]",0.93571599737,0.93385275,0.0745171601233459,0.070541574264,0.8140546305,1.06054832,0.999744869876005,2888.90866390816,1419.2651626558
"nu[75,3]",0.761187493005,0.76392618,0.0822709654538912,0.079959694395,0.6217412835,0.8947702765,0.999972946549029,4148.88204478677,1724.84871531001
"nu[76,3]",0.2951645020045,0.29446897,0.0671713671513182,0.069407059092,0.187647858,0.406098945,1.00039359968764,3597.41678041271,1465.29004280608
"nu[77,3]",-0.199976363785324,-0.17401506,0.178312094236538,0.18117712998,-0.5350863675,0.0332805785,1.00028025470626,1651.29474789068,1113.80534276433
"nu[78,3]",0.69559801568,0.69550795,0.0854112010369251,0.086260529418,0.552205921,0.8354270725,1.00359262448017,2897.46928920105,1436.6095844363
"nu[79,3]",-0.095835426684051,-0.072187149,0.142460914395045,0.1317411398919,-0.3720453865,0.0895909498,1.00294281620227,1731.25086394738,1485.40198567016
"nu[80,3]",0.67995059443,0.68129498,0.0771841490431912,0.077942958093,0.5524353085,0.8040035735,0.999572221619842,3268.02634519038,1519.39266834269
"nu[81,3]",0.90870733389,0.913012405,0.084462645826287,0.0855226023330001,0.766534406,1.044322735,1.00076776264927,2787.31886514733,1417.00439911044
"nu[82,3]",0.25523915432385,0.2620844,0.113561646658503,0.093727318146,0.08844474405,0.4207714875,1.00250615521667,1620.01493261053,616.660768507139
"nu[83,3]",1.002388366195,1.0035237,0.100603786500586,0.102167233623,0.835128446,1.16283019,0.999507718359969,3612.96331323454,1530.18921422983
"nu[84,3]",0.40279905828,0.402569085,0.0785924412569236,0.079885757133,0.27418947,0.530499142,1.00135203249195,3826.98673211124,1078.18771153015
"nu[85,3]",1.12877521442,1.1302363,0.0918871331374755,0.0905508328199999,0.974582548,1.273797695,1.00110683785166,3210.66995254267,1642.01697096883
"nu[86,3]",1.020147108855,1.01806495,0.0793363394824571,0.0799738161600002,0.885600476,1.14683922,1.00400575284188,3170.85417936554,1572.80610178834
"nu[87,3]",1.31733756165,1.31782555,0.0883617665472138,0.0901188031799998,1.168556725,1.45828181,1.00066950464965,2732.52023034489,1578.61311734639
"nu[88,3]",0.94234328786,0.943965635,0.0826222265891246,0.082949727945,0.803009305,1.080035415,1.0005318254458,3104.33482859858,1419.27890616545
"nu[89,3]",0.3981121517,0.396228965,0.0826765419164137,0.0829054204440001,0.2617904895,0.5353817745,1.00073758406016,3970.66410781472,1439.52281753039
"nu[90,3]",0.818999980325,0.81920115,0.0858027600008723,0.0862030416030001,0.678690722,0.957682209,1.00171181555254,3174.49311579225,1583.94284961982
"nu[91,3]",0.54931851476,0.5472492,0.0799379134169943,0.082436777997,0.421719948,0.680905677,1.00203407796863,4141.1074005995,1486.39761691995
"nu[92,3]",0.325331736795,0.326805295,0.0805253758264065,0.078724696008,0.192073374,0.4563903895,0.9997728682203,3790.06772214458,1262.26734523882
"nu[93,3]",0.953150216545,0.95011351,0.0966052084125663,0.097728870372,0.793739995,1.113680105,0.999769712356389,2937.67052098575,1630.24039741777
"nu[94,3]",-0.159953109082149,-0.127914365,0.241354008199954,0.2578092702633,-0.61141016,0.1702188095,0.999757726022992,1486.55033186954,1481.66124924343
"nu[95,3]",-0.2018584343895,-0.18239499,0.243382354223437,0.2548727407821,-0.642194156,0.1495088445,1.00216178730348,1637.40016774403,1505.35462473468
"nu[1,4]",-0.4939229030848,-0.492660875,0.287711589757995,0.309955484286,-0.9740163565,-0.0303932239,1.00170123071497,1232.9107898493,1440.4713740982
"nu[2,4]",1.168051946515,1.17392565,0.246105231454303,0.25052077827,0.7493817065,1.55315456,1.00198053167723,1784.77724839118,1564.66109644836
"nu[3,4]",-0.291670302924585,-0.29368516,0.293621518618807,0.2892962190489,-0.7755776305,0.1909165635,1.00034312249465,1701.03349385183,1430.92916046187
"nu[4,4]",-0.170006765554984,-0.1738841,0.249891528382155,0.26214934276818,-0.589317787,0.232888938,1.00291637404097,1573.70348698632,1685.19324628754
"nu[5,4]",0.790329584635,0.79422488,0.172305624120187,0.175831363638,0.5157202045,1.07641589,1.00218457172194,2064.37429231877,1487.16119250998
"nu[6,4]",-0.0410057139566,-0.0300786145,0.261355086748747,0.262153094784,-0.4850397415,0.373277619,1.00008705334768,1284.29269890798,1414.95435708277
"nu[7,4]",0.033452156923305,0.0438298425,0.18252132194929,0.1758601223715,-0.2722932235,0.3227093905,1.00279658464913,1623.75406657967,1267.74179519159
"nu[8,4]",0.122619571403297,0.143009535,0.19352252962854,0.1837928922795,-0.2257421315,0.403931382,1.00157855475568,1616.03045129586,1577.06736469242
"nu[9,4]",0.376869469243113,0.38038768,0.15065560561498,0.144580268343,0.1256095835,0.6145220085,1.00159417322052,1867.89542395418,1461.27786858765
"nu[10,4]",1.085913147425,1.08688525,0.138087562707452,0.13501452573,0.85964923,1.31419265,1.0026274032167,2375.36413489948,1696.25513970956
"nu[11,4]",0.40284078834425,0.40429659,0.156307222100667,0.159560999892,0.1359420485,0.6583914395,1.00948467726135,1826.84647006317,1256.2518348252
"nu[12,4]",0.57597371035,0.57773898,0.159655753811318,0.162880422684,0.309122455,0.8456065065,0.999477611919118,2363.16492488369,1510.63027054275
"nu[13,4]",0.483808835082,0.48266122,0.124693555214516,0.126470509494,0.2850552315,0.6961095315,1.00095008709873,3010.67549275414,1343.63692744436
"nu[14,4]",0.032600701844529,0.0372048405,0.176217757815323,0.1681228777515,-0.2661644165,0.315428956,1.00522453101438,1824.63432178326,1298.78262643155
"nu[15,4]",0.4614094469899,0.470368465,0.234953582575994,0.222595310448,0.0650490615,0.823223005,0.999723961082195,1261.83637651653,882.640345198837
"nu[16,4]",-0.729598810654365,-0.729743175,0.366950317958459,0.408731300061,-1.326629315,-0.1399096755,0.999901408815392,1525.73771450265,1636.55481922705
"nu[17,4]",0.34406201757252,0.349630875,0.133630149458435,0.126865162788,0.1335110035,0.5478705875,0.999597384259032,2029.82420612205,831.756106439393
"nu[18,4]",0.5008542138285,0.50413373,0.13568373555472,0.14037204909,0.2801768195,0.721944008,1.00771348848131,1203.72924172278,1399.54921122547
"nu[19,4]",0.712727655075,0.7151297,0.154685612884569,0.156345714924,0.448342725,0.967742937,1.00076624878217,2561.96891093927,1486.91388317907
"nu[20,4]",-0.43717097062805,-0.470943235,0.446378900092814,0.456568589967,-1.144042305,0.33556993,0.999596105457826,1120.12486132227,1407.51747685073
"nu[21,4]",-0.216267224383295,-0.19762347,0.221384012301676,0.233809126047,-0.6045579305,0.113178196,1.00045318034282,1535.74264974692,1418.684130563
"nu[22,4]",-0.126239848469395,-0.127788235,0.373863594589406,0.438171644085,-0.760796967,0.4294064235,1.00104052006101,1208.21115554154,1521.51338748146
"nu[23,4]",-0.727037410932315,-0.733142275,0.275851091750244,0.284323531947,-1.181417385,-0.27090477,1.00074235980032,1288.36107984963,1417.93638577432
"nu[24,4]",0.739720549995,0.739135075,0.167716531761399,0.176479296903,0.4603340765,1.01063041,1.00151329361867,1969.91978926248,1700.29320879984
"nu[25,4]",-0.00476485252952501,0.00887633915,0.231259895827844,0.24357135889821,-0.4080959435,0.3552652705,0.999748683436844,1189.35625299768,1338.5765455495
"nu[26,4]",0.355325316277755,0.35326699,0.15167628487011,0.143553137889,0.1109022955,0.6091013665,1.00326753225667,1971.64603251337,1401.25846186684
"nu[27,4]",0.087151331807931,0.0939596315,0.186629445006288,0.1821145305168,-0.2298761505,0.3810053835,0.999736218375195,1584.96210702621,1252.16955136732
"nu[28,4]",-0.19024355261398,-0.1732746,0.202744449275635,0.2187538842111,-0.5466736745,0.0974378961,1.00506474398221,1799.29068898701,1556.42735803767
"nu[29,4]",0.621549965837,0.6191062,0.185877867149779,0.188114815833,0.3183957535,0.9409143815,1.00462744279389,1717.09347163333,1459.75444197742
"nu[30,4]",1.251765361985,1.25086435,0.18521204134223,0.18570884514,0.950279434,1.560524735,0.999353437798859,2109.18695449813,1337.95720017385
"nu[31,4]",-0.141542854974995,-0.124874025,0.236831129425446,0.243207616554,-0.557018546,0.214250704,0.999880141722871,1669.09252793535,1550.50490868551
"nu[32,4]",1.03847919256,1.045361,0.129107490450931,0.12716527068,0.8167645405,1.250325095,1.00697697611544,1708.32785439413,1195.34499664335
"nu[33,4]",0.297263145742055,0.318412165,0.272305446961059,0.25988621421,-0.176754559,0.7193096775,1.00170127034522,1702.31712007465,1114.52404001353
"nu[34,4]",0.4415759626102,0.44685267,0.202251859809769,0.197628978792,0.112491978,0.7646417825,1.00127241481851,2122.39787387078,1364.43224607639
"nu[35,4]",1.86712862415,1.8686806,0.177171608800988,0.17676261435,1.582548405,2.161296055,1.00965720274811,1971.89293571674,1499.35069209474
"nu[36,4]",-0.30739092728251,-0.29499393,0.215842402679329,0.218993911962,-0.6845020615,0.0213755019499999,1.00232479352608,1426.22767103127,1547.66658226607
"nu[37,4]",2.10144560165,2.09352415,0.157598328234923,0.14632313136,1.842913825,2.373655945,1.00448743884274,2080.32010187318,1528.42701440896
"nu[38,4]",-0.061022674336389,-0.0578265735,0.219084307986876,0.2116826583522,-0.4273851395,0.296495544,1.00292683357776,1450.57021806889,1250.84299182144
"nu[39,4]",-1.33293698838,-1.33524795,0.271357586199942,0.26771626959,-1.758449725,-0.8852508235,1.00221041241998,1420.83733747904,1406.69200390837
"nu[40,4]",-0.8844732799512,-0.88739265,0.310348665793887,0.31086459978,-1.38658008,-0.3489984395,1.00059797308438,1420.68500032222,1146.95757823328
"nu[41,4]",1.316448236135,1.3161572,0.151578065838367,0.15484889679,1.067383255,1.563298395,1.00157895134151,1946.44111023933,1661.9686786258
"nu[42,4]",0.652066925845,0.6537116,0.135329246734414,0.135821371476,0.4276602545,0.882751144,1.00182226993029,2389.62978995027,1325.58001183515
"nu[43,4]",0.957062958915,0.961296625,0.160283001192332,0.157923668343,0.6873952645,1.21850673,1.00017015958702,2443.49804059787,1351.76728217472
"nu[44,4]",0.116847717588205,0.13137406,0.247996463767266,0.252923131419,-0.317226393,0.5075733005,1.00239820511537,1196.68319469269,1356.67764075271
"nu[45,4]",0.595774019454,0.59712976,0.176553766115449,0.175830970749,0.313426802,0.886366487,1.00267523231975,2371.18921603485,1639.9201874312
"nu[46,4]",0.38775241867395,0.395570525,0.186161131415839,0.164329034079,0.0822957777,0.6668540885,1.00470104751173,1844.80543540906,687.925223420277
"nu[47,4]",0.73839735195,0.737370305,0.209808841721903,0.201137803734,0.4055769825,1.088308925,0.999846657177528,1507.95414800555,857.340048682626
"nu[48,4]",0.50090342465775,0.497887335,0.158190163973927,0.159008086461,0.247398808,0.7526269955,1.00098172747249,2111.52536662636,1342.34528464672
"nu[49,4]",1.10103749606,1.1030729,0.141153926179438,0.14154004137,0.869814354,1.329669315,1.00290445422772,2445.20912697935,1471.86211560215
"nu[50,4]",0.55744095133255,0.55294713,0.242267750785422,0.240319148517,0.1694204565,0.965530448,1.00262950147596,1605.69644320707,1264.62063885409
"nu[51,4]",0.19878789264114,0.20369024,0.220850399046529,0.2170564569537,-0.1950293485,0.546322301,1.00030288865356,1752.21789233568,1143.99703720907
"nu[52,4]",1.092756235415,1.09729655,0.153714659456032,0.151520837853,0.830494845,1.34389813,1.00034310633156,2339.81082261326,1753.7065829762
"nu[53,4]",0.068768569984065,0.080469506,0.13304213590714,0.1247619745974,-0.1653181075,0.2643540975,1.00008032207978,3134.55781279837,1476.32122432463
"nu[54,4]",-0.102192062965334,-0.0846670205,0.232594187442784,0.2287865954157,-0.5057895385,0.2485492755,1.00160454681345,1189.1622717732,1055.96162118177
"nu[55,4]",0.5892933310109,0.58643059,0.239864613158995,0.240637136565,0.197097912,0.9833408405,1.0003441899372,1390.12217932124,1249.79451065833
"nu[56,4]",0.282301375811815,0.28814541,0.216445115971828,0.209068705566,-0.1025727545,0.6170946305,1.0022848126038,1646.99872867037,910.130263191007
"nu[57,4]",1.10280093453,1.1000197,0.18909921992661,0.188858436102,0.797505369,1.4171463,1.00090549700317,2076.94784047281,1325.44488992437
"nu[58,4]",1.56665403901,1.5647127,0.254216004916921,0.26566183077,1.154253635,1.99766793,1.00018357996157,1242.27379689261,1638.282638148
"nu[59,4]",0.49523760316085,0.49527138,0.182136923953919,0.174016601934,0.199099107,0.7926033545,1.00461003289544,1563.69065563516,1496.3615004411
"nu[60,4]",1.30627649352,1.30254625,0.138149826305934,0.14102780307,1.08430114,1.528727665,1.00169882661337,2247.31961103718,1394.49007369774
"nu[61,4]",0.0603591599708975,0.10689583,0.287001894610219,0.2946614897352,-0.45189993,0.4794685975,1.00210747089536,1334.84096714405,1371.24832909401
"nu[62,4]",0.09373093407614,0.0970939455,0.18573563161497,0.1815711798558,-0.218809535,0.3880193235,1.00326847196526,1530.73781591794,1227.049120596
"nu[63,4]",0.88759077923,0.88811423,0.1990867836893,0.20443400901,0.556865945,1.211016515,0.999625616602364,1702.53828345926,1396.58766965939
"nu[64,4]",1.004406496145,1.0022887,0.159612910209371,0.158089126503,0.7512501925,1.255378515,1.00562805962516,2000.27637004324,1543.16884555819
"nu[65,4]",0.386667899039855,0.38794118,0.179746123719693,0.176221991673,0.0883792336,0.6722844925,1.00042968852357,2564.89605439078,1387.4139646913
"nu[66,4]",0.920320226655,0.918814615,0.146112019748543,0.139622513247,0.675174815,1.156305025,1.00446740138815,2032.53022179981,1627.1302561176
"nu[67,4]",0.0356174949455865,0.0425436145,0.181519142319961,0.1758450042993,-0.282051099,0.310178588,1.00114390460405,1870.27119761786,1223.8142184654
"nu[68,4]",-0.5164051294534,-0.52301638,0.244180576067784,0.253766397234,-0.898936069,-0.103711752,1.00152255202217,957.342698817196,1412.17379551471
"nu[69,4]",-0.013147605025614,0.0033606303,0.167283874719197,0.15348013037322,-0.309555186,0.2397210585,1.00432325129743,2286.36888863586,1427.01646701433
"nu[70,4]",0.45760169033805,0.45897456,0.117519721163115,0.116099529756,0.261630829,0.6461644515,1.0029474723178,2363.43483641388,1548.37607578192
"nu[71,4]",0.5706960076785,0.56683025,0.211456356669672,0.211458011835,0.2423213265,0.9120213425,1.00185695882829,1644.2872635727,1094.67201492791
"nu[72,4]",-0.1809442011344,-0.166346425,0.177335979743937,0.1853824907802,-0.495149138,0.0698697346999999,1.00028394017277,1784.22929749033,1438.44587774895
"nu[73,4]",1.447664351295,1.45340015,0.165164559166796,0.16557002217,1.16971536,1.709050955,1.00110706483611,2096.83484750538,1418.2230856406
"nu[74,4]",0.24863920177996,0.249622715,0.171507107124424,0.164030305005,-0.03725256135,0.521441458,1.00008888467587,1744.57588606932,1347.03964909598
"nu[75,4]",0.685875641919,0.688815795,0.161736651282733,0.159305510847,0.427770312,0.955124433,1.00289579105436,2486.94536256065,1597.29390153733
"nu[76,4]",-0.36894268401017,-0.35842057,0.199532192404289,0.203190559803,-0.7162476295,-0.05997952175,0.999494525406239,1511.76397463885,1631.28226258096
"nu[77,4]",0.32661379299146,0.33450195,0.155313405826176,0.145447715364,0.06816464635,0.571121688,0.999747375871292,2243.07351489117,1436.74881600384
"nu[78,4]",-0.25906390934823,-0.243701965,0.189181533729504,0.20291997789,-0.5917252715,0.0119707953,1.00264564979019,1375.56504467394,1179.18048076458
"nu[79,4]",0.35865009808355,0.354603785,0.122762123831357,0.118367500041,0.1625485945,0.560822547,0.99928133728808,2677.97434831924,1697.68093121772
"nu[80,4]",-0.089224967897973,-0.076684791,0.190718540816533,0.1925484888789,-0.4192277595,0.196076171,1.00010438899884,1577.48178713087,1414.88288329905
"nu[81,4]",-0.6992199432218,-0.697479365,0.255286626458903,0.256570534983,-1.11385214,-0.2728268965,1.00186008507141,1275.36367941711,1503.08590676712
"nu[82,4]",-0.01654609262885,-0.0046606842,0.19717775437754,0.20444035335192,-0.351073695,0.2713976275,1.00093208225927,1321.24711336986,1531.9435899742
"nu[83,4]",-1.08552307058,-1.09408835,0.27000652789917,0.264657421161,-1.53672929,-0.6364258255,1.00544357782507,1381.75100399567,1409.54787443832
"nu[84,4]",-0.33853299434709,-0.332136165,0.210600129518105,0.216210352701,-0.689742638,-0.00058435145000004,1.00072607568598,1545.03800350707,1471.22459433333
"nu[85,4]",0.884192660385,0.887742405,0.164990384286264,0.174761956845,0.619574385,1.160715535,1.00000636843472,2191.34715114621,1571.354196904
"nu[86,4]",-0.546101476721765,-0.551005595,0.274729142103234,0.270405683751,-0.985166506,-0.0767694421000001,1.00118014202798,1331.10817072452,1355.92630641357
"nu[87,4]",-0.105680004342055,-0.0933155475,0.272813960993539,0.2852723181105,-0.550458616,0.3237354085,1.00298366975655,1561.15800030685,1501.04659920738
"nu[88,4]",0.3992593101095,0.404042905,0.175908899305257,0.16832988207,0.1106289905,0.677633641,1.00324403929277,1679.56783083257,1042.92599397166
"nu[89,4]",-0.40968110317811,-0.403882895,0.235949580347668,0.255923580234,-0.808741991,-0.03768043185,1.00197369238472,1563.28581221923,1367.37563955455
"nu[90,4]",0.57856113029365,0.58061526,0.197915833456108,0.192203574591,0.2541786335,0.9033270805,1.00010923388285,1676.83110299012,1169.76104787659
"nu[91,4]",0.94506410274,0.94440468,0.177620237043292,0.177153976272,0.657723795,1.24553208,1.00341376590376,2290.4969230168,1349.92388156656
"nu[92,4]",0.895733995965,0.89256749,0.155081819066797,0.160060814004,0.650356491,1.149017125,1.0009394526232,2418.8035178074,1550.81015440396
"nu[93,4]",-0.7299298352399,-0.731681945,0.262685769789851,0.265622275002,-1.16190285,-0.2973283755,1.00338761928909,1450.37445266889,1386.31540312411
"nu[94,4]",0.6053682813825,0.602307545,0.187010974376757,0.177292295439,0.294005428,0.91993314,1.00544642747064,2204.82479661975,1459.74353794282
"nu[95,4]",0.1724057955808,0.21124457,0.25088474124515,0.215785320933,-0.3177947495,0.523051545,1.00154349105329,1574.24906874249,1045.46584972956
"alpha[1,1]",1.85187248985,1.85373505,0.110612487272288,0.11354529165,1.6744158,2.031959375,1.00251140853544,1008.82242021984,1125.41348521794
"alpha[2,1]",2.03679089685,2.0331856,0.0767118577540056,0.0752704159199999,1.91082787,2.169707775,1.00033687494409,1751.17981917656,1472.10344123273
"alpha[3,1]",1.89874508855,1.89836355,0.104508646277547,0.10340660568,1.730312765,2.069272965,1.00013335156433,1389.98667379866,1332.40904206557
"alpha[4,1]",1.77690885605,1.7770732,0.104443149066453,0.10566171441,1.60401261,1.94968802,1.00061535429056,1320.89728034735,1420.14060690456
"alpha[5,1]",1.94031253915,1.9375687,0.074924186489461,0.07749172137,1.821456075,2.06386573,0.999415646814868,1865.6239424653,1477.6641872985
"alpha[6,1]",1.88574542925,1.8864957,0.0790352114711729,0.0781324269599999,1.758710135,2.015185325,1.00357637325411,1261.16101064464,1230.62608758068
"alpha[7,1]",1.94632774225,1.94516525,0.0974158354303416,0.0969055529399998,1.788832095,2.111538305,0.999978012392282,1313.06436326824,1579.89770694058
"alpha[8,1]",2.00450335675,2.00499435,0.102659805942925,0.10285152024,1.836698175,2.17580755,1.00063006564522,1429.18134716945,1437.47616451651
"alpha[9,1]",2.2181817948,2.21675385,0.0806497180888735,0.0796306683899999,2.08487155,2.354126595,1.00007125283876,1861.23142640805,1444.48405859917
"alpha[10,1]",1.87304670975,1.8699002,0.0786382644693593,0.0810250536899999,1.74989287,2.0016259,0.999883084607778,1666.25641792093,1582.28217138274
"alpha[11,1]",1.92080618235,1.9202047,0.0839534161596374,0.0821240309399999,1.78046648,2.061073005,1.00090218247798,1539.16633009317,1481.95139065998
"alpha[12,1]",1.6029683415,1.6012459,0.0794604354030303,0.0799432004700001,1.47577701,1.741602335,1.00082581034829,1621.09343297763,1599.04268501018
"alpha[13,1]",1.9748093677,1.9703623,0.0990621380353704,0.0993958020300002,1.811664325,2.13967753,0.999634117650009,1552.71398611775,1572.09327789539
"alpha[14,1]",2.19972718535,2.20152475,0.10113948285105,0.10043614245,2.03079142,2.365660545,1.00081018660742,1430.97496109914,1366.69793053663
"alpha[15,1]",2.0457588659,2.04433035,0.104974059075825,0.10612332192,1.87743974,2.22474449,0.99968430837563,1497.38533125233,1440.10395464235
"alpha[16,1]",1.7279121765,1.7270366,0.100905714300426,0.1005669819,1.56718149,1.8960514,1.00181502869189,1220.29265430341,1375.53148332973
"alpha[17,1]",1.98745833435,1.9857269,0.0713264040147331,0.0721619967599999,1.872997205,2.108413675,1.00102940208002,1952.11324805371,1721.32908326495
"alpha[18,1]",1.89018444655,1.88723165,0.0850813921467154,0.08497381053,1.751911785,2.032310405,1.00425751771407,1562.18976947676,1649.76475426041
"alpha[19,1]",1.80686426995,1.80535165,0.0549283397657688,0.0555839342099999,1.72081357,1.89947642,0.99968618589833,2339.22764278154,1692.67829168907
"alpha[20,1]",2.0335131579,2.03301435,0.0871603489609847,0.0878520560399999,1.89111,2.180490575,0.9999663293824,1773.20563716103,1560.39036924195
"alpha[21,1]",1.94384873765,1.9442672,0.106177125331859,0.10152051609,1.7689667,2.120810885,0.999522559495952,1426.0405019559,1438.96635564166
"alpha[22,1]",1.74899731245,1.74780615,0.0891136548860412,0.0917440293000002,1.603105235,1.898858695,1.0016423827492,1118.07102721933,1437.50807099805
"alpha[23,1]",1.7864012378,1.78139585,0.101846255380781,0.09955080786,1.621167845,1.95864122,1.00133069377365,1444.17117277299,1531.30476289785
"alpha[24,1]",1.7623777799,1.76266935,0.0885806444720336,0.0894227966099999,1.622020495,1.91072329,1.00077676358573,1595.28332331731,1765.88111608643
"alpha[25,1]",1.9120086932,1.9106789,0.0968362180350836,0.0961665509699997,1.755706125,2.074963075,1.00020400979594,1466.55311011106,1314.54884347008
"alpha[26,1]",1.93688062655,1.9323255,0.0975767233290814,0.0960440140799998,1.785215235,2.109828465,1.00103528933212,1035.98576312914,1277.25876754197
"alpha[27,1]",2.0856074358,2.08413365,0.102937261698825,0.1034543454,1.918574575,2.2548995,1.00087232035797,1561.32951297809,1597.63405663915
"alpha[28,1]",2.13987995165,2.138917,0.102732480574487,0.10508416758,1.97098958,2.30473303,1.00187350750732,1375.06700648561,1466.64563800684
"alpha[29,1]",2.1652533985,2.16278615,0.0832212203768908,0.08312723223,2.032994015,2.30461136,0.99999671286429,1941.68211435477,1508.65163886895
"alpha[30,1]",1.68740764905,1.68601405,0.0683229060097564,0.06793740219,1.576989935,1.79945096,0.999820860644533,1431.64628583436,1313.4935313414
"alpha[31,1]",1.9122356234,1.9125616,0.100284890275583,0.09907244697,1.75265488,2.082176095,1.00218048130711,1315.70557332524,1377.74243853553
"alpha[32,1]",2.04932387625,2.04730955,0.0839548804887705,0.0867776158199999,1.91706255,2.19035623,1.00120835496473,1638.27191571585,1439.23612777377
"alpha[33,1]",1.65857130395,1.6558566,0.0610527733584149,0.0626973007500001,1.562184835,1.758599065,1.00066566012987,2070.30023618042,1613.21826428235
"alpha[34,1]",1.9784327586,1.9754716,0.0968853908961073,0.0937943168400001,1.82288064,2.14295988,1.00142430364671,1154.71382993386,1583.48427955388
"alpha[35,1]",2.2467349732,2.24518725,0.058725039117182,0.0583656624599996,2.151706675,2.346807695,0.999744037591111,2308.19319449177,1704.7000632687
"alpha[36,1]",1.9572785875,1.95459825,0.103120399092518,0.10196077416,1.791832995,2.13243891,1.00011459396368,1040.27281355558,1560.71632441616
"alpha[37,1]",2.22723870005,2.22589145,0.0789468772298967,0.0785060421600001,2.10255682,2.3664713,1.00083065439806,1771.8368593873,1419.57501596324
"alpha[38,1]",2.21662559155,2.2156157,0.104686438702442,0.1019969496,2.04261663,2.391018865,1.00327910728278,1268.84849058581,1290.28077963292
"alpha[39,1]",1.8727580619,1.87447195,0.106948422721172,0.10815055503,1.697913255,2.043517405,1.00250145539315,1346.97401277768,1528.69767799446
"alpha[40,1]",1.6446477675,1.64333445,0.0944721932573691,0.09339542331,1.490988695,1.799871445,1.00027691969418,1352.53319157498,1599.92497231628
"alpha[41,1]",1.8546126955,1.8536188,0.0539670781307139,0.0546425573399999,1.76683316,1.945136805,1.00241170724678,2233.00636811782,1638.58708521466
"alpha[42,1]",2.1125926075,2.11122975,0.0855029805306387,0.0844027130099997,1.971923825,2.25712105,1.00130689481757,1438.97242257553,1602.42237204646
"alpha[43,1]",1.87369204745,1.8743238,0.103644323339718,0.10714564875,1.70942059,2.04540733,1.00012302956736,1257.13974091283,1406.97501293242
"alpha[44,1]",1.8469205329,1.84602535,0.0880956457795908,0.0915924334500002,1.6994339,1.991751275,1.00191918674292,1413.10997379081,1411.66084684284
"alpha[45,1]",2.03532541925,2.03154595,0.0994507376176771,0.09670940496,1.877925645,2.204763585,0.999914890381036,1510.18391011638,1484.30056149406
"alpha[46,1]",1.81143412885,1.80947565,0.0834352122849125,0.0797876016000001,1.670191555,1.953654035,1.00195064612846,1749.99260170308,1522.06925211659
"alpha[47,1]",1.5665462147,1.56474535,0.0530947735847495,0.0524082791400002,1.48379395,1.65808485,1.00072861997358,1697.4642470589,1736.59493180561
"alpha[48,1]",1.9435915591,1.94142425,0.074326646892475,0.0746330461800001,1.82744357,2.068983345,1.00172106684462,2045.01145268645,1576.42169418664
"alpha[49,1]",1.9959871331,1.9948003,0.0885627679295536,0.09012658683,1.85310856,2.144363795,1.00003784719527,1729.90745788257,1601.70727532346
"alpha[50,1]",2.18903937645,2.18574605,0.0944194976269082,0.0942926928299999,2.03235379,2.344512885,1.00008737371375,1231.92737551185,1505.77262909882
"alpha[51,1]",1.89084622505,1.8883127,0.0942238063398705,0.0939604421700002,1.737714765,2.04995269,1.00089070155823,1401.95267985328,1586.53094407165
"alpha[52,1]",2.0420354724,2.04244765,0.072554034696601,0.0720826776600004,1.92355405,2.16135125,1.00070385727817,1532.66689250796,1570.67110887357
"alpha[53,1]",2.17276298655,2.1735513,0.0973718805491149,0.0958601716799998,2.01534272,2.33806277,1.0035600249369,1254.9116505967,1187.16061322292
"alpha[54,1]",1.6155511804,1.61338365,0.0763679368305429,0.0772522073400001,1.490215525,1.743128635,1.00014872383721,1619.09143349706,1542.7358496657
"alpha[55,1]",2.16786696055,2.166796,0.0744393324239281,0.0732499286400001,2.048787335,2.29461253,1.00079590668208,1600.84647661235,1661.7714722156
"alpha[56,1]",1.823549972,1.822786,0.0781516969167348,0.07831945695,1.69612606,1.955009225,1.00022988385225,1584.39307497415,1504.21677257319
"alpha[57,1]",1.6256433465,1.62468765,0.0694456334768793,0.0679548968700001,1.511664205,1.74040063,1.00061853436477,1676.85158957056,1696.78795337468
"alpha[58,1]",1.88655727415,1.88356315,0.0824997899720571,0.0804059199300002,1.758448505,2.02672787,0.999233667898112,1632.99925480849,1294.3725689047
"alpha[59,1]",1.85313909675,1.8493475,0.0945634603121795,0.09485830473,1.70449711,2.0157971,1.00275850407896,1315.26017338481,1431.83011241231
"alpha[60,1]",1.88980586465,1.89084455,0.075860936122109,0.0743377863900001,1.76305106,2.011907325,0.999230140279527,1767.50932346287,1555.99036904415
"alpha[61,1]",1.72502872855,1.7216236,0.101312437818832,0.10192445046,1.566753165,1.89437394,1.00297893752394,1486.35929505676,1111.66307038863
"alpha[62,1]",1.8853326455,1.8834968,0.0936968757202696,0.0925441885199999,1.73513854,2.03839871,1.00138025575871,937.979504910912,980.475254277324
"alpha[63,1]",2.08036611275,2.0803128,0.0765388377537786,0.0767702140800003,1.956124345,2.20713944,1.00063736213636,1770.53278647511,1777.30087191458
"alpha[64,1]",1.9404778178,1.9362965,0.0837463245956499,0.0812937008099999,1.809074045,2.07813839,1.00233547633731,1514.04981595055,1571.73050872322
"alpha[65,1]",1.85815796985,1.85682055,0.0798144943300783,0.07921813494,1.7292849,1.994910475,1.00001546838582,1811.63194351047,1285.43487792029
"alpha[66,1]",1.82762958985,1.82595415,0.0702066771696268,0.07182796698,1.71562655,1.9446485,1.00446505495833,1648.71622350317,1162.08432234025
"alpha[67,1]",1.7196140826,1.7168372,0.0910387448657781,0.0902819633099998,1.57471327,1.87170544,1.001007700179,1394.55470134687,1590.7655455013
"alpha[68,1]",1.96966259295,1.9713694,0.109453347952109,0.10733052897,1.792206345,2.14950643,0.999571455462302,1365.86629287001,1545.5203396246
"alpha[69,1]",1.8698251242,1.8662219,0.0964777734381976,0.09349520229,1.714334535,2.032875445,1.00129285838111,1639.65294317931,1517.14824196095
"alpha[70,1]",2.42297628665,2.4236391,0.102240346182513,0.1023372063,2.253680075,2.586021285,1.00039554050115,1632.5082152414,1584.61510868421
"alpha[71,1]",1.8727667071,1.86828215,0.0826967829340316,0.08278497402,1.742555815,2.011639745,0.99915150493013,1685.74580224303,1733.83267141605
"alpha[72,1]",2.0333945534,2.03046355,0.0901029511972896,0.0883488753000001,1.888042055,2.18254262,1.00063996324984,1780.7083362953,1373.909124826
"alpha[73,1]",1.931363782,1.92841625,0.0583439058652136,0.0590207492700001,1.84032166,2.03390747,1.0007035349755,1686.79975690914,1381.23987682737
"alpha[74,1]",2.14794645295,2.14646775,0.0994372554613785,0.0962385311999998,1.988602945,2.31801265,1.00014855809779,1433.20567760156,1674.19185503732
"alpha[75,1]",1.7853494886,1.78477735,0.0815632854266745,0.0831093669000003,1.654571845,1.922041075,1.00173420693318,1708.56906503161,1605.37012294104
"alpha[76,1]",2.24624361025,2.2463834,0.116242349291529,0.12166860531,2.062868635,2.436044485,1.00053696509941,1057.86670873376,1311.5324059618
"alpha[77,1]",2.05630340585,2.05496335,0.0992618829431174,0.0975787274700001,1.89507185,2.2220698,1.00011223473687,1550.45684443688,1485.54837815354
"alpha[78,1]",2.06821180815,2.0654172,0.0998734669614647,0.0972024435899996,1.91176185,2.23635384,1.00109535940199,1285.36037215058,1441.71839393316
"alpha[79,1]",2.24083127355,2.23716305,0.102579268117349,0.10154683224,2.07466188,2.41317579,1.00106744447514,1722.67310610166,1364.68152506074
"alpha[80,1]",2.1203984317,2.1191589,0.10634454726597,0.10314418548,1.94946766,2.305457965,1.00208118307931,1016.33898044178,1048.50781744694
"alpha[81,1]",1.9385127692,1.94014985,0.110620115860374,0.11054443512,1.75547982,2.117694265,0.999926753854765,1523.16481579947,1636.98635952754
"alpha[82,1]",1.8162071006,1.81404375,0.0905839729097618,0.0871145366700001,1.662583905,1.96427501,0.999711698141486,1709.15116266128,1356.65777403636
"alpha[83,1]",1.7421728123,1.73859385,0.0997715789631253,0.0982544224199999,1.577846345,1.911924725,1.00036729143252,1296.74101583499,1777.74884598388
"alpha[84,1]",1.94750061545,1.9474701,0.105580949833216,0.11002626642,1.773241545,2.11746843,1.00079618709044,1358.20604628015,1529.45950204837
"alpha[85,1]",1.97544763435,1.9699098,0.0878945616747016,0.0867217218000002,1.83648189,2.126019535,1.00032362158015,1445.69498151046,1446.32710996749
"alpha[86,1]",2.0370882962,2.03866805,0.104453329888595,0.10455013506,1.86674484,2.203550685,1.00152698292127,1722.22065653266,1662.31481382885
"alpha[87,1]",2.01021186195,2.0104543,0.101102002938489,0.10042087167,1.846247725,2.177007475,1.0007109451631,1809.62007044158,1719.09766803546
"alpha[88,1]",1.95447783465,1.95135485,0.0804196685440734,0.0800448327000002,1.82512001,2.09453401,1.00266223977136,1261.44178717764,911.535429180393
"alpha[89,1]",1.93315644535,1.93404225,0.105251711738705,0.10577394723,1.76158962,2.112249365,1.00006485187106,1311.84685857738,1317.56784501654
"alpha[90,1]",1.6760485414,1.67214025,0.0730485403345636,0.0690414202800001,1.56270301,1.801724735,1.00069027308669,1601.18325093044,1385.4679908132
"alpha[91,1]",1.9452681686,1.94467575,0.0895523667612765,0.0933309302100002,1.8021915,2.09286372,1.00119199390214,1311.73949281603,1581.77656581541
"alpha[92,1]",2.01115683715,2.01138685,0.0951922962538862,0.09520449183,1.855034765,2.16453742,1.00280530972985,1430.0803812731,1345.93424002103
"alpha[93,1]",1.7310035928,1.72962495,0.0991234017386776,0.10171962927,1.571102355,1.894822005,0.99973679499445,1477.72789558724,1520.07781641936
"alpha[94,1]",1.70244132465,1.70026175,0.0886071942395486,0.0900133161899998,1.5613457,1.85179261,0.999730785899957,1508.91247628323,1582.45608007555
"alpha[95,1]",1.6570082064,1.6538481,0.0911658110994467,0.0916558887299997,1.51154126,1.814781485,1.00079574752227,1159.96352494299,1431.88339198939
"alpha[1,2]",1.7780386228,1.7762684,0.101320629974146,0.0990862351499997,1.614536125,1.95153631,1.00016546572567,1288.79692872594,1327.6625882935
"alpha[2,2]",1.85208367015,1.8466299,0.107667856288359,0.11005473234,1.683477585,2.03523084,1.00014047370006,2101.06560310791,1431.41256291753
"alpha[3,2]",1.70403588835,1.7003248,0.0938621458705971,0.0954152434200001,1.55763436,1.861748755,1.00073256050906,1999.39483500622,1461.47872435581
"alpha[4,2]",1.7448493276,1.74042565,0.0728792227258159,0.0739864843199999,1.62805699,1.86973874,1.00047243293703,2514.09283107369,1623.26635175079
"alpha[5,2]",1.81653534815,1.81532525,0.093593245665621,0.0909429805200001,1.66174941,1.980544625,0.999938697237882,2319.74054519623,1611.98030585896
"alpha[6,2]",1.69152347245,1.6890275,0.0993105678796379,0.10059833889,1.52788267,1.859845165,1.000668133599,2010.30514272818,1658.5999455336
"alpha[7,2]",1.75253875355,1.75128115,0.0852130186369331,0.0894629009400001,1.617364515,1.894440185,1.00013986288921,2089.2335460156,1761.94034665322
"alpha[8,2]",1.9125686464,1.909696,0.0917934884228541,0.09254552286,1.765788585,2.065258135,1.00144483404983,1989.64705256605,1724.2270032618
"alpha[9,2]",2.10895047705,2.10798155,0.0988255275276098,0.0980164651199999,1.94743095,2.273945215,0.999574404554104,1786.16389099187,1426.35308168326
"alpha[10,2]",1.72556635385,1.7222979,0.0786986499873944,0.07686977067,1.60385381,1.858890665,1.0001928208666,1888.09383355151,1626.18926281167
"alpha[11,2]",1.6868853404,1.68532645,0.0821545585868193,0.08145967788,1.55895229,1.82501341,0.999462629288354,2412.27431299548,1721.21531918983
"alpha[12,2]",1.45701412305,1.4547131,0.0727730088866054,0.0740048685600001,1.34606646,1.58611282,1.00034226694465,1993.17791392227,1818.60320614328
"alpha[13,2]",1.78369650505,1.7810686,0.076239026521205,0.07406928753,1.66576627,1.91104749,0.999507164341743,2288.5024460167,1637.93440370268
"alpha[14,2]",2.0485112438,2.0468932,0.100825685812738,0.10354811985,1.88659757,2.219078385,0.999859001533837,2021.06011513289,1507.92681017959
"alpha[15,2]",2.0298885766,2.02731135,0.0745060076338281,0.0761392936500001,1.91365344,2.155547975,1.00212912477688,3033.30456220271,1394.25123987022
"alpha[16,2]",1.52892551265,1.52451385,0.0968700337952708,0.10017520485,1.37309975,1.690679755,0.999786963409977,1290.81012153649,1689.92988581653
"alpha[17,2]",1.94283401485,1.94206955,0.09822240856578,0.0988529480399999,1.78328508,2.104279695,1.00231289887924,2315.15539067187,1815.53650925998
"alpha[18,2]",1.7874347863,1.7839527,0.0694024996807673,0.06713561211,1.676197625,1.908646205,1.00281878750703,2030.72612954471,1280.69122807606
"alpha[19,2]",1.73661252495,1.73178695,0.0920400097821814,0.0934047636900001,1.59272188,1.886062695,1.00211141651505,2524.84315829064,1516.89439272445
"alpha[20,2]",1.86793531995,1.8654823,0.118492074443192,0.11813757102,1.67816863,2.0665208,0.999283544064732,2083.8398686831,1790.06451830156
"alpha[21,2]",1.7892788034,1.78769455,0.0752686696077295,0.07971992091,1.67270524,1.92223596,1.00042601888044,1970.9409702999,1664.5424256639
"alpha[22,2]",1.5294869281,1.52835475,0.102059671765136,0.10415724606,1.36656757,1.69988908,1.00270715658672,1817.40805885894,1568.97853380106
"alpha[23,2]",1.65156006325,1.6489424,0.0873752899314439,0.0868424795699997,1.51298068,1.799285935,1.00115030414641,1770.17052111949,1778.67182601134
"alpha[24,2]",1.64166018955,1.63949685,0.0718542542870518,0.0729606733799999,1.52949271,1.766283105,1.00060157555268,2581.30923722394,1647.53437820012
"alpha[25,2]",1.78219439895,1.7810906,0.0945693916834324,0.09515267496,1.628334245,1.94021365,1.00180935066549,1929.37041170229,1794.64860902267
"alpha[26,2]",1.9389225072,1.93697835,0.0791369824143551,0.0790947826199999,1.81573015,2.068978115,1.00113091004463,1702.58807821885,1406.28343951574
"alpha[27,2]",2.06726188985,2.065153,0.08311005395422,0.0848312585399999,1.935908895,2.207322305,0.99958256878562,1768.2192957925,1615.98546543587
"alpha[28,2]",2.0009775039,1.99910095,0.0982675871973137,0.0982006040400001,1.84240151,2.164452625,1.00120389820138,1739.84425126059,1713.68086453013
"alpha[29,2]",2.05884986405,2.05358365,0.0927722718875298,0.0897306584999997,1.911788975,2.21913957,0.999918674631765,2037.29383946609,1702.77718156486
"alpha[30,2]",1.48306061235,1.47839205,0.0963368696721738,0.0946454033699998,1.33548858,1.65004409,0.999485554094019,2304.37421420536,1743.89440710456
"alpha[31,2]",1.7948220299,1.79430275,0.0899923761744819,0.08770527864,1.6459212,1.942073715,1.00074885941208,1647.03764525943,1762.78210332352
"alpha[32,2]",1.96323681315,1.95968415,0.0813514931789085,0.07965424173,1.83137115,2.09753563,1.0011869234119,1614.59823777568,1496.316284713
"alpha[33,2]",1.5197723563,1.5159978,0.101111046304527,0.09956214975,1.360961865,1.6858968,1.00085351585726,2292.9893044267,1279.86105474587
"alpha[34,2]",1.72230411765,1.72385665,0.10730263119074,0.10896791241,1.54789523,1.90417592,1.00279806040432,1533.6295256442,1377.83663454413
"alpha[35,2]",2.04504967475,2.043071,0.0917427604010561,0.0916177117799997,1.895867595,2.19796719,1.0028256822066,2287.5491308608,1646.05281390808
"alpha[36,2]",1.86347046205,1.8590668,0.0909090550777151,0.0920864357699999,1.719445225,2.01768044,0.99957737435863,1650.48844175943,1710.32525746943
"alpha[37,2]",2.07311778665,2.06861665,0.0887130328667536,0.08674796382,1.932440555,2.221468285,1.00079672585148,2539.00771997311,1343.52694195964
"alpha[38,2]",2.09101768475,2.0934078,0.112199916437345,0.11297382348,1.904469265,2.26791568,1.00206829031441,1318.96412115214,1558.94510569065
"alpha[39,2]",1.71256975925,1.70896255,0.0828573846039048,0.0855051002399999,1.58339127,1.849577655,1.00048678320784,2102.62265281508,1636.99300517089
"alpha[40,2]",1.446111961,1.4452974,0.0974145192121763,0.0976914791999999,1.28874586,1.60925082,1.00075411323892,1617.95803978585,1469.14052538242
"alpha[41,2]",1.77429428645,1.77289905,0.0912866372283507,0.0912273432,1.633377225,1.93285587,0.999731351290232,2463.8698646022,1532.04957508121
"alpha[42,2]",1.9999488201,1.9977873,0.0951257608495277,0.0968331279300001,1.847133045,2.163637985,0.99987471369436,3064.4299980882,1700.03748483933
"alpha[43,2]",1.79193441255,1.78789705,0.0710217400286001,0.06937841526,1.68579781,1.91890955,0.999789589666196,1701.36814384403,1266.51115248417
"alpha[44,2]",1.81329367005,1.8128177,0.0914679529052571,0.0921301724700001,1.671886895,1.96552291,1.00043238985843,1665.47080737764,1695.97016994123
"alpha[45,2]",1.8756982512,1.87424745,0.0923534710992185,0.08951879496,1.726607325,2.03089198,1.00029567620761,2085.5642506497,1550.92679120437
"alpha[46,2]",1.6902307916,1.68879625,0.0905404997228746,0.0898053815400001,1.54406383,1.84227576,0.999339266911423,1937.15356379288,1529.61426220037
"alpha[47,2]",1.5472162714,1.5418446,0.0696466769371994,0.0670656333900003,1.441383345,1.673176705,1.00015577111288,2453.06741987775,1169.82178254913
"alpha[48,2]",1.80936023095,1.80689895,0.0896126241696767,0.09215960208,1.671997875,1.95854038,0.999652608489556,2035.88000531588,1713.5227794124
"alpha[49,2]",1.91906770695,1.9163241,0.0761354046380335,0.07625278668,1.797354915,2.051003225,0.999491074857149,2274.49926563109,1384.2076928126
"alpha[50,2]",1.9938383931,1.9918557,0.106699619125572,0.1025484768,1.81960723,2.17597474,1.00069497641813,2053.61242742159,1717.76211905867
"alpha[51,2]",1.713565818,1.7082807,0.0915515110660672,0.08981768712,1.57071579,1.87366588,1.00110090868627,2616.84411561106,1354.03836087996
"alpha[52,2]",1.8210538316,1.81919245,0.107186235776797,0.10638203562,1.64705306,2.007986715,1.00007019514514,2572.94663604668,1530.63038522522
"alpha[53,2]",2.06085709315,2.05989315,0.0987616113891904,0.0969266058600006,1.898378225,2.228925865,1.00346667863558,1726.36765746954,1568.89394995452
"alpha[54,2]",1.5496958266,1.5462381,0.0799377626573799,0.07760543679,1.42331097,1.691220955,0.99946313209882,1945.89968433881,1355.51240766487
"alpha[55,2]",2.0079421784,2.00925685,0.109959908881515,0.11189723349,1.833696435,2.188888285,1.00050484843314,1636.80692040243,1485.12819816056
"alpha[56,2]",1.70590163665,1.70247405,0.0904959530382816,0.0889875793800001,1.56282799,1.85938284,1.00067225178277,2468.96086759264,1436.79370068089
"alpha[57,2]",1.54368092195,1.5404689,0.0724812973020832,0.0716570973299999,1.43231275,1.671703065,0.999779609084162,3510.88710454695,1423.14948273682
"alpha[58,2]",1.77040086705,1.7654324,0.0833027709039426,0.0833051442300002,1.644746545,1.91755526,1.00573995542764,2455.76317272945,1297.42466486155
"alpha[59,2]",1.7921689221,1.78850975,0.0747070204083833,0.07585485684,1.67729331,1.92218675,1.00060859615945,1718.72417815759,1575.11213510077
"alpha[60,2]",1.8265711386,1.82353945,0.0726055587300063,0.07195087452,1.711881365,1.949958045,1.00114439253324,2117.53808263459,1580.11482943167
"alpha[61,2]",1.56627863005,1.56298595,0.0665367043831163,0.0650920703999999,1.46586041,1.683469085,1.00106740110864,2202.82666955998,1414.27442606763
"alpha[62,2]",1.75978513445,1.75614185,0.0793766279201282,0.08027374614,1.63558114,1.895151035,0.999643706477133,1806.88140029264,1781.93583986496
"alpha[63,2]",1.86406900655,1.86501675,0.105624832890864,0.10128092793,1.68892709,2.039023985,0.999618858469509,2718.30339654272,1639.54701038361
"alpha[64,2]",2.0568570103,2.05240855,0.0663722113922525,0.0681669827999998,1.955535305,2.169363915,1.00129210886081,2198.41181511365,1638.06641883876
"alpha[65,2]",1.64142768915,1.6367131,0.0962838000783105,0.0947663093999999,1.490318315,1.809221065,1.00417975695339,2603.34770027852,1602.34960317071
"alpha[66,2]",1.8212995717,1.8163263,0.0813395150534411,0.08214300822,1.694525295,1.95796201,0.999881812506366,2250.92263812175,1664.31287578324
"alpha[67,2]",1.5714635498,1.5701822,0.0731006341907734,0.0768745891200001,1.4567506,1.69601527,1.00203382064557,2021.37110650026,1606.91881425975
"alpha[68,2]",1.8535186685,1.8535257,0.0958058736814672,0.09349838988,1.700126595,2.014951505,1.00101750636586,1572.67606251669,1282.22478721141
"alpha[69,2]",1.70593960315,1.70091295,0.0710432793756093,0.0738638733000001,1.59701997,1.8273397,0.999897046761991,2332.14097013516,1477.09340966873
"alpha[70,2]",2.3721181463,2.36900325,0.0805911490328891,0.08323724115,2.24606905,2.50808977,1.00173483653637,2381.52903187576,1727.86591420053
"alpha[71,2]",1.7713599274,1.7669739,0.0823806982214299,0.0799752987600001,1.64342621,1.91385961,1.00026379657214,2715.74169742808,1602.83459801485
"alpha[72,2]",1.90005898265,1.9003553,0.101263393179541,0.0987361932899999,1.734494855,2.07160057,1.00120444418559,1651.06993002159,1640.38188484889
"alpha[73,2]",1.7816050589,1.7786844,0.095990695176353,0.0984444176099999,1.628577405,1.94481641,0.999785895359687,2402.77905567626,1680.34972183588
"alpha[74,2]",2.06261383605,2.0598939,0.0873641217806065,0.0881914231800001,1.92359381,2.210412585,0.999939258139167,1598.01833775051,1617.79212519699
"alpha[75,2]",1.69053492145,1.68681265,0.0814930036855824,0.0829966893,1.56237859,1.830255605,1.00436872924242,2694.34504772554,1286.73592132815
"alpha[76,2]",2.1572159404,2.15605795,0.10484823755394,0.10130049825,1.98212092,2.331317525,1.00332599988198,1402.77308478109,1537.06881975752
"alpha[77,2]",1.88686801005,1.884382,0.0958868049571086,0.09327266403,1.73243888,2.049963885,1.00025507378874,1734.98672590917,1530.53861043349
"alpha[78,2]",1.960078345,1.95726195,0.0977333120631637,0.0955704716400002,1.802531535,2.130713385,1.00203294956896,1818.61519526723,1405.51383716479
"alpha[79,2]",2.1197879345,2.1160163,0.0951409168226825,0.0923524142099998,1.971206265,2.28367435,1.00252936902894,2079.34585621826,1535.61759645606
"alpha[80,2]",2.0224388152,2.0181268,0.0821335721599044,0.0831318282899997,1.89009501,2.160131795,1.00074989729646,2404.3753740896,1299.57904600986
"alpha[81,2]",1.8353334138,1.8312832,0.0763814940483056,0.0776196697500001,1.7196625,1.964082,0.999576973207629,1691.88170053752,1491.58558660423
"alpha[82,2]",1.7279045459,1.726157,0.0908973287155752,0.08830187688,1.58395517,1.88291832,0.99975296388266,1490.41911456074,1395.64590220772
"alpha[83,2]",1.68767231125,1.68745395,0.0969348529312127,0.09830868558,1.53364383,1.850558495,1.0017247525594,1527.66569789524,1560.7555041429
"alpha[84,2]",1.88655640125,1.88478735,0.0829872293662497,0.0840657180300001,1.756491605,2.030141455,1.0015997700383,1771.19343278871,1598.23381737202
"alpha[85,2]",1.93319981035,1.92913655,0.081288638415321,0.0833999564999999,1.807104435,2.06680476,0.999782321739272,2353.46473267003,1613.33812043038
"alpha[86,2]",1.9348977238,1.9343402,0.108476570974044,0.1061682447,1.75378427,2.11867759,0.999876327883541,1882.29776304801,1639.27475760504
"alpha[87,2]",1.884262977,1.8823207,0.0883028017963423,0.08365296219,1.7461,2.031524305,1.00019370005838,2625.85440667656,1336.87508889968
"alpha[88,2]",1.90071640585,1.90202425,0.0977743899569236,0.0984272194500004,1.740678525,2.062655435,1.0004788599987,2135.22066655079,1428.96436045845
"alpha[89,2]",1.69982219605,1.69836325,0.0893574679319348,0.09021776673,1.55377908,1.852519815,0.999879888300472,1685.57696198687,1502.85089873938
"alpha[90,2]",1.6175473495,1.6153642,0.0832201151189131,0.0829118104499998,1.482290575,1.7557392,1.00037521870496,2394.3737133266,1657.88176685084
"alpha[91,2]",1.7310194637,1.72717925,0.0934015668042468,0.0914898375299997,1.587770095,1.89258587,1.00249154292442,2172.64168799694,1724.0554338663
"alpha[92,2]",1.89313656335,1.8924217,0.0655558733152032,0.0664364179499998,1.78881772,2.00252724,1.00144924148561,1957.65918598206,1644.51546168384
"alpha[93,2]",1.67122181925,1.6688049,0.086730183106795,0.08725419759,1.53527796,1.81865997,1.0002022176256,1750.69963061297,1486.4639286549
"alpha[94,2]",1.5553687846,1.55296365,0.0788480572191424,0.0808518118800003,1.434324375,1.691175105,0.999997155864059,1996.72135476961,1504.49224639097
"alpha[95,2]",1.5270048755,1.5244595,0.088528130133474,0.0916638947699998,1.387664575,1.673435755,1.00105258504571,1648.84619215788,1481.91392327535
"alpha[1,3]",1.5528693403,1.55015405,0.123270663104455,0.12268329675,1.346270365,1.757204585,1.00290084078243,1649.08423496076,1454.60937729731
"alpha[2,3]",1.77882071165,1.77742485,0.0781740282876137,0.0770366373000001,1.6527417,1.91295162,1.00068762630199,1378.03179832149,1606.78094321782
"alpha[3,3]",1.6618429265,1.65998555,0.0452773969503738,0.0452170761,1.59137972,1.741581425,1.00050148557374,2303.25175050149,1667.46759555297
"alpha[4,3]",1.53269827695,1.53126975,0.0450193451513959,0.04396457562,1.461435125,1.60902034,0.999454064950736,1991.98757563243,1568.39286393138
"alpha[5,3]",1.78750991025,1.78572275,0.0412679294617721,0.0404451797400002,1.720956035,1.8579615,1.00008176074058,2314.40117746459,1623.36814496952
"alpha[6,3]",1.6394244811,1.63661565,0.0568835827519479,0.0563316835200002,1.548131635,1.735989255,1.0002711307433,1772.03700151336,1656.60901098667
"alpha[7,3]",1.7420810508,1.74099435,0.0427317900642104,0.0449196665400001,1.67457421,1.81427566,0.999686607733184,2279.87812107946,1393.84454821197
"alpha[8,3]",1.8481564839,1.8450424,0.0500190866937406,0.0489157183199999,1.76806708,1.934060795,0.999396860626244,2733.78223176918,1103.70671285006
"alpha[9,3]",2.03006742755,2.02956365,0.0531067741616888,0.0543833988600002,1.94656815,2.1209088,1.0000822450029,2161.57459469651,1759.38789516205
"alpha[10,3]",1.54167611015,1.54066115,0.0449114539199528,0.0431720517900001,1.472556615,1.619166705,1.00011108193275,2018.72596764949,1575.8200359379
"alpha[11,3]",1.62031049195,1.61987345,0.0471428020271149,0.0492256558500001,1.545783085,1.70054869,1.00252985085789,1825.16996899591,1536.81270547404
"alpha[12,3]",1.33803591815,1.3360696,0.0406516844203627,0.04011885948,1.275159565,1.40810286,1.0003862322304,1937.61341632308,1160.05359236921
"alpha[13,3]",1.7511619136,1.7500302,0.0454438155780552,0.04501751814,1.678058775,1.833111685,1.00144815858941,3038.70189183237,1599.23242750241
"alpha[14,3]",1.9855545071,1.98449695,0.0515535215121618,0.0514903273499998,1.90574806,2.076710145,1.00085780791788,2109.9974938815,1389.05406757534
"alpha[15,3]",1.79556099765,1.7921973,0.0481514431717073,0.04825395981,1.71969136,1.876118455,1.00063587933394,2116.70401263056,1871.24891326892
"alpha[16,3]",1.50520169585,1.50416875,0.0490199769501574,0.0484458082500001,1.42755182,1.590300775,1.00007678402185,2776.76191647826,1454.6821048438
"alpha[17,3]",1.7766539916,1.7748939,0.0509729843872009,0.0516076751399999,1.696894395,1.86300246,1.00105070312752,2483.20071304375,1659.80750489368
"alpha[18,3]",1.5135602371,1.51046725,0.039444658882657,0.03821268066,1.452576045,1.58016593,1.00040321050077,2859.03167171853,1442.36762990245
"alpha[19,3]",1.59185166335,1.5916265,0.0766525722526559,0.07784502495,1.46866012,1.72226991,0.999197864203001,1771.87196942733,1397.42070593887
"alpha[20,3]",1.85266692155,1.8493324,0.0585323616375288,0.05657134581,1.761328545,1.955113235,1.00050850353962,2043.68968298893,1689.59142171233
"alpha[21,3]",1.78031236175,1.7786588,0.0449366158000695,0.0442683603599998,1.70860112,1.855278615,1.00452251333,2994.7082945842,1329.44289947279
"alpha[22,3]",1.4329245431,1.4303524,0.0490075129341346,0.0480132597000001,1.355388955,1.517319195,1.00075036816536,1496.70636478164,1472.09699038323
"alpha[23,3]",1.5464373959,1.5462633,0.0428632806476892,0.04337146149,1.47873327,1.6178777,1.00005697094193,2864.06142398052,1847.50509362589
"alpha[24,3]",1.58857905315,1.5859511,0.0379674281758775,0.0383915563499999,1.53082212,1.65234048,1.00050839082481,2880.90033220599,1527.7574821163
"alpha[25,3]",1.6411108113,1.63889845,0.0443681611373995,0.0444572436000001,1.571244415,1.720266345,1.00027632206641,2128.82544640315,1447.05933049616
"alpha[26,3]",1.80607265385,1.80372475,0.043150348991126,0.04369822653,1.73890329,1.87763411,1.00054312427513,2802.60250441449,1504.98931243
"alpha[27,3]",1.7841156555,1.7807744,0.0511388526560239,0.0487262420400002,1.704554575,1.869955525,0.999389038183796,1535.71605253078,1597.63236345394
"alpha[28,3]",1.91751278375,1.9142457,0.0490664827577255,0.0479907241800001,1.839945885,2.0037601,1.00047786031104,3066.23556869712,1334.21345569385
"alpha[29,3]",1.8155974913,1.81405035,0.0647913504916188,0.0644587036800001,1.71212518,1.92417655,0.999543026403394,1925.02706572972,1680.92205927087
"alpha[30,3]",1.4713872451,1.47020655,0.043023639191098,0.0433320984599999,1.40254071,1.544262825,1.00216845482874,2030.12635903449,1621.50938038019
"alpha[31,3]",1.7291310801,1.7257954,0.0412329626652937,0.0416673610499999,1.66478367,1.80042712,1.00096634453694,2484.34616926425,1409.2606623448
"alpha[32,3]",1.6722961605,1.67052725,0.0446980410796895,0.0452720805600002,1.603094555,1.747361275,0.999849469149362,2774.36670733261,1438.67545943555
"alpha[33,3]",1.5932832616,1.59087805,0.054995210465906,0.0539283889200002,1.506936525,1.68727626,0.999635722074163,1840.86258334824,1420.14060690455
"alpha[34,3]",1.75905011225,1.7575983,0.0469152609695458,0.04609307031,1.684918495,1.839000315,1.00104076399273,1938.92367051104,1420.68636796791
"alpha[35,3]",1.9627791418,1.96223895,0.0576629609946076,0.0588526224300002,1.87213232,2.05674567,0.999265144918934,2149.66631223952,1692.12945284227
"alpha[36,3]",1.74704209855,1.7451864,0.0494876849533867,0.0500246289900002,1.66750173,1.833739875,1.00064382427753,1798.00507885829,1713.06288607894
"alpha[37,3]",1.93103715175,1.9283995,0.0530721095947776,0.0537156358199999,1.849942165,2.020240005,1.000629824131,1880.14646430758,1463.79109187742
"alpha[38,3]",2.12084799335,2.12014285,0.0662314347506381,0.0651101581199996,2.010748555,2.232142165,1.00425960544709,1641.05487145437,1391.93050423872
"alpha[39,3]",1.66246193295,1.66114615,0.0432463449522407,0.04439060073,1.59382207,1.73627731,1.00163913779231,2176.17641795755,1664.99841238913
"alpha[40,3]",1.47585762325,1.47491775,0.0390340838587768,0.03758205675,1.411669065,1.542486105,1.00168643150959,1668.1021535056,1491.73395317256
"alpha[41,3]",1.65107474835,1.65051275,0.0439878476191972,0.043343811,1.57890123,1.72853606,0.999963935634826,2002.39098527608,1297.56795174885
"alpha[42,3]",1.88376001755,1.8832166,0.0466723408548017,0.04899259113,1.810906495,1.961966725,1.00038818642109,2466.85283661395,1825.3466299731
"alpha[43,3]",1.50422462075,1.50073735,0.047280409080696,0.0466325143199999,1.430932385,1.584464425,0.9996650460995,2594.93853129815,1442.55424583153
"alpha[44,3]",1.6307237442,1.6283929,0.0456198326388955,0.0462763938000002,1.55831439,1.70717373,1.00004471822566,2136.83317892031,1749.98873908863
"alpha[45,3]",1.88656959255,1.88554935,0.0455392102441142,0.04596756822,1.813281095,1.964174445,0.999778691459425,2642.22220247522,1668.53789458833
"alpha[46,3]",1.6652785172,1.66503195,0.0430841850349806,0.04405923963,1.59626421,1.73615861,0.999876986083204,2681.80651812245,1818.05992955617
"alpha[47,3]",1.3250246686,1.32410445,0.0457361000108365,0.0459578571900001,1.24942059,1.402351855,0.999886490478063,1797.03304302154,1661.42765884237
"alpha[48,3]",1.69829143715,1.69714475,0.0417361055977066,0.04134830553,1.63172876,1.76822469,0.999545279474836,2458.04707788292,1612.60664384168
"alpha[49,3]",1.72232320575,1.7201151,0.0435939423023622,0.0430193439900002,1.654298045,1.79512084,1.00163036680033,2016.32319962661,1439.93728547801
"alpha[50,3]",1.98542018125,1.984139,0.0708739006282453,0.0691920524399998,1.870120535,2.10461276,1.00155676720144,1442.46120335982,1482.30666280522
"alpha[51,3]",1.73925059105,1.7374265,0.0451356049494136,0.04539973242,1.664633975,1.815681435,0.999822023984756,2290.79636036918,1483.42498232321
"alpha[52,3]",1.7823371381,1.7798831,0.0546501265321642,0.05536243377,1.69533938,1.87685268,1.00110026088158,1900.57989044962,1481.77955801128
"alpha[53,3]",1.8459276572,1.8421002,0.0587869011867795,0.05542818708,1.752376365,1.949666075,1.00023346624074,2835.1760399914,1557.14842105041
"alpha[54,3]",1.36298860235,1.36200095,0.0401244088247197,0.0402995142900001,1.297702175,1.429463675,1.0001698368338,1980.44776755507,1868.74790027148
"alpha[55,3]",1.9724235651,1.97088795,0.0774681540686085,0.0761750243100001,1.845524835,2.09912793,1.00011889313662,1257.48458687181,1144.53287793146
"alpha[56,3]",1.63456415765,1.6321861,0.0523652697606137,0.05410118595,1.55263849,1.72191023,1.00289342363371,1971.21439738409,1480.82855724193
"alpha[57,3]",1.5247328953,1.52370025,0.0399045732949937,0.03909564309,1.461022305,1.59118548,1.00046699239268,2144.83236015791,1278.64630872898
"alpha[58,3]",1.67067691175,1.66863675,0.0452546373167439,0.0452825328900002,1.59910482,1.7477912,1.00154914761752,2015.22886687894,1687.76122697005
"alpha[59,3]",1.6469018294,1.64721755,0.0418443713967053,0.0419928658799998,1.58014851,1.715347665,1.00041639933897,2023.1562679359,1476.31729042238
"alpha[60,3]",1.64454076975,1.64349435,0.0436441448806426,0.0438046030800001,1.57660892,1.71694535,1.00345346101302,2550.39211142956,1371.66605886142
"alpha[61,3]",1.5229583416,1.5204399,0.038596573081091,0.03927296205,1.46353311,1.590389015,1.0009608063826,2589.25744710077,1236.38873171684
"alpha[62,3]",1.63957653575,1.638527,0.0407228400343238,0.04040248086,1.573583745,1.709547315,1.00113990069223,2116.17340284682,1450.28784995142
"alpha[63,3]",1.8656098711,1.86384405,0.0510328157440192,0.0507059578200001,1.78167043,1.95039872,1.00062667905182,1815.70392239325,1319.69206122919
"alpha[64,3]",1.6743307534,1.67312405,0.0452828146408459,0.0452155934999999,1.603448495,1.751166015,0.999590348910289,2171.52981377296,1464.5769542021
"alpha[65,3]",1.5694280488,1.5678328,0.0499511247534366,0.0497582799000002,1.490098725,1.65494092,0.999877279494168,2052.81783572589,1649.81002225743
"alpha[66,3]",1.63680810855,1.6356027,0.0436687136919207,0.04346338269,1.567394135,1.71195413,1.00031789011581,2223.8218450879,1508.82663512611
"alpha[67,3]",1.4334216361,1.4313489,0.0422455780591062,0.04224861438,1.36879953,1.50709621,1.00324268703021,2659.47901119682,1480.05244653548
"alpha[68,3]",1.7864495359,1.7855131,0.0415475217976262,0.0419045029200001,1.72072906,1.85812033,1.00802318199749,2206.03578773059,1318.73346732432
"alpha[69,3]",1.61239538795,1.6108794,0.0404111552358251,0.0420690715200001,1.547194535,1.679448365,0.999939032469113,2588.89085720227,1780.24756596068
"alpha[70,3]",2.13819817995,2.13630095,0.047745402701747,0.0476996898,2.06035058,2.217563855,1.0009906852692,2515.4425541614,1412.56180194883
"alpha[71,3]",1.69178436045,1.6905892,0.0567355913277646,0.05647935048,1.601342245,1.788175985,1.00599772348088,2242.47473774328,1478.25650632657
"alpha[72,3]",1.7727778497,1.7719733,0.0430401285859892,0.0412758063900001,1.703220615,1.84458117,1.00201342007086,2105.05150524969,1636.77356787639
"alpha[73,3]",1.72874084425,1.7269927,0.0595218483031757,0.0579801864599999,1.63618666,1.832119365,1.0015999931956,1715.57875277176,1529.72949324863
"alpha[74,3]",1.86910820945,1.8673193,0.0511642294829173,0.0497476051800002,1.78888854,1.95537157,1.00045355811115,1798.07914335675,1390.84409612735
"alpha[75,3]",1.62402741295,1.62321595,0.0402624142670094,0.0390074283899999,1.558731045,1.692889125,0.999213609225661,2687.93026244079,1763.16050635053
"alpha[76,3]",2.13140683255,2.129699,0.0478903648218423,0.04653725727,2.056666965,2.212885065,1.00047279478593,1876.90290816391,1104.86670079665
"alpha[77,3]",1.8249041124,1.82394365,0.046815794266942,0.04531700334,1.751874915,1.90693487,1.00022808385309,2359.12239043092,1601.77936185325
"alpha[78,3]",1.77432047295,1.77282675,0.0511419436642023,0.0504462063000002,1.693030585,1.860022505,1.00234170246714,2053.70799111045,1753.12042894183
"alpha[79,3]",2.04003124945,2.03731245,0.0507038637623697,0.0509049227400002,1.960824965,2.126614355,0.999553382672883,2830.75688415389,1626.04854110739
"alpha[80,3]",1.84450338925,1.8427953,0.046513522204096,0.04662591675,1.77159144,1.92019442,0.999460565462392,2434.32096876563,1558.82421814097
"alpha[81,3]",1.7174414574,1.716369,0.0463182146148967,0.0460981111500002,1.645752585,1.794816055,1.00055390139793,2381.94980196209,1750.94679721068
"alpha[82,3]",1.47272550185,1.4694837,0.048876320749258,0.0461038932899999,1.398270385,1.55811767,1.00043446847682,2110.75513932339,1338.3335905325
"alpha[83,3]",1.49054818075,1.48802485,0.0437131913723474,0.04477474239,1.421825765,1.56433881,1.00042102936333,2227.44182763308,1699.23722227344
"alpha[84,3]",1.74588470275,1.74390535,0.0397658460721319,0.0407158283699999,1.68265609,1.814287015,0.999759836162085,2545.11149197653,1897.76737920877
"alpha[85,3]",1.6191421352,1.6178379,0.0493532143770457,0.04760717556,1.541147695,1.705395925,0.99947184923911,2151.31587708242,1982.45135631095
"alpha[86,3]",1.86147207515,1.8587428,0.0542193131921056,0.0521018998499999,1.777278955,1.95236625,1.00175841391736,2408.07277734306,1781.71822565156
"alpha[87,3]",1.70571420915,1.70314435,0.0569510677076773,0.0566964772499998,1.616023915,1.8039756,1.00157610494256,2021.73215437674,1757.57281767008
"alpha[88,3]",1.8044848634,1.80258495,0.0503710225225021,0.04987918593,1.724159705,1.891886915,1.00170301398289,2414.61793818017,1554.92957209495
"alpha[89,3]",1.6827758285,1.68163885,0.0400114973088305,0.0413168744100002,1.621133395,1.75042725,1.00076575387503,2609.83077492402,1547.21853577531
"alpha[90,3]",1.56321310175,1.56216015,0.0378828638551599,0.0384957089999999,1.50092391,1.626759665,1.00051139754924,2088.38911708199,1593.57162196444
"alpha[91,3]",1.69916230735,1.6981715,0.0424495092824761,0.04122398952,1.63438115,1.77205685,1.00157270219823,2362.4402826357,1524.95882499264
"alpha[92,3]",1.71163864025,1.7106289,0.0422526293756832,0.0415942688699999,1.64501731,1.784763805,1.00143189692918,2590.6737654966,1598.71361029129
"alpha[93,3]",1.49520462705,1.4936073,0.0424527877674806,0.0422920545600001,1.426164595,1.567328855,1.00243033900131,1869.30348634336,1602.9476807994
"alpha[94,3]",1.54664147915,1.5447986,0.0389257032327265,0.04076230788,1.48648514,1.613034075,1.0013044385253,2740.5744327667,1441.65761771387
"alpha[95,3]",1.55174995885,1.55045735,0.038253829371653,0.0376337253600001,1.492465745,1.61872773,1.0014152448405,2661.12475561782,1687.52291290478
"alpha[1,4]",1.52635428585,1.52248865,0.0605709432552335,0.0584205186599999,1.432135085,1.63192018,0.999624806991312,2205.47941969604,1353.69658056899
"alpha[2,4]",1.6688479479,1.6657909,0.101771599028191,0.10063896213,1.50882378,1.84672143,1.00067115060107,1635.96853441632,1667.46759555297
"alpha[3,4]",1.62602889735,1.62287265,0.0732902581475431,0.07140453642,1.513252725,1.753067365,1.00343881678336,2220.28146310156,1530.90361674596
"alpha[4,4]",1.4967501811,1.49349285,0.0678700635914352,0.06877937073,1.392795565,1.6137105,0.999644652747187,2617.847015152,1491.84979196986
"alpha[5,4]",1.44099285595,1.43629385,0.0947918104478991,0.09611703213,1.289506935,1.598222635,1.00005944266317,1718.33325774387,1297.29084119004
"alpha[6,4]",1.5245325572,1.5180871,0.0857478461260797,0.08401219617,1.39814696,1.677054685,1.00087034039127,2202.42216395247,1534.18985186377
"alpha[7,4]",1.5421467278,1.5386836,0.0761244309369176,0.0744345260399999,1.4266818,1.671039,1.00020115239294,2209.28143683305,1376.09888311421
"alpha[8,4]",1.6013240227,1.59588975,0.0714486853210056,0.0718547279099999,1.491321325,1.72797228,0.999658553175578,2673.55056247176,1696.43313039119
"alpha[9,4]",1.86349977445,1.8603009,0.081906853484769,0.0793531256699999,1.733780525,2.008318315,0.999668779768264,3351.8870477133,1784.62901751089
"alpha[10,4]",1.53442087775,1.5316064,0.0673692566902772,0.0682097558100001,1.430807995,1.646759595,1.00148914838138,1798.81062605515,1751.61729142659
"alpha[11,4]",1.5883223983,1.5853485,0.0691169836584335,0.0682735817400001,1.48196789,1.707307745,1.00326212455409,2750.73252765447,1749.10548711122
"alpha[12,4]",1.24291099385,1.2396503,0.0523357626058162,0.05003760174,1.16134142,1.334246455,1.00019428737009,2498.25555761343,1316.89002855114
"alpha[13,4]",1.6827212051,1.68013315,0.0582823460559407,0.05878116111,1.592223535,1.781030335,1.00082484099939,2762.90495746134,1474.90405608896
"alpha[14,4]",1.7574516979,1.7536658,0.0981896268823229,0.0960306706799999,1.605698685,1.9257141,0.999671182489551,2300.98893458271,1653.41180842637
"alpha[15,4]",1.7021970581,1.69816905,0.085648259297735,0.0851797436700001,1.57081734,1.85243093,1.00120421797883,2168.82224840581,1484.29019236259
"alpha[16,4]",1.3024743153,1.29640745,0.0690780470972389,0.06901562304,1.19847237,1.426095145,1.00222292424663,2286.75647685682,1394.83324186992
"alpha[17,4]",1.89954753695,1.8969507,0.0600625076092274,0.0593455127999999,1.80379178,1.999895275,1.00032022400669,2329.71022956112,1505.47142726736
"alpha[18,4]",1.4784636573,1.474609,0.0572890242230681,0.0570650516100001,1.393342725,1.57938475,1.00086264683421,3314.33180749982,1424.86540837565
"alpha[19,4]",1.6588510254,1.65650005,0.0645984560479995,0.06469577142,1.554721575,1.7673015,0.999703941742425,2327.68061133656,1761.63598827664
"alpha[20,4]",1.6720290475,1.6684486,0.0877092546799891,0.0872561991,1.53587059,1.82965784,1.00081652481483,2238.67284896833,1528.56454682958
"alpha[21,4]",1.5194229595,1.51520025,0.0640081044949167,0.0620380626599999,1.421276775,1.63136712,1.00109653231049,2756.0543707155,1559.69857914117
"alpha[22,4]",1.46845070945,1.46409905,0.0699362938310795,0.0719697035400002,1.361740825,1.59095269,1.00060601975552,2098.59382300647,1300.66994348948
"alpha[23,4]",1.422630115,1.41904465,0.0692241331143592,0.0694000612200001,1.31635548,1.53413139,0.999645028120196,2504.13513146111,1315.03204354033
"alpha[24,4]",1.4070215226,1.4037953,0.0664398750769954,0.0651212776199998,1.302892275,1.52198216,1.00071821874603,2167.03650284491,1483.36912584309
"alpha[25,4]",1.47712682705,1.4716294,0.0897077015602694,0.08767028928,1.33393075,1.63113221,0.999915451118394,2189.79630574717,1608.50282504974
"alpha[26,4]",1.450643001,1.4453067,0.0940635069186096,0.0895751337600001,1.300422195,1.609143645,1.00383505102628,1470.1152637875,1355.08359518077
"alpha[27,4]",1.6538625723,1.648813,0.0967601973170936,0.09757820856,1.50188267,1.8175891,0.999585309549075,2546.58286511695,1383.6222728423
"alpha[28,4]",1.7102529611,1.70538635,0.0687694034216133,0.07014239904,1.60245802,1.828030955,1.00023429109528,2402.03264506935,1636.58638713329
"alpha[29,4]",1.6795575782,1.67431175,0.102365789954505,0.09948631476,1.51755123,1.85155657,1.00536138307872,2710.19712051491,1147.84976533611
"alpha[30,4]",1.4372725931,1.4345018,0.0755286031715203,0.07469027454,1.31706542,1.55729755,1.00015572774311,2275.3866646514,1294.34490395742
"alpha[31,4]",1.4638085578,1.45891245,0.0703649265428407,0.06831390846,1.35377593,1.589639395,1.00106796699285,2983.62506528682,1437.02437784675
"alpha[32,4]",1.59742945415,1.5934483,0.0679318781054858,0.06650313495,1.491573425,1.71132183,1.00143852487695,2487.70151916921,1559.63936606676
"alpha[33,4]",1.3322298141,1.33067775,0.0856375812652606,0.0872653912200001,1.19793649,1.47938805,1.00091625302364,2735.19447283162,1369.01244708947
"alpha[34,4]",1.5216360418,1.51578295,0.0774448822238595,0.07513631475,1.40011548,1.65481201,1.00116479142399,2060.54860125217,1601.59818249174
"alpha[35,4]",1.72407928685,1.72508595,0.103427089920751,0.10307606001,1.553651925,1.8944596,0.999330278454101,2288.78807316365,1762.27082124596
"alpha[36,4]",1.5143847001,1.5082063,0.108644440994105,0.11037297243,1.344263505,1.696521535,1.00179286749587,2193.89792518307,1415.17784071201
"alpha[37,4]",1.8374332494,1.8359393,0.104028165335345,0.10498720554,1.670941,2.01281167,1.00102926343481,2018.23854297076,1472.25939238326
"alpha[38,4]",1.79870362475,1.7993437,0.129439180983658,0.12654057717,1.5889616,2.012625165,1.00173678765329,1473.80987027596,1752.70223508942
"alpha[39,4]",1.5968167953,1.5932307,0.0717573300908221,0.0724629645599999,1.48596645,1.71859831,1.00017794426059,2769.78461201216,1370.06467550807
"alpha[40,4]",1.36595192865,1.361406,0.0601373588531939,0.0591438791999999,1.275298635,1.46829157,1.00019133645115,2850.47917668417,1355.41698108995
"alpha[41,4]",1.5818840651,1.57715175,0.0778946241989348,0.0795987183600001,1.456927785,1.713529095,1.00054239197506,2175.86840361603,1606.21216880991
"alpha[42,4]",1.84508943335,1.83980175,0.0739387019475742,0.07213642191,1.73261251,1.97712127,1.00071891017671,2862.48475688103,1687.15454211258
"alpha[43,4]",1.5159278009,1.51363135,0.0664994954369368,0.0652434438600001,1.414053015,1.63022642,1.00097823119778,1943.38573594938,1690.12311000462
"alpha[44,4]",1.42257443245,1.418128,0.102554831958799,0.10141606692,1.26391329,1.600305,1.00091308112691,2498.66463281966,1840.1152368317
"alpha[45,4]",1.5758920934,1.57399895,0.0931975377906472,0.0914690069999999,1.433467305,1.73507903,1.00062070034536,2246.93180066844,1776.27329255587
"alpha[46,4]",1.49279472755,1.4883929,0.063480676626778,0.06251894397,1.393139255,1.60222465,1.00091812717424,2840.24855305117,1373.62405515476
"alpha[47,4]",1.2678710862,1.26349995,0.0729655305709908,0.0713619858,1.155381215,1.394327405,1.002476248393,2477.89354520908,1422.00057812451
"alpha[48,4]",1.54938833395,1.544415,0.0787441366826724,0.0761008943100001,1.42923429,1.689246865,1.00014822054042,2281.31940373917,1553.16268779996
"alpha[49,4]",1.578502621,1.57506415,0.0752077027271277,0.0740731422900001,1.46017908,1.70763429,1.00313281718535,2443.6584982108,1278.9308315861
"alpha[50,4]",1.7256431324,1.7281056,0.117610422956215,0.11888027949,1.5299075,1.92138628,1.00133619602038,1725.53071753729,1711.01262849597
"alpha[51,4]",1.44673840815,1.4434471,0.0873799862425367,0.08520101898,1.30946173,1.597602545,1.00001755908031,2923.21843925219,1695.42613659657
"alpha[52,4]",1.75510464525,1.74836475,0.0837173974152981,0.0840135305099998,1.624997245,1.896011035,1.0024371767767,2100.39431117835,1634.96886742355
"alpha[53,4]",1.84387227485,1.8408958,0.0652460202581344,0.0647644157999997,1.7419535,1.957344395,1.00092113490182,2593.84098401354,1422.24775480773
"alpha[54,4]",1.2148134874,1.20827345,0.0724439392514901,0.07226392551,1.10846476,1.341839275,0.99989526792763,2274.35400698795,1396.97199674548
"alpha[55,4]",1.706344948,1.70587345,0.117976645536165,0.12194740824,1.51752449,1.89529077,1.00090351641621,1719.05122349784,1410.69033945757
"alpha[56,4]",1.5557965255,1.5521022,0.075379525655951,0.0720020983499999,1.43943244,1.688480995,0.999775813237726,3047.17226949194,1463.94453655949
"alpha[57,4]",1.30087529605,1.29711675,0.0739090561520258,0.07495988535,1.185377335,1.42765332,0.999382742873516,2536.24421023053,1670.63355564407
"alpha[58,4]",1.53627614595,1.53158215,0.0986029882502319,0.09788977695,1.37930455,1.70293754,1.00211456130075,1387.04828448565,1401.3472746126
"alpha[59,4]",1.4392675145,1.43734825,0.0861600018196002,0.0851220705300001,1.298740415,1.582885635,0.99974510536987,2232.03004689763,1449.68062814514
"alpha[60,4]",1.539749441,1.53695925,0.0697431448417018,0.0722508045000001,1.425995675,1.65619299,1.00130794792379,2527.25195573672,1629.64856187901
"alpha[61,4]",1.2636696568,1.2604578,0.0614716690912288,0.05929851438,1.171233045,1.371069145,1.00041680546176,2380.9603144865,1536.62854096725
"alpha[62,4]",1.3722063919,1.3683492,0.0979419822556633,0.0963952420199999,1.216259525,1.54005252,1.00079146319465,1890.26237608624,1591.12142038812
"alpha[63,4]",1.6737513909,1.6710741,0.0881380378989713,0.08666352975,1.537275605,1.82205854,1.00193827938666,2298.43915442126,1654.4105137715
"alpha[64,4]",1.54251096485,1.5387496,0.0859261565929839,0.08777006826,1.40916984,1.68540447,1.00069396658051,2422.59239634254,1496.96533409775
"alpha[65,4]",1.5823450141,1.57850045,0.0666696522808887,0.0661527965699998,1.47959728,1.69978786,0.999959131653105,2597.51486149021,1530.32577650189
"alpha[66,4]",1.52120786235,1.516703,0.0711244665414298,0.0699749393699998,1.411330575,1.640692475,0.999787383100981,2509.48229895207,1683.92338068308
"alpha[67,4]",1.36898634365,1.36546835,0.0526921163740857,0.05232369681,1.28961408,1.46261223,1.00071849229896,2793.58264015848,1592.36702167159
"alpha[68,4]",1.52751213315,1.52352555,0.0828448768391242,0.08328913215,1.39942815,1.673025165,1.00326253983391,2134.31330148445,1800.6798109109
"alpha[69,4]",1.45864211925,1.45452355,0.0782200082277614,0.0778323487199997,1.33643315,1.59330384,0.999799980019264,3055.03371750333,1494.77995047648
"alpha[70,4]",2.00591713565,2.00141895,0.0743937461871113,0.0727348733999996,1.889618675,2.13035539,1.0018436235075,2604.34259181913,1686.78522709946
"alpha[71,4]",1.55829542715,1.55449565,0.0880099592809997,0.087043446,1.420968985,1.707757795,1.00187730876733,2525.08513339809,1582.06094818524
"alpha[72,4]",1.68280723495,1.6790045,0.0784194067019257,0.07397988675,1.558267675,1.818347585,1.00217464676836,2228.000520795,1533.33573649257
"alpha[73,4]",1.67215265305,1.67077995,0.0907393886240563,0.0887761606199999,1.524735095,1.824335285,1.00112971453623,1969.4595032756,1541.32881099675
"alpha[74,4]",1.68877404385,1.6885485,0.1068996449692,0.10675394583,1.516840405,1.867306135,0.999807739983088,1668.23638020688,1490.48904482886
"alpha[75,4]",1.4966575956,1.4937406,0.0685052825731343,0.0701146002899999,1.39131442,1.61043442,1.00059280484546,2795.55668638393,1595.72184159671
"alpha[76,4]",1.8181303872,1.81656115,0.115677689397323,0.11269509468,1.630570915,2.0136539,1.00001467935917,1703.90762402322,1772.40487302811
"alpha[77,4]",1.59057933655,1.5874788,0.0714225807942194,0.07164034395,1.47679191,1.716890155,1.00044591012521,2527.00994349652,1600.26075703129
"alpha[78,4]",1.76557706995,1.76092335,0.0735814114521443,0.0740191015199998,1.652274135,1.88805562,1.00184925597733,2479.3690874897,1181.72095325255
"alpha[79,4]",1.84697457825,1.8432584,0.0781909381792545,0.07414178667,1.72389617,1.983005225,1.00170181844332,2386.35219739577,1276.47578736762
"alpha[80,4]",1.7503030613,1.74462035,0.0794838073503087,0.07992956055,1.62491552,1.8831343,1.0028428709178,2190.94116729836,1614.10401512296
"alpha[81,4]",1.52216810525,1.5206652,0.1011913985143,0.1006033056,1.359740645,1.689378405,1.00098883775769,1841.34149590177,1473.75101028023
"alpha[82,4]",1.5718022382,1.56749505,0.0566058893556258,0.0574517878199999,1.487312895,1.67188311,1.00173093719289,2788.97365230853,1496.84382400343
"alpha[83,4]",1.3879662554,1.38291165,0.0931604656051097,0.09243447612,1.24812341,1.54990752,1.00014689369699,2316.9903492707,1668.59287956827
"alpha[84,4]",1.4950347702,1.4900026,0.0896368920867575,0.08730164079,1.35844922,1.65124639,1.00084129861344,2102.56673321365,1739.75023636192
"alpha[85,4]",1.6260031487,1.62192045,0.077864383763079,0.0757438842299998,1.5007357,1.75855613,1.00134569935373,2301.6946974773,1644.2043274109
"alpha[86,4]",1.791692463,1.7898743,0.0752052583737938,0.0726415437300003,1.675326065,1.922412095,1.00052945906929,3368.97075304406,1552.41243983875
"alpha[87,4]",1.70556604975,1.70270325,0.0720843521634577,0.06917463189,1.593591435,1.82952954,0.999355286055009,2656.33985624362,1510.90127530725
"alpha[88,4]",1.67889076915,1.67451565,0.0711453905531932,0.0712011237,1.57034391,1.799528075,1.00063699832694,3062.09130633888,1557.13406642919
"alpha[89,4]",1.55183625205,1.5469057,0.0800011118083091,0.0806748635700002,1.42906634,1.69555468,0.999403911727926,2312.89586669355,1432.53008475647
"alpha[90,4]",1.31953073805,1.3170302,0.0865972155237624,0.0843680942999999,1.18072039,1.46619661,0.999695715553805,2941.40103805106,1679.57216515171
"alpha[91,4]",1.500917078,1.49756595,0.0816795606549468,0.08160934635,1.372611605,1.63946121,1.00167818191786,1969.73502817294,1345.39911487516
"alpha[92,4]",1.52222314665,1.51912545,0.0803896621370831,0.0807403944899999,1.39659003,1.660387025,1.00231857636354,1940.76165865411,1640.23173111778
"alpha[93,4]",1.50516330795,1.50108195,0.0719276022025921,0.0698142996600001,1.39491706,1.630788915,0.999845515466323,2857.49365799034,1584.023521623
"alpha[94,4]",1.2564106729,1.2512376,0.063105681124686,0.0645432118799999,1.160787105,1.36735658,0.999221987625878,2328.15853941587,1462.13775313146
"alpha[95,4]",1.35956930495,1.3569129,0.0579239702929331,0.05660737299,1.269837025,1.45878354,1.00232981949128,2414.20841182297,1314.04833550639
"tau[1,1]",0.186722595025,0.187668505,0.0159610101863825,0.015825709767,0.159569005,0.2125537655,1.00065049017454,803.846082481243,897.23047203582
"tau[2,1]",0.19511591309,0.194795615,0.0198545755915512,0.019315624146,0.1632831825,0.227898527,1.00050469502207,1217.06813046273,1142.95404865934
"tau[3,1]",0.2149240262,0.215146485,0.0153887113747686,0.015356956125,0.189314667,0.2396232495,1.00096097553561,941.952792914696,1202.483761368
"tau[4,1]",0.241984023325,0.24207965,0.0154907660635484,0.015240119832,0.2159246865,0.2670287805,1.00352618600659,1166.22885261771,1214.85322750075
"tau[5,1]",0.18883715095,0.18964261,0.0215953221717987,0.020475098889,0.151972014,0.223262591,0.999647825039366,986.200647010948,911.290027888153
"tau[6,1]",0.216608328645,0.21677608,0.0182555232658612,0.018920303682,0.1863371195,0.245758244,1.0024489118584,1170.29016724628,1165.27024818065
"tau[7,1]",0.208402351585,0.207924825,0.0176171049549206,0.017066512533,0.1795354605,0.237482884,1.00001316750195,1223.68343729489,1478.89413077643
"tau[8,1]",0.182062189465,0.182467735,0.0168119439925836,0.01668673713,0.1529615045,0.2090476465,1.0021247037673,1212.39611017929,1166.26033519679
"tau[9,1]",0.19267182068,0.192666915,0.0228302608674404,0.023023777245,0.1556274065,0.2304055875,1.00142920948893,865.284747202988,1017.70351439255
"tau[10,1]",0.21447388659,0.214217135,0.0197984128801338,0.01962762249,0.181959101,0.247252495,1.00075113472575,1098.8571825078,1271.81811887014
"tau[11,1]",0.183457490245,0.18358636,0.0182339590549626,0.017956220793,0.1528425055,0.2121713405,1.00313260836035,1094.27817194527,1068.58551362232
"tau[12,1]",0.196677050895,0.196918835,0.0166505954000705,0.016807035294,0.168385412,0.2237059355,1.00638505239982,1059.01901508201,1235.94091005498
"tau[13,1]",0.190994293525,0.19102374,0.0156215291644861,0.015615447435,0.164781531,0.215291283,0.999788171375372,1165.72670570008,1272.75150992851
"tau[14,1]",0.17158214831,0.17173073,0.0193240633528161,0.01890033306,0.139264121,0.2016138,1.00016467983265,1108.93326464179,868.602194577556
"tau[15,1]",0.23562887138,0.235787185,0.0159616648241723,0.016502338755,0.2087808805,0.2613706475,1.00045842728895,976.200239206797,1651.01202541036
"tau[16,1]",0.178729155375,0.17875033,0.014510359579699,0.014468130012,0.1550981755,0.20263595,0.9998864548183,874.763101753484,1020.37885902482
"tau[17,1]",0.194336865205,0.19398757,0.0206643548673661,0.020539154622,0.160983984,0.228812029,1.00343987002845,1119.90495540555,1219.68910710036
"tau[18,1]",0.16546974117,0.16580314,0.0163010419547574,0.015820446537,0.1388065245,0.1928855765,1.00085093646897,1078.79437455088,1151.15104738814
"tau[19,1]",0.19260728855,0.192881115,0.0171616375914213,0.016850186367,0.163464991,0.220537102,1.00550279238568,1447.5480404034,997.153804512841
"tau[20,1]",0.185607173995,0.186042555,0.0193157552732047,0.019188706173,0.1538550595,0.2163632375,1.00096499984101,967.680776376318,1067.64539265219
"tau[21,1]",0.202058709905,0.2023372,0.0139406155747521,0.013644538299,0.1793037315,0.224719505,1.00016537823849,1126.82243709061,1061.4519230648
"tau[22,1]",0.22083897679,0.221516605,0.0168560025201771,0.016873463187,0.1930326495,0.2477563085,1.00661543466984,853.957606312624,1217.6152541898
"tau[23,1]",0.17943723598,0.179485315,0.0139963075676417,0.014110912368,0.156643595,0.2024145895,1.00072986169545,1191.81727571777,1108.42941128585
"tau[24,1]",0.198053153005,0.19856311,0.0175603383105998,0.017412632916,0.167554787,0.2252480695,1.00151030928923,961.807170459447,1265.55694129667
"tau[25,1]",0.22528119772,0.224944455,0.0187761843423694,0.019283281227,0.1948298155,0.2557450705,1.00214007769155,1044.7521150374,943.215900774927
"tau[26,1]",0.17214451757,0.172777425,0.0169849147540352,0.016866561684,0.143101658,0.1988141005,1.00225223766635,958.10280521625,1095.00721125745
"tau[27,1]",0.238862344825,0.238611965,0.0183149135186533,0.017735417175,0.2092185105,0.2692263075,1.00083384213839,1060.79226941383,1153.01485516622
"tau[28,1]",0.20670226764,0.206805455,0.0176041069134758,0.016784729577,0.1769646825,0.236739468,1.00059369650115,1010.94421871443,1138.21403093712
"tau[29,1]",0.20460435303,0.20482294,0.0199976682307659,0.019699839936,0.171730096,0.237219029,1.00033496354227,1238.4031970225,1358.62224845683
"tau[30,1]",0.17023823281,0.170244075,0.0167929218309696,0.016861379997,0.1423201655,0.1977057565,1.00164200156427,1024.32694983686,1022.27018338997
"tau[31,1]",0.20902390379,0.209729965,0.0163551759706122,0.016420224954,0.181895237,0.234525236,0.999696469174665,1000.80368115265,1117.98101888455
"tau[32,1]",0.152598687463,0.15277589,0.0197884213133393,0.019735125816,0.11989274,0.1840483005,1.00130841258715,875.821044053129,1093.43014164462
"tau[33,1]",0.1601090523915,0.160184075,0.0181641102790625,0.017913573804,0.129786209,0.190168413,1.00256023174891,791.513160861899,1009.59879791986
"tau[34,1]",0.20576511526,0.205616735,0.0184588425210053,0.017644771011,0.174595267,0.235917555,1.00314249690863,731.074315392052,1086.53068887002
"tau[35,1]",0.199750256575,0.200081695,0.0230554359095297,0.021719637807,0.162586701,0.2384473565,1.00316033334555,1058.46242429615,1356.24592135497
"tau[36,1]",0.21307151894,0.21355546,0.0166427232174034,0.016601665542,0.1852521305,0.2409037215,0.999665543373039,871.364231519488,1089.14972781067
"tau[37,1]",0.183885888405,0.18304141,0.0209014088580129,0.019941792843,0.1511563035,0.219590896,1.00066622097338,1230.25202636027,1109.74742180867
"tau[38,1]",0.20292761414,0.20317451,0.0191557825662905,0.019473617415,0.1712603205,0.233528926,1.00227540850381,1103.57942065766,1007.97184005096
"tau[39,1]",0.211651746615,0.211756225,0.0133753402163867,0.013347173217,0.1889282375,0.233492283,1.00061601296209,1239.48912437343,1275.74337366137
"tau[40,1]",0.173701521555,0.17447967,0.014720163946426,0.014593580211,0.148880872,0.1968809025,1.00116840852954,870.127489095688,1041.17830608056
"tau[41,1]",0.19931461938,0.19903414,0.0222774789868264,0.02193121224,0.1627010445,0.2373175845,1.00015635368695,1071.14497984852,1100.63541179081
"tau[42,1]",0.1617065693825,0.16180288,0.0200098940199878,0.019714317525,0.127934511,0.1932715145,1.0000029987232,1047.61702808138,936.571841179365
"tau[43,1]",0.22240482013,0.22221938,0.0160078717127467,0.016311809829,0.1967892875,0.249288981,0.999921190079757,1027.25384707434,1358.98663390441
"tau[44,1]",0.1430759891395,0.14380961,0.0175966781080422,0.018310006218,0.113188618,0.170674643,1.00045705356337,756.999936129695,822.141512569084
"tau[45,1]",0.18485734521,0.18484237,0.0179250861568852,0.018251184063,0.1553349965,0.213595073,0.999851366978131,1025.36917859552,992.065196377094
"tau[46,1]",0.209731490645,0.209675065,0.0181460885030315,0.018254505087,0.17958671,0.2391556005,1.00148752125808,1278.22359576023,1337.02654112119
"tau[47,1]",0.21067151689,0.21062108,0.0176721815297317,0.017823750483,0.1810845045,0.2384873045,1.00579709032715,462.963750336481,883.15542349885
"tau[48,1]",0.17406018165,0.174293655,0.0208135856629348,0.020389893867,0.139840334,0.20791132,1.00375000125685,961.940935167469,1003.40494947414
"tau[49,1]",0.234919498985,0.234416215,0.0209648493188663,0.021727436283,0.20185566,0.270167369,1.00072692106572,904.05558162874,1100.80183693396
"tau[50,1]",0.190125589695,0.190370245,0.0199638689071377,0.019450325769,0.1560719835,0.2218616775,0.999750443448557,923.975701415694,948.42452796105
"tau[51,1]",0.16913166803,0.16981438,0.0168953084622588,0.017315151966,0.1404884135,0.1964053735,1.00113920747289,1301.6292413769,1321.3176565954
"tau[52,1]",0.20593588,0.20620847,0.0203195056811775,0.019945225062,0.1727284085,0.2387091435,1.0016193202518,626.910240041366,630.547340219681
"tau[53,1]",0.180177303815,0.18082468,0.0190281037250655,0.018846840852,0.149048091,0.211424091,1.00034497050285,927.186968599944,820.897783996092
"tau[54,1]",0.20098886574,0.20116537,0.0151570655264053,0.015461694402,0.1759778975,0.2254186315,1.00222856851557,1259.10162299254,1316.73095682093
"tau[55,1]",0.226447076205,0.226714445,0.022575230252167,0.02201905629,0.1890212695,0.264120031,1.00045581917749,919.100804136098,983.937381108607
"tau[56,1]",0.162409690377,0.162842255,0.0183749644027663,0.018244971969,0.132593087,0.1917603625,1.00013197556966,960.398130042007,1063.47170617877
"tau[57,1]",0.17856774763,0.17886474,0.0164684736908382,0.016437652917,0.150984891,0.205804947,1.00049928172886,1022.46017418127,1236.95757163944
"tau[58,1]",0.173302211722,0.17375055,0.0189145779370142,0.018340762755,0.142359856,0.205102209,1.00116697597993,1070.72730792198,1004.04431296114
"tau[59,1]",0.17317281635,0.17379168,0.0169985833659155,0.016745833566,0.144582987,0.199525021,1.00224309397491,898.892958024239,1209.78765030951
"tau[60,1]",0.15828426011,0.15842284,0.0191250925582689,0.018593464512,0.1264273285,0.189805859,1.00065599536743,1019.05017545726,1212.80238970631
"tau[61,1]",0.20183768493,0.202019735,0.0141947711687736,0.014330255625,0.178022432,0.2247097835,1.00026378369819,1333.88247766946,1348.89796946748
"tau[62,1]",0.195439062095,0.194895295,0.0171545568676716,0.017363751594,0.167200514,0.2240508055,1.0001489968013,804.232820306479,1088.35361508088
"tau[63,1]",0.183307027615,0.184067525,0.0210073200931643,0.02119243266,0.1474221505,0.21840004,0.999840401273468,1146.49529693475,1117.64774820117
"tau[64,1]",0.188324624895,0.18891035,0.0193031193298181,0.019018370259,0.155805431,0.220034823,1.0027583291824,814.855527931496,1125.36512338058
"tau[65,1]",0.212557811685,0.21295984,0.0190507114505612,0.018836440413,0.180250184,0.242649753,0.999538540233952,1218.4616464867,1279.65952701037
"tau[66,1]",0.208645487305,0.20902216,0.0196604057168926,0.019442171469,0.17532595,0.2399670295,1.001419619074,1058.27093888657,1321.74990147718
"tau[67,1]",0.20047063969,0.20058198,0.016619799863756,0.016474881003,0.1724665835,0.226878023,0.999650541629842,1124.93414241303,1291.782241237
"tau[68,1]",0.193958611375,0.194261905,0.0156307300537342,0.015627893862,0.167842087,0.2189066985,1.00125368131018,960.06382245093,1017.3793825037
"tau[69,1]",0.168429241415,0.168633105,0.0151351837656074,0.01477144032,0.142661395,0.192630466,1.00197189633862,1319.1761402729,1237.5272186051
"tau[70,1]",0.206509818375,0.206617085,0.0180750312712641,0.017579225265,0.176267303,0.236633708,1.00096787228233,986.248540338683,1151.48802910815
"tau[71,1]",0.194153694595,0.19443719,0.0177082561090109,0.017592220254,0.163840544,0.222490088,1.00118844859989,1100.89661211273,1198.06652446177
"tau[72,1]",0.213404452865,0.213120205,0.0197454366248263,0.019382467167,0.180612137,0.246528788,1.00150938274733,969.73408485736,1136.22862354475
"tau[73,1]",0.216720672935,0.21556556,0.0218386170233427,0.021250350429,0.181226179,0.253717514,1.00256715019516,924.560070222706,944.940673443674
"tau[74,1]",0.19226723836,0.192530965,0.0177636846762584,0.01754649687,0.1626463495,0.2212866155,1.00000156670851,983.332053372584,1428.72057430695
"tau[75,1]",0.1565785851285,0.15695628,0.0177093182964306,0.018042826872,0.126587727,0.185182539,1.00007758308914,1072.06163717784,880.217345242433
"tau[76,1]",0.18520446297,0.185434725,0.0178261342941724,0.01791507123,0.154702196,0.2141681525,1.00061628706147,868.538677762148,1061.14358496365
"tau[77,1]",0.20091906199,0.20111804,0.0182205272612025,0.018691271634,0.169985519,0.230987281,1.00314787666092,1067.53944430825,1001.78054056154
"tau[78,1]",0.21906581912,0.21888985,0.0172130565823831,0.017261333586,0.1907682495,0.247180834,1.00001809601457,1002.10914583941,944.887986815087
"tau[79,1]",0.198416101915,0.199140375,0.0185642325380387,0.01863509592,0.167576828,0.2288283195,1.00079438688865,1304.57743399429,1349.54599265239
"tau[80,1]",0.204446418635,0.204661225,0.0158270316092265,0.015593534607,0.1788188795,0.230357492,1.00328944521813,815.611349467147,907.806422052924
"tau[81,1]",0.214910667665,0.21523345,0.0144517824395124,0.014359492497,0.191387885,0.2380585085,0.999749271599041,1173.82716040827,1119.03733446456
"tau[82,1]",0.17569307808,0.175977245,0.0169507226539107,0.017302194042,0.147624389,0.20197497,1.00068290467939,1275.90375010711,1568.90845876424
"tau[83,1]",0.20548782982,0.20549198,0.0154477027406776,0.015519108087,0.1796630855,0.229852564,1.00252294506401,1365.00858702748,1272.78347737474
"tau[84,1]",0.18866682352,0.189239765,0.0153616905977928,0.015359091069,0.1621558785,0.2127639965,1.00089077023821,1168.1153996323,1193.18267364315
"tau[85,1]",0.20650321094,0.206692485,0.0177613605189205,0.017302913103,0.177590114,0.2363792675,1.00370128753621,1073.27103502226,1123.9011807068
"tau[86,1]",0.16969583946,0.1694336,0.0163245714789484,0.015960811692,0.1434069465,0.197120705,1.00146133256571,1198.18637833578,1237.84240171607
"tau[87,1]",0.20344056682,0.204009875,0.0146883966336153,0.014907654195,0.1788602015,0.226838965,1.00100156077182,1081.32538246249,1388.77667586868
"tau[88,1]",0.19671459201,0.196997025,0.0193236982731614,0.019103263935,0.1652268485,0.2279823085,1.00159680950002,1126.69429451725,1074.44369713426
"tau[89,1]",0.207080171255,0.207242055,0.0166078421831999,0.01729178619,0.1795463505,0.234282421,0.999952295717366,944.070119596944,968.005909241749
"tau[90,1]",0.18446991049,0.183884875,0.0179347370729208,0.017705335221,0.155617,0.2145083665,1.00097108792724,1272.08122395764,1142.10911157015
"tau[91,1]",0.22348634096,0.223714785,0.0192155205641639,0.020029896348,0.1915521345,0.253974303,1.00189542655279,929.121955925108,894.011068684848
"tau[92,1]",0.24712814599,0.247542325,0.0196147460613601,0.019354401549,0.2150828335,0.2792406425,1.00387741222203,834.47460358172,974.981967078862
"tau[93,1]",0.204854957605,0.204631365,0.0149967921425651,0.014872116273,0.180105623,0.2286700135,0.999746218680093,996.133216843384,1168.6313695275
"tau[94,1]",0.161410384931,0.16187162,0.0163003351737464,0.015953420931,0.133296242,0.186997185,1.00085042761021,1213.54365648377,1340.15927224121
"tau[95,1]",0.226566404555,0.226733085,0.0173902169758925,0.017990454027,0.197188181,0.2548709385,1.0006413494126,795.643843322146,1042.32104148679
"tau[1,2]",0.190643884315,0.19086651,0.0183319635842306,0.018195631041,0.160361591,0.220997125,1.00386601596627,659.264823617129,939.929193802329
"tau[2,2]",0.19651121223,0.196131165,0.0202284672579846,0.019713694833,0.1651815265,0.228989163,1.00178895324927,1209.73989990352,1060.06875091421
"tau[3,2]",0.210600260095,0.2111929,0.018418512255377,0.017456154639,0.1801708045,0.2399819975,1.00489232728921,992.528155078399,967.681049237923
"tau[4,2]",0.2393736902,0.23965585,0.018781204547486,0.018157164984,0.2086016145,0.270638524,1.00650399868568,1155.54064181811,1012.95040276768
"tau[5,2]",0.186950930175,0.18764622,0.0220646890311757,0.021186153849,0.149486638,0.2218618335,1.00154249731485,971.352386704676,863.672856968706
"tau[6,2]",0.21625689009,0.21652655,0.0196846308309578,0.019323089037,0.1844168295,0.248224484,1.00288527534803,1129.8539009939,1310.2274622902
"tau[7,2]",0.20776436846,0.207515465,0.0200700871435836,0.019311435801,0.1751656555,0.24106588,1.00282354401489,1182.54197016503,1279.92051206713
"tau[8,2]",0.186614397535,0.18724978,0.0195025943550326,0.01814161251,0.1543940205,0.2180106115,1.00153622081086,1019.74657068275,1151.97917050085
"tau[9,2]",0.195045756665,0.19484322,0.0234694356841496,0.022865961888,0.157409972,0.2349473765,1.00089801185386,946.977365737069,816.988282907953
"tau[10,2]",0.21320018635,0.213492855,0.0204698486210308,0.020164887078,0.1787824215,0.246443664,1.00188512546587,1001.05619775264,1344.44421465641
"tau[11,2]",0.18922535402,0.188909825,0.0205197695457465,0.019763124717,0.1554486755,0.224041318,1.0048195131533,1037.09438090015,1176.33695452631
"tau[12,2]",0.20045248313,0.200801275,0.018735046638081,0.018594368898,0.169462784,0.2297434115,1.00044559177385,1168.95734418961,1367.52368044658
"tau[13,2]",0.191457954025,0.191744385,0.0178068768906393,0.017443982493,0.162178457,0.2202564055,1.00254894491167,1080.99434811294,1038.18076676158
"tau[14,2]",0.172817606665,0.173413165,0.0212729733336603,0.020825911701,0.138151383,0.20818282,1.00112243219588,928.659880465034,893.845844140637
"tau[15,2]",0.23189064068,0.23174215,0.0186229318285838,0.017908866549,0.2013462755,0.262116582,1.00677554440198,1125.19392708336,1511.65197744979
"tau[16,2]",0.179121235405,0.179118715,0.0162080897308791,0.016544741115,0.1521986805,0.2054199885,1.00131174457109,898.375373646017,1043.52225705568
"tau[17,2]",0.195388455295,0.19487648,0.0212660946992912,0.021397802412,0.160488437,0.230655374,1.00407487483214,1111.5060378643,1177.39168981192
"tau[18,2]",0.168286348605,0.168645385,0.0189153867741699,0.018235898457,0.136850531,0.199305395,1.00428699960535,1143.79585897509,1481.51928174893
"tau[19,2]",0.193383716745,0.193635375,0.0179107941356475,0.0170966019,0.163728087,0.223734441,1.00887605639881,1414.02674670969,1191.48173722448
"tau[20,2]",0.186256755765,0.186584,0.0209820027323386,0.02082415482,0.151261055,0.2207750535,1.00345651813981,1032.40636334919,1074.31344711419
"tau[21,2]",0.201524600965,0.201438695,0.0172821845733192,0.016585082661,0.173225001,0.2292393945,1.01086016605662,1133.18907199334,1106.06333252924
"tau[22,2]",0.222249712055,0.22254289,0.0193161374569404,0.018548934621,0.1901541575,0.2533116375,1.00488711396548,912.030931446748,917.783560673733
"tau[23,2]",0.18068377393,0.18055148,0.016874421240473,0.016396051161,0.1540429355,0.2091116625,1.00123423488746,1216.71801001482,1190.21023646055
"tau[24,2]",0.19573108402,0.19613592,0.0193307629732079,0.018983447616,0.163786014,0.2270343335,1.00159459804338,932.486717052322,968.551833114526
"tau[25,2]",0.22306976387,0.22297457,0.0206039833247594,0.020690661516,0.1891787845,0.256556701,1.00297817701702,1124.92855691676,1040.66996166195
"tau[26,2]",0.17590587292,0.175915625,0.0199037115160051,0.019619045649,0.1434584455,0.207779727,1.00443008660264,753.724917829578,1051.66465947757
"tau[27,2]",0.2350982184,0.234958205,0.0203232571092474,0.019979613969,0.2021850045,0.2693836075,1.00431575084475,723.187637755341,840.058130139751
"tau[28,2]",0.206992290465,0.20674519,0.0192580197205456,0.019241486733,0.1756094015,0.239432679,1.00161382576301,1073.48344706574,1253.01437887446
"tau[29,2]",0.205114028685,0.205314055,0.0211710962640782,0.020323769907,0.1701764605,0.2386210445,1.00177532550406,1171.00084238071,1273.62065922721
"tau[30,2]",0.177422741355,0.17723868,0.0189590725367027,0.019349798076,0.146896124,0.2080119885,1.00435517475791,1061.5210555107,1130.63295162191
"tau[31,2]",0.207051179585,0.207757525,0.0183342011758305,0.018417568848,0.1769320335,0.2353422205,1.00196344007802,926.283792875285,1069.90034785351
"tau[32,2]",0.155882599548,0.15592494,0.0211718178043852,0.020860886235,0.1205655785,0.1892603705,1.00154667450083,982.600257081421,1242.8808164394
"tau[33,2]",0.1594038659875,0.15991117,0.0192217316754489,0.018312578529,0.1282186275,0.191345699,1.00334775223114,819.145181070709,992.041903581629
"tau[34,2]",0.205477540785,0.20567244,0.020331521576103,0.019403067894,0.1707680705,0.238018946,1.00510067974752,741.535793283151,1096.49637946884
"tau[35,2]",0.200149114815,0.199798895,0.023784692076159,0.023084845539,0.1628885715,0.2411383735,1.00260765269783,1140.31883486289,1390.48963360965
"tau[36,2]",0.211734171645,0.211970145,0.0190316444198318,0.01871582349,0.1797375295,0.243932832,1.00014233937886,1031.79506278655,1256.90427219855
"tau[37,2]",0.18493982466,0.1841973,0.0219349036775962,0.021726902547,0.1491506635,0.222503997,1.00097693611654,1200.17626862041,1074.66385283438
"tau[38,2]",0.20176573606,0.20215526,0.0209671949380105,0.020340375027,0.1688667225,0.2354112855,1.00345608279055,1137.06949235918,889.994961889354
"tau[39,2]",0.209924577135,0.21017171,0.0171393483565414,0.0173960871,0.1810207785,0.2375441005,1.0022446020907,1080.25742940604,964.331326717767
"tau[40,2]",0.17853805645,0.17873251,0.0177424639503399,0.016892395989,0.149322758,0.2084420045,1.00164565043633,870.425961562453,1055.80589962626
"tau[41,2]",0.19948742348,0.199345495,0.0227200816448472,0.022603415667,0.1619140145,0.2385606745,0.999772345034961,1073.4623083981,1077.68223058838
"tau[42,2]",0.166804872922,0.16670215,0.0214414036441162,0.02103675966,0.1320049605,0.201903429,1.00387877980303,880.267446841885,959.537792642322
"tau[43,2]",0.221309184255,0.221337175,0.0190842958830072,0.018955545084,0.189400802,0.2521524065,1.00109956882458,855.985365454957,1282.53323831277
"tau[44,2]",0.147522291434,0.147692425,0.0193677946412314,0.018863156865,0.114635782,0.1785674955,1.00273384609484,697.588339079202,1005.15322403442
"tau[45,2]",0.186423402975,0.18684981,0.0202862600443473,0.019692078525,0.152103786,0.2196526175,1.00093353256404,1030.83881746562,1228.10929578118
"tau[46,2]",0.20637193497,0.206306125,0.0199367700674163,0.02043289668,0.174150219,0.2394366805,1.00067238754373,1300.3063787774,1530.02560774501
"tau[47,2]",0.21387433214,0.21374546,0.018911573487921,0.018718647843,0.182667873,0.2446987395,1.00370912441142,907.766289143057,1259.07600206428
"tau[48,2]",0.178721462435,0.17852214,0.021828573547884,0.021626878938,0.142132412,0.213425761,1.00458923056802,870.19227213589,883.235721805746
"tau[49,2]",0.23229201707,0.23187249,0.0224255864514339,0.023217782868,0.1956275615,0.2688517155,1.00307666844287,929.093496658423,1144.58232967203
"tau[50,2]",0.18993805604,0.190330575,0.0210180700446562,0.019739647746,0.1542789775,0.225243134,1.00146705150301,898.172538645768,864.740683994337
"tau[51,2]",0.171423840765,0.17191286,0.0194390196152883,0.01965497646,0.138751678,0.2031849535,1.00135609845344,1114.98291917166,1168.80038134468
"tau[52,2]",0.20515420814,0.20548189,0.0214807898545719,0.020558850963,0.170447716,0.240687111,1.00166899264087,732.994541303811,671.928915994719
"tau[53,2]",0.18158374487,0.182198725,0.0202567927615666,0.020081275851,0.1479375365,0.2147444555,1.00021200013354,1101.96610110135,978.00272597262
"tau[54,2]",0.202316757215,0.20253575,0.0172818560493428,0.016637700135,0.1740265815,0.2303801555,1.00196107226721,1316.63401766533,1434.26759787372
"tau[55,2]",0.224485348625,0.224971895,0.0229986128702366,0.022751734971,0.1861778475,0.261740733,1.0018978586462,958.082488383119,1143.37653531781
"tau[56,2]",0.166342286302,0.166830055,0.020240809836915,0.020809751361,0.1340665795,0.1989096145,1.00328412055884,936.989420123012,1035.34087539557
"tau[57,2]",0.18103194393,0.181140635,0.018702856529019,0.018557200116,0.1505826685,0.212642706,1.00077267274484,982.869087120363,1095.2841847061
"tau[58,2]",0.175036417645,0.175863255,0.0208224757379989,0.020263176045,0.140719641,0.2086396615,0.999522687770454,1124.77998600494,787.16725938868
"tau[59,2]",0.17585388373,0.176368295,0.0195800315839018,0.019355847084,0.14312331,0.2070150115,1.00642216097141,1016.73669159081,1227.83576769304
"tau[60,2]",0.16325148106,0.163371005,0.0206480719926486,0.020652380784,0.128263583,0.1978765485,1.00113926217618,1016.93307726566,1171.10882177828
"tau[61,2]",0.198948975595,0.19919498,0.01756113777533,0.017351156907,0.1696003275,0.2271381585,1.00454081358092,1069.70325966155,1057.41874658593
"tau[62,2]",0.196455788185,0.195770275,0.0193684381082751,0.019436003853,0.164230915,0.228714823,1.00085658065216,875.615068927659,918.498970882238
"tau[63,2]",0.18358017459,0.183408225,0.0222863835514513,0.022465793322,0.147033654,0.219068194,1.00014485820698,1134.01559324664,1080.48600594664
"tau[64,2]",0.18705737352,0.187255645,0.020787837294936,0.020950079451,0.152388264,0.2196645605,1.00109402225372,861.200786847782,990.30685890095
"tau[65,2]",0.212065678355,0.212156505,0.020655811799387,0.020650142058,0.177486631,0.2453450465,1.00029630406246,1285.67462433931,1376.71574110856
"tau[66,2]",0.20930923585,0.2091865,0.0210285124519496,0.020116154016,0.1742508865,0.2442561385,1.00176534995588,1083.30379404727,1137.11852300958
"tau[67,2]",0.202234271155,0.202783825,0.0190691986381896,0.018388791582,0.1716387835,0.233026883,1.00007771382983,1115.58757772827,1097.17359912936
"tau[68,2]",0.19344310493,0.19348648,0.0180707285465061,0.017688092583,0.163188787,0.223168114,1.00077763878938,1049.47363623029,1103.5683889963
"tau[69,2]",0.169345319635,0.169685565,0.0181572351613537,0.018005354157,0.138968448,0.1988628025,1.00270064752852,1347.55672137621,1459.80202110118
"tau[70,2]",0.20284637947,0.20267067,0.0199580559895052,0.019277617695,0.1709533185,0.236635143,1.00294184473858,1049.80051938387,1284.41666141074
"tau[71,2]",0.193851607545,0.19391567,0.0197133931556118,0.02034705414,0.162187493,0.2257472485,1.00269151736917,1042.20032402556,1011.61721897462
"tau[72,2]",0.210138608045,0.209651955,0.0206551232748455,0.020684909028,0.1754784265,0.244196107,1.00607150120484,918.640484632546,943.296347204675
"tau[73,2]",0.216543613285,0.216522625,0.0223147178485144,0.022235137827,0.1801638135,0.253212383,1.00280206970063,925.098627052158,1071.1238238715
"tau[74,2]",0.193685752405,0.193833315,0.0199984224207732,0.019931933553,0.1601996575,0.22663055,1.00186312860047,1054.3829362909,1235.69998093593
"tau[75,2]",0.158939446611,0.158951725,0.0197576940140659,0.019386507252,0.1261324385,0.19138122,1.00125420707146,1057.21663930579,1217.23917256704
"tau[76,2]",0.185725924785,0.18520653,0.0206779686776608,0.020160328083,0.152095042,0.2197331485,1.00373050614884,807.817259278695,983.086490652456
"tau[77,2]",0.199915162535,0.200044545,0.019548204941612,0.019608311625,0.1674178715,0.2319101485,1.00198341573156,1080.60749628046,1121.97021736929
"tau[78,2]",0.217833856005,0.21784397,0.0195614840105052,0.01945378764,0.186121738,0.251124054,0.999889199679034,1060.16290539947,998.164056007524
"tau[79,2]",0.19979126042,0.20031764,0.0206404059626089,0.02045009484,0.165383897,0.233142484,1.00323353354335,1350.66707545681,1415.52077494253
"tau[80,2]",0.203786626145,0.204041505,0.0191627304994344,0.018142190724,0.172262512,0.2344586345,1.00250146037525,843.395692788657,990.850747791769
"tau[81,2]",0.21277428223,0.212942305,0.0177070214362393,0.017062516926,0.1832591935,0.2412796265,1.00189783735003,1271.4042741254,1356.8942987352
"tau[82,2]",0.17616982004,0.176617265,0.0185294424634639,0.018788411586,0.145601172,0.205429296,1.00117990891342,1259.46249485848,1333.42028292828
"tau[83,2]",0.206859343175,0.206748545,0.0183547095614771,0.017966458146,0.177731061,0.2363460955,1.00226207432474,1460.33341432066,1298.39970430802
"tau[84,2]",0.18993855218,0.190424805,0.018177815422728,0.017803475928,0.160042778,0.22010058,1.00383468764385,1239.83801833934,1334.26281439508
"tau[85,2]",0.20834564715,0.208200085,0.019791385387024,0.019077236892,0.175450299,0.23961943,1.00773667884335,1111.91400107265,948.710079247055
"tau[86,2]",0.1711037228,0.170828405,0.0191298394349655,0.018459978621,0.140322951,0.204303698,1.00454261777136,1267.52817617138,1315.95647085589
"tau[87,2]",0.20215795775,0.2025604,0.0179234002267824,0.017846582523,0.172384021,0.231084636,1.00398226525225,1221.86642731231,1180.49014805413
"tau[88,2]",0.196674343885,0.19691908,0.021123462158732,0.02052051834,0.161576531,0.2314706195,1.00136981429162,1224.8524858381,923.821368623873
"tau[89,2]",0.206487142435,0.20645191,0.0188322870614098,0.018755935233,0.175890246,0.2369631645,0.999980078181259,1038.56397125025,1113.78986349961
"tau[90,2]",0.18620827989,0.185772855,0.0197968407461556,0.019754599767,0.154988036,0.218687032,1.00106562711541,1196.63733510773,1350.97276808899
"tau[91,2]",0.223316999905,0.223561445,0.0213271374866255,0.021499820118,0.1883536545,0.258242604,1.00108757361324,880.320683843265,907.73333047826
"tau[92,2]",0.2414115947,0.241477,0.0218687467277995,0.022128383214,0.205690665,0.2762747355,1.01841409672215,412.178472125603,769.00118981908
"tau[93,2]",0.206197352985,0.20648926,0.017925234657147,0.017687077002,0.1768846865,0.2346243455,1.00184959353156,1126.73521372796,1296.82889668322
"tau[94,2]",0.16497445184,0.164538245,0.0186358866388974,0.018007414971,0.1343038745,0.1958646425,1.00047949558544,1233.15047418849,1316.52878308277
"tau[95,2]",0.22373661612,0.2238396,0.0192937669108704,0.018959688951,0.191353184,0.255861379,1.00155931143207,818.371541496386,940.203380154483
"tau[1,3]",0.188979498515,0.188856215,0.018866908745226,0.01850470125,0.1594795615,0.2193318085,1.00944578422819,792.44256363711,965.28859033127
"tau[2,3]",0.196719052995,0.19644456,0.0186453077752867,0.01845547893,0.165521158,0.2273236315,1.00067777445804,1222.53832678072,1229.66642386151
"tau[3,3]",0.20808990228,0.208674855,0.0182521553055243,0.017656750419,0.1759559415,0.2374125935,1.00691312747686,579.718129776148,758.769472799069
"tau[4,3]",0.24136265873,0.240974915,0.0178331028886367,0.0175271637659999,0.212552634,0.271483067,1.00812718796171,1179.2464874782,1180.83465536961
"tau[5,3]",0.18560814405,0.18579198,0.0220434608610805,0.021398306496,0.1494058065,0.2210645565,1.00205039278196,988.542569282286,964.372004730469
"tau[6,3]",0.218976768875,0.218600145,0.0186381821155544,0.018648276234,0.1878032045,0.248817284,1.0017977587599,1132.03157671813,1278.66816609528
"tau[7,3]",0.208549818255,0.20853704,0.0197800597936036,0.019216000839,0.1758037715,0.2415430095,1.00108111938604,1196.34181078362,1346.50047837175
"tau[8,3]",0.185127317385,0.185545045,0.0193178225086606,0.018688224891,0.1523082715,0.2172189555,1.00328820859634,1135.26355053139,972.932760580006
"tau[9,3]",0.194472393705,0.19469698,0.0229328464156752,0.022122578835,0.155961793,0.2310875755,1.00020072927298,956.142436032281,982.168387769465
"tau[10,3]",0.2160487486,0.215750085,0.0211526025947517,0.02134981065,0.181925352,0.2518249605,1.00038539307914,1076.50645928792,1448.90866913684
"tau[11,3]",0.192645461115,0.19219245,0.0199875103309718,0.019304230365,0.1589817405,0.2268417,1.00477472700904,637.492030213909,1076.37785291553
"tau[12,3]",0.20215575808,0.202315105,0.0183498085681773,0.01799068383,0.170962447,0.2314196615,1.00136813115688,1079.55369318763,907.522579764099
"tau[13,3]",0.19200829881,0.19232662,0.0181687445900428,0.018759745515,0.1620889325,0.2213662985,1.00409456620629,1116.88343308545,1315.1541167688
"tau[14,3]",0.170452248571,0.17152899,0.0210194689076847,0.021395415426,0.135720369,0.2045699085,1.00148218787729,1122.07084327465,901.926541344059
"tau[15,3]",0.231172852605,0.231239555,0.018101969519438,0.017600189229,0.201789708,0.2593537545,1.00970650482928,973.078494814164,1250.26508022994
"tau[16,3]",0.17991469488,0.180214755,0.0172403027119313,0.01714271076,0.1525360825,0.2082390775,1.00268419745338,985.344540303369,1335.53985951134
"tau[17,3]",0.195657358185,0.19543448,0.0207698171576403,0.020737452372,0.1621278195,0.2308293225,1.00434354001796,1088.26869062111,1090.16784037888
"tau[18,3]",0.166266304445,0.166208365,0.0184628883921118,0.018124006635,0.135024744,0.195566417,1.00662121595539,1146.64030040006,1222.16567990294
"tau[19,3]",0.19445778194,0.194811585,0.0151124320408731,0.014935971855,0.1690322175,0.2188442695,1.00122511518526,1513.43066691427,1520.39898225334
"tau[20,3]",0.1870786587,0.187424165,0.0201623430359236,0.019888834371,0.152635679,0.2203303285,1.00309854403713,1069.35571997362,1282.58198072944
"tau[21,3]",0.20133043229,0.20154855,0.0175587680828792,0.016873337166,0.172755982,0.2286227345,1.00823812762598,1136.03280754837,1212.11531880492
"tau[22,3]",0.22810386421,0.22781581,0.0194072773211046,0.018620440419,0.1971780795,0.260365266,1.00511294225821,732.759255765112,1024.9727229602
"tau[23,3]",0.1819505264,0.18140829,0.0168164424718078,0.017015436963,0.154616823,0.209586919,1.00176952579617,1128.3255710142,1312.64810791209
"tau[24,3]",0.195912538525,0.196361145,0.0190834694797588,0.018544457169,0.1633634895,0.2271784085,1.00076733533704,936.228553330291,949.112749063044
"tau[25,3]",0.22157564212,0.221142475,0.0196848216440075,0.019877373873,0.1888620585,0.254749119,1.00152749452711,1083.24749858533,960.167296134617
"tau[26,3]",0.17691321758,0.17734714,0.0202649262588956,0.019312503273,0.1423304195,0.21109473,1.00468922318466,609.769708470187,876.245801317653
"tau[27,3]",0.235403546435,0.23593289,0.0200512241597732,0.019741767864,0.2023638905,0.268886659,1.00156652945158,802.313076819805,912.940459590439
"tau[28,3]",0.205772377075,0.20627292,0.0192470985595633,0.019568748444,0.173461808,0.236577577,1.00147710853276,985.622299935743,1108.90119186726
"tau[29,3]",0.20785499024,0.208458135,0.0198868413737134,0.019645057866,0.174137173,0.2401390135,1.00133093059161,1193.824091696,1497.63703485386
"tau[30,3]",0.180738071795,0.180255975,0.0189825953373856,0.018267210969,0.148814112,0.2124572415,1.01293731076568,752.730935948442,794.778991746832
"tau[31,3]",0.205675778665,0.206422415,0.0188145912717284,0.018710078415,0.1740978825,0.235468063,1.00083982292446,843.197853068014,881.033241333667
"tau[32,3]",0.1564909190615,0.156917105,0.020778151653283,0.021047234229,0.1216148415,0.18949596,1.0035621408751,819.773276949962,1202.53752429143
"tau[33,3]",0.1543535435375,0.154648055,0.0175067609183541,0.017691176391,0.126073781,0.182903978,1.00155220389043,908.557923729799,969.783842730975
"tau[34,3]",0.207117794945,0.207264675,0.0202715272939366,0.019850798268,0.1734145835,0.239738938,1.00327580070364,834.911614741236,913.725912510964
"tau[35,3]",0.202940457515,0.20282805,0.0229857027663807,0.021680667666,0.1651191215,0.241871336,1.00054484305079,957.322874221351,1210.84715150473
"tau[36,3]",0.211682963965,0.21166982,0.0185441734488536,0.018652012386,0.1818657335,0.2422874035,0.999632108681557,970.822894596105,963.377040157074
"tau[37,3]",0.1835920374995,0.183334145,0.0209214351414303,0.020572542774,0.150505329,0.2198791865,1.00095520617691,1142.49109176443,1116.5903077075
"tau[38,3]",0.201360714805,0.20150688,0.0202839423263663,0.020006612115,0.16796956,0.2339167285,1.00292453432682,1123.47114162704,1101.48806818316
"tau[39,3]",0.211509944415,0.21119166,0.017039925855982,0.017227382046,0.1846176545,0.2390374325,1.00147610936265,1096.10734347349,1127.88325085095
"tau[40,3]",0.181027958445,0.1805627,0.0180078142852298,0.017648633184,0.1513554535,0.211612254,1.00720723063672,325.068288825467,1020.26092463013
"tau[41,3]",0.200475302,0.19958581,0.0222510985712299,0.022963924683,0.1651457575,0.237725345,0.999544373280272,1027.43664444403,1181.40577102729
"tau[42,3]",0.1658638445835,0.1664099,0.0210494862059686,0.021065477622,0.1307743275,0.199942028,1.00271768580506,884.839786576597,921.020916816292
"tau[43,3]",0.220379053435,0.220152075,0.0185931729826257,0.017690057028,0.1901869695,0.2521393515,0.999970298741673,949.769877040498,1010.64161564617
"tau[44,3]",0.14647742965,0.14651363,0.0184764960102306,0.01773226665,0.1153751165,0.176485796,1.0034606004177,678.920580816207,851.979048390615
"tau[45,3]",0.186004167365,0.18547108,0.019681965514306,0.020247260334,0.154188101,0.2187333495,1.00164988233738,996.194514994892,1024.79436829316
"tau[46,3]",0.206707900125,0.206312485,0.0195077142358769,0.019346773572,0.1751254225,0.239262018,0.999652525273792,1380.36675755474,1284.36269874104
"tau[47,3]",0.21823139595,0.218232845,0.0177385173894733,0.017810933406,0.1892575075,0.2478402155,1.00337146705485,909.750313602994,966.528930274789
"tau[48,3]",0.1789061144035,0.179057105,0.0217416047673231,0.021551303403,0.14231338,0.214655219,1.00242004587359,960.74258601736,844.813951715899
"tau[49,3]",0.233258472495,0.233024415,0.0224921618417589,0.022694625219,0.196639946,0.2699760065,1.00180553963851,924.673433966054,1161.47065213144
"tau[50,3]",0.18880004707,0.189612845,0.0200281424659431,0.019208054103,0.154106536,0.220080128,1.00138157562607,886.397094545079,811.949408509716
"tau[51,3]",0.169446738425,0.16969755,0.0185599719452123,0.018864698769,0.138119262,0.19928762,1.00259149716968,1150.83661258587,1019.59090371006
"tau[52,3]",0.20626074357,0.207211285,0.0203410920097592,0.019591306203,0.172849187,0.2403363485,1.00058973600036,684.559889791057,667.291976156832
"tau[53,3]",0.18207051748,0.18217159,0.0205383828157661,0.020094248601,0.1477416645,0.2153562935,1.00236354254997,1016.40197424552,822.002356714639
"tau[54,3]",0.203686596685,0.204358735,0.0164337533548732,0.016363634112,0.176215907,0.230972381,1.00139784901277,1095.40196508703,1016.86071464408
"tau[55,3]",0.226532093645,0.22690015,0.0221886375280235,0.022787198763,0.1897729015,0.2626618615,1.00033522409447,890.818498947235,929.708752057204
"tau[56,3]",0.165007007925,0.165741295,0.0188644573777461,0.019525345329,0.133049683,0.1956199425,1.00515522836232,992.605424405685,1009.70598412195
"tau[57,3]",0.182183561505,0.182396465,0.0184389653768918,0.018324809979,0.15209554,0.214036044,1.00163653136248,881.576696334893,1005.03351276184
"tau[58,3]",0.174279826231,0.174164145,0.0200874069303065,0.018638935854,0.1405761195,0.2066133375,1.0018798724364,1169.52634025543,917.523771443314
"tau[59,3]",0.176980121135,0.17734011,0.019079813852341,0.018631500615,0.1448866855,0.2087749465,1.00385445011871,830.015814113613,1122.83694549853
"tau[60,3]",0.164600692151,0.164300605,0.0205424790262328,0.019739625507,0.1300446895,0.198463309,1.00287332481501,821.349524552229,1306.95553567632
"tau[61,3]",0.20116992975,0.201151805,0.0173648780479506,0.016875575892,0.1723966685,0.230018963,1.00697841231153,1359.33453956898,1286.05213186092
"tau[62,3]",0.19580807355,0.195342455,0.0189910424164681,0.019377759912,0.1645011945,0.2271712995,1.00097134428134,837.666889721226,1107.65180778359
"tau[63,3]",0.182827831515,0.18245748,0.0214419153055969,0.021998084913,0.148432742,0.2181009935,0.999824755067613,1118.60088661972,1301.55165078429
"tau[64,3]",0.188555782375,0.18840543,0.0200884413021059,0.020893140198,0.155562146,0.2214634125,1.00317244903031,849.412583552942,918.131502160383
"tau[65,3]",0.21410869048,0.21415634,0.0195723693166826,0.019948049415,0.1816867475,0.2456660065,1.00032000604142,1082.93283530746,1354.51283171403
"tau[66,3]",0.211771455625,0.212174575,0.0209496692264535,0.020605071018,0.17698321,0.2467165575,1.0010622351631,903.414070921139,1283.76712369139
"tau[67,3]",0.202103255415,0.20172286,0.0189373046558338,0.018536310282,0.171207104,0.233391497,0.999941885597445,1154.53303147755,1068.18023228371
"tau[68,3]",0.194284885045,0.194543015,0.0180874326057073,0.017627728524,0.164872509,0.223444219,1.00134318068624,1100.1410208239,1240.07357375585
"tau[69,3]",0.168075994575,0.16827359,0.0173287229505599,0.016656165918,0.139311481,0.195767992,1.00239957058999,1434.92186398097,1438.44725231419
"tau[70,3]",0.203133060935,0.204112605,0.0196790929187055,0.019651848174,0.1703007545,0.2355628265,1.00233398202965,882.67220569696,984.484119647416
"tau[71,3]",0.194714737365,0.195287335,0.0184130150783343,0.018773963649,0.1633567365,0.223254962,1.00169647601474,1010.2142217022,1113.49607352063
"tau[72,3]",0.211054804855,0.210855745,0.0211571918791522,0.021231002499,0.1763050605,0.246612346,1.0053565603345,960.872992026447,996.596395562818
"tau[73,3]",0.21653041731,0.216151395,0.0208999853629118,0.020238431451,0.181882211,0.2510398795,1.00352747910048,870.657637600795,1125.0515635749
"tau[74,3]",0.194785314875,0.194950955,0.0198885724370607,0.019397737947,0.1627230775,0.2274554295,1.00035109005967,886.944165084838,1344.99576103116
"tau[75,3]",0.1570462374125,0.157785175,0.0190245949034532,0.018414603648,0.125893022,0.1882078045,0.999660450060101,1096.71777891767,1006.76704653916
"tau[76,3]",0.185389025855,0.185011745,0.0207992476262283,0.019852881321,0.151151185,0.220308315,1.0107492524803,846.897378195811,892.6312693697
"tau[77,3]",0.20148951577,0.201767925,0.0200561212201424,0.019984195203,0.168259305,0.233504404,1.00375890066416,1123.84108720313,1031.4433470198
"tau[78,3]",0.2207866201,0.220449135,0.019609418090027,0.019860338799,0.189392549,0.252832942,1.00041971581881,988.907793323155,1108.90119186726
"tau[79,3]",0.20014277842,0.200642855,0.0202138500712394,0.020548635849,0.166211321,0.232161079,1.00236644606491,1340.81494522909,1294.65572321285
"tau[80,3]",0.201423257395,0.201818835,0.0182862770850882,0.017654289303,0.170385192,0.231158979,1.00321243753277,789.95294817167,1013.56572999594
"tau[81,3]",0.211223612605,0.21121904,0.016790783215876,0.01559079921,0.183046425,0.2384597085,1.00345080435703,1107.8449048531,931.451503730584
"tau[82,3]",0.18006622769,0.18028017,0.0196583817961636,0.01976476299,0.149272666,0.2120953395,1.00327434997297,740.458343158938,1153.43453138749
"tau[83,3]",0.20801142505,0.207952865,0.0177353965665968,0.017892528297,0.1792369015,0.236790876,1.00056537973715,1316.47045005134,1433.60979352368
"tau[84,3]",0.189528944385,0.1897572,0.0178957124094195,0.017734438659,0.159958183,0.217892207,1.00025217209817,1324.64388770331,1124.91202268823
"tau[85,3]",0.208658201355,0.20861783,0.0193512807789438,0.018529082607,0.176093827,0.241413307,1.00598202211823,1097.95740660053,1019.5317460302
"tau[86,3]",0.169401370295,0.169445775,0.0184449903964691,0.018508429989,0.138173479,0.198631078,1.00080947266976,1228.0682950135,1277.65133549738
"tau[87,3]",0.20197830783,0.202366665,0.0169356699154995,0.017000299617,0.1739176485,0.228638706,1.0052154434507,1242.93883785079,1415.79842445219
"tau[88,3]",0.19779004087,0.197643355,0.0201313026999038,0.019291487418,0.164560753,0.2312416865,1.00319031205837,990.340806056786,955.355797727074
"tau[89,3]",0.205910326365,0.20584814,0.0188324263680564,0.019148097759,0.1734715075,0.235823842,1.00101452252191,995.89273850002,1141.39523555752
"tau[90,3]",0.183782989455,0.18357342,0.0190882520754747,0.018186490812,0.152053798,0.214924982,1.00078963526233,1305.83150726547,1283.67634400483
"tau[91,3]",0.224196844135,0.22456948,0.0207231065471472,0.021396772005,0.189701381,0.2576343815,1.00026642038444,866.819302624946,779.950885439512
"tau[92,3]",0.24218879908,0.242497965,0.0215717580336123,0.021315073332,0.2064397515,0.2776729445,1.01476772060193,473.14145785965,912.174361108017
"tau[93,3]",0.207059578695,0.207507995,0.0173997923306346,0.016856027811,0.177505763,0.2357151835,1.00342834082935,1039.91190043153,1353.3847410612
"tau[94,3]",0.1645317578215,0.16428289,0.0183946570636907,0.018449303901,0.1343409185,0.1940383075,1.00176200833764,1222.26549563067,1237.07009528254
"tau[95,3]",0.222765726595,0.22297429,0.0195824172700952,0.019532624895,0.1894253235,0.254988618,1.00433329060794,596.105172406614,840.189361069262
"tau[1,4]",0.19065033147,0.190664725,0.019352610254595,0.01915274571,0.1590948495,0.2224791545,1.0045057173018,595.051268318552,1071.81391127993
"tau[2,4]",0.19665158488,0.196392575,0.0209154038635838,0.020072261643,0.162603358,0.2312389565,1.00274745292155,1277.18892274879,1088.11929334262
"tau[3,4]",0.21223654747,0.21209728,0.0183957708702547,0.018088891254,0.1816449475,0.2422651955,1.00606296154781,1033.43849020733,1031.44535366855
"tau[4,4]",0.24044519748,0.240083565,0.0186218179823948,0.018124421763,0.210703898,0.271863878,1.00778368199121,1188.72288093322,1300.71172899327
"tau[5,4]",0.18700721938,0.18760402,0.0225062901825436,0.022194010503,0.148649316,0.2231611815,1.00078284328997,994.877975826348,879.053192655648
"tau[6,4]",0.217268883895,0.21710144,0.0198073255384817,0.019965032598,0.1844583995,0.2493517965,1.00245281835912,1167.38657853879,1083.5050725695
"tau[7,4]",0.208137308805,0.2080026,0.0201168229073129,0.01948662723,0.175201946,0.242040193,1.00420649333406,1175.58782123193,1486.14231827676
"tau[8,4]",0.184777387845,0.185214515,0.0196521470422358,0.018788648802,0.153492314,0.217542467,1.00329329197754,1139.31350409108,877.52738571106
"tau[9,4]",0.194301143125,0.1948522,0.023439980226075,0.023311201494,0.1570001355,0.232669191,1.00235097855647,979.738431960623,871.338371005821
"tau[10,4]",0.214869508425,0.21476604,0.021195060654317,0.020879522517,0.1804409345,0.250727204,0.999939519986057,1002.12619737348,1349.10299866475
"tau[11,4]",0.19015271368,0.19051242,0.0202083473907137,0.018929859039,0.156773995,0.224378877,1.00246948342301,1021.88604987211,903.395757638942
"tau[12,4]",0.201215719445,0.201338735,0.0190281585347469,0.018557326137,0.169404596,0.231987897,1.00019762680752,1117.02800734426,911.448228061008
"tau[13,4]",0.192502641805,0.19231751,0.0184810080265407,0.018374106429,0.162186613,0.223578562,1.0076455606514,1134.06589844925,1239.19562346512
"tau[14,4]",0.172762423775,0.172830055,0.0213457757326108,0.020936750877,0.1377508805,0.2084469405,1.00177415662351,891.23107611114,1093.22279115215
"tau[15,4]",0.23221303946,0.23233702,0.0188428791801046,0.018323104989,0.202375092,0.263447219,1.00567807387715,1066.65462766214,1456.48633822273
"tau[16,4]",0.18010722478,0.179374205,0.0177582993445422,0.017059218141,0.1516775325,0.2099849785,1.00626035457774,889.487629827605,1055.41308504703
"tau[17,4]",0.194500973215,0.19438717,0.0215950777275413,0.020586153042,0.160049407,0.23159591,1.00572281874295,1099.09288581477,1065.01691662525
"tau[18,4]",0.168203683475,0.168316855,0.0185792757208687,0.018384529107,0.137866728,0.1976280095,1.00598911138608,1093.78588000724,1150.39034545405
"tau[19,4]",0.191899784845,0.192087775,0.0176507613043368,0.017756766615,0.162889442,0.220023947,1.00436325918825,1405.77597295773,1414.18223503689
"tau[20,4]",0.18650324419,0.18630785,0.020634460618584,0.02052229746,0.1510379965,0.219996835,1.00217165939336,1102.16448963323,1066.12869543896
"tau[21,4]",0.20144675011,0.201565825,0.0169760620992525,0.015944933046,0.1733047975,0.2286279325,1.00688226843502,1204.31423919325,1315.62019848816
"tau[22,4]",0.22480338261,0.224919125,0.0193946304969816,0.018955026174,0.193547153,0.257261129,1.00219362758216,905.764232800075,872.093345969539
"tau[23,4]",0.18140867185,0.18119997,0.0170654553158727,0.016854382125,0.153661188,0.209740231,1.00452386516298,1220.42747338831,1266.99988310773
"tau[24,4]",0.196092335495,0.196952455,0.0196338479417596,0.018929821974,0.163329575,0.2275933475,0.999958026190975,984.094068849577,1142.91585812284
"tau[25,4]",0.22319672914,0.222713865,0.0204643395873775,0.020241515259,0.189516199,0.2564237095,1.00188566197754,1030.1898782088,1140.22042952771
"tau[26,4]",0.175213094845,0.17541021,0.0199565259290223,0.019366729368,0.14304397,0.2070401705,1.00519810517214,757.667558347386,1001.34169963935
"tau[27,4]",0.234598002115,0.234790645,0.0205701785651066,0.020037420543,0.2001922135,0.268256988,1.00392803803495,678.534120216743,1077.08527645271
"tau[28,4]",0.205764597195,0.205708885,0.0196486629569991,0.019691062944,0.1738813155,0.237774414,1.00144292114969,1197.94674042868,1252.47392414606
"tau[29,4]",0.205632297085,0.20620317,0.0209884489494793,0.020327683971,0.170267668,0.2394977125,1.00285772994963,1209.1389999789,1378.25651320904
"tau[30,4]",0.179698357697,0.179792235,0.0188733033303419,0.018438466095,0.1498073805,0.2095755725,1.0111648228744,755.893344386659,962.27925445758
"tau[31,4]",0.206309103005,0.206739925,0.0191386830686805,0.019190900421,0.174830834,0.237778057,1.00132872692025,910.898014806318,956.140491810337
"tau[32,4]",0.1568262117385,0.15645656,0.0211591078926748,0.021021288729,0.1218935615,0.191305053,1.00253964511911,883.514675983344,1044.18634751531
"tau[33,4]",0.159743369861,0.15974791,0.0195112443238339,0.019164991986,0.128272783,0.19157206,1.00305194847024,895.117336065572,1124.16312595446
"tau[34,4]",0.20615089358,0.20654319,0.0205778015104402,0.019954439421,0.1694087645,0.239063669,1.00257253844132,804.503918446232,1042.01436506768
"tau[35,4]",0.20008720248,0.20013832,0.0233904695169367,0.02298964038,0.162108204,0.2396650975,1.00191494082494,1091.22242916023,1202.43192329978
"tau[36,4]",0.21100045029,0.211429285,0.0189814824216156,0.018260361357,0.1788484815,0.2420211635,0.999402843626477,961.308978772955,1377.96269692288
"tau[37,4]",0.186576142775,0.18647948,0.0210211683989911,0.02046707061,0.151900449,0.221441542,0.999482401615004,1096.3633193952,1080.5058027235
"tau[38,4]",0.20170098034,0.201807595,0.0207650019594644,0.020399441811,0.1680425065,0.2365343895,1.00534844143139,1094.95029083783,1029.10832850998
"tau[39,4]",0.21086117223,0.211062485,0.0173299577647189,0.01759608984,0.1831674885,0.2398463705,1.00196075544343,1078.28124585089,1024.4225774065
"tau[40,4]",0.178837666205,0.17885205,0.0180748405212893,0.017304076944,0.1497452465,0.2091190315,1.00341238878491,616.844205046285,985.229222371246
"tau[41,4]",0.200759736645,0.20027831,0.0223334942125869,0.022311158142,0.163209083,0.238953728,0.999234306325568,1037.3469184021,1112.67100118908
"tau[42,4]",0.1667424196365,0.167056365,0.0213260438457136,0.020665546272,0.1319040345,0.202075232,1.00458650861847,947.86200634548,875.069674775272
"tau[43,4]",0.221509272815,0.221589285,0.0187565906692403,0.019010586609,0.190623259,0.2517765815,1.0011453042171,1045.25004870312,972.183324905327
"tau[44,4]",0.146904612951,0.147155565,0.0197661757926036,0.020181091896,0.1138144535,0.178540787,1.00184287591468,581.359260733631,840.271081950923
"tau[45,4]",0.186231929245,0.18590078,0.0200451139508933,0.020137629477,0.1536323885,0.2194330985,1.00297818729452,1054.31916414351,1043.38430561536
"tau[46,4]",0.205702485035,0.206166855,0.020158172845263,0.020014165962,0.172723747,0.2394552165,1.00098580700373,1316.41067819581,1523.87201281776
"tau[47,4]",0.215036362175,0.21517725,0.0187868718874123,0.019466197002,0.1834693665,0.245768378,1.00594771199203,1072.61679209963,1200.90289742022
"tau[48,4]",0.178727099915,0.17855607,0.0224789089573845,0.022175085114,0.1412168375,0.21578934,1.00424388420578,888.377939655223,859.30380418783
"tau[49,4]",0.232952358895,0.232185395,0.0224558948676985,0.022272721737,0.1978645735,0.2700151955,1.0012984533718,950.434148233647,1081.77445154389
"tau[50,4]",0.18984984486,0.190301745,0.0204735561926167,0.020052261369,0.1558677745,0.2235108595,1.00243113085115,864.012134241765,806.023567330953
"tau[51,4]",0.170633521985,0.170615315,0.0192448385853379,0.019579793814,0.1387798195,0.202061552,1.00118531379565,1286.10457796744,1276.67943127233
"tau[52,4]",0.20670154384,0.20744109,0.0210220005575966,0.020358737028,0.1726518305,0.241394193,1.00115226197568,782.205584961169,563.808017083664
"tau[53,4]",0.182947721355,0.183094415,0.0206461054008134,0.020423267193,0.148598135,0.216754125,1.00138491726669,900.278350145505,871.954357999036
"tau[54,4]",0.202497045335,0.2024561,0.0177745212661325,0.017266663533,0.172802145,0.231635147,1.00139310880099,1304.33509662405,1345.95672755544
"tau[55,4]",0.224742435195,0.22498339,0.0228514443294335,0.023279436789,0.187703544,0.263204675,1.00176341628983,1002.07515787176,1185.36103663691
"tau[56,4]",0.166067458245,0.166158055,0.0199262294810888,0.019680677331,0.133982488,0.1984190435,1.00497106376069,995.083961143091,1071.87768421135
"tau[57,4]",0.182234425195,0.18179679,0.0183721013824917,0.018049995243,0.15285248,0.212699512,1.00189075494829,953.469134538072,1347.71344051644
"tau[58,4]",0.17526561973,0.17552999,0.0203072096422058,0.019119157407,0.1419633815,0.2083573375,1.00011009312673,1203.7937508138,1091.66770364682
"tau[59,4]",0.17617796794,0.176515945,0.0198565641898401,0.019632730047,0.1430955405,0.2077343705,1.00631849731079,1008.67083501547,1141.67022623091
"tau[60,4]",0.1655133753435,0.165302035,0.0209207540015554,0.020515225458,0.131156921,0.200036354,1.00575056952116,663.253318149271,1163.18186958433
"tau[61,4]",0.20076078846,0.200756525,0.0174932572798669,0.017069018127,0.172148211,0.228829983,1.00117071340863,1363.67259129387,1201.78084025963
"tau[62,4]",0.19497604201,0.19486369,0.0196929225220991,0.019261257204,0.1629879535,0.227611337,1.00213006308743,921.591479205696,944.323463828667
"tau[63,4]",0.18366435533,0.183923885,0.0225720561435729,0.022392360144,0.1461733165,0.2205443375,0.999902062292549,1189.89334426931,1235.52743742792
"tau[64,4]",0.18845315712,0.188202225,0.0206094655307212,0.020558087424,0.1541226855,0.221520054,1.00358317303658,879.70132535664,1017.39421869215
"tau[65,4]",0.212875736385,0.213299675,0.0206529027836264,0.020299003074,0.1774489465,0.2468818315,1.00032713440255,1171.11028412304,1242.18020417483
"tau[66,4]",0.210800665495,0.21051845,0.0213207188870905,0.021816407109,0.175868575,0.244776611,1.00155172846789,1095.84954961835,1396.75232404578
"tau[67,4]",0.20032616774,0.20060181,0.0185861567364832,0.018208677921,0.1690634535,0.2304208885,0.999426207250836,1197.81908124415,1284.67572211934
"tau[68,4]",0.193889329565,0.193768225,0.0179891802643766,0.018681538365,0.164560675,0.222776586,1.00076669194406,1050.36318103583,1503.07323012776
"tau[69,4]",0.17030548265,0.170086215,0.0184213469689222,0.017940779514,0.13929552,0.2008136445,1.00496366506482,1082.25498636994,1113.02439348029
"tau[70,4]",0.20308372992,0.20361084,0.020519671358074,0.019670632716,0.168549228,0.23652473,1.00104223818293,981.62421087162,1033.49978940046
"tau[71,4]",0.19476428731,0.19548925,0.0200726866740684,0.019741656669,0.1623001825,0.2265535195,1.0027149302791,1084.11712501958,991.888294508035
"tau[72,4]",0.211231353535,0.21112383,0.021287895820516,0.021201424629,0.175259758,0.245738315,1.00322700692881,947.000624958726,1112.53214721156
"tau[73,4]",0.21843307465,0.21846281,0.022199064675697,0.022060368939,0.182739045,0.255063454,1.00133998463532,939.819067007166,1072.74740288188
"tau[74,4]",0.19368489635,0.19394439,0.0198587063113898,0.020080608681,0.1606709525,0.225416141,1.00161051863387,1028.09500854831,1282.44328426831
"tau[75,4]",0.160130095444,0.160300825,0.0198488131084006,0.019356803361,0.1269369515,0.193028843,1.00315453624979,999.939026998677,1013.8621391766
"tau[76,4]",0.18548839334,0.184843205,0.0207156527224046,0.020850218928,0.151697312,0.2201932925,1.00623745995695,911.334726817891,969.66012107513
"tau[77,4]",0.201271287055,0.20140616,0.0203541144924092,0.020597450454,0.1689714645,0.234338887,1.00233280228189,1116.98574997549,1215.8524241142
"tau[78,4]",0.218828500685,0.21869096,0.0196864084500432,0.01961687364,0.1875131345,0.251609582,0.999870513319712,1072.74606668222,1006.06033002244
"tau[79,4]",0.20031602554,0.200094045,0.0207026523551876,0.021400485918,0.1675679465,0.2338615675,1.003511830679,1294.89263689731,1287.07609543324
"tau[80,4]",0.20353658954,0.203609125,0.0185135411799414,0.01810439925,0.173216105,0.2334960775,1.00309726282674,926.382410093515,951.793485110047
"tau[81,4]",0.212323135785,0.212424415,0.0178780466521494,0.017297471961,0.183278204,0.2412613395,1.00011615093666,1220.95698417382,1201.50658192946
"tau[82,4]",0.17727903595,0.176694285,0.018992955388313,0.019202909481,0.1477403245,0.208695615,1.00251770820023,1168.68204605937,1429.92620664539
"tau[83,4]",0.206830578415,0.206983735,0.0183606657806899,0.018332556564,0.177975533,0.2357723745,1.00176920933964,1426.59726326116,1171.44616736987
"tau[84,4]",0.18982280012,0.189945795,0.0185025305424162,0.017709790434,0.1591710905,0.2193345415,1.00177290846693,1133.59283048238,937.915750971857
"tau[85,4]",0.207704044575,0.20767031,0.0201291556888337,0.019387233726,0.173998624,0.2410480405,1.00681965796323,1021.13382400818,1002.42391331953
"tau[86,4]",0.171335326717,0.17110427,0.0186723670480239,0.018721776129,0.1405436555,0.2020679615,1.00476541319465,1214.77865196031,1206.5167172847
"tau[87,4]",0.202744158015,0.202709195,0.017852659024399,0.017254187454,0.1728294955,0.2324867195,1.00393024080425,1276.73332180578,1340.79194919138
"tau[88,4]",0.196623444945,0.196778865,0.0207316178354727,0.020465669553,0.1612710035,0.2295591585,1.0020540325594,1184.31883607837,918.861968542383
"tau[89,4]",0.20689931573,0.206865845,0.0187270217316902,0.018429244323,0.175997433,0.23702546,0.999997275013342,999.007814808822,943.276943354693
"tau[90,4]",0.186044680065,0.18538791,0.0199600581268837,0.019770508065,0.153941519,0.218872087,1.00128699256976,1160.4311768541,1217.72520960916
"tau[91,4]",0.223929486855,0.223350065,0.0209537264646076,0.021117568773,0.190445689,0.2590127145,1.00072463654432,860.637665808503,1038.73049735565
"tau[92,4]",0.24281431068,0.24269802,0.0219472679499241,0.021835717974,0.2063315975,0.278066857,1.01247865553549,571.166356499952,1197.38532933519
"tau[93,4]",0.20549489762,0.20569747,0.0180737917839903,0.017426369205,0.1760503715,0.235300926,1.00499425589774,1085.51080651793,1043.99147929944
"tau[94,4]",0.165635320156,0.16588264,0.0190709459828193,0.018815061321,0.1350378895,0.1972564805,1.0025514891298,1181.75615429475,1412.86029919415
"tau[95,4]",0.225200009735,0.225521425,0.0194653528105648,0.019963038501,0.1927170495,0.256955755,1.00150874746623,839.488730107279,1044.35268368773
"alpha_intercept[1]",1.6826515038,1.68244345,0.0813390204574902,0.0825990559799999,1.550901955,1.81949465,1.0043644199267,1256.43067501605,1163.54670242403
"alpha_intercept[2]",1.82784006605,1.82491205,0.074889231074383,0.07545047769,1.709049395,1.95506451,1.00055697854539,1464.19654014415,1462.18367490011
"alpha_intercept[3]",1.72429494625,1.7244064,0.0668457257860917,0.0651329901600003,1.61827234,1.831013525,1.00044940817982,1420.6775090373,1443.33919000791
"alpha_intercept[4]",1.6450046305,1.64362805,0.063403942496469,0.06282384066,1.54033758,1.752226075,1.00195454425493,1480.55857067224,1433.31418037023
"alpha_intercept[5]",1.7471285254,1.7477315,0.0650711271455965,0.06735036672,1.641227335,1.8537691,0.999422950850256,1767.70938893798,1872.60411698249
"alpha_intercept[6]",1.6895150541,1.6874953,0.0663895957968862,0.0679121238599998,1.58628008,1.800021085,1.00105681186102,1445.20940199785,1860.19571835738
"alpha_intercept[7]",1.7458629566,1.7423074,0.0635711302130769,0.0619921020600001,1.64482765,1.856068305,0.999737561209114,1595.41231712724,1666.90770945952
"alpha_intercept[8]",1.8353982148,1.8344439,0.0674627150212692,0.0687592814999998,1.723972415,1.94477766,1.00037680898905,1643.12844018449,1639.74024457754
"alpha_intercept[9]",2.03384361885,2.03190235,0.0672745437504267,0.0681806968500002,1.9246206,2.144930905,1.00069096935386,1866.69971689729,1730.02501179182
"alpha_intercept[10]",1.67518854535,1.672982,0.060207661417532,0.0598780627200001,1.580825385,1.77567687,1.00139053642982,1564.17253427835,1252.36547059153
"alpha_intercept[11]",1.7082218847,1.70772545,0.059871803574913,0.05849687256,1.611286385,1.80644013,1.00047914577785,1636.35636060812,1511.93569919161
"alpha_intercept[12]",1.4343294888,1.4321599,0.0586234094048249,0.0599685754499999,1.34030289,1.53048847,1.00008738746562,1662.22856473678,1783.45758602789
"alpha_intercept[13]",1.7935751681,1.79514935,0.0605625213030359,0.06208246653,1.692107125,1.89290348,1.00011283246134,1885.70758925818,1612.24169637102
"alpha_intercept[14]",1.9794614502,1.975764,0.0733330822723574,0.0736388887500002,1.85592213,2.10398953,1.00000565349851,1561.8234195897,1448.11869409428
"alpha_intercept[15]",1.8825840025,1.8804089,0.0661468233130247,0.06368426757,1.77597545,1.99564706,1.00010756071355,1563.65644524501,1855.4229505283
"alpha_intercept[16]",1.53296245565,1.5318183,0.0672871124278153,0.0666419804399999,1.423430235,1.644904035,1.00030340881739,1272.38278960893,1666.18182166874
"alpha_intercept[17]",1.8913908217,1.8899724,0.0590786266022529,0.0574405941900001,1.79669347,1.988256545,1.00064602039602,1926.63603263659,1844.16781071364
"alpha_intercept[18]",1.674888954,1.6747571,0.057650631222758,0.0576321461099998,1.579355135,1.771178015,1.0033621498242,1789.72268855235,1575.4446179503
"alpha_intercept[19]",1.7026037201,1.7024271,0.0604975715834506,0.0607526484600001,1.606686185,1.801939255,0.999950008987526,1981.86000833873,1463.23188369496
"alpha_intercept[20]",1.8489976811,1.845644,0.0726219888672493,0.0738859640399998,1.73300964,1.96970129,1.00002710451231,1655.92227390313,1651.5155010457
"alpha_intercept[21]",1.75760323025,1.7569605,0.0625444502732725,0.0611020972799999,1.65377388,1.863058025,1.00029101161897,1559.51933872509,1563.26868366998
"alpha_intercept[22]",1.5612901556,1.56294005,0.0663517319334217,0.0660215864699999,1.451867915,1.66950131,1.00076316504497,1353.93011215001,1608.22924402198
"alpha_intercept[23]",1.613621904,1.6129233,0.0659061498874847,0.06512861649,1.51023836,1.72370087,1.00002055961642,1649.62348208357,1728.61388431249
"alpha_intercept[24]",1.61058230375,1.61004285,0.0587028231809639,0.0574279179600001,1.515270765,1.709193045,1.000805216169,1950.80329720874,1505.61651507716
"alpha_intercept[25]",1.707965164,1.70635475,0.0678288747898454,0.07019340048,1.60088469,1.821205045,1.00045752904132,1552.10050270647,1634.05755833221
"alpha_intercept[26]",1.78041233155,1.7798322,0.0655626341188036,0.0627081978599999,1.672293105,1.890764925,1.00133776497671,1507.35273240748,1476.0688535171
"alpha_intercept[27]",1.8867943642,1.8867376,0.0691123679575346,0.06795022668,1.773993085,2.00513841,0.999850536994288,1657.49284538739,1577.62855675905
"alpha_intercept[28]",1.92804682435,1.92707765,0.0677606839618302,0.0667609590899997,1.817176755,2.04082996,0.999776508650019,1720.98476376512,1725.19707872011
"alpha_intercept[29]",1.91717898165,1.9165048,0.0691719651196685,0.06847551186,1.806818395,2.034780475,0.999524820883458,1872.4290796552,1519.84217004469
"alpha_intercept[30]",1.53724026575,1.5378217,0.0604542258433495,0.0583970935799997,1.43912978,1.634991835,1.00148612232222,1818.2624729565,1778.30746735407
"alpha_intercept[31]",1.72887036195,1.72965875,0.0662952285085881,0.06790093023,1.62431561,1.84102795,1.00093397656507,1568.40448494698,1580.89253261952
"alpha_intercept[32]",1.8156135809,1.8167361,0.0594831791402871,0.0597747255,1.72140632,1.91736098,1.00028151900395,1959.8895265489,1224.6895012231
"alpha_intercept[33]",1.54103039285,1.5393461,0.0643630858313529,0.06459072921,1.43523699,1.64691197,1.0003158498879,1762.21903122702,1374.19840057472
"alpha_intercept[34]",1.7455620838,1.74453655,0.0679761054214428,0.0708759153900003,1.635710415,1.85786786,1.00226179237285,1147.7556524768,1490.33499190995
"alpha_intercept[35]",1.9760213164,1.97750865,0.0649117397446144,0.0630677283600001,1.86901523,2.08399739,1.0031289389978,1804.73622043144,1587.45125241404
"alpha_intercept[36]",1.7692153104,1.7693084,0.0716147575897773,0.0697847959199997,1.65292938,1.889227485,1.00060877887612,1145.29134883033,1533.22234539815
"alpha_intercept[37]",1.99830574555,1.9979505,0.0678334949828604,0.06616161804,1.886981275,2.111188805,1.0010606586512,1663.06907093703,1406.1166399139
"alpha_intercept[38]",2.03253800795,2.0351334,0.0854752948002126,0.0863395816500004,1.89249111,2.173681035,1.00203795253992,1189.86293965179,1409.6595469862
"alpha_intercept[39]",1.71452326585,1.71410155,0.0651307807156817,0.06588585444,1.61041588,1.82473852,1.00181906352278,1741.08116863301,1693.98894643231
"alpha_intercept[40]",1.50510610235,1.50415005,0.06382513658249,0.06258832965,1.40006803,1.609706815,1.00101982319323,1420.80129855581,1760.87490962557
"alpha_intercept[41]",1.71735937475,1.71821395,0.058852255957397,0.0581383057500001,1.6214841,1.81273984,1.00027511473447,2362.06018396798,1701.27888765431
"alpha_intercept[42]",1.94437186435,1.94516205,0.0640177229593218,0.06155354898,1.840324605,2.049968925,1.00033564557317,1912.79198491727,1485.76747464236
"alpha_intercept[43]",1.6777370196,1.67606275,0.0616250944962293,0.06189869826,1.5770105,1.7804423,1.00084942020457,1319.08589065255,1773.17502738765
"alpha_intercept[44]",1.68321038555,1.68281395,0.0685469993412919,0.0668019529799998,1.57166157,1.797265425,1.00141564476856,1638.8907705311,1521.90874425173
"alpha_intercept[45]",1.8371820044,1.8362247,0.0679206682445167,0.06745489002,1.729809645,1.95239543,1.00129951074138,1606.37875757805,1235.11754764043
"alpha_intercept[46]",1.67029397125,1.66875605,0.0591913079225077,0.05779626993,1.57217514,1.7695673,1.00085801814912,1879.28626203289,1410.79818964716
"alpha_intercept[47]",1.45003473015,1.44948115,0.0556747038965209,0.0554800780799999,1.36009112,1.543872555,0.999537226836238,1987.4010474862,1521.31183177095
"alpha_intercept[48]",1.74892197555,1.74703355,0.061171790709033,0.0596406243300002,1.650218425,1.85192447,0.999985841319646,1740.39561156856,1742.15636017154
"alpha_intercept[49]",1.8025174303,1.80330425,0.0611266461882094,0.0619806119099999,1.70146634,1.90042281,1.00388657631411,2240.30529305722,1663.26777073108
"alpha_intercept[50]",1.9561510543,1.95417645,0.0786360375426102,0.0791510472900001,1.829461325,2.08850608,1.00145307007207,1510.99106695964,1579.03571069455
"alpha_intercept[51]",1.7028488764,1.70210485,0.065626678914055,0.0681551220000001,1.598404215,1.811215845,1.00046461819438,1620.16811903084,1493.85401779296
"alpha_intercept[52]",1.84385511185,1.84306815,0.0653861310224749,0.0640137754199999,1.737500655,1.954434485,1.00152977007373,2087.94245290198,1617.30539627684
"alpha_intercept[53]",1.96413414945,1.96265765,0.0675092671780237,0.0671266423799999,1.854646295,2.075730675,1.00194672881692,1274.84569777989,1334.88209584577
"alpha_intercept[54]",1.45821314195,1.458124,0.0588965663222944,0.0587033246100003,1.364607075,1.557064585,0.999671522061662,1739.99171899521,1499.48569608983
"alpha_intercept[55]",1.9476666726,1.9481857,0.0774228437937023,0.07597568874,1.821915955,2.074941205,1.00072833215235,1294.36312657821,1575.17207210578
"alpha_intercept[56]",1.68428364605,1.6845912,0.0615059304642251,0.05888531376,1.58370499,1.786648195,1.00281009919991,2055.25750306557,1596.71595737291
"alpha_intercept[57]",1.51740542045,1.51618315,0.0564629001230961,0.0571467428699999,1.4254694,1.610508675,0.999577459351703,2413.8855993522,1550.90648256739
"alpha_intercept[58]",1.7195773158,1.7198354,0.065033750248238,0.0655458201300002,1.612796425,1.830416365,1.00014207530088,1533.00197323237,1399.98470217713
"alpha_intercept[59]",1.6861053148,1.6867402,0.06367007925006,0.0645478079400001,1.58371021,1.79056504,1.00051441403991,1474.44452535971,1373.73047707928
"alpha_intercept[60]",1.72540838805,1.72524765,0.0582470831820592,0.05654110077,1.632585365,1.824705125,1.00034651304008,2324.52634884412,1506.43489633726
"alpha_intercept[61]",1.53637321565,1.5354793,0.0610081280112973,0.05879339256,1.438437505,1.64001675,1.00030841287959,1820.27647326931,1761.12851519364
"alpha_intercept[62]",1.67149640695,1.67292405,0.0667316223548177,0.0665913496499999,1.56155962,1.77838418,0.999721387945543,1084.81642502847,1375.83725213922
"alpha_intercept[63]",1.86283207395,1.85987865,0.0649799813341991,0.0611706675300003,1.75927979,1.970581525,1.00182506404334,1863.2813234898,1697.59278055247
"alpha_intercept[64]",1.79919747495,1.7992648,0.0596706987866955,0.05965263339,1.703111975,1.89733228,1.00468657645731,2209.63516596744,1644.33664973687
"alpha_intercept[65]",1.6673437291,1.6656738,0.0617719663145947,0.06221189751,1.56863209,1.768454555,0.999802639187406,1827.33415720121,1743.35074169548
"alpha_intercept[66]",1.70416703085,1.70486495,0.0598692794808407,0.0596180888099999,1.60489212,1.799231565,1.00000206625876,2498.25856073024,1581.98199262295
"alpha_intercept[67]",1.5405451226,1.540645,0.0597528351978909,0.0590921364600001,1.44582436,1.640223555,1.00316031481218,1579.93515740649,1493.52286744251
"alpha_intercept[68]",1.78512818605,1.7846909,0.0679890865978089,0.07035240933,1.66956525,1.896898785,1.00016454119333,1189.30760195002,1443.97083178251
"alpha_intercept[69]",1.66682281725,1.66651075,0.0605517288050393,0.0596939237999999,1.56455898,1.768965125,1.00343858696878,1943.52264391504,1627.65796943126
"alpha_intercept[70]",2.1992259361,2.1974397,0.0652347790026005,0.0665098807799998,2.094310435,2.30687422,1.00062125887758,1629.5415156777,1730.54618340332
"alpha_intercept[71]",1.72546926765,1.72344625,0.0633405973822534,0.0644400229199999,1.62281646,1.830388305,0.999625782279612,1838.05683089509,1794.96127288153
"alpha_intercept[72]",1.8411718837,1.84193455,0.0652504751624677,0.0654849594,1.736024395,1.95006251,1.00012519712284,1865.39599105477,1603.35702355124
"alpha_intercept[73]",1.7775430595,1.7773633,0.0642272204096863,0.0644888004599999,1.671187695,1.882885905,0.999814597666532,1950.86168815954,1833.27682585853
"alpha_intercept[74]",1.9270591559,1.92782815,0.0710215655789404,0.0725310900299998,1.8097762,2.045540065,0.999689726559184,1389.38457929062,1572.29817710793
"alpha_intercept[75]",1.65511155835,1.65388135,0.0589274224852865,0.05825090922,1.5611887,1.75030876,0.999446578239905,2548.27825273188,1533.74233922698
"alpha_intercept[76]",2.0648580389,2.0632012,0.079853602902287,0.0794503842299999,1.9318923,2.19631409,1.00163934758449,1055.28737943439,1513.39103400969
"alpha_intercept[77]",1.83211553635,1.82995145,0.0658234379225432,0.0639254865900001,1.72785946,1.94592828,1.00128118056703,1675.39712546557,1413.14844297657
"alpha_intercept[78]",1.8810044626,1.8806282,0.0679154307338254,0.0683782533000002,1.77231136,1.99508595,1.00024896486247,1512.70993635559,1814.29261372297
"alpha_intercept[79]",2.03937049165,2.0388328,0.070039135518608,0.07422103164,1.928794515,2.15750216,1.00488409276745,1623.1728244283,1471.84622106107
"alpha_intercept[80]",1.9210128465,1.91929185,0.0663239053126655,0.06406062558,1.815448775,2.03538278,1.00006140700807,1250.71517088786,1187.09879012359
"alpha_intercept[81]",1.75200377775,1.7506631,0.0688995328139687,0.0685561653,1.640493455,1.865434275,1.00061636092922,1440.28917461024,1648.69960855291
"alpha_intercept[82]",1.65573900835,1.6538251,0.0644207102816431,0.06409517016,1.55268973,1.76255993,1.00303561864194,1883.34887317194,1687.2531680302
"alpha_intercept[83]",1.5897652375,1.58664935,0.0711508590084244,0.0710676896999998,1.47426033,1.7095363,1.00195320693731,1357.2810120941,1740.50636823174
"alpha_intercept[84]",1.7676902825,1.76681225,0.0688701590783489,0.0692638844100001,1.653618925,1.881955845,1.00271352277524,1604.96992968402,1588.11152975934
"alpha_intercept[85]",1.78604825875,1.78438425,0.0627059149875666,0.06154265187,1.683232365,1.888193175,1.00029119716276,1704.42376625889,1603.44722540652
"alpha_intercept[86]",1.8953257389,1.8937063,0.0696426526216449,0.06753932409,1.78494631,2.015148165,0.999750524220423,1596.91169272419,1573.77635032815
"alpha_intercept[87]",1.82242222425,1.8212602,0.0653793474237476,0.0641110339800001,1.71748182,1.93126787,1.00104614903137,2068.47675284314,1785.7135547255
"alpha_intercept[88]",1.82898764995,1.8282298,0.0619498632433642,0.0606092810399999,1.729635865,1.935330345,1.00036941026688,1854.4642121086,1238.78267279285
"alpha_intercept[89]",1.7193152624,1.717493,0.0682093928513145,0.06774399702,1.60978888,1.830722725,1.00031007683257,1241.43722621925,1381.15276060831
"alpha_intercept[90]",1.55813088025,1.55611635,0.0624507207985672,0.0598140144000002,1.45518008,1.661641855,1.00155215086094,1965.68231686428,1677.07553299824
"alpha_intercept[91]",1.7223671311,1.72011325,0.0667451796822903,0.06619282677,1.6170089,1.83344179,1.00069273486952,1716.2873605107,1432.58624234572
"alpha_intercept[92]",1.7824164866,1.7820734,0.061216206919603,0.0616293098400001,1.675906855,1.880968095,1.00299543902568,1599.20874910101,1579.50988812982
"alpha_intercept[93]",1.61228002045,1.6095607,0.0642565959410377,0.0638730766800001,1.510894425,1.72115753,1.00143775333111,1588.76536010136,1565.55595263932
"alpha_intercept[94]",1.5328131436,1.53260795,0.0601523887759202,0.0627697257600001,1.43788804,1.632710855,1.00088849246843,1948.63544188738,1884.2466772275
"alpha_intercept[95]",1.54154369445,1.53953645,0.0620730106866556,0.0594071889599999,1.43957482,1.64623224,1.00054045427679,1340.30812709682,1410.71795966219
"tau_intercept[1]",0.18942241038,0.189796955,0.0166678468562451,0.016271586891,0.1620705425,0.2164966745,1.00162699268629,653.432728822185,870.176782756774
"tau_intercept[2]",0.196263815785,0.195501245,0.0182668384126307,0.017688937665,0.166460363,0.2268252885,1.00128164403397,1132.34493377856,1093.9637033394
"tau_intercept[3]",0.211032805535,0.21139531,0.0160616428054433,0.015602934291,0.184207686,0.237584812,1.00234162332188,839.660462249056,1005.7116591561
"tau_intercept[4]",0.23933755217,0.23902795,0.0162466387267294,0.015835376319,0.212702797,0.265541089,1.00495243928622,1001.20893558081,1075.65577682334
"tau_intercept[5]",0.187343657075,0.188174865,0.0205018951447945,0.020138318886,0.1521484115,0.220171271,1.00074761314972,907.201792425246,894.77924885153
"tau_intercept[6]",0.21664366845,0.21645996,0.0175693604537625,0.017917450803,0.1887783325,0.2446598485,1.00352767563558,1081.31353216435,1167.70116442643
"tau_intercept[7]",0.20788371225,0.20796682,0.0176194861664588,0.01726650786,0.178736632,0.237424703,0.999724869995821,1115.46182899916,1228.53173873032
"tau_intercept[8]",0.18513734063,0.18546569,0.017075825485595,0.01632542751,0.155996385,0.2127604205,1.00054140917414,1085.14085907433,1030.74056808724
"tau_intercept[9]",0.194455025405,0.194846185,0.0215590558226095,0.020422755696,0.1597898265,0.2301760795,1.00149567028896,894.852121383719,978.08538176492
"tau_intercept[10]",0.213987220115,0.21389374,0.019026280636065,0.018948028302,0.182057176,0.24626661,1.00041901490394,904.462449304577,1350.27115008927
"tau_intercept[11]",0.189281637215,0.1899123,0.0178502403114683,0.017083710693,0.158759894,0.2188404085,1.001065281773,1018.47771557734,959.084154013216
"tau_intercept[12]",0.19992779387,0.200343,0.0163042928381,0.016359112182,0.1718127565,0.2254592955,1.00171450361243,1050.89425584136,1232.84560350749
"tau_intercept[13]",0.191883940045,0.19173743,0.0159526815731121,0.016198976556,0.1652426365,0.2182324625,1.00154068766566,1066.42397141792,1278.39941220499
"tau_intercept[14]",0.172576777545,0.173357005,0.0193767096157401,0.018614999277,0.1394889485,0.2038017725,1.00173549057198,852.054623422715,868.688364194113
"tau_intercept[15]",0.231663579345,0.231652065,0.0161935858829926,0.015640829547,0.205433268,0.258809009,1.00950694070819,906.943095526819,1516.75065599466
"tau_intercept[16]",0.179895504405,0.1794746,0.0149508207011284,0.014846000274,0.155213448,0.2044910705,1.00187519529967,777.694921441932,1054.6920602756
"tau_intercept[17]",0.194897489555,0.19471014,0.0196460925529114,0.01966676313,0.163168067,0.2279638245,1.00484603901119,1013.09811907936,1073.04523993445
"tau_intercept[18]",0.16813615318,0.1685429,0.0168308593909393,0.016684490991,0.140353682,0.1957090835,1.00536306509923,994.06992749054,1111.88519212456
"tau_intercept[19]",0.193282334665,0.193479535,0.0153715944909331,0.015401263626,0.1675285605,0.2178087995,1.003580501459,1389.16976552748,1325.08746773485
"tau_intercept[20]",0.1866237866,0.18745567,0.018756728308867,0.018165756651,0.154657062,0.216910921,1.00345251574219,974.39507398013,1153.78985852327
"tau_intercept[21]",0.201412124325,0.201381295,0.0147040019725223,0.014336215677,0.1771846415,0.2248439175,1.00238581555309,1035.7734974458,1126.25581206456
"tau_intercept[22]",0.22297413925,0.222844075,0.0169618585222349,0.016344137922,0.1951503285,0.251355304,1.00422076349355,824.319967903163,1041.47301521107
"tau_intercept[23]",0.18138542621,0.181250635,0.0144812880365561,0.014700779604,0.15704904,0.205333743,1.00141385041254,1074.64535716613,1209.58353101206
"tau_intercept[24]",0.196520691185,0.196761425,0.0172034991645514,0.016986919152,0.1680939895,0.2246433215,1.0007037392564,896.055896768929,1075.83887744879
"tau_intercept[25]",0.22225433611,0.22219677,0.0183668498423059,0.0183234534,0.193038468,0.2532807975,1.00145516218764,1001.84099975659,832.933383542536
"tau_intercept[26]",0.175582674615,0.17602439,0.0176042212565083,0.017162688795,0.146543012,0.203934763,1.00489224151838,689.045745463086,1028.15238944296
"tau_intercept[27]",0.234897578915,0.23477848,0.0184900520195164,0.018116304528,0.2050933055,0.265703576,1.00400720485488,646.902494506846,880.021660686568
"tau_intercept[28]",0.205940523125,0.20624603,0.0173239319754264,0.016736878662,0.176653464,0.234819509,1.00118009667733,1033.17969950049,917.852140368397
"tau_intercept[29]",0.20549171056,0.20524645,0.0189897299941369,0.01868661627,0.173920601,0.2357167415,1.00252149625634,1128.52103243307,1116.71829205167
"tau_intercept[30]",0.177394429405,0.17738666,0.0167668676519715,0.015863842239,0.1492265395,0.2053483945,1.00522207566132,943.052894995229,1132.96008913928
"tau_intercept[31]",0.20670729081,0.207123245,0.0164018987785529,0.016348919307,0.1790254215,0.2328568845,1.00142097439527,794.351153702491,922.637700910706
"tau_intercept[32]",0.156511683889,0.156800585,0.0193034559581868,0.018895010526,0.1241168395,0.1870544065,1.00336019843333,710.448068420212,1043.64616802487
"tau_intercept[33]",0.1594844590195,0.15932833,0.0170601904331565,0.016659687093,0.1315112715,0.187162897,1.00172959849795,703.111252917982,894.323560632363
"tau_intercept[34]",0.205707828015,0.206357445,0.0183687699790881,0.017896827837,0.1742799345,0.2345102355,1.00333271301636,687.189636965415,1038.39166997493
"tau_intercept[35]",0.20075659247,0.20071704,0.0215928031131434,0.020622639828,0.165770745,0.2377317965,1.00048196445671,1016.96451911582,1243.55462904244
"tau_intercept[36]",0.21145975498,0.211569325,0.0169454579817086,0.0173557010760001,0.1829952965,0.2387117425,0.999806549751728,860.424103345354,1110.9407986449
"tau_intercept[37]",0.18508382757,0.184515,0.019710752129076,0.019056272928,0.15443076,0.2193978315,0.999615871298273,1148.26965282258,1073.21776973924
"tau_intercept[38]",0.201807591225,0.20202668,0.0186604452674657,0.018758804064,0.1717277055,0.232563206,1.00292408014948,1070.11834059337,977.718846606469
"tau_intercept[39]",0.21058428217,0.21071649,0.014489653651522,0.014575158906,0.1864486425,0.2346765485,1.00093258405826,985.746258206438,1127.36410276977
"tau_intercept[40]",0.178492052115,0.178740425,0.0153998936708168,0.015411130329,0.1524449815,0.203661211,1.00256057926546,596.450691035239,924.358049940752
"tau_intercept[41]",0.199774458625,0.199282145,0.020783293930016,0.020495106576,0.165642898,0.2347768905,0.999898355463291,994.905891256905,1040.30867514597
"tau_intercept[42]",0.166154323475,0.16666493,0.0194663547352829,0.019632485418,0.133982864,0.196457603,1.00371349896532,856.824590299145,822.538731577751
"tau_intercept[43]",0.220477035645,0.220566185,0.0165068187950257,0.016454065299,0.1941679365,0.248036142,1.00077173267597,796.11403058781,913.782283633697
"tau_intercept[44]",0.147596492524,0.148205025,0.0175094298836768,0.01745346372,0.1180198575,0.1756602885,1.00411060682666,509.180662570023,911.305323299438
"tau_intercept[45]",0.186130796215,0.18616574,0.0179034966405058,0.018112131009,0.156828963,0.2150313795,1.00156634888277,972.22587532018,1034.04326485081
"tau_intercept[46]",0.206690696515,0.206822255,0.0179606504409725,0.018088742994,0.1775106895,0.2364346445,0.999180157833054,1173.83352813585,1286.03221022992
"tau_intercept[47]",0.213983604705,0.21404662,0.0166383814599215,0.016798858755,0.186723243,0.2416851645,1.00283361530369,918.937883500264,914.791510574
"tau_intercept[48]",0.17800448906,0.178014295,0.0200467176688811,0.019639757571,0.144641868,0.210975278,1.00208951659431,843.81307912544,847.19765641113
"tau_intercept[49]",0.23220557546,0.231391205,0.0205718995632812,0.02100829374,0.2000667755,0.2668123115,1.00338647798413,856.271382588746,980.626892256915
"tau_intercept[50]",0.190038190155,0.190429385,0.0188221633278841,0.017974857075,0.15850414,0.2204145445,1.00101037391568,830.396845841441,856.805891854125
"tau_intercept[51]",0.170753200475,0.170907355,0.0170132323606188,0.017173207842,0.1417807985,0.1984808435,1.00101421759714,992.082038213729,948.353919507065
"tau_intercept[52]",0.205607718385,0.20571854,0.0190072922924996,0.018575028381,0.1752009715,0.2369775185,1.00194843274759,696.988202941124,610.972856599083
"tau_intercept[53]",0.182032494765,0.18221769,0.0186612409052234,0.018368235333,0.1504113315,0.2115069845,1.00073644301976,915.223989476088,782.88749909785
"tau_intercept[54]",0.202230966255,0.20223234,0.015111254025372,0.015076055316,0.1767934715,0.2264603835,1.00126893766644,1209.10268335106,1045.49436359416
"tau_intercept[55]",0.224504837935,0.224963505,0.0211745663732864,0.020562364725,0.1891115465,0.25967694,1.00303645310722,911.825667234918,871.989447532678
"tau_intercept[56]",0.165855635835,0.16629316,0.0179012555969929,0.018138254421,0.13590523,0.194357834,1.00368985408992,873.040994672054,1004.39060287201
"tau_intercept[57]",0.18159265889,0.182300355,0.016393525176242,0.016287265386,0.154420956,0.208635047,1.00168049184944,864.765690454617,1067.57880101918
"tau_intercept[58]",0.17523453142,0.175504095,0.0182539231887234,0.01747103253,0.14461123,0.205586253,1.00192495898438,1106.29449299851,929.170140878206
"tau_intercept[59]",0.17616206216,0.17671181,0.0174098430240744,0.01728541101,0.146648297,0.203355676,1.00447856242291,826.961661854295,995.298206065972
"tau_intercept[60]",0.16391289306,0.16364837,0.0187534201062933,0.018219871551,0.132365159,0.1946558015,1.00232326313647,798.092735357445,1022.98322460094
"tau_intercept[61]",0.200484948865,0.20061604,0.0150779244354807,0.014797037409,0.175449268,0.225038204,1.00016164976364,1156.74408075767,1100.68675420438
"tau_intercept[62]",0.19568645931,0.195286055,0.0170305442470147,0.017271229941,0.1679144705,0.223531242,1.00047158253052,720.761606566379,776.291529923143
"tau_intercept[63]",0.18386873981,0.183556065,0.0201335251416986,0.020554351272,0.150055168,0.2165316105,1.00077909740868,1049.0585997504,1020.90218686558
"tau_intercept[64]",0.18841626682,0.188343105,0.0187403585301399,0.018984922803,0.1563670675,0.2190276945,1.00349103784402,795.258450334483,973.263763414036
"tau_intercept[65]",0.212311292895,0.212849795,0.0184258170328712,0.018211991532,0.18125421,0.2421825565,0.999451858126534,1066.76129004889,1321.25089084955
"tau_intercept[66]",0.209766031205,0.20999603,0.0191409396035322,0.018679092075,0.177932423,0.242224069,1.0017944596963,944.658839227984,1087.17763282819
"tau_intercept[67]",0.201183796795,0.201131235,0.0167964339070357,0.016189754784,0.1727886275,0.2280533155,0.999646807149743,1030.74207394088,1198.75773770066
"tau_intercept[68]",0.194043002845,0.194052955,0.0156903030302281,0.01599258381,0.1682803605,0.219525459,1.00134968606906,946.804524161719,1102.75504867149
"tau_intercept[69]",0.16982873833,0.170033065,0.0157485824448593,0.015323605038,0.142862629,0.19579521,1.00453834522702,1151.55130400431,1105.25888332534
"tau_intercept[70]",0.20371474333,0.204260905,0.0180627607000446,0.017593576833,0.172928417,0.234211064,1.00184837758798,906.626106974048,1085.09680862593
"tau_intercept[71]",0.194443421335,0.19476477,0.0173634638413887,0.018103383669,0.1656621225,0.2215959385,1.00208412666019,1003.29517062647,1081.97072951977
"tau_intercept[72]",0.211008123905,0.21077066,0.0192275151683154,0.019317692373,0.179106831,0.2416253105,1.00230449240843,882.523319746384,1061.40882840031
"tau_intercept[73]",0.216506797195,0.216446815,0.0202198128435819,0.01966661487,0.1841180335,0.249997986,1.00317232508963,878.92746904482,1014.97063053316
"tau_intercept[74]",0.19363752876,0.19396174,0.0177605966453839,0.017396435511,0.1638128365,0.2230185685,1.00101030820762,915.668572417251,954.010410403585
"tau_intercept[75]",0.1594606802145,0.16024785,0.0174826076721307,0.0171284778,0.1302040125,0.1872361705,1.00247396648953,928.044757298297,973.24824996027
"tau_intercept[76]",0.185728878165,0.185830765,0.018134446010949,0.017558402148,0.154792894,0.2150904455,1.00163349861615,776.443889985637,950.202782208124
"tau_intercept[77]",0.200726278685,0.200821635,0.0177834439855215,0.017676824823,0.170752096,0.2290590425,1.0021317827631,1006.58233524616,903.491140969868
"tau_intercept[78]",0.218467211675,0.21839045,0.0173145046734504,0.017381364882,0.189688645,0.247034375,1.00030528617588,948.642369521209,905.318788672173
"tau_intercept[79]",0.199591948725,0.19969569,0.018413894573721,0.018424648263,0.168827301,0.2304645115,1.00006770107802,1257.8882689429,1298.10835509068
"tau_intercept[80]",0.203299405635,0.2031664,0.0162071873811669,0.015591599814,0.176174107,0.230482305,1.002476787223,786.211904942721,891.395025263416
"tau_intercept[81]",0.212373725205,0.212738265,0.0150779280676161,0.014829817695,0.1877677965,0.2373166205,1.00167108430183,1115.09385010288,1174.49646820088
"tau_intercept[82]",0.17796586118,0.17810125,0.0169567958024736,0.017303669229,0.1498145355,0.2060885845,1.00067889541068,1093.215215545,1410.82462733529
"tau_intercept[83]",0.206356247715,0.20665955,0.0157862046008021,0.016180688685,0.181085132,0.231244746,1.00124543628661,1338.71253964401,1242.46728555199
"tau_intercept[84]",0.18969466466,0.189851785,0.0157853250233869,0.015168984684,0.163012593,0.2157542345,1.00055502260737,1105.1676459262,1011.72544619941
"tau_intercept[85]",0.207295895815,0.207083635,0.0177412318935728,0.016995896295,0.1784694145,0.2370994395,1.0036546749221,1035.48701500156,956.160390942884
"tau_intercept[86]",0.17113152917,0.17080954,0.016702300310299,0.016454947446,0.145162112,0.199620464,1.00519300604635,1102.30360439493,1204.75604109694
"tau_intercept[87]",0.202260806035,0.202482575,0.0152751579019121,0.015556951452,0.1770393215,0.226750234,1.00079402863161,1155.00992159044,1305.17825245816
"tau_intercept[88]",0.196929519445,0.1973954,0.0186335962527735,0.018150411741,0.166937624,0.225905485,1.00570683628008,1031.82110144963,920.332283710605
"tau_intercept[89]",0.206298308065,0.20631198,0.0165547848805028,0.016645869261,0.1784079645,0.2329612955,0.999509758427045,914.839380551374,1001.75872649861
"tau_intercept[90]",0.185385035235,0.185247265,0.0175059824137002,0.017208894024,0.1572583175,0.21417788,1.00068595087494,1161.89518881579,1156.00253106685
"tau_intercept[91]",0.22288540174,0.222709865,0.0189615076349581,0.01959493116,0.192250315,0.2540757485,1.002214041326,791.484873476435,862.803107184981
"tau_intercept[92]",0.242153004395,0.241540265,0.0198384462929539,0.019889234673,0.2111028065,0.2744263975,1.01738089328787,435.437158955803,703.389901315163
"tau_intercept[93]",0.20541992978,0.20542137,0.0156806834144186,0.015552140415,0.179961667,0.230509765,1.00118913484288,951.842340019985,1076.09918552714
"tau_intercept[94]",0.16505382677,0.165303585,0.0164780935276343,0.016049804757,0.1376270305,0.1915092875,1.0018586801463,1164.80521919386,1181.10991114734
"tau_intercept[95]",0.223763717075,0.22372599,0.0174324889931609,0.017171643699,0.194566905,0.2529641555,1.00208165925969,609.523396260065,928.680433610703
"nu_c[1]",1.5578284583,1.5629218,0.109297778662206,0.10492315722,1.37200212,1.73687928,0.999744448691821,1431.99618402093,1508.82663512611
"nu_c[2]",-0.4360784175535,-0.43564673,0.133101101368413,0.137849716536,-0.652446717,-0.217579471,0.999575359301321,1534.80427651999,1634.83141383257
"nu_c[3]",0.776824022485,0.782339595,0.140723386958403,0.136420571679,0.5344622355,1.000943335,0.999817365505368,1705.67046172448,1593.63318472206
"nu_c[4]",0.739180875025,0.73870383,0.11377932635118,0.112751129547,0.549424946,0.9251822425,1.00094556259258,1753.39178812602,1533.13340780454
"nu_c[5]",0.433677633835,0.434010485,0.0824377467039443,0.08121793995,0.296912508,0.5679742915,1.001848040971,2227.26437175402,1679.76855201055
"nu_c[6]",0.403435753425,0.40397597,0.122937683001881,0.123855803547,0.194168691,0.6037074075,0.999526903871946,1262.05941220514,1286.51031742267
"nu_c[7]",0.77864180571,0.77625822,0.0857195586803488,0.082447185849,0.636412137,0.925448683,1.00174642687044,2005.26693280663,1514.92419213841
"nu_c[8]",1.14902894777,1.1467532,0.0886020761532067,0.09123342186,1.007308985,1.2991189,1.00058152762813,1592.50366056906,1595.95711778094
"nu_c[9]",0.539453271805,0.537928595,0.0736236319089924,0.069031079145,0.4172685065,0.6600301975,1.00128682359589,2175.13319301751,1392.57479395475
"nu_c[10]",0.533466780405,0.53307747,0.0743399605680178,0.0720097633920001,0.4132470395,0.6571582025,1.00134519290309,2019.73600970599,1394.53060110939
"nu_c[11]",0.44416498436,0.444707865,0.0787536714765661,0.083493908862,0.3175298275,0.573936138,1.00052898960756,2783.2529053605,1632.18649027424
"nu_c[12]",0.78277070704,0.783004025,0.0902836321413355,0.086185680357,0.635386007,0.932250578,1.00005466884145,1856.40884019545,1359.17310528547
"nu_c[13]",0.935759374695,0.93484089,0.0827192167051297,0.084617030253,0.8042669215,1.073578685,1.00174374432227,2095.33004984539,1518.91236703381
"nu_c[14]",0.6680705172,0.669263075,0.0827020642419251,0.081599160888,0.535011243,0.8017315555,1.00086085014126,1980.00827111467,1496.49414771103
"nu_c[15]",0.4569653337115,0.45724653,0.123172638095314,0.1206006144,0.2624492435,0.659218012,1.00063238610654,1231.08937674124,1018.33474299427
"nu_c[16]",1.77700091035,1.78192645,0.126902094237674,0.127155189,1.563690605,1.98289155,1.00087128659664,1762.04568462005,1374.52432310093
"nu_c[17]",0.498376346925,0.498022335,0.0723781897391063,0.0700100473380001,0.3807618605,0.61773091,1.00446913465232,2001.62276036855,1067.07102711844
"nu_c[18]",0.6939586807,0.69399042,0.070955102687508,0.070816477956,0.577308683,0.812738947,0.999383460337091,2735.64003083798,1442.6922033981
"nu_c[19]",-0.531109673205,-0.52684848,0.0888217405156094,0.08490516615,-0.685448292,-0.3879377875,0.999926406621145,2263.28042273457,1177.0330635513
"nu_c[20]",0.730653014428,0.742654615,0.219228576026878,0.224588540127,0.345596864,1.073251695,0.999199354105017,1146.80925830489,1469.14210453731
"nu_c[21]",1.30963197989,1.30836745,0.101576323959656,0.1003616418,1.141982045,1.477571225,1.00070880904842,1956.80297048048,1343.30937578536
"nu_c[22]",0.600731573565,0.59382951,0.175076750088696,0.200068604505,0.3312214555,0.896087159,1.00242573371913,1233.38546699621,1584.83902750702
"nu_c[23]",1.10304861604,1.10881205,0.126009391346952,0.12338960739,0.893970174,1.308921,1.00149622494124,1334.91067132711,1356.00457894806
"nu_c[24]",0.526441432925,0.52687983,0.0848484963387733,0.08682009231,0.385884566,0.660715926,1.00123271106892,2283.62002421007,1358.90121577083
"nu_c[25]",0.689225700255,0.6851515,0.105698266799464,0.109179123606,0.5194256465,0.8643983705,0.999887043038012,1336.23085492292,1608.92718834235
"nu_c[26]",0.7823523801,0.78465926,0.074269803588409,0.0756591684659999,0.6621484075,0.9074126185,1.00508735284086,2256.48931538484,1349.90578244446
"nu_c[27]",0.581323683055,0.58107408,0.0851812376391058,0.0853845945119999,0.438297836,0.7173194825,0.999625636250486,1818.02619782017,1325.13528386215
"nu_c[28]",1.30238539205,1.30135445,0.0917585410751453,0.0899689123200001,1.151310755,1.45249242,1.00174005466121,2138.33505706133,1661.01869787383
"nu_c[29]",0.073035411114902,0.074512144,0.0869446813384263,0.0864136827393,-0.0783943793,0.2143337495,1.0027801363813,1709.76316551838,1477.15819983339
"nu_c[30]",-0.0077146292427715,-0.00363387435,0.0991475359121932,0.0984343870797,-0.1779616175,0.151050039,1.00130970138114,2173.50274495634,1377.26064435363
"nu_c[31]",1.23650757347,1.23622935,0.102072338224976,0.10482137673,1.071169165,1.410235295,1.00169910441416,1777.88110035953,1580.78266781235
"nu_c[32]",0.399703418485,0.40016642,0.0641380918645708,0.062509514634,0.2938822895,0.503237811,1.00048959982301,2260.34307036352,1377.90057246327
"nu_c[33]",0.125020082861725,0.11743654,0.133554291469767,0.12441971787,-0.08279238275,0.359265897,1.00221392426093,1859.27200134608,1183.06900194184
"nu_c[34]",0.475773076515,0.47572658,0.102652540103887,0.096225180387,0.31326173,0.652563299,1.00049316323454,2093.92300274614,1145.40255420605
"nu_c[35]",-0.2667032797437,-0.26793717,0.0831335678672821,0.081769756257,-0.4075360525,-0.1308378885,1.00866511958112,2470.05387348178,1268.75181533405
"nu_c[36]",0.78311741783,0.78061001,0.100596269540036,0.102659842299,0.622194833,0.959726617,1.00170339454727,1695.417090613,1686.13283191494
"nu_c[37]",-0.442341877225,-0.43605894,0.077821591162486,0.073495973523,-0.579518246,-0.3271989755,1.00345862972188,2138.08505474491,1562.65554114838
"nu_c[38]",0.594171216165,0.59290095,0.103606590953954,0.098668134537,0.4246676685,0.7691725455,1.00222719121886,1536.32511704789,1271.21018413179
"nu_c[39]",1.490992222815,1.49370845,0.127133915222988,0.12186349308,1.285143035,1.689248505,1.00074671929571,1575.43449602792,1485.81812216889
"nu_c[40]",1.332964046635,1.3350532,0.148301326929386,0.1494416322,1.083423125,1.580470315,1.00011670931959,1504.3230710517,1287.51372892158
"nu_c[41]",0.0722836884813,0.072056084,0.0768347377482578,0.0784182114534,-0.05715853465,0.1984250175,0.999963042449133,1941.21583938646,1717.23025443931
"nu_c[42]",0.464577868895,0.46295631,0.070659985971311,0.0694406918729999,0.351781373,0.5794973035,1.00237813813906,2469.96722145883,1406.28723781793
"nu_c[43]",0.79915696296,0.79707574,0.0936497865554795,0.092581868799,0.648624812,0.953429548,1.00251724722267,1646.38578763621,1514.88698809431
"nu_c[44]",0.53751377131,0.53646871,0.110702805227556,0.112438330599,0.361176918,0.7217564955,1.00126886728182,1316.62379099873,1666.57196124817
"nu_c[45]",0.50269188029,0.500887065,0.0882497358853023,0.0892539581219999,0.3609392655,0.647302278,1.00365649072315,2485.70628375981,1498.4498564521
"nu_c[46]",0.533069178315,0.53028541,0.0940920588229705,0.0861348049379998,0.389465105,0.6930183395,1.00183385968261,1765.64088721615,905.42408699315
"nu_c[47]",-0.0290383843496995,-0.023140093,0.104875890669799,0.0973730456307,-0.1995533665,0.134037738,1.00129260638754,1562.60993272591,722.828447735118
"nu_c[48]",0.552444691545,0.55090048,0.078232579754064,0.08010302475,0.422110216,0.676561659,0.999882102555973,2221.57630192592,1693.1833926961
"nu_c[49]",0.403774717075,0.40323215,0.0720734231094263,0.074022392892,0.2867974045,0.5206040475,1.00844045548955,2479.08440642598,1291.01182751814
"nu_c[50]",0.114983548809899,0.1220181,0.116814400415366,0.115567424616,-0.08042130845,0.300263275,1.00083213709673,1702.36733034774,1415.53371603985
"nu_c[51]",0.57098779096,0.569587095,0.106699729370465,0.10646246667,0.404002013,0.7576167885,1.0008137171871,1821.26645142466,1397.491356636
"nu_c[52]",-0.021533933336922,-0.024413323,0.0827674560863797,0.0854600595933,-0.1524199245,0.114953461,1.00039547185914,2219.50761607982,1583.41065451531
"nu_c[53]",1.12379263034,1.11924945,0.0689057960054774,0.0677362133700003,1.015796935,1.241261325,1.00197639782871,1976.96570987607,1785.61942621345
"nu_c[54]",0.615944223925,0.61418336,0.111615669176648,0.110933528664,0.440549631,0.8033448615,1.00029297775795,1343.47858620576,964.602505134083
"nu_c[55]",0.0298117273730565,0.030477832,0.113296740946578,0.1134342389796,-0.1576785025,0.2151031795,1.00017707738431,1578.29331356954,1333.06637449732
"nu_c[56]",0.32427792689345,0.323265385,0.104693732565681,0.103606185879,0.1555357395,0.500792902,1.00091488525785,1808.54104665781,1321.18413372424
"nu_c[57]",0.137427869800815,0.139831325,0.0938878094985598,0.092222960991,-0.01899890125,0.288335999,0.999910372881864,1984.47451298058,1206.23759709479
"nu_c[58]",-0.13303267622319,-0.125992215,0.140471980651607,0.1494636391731,-0.3655713505,0.09051682315,1.0025128051231,1135.68540681268,1433.37714213253
"nu_c[59]",0.522212167245,0.523752715,0.085153702658721,0.081270809466,0.3799342035,0.6578671355,1.00173035195125,1711.78642384848,1433.4073352984
"nu_c[60]",0.4139470136725,0.41435605,0.0671350946804064,0.066356609592,0.3030331295,0.522548266,1.00241121054503,2245.75058168774,1726.44102961368
"nu_c[61]",1.13896302992,1.137644,0.116368108800184,0.11948080662,0.9518048015,1.326019025,1.00276710438524,1814.70085430875,1480.56974148427
"nu_c[62]",0.67679763651,0.67860768,0.0855065746157032,0.084901800648,0.53424903,0.817853667,1.00111904780576,1471.1035551187,1547.59345676112
"nu_c[63]",0.24790242548813,0.251395185,0.102863306780031,0.101552347512,0.0779808259,0.413057987,1.00249949284225,1491.87496819307,1298.07032362436
"nu_c[64]",0.2264996738806,0.22953396,0.0721452552495918,0.071130544527,0.108628371,0.343941612,1.00288747112015,2405.24258681887,1440.13081510348
"nu_c[65]",0.2790292206462,0.278858235,0.0952700936957836,0.092540118783,0.124234142,0.4361072935,1.00114539850067,2691.99467297883,1365.89212076638
"nu_c[66]",0.303128543109,0.303878785,0.073725104508198,0.071555620773,0.1799903055,0.4227217615,1.00582792673407,2381.56469974146,1540.29013306618
"nu_c[67]",1.049277395945,1.04596895,0.0919261296232734,0.08999537673,0.9025889215,1.20610214,1.00248822262296,2138.55087160214,1733.62168512604
"nu_c[68]",1.29453584145,1.2950878,0.104500098768353,0.11205179454,1.121103375,1.460306215,1.0005363232933,1516.21315280643,1523.69705171057
"nu_c[69]",0.76493435291,0.7605782,0.0832478779149271,0.080139437406,0.6352250745,0.9099321635,1.00808870474374,2541.48532345179,1557.14842105041
"nu_c[70]",0.70001671395,0.700388675,0.0607944348418822,0.061136100711,0.599967882,0.7994265905,1.00170690782153,2524.13973642551,1370.50041785986
"nu_c[71]",0.147020211118266,0.149674535,0.102971956436883,0.094831276932,-0.02671966965,0.306130453,1.00145929002889,1749.4946623676,967.274883332491
"nu_c[72]",0.917896987675,0.911752725,0.0843228181583556,0.0857114114430001,0.7879897345,1.06205704,1.0001336565398,1924.62417094791,1505.56586090123
"nu_c[73]",-0.33482444862195,-0.334411765,0.0848287657300675,0.087885651756,-0.4725777815,-0.194229206,1.00140488664922,2287.77763182364,1696.77938061869
"nu_c[74]",0.521783246345,0.52155244,0.0779946428870047,0.075826042509,0.391106674,0.646574554,1.00066153274254,1836.38749124374,1500.9617349636
"nu_c[75]",0.395309944775,0.39543019,0.0822150463999565,0.081415800333,0.262982419,0.5323478525,1.00026572830988,2442.319711982,1696.4917891459
"nu_c[76]",1.153914926085,1.1503051,0.0900362297833171,0.09384939543,1.007477635,1.308281495,0.999865536457987,1577.80821674934,1694.97246360055
"nu_c[77]",1.052568129765,1.0501658,0.0840838771727493,0.0833370349560001,0.916097135,1.193183515,1.00074509975738,1906.25755331849,1589.21564351771
"nu_c[78]",0.90032662268,0.896316115,0.0851937653087497,0.0880869591840001,0.767192349,1.04560753,1.00239529196185,1559.21405073041,1337.49288234568
"nu_c[79]",0.98378629751,0.98358538,0.071154744748283,0.069054919353,0.868104265,1.100055085,1.00516081323651,1886.37647533269,1151.26843723891
"nu_c[80]",0.82067584206,0.819995485,0.0887292243486527,0.088689673149,0.6786114775,0.9705175875,1.00152751251676,1897.43659045163,1583.4634251349
"nu_c[81]",1.015157738985,1.0192724,0.11763812570386,0.121284678627,0.818253823,1.20085623,1.00089324607036,1417.90934023092,1517.43329814534
"nu_c[82]",0.997825182155,0.993791015,0.0926851136860935,0.092996107239,0.8528543265,1.158297455,1.00065129060493,1363.55804961495,1398.27109891725
"nu_c[83]",1.163835479645,1.1686138,0.123879116261477,0.12594360828,0.951956614,1.366859445,1.00377940023248,1393.18578275368,1583.19231474982
"nu_c[84]",1.08591445088,1.08458415,0.098227050199519,0.09928475529,0.923959452,1.24946283,0.99972471737419,1701.73764499424,1671.07164620602
"nu_c[85]",0.112229683183626,0.114371815,0.0877056416782296,0.088025586957,-0.0361057693,0.250269625,1.00080561326634,2168.67389024825,1514.60947173972
"nu_c[86]",0.883887123865,0.89072023,0.127867301891969,0.127966808718,0.668396823,1.081695775,1.00016968924084,1400.20210479083,1419.9833830532
"nu_c[87]",0.514936279466,0.513827705,0.13279251569501,0.140463206751,0.304204124,0.7298595805,1.00166164005811,1654.76480859651,1480.02700790438
"nu_c[88]",0.45189008624,0.45218626,0.0863278608954693,0.083390163927,0.3125080425,0.5949159255,1.00037577271583,1710.45386699836,1081.01318685306
"nu_c[89]",1.12474171141,1.12110515,0.109491710471516,0.11500320636,0.950274671,1.30814455,1.00201853617355,1475.3793830116,1459.52917940681
"nu_c[90]",0.42242004126,0.421983025,0.0954605585847695,0.096651294453,0.265546404,0.575829343,0.999679876152053,1896.26805687834,1356.0999628109
"nu_c[91]",0.376413339839,0.373512335,0.0867610609886652,0.0878386236839999,0.2394273715,0.518675343,1.00207046380263,2520.94511816154,1249.97337027767
"nu_c[92]",0.510300810965,0.51297785,0.076421948531718,0.0790153226730001,0.3804319165,0.63163071,1.00117536082862,2739.3692114477,1724.80649559473
"nu_c[93]",1.009226986,1.01323085,0.119483215813346,0.11671590588,0.814886423,1.20502595,1.00184990136313,1633.30069125593,1513.42052364431
"nu_c[94]",0.896812886565,0.89520298,0.106015568939368,0.108518284308,0.723519761,1.07165448,1.00002769052533,1534.29760337495,1660.08391655707
"nu_c[95]",1.13211183265,1.13250605,0.117487236190972,0.1191447012,0.939656691,1.330142715,1.00001821288008,1476.57111556151,1583.28377324395
"nu_r[1]",0.31860389013851,0.325071495,0.136852813566657,0.145747823256,0.08027185,0.527595219,1.00353176180206,1148.35549728402,1414.43747057164
"nu_r[2]",0.593156391745,0.593980075,0.0703163092909905,0.0695043917819999,0.477117863,0.706992426,1.00147023591265,1911.63006675859,1671.57124299291
"nu_r[3]",1.09858640001,1.10001935,0.0898646898038424,0.08596352016,0.955633679,1.245282925,1.00115057783206,2377.88536477877,1417.87708106605
"nu_r[4]",1.00910904464,1.00990195,0.0906311588712543,0.0934428961619999,0.858761682,1.156375005,1.0030049509771,1536.2205739855,1597.53197183789
"nu_r[5]",-0.000849965667077,-0.00112837505,0.0613361397389964,0.0629277753678,-0.1007369565,0.1018390105,1.00871198584854,2794.24429051753,1640.47403715332
"nu_r[6]",0.57334303187,0.57338153,0.0715252242071582,0.071129247252,0.4550113785,0.6895599835,1.00521587245795,1978.41452168424,1343.02475849705
"nu_r[7]",0.552017869865,0.55055645,0.0677690441859445,0.067497003273,0.4448871575,0.6682291475,1.00011148034876,2442.02223282556,1467.72031515862
"nu_r[8]",0.245259213769265,0.248189055,0.0941481836145395,0.094495608879,0.08099724975,0.392428863,1.00492492023128,1493.47449269714,1328.45297541323
"nu_r[9]",0.081040357929934,0.081165946,0.0553734516523213,0.0554304080148,-0.007523847005,0.1725751505,1.00305635760373,2551.07221884406,1122.09440118108
"nu_r[10]",-0.118782923696802,-0.11444701,0.0733572632926973,0.0709413551301,-0.244179009,-0.009078588955,1.00119253328593,2191.30691105004,1101.92014839471
"nu_r[11]",0.431796445335,0.430903785,0.0618041131518885,0.0607834198229999,0.331140356,0.5337126135,1.00565255583238,1828.55038146229,1094.99717829359
"nu_r[12]",0.14684312174442,0.152701375,0.0866883837763675,0.0864742565862,-0.006772407085,0.277545122,1.00146001558943,1839.70042035549,1452.97894095698
"nu_r[13]",0.43317348839,0.43673091,0.0815260787519332,0.079104997734,0.2929287125,0.5659739935,1.00073202529896,2436.81125069313,1555.60482090174
"nu_r[14]",0.532345892545,0.532604455,0.0603755535593475,0.059646576969,0.434234175,0.632714315,1.00553205131356,2194.45601763025,1301.90325325172
"nu_r[15]",0.97181480545,0.972857515,0.0842673685520997,0.0855944417160001,0.8353693255,1.109228745,1.0026912762953,2028.20235051911,1528.75797002869
"nu_r[16]",0.18191115327762,0.186207775,0.176361195225841,0.191477967912,-0.1191497505,0.4618781215,0.99976309598792,1433.65597444225,1595.9614634154
"nu_r[17]",0.102760507409875,0.102983895,0.0586356834417496,0.0570804217242,0.007272651545,0.197299865,1.00373620936094,2789.42677047621,1719.40362112789
"nu_r[18]",0.39169427128,0.393650815,0.063445655180244,0.061070213967,0.2854087995,0.492902941,1.00139976308406,2762.53390662128,1237.84010829225
"nu_r[19]",0.76673238909,0.76886781,0.0704451011662403,0.070148826111,0.652322734,0.882559978,0.999588976999144,2201.1908400966,1558.69578274671
"nu_r[20]",0.455536529065,0.4572654,0.0683293804761886,0.067951627737,0.3420676665,0.5660177705,1.01041511952738,2269.15716554009,1672.17688817077
"nu_r[21]",0.73729094994,0.738496745,0.102721509072989,0.10505740665,0.56723862,0.905718556,1.00074911779308,1570.58906662702,1500.61369017629
"nu_r[22]",0.754266331175,0.752860495,0.0849164171622056,0.087454474611,0.6163897375,0.89374972,1.00026770176105,1899.13364532438,1415.11109619622
"nu_r[23]",0.91246911497,0.913646355,0.0878548631799939,0.087946171488,0.7615402555,1.05448754,1.00350428711906,1868.5842387077,1554.11705090692
"nu_r[24]",0.3644639742005,0.363456905,0.0686184046054885,0.066557309154,0.2557242475,0.475857744,1.00277152583131,2716.92781700985,1287.97061281236
"nu_r[25]",0.58113404984,0.58127613,0.074601805520563,0.073373362503,0.456485789,0.702118389,1.00038978271008,1809.57209719033,1288.16624982802
"nu_r[26]",0.42909057092,0.427722075,0.0634920666648455,0.062371225119,0.3276236535,0.5336169235,1.0015587191538,2436.94330550727,1590.53215996439
"nu_r[27]",0.69086671555,0.69076471,0.069234301094481,0.0696898650419999,0.574807274,0.8026778565,1.00223837857641,2044.95144630719,1529.63036775722
"nu_r[28]",0.247070090469415,0.25210382,0.0964283938468533,0.101469270021,0.0827145843,0.3963490345,0.999977587434003,1644.85165316866,1521.42591898827
"nu_r[29]",0.45098719139,0.451915285,0.0614349622644882,0.057479927568,0.3482031035,0.551022855,1.0168080950827,2131.11285614585,1601.40200503561
"nu_r[30]",0.378379967535,0.37793949,0.0702510672567259,0.072363711903,0.2647310655,0.492534906,1.00336531775177,2531.95600390019,1408.18986839344
"nu_r[31]",0.4249843165,0.427557515,0.110604187057556,0.110436175668,0.237567575,0.6000104485,1.00126806184636,1816.79217451354,1469.95301079882
"nu_r[32]",0.0494976449698855,0.0468365745,0.056849378399312,0.05543752886847,-0.04014968105,0.143753858,1.00736854696551,1950.78527147784,944.785630525689
"nu_r[33]",0.532207694435,0.53318685,0.0727008018825964,0.071291376975,0.4110395695,0.6522660695,1.00013539936942,2580.77326633248,1503.83826327117
"nu_r[34]",0.535036848825,0.534546735,0.0669478283717275,0.0651555256799999,0.427801524,0.6496515715,1.00236388798834,2938.36199336784,1330.42220551284
"nu_r[35]",-0.2482752070805,-0.24710923,0.0547950922818794,0.055522524918,-0.3371096685,-0.1580610365,1.005546100348,2456.07195284508,1448.75765350197
"nu_r[36]",0.830568056565,0.830142305,0.0734092996869964,0.0749853193529999,0.7080996215,0.9506171875,1.00209751808429,2078.58183607743,1717.42014428847
"nu_r[37]",0.10537830872789,0.104391665,0.0551332344858557,0.0524102480328,0.0149059624,0.194636574,1.00665106222523,2230.1096408613,962.20914293214
"nu_r[38]",0.609968161395,0.611306485,0.0635295927434056,0.063556460037,0.506902894,0.711612002,1.00341329187062,1805.31257580308,1526.05730199257
"nu_r[39]",1.25939493324,1.25792855,0.10260657947388,0.10386398778,1.086496675,1.426231275,1.00349282560568,1743.82881793864,1511.74190630812
"nu_r[40]",0.5918016501,0.59443264,0.0854115570170429,0.0843237126690001,0.4456670675,0.7257989095,1.00220009288907,2329.13150158715,1454.60693547259
"nu_r[41]",-0.196387801121,-0.196210385,0.0592824526344185,0.060488686356,-0.2924701825,-0.1014149735,1.00055941760268,2971.97964751369,1457.72285677811
"nu_r[42]",0.201880681431,0.2015829,0.0570085355133282,0.057671168142,0.108342538,0.2989901995,1.00551847383538,2476.06230854185,1388.75853115743
"nu_r[43]",0.29799874789738,0.300566175,0.0979637423808082,0.10171584864,0.1372161415,0.453614902,1.00047250089904,1553.79145037223,1430.8091132814
"nu_r[44]",0.547533099025,0.54774652,0.073315563387134,0.072850486548,0.429829108,0.670962061,1.00416839391936,1533.90378083557,1411.89053907361
"nu_r[45]",0.441386171655,0.441837195,0.0654852826487738,0.064631515536,0.3360874265,0.549488661,1.00461030654181,2994.0385766013,1386.01602872394
"nu_r[46]",0.45014969611,0.4503008,0.0712400048891947,0.070260510369,0.335472373,0.568701236,1.00123718568706,2589.37178843805,1413.53465921524
"nu_r[47]",0.471599252125,0.47084873,0.0757956458262441,0.074925288879,0.349367461,0.5981158915,1.00174846337202,1978.73220895202,1497.92738176927
"nu_r[48]",0.0485929682371245,0.049480293,0.0571780699439169,0.0573011341623,-0.04790346,0.1407168585,1.01229694541912,2727.33661683363,1593.9323887581
"nu_r[49]",0.132711989700545,0.132093995,0.0592236274610304,0.0575246435253,0.0357729679,0.231131392,1.00237986554556,2682.66019850831,1427.91550055977
"nu_r[50]",0.595518824235,0.594269785,0.0659378982842872,0.0665361228,0.484782044,0.7050545725,1.00637393065303,2145.73010867933,1460.21471370643
"nu_r[51]",0.628212524725,0.62849322,0.0708603766196561,0.072212086401,0.511869428,0.7415986445,0.999838586774708,2091.91524135486,1680.41448604638
"nu_r[52]",0.276772330835,0.276952475,0.0606623798636146,0.059830827084,0.1774034585,0.3784278155,1.00080829549184,2699.92261658827,1661.34611372815
"nu_r[53]",0.073665572411765,0.0761762025,0.063667980384642,0.0588860735925,-0.03881715725,0.1748358395,1.00203578195056,2555.23604738647,1412.91784364507
"nu_r[54]",0.636979756165,0.636891145,0.0764547232057362,0.077289509556,0.506396895,0.7614718215,1.00229142847937,2244.62524929897,1365.15311003313
"nu_r[55]",0.33333820689,0.33245382,0.0620863603021689,0.0628904094,0.2344440695,0.4325755285,1.00115614723924,1973.15573542791,1716.28183375312
"nu_r[56]",0.50175714113,0.500047985,0.0697330053892001,0.06878322549,0.387264095,0.614060309,1.00039394073633,2327.44554993127,1722.53512833842
"nu_r[57]",0.3662669320025,0.36622562,0.0674772184973398,0.06580675773,0.2576010185,0.472410274,1.00401564959233,2203.1968427185,1472.48398701707
"nu_r[58]",0.361173996715,0.36232403,0.0732580199191028,0.07262034255,0.238469563,0.4788721695,1.00354663464641,1910.73846954213,1447.44684532383
"nu_r[59]",0.504021470455,0.506792805,0.0681557424307014,0.066829692426,0.3881020585,0.613314622,1.01424969970608,2251.22869246689,1553.91986300059
"nu_r[60]",-0.12067062567983,-0.119975985,0.065197720627337,0.0632268246834,-0.2249007235,-0.0183690631,1.0077122010369,2438.59397542897,1393.83808302084
"nu_r[61]",0.654381056405,0.659549415,0.134769926564812,0.140625840558,0.432295986,0.871558611,1.00221127217691,1215.40538314137,1464.1068492447
"nu_r[62]",0.596178297265,0.59509861,0.0679864492896151,0.0683479044780001,0.484351241,0.7082110525,1.00129876174276,2242.4894593603,1521.09623812005
"nu_r[63]",0.1127285088449,0.113914065,0.0600594104782258,0.0582835078875,0.01008367059,0.207110829,1.0071099952963,1996.47410738133,696.926075312657
"nu_r[64]",0.34910806277,0.350447235,0.0637918855029506,0.0627680949,0.244435343,0.452375921,1.00274547192587,2457.11540007176,1494.50607688936
"nu_r[65]",0.51106773596,0.51142115,0.0702252822545796,0.070287901404,0.393472834,0.6271150655,1.0013470976098,2645.14463598071,1636.3391525352
"nu_r[66]",0.095829752431544,0.094858323,0.0626229113071179,0.0612060890679,-0.00355629691,0.1987516525,1.00532545697642,2748.49013328897,1301.43146597976
"nu_r[67]",0.3480454186455,0.350660335,0.0836828507476331,0.084080588508,0.205694831,0.479322419,1.00064251695009,1632.68871805408,1324.67582861554
"nu_r[68]",0.60600718615,0.615498085,0.0983879823381872,0.091404039468,0.42996521,0.7482471425,1.00154868926744,1060.08987549272,757.986392011402
"nu_r[69]",0.805295518725,0.804625365,0.0712756161349607,0.069429809589,0.6895099825,0.9220337245,1.00416977909804,3028.96952099057,1353.72329245824
"nu_r[70]",0.54849212279,0.54834551,0.055733929660587,0.0551371230480002,0.456386987,0.6421306215,1.00373607497169,2744.10474349433,1589.28508525609
"nu_r[71]",0.638501062895,0.639167995,0.0709954833673808,0.073938247929,0.5217495155,0.757225503,1.00091172739127,2388.45535189728,1345.9896800124
"nu_r[72]",0.220905662053,0.21983113,0.0628192902008927,0.062543807172,0.1205854295,0.321209234,1.00484046269914,2347.71881671099,1656.12905006331
"nu_r[73]",0.1482459901579,0.147795965,0.0612675145579734,0.059906847399,0.046323311,0.249929261,1.00812518646319,2561.15478560217,1627.03964380734
"nu_r[74]",0.56127538962,0.56122694,0.0621192127372367,0.0620065351709999,0.457786993,0.662238217,1.00256874141261,2442.34767904214,1499.62248648726
"nu_r[75]",0.429428929425,0.43025948,0.0687134129807256,0.068652689973,0.3193818715,0.5438273435,1.0000611849155,2738.88254114008,1451.9384301086
"nu_r[76]",0.58982267996,0.590264845,0.0734722961106503,0.0728089811610002,0.4710463105,0.71198417,1.00140973995629,1832.46427016722,1553.36113348756
"nu_r[77]",0.0895087081508485,0.091658284,0.0848245423726032,0.0879066246156,-0.05753923055,0.2232572495,0.999951023044303,1874.45151667188,1422.7997688769
"nu_r[78]",0.565387203395,0.56489139,0.0684968201119418,0.070194000933,0.456891647,0.6794227575,1.00514434195853,1939.93052336199,1628.00731236477
"nu_r[79]",0.176540430215365,0.180413775,0.0699169354118555,0.069463916802,0.05544118315,0.2808722855,1.00181986527367,2184.48459281945,1325.21377458274
"nu_r[80]",0.85856411537,0.856277425,0.0735765721180228,0.072630401991,0.738999565,0.9769573,1.00048370866849,2160.29434106794,1375.20008316452
"nu_r[81]",1.214716764065,1.21764515,0.0927915367517522,0.0930046099500001,1.061389325,1.36484867,1.00296493317703,1608.4997699004,1460.63279998523
"nu_r[82]",0.28310167916765,0.28311243,0.0766167243876175,0.07360730937,0.1532557725,0.4069415875,1.00206905177246,1639.29310193786,1078.98505100576
"nu_r[83]",0.91678414952,0.91767895,0.0858019770480107,0.082662096132,0.7701068835,1.058372,1.002231625196,2074.7215442306,1274.6010626163
"nu_r[84]",0.739744084795,0.740591145,0.0763168089027286,0.075108100872,0.616717004,0.868186233,1.00237826092215,1988.58925295025,1721.69295118636
"nu_r[85]",0.68697982953,0.68660624,0.0669407241614645,0.065639653884,0.574209822,0.7946056315,1.00627469721225,2688.457940945,1413.48850227317
"nu_r[86]",0.85598535967,0.85475956,0.0743847522406915,0.073094233401,0.732240183,0.9751059205,1.00522964886027,2122.58471519242,1493.82338840207
"nu_r[87]",1.171696830815,1.17068315,0.0824556135034909,0.08139281262,1.036091505,1.312842695,1.00734915793506,2066.91306345674,1536.053125446
"nu_r[88]",0.3076259391775,0.306247055,0.0633354686633105,0.062238628788,0.204488706,0.413951147,1.00710990712537,2581.14753693303,1538.99744640809
"nu_r[89]",0.55407328112,0.55463416,0.0805884532969206,0.08166709362,0.4220137735,0.6852139525,0.99951250113785,2155.48858830661,1359.22864933286
"nu_r[90]",0.2782736484725,0.27780946,0.07091551212265,0.067745042253,0.1637936005,0.395654392,1.00414951452599,2407.09635033707,1469.77788425741
"nu_r[91]",0.286588495065,0.28694007,0.0657578745688718,0.065434187763,0.1804989435,0.392976792,1.00428638482358,3316.69841228464,1744.78431585762
"nu_r[92]",0.37517592565,0.376258085,0.0685600503087919,0.067593320382,0.2625907765,0.488881164,1.00336404316372,2906.81325686441,1245.73195906063
"nu_r[93]",0.884675273765,0.88748737,0.0902844597530871,0.088969328574,0.7329591355,1.0281986,1.00584173887116,1496.96475596045,1281.34204956782
"nu_r[94]",0.162610973948802,0.17124581,0.11300220939504,0.1163614703349,-0.03555675635,0.3308288385,1.00155870246837,1774.6597581667,1671.73571495638
"nu_r[95]",0.1187906824172,0.118869995,0.127343671896615,0.1276173606393,-0.0976744112,0.329187096,1.00065802591373,1550.45008167073,1599.10914324362
"nu_cr[1]",0.26625103630355,0.258432305,0.134867252146208,0.144668008611,0.05662711185,0.491099093,1.00121793138954,1201.94898918863,1195.12495911029
"nu_cr[2]",0.20358172792977,0.20548311,0.12827467496855,0.13045137945,-0.01340103535,0.4104152505,1.00107338280726,1569.91255629452,1654.8130024741
"nu_cr[3]",0.4668049683475,0.461866235,0.127049810080946,0.117959399565,0.2702828505,0.693466831,1.00010980832443,1757.15617616156,1316.82720619448
"nu_cr[4]",0.4600140057135,0.462306675,0.102548620593717,0.103875759624,0.29225014,0.6253268575,1.00041794329924,1998.27021033819,1686.27753743421
"nu_cr[5]",0.101508816686224,0.102174765,0.0812442440630688,0.0806965503015,-0.03302356545,0.2362155495,1.00119931682529,2222.48914006909,1285.56063530511
"nu_cr[6]",-0.183151138202955,-0.18159386,0.117968138707307,0.1219093995651,-0.3782602455,0.00894347276499999,0.999834198270145,1580.46768693644,1504.71249495812
"nu_cr[7]",0.25184151391645,0.253832105,0.0820429629345469,0.081580687692,0.1143608575,0.386710711,1.00122171859157,2372.69293841641,1634.34828221795
"nu_cr[8]",0.400378501385,0.398934875,0.0943600991676958,0.095502175671,0.2494214845,0.55827508,0.999889642632006,1916.96405582011,1533.93361061555
"nu_cr[9]",-0.118235914966344,-0.118560615,0.0722624192265385,0.0710795371566,-0.237429988,0.000189191301999998,1.001668186305,2192.00965247848,1494.46693966379
"nu_cr[10]",0.38166941935,0.380972735,0.0738605096616002,0.073746866508,0.263083527,0.5034334785,1.0008394723973,1936.99100516262,1482.47123233599
"nu_cr[11]",0.172636657268585,0.174033855,0.0779802819188292,0.080904029052,0.0416434536,0.2980151075,1.00212866277352,2602.00297445852,1437.74399497372
"nu_cr[12]",0.389198895725,0.38825056,0.0873310453316749,0.092585234301,0.248789331,0.5338441135,1.0002848815035,2437.38900501404,1380.54602238702
"nu_cr[13]",0.73323548365,0.72963915,0.0795396747396695,0.081485334273,0.6075139055,0.862189948,1.00009182055211,2825.0803223392,1849.79110498027
"nu_cr[14]",0.12016777625654,0.12053061,0.0771660344240086,0.076568261721,-0.0100855865,0.2452351635,1.00348652095536,2156.25151070775,1554.68952647832
"nu_cr[15]",0.764127595035,0.75937842,0.126534525163789,0.128795448684,0.560713312,0.9760704905,1.00074141290994,1141.200250438,1377.15551748258
"nu_cr[16]",0.112667477084123,0.10969267,0.173416558756541,0.1870145694774,-0.161886623,0.3991032635,1.00267207384135,1455.78961687827,1626.33240703303
"nu_cr[17]",-0.1751971508576,-0.17390632,0.0716946016268392,0.067330900182,-0.2918434415,-0.0614256395,0.999534833931901,2078.91435625101,1093.49094458335
"nu_cr[18]",0.48163230566,0.48067355,0.0647056830835735,0.062228665716,0.375545115,0.5880991365,1.00207360048376,2957.97144060116,1613.59928540957
"nu_cr[19]",-0.16509024678416,-0.163925415,0.0850326078417765,0.08449552377,-0.3062987995,-0.0262785171,0.999736195948316,2172.80347363972,1323.99565054505
"nu_cr[20]",-0.369113025489675,-0.377076595,0.213157892607423,0.223772932215,-0.7107193465,-0.00259571605,0.999561721636323,1163.21491797934,1556.27065511768
"nu_cr[21]",0.715392584345,0.712345905,0.0981456093661977,0.101009219241,0.5534426895,0.8753562215,1.0015719861604,1539.89808824524,1388.09585113326
"nu_cr[22]",0.107599197836266,0.11224169,0.169717379566966,0.1914155689845,-0.167818274,0.3681800275,1.00098694832543,1233.78988377288,1640.44864419078
"nu_cr[23]",0.170342076501273,0.166998105,0.111690458235578,0.1178122529976,-0.007643781525,0.356459711,1.00005385907113,1751.00773372869,1508.04062158078
"nu_cr[24]",0.503775404905,0.503780265,0.0806755823142108,0.080655233946,0.374862131,0.640038589,1.00127852382859,2548.99824548543,1296.33699658028
"nu_cr[25]",0.1478007883918,0.148288585,0.100769078423003,0.0992043664941,-0.01483879885,0.315695769,1.00072816819187,1395.5945723561,1186.59449489502
"nu_cr[26]",0.45257786708,0.45063374,0.0660922499463935,0.066174338748,0.3468212885,0.5607593265,1.00189451079116,2660.72640019858,1501.11372824597
"nu_cr[27]",0.24216804935387,0.24456119,0.0778880703652275,0.075203639616,0.1153927515,0.369208975,1.00253601227086,1855.04289968751,1623.53599287232
"nu_cr[28]",0.24242515314535,0.24472361,0.0972695660601257,0.098823236736,0.07989232725,0.3977563395,1.00166867288028,1760.91024630795,1564.12511837563
"nu_cr[29]",0.0332832979731595,0.03183223,0.0859723831486382,0.0880790139306,-0.1038040395,0.178462667,1.00435515137592,2078.57708636675,1423.45963077805
"nu_cr[30]",0.504371452695,0.50118838,0.0982569327485164,0.094170778632,0.344602308,0.671066564,0.999477353448782,1883.52063612789,1235.72597100197
"nu_cr[31]",0.4057004863115,0.40236334,0.11307284220463,0.114248807589,0.223666222,0.6026751455,1.0018479083228,1633.78203824468,1468.53766770062
"nu_cr[32]",0.377309685095,0.373552245,0.0629824043980789,0.062609041572,0.275668839,0.4834194455,1.00128667299211,2766.00585325539,1455.54581656819
"nu_cr[33]",-0.162970544006785,-0.15902033,0.130902716586113,0.128824730034,-0.38861549,0.03673485925,1.0017516725574,1824.71697704831,1124.06946990308
"nu_cr[34]",0.33270866512075,0.33345645,0.103301145223236,0.100954133238,0.171944235,0.5013207725,1.00001662858523,2116.87596558978,1205.14957060272
"nu_cr[35]",0.22452995767795,0.22340399,0.0830110243620733,0.082674772362,0.0909732811,0.364848307,1.01191085827404,2627.48962130595,1539.65870178899
"nu_cr[36]",0.18842764240355,0.192500735,0.0908264310669627,0.090258434448,0.0325791915,0.334162056,1.00002611675327,1639.14070228999,1399.50339114098
"nu_cr[37]",0.64507035972,0.63773611,0.0780763587369222,0.071002240323,0.52872271,0.7872766205,1.00524105539292,2130.70498791593,1370.16489176321
"nu_cr[38]",0.0287463333860785,0.0281499985,0.0966848717091131,0.0967711693347,-0.1267268015,0.194353181,1.00144394061678,1734.60815023641,1199.85709242654
"nu_cr[39]",0.29948062572185,0.29745726,0.0952481000748437,0.097847433894,0.148908769,0.4581410595,1.00311676574117,2201.02150429107,1775.37389192318
"nu_cr[40]",-0.076435188013587,-0.078363618,0.137163922382061,0.1373545029318,-0.300374697,0.1560441115,1.00195954291706,1595.09734754509,1353.23089253039
"nu_cr[41]",0.0675106008487575,0.0666246195,0.0737251568484217,0.076002405192,-0.0507338055,0.1878649725,0.99994962325278,2034.08839057444,1683.0159550559
"nu_cr[42]",0.197366816729645,0.197411185,0.0706626657424964,0.068713928766,0.0828302587,0.314776687,1.00280293619464,2342.89661694456,1299.9959664576
"nu_cr[43]",0.92919105443,0.92663112,0.0992907954571466,0.10113919137,0.767358518,1.10239396,1.00469594706188,1573.55552093501,1368.99942746885
"nu_cr[44]",0.0819843034604735,0.0836874965,0.104133489680787,0.1041362220507,-0.0945535205,0.253449094,1.00121804279056,1389.2868025251,1554.83442712406
"nu_cr[45]",0.416940567395,0.4192244,0.0850023096986094,0.085599853206,0.273345292,0.554687887,1.00801279195403,2654.07199786164,1494.03592259639
"nu_cr[46]",0.24746266707578,0.248445235,0.0917883794824421,0.084575346954,0.090663979,0.391360682,1.0027953979575,2083.15868118867,892.626219748
"nu_cr[47]",0.0616343917422145,0.058631878,0.100961193543045,0.09929315236575,-0.09518695905,0.2347000835,1.00046247125203,1371.25376010678,784.47891690046
"nu_cr[48]",-0.0144589721318333,-0.0163271025,0.0767579484154269,0.0762422505831,-0.13815042,0.112323228,0.999853438199691,2300.48925402587,1554.60491788216
"nu_cr[49]",0.519368932785,0.518956485,0.0675583671193912,0.068673639111,0.409061225,0.6303921335,1.00290030207193,2573.53031359383,1538.68006901774
"nu_cr[50]",0.153707222590512,0.1487499,0.11363297376085,0.1102729725426,-0.02577560215,0.348950975,1.00094910260867,1748.09047144451,1104.55515077688
"nu_cr[51]",0.279742851084635,0.28587762,0.102307965125568,0.099455313594,0.10090642585,0.441688476,1.00071178681936,2031.05348297429,1411.57424306569
"nu_cr[52]",0.2318493009679,0.23315114,0.0821445436383331,0.079115294391,0.0955582507,0.364195163,0.999454011796966,2218.44618209093,1705.44816079207
"nu_cr[53]",0.156658654960356,0.158034775,0.0642731754463604,0.062780978694,0.04953788995,0.2611734315,1.00213277596935,2822.70873991249,1692.12136984837
"nu_cr[54]",0.032112548797392,0.037861341,0.104136096108796,0.1041420545991,-0.1506520605,0.1982047685,1.00090991629666,1272.38369898051,1107.96285856495
"nu_cr[55]",-0.16893539727054,-0.16990052,0.112923933292261,0.1138438635684,-0.359566908,0.01671929815,1.00129789888376,1413.36103374763,1114.95256984546
"nu_cr[56]",-0.007302665160398,-0.00468527815,0.100498821557011,0.0953594687493,-0.1798422215,0.155537925,1.00151109861338,1872.64655910016,1105.85062527544
"nu_cr[57]",0.484556555445,0.483235775,0.0895911429236685,0.087660289143,0.3420558165,0.634924907,1.00340518117836,2411.66841759778,1282.884147536
"nu_cr[58]",0.666124000695,0.659867855,0.14057008920592,0.157137616062,0.448769879,0.901666788,1.00256424482134,1113.64539706949,1351.54943238336
"nu_cr[59]",0.397094958494,0.39643257,0.0834099269696228,0.083787975159,0.262380634,0.533621834,1.0023715110276,2109.56146407936,1749.35246938959
"nu_cr[60]",0.484365425885,0.48301368,0.0696810345826651,0.068331855333,0.3735652965,0.601628364,1.00008629428285,2630.26326344438,1231.00340810329
"nu_cr[61]",0.73513914257,0.732521555,0.132096843632154,0.140752017231,0.523121069,0.9545120705,1.00485394504643,1168.519786122,1365.2365993543
"nu_cr[62]",0.2535867868905,0.254491855,0.0825950382282582,0.0822526687289999,0.117586442,0.390110955,1.00037930586072,2059.8967151959,1232.52513719959
"nu_cr[63]",0.121359352485597,0.12077687,0.100500500449654,0.1011827523819,-0.0380808323,0.288364908,1.0021789470918,1584.96248654438,1025.12605413157
"nu_cr[64]",0.460530124185,0.459967805,0.0688567736719732,0.06802346712,0.3479061015,0.5743086295,1.00487534346291,2398.38282004636,1379.96662541895
"nu_cr[65]",0.059908401183843,0.0599112525,0.0930856345612278,0.09488417676717,-0.0917004801,0.2077548855,1.00133188628248,2637.84892225136,1580.47259283548
"nu_cr[66]",0.20536730696123,0.20521215,0.0728027013169036,0.072391718217,0.0909815156,0.32949368,1.0032533946176,2647.87503786824,1485.95358304496
"nu_cr[67]",0.320453656021965,0.31803318,0.0871768880823661,0.086275177506,0.179664907,0.4664605735,0.999474062084354,2215.2699974143,1622.29544283519
"nu_cr[68]",0.26717296123055,0.25861582,0.102059587267949,0.096234891417,0.115819562,0.443489135,1.00635949073897,1039.94497612174,760.848120975346
"nu_cr[69]",0.444381817355,0.44591156,0.0789458722873433,0.078747439092,0.314612524,0.572789127,1.00056440200449,2708.55197866301,1319.3772388665
"nu_cr[70]",0.58961059475,0.590810215,0.0541464541011018,0.054020784552,0.499696545,0.6779466725,1.00416983223332,2164.81019603307,1368.47756831592
"nu_cr[71]",0.23689250033821,0.23124636,0.103145331329587,0.097428428895,0.0805931389,0.4059988115,1.00123147774465,1688.90461198381,937.385546030118
"nu_cr[72]",-0.15741078658255,-0.152702835,0.0796384095257194,0.0832431767391,-0.291771168,-0.03207954535,1.00010546616901,2111.25626128583,1532.37506985987
"nu_cr[73]",0.144204804710426,0.14404913,0.0844515708504981,0.0834897642537,0.000490382593000001,0.28353311,0.999209506372463,2287.17300133303,1366.44151012482
"nu_cr[74]",0.21942772691733,0.217305715,0.0765746763487866,0.07834480941,0.09776672485,0.347161712,0.999902902837065,2169.14710807756,1533.94492628245
"nu_cr[75]",0.39079513362,0.388215065,0.0798459459749176,0.078875639514,0.2612925935,0.5221536715,1.00463656509866,2327.93676327645,1815.64800370083
"nu_cr[76]",0.25837002695435,0.260302945,0.0726070528241286,0.073532267571,0.13383279,0.3738059115,1.00306674003187,2057.62535755709,1709.55566096387
"nu_cr[77]",0.350728489108,0.34702683,0.0833840447231078,0.081662260344,0.217401623,0.494560171,0.999824365281976,1931.61527303224,1299.95595552216
"nu_cr[78]",0.089656510702831,0.0928348505,0.0807400735175348,0.0810442229667,-0.0435990903,0.215204524,1.00097996702369,1553.89432769563,1359.54766957089
"nu_cr[79]",0.40214658536,0.40077999,0.0691073373296017,0.068628531006,0.293137708,0.5199818405,1.00140677295867,2234.95698795461,1396.79572016992
"nu_cr[80]",0.47414236644,0.47578217,0.0772953957544104,0.07957032657,0.3483301265,0.5967864605,1.0019031151456,2208.00353159831,1474.90635791143
"nu_cr[81]",0.41356813189,0.41360646,0.0964410157398772,0.092584114938,0.2598418345,0.57434824,1.00163832507795,1772.89813901258,1462.72880358534
"nu_cr[82]",0.146438352904842,0.14707827,0.0863972111968144,0.0859845278607,0.00637323838,0.285478576,1.00244560947707,1267.15431294282,1223.8142184654
"nu_cr[83]",-0.1229307918408,-0.123656925,0.107477418157115,0.1075281358284,-0.2959304885,0.0571466714,1.00020203821937,1816.25039500641,1586.08026838524
"nu_cr[84]",0.36993122445,0.367749525,0.0808070409181793,0.0780956733059999,0.239305198,0.5029973435,1.00563626146973,1949.01422769468,1536.07999108377
"nu_cr[85]",0.56355310599,0.56148364,0.0869349504720561,0.084492944046,0.4231919735,0.7106091325,1.00014868129683,2064.59569771221,1601.37186481162
"nu_cr[86]",0.0761790592663675,0.074447638,0.11905131779948,0.1157848582842,-0.115874689,0.279737052,1.0020525784992,1537.49447443637,1526.66980404858
"nu_cr[87]",0.462908916169,0.457626185,0.126005676125751,0.129575733651,0.2616590295,0.671170451,1.00208306781206,1723.50170953324,1489.34718697458
"nu_cr[88]",0.03743424259751,0.0379594875,0.0844308445230446,0.0850388833266,-0.0994906317,0.1739874805,1.00094999166976,1950.84600272996,1146.07540598563
"nu_cr[89]",0.150627861556065,0.149451775,0.0921292653894161,0.0942498019533,0.000928265605000001,0.302237056,1.00089753860307,1988.2644420334,1457.04196399936
"nu_cr[90]",0.157719610748747,0.15824717,0.0902229898704438,0.0878567840514,0.01002156916,0.3055478775,1.00237925407015,2081.3868578207,1630.77016509845
"nu_cr[91]",0.48145688676,0.48068098,0.0879777864632936,0.087567626643,0.3337373255,0.6257264635,1.00813131723359,2496.03534923228,1444.4213582014
"nu_cr[92]",0.657353522025,0.656104685,0.0677839772987214,0.069056794842,0.5445037515,0.767905223,1.00090598769054,2883.68787598232,1461.89719560952
"nu_cr[93]",0.0463386742051175,0.0436106725,0.103053772584853,0.1004112243918,-0.121580082,0.2161293795,1.0012870003579,1770.75152755654,1400.47845830814
"nu_cr[94]",0.542116688945,0.538746025,0.103481140758218,0.104404662348,0.379233643,0.7193633505,1.00135770542419,1885.47381337584,1604.56491501375
"nu_cr[95]",0.304899314669185,0.31351169,0.11958221472503,0.115672637325,0.09046692095,0.4905700055,1.00300241146541,1535.79144997895,1088.51809548112
