"subj","trial","condition","resp_type","a","v","rt","acc"
1,2,1,1,2.57735055640498,2.29591928369567,1.02773033022954,1
1,3,1,1,2.57735055640498,2.29591928369567,0.670562206006981,1
1,4,-1,1,2.33208322283102,0.849323744947074,2.71424916009224,1
1,5,1,1,2.57735055640498,2.29591928369567,0.449904474768359,1
1,6,1,1,2.57735055640498,2.29591928369567,0.518535340075555,1
1,7,-1,1,2.33208322283102,0.849323744947074,1.24881025794877,1
1,8,1,1,2.57735055640498,2.29591928369567,0.501314304860739,1
1,9,-1,1,2.33208322283102,0.849323744947074,1.2172710322893,-1
1,10,1,-1,2.45655989645259,0.342201958667153,0.620138294812577,1
1,11,1,1,2.57735055640498,2.29591928369567,0.576929841256711,1
1,12,-1,1,2.33208322283102,0.849323744947074,2.32817255750895,-1
1,13,-1,-1,2.22278731395685,1.31255501269011,0.670678597804663,1
1,14,-1,1,2.33208322283102,0.849323744947074,2.07721273806304,1
1,15,1,1,2.57735055640498,2.29591928369567,1.12235681053194,1
1,16,-1,1,2.33208322283102,0.849323744947074,0.46652778404819,1
1,17,1,1,2.57735055640498,2.29591928369567,0.548484298865669,1
1,18,-1,1,2.33208322283102,0.849323744947074,0.676976036219065,1
1,19,-1,1,2.33208322283102,0.849323744947074,0.880912846628599,1
1,20,-1,1,2.33208322283102,0.849323744947074,0.804983627887412,-1
1,21,1,-1,2.45655989645259,0.342201958667153,1.58324299478881,1
1,22,-1,1,2.33208322283102,0.849323744947074,1.29544917078859,1
1,23,-1,1,2.33208322283102,0.849323744947074,1.53766654954295,1
1,24,1,1,2.57735055640498,2.29591928369567,1.1015125084578,1
1,25,-1,1,2.33208322283102,0.849323744947074,0.637252079879909,1
1,26,-1,1,2.33208322283102,0.849323744947074,1.35301456292284,1
1,27,-1,1,2.33208322283102,0.849323744947074,0.405769318572423,1
1,28,1,1,2.57735055640498,2.29591928369567,0.68812100147078,1
1,29,-1,1,2.33208322283102,0.849323744947074,1.59829463091856,-1
1,30,-1,-1,2.22278731395685,1.31255501269011,1.14693297465317,1
1,31,1,1,2.57735055640498,2.29591928369567,0.636031852611483,1
1,32,1,1,2.57735055640498,2.29591928369567,0.58316905554826,1
1,33,1,1,2.57735055640498,2.29591928369567,0.839157148310834,1
1,34,1,1,2.57735055640498,2.29591928369567,0.506375605547778,1
1,35,-1,1,2.33208322283102,0.849323744947074,0.636028180565272,1
1,36,1,1,2.57735055640498,2.29591928369567,0.543648105073903,1
1,37,-1,1,2.33208322283102,0.849323744947074,2.55276094703961,1
1,38,1,1,2.57735055640498,2.29591928369567,0.873220191836437,1
1,39,-1,1,2.33208322283102,0.849323744947074,0.54520585166687,1
1,40,1,1,2.57735055640498,2.29591928369567,1.07835532643533,1
1,41,-1,1,2.33208322283102,0.849323744947074,1.52385210341275,1
1,42,1,1,2.57735055640498,2.29591928369567,0.836086062476685,1
1,43,-1,1,2.33208322283102,0.849323744947074,0.699894507885978,1
1,44,1,1,2.57735055640498,2.29591928369567,1.32789929278398,1
1,45,1,1,2.57735055640498,2.29591928369567,0.695213298536385,1
1,46,-1,1,2.33208322283102,0.849323744947074,0.45006933208647,1
1,47,1,1,2.57735055640498,2.29591928369567,0.5760795233702,1
1,48,-1,1,2.33208322283102,0.849323744947074,0.751090809672008,1
1,49,-1,1,2.33208322283102,0.849323744947074,1.66226048862535,-1
1,50,1,-1,2.45655989645259,0.342201958667153,2.35331360016914,1
1,51,1,1,2.57735055640498,2.29591928369567,0.485909156932508,1
1,52,-1,1,2.33208322283102,0.849323744947074,0.579620402336347,1
1,53,1,1,2.57735055640498,2.29591928369567,0.9084815350481,1
1,54,-1,1,2.33208322283102,0.849323744947074,1.97595170012824,1
1,55,-1,1,2.33208322283102,0.849323744947074,1.80304108445513,-1
1,56,-1,-1,2.22278731395685,1.31255501269011,2.20933584938868,1
1,57,1,1,2.57735055640498,2.29591928369567,0.548564597749527,1
1,58,1,1,2.57735055640498,2.29591928369567,0.496922693310835,1
1,59,1,1,2.57735055640498,2.29591928369567,0.991391979692834,1
1,60,1,1,2.57735055640498,2.29591928369567,0.70643941383284,1
1,61,1,1,2.57735055640498,2.29591928369567,0.485750074350259,1
1,62,-1,1,2.33208322283102,0.849323744947074,0.724513432195577,-1
1,63,1,-1,2.45655989645259,0.342201958667153,0.62395196336093,-1
1,64,1,-1,2.45655989645259,0.342201958667153,1.17447113456729,-1
1,65,1,-1,2.45655989645259,0.342201958667153,2.62363060476625,1
1,66,-1,1,2.33208322283102,0.849323744947074,0.526155718058528,1
1,67,1,1,2.57735055640498,2.29591928369567,0.843404916389185,1
1,68,-1,1,2.33208322283102,0.849323744947074,0.846351705647654,1
1,69,-1,1,2.33208322283102,0.849323744947074,1.3400411573518,1
1,70,1,1,2.57735055640498,2.29591928369567,0.480060442529216,1
1,71,-1,1,2.33208322283102,0.849323744947074,1.11082809434229,-1
1,72,-1,-1,2.22278731395685,1.31255501269011,2.26292491328118,1
1,73,-1,1,2.33208322283102,0.849323744947074,1.6935759863617,-1
1,74,-1,-1,2.22278731395685,1.31255501269011,0.730299957355211,-1
1,75,1,-1,2.45655989645259,0.342201958667153,0.897533581883661,1
1,76,-1,1,2.33208322283102,0.849323744947074,1.21562418712837,1
1,77,-1,1,2.33208322283102,0.849323744947074,1.63847781980689,1
1,78,1,1,2.57735055640498,2.29591928369567,1.11781310866513,1
1,79,1,1,2.57735055640498,2.29591928369567,1.12323838582507,1
1,80,1,1,2.57735055640498,2.29591928369567,0.44717859778853,1
1,81,-1,1,2.33208322283102,0.849323744947074,1.28517924036287,1
1,82,-1,1,2.33208322283102,0.849323744947074,2.35954052358672,1
1,83,1,1,2.57735055640498,2.29591928369567,0.519474996761352,1
1,84,1,1,2.57735055640498,2.29591928369567,0.628532808180123,1
1,85,-1,1,2.33208322283102,0.849323744947074,0.550335248253725,1
1,86,1,1,2.57735055640498,2.29591928369567,0.667546229008432,1
1,87,1,1,2.57735055640498,2.29591928369567,0.806083184743087,-1
1,88,-1,-1,2.22278731395685,1.31255501269011,0.442732785822258,1
1,89,1,1,2.57735055640498,2.29591928369567,0.997901212423902,1
1,90,1,1,2.57735055640498,2.29591928369567,0.616407538095952,1
1,91,-1,1,2.33208322283102,0.849323744947074,1.54445713406599,-1
1,92,-1,-1,2.22278731395685,1.31255501269011,0.790926644462196,1
1,93,-1,1,2.33208322283102,0.849323744947074,0.781501266075966,1
1,94,1,1,2.57735055640498,2.29591928369567,0.837213887765601,1
1,95,1,1,2.57735055640498,2.29591928369567,1.02845517800227,1
1,96,1,1,2.57735055640498,2.29591928369567,0.956920978728048,1
1,97,-1,1,2.33208322283102,0.849323744947074,1.69389000514215,1
1,98,-1,1,2.33208322283102,0.849323744947074,1.54394816287757,1
1,99,-1,1,2.33208322283102,0.849323744947074,0.395295651158095,1
1,100,-1,1,2.33208322283102,0.849323744947074,0.585442261618545,1
1,101,1,1,2.57735055640498,2.29591928369567,0.970254103193923,1
2,2,-1,1,1.58569241490883,0.176946130972118,0.680366044035045,1
2,3,-1,1,1.58569241490883,0.176946130972118,1.37231973100839,-1
2,4,1,-1,1.6703299249524,0.425977688670554,1.26522077926801,-1
2,5,1,-1,1.6703299249524,0.425977688670554,0.33903390329206,1
2,6,1,1,1.75246114197039,4.84393342927386,0.319315306420297,1
2,7,1,1,1.75246114197039,4.84393342927386,0.32927199720765,1
2,8,-1,1,1.58569241490883,0.176946130972118,0.856519191830123,-1
2,9,-1,-1,1.51137701656213,-0.646857248916535,0.338486377407757,-1
2,10,1,-1,1.6703299249524,0.425977688670554,0.455588789473404,1
2,11,1,1,1.75246114197039,4.84393342927386,0.262939499718837,1
2,12,1,1,1.75246114197039,4.84393342927386,0.336657491948207,1
2,13,-1,1,1.58569241490883,0.176946130972118,0.95037129030601,-1
2,14,1,-1,1.6703299249524,0.425977688670554,0.958960558743784,1
2,15,-1,1,1.58569241490883,0.176946130972118,0.954244654152848,1
2,16,1,1,1.75246114197039,4.84393342927386,0.323465654747312,1
2,17,1,1,1.75246114197039,4.84393342927386,0.549148288219684,1
2,18,1,1,1.75246114197039,4.84393342927386,0.454661974242716,1
2,19,-1,1,1.58569241490883,0.176946130972118,0.465950978272481,-1
2,20,1,-1,1.6703299249524,0.425977688670554,0.507372193506958,-1
2,21,1,-1,1.6703299249524,0.425977688670554,0.770543052769048,-1
2,22,1,-1,1.6703299249524,0.425977688670554,0.966157145039256,-1
2,23,-1,-1,1.51137701656213,-0.646857248916535,1.06201650414972,-1
2,24,-1,-1,1.51137701656213,-0.646857248916535,1.50519641394831,-1
2,25,-1,-1,1.51137701656213,-0.646857248916535,2.4305519916727,-1
2,26,-1,-1,1.51137701656213,-0.646857248916535,0.711855443356943,1
2,27,1,1,1.75246114197039,4.84393342927386,0.297512718012684,1
2,28,1,1,1.75246114197039,4.84393342927386,0.380187016525658,1
2,29,-1,1,1.58569241490883,0.176946130972118,0.279160937402864,1
2,30,1,1,1.75246114197039,4.84393342927386,0.373481990914126,1
2,31,-1,1,1.58569241490883,0.176946130972118,1.16651853383159,1
2,32,-1,1,1.58569241490883,0.176946130972118,0.624517890593138,1
2,33,-1,1,1.58569241490883,0.176946130972118,0.652472824466646,1
2,34,1,1,1.75246114197039,4.84393342927386,0.423524097910005,1
2,35,-1,1,1.58569241490883,0.176946130972118,1.44643220693195,-1
2,36,1,-1,1.6703299249524,0.425977688670554,0.544555921708372,1
2,37,1,1,1.75246114197039,4.84393342927386,0.442302609006729,1
2,38,1,1,1.75246114197039,4.84393342927386,0.276850693947261,1
2,39,1,1,1.75246114197039,4.84393342927386,0.314241971174119,1
2,40,-1,1,1.58569241490883,0.176946130972118,0.649352446182839,1
2,41,1,1,1.75246114197039,4.84393342927386,0.297959636084158,1
2,42,1,1,1.75246114197039,4.84393342927386,0.368062908237643,1
2,43,1,1,1.75246114197039,4.84393342927386,0.257451311463805,1
2,44,-1,1,1.58569241490883,0.176946130972118,0.269504418932331,1
2,45,1,1,1.75246114197039,4.84393342927386,0.24617426383968,1
2,46,-1,1,1.58569241490883,0.176946130972118,0.630487288779349,1
2,47,-1,1,1.58569241490883,0.176946130972118,0.77388145368851,-1
2,48,-1,-1,1.51137701656213,-0.646857248916535,0.848465812796883,-1
2,49,-1,-1,1.51137701656213,-0.646857248916535,0.715548872451325,-1
2,50,1,-1,1.6703299249524,0.425977688670554,1.20282829553657,-1
2,51,-1,-1,1.51137701656213,-0.646857248916535,0.814263782249018,-1
2,52,-1,-1,1.51137701656213,-0.646857248916535,0.652399896557631,-1
2,53,1,-1,1.6703299249524,0.425977688670554,0.750651268088264,1
2,54,1,1,1.75246114197039,4.84393342927386,0.235955878681184,1
2,55,1,1,1.75246114197039,4.84393342927386,0.278615746154277,1
2,56,-1,1,1.58569241490883,0.176946130972118,0.903404012658406,1
2,57,-1,1,1.58569241490883,0.176946130972118,0.592631466136998,-1
2,58,1,-1,1.6703299249524,0.425977688670554,0.641057873479407,1
2,59,-1,1,1.58569241490883,0.176946130972118,1.90403056714364,1
2,60,-1,1,1.58569241490883,0.176946130972118,0.636398230048508,-1
2,61,-1,-1,1.51137701656213,-0.646857248916535,0.77986505036292,1
2,62,1,1,1.75246114197039,4.84393342927386,0.426744708226191,1
2,63,1,1,1.75246114197039,4.84393342927386,0.442565741472813,1
2,64,-1,1,1.58569241490883,0.176946130972118,0.295041240537665,1
2,65,-1,1,1.58569241490883,0.176946130972118,0.448094886332901,1
2,66,1,1,1.75246114197039,4.84393342927386,0.388986900780486,1
2,67,-1,1,1.58569241490883,0.176946130972118,0.279814688693452,-1
2,68,1,-1,1.6703299249524,0.425977688670554,0.302905205085719,1
2,69,-1,1,1.58569241490883,0.176946130972118,0.449431889068758,-1
2,70,-1,-1,1.51137701656213,-0.646857248916535,1.03946908185471,-1
2,71,-1,-1,1.51137701656213,-0.646857248916535,1.57171657673119,-1
2,72,1,-1,1.6703299249524,0.425977688670554,0.338716962386495,1
2,73,1,1,1.75246114197039,4.84393342927386,0.224215100627854,1
2,74,-1,1,1.58569241490883,0.176946130972118,0.890729729054998,1
2,75,-1,1,1.58569241490883,0.176946130972118,1.44111544663455,1
2,76,1,1,1.75246114197039,4.84393342927386,0.298353430653888,1
2,77,1,1,1.75246114197039,4.84393342927386,0.579498730373559,1
2,78,1,1,1.75246114197039,4.84393342927386,0.429823815422696,1
2,79,1,1,1.75246114197039,4.84393342927386,0.415302994907046,1
2,80,-1,1,1.58569241490883,0.176946130972118,0.707888527546222,1
2,81,-1,1,1.58569241490883,0.176946130972118,0.767105839095666,1
2,82,-1,1,1.58569241490883,0.176946130972118,0.416249698969155,-1
2,83,-1,-1,1.51137701656213,-0.646857248916535,0.381476305381942,-1
2,84,-1,-1,1.51137701656213,-0.646857248916535,0.602255525967149,-1
2,85,1,-1,1.6703299249524,0.425977688670554,1.76116947374727,1
2,86,-1,1,1.58569241490883,0.176946130972118,0.632174072711225,-1
2,87,1,-1,1.6703299249524,0.425977688670554,0.774417230314906,1
2,88,-1,1,1.58569241490883,0.176946130972118,2.42057877037536,1
2,89,1,1,1.75246114197039,4.84393342927386,0.248794677006782,1
2,90,-1,1,1.58569241490883,0.176946130972118,1.10735303135219,-1
2,91,1,-1,1.6703299249524,0.425977688670554,0.284883236692468,1
2,92,1,1,1.75246114197039,4.84393342927386,0.309469850353135,1
2,93,-1,1,1.58569241490883,0.176946130972118,0.476679456616697,1
2,94,-1,1,1.58569241490883,0.176946130972118,0.847977138070476,1
2,95,-1,1,1.58569241490883,0.176946130972118,0.702313797894261,1
2,96,1,1,1.75246114197039,4.84393342927386,0.339686374118439,1
2,97,1,1,1.75246114197039,4.84393342927386,0.222248571328042,1
2,98,1,1,1.75246114197039,4.84393342927386,0.321508340989042,1
2,99,1,1,1.75246114197039,4.84393342927386,0.298746073953552,1
2,100,-1,1,1.58569241490883,0.176946130972118,0.526829980389677,-1
2,101,-1,-1,1.51137701656213,-0.646857248916535,0.540766472690728,-1
3,2,-1,1,1.65609342378279,0.384929731229334,0.720286891608861,1
3,3,-1,1,1.65609342378279,0.384929731229334,0.506384895151814,1
3,4,-1,1,1.65609342378279,0.384929731229334,0.836991450414482,1
3,5,1,1,1.83026628958107,3.24225870959744,0.479440520740967,1
3,6,-1,1,1.65609342378279,0.384929731229334,0.752709402646355,-1
3,7,-1,-1,1.57847859676424,-0.498118416050467,1.77004272977685,-1
3,8,1,-1,1.7444886399487,1.67092997522369,0.504348620709485,1
3,9,1,1,1.83026628958107,3.24225870959744,0.624364458194729,1
3,10,1,1,1.83026628958107,3.24225870959744,0.621128386632924,1
3,11,1,1,1.83026628958107,3.24225870959744,0.409547896425006,1
3,12,1,1,1.83026628958107,3.24225870959744,0.361616909496313,1
3,13,-1,1,1.65609342378279,0.384929731229334,0.802455882693051,-1
3,14,-1,-1,1.57847859676424,-0.498118416050467,1.37770468505658,-1
3,15,-1,-1,1.57847859676424,-0.498118416050467,0.961549489669911,-1
3,16,1,-1,1.7444886399487,1.67092997522369,0.68828879633787,1
3,17,-1,1,1.65609342378279,0.384929731229334,2.11378518060177,1
3,18,-1,1,1.65609342378279,0.384929731229334,0.502232780200058,-1
3,19,1,-1,1.7444886399487,1.67092997522369,0.514062093892387,-1
3,20,1,-1,1.7444886399487,1.67092997522369,0.6695569994436,1
3,21,1,1,1.83026628958107,3.24225870959744,0.370817607440675,1
3,22,-1,1,1.65609342378279,0.384929731229334,1.26921525385199,-1
3,23,-1,-1,1.57847859676424,-0.498118416050467,0.513283443776801,-1
3,24,-1,-1,1.57847859676424,-0.498118416050467,0.538820528446366,-1
3,25,-1,-1,1.57847859676424,-0.498118416050467,0.595748558797388,-1
3,26,-1,-1,1.57847859676424,-0.498118416050467,1.3487487518882,-1
3,27,-1,-1,1.57847859676424,-0.498118416050467,0.448203063516571,-1
3,28,1,-1,1.7444886399487,1.67092997522369,0.843217462108197,1
3,29,1,1,1.83026628958107,3.24225870959744,0.389615509093194,1
3,30,1,1,1.83026628958107,3.24225870959744,0.505769689354027,1
3,31,-1,1,1.65609342378279,0.384929731229334,1.11617376399432,1
3,32,1,1,1.83026628958107,3.24225870959744,0.62252669399709,1
3,33,1,1,1.83026628958107,3.24225870959744,0.61826510241861,1
3,34,1,1,1.83026628958107,3.24225870959744,0.630415403492989,1
3,35,1,1,1.83026628958107,3.24225870959744,0.718276886400971,1
3,36,-1,1,1.65609342378279,0.384929731229334,1.04858726300251,-1
3,37,-1,-1,1.57847859676424,-0.498118416050467,0.683857208755693,-1
3,38,-1,-1,1.57847859676424,-0.498118416050467,0.588886247396652,1
3,39,1,1,1.83026628958107,3.24225870959744,0.722516869251437,1
3,40,-1,1,1.65609342378279,0.384929731229334,1.17259366918352,1
3,41,1,1,1.83026628958107,3.24225870959744,0.471003488234202,1
3,42,1,1,1.83026628958107,3.24225870959744,0.421622775725067,1
3,43,1,1,1.83026628958107,3.24225870959744,0.400425025451129,1
3,44,1,1,1.83026628958107,3.24225870959744,1.10477137325727,1
3,45,-1,1,1.65609342378279,0.384929731229334,0.368339029556594,-1
3,46,1,-1,1.7444886399487,1.67092997522369,0.75652756819911,1
3,47,-1,1,1.65609342378279,0.384929731229334,0.962423665550257,1
3,48,-1,1,1.65609342378279,0.384929731229334,2.61974065194296,1
3,49,-1,1,1.65609342378279,0.384929731229334,2.13395645426793,-1
3,50,-1,-1,1.57847859676424,-0.498118416050467,0.533420702255669,-1
3,51,1,-1,1.7444886399487,1.67092997522369,0.413292298637257,1
3,52,1,1,1.83026628958107,3.24225870959744,0.629655386452412,1
3,53,-1,1,1.65609342378279,0.384929731229334,0.548122770132412,-1
3,54,-1,-1,1.57847859676424,-0.498118416050467,0.372685778856775,1
3,55,1,1,1.83026628958107,3.24225870959744,1.18252583471816,1
3,56,1,1,1.83026628958107,3.24225870959744,0.550484693674693,1
3,57,1,1,1.83026628958107,3.24225870959744,0.383749618499512,1
3,58,-1,1,1.65609342378279,0.384929731229334,0.777938763782282,1
3,59,1,1,1.83026628958107,3.24225870959744,0.562319531939855,1
3,60,1,1,1.83026628958107,3.24225870959744,0.819702335592735,1
3,61,1,1,1.83026628958107,3.24225870959744,0.472741514886251,1
3,62,-1,1,1.65609342378279,0.384929731229334,0.980248869305791,1
3,63,-1,1,1.65609342378279,0.384929731229334,0.36908840248899,1
3,64,-1,1,1.65609342378279,0.384929731229334,0.429796348658983,-1
3,65,1,-1,1.7444886399487,1.67092997522369,0.550659179535312,1
3,66,1,1,1.83026628958107,3.24225870959744,0.373604893714225,1
3,67,-1,1,1.65609342378279,0.384929731229334,0.940114126818913,1
3,68,-1,1,1.65609342378279,0.384929731229334,0.691207850299635,-1
3,69,1,-1,1.7444886399487,1.67092997522369,0.652234015412101,1
3,70,-1,1,1.65609342378279,0.384929731229334,0.821528812943591,1
3,71,1,1,1.83026628958107,3.24225870959744,0.898522021334191,1
3,72,1,1,1.83026628958107,3.24225870959744,0.489745241773673,1
3,73,-1,1,1.65609342378279,0.384929731229334,1.4015698577856,-1
3,74,1,-1,1.7444886399487,1.67092997522369,0.448192069478509,1
3,75,-1,1,1.65609342378279,0.384929731229334,0.529530771150977,1
3,76,1,1,1.83026628958107,3.24225870959744,0.513894157887271,1
3,77,1,1,1.83026628958107,3.24225870959744,0.487475177779464,1
3,78,1,1,1.83026628958107,3.24225870959744,0.553794283182925,1
3,79,-1,1,1.65609342378279,0.384929731229334,0.687838973123847,1
3,80,1,1,1.83026628958107,3.24225870959744,0.80580368248209,1
3,81,1,1,1.83026628958107,3.24225870959744,0.566926984373007,1
3,82,1,1,1.83026628958107,3.24225870959744,1.12726738089826,1
3,83,1,1,1.83026628958107,3.24225870959744,0.411194520984548,1
3,84,-1,1,1.65609342378279,0.384929731229334,1.58649603617313,1
3,85,-1,1,1.65609342378279,0.384929731229334,2.39794597414715,-1
3,86,-1,-1,1.57847859676424,-0.498118416050467,0.538495130057943,-1
3,87,-1,-1,1.57847859676424,-0.498118416050467,0.429123380731845,-1
3,88,1,-1,1.7444886399487,1.67092997522369,0.606608776137155,1
3,89,-1,1,1.65609342378279,0.384929731229334,0.452865196780203,1
3,90,-1,1,1.65609342378279,0.384929731229334,0.447458034418786,1
3,91,-1,1,1.65609342378279,0.384929731229334,0.432176988559954,1
3,92,1,1,1.83026628958107,3.24225870959744,0.516750533986135,1
3,93,-1,1,1.65609342378279,0.384929731229334,1.15215260213959,1
3,94,1,1,1.83026628958107,3.24225870959744,0.529671312883627,1
3,95,1,1,1.83026628958107,3.24225870959744,0.436522160593942,1
3,96,-1,1,1.65609342378279,0.384929731229334,1.57759437139981,1
3,97,1,1,1.83026628958107,3.24225870959744,0.43070610658827,1
3,98,-1,1,1.65609342378279,0.384929731229334,0.392879353442933,1
3,99,-1,1,1.65609342378279,0.384929731229334,1.72981125417779,1
3,100,-1,1,1.65609342378279,0.384929731229334,0.488398526452274,1
3,101,1,1,1.83026628958107,3.24225870959744,0.731253269281727,1
4,2,-1,1,1.69641259352112,0.337025853706757,1.92218039927138,1
4,3,-1,1,1.69641259352112,0.337025853706757,1.6534911601508,1
4,4,1,1,1.87482586341683,3.1376436873007,0.476509321075483,1
4,5,1,1,1.87482586341683,3.1376436873007,0.778829248213688,1
4,6,-1,1,1.69641259352112,0.337025853706757,1.10486257837177,1
4,7,1,1,1.87482586341683,3.1376436873007,0.41002971180149,1
4,8,-1,1,1.69641259352112,0.337025853706757,0.278957407219589,-1
4,9,-1,-1,1.61690815970876,-0.0486761115155732,0.353575542930252,1
4,10,1,1,1.87482586341683,3.1376436873007,0.453713086444889,1
4,11,-1,1,1.69641259352112,0.337025853706757,0.552993301644457,1
4,12,-1,1,1.69641259352112,0.337025853706757,0.451438249084962,-1
4,13,-1,-1,1.61690815970876,-0.0486761115155732,1.18974047232092,-1
4,14,1,-1,1.78695987530934,1.37400657050812,0.421285873898937,1
4,15,1,1,1.87482586341683,3.1376436873007,0.962022533712408,1
4,16,-1,1,1.69641259352112,0.337025853706757,0.638710312965261,1
4,17,1,1,1.87482586341683,3.1376436873007,0.381398265653899,1
4,18,-1,1,1.69641259352112,0.337025853706757,0.363505304169458,1
4,19,1,1,1.87482586341683,3.1376436873007,0.346021364037846,1
4,20,1,1,1.87482586341683,3.1376436873007,0.305108495764527,1
4,21,1,1,1.87482586341683,3.1376436873007,0.408596981851911,1
4,22,1,1,1.87482586341683,3.1376436873007,0.477885671106104,1
4,23,-1,1,1.69641259352112,0.337025853706757,1.91538849348871,1
4,24,-1,1,1.69641259352112,0.337025853706757,0.46105153835188,-1
4,25,1,-1,1.78695987530934,1.37400657050812,0.570928430830709,1
4,26,1,1,1.87482586341683,3.1376436873007,0.80081261300548,1
4,27,1,1,1.87482586341683,3.1376436873007,0.399786279266893,1
4,28,-1,1,1.69641259352112,0.337025853706757,0.767765881237273,1
4,29,-1,1,1.69641259352112,0.337025853706757,0.526484890047371,1
4,30,1,1,1.87482586341683,3.1376436873007,0.397069470303387,1
4,31,-1,1,1.69641259352112,0.337025853706757,0.634116910148025,1
4,32,1,1,1.87482586341683,3.1376436873007,0.400762009952637,1
4,33,-1,1,1.69641259352112,0.337025853706757,1.57472419629858,-1
4,34,-1,-1,1.61690815970876,-0.0486761115155732,0.617592238148846,1
4,35,-1,1,1.69641259352112,0.337025853706757,0.314588286448023,1
4,36,-1,1,1.69641259352112,0.337025853706757,0.936645226943531,1
4,37,-1,1,1.69641259352112,0.337025853706757,0.809546989423542,1
4,38,-1,1,1.69641259352112,0.337025853706757,0.437334770111037,1
4,39,-1,1,1.69641259352112,0.337025853706757,1.46675838397363,1
4,40,1,1,1.87482586341683,3.1376436873007,1.06223235735869,1
4,41,1,1,1.87482586341683,3.1376436873007,0.3382931889041,1
4,42,1,1,1.87482586341683,3.1376436873007,0.510616172154179,1
4,43,-1,1,1.69641259352112,0.337025853706757,1.87402458493903,-1
4,44,1,-1,1.78695987530934,1.37400657050812,0.82827089026845,1
4,45,-1,1,1.69641259352112,0.337025853706757,0.629983536056646,1
4,46,1,1,1.87482586341683,3.1376436873007,0.39087798474552,1
4,47,1,1,1.87482586341683,3.1376436873007,0.38131731808015,1
4,48,1,1,1.87482586341683,3.1376436873007,0.576516278146869,1
4,49,1,1,1.87482586341683,3.1376436873007,0.578461921970998,1
4,50,-1,1,1.69641259352112,0.337025853706757,0.816464206128208,-1
4,51,1,-1,1.78695987530934,1.37400657050812,1.39342143651328,1
4,52,-1,1,1.69641259352112,0.337025853706757,0.546538796694884,-1
4,53,-1,-1,1.61690815970876,-0.0486761115155732,0.307534084949668,1
4,54,-1,1,1.69641259352112,0.337025853706757,0.393702031404723,1
4,55,1,1,1.87482586341683,3.1376436873007,0.452995887243398,1
4,56,1,1,1.87482586341683,3.1376436873007,0.264667239881938,1
4,57,1,1,1.87482586341683,3.1376436873007,0.440773934976736,1
4,58,-1,1,1.69641259352112,0.337025853706757,0.769143306305587,1
4,59,1,1,1.87482586341683,3.1376436873007,0.326031057502248,1
4,60,-1,1,1.69641259352112,0.337025853706757,0.452807230975221,-1
4,61,-1,-1,1.61690815970876,-0.0486761115155732,0.50574617506704,-1
4,62,-1,-1,1.61690815970876,-0.0486761115155732,0.391084267238704,1
4,63,1,1,1.87482586341683,3.1376436873007,0.374909590129115,1
4,64,-1,1,1.69641259352112,0.337025853706757,0.881909694623025,1
4,65,1,1,1.87482586341683,3.1376436873007,0.436398376122042,1
4,66,-1,1,1.69641259352112,0.337025853706757,0.518797192399032,-1
4,67,-1,-1,1.61690815970876,-0.0486761115155732,0.400483276649341,-1
4,68,1,-1,1.78695987530934,1.37400657050812,0.710588056313348,1
4,69,-1,1,1.69641259352112,0.337025853706757,1.03559510471047,-1
4,70,-1,-1,1.61690815970876,-0.0486761115155732,1.16891343280828,-1
4,71,1,-1,1.78695987530934,1.37400657050812,0.401869129463074,1
4,72,-1,1,1.69641259352112,0.337025853706757,1.67458025800367,1
4,73,1,1,1.87482586341683,3.1376436873007,0.288301409864705,1
4,74,-1,1,1.69641259352112,0.337025853706757,0.45223272770855,1
4,75,-1,1,1.69641259352112,0.337025853706757,0.487269712896058,-1
4,76,1,-1,1.78695987530934,1.37400657050812,0.403505356264648,1
4,77,-1,1,1.69641259352112,0.337025853706757,2.08604987318007,1
4,78,-1,1,1.69641259352112,0.337025853706757,0.432104887184316,-1
4,79,1,-1,1.78695987530934,1.37400657050812,0.538165916620943,1
4,80,1,1,1.87482586341683,3.1376436873007,0.42057441452044,1
4,81,-1,1,1.69641259352112,0.337025853706757,0.597826164021727,1
4,82,1,1,1.87482586341683,3.1376436873007,0.980689548019917,1
4,83,1,1,1.87482586341683,3.1376436873007,0.522271746086896,1
4,84,1,1,1.87482586341683,3.1376436873007,0.344986559432598,1
4,85,1,1,1.87482586341683,3.1376436873007,0.293093348276726,1
4,86,1,1,1.87482586341683,3.1376436873007,0.731689482344053,1
4,87,-1,1,1.69641259352112,0.337025853706757,1.29281942630991,-1
4,88,-1,-1,1.61690815970876,-0.0486761115155732,1.13906859168813,1
4,89,-1,1,1.69641259352112,0.337025853706757,0.5772574376081,1
4,90,1,1,1.87482586341683,3.1376436873007,0.352469502009155,1
4,91,-1,1,1.69641259352112,0.337025853706757,0.564496198335287,1
4,92,1,1,1.87482586341683,3.1376436873007,0.388540675626872,1
4,93,-1,1,1.69641259352112,0.337025853706757,1.23210049913594,1
4,94,1,1,1.87482586341683,3.1376436873007,0.771010238618781,1
4,95,1,1,1.87482586341683,3.1376436873007,0.769440883584626,1
4,96,1,1,1.87482586341683,3.1376436873007,0.437903308765638,1
4,97,-1,1,1.69641259352112,0.337025853706757,0.62676823947095,1
4,98,1,1,1.87482586341683,3.1376436873007,0.332061433196765,1
4,99,-1,1,1.69641259352112,0.337025853706757,0.389970203285533,1
4,100,1,1,1.87482586341683,3.1376436873007,0.942275987350708,1
4,101,1,1,1.87482586341683,3.1376436873007,0.592384353156561,1
5,2,-1,1,1.62300669572762,1.2945961677466,0.667580273165334,-1
5,3,-1,-1,1.54694251835102,0.14410192067423,1.07306191365786,1
5,4,-1,1,1.62300669572762,1.2945961677466,0.410282280810308,1
5,5,-1,1,1.62300669572762,1.2945961677466,0.549864862764451,1
5,6,1,1,1.79369979996022,1.84191020228917,0.32314231921014,1
5,7,-1,1,1.62300669572762,1.2945961677466,0.689788269462661,1
5,8,1,1,1.79369979996022,1.84191020228917,0.636601117428537,1
5,9,-1,1,1.62300669572762,1.2945961677466,0.870971541030063,1
5,10,-1,1,1.62300669572762,1.2945961677466,0.542661963990119,1
5,11,1,1,1.79369979996022,1.84191020228917,0.859072581170731,1
5,12,-1,1,1.62300669572762,1.2945961677466,1.11757784634702,-1
5,13,-1,-1,1.54694251835102,0.14410192067423,0.620831117097971,1
5,14,1,1,1.79369979996022,1.84191020228917,0.531297714212941,1
5,15,1,1,1.79369979996022,1.84191020228917,0.412186913885185,1
5,16,-1,1,1.62300669572762,1.2945961677466,0.655611130731705,1
5,17,1,1,1.79369979996022,1.84191020228917,1.53564656120289,1
5,18,-1,1,1.62300669572762,1.2945961677466,0.509287589716794,1
5,19,1,1,1.79369979996022,1.84191020228917,2.61735652200049,1
5,20,1,1,1.79369979996022,1.84191020228917,0.536342893905252,1
5,21,-1,1,1.62300669572762,1.2945961677466,0.493309676575512,1
5,22,1,1,1.79369979996022,1.84191020228917,0.675337118535028,1
5,23,-1,1,1.62300669572762,1.2945961677466,0.582473894717485,-1
5,24,-1,-1,1.54694251835102,0.14410192067423,1.33914248821055,1
5,25,1,1,1.79369979996022,1.84191020228917,0.958024367729701,1
5,26,1,1,1.79369979996022,1.84191020228917,0.5451097587487,1
5,27,-1,1,1.62300669572762,1.2945961677466,0.417942987600171,-1
5,28,-1,-1,1.54694251835102,0.14410192067423,0.474774975088745,1
5,29,-1,1,1.62300669572762,1.2945961677466,0.608995576946913,1
5,30,-1,1,1.62300669572762,1.2945961677466,1.87722408379598,1
5,31,-1,1,1.62300669572762,1.2945961677466,0.740762647327019,1
5,32,-1,1,1.62300669572762,1.2945961677466,0.321212545949903,1
5,33,1,1,1.79369979996022,1.84191020228917,0.555608128307793,1
5,34,-1,1,1.62300669572762,1.2945961677466,0.365726446645156,1
5,35,1,1,1.79369979996022,1.84191020228917,0.951936483925869,1
5,36,-1,1,1.62300669572762,1.2945961677466,0.908522094726716,1
5,37,1,1,1.79369979996022,1.84191020228917,0.571382312532796,1
5,38,1,1,1.79369979996022,1.84191020228917,1.19403454000396,1
5,39,1,1,1.79369979996022,1.84191020228917,1.87253253387547,1
5,40,1,1,1.79369979996022,1.84191020228917,1.0492299120705,1
5,41,-1,1,1.62300669572762,1.2945961677466,0.451738363251035,1
5,42,1,1,1.79369979996022,1.84191020228917,0.672661239993322,1
5,43,-1,1,1.62300669572762,1.2945961677466,0.579863553802081,1
5,44,1,1,1.79369979996022,1.84191020228917,0.455420577905435,1
5,45,-1,1,1.62300669572762,1.2945961677466,0.717869561542671,1
5,46,1,1,1.79369979996022,1.84191020228917,0.742370134347083,1
5,47,1,1,1.79369979996022,1.84191020228917,0.507465856793304,1
5,48,-1,1,1.62300669572762,1.2945961677466,1.26591912457156,1
5,49,-1,1,1.62300669572762,1.2945961677466,0.361419923904692,1
5,50,1,1,1.79369979996022,1.84191020228917,0.396276112771441,1
5,51,1,1,1.79369979996022,1.84191020228917,0.635998124776005,1
5,52,1,1,1.79369979996022,1.84191020228917,0.441587750435447,1
5,53,1,1,1.79369979996022,1.84191020228917,0.756564131320204,1
5,54,1,1,1.79369979996022,1.84191020228917,0.579483073130403,1
5,55,1,1,1.79369979996022,1.84191020228917,0.829405379708034,1
5,56,-1,1,1.62300669572762,1.2945961677466,0.413668405352156,1
5,57,-1,1,1.62300669572762,1.2945961677466,1.42536069737741,1
5,58,1,1,1.79369979996022,1.84191020228917,0.429874268243146,1
5,59,-1,1,1.62300669572762,1.2945961677466,0.570657316738825,1
5,60,-1,1,1.62300669572762,1.2945961677466,0.351705371942602,1
5,61,-1,1,1.62300669572762,1.2945961677466,0.515043225643002,1
5,62,-1,1,1.62300669572762,1.2945961677466,1.44111260915679,1
5,63,1,1,1.79369979996022,1.84191020228917,0.854833239073954,1
5,64,1,1,1.79369979996022,1.84191020228917,0.722099721187414,1
5,65,1,1,1.79369979996022,1.84191020228917,0.480432007626455,1
5,66,1,1,1.79369979996022,1.84191020228917,0.369278243962763,1
5,67,1,1,1.79369979996022,1.84191020228917,0.511519433193505,1
5,68,-1,1,1.62300669572762,1.2945961677466,0.592826359011295,1
5,69,-1,1,1.62300669572762,1.2945961677466,0.392354555984731,1
5,70,-1,1,1.62300669572762,1.2945961677466,0.515613824196951,1
5,71,1,1,1.79369979996022,1.84191020228917,0.763945870290856,1
5,72,1,1,1.79369979996022,1.84191020228917,2.98623435008699,1
5,73,1,1,1.79369979996022,1.84191020228917,0.411618400312775,1
5,74,1,1,1.79369979996022,1.84191020228917,0.604772761367318,1
5,75,1,1,1.79369979996022,1.84191020228917,0.451437080073489,-1
5,76,-1,-1,1.54694251835102,0.14410192067423,0.875016355511712,-1
5,77,-1,-1,1.54694251835102,0.14410192067423,0.785203294784306,1
5,78,1,1,1.79369979996022,1.84191020228917,0.943591035111386,1
5,79,1,1,1.79369979996022,1.84191020228917,0.34502782834047,1
5,80,1,1,1.79369979996022,1.84191020228917,0.48786277719484,1
5,81,-1,1,1.62300669572762,1.2945961677466,0.621203406189139,1
5,82,-1,1,1.62300669572762,1.2945961677466,0.465313023522304,1
5,83,-1,1,1.62300669572762,1.2945961677466,0.577358428354864,1
5,84,-1,1,1.62300669572762,1.2945961677466,0.849590983017491,1
5,85,1,1,1.79369979996022,1.84191020228917,0.42434990091907,-1
5,86,1,-1,1.70963588321625,1.51939170929,0.492154276373644,1
5,87,-1,1,1.62300669572762,1.2945961677466,1.10775285308348,-1
5,88,1,-1,1.70963588321625,1.51939170929,0.380399317026761,1
5,89,-1,1,1.62300669572762,1.2945961677466,0.616228081276016,1
5,90,-1,1,1.62300669572762,1.2945961677466,0.554490756727321,1
5,91,1,1,1.79369979996022,1.84191020228917,0.710079862869063,1
5,92,1,1,1.79369979996022,1.84191020228917,0.402200874840288,1
5,93,-1,1,1.62300669572762,1.2945961677466,0.366485301255453,1
5,94,1,1,1.79369979996022,1.84191020228917,0.648906325071611,1
5,95,1,1,1.79369979996022,1.84191020228917,0.597081376690585,1
5,96,1,1,1.79369979996022,1.84191020228917,1.08719997410747,1
5,97,-1,1,1.62300669572762,1.2945961677466,1.20971396408204,1
5,98,-1,1,1.62300669572762,1.2945961677466,0.39312343268154,1
5,99,-1,1,1.62300669572762,1.2945961677466,0.588254392609702,1
5,100,1,1,1.79369979996022,1.84191020228917,0.425717786577714,1
5,101,-1,1,1.62300669572762,1.2945961677466,0.544947560328956,1
6,2,1,1,2.14092245276065,3.0154426811364,0.654246845791256,1
6,3,1,1,2.14092245276065,3.0154426811364,0.36596396856743,1
6,4,-1,1,1.93718674437116,0.446645228159409,0.73166073222189,-1
6,5,-1,-1,1.84639813793883,-0.266864468641732,1.02260379637021,-1
6,6,-1,-1,1.84639813793883,-0.266864468641732,0.516111356976367,-1
6,7,1,-1,2.04058552523902,1.60477655934593,0.444481792560014,1
6,8,-1,1,1.93718674437116,0.446645228159409,1.37315919793215,1
6,9,-1,1,1.93718674437116,0.446645228159409,0.912747112316354,1
6,10,-1,1,1.93718674437116,0.446645228159409,0.765654163003923,1
6,11,1,1,2.14092245276065,3.0154426811364,0.467766078259251,1
6,12,-1,1,1.93718674437116,0.446645228159409,1.32444518777933,1
6,13,-1,1,1.93718674437116,0.446645228159409,0.498246590706173,1
6,14,1,1,2.14092245276065,3.0154426811364,0.517819909487428,1
6,15,-1,1,1.93718674437116,0.446645228159409,2.20769948927584,1
6,16,1,1,2.14092245276065,3.0154426811364,0.495662122406554,1
6,17,-1,1,1.93718674437116,0.446645228159409,1.24038426495188,-1
6,18,-1,-1,1.84639813793883,-0.266864468641732,0.891208200472206,-1
6,19,1,-1,2.04058552523902,1.60477655934593,0.583569094846261,1
6,20,-1,1,1.93718674437116,0.446645228159409,0.743716020257285,1
6,21,1,1,2.14092245276065,3.0154426811364,0.481097246043174,1
6,22,-1,1,1.93718674437116,0.446645228159409,2.12056685788088,1
6,23,1,1,2.14092245276065,3.0154426811364,0.652856189044991,1
6,24,-1,1,1.93718674437116,0.446645228159409,0.583947872688817,1
6,25,1,1,2.14092245276065,3.0154426811364,0.521966886107124,1
6,26,-1,1,1.93718674437116,0.446645228159409,0.41869319696799,1
6,27,1,1,2.14092245276065,3.0154426811364,0.421924080755375,1
6,28,-1,1,1.93718674437116,0.446645228159409,0.564758697793508,1
6,29,1,1,2.14092245276065,3.0154426811364,0.974637990733246,1
6,30,-1,1,1.93718674437116,0.446645228159409,1.45127822217843,-1
6,31,1,-1,2.04058552523902,1.60477655934593,0.999447830641542,1
6,32,-1,1,1.93718674437116,0.446645228159409,1.62806502736858,1
6,33,-1,1,1.93718674437116,0.446645228159409,0.608201602245636,1
6,34,1,1,2.14092245276065,3.0154426811364,0.945839823560931,1
6,35,1,1,2.14092245276065,3.0154426811364,0.581390333239823,1
6,36,1,1,2.14092245276065,3.0154426811364,0.516411178618468,1
6,37,1,1,2.14092245276065,3.0154426811364,0.62952569264436,1
6,38,-1,1,1.93718674437116,0.446645228159409,0.371888173265044,-1
6,39,1,-1,2.04058552523902,1.60477655934593,0.810226626984126,1
6,40,1,1,2.14092245276065,3.0154426811364,0.604578065261283,1
6,41,1,1,2.14092245276065,3.0154426811364,0.663059108683226,1
6,42,-1,1,1.93718674437116,0.446645228159409,1.24885943535226,1
6,43,-1,1,1.93718674437116,0.446645228159409,0.571978531231902,1
6,44,1,1,2.14092245276065,3.0154426811364,0.56908171224929,1
6,45,-1,1,1.93718674437116,0.446645228159409,0.852239499607179,1
6,46,1,1,2.14092245276065,3.0154426811364,0.745863795684687,1
6,47,1,1,2.14092245276065,3.0154426811364,0.456904606951476,1
6,48,1,1,2.14092245276065,3.0154426811364,0.441696755664309,1
6,49,1,1,2.14092245276065,3.0154426811364,0.527796532930118,1
6,50,1,1,2.14092245276065,3.0154426811364,0.671065133926165,1
6,51,-1,1,1.93718674437116,0.446645228159409,0.872333629935241,1
6,52,1,1,2.14092245276065,3.0154426811364,0.456713135716213,-1
6,53,-1,-1,1.84639813793883,-0.266864468641732,1.22531446291019,1
6,54,-1,1,1.93718674437116,0.446645228159409,1.21231725652227,-1
6,55,1,-1,2.04058552523902,1.60477655934593,0.796631922867221,-1
6,56,1,-1,2.04058552523902,1.60477655934593,0.630084627808264,1
6,57,-1,1,1.93718674437116,0.446645228159409,0.651109219072525,1
6,58,1,1,2.14092245276065,3.0154426811364,0.519336396335137,1
6,59,1,1,2.14092245276065,3.0154426811364,0.633293828904838,1
6,60,-1,1,1.93718674437116,0.446645228159409,1.78672138838161,1
6,61,-1,1,1.93718674437116,0.446645228159409,0.671359850311863,1
6,62,-1,1,1.93718674437116,0.446645228159409,0.520453345013936,-1
6,63,-1,-1,1.84639813793883,-0.266864468641732,1.19579412251262,1
6,64,1,1,2.14092245276065,3.0154426811364,0.412698329825545,1
6,65,-1,1,1.93718674437116,0.446645228159409,0.607969774467314,1
6,66,1,1,2.14092245276065,3.0154426811364,0.528883111253646,1
6,67,-1,1,1.93718674437116,0.446645228159409,2.86506613116132,-1
6,68,-1,-1,1.84639813793883,-0.266864468641732,0.769978080740823,-1
6,69,1,-1,2.04058552523902,1.60477655934593,0.833228384457184,1
6,70,1,1,2.14092245276065,3.0154426811364,0.523484118182352,1
6,71,1,1,2.14092245276065,3.0154426811364,0.773407660586243,1
6,72,1,1,2.14092245276065,3.0154426811364,0.550331455768554,1
6,73,1,1,2.14092245276065,3.0154426811364,0.56865724664819,1
6,74,-1,1,1.93718674437116,0.446645228159409,0.807936904690652,1
6,75,-1,1,1.93718674437116,0.446645228159409,0.515383348016086,1
6,76,1,1,2.14092245276065,3.0154426811364,0.667161186867678,1
6,77,1,1,2.14092245276065,3.0154426811364,0.545319732627555,1
6,78,-1,1,1.93718674437116,0.446645228159409,0.908424914928446,-1
6,79,-1,-1,1.84639813793883,-0.266864468641732,0.555567948038878,1
6,80,-1,1,1.93718674437116,0.446645228159409,0.662202265928894,-1
6,81,-1,-1,1.84639813793883,-0.266864468641732,1.21914822171277,-1
6,82,-1,-1,1.84639813793883,-0.266864468641732,0.499233644339291,-1
6,83,1,-1,2.04058552523902,1.60477655934593,1.19656611501313,1
6,84,-1,1,1.93718674437116,0.446645228159409,1.46881714069981,1
6,85,1,1,2.14092245276065,3.0154426811364,0.739974111267458,1
6,86,1,1,2.14092245276065,3.0154426811364,0.342153694792519,1
6,87,-1,1,1.93718674437116,0.446645228159409,1.08813006664194,-1
6,88,-1,-1,1.84639813793883,-0.266864468641732,1.2733210763534,1
6,89,1,1,2.14092245276065,3.0154426811364,0.501331298913409,1
6,90,1,1,2.14092245276065,3.0154426811364,0.385522088823332,1
6,91,1,1,2.14092245276065,3.0154426811364,0.576399101084552,1
6,92,1,1,2.14092245276065,3.0154426811364,0.356963088979028,1
6,93,1,1,2.14092245276065,3.0154426811364,0.535167205657408,1
6,94,-1,1,1.93718674437116,0.446645228159409,0.534677668571855,1
6,95,-1,1,1.93718674437116,0.446645228159409,0.506078915418105,-1
6,96,-1,-1,1.84639813793883,-0.266864468641732,0.763405725347675,-1
6,97,-1,-1,1.84639813793883,-0.266864468641732,5.85190141933023,1
6,98,1,1,2.14092245276065,3.0154426811364,0.523385007215893,1
6,99,-1,1,1.93718674437116,0.446645228159409,0.882965626845547,1
6,100,-1,1,1.93718674437116,0.446645228159409,0.734488996626652,1
6,101,1,1,2.14092245276065,3.0154426811364,0.532589527532251,1
7,2,1,1,2.37055470060142,3.14151947793005,0.523344376660384,1
7,3,-1,1,2.1449665946052,-0.0052216646450966,1.43490323519631,-1
7,4,1,-1,2.25945577925861,1.6699560076142,0.54590443038476,1
7,5,1,1,2.37055470060142,3.14151947793005,0.63826566992823,1
7,6,-1,1,2.1449665946052,-0.0052216646450966,2.65593105885127,-1
7,7,1,-1,2.25945577925861,1.6699560076142,0.604479090183269,1
7,8,-1,1,2.1449665946052,-0.0052216646450966,0.536135739643772,1
7,9,1,1,2.37055470060142,3.14151947793005,0.661269132007953,1
7,10,1,1,2.37055470060142,3.14151947793005,0.70927480735247,1
7,11,-1,1,2.1449665946052,-0.0052216646450966,1.15856502021444,-1
7,12,-1,-1,2.04444013347079,-0.00625382089914633,0.768734229743092,-1
7,13,-1,-1,2.04444013347079,-0.00625382089914633,0.751135718194156,1
7,14,-1,1,2.1449665946052,-0.0052216646450966,1.008874986723,1
7,15,-1,1,2.1449665946052,-0.0052216646450966,1.01350245328135,1
7,16,1,1,2.37055470060142,3.14151947793005,0.737025256996035,1
7,17,1,1,2.37055470060142,3.14151947793005,0.414882894878961,1
7,18,1,1,2.37055470060142,3.14151947793005,0.826578278490528,1
7,19,1,1,2.37055470060142,3.14151947793005,0.586024039963084,1
7,20,-1,1,2.1449665946052,-0.0052216646450966,2.3279657661534,-1
7,21,-1,-1,2.04444013347079,-0.00625382089914633,2.32309074608849,1
7,22,-1,1,2.1449665946052,-0.0052216646450966,2.00840401229332,-1
7,23,1,-1,2.25945577925861,1.6699560076142,0.455694586519671,1
7,24,1,1,2.37055470060142,3.14151947793005,0.684094772706229,1
7,25,-1,1,2.1449665946052,-0.0052216646450966,0.675517443285634,1
7,26,-1,1,2.1449665946052,-0.0052216646450966,0.479718196174465,1
7,27,1,1,2.37055470060142,3.14151947793005,0.535752787509319,1
7,28,-1,1,2.1449665946052,-0.0052216646450966,0.452067248925972,-1
7,29,1,-1,2.25945577925861,1.6699560076142,1.11209337654404,1
7,30,-1,1,2.1449665946052,-0.0052216646450966,0.608685322504924,-1
7,31,-1,-1,2.04444013347079,-0.00625382089914633,1.83013500764908,-1
7,32,1,-1,2.25945577925861,1.6699560076142,0.436589364284431,1
7,33,1,1,2.37055470060142,3.14151947793005,0.717092139913781,1
7,34,1,1,2.37055470060142,3.14151947793005,0.472615875273197,1
7,35,-1,1,2.1449665946052,-0.0052216646450966,0.984456694294063,-1
7,36,1,-1,2.25945577925861,1.6699560076142,1.15675118474366,1
7,37,-1,1,2.1449665946052,-0.0052216646450966,0.73143787384198,1
7,38,1,1,2.37055470060142,3.14151947793005,0.583900581565787,1
7,39,-1,1,2.1449665946052,-0.0052216646450966,2.37544339559657,1
7,40,-1,1,2.1449665946052,-0.0052216646450966,0.977573607540739,1
7,41,-1,1,2.1449665946052,-0.0052216646450966,0.562534357745704,-1
7,42,1,-1,2.25945577925861,1.6699560076142,0.459435687382443,1
7,43,-1,1,2.1449665946052,-0.0052216646450966,0.791902233137676,-1
7,44,-1,-1,2.04444013347079,-0.00625382089914633,0.782911538828464,1
7,45,1,1,2.37055470060142,3.14151947793005,0.40057294120495,1
7,46,-1,1,2.1449665946052,-0.0052216646450966,1.12649105927982,1
7,47,-1,1,2.1449665946052,-0.0052216646450966,0.728315993812577,-1
7,48,-1,-1,2.04444013347079,-0.00625382089914633,1.08350120816629,-1
7,49,1,-1,2.25945577925861,1.6699560076142,0.633870308950169,1
7,50,-1,1,2.1449665946052,-0.0052216646450966,0.550287018661581,-1
7,51,1,-1,2.25945577925861,1.6699560076142,0.898538320135092,1
7,52,1,1,2.37055470060142,3.14151947793005,0.669638592179569,1
7,53,1,1,2.37055470060142,3.14151947793005,0.368296179317368,1
7,54,-1,1,2.1449665946052,-0.0052216646450966,2.08484592399308,-1
7,55,-1,-1,2.04444013347079,-0.00625382089914633,0.478929159183239,1
7,56,1,1,2.37055470060142,3.14151947793005,0.392422178897049,1
7,57,1,1,2.37055470060142,3.14151947793005,0.496655357680264,1
7,58,-1,1,2.1449665946052,-0.0052216646450966,1.94196567491314,-1
7,59,1,-1,2.25945577925861,1.6699560076142,0.598676744727269,1
7,60,-1,1,2.1449665946052,-0.0052216646450966,1.11597664418297,1
7,61,1,1,2.37055470060142,3.14151947793005,0.421153405357338,1
7,62,-1,1,2.1449665946052,-0.0052216646450966,0.48461042697986,-1
7,63,1,-1,2.25945577925861,1.6699560076142,1.59481708822957,1
7,64,1,1,2.37055470060142,3.14151947793005,0.62408888938787,1
7,65,-1,1,2.1449665946052,-0.0052216646450966,1.16794206794697,-1
7,66,-1,-1,2.04444013347079,-0.00625382089914633,1.70592968294644,-1
7,67,1,-1,2.25945577925861,1.6699560076142,0.602722510434658,1
7,68,1,1,2.37055470060142,3.14151947793005,0.814519318937444,1
7,69,1,1,2.37055470060142,3.14151947793005,0.675726364222807,1
7,70,1,1,2.37055470060142,3.14151947793005,0.66643741357999,1
7,71,1,1,2.37055470060142,3.14151947793005,0.401274724063416,1
7,72,-1,1,2.1449665946052,-0.0052216646450966,0.859114054822501,1
7,73,1,1,2.37055470060142,3.14151947793005,1.02371702039471,1
7,74,1,1,2.37055470060142,3.14151947793005,0.481960281685219,1
7,75,1,1,2.37055470060142,3.14151947793005,0.454119619258874,1
7,76,1,1,2.37055470060142,3.14151947793005,0.61567496006955,1
7,77,-1,1,2.1449665946052,-0.0052216646450966,1.6685225234222,1
7,78,-1,1,2.1449665946052,-0.0052216646450966,0.954062596201199,-1
7,79,1,-1,2.25945577925861,1.6699560076142,1.38202025599586,1
7,80,1,1,2.37055470060142,3.14151947793005,0.403517186899741,1
7,81,-1,1,2.1449665946052,-0.0052216646450966,0.452431807401168,-1
7,82,-1,-1,2.04444013347079,-0.00625382089914633,0.803005324003213,1
7,83,1,1,2.37055470060142,3.14151947793005,0.456959284330286,1
7,84,1,1,2.37055470060142,3.14151947793005,0.540520093541152,1
7,85,-1,1,2.1449665946052,-0.0052216646450966,0.787231690959797,-1
7,86,-1,-1,2.04444013347079,-0.00625382089914633,0.522704214354531,1
7,87,1,1,2.37055470060142,3.14151947793005,0.755015626122222,1
7,88,-1,1,2.1449665946052,-0.0052216646450966,0.893202672320967,1
7,89,-1,1,2.1449665946052,-0.0052216646450966,4.10303426698748,1
7,90,-1,1,2.1449665946052,-0.0052216646450966,0.684071908473344,1
7,91,1,1,2.37055470060142,3.14151947793005,0.618132832930245,1
7,92,-1,1,2.1449665946052,-0.0052216646450966,2.10743779657785,-1
7,93,1,-1,2.25945577925861,1.6699560076142,0.814974660892211,1
7,94,1,1,2.37055470060142,3.14151947793005,1.06800481714146,1
7,95,1,1,2.37055470060142,3.14151947793005,0.581271320065523,1
7,96,-1,1,2.1449665946052,-0.0052216646450966,1.75668936863319,-1
7,97,-1,-1,2.04444013347079,-0.00625382089914633,0.849104457903678,1
7,98,-1,1,2.1449665946052,-0.0052216646450966,0.815298242811289,1
7,99,-1,1,2.1449665946052,-0.0052216646450966,0.982172382553613,1
7,100,1,1,2.37055470060142,3.14151947793005,0.488238862494302,1
7,101,-1,1,2.1449665946052,-0.0052216646450966,1.59572451890979,-1
8,2,-1,1,1.61570817235452,-0.202759111580481,0.673947900779908,-1
8,3,1,-1,1.70194779573885,1.93625022794655,0.54736823532516,1
8,4,1,1,1.78563368418337,4.16738759105618,0.547461318470143,1
8,5,1,1,1.78563368418337,4.16738759105618,0.329190645714753,1
8,6,-1,1,1.61570817235452,-0.202759111580481,0.488769872094265,-1
8,7,1,-1,1.70194779573885,1.93625022794655,0.533003245826223,1
8,8,-1,1,1.61570817235452,-0.202759111580481,0.593765209180784,1
8,9,1,1,1.78563368418337,4.16738759105618,0.34320544914349,1
8,10,-1,1,1.61570817235452,-0.202759111580481,0.914015877615632,-1
8,11,1,-1,1.70194779573885,1.93625022794655,0.63938361440529,1
8,12,-1,1,1.61570817235452,-0.202759111580481,0.805668242125385,-1
8,13,1,-1,1.70194779573885,1.93625022794655,0.444694422635606,1
8,14,1,1,1.78563368418337,4.16738759105618,0.55347694258319,1
8,15,-1,1,1.61570817235452,-0.202759111580481,1.21229778105229,-1
8,16,1,-1,1.70194779573885,1.93625022794655,0.319231832389552,1
8,17,1,1,1.78563368418337,4.16738759105618,0.549492374850836,1
8,18,-1,1,1.61570817235452,-0.202759111580481,0.608979833007229,1
8,19,-1,1,1.61570817235452,-0.202759111580481,0.87221513223448,1
8,20,1,1,1.78563368418337,4.16738759105618,0.404911138004507,1
8,21,-1,1,1.61570817235452,-0.202759111580481,0.813713626543565,-1
8,22,1,-1,1.70194779573885,1.93625022794655,0.57330288570627,1
8,23,-1,1,1.61570817235452,-0.202759111580481,0.584258177836956,1
8,24,1,1,1.78563368418337,4.16738759105618,0.40220017843386,1
8,25,-1,1,1.61570817235452,-0.202759111580481,0.512027930962571,1
8,26,-1,1,1.61570817235452,-0.202759111580481,0.435932763172488,-1
8,27,-1,-1,1.53998604912834,-1.10087870742225,0.628273937703934,1
8,28,1,1,1.78563368418337,4.16738759105618,0.282071054171052,1
8,29,1,1,1.78563368418337,4.16738759105618,0.394222626392203,1
8,30,-1,1,1.61570817235452,-0.202759111580481,0.376637407079382,-1
8,31,1,-1,1.70194779573885,1.93625022794655,0.609641804745525,1
8,32,-1,1,1.61570817235452,-0.202759111580481,0.838008072747773,-1
8,33,-1,-1,1.53998604912834,-1.10087870742225,0.316462026645633,-1
8,34,1,-1,1.70194779573885,1.93625022794655,0.562316257213101,1
8,35,1,1,1.78563368418337,4.16738759105618,0.468637946106163,1
8,36,1,1,1.78563368418337,4.16738759105618,0.318900842199448,1
8,37,1,1,1.78563368418337,4.16738759105618,0.479322880525082,1
8,38,1,1,1.78563368418337,4.16738759105618,0.268815037982402,1
8,39,-1,1,1.61570817235452,-0.202759111580481,0.522889265909872,-1
8,40,1,-1,1.70194779573885,1.93625022794655,1.37409978181553,1
8,41,-1,1,1.61570817235452,-0.202759111580481,0.503289205143728,-1
8,42,-1,-1,1.53998604912834,-1.10087870742225,0.362473396578766,-1
8,43,-1,-1,1.53998604912834,-1.10087870742225,0.329255075433685,-1
8,44,1,-1,1.70194779573885,1.93625022794655,0.735244217940764,1
8,45,1,1,1.78563368418337,4.16738759105618,0.345889794499317,1
8,46,1,1,1.78563368418337,4.16738759105618,0.366740917243385,1
8,47,1,1,1.78563368418337,4.16738759105618,0.340547845163428,1
8,48,1,1,1.78563368418337,4.16738759105618,0.411649875498358,1
8,49,1,1,1.78563368418337,4.16738759105618,0.297068157601972,1
8,50,-1,1,1.61570817235452,-0.202759111580481,1.03797213450449,-1
8,51,-1,-1,1.53998604912834,-1.10087870742225,0.366895919761006,-1
8,52,1,-1,1.70194779573885,1.93625022794655,0.969967984628618,1
8,53,1,1,1.78563368418337,4.16738759105618,0.352101276269933,1
8,54,1,1,1.78563368418337,4.16738759105618,0.241518936504373,1
8,55,1,1,1.78563368418337,4.16738759105618,0.61682783887586,1
8,56,1,1,1.78563368418337,4.16738759105618,0.533024292564918,1
8,57,-1,1,1.61570817235452,-0.202759111580481,0.599887873781061,-1
8,58,-1,-1,1.53998604912834,-1.10087870742225,0.56153223046592,-1
8,59,-1,-1,1.53998604912834,-1.10087870742225,1.34900382089576,-1
8,60,1,-1,1.70194779573885,1.93625022794655,0.394525389981292,1
8,61,1,1,1.78563368418337,4.16738759105618,0.350805372181864,1
8,62,1,1,1.78563368418337,4.16738759105618,0.362841499914379,1
8,63,1,1,1.78563368418337,4.16738759105618,0.36828229169883,1
8,64,-1,1,1.61570817235452,-0.202759111580481,0.710873966572966,-1
8,65,1,-1,1.70194779573885,1.93625022794655,1.41329473962647,1
8,66,-1,1,1.61570817235452,-0.202759111580481,1.03254988769542,-1
8,67,1,-1,1.70194779573885,1.93625022794655,0.883643341505469,1
8,68,-1,1,1.61570817235452,-0.202759111580481,0.591455966341655,-1
8,69,-1,-1,1.53998604912834,-1.10087870742225,0.990553215676593,-1
8,70,-1,-1,1.53998604912834,-1.10087870742225,1.55804354462161,-1
8,71,-1,-1,1.53998604912834,-1.10087870742225,0.293483020150233,1
8,72,-1,1,1.61570817235452,-0.202759111580481,0.811077910945557,-1
8,73,1,-1,1.70194779573885,1.93625022794655,0.375608289517358,1
8,74,-1,1,1.61570817235452,-0.202759111580481,1.27669653068455,1
8,75,-1,1,1.61570817235452,-0.202759111580481,0.528714260536527,1
8,76,1,1,1.78563368418337,4.16738759105618,0.3817033061262,1
8,77,-1,1,1.61570817235452,-0.202759111580481,0.416367031711592,1
8,78,-1,1,1.61570817235452,-0.202759111580481,0.444571227342477,-1
8,79,-1,-1,1.53998604912834,-1.10087870742225,0.465433897385724,1
8,80,-1,1,1.61570817235452,-0.202759111580481,0.490426470276462,-1
8,81,-1,-1,1.53998604912834,-1.10087870742225,0.696637072815125,-1
8,82,-1,-1,1.53998604912834,-1.10087870742225,0.363940518770552,1
8,83,-1,1,1.61570817235452,-0.202759111580481,1.25403390299776,-1
8,84,-1,-1,1.53998604912834,-1.10087870742225,1.14333646659002,-1
8,85,1,-1,1.70194779573885,1.93625022794655,0.312476105534319,1
8,86,-1,1,1.61570817235452,-0.202759111580481,0.615414047798927,-1
8,87,-1,-1,1.53998604912834,-1.10087870742225,0.44937640115467,-1
8,88,1,-1,1.70194779573885,1.93625022794655,0.896260545521776,1
8,89,1,1,1.78563368418337,4.16738759105618,0.513622054233572,1
8,90,-1,1,1.61570817235452,-0.202759111580481,0.556391070190566,1
8,91,-1,1,1.61570817235452,-0.202759111580481,1.30025624747892,-1
8,92,-1,-1,1.53998604912834,-1.10087870742225,0.758432972223926,1
8,93,-1,1,1.61570817235452,-0.202759111580481,0.883047457255684,1
8,94,1,1,1.78563368418337,4.16738759105618,0.354534816357452,1
8,95,-1,1,1.61570817235452,-0.202759111580481,0.382145892892123,-1
8,96,1,-1,1.70194779573885,1.93625022794655,0.406889517703049,1
8,97,-1,1,1.61570817235452,-0.202759111580481,0.35885277818225,1
8,98,1,1,1.78563368418337,4.16738759105618,0.835488241676636,1
8,99,1,1,1.78563368418337,4.16738759105618,0.419386587631322,1
8,100,1,1,1.78563368418337,4.16738759105618,0.352755611761423,1
8,101,1,1,1.78563368418337,4.16738759105618,0.413764047467924,1
9,2,-1,1,1.72535090281402,0.215334754812635,3.63128807951889,1
9,3,-1,1,1.72535090281402,0.215334754812635,0.490929663884486,-1
9,4,1,-1,1.81744278834783,2.14884101355716,0.247941272366206,1
9,5,-1,1,1.72535090281402,0.215334754812635,1.10885576590296,1
9,6,-1,1,1.72535090281402,0.215334754812635,1.46443073501635,-1
9,7,-1,-1,1.64449024003672,-0.126266944933963,0.601988970313357,-1
9,8,1,-1,1.81744278834783,2.14884101355716,0.543464695492554,1
9,9,-1,1,1.72535090281402,0.215334754812635,0.42990001079012,1
9,10,1,1,1.90680764126562,2.56209117656417,0.33442585920631,1
9,11,-1,1,1.72535090281402,0.215334754812635,0.799243285112891,1
9,12,-1,1,1.72535090281402,0.215334754812635,0.86954521849131,-1
9,13,1,-1,1.81744278834783,2.14884101355716,0.417763011476729,1
9,14,-1,1,1.72535090281402,0.215334754812635,0.351830115456137,1
9,15,-1,1,1.72535090281402,0.215334754812635,3.38198545294228,-1
9,16,1,-1,1.81744278834783,2.14884101355716,0.418733031030963,1
9,17,1,1,1.90680764126562,2.56209117656417,0.300530488500236,1
9,18,1,1,1.90680764126562,2.56209117656417,0.4595124630403,1
9,19,1,1,1.90680764126562,2.56209117656417,0.315763517502305,1
9,20,-1,1,1.72535090281402,0.215334754812635,0.381475296297977,1
9,21,1,1,1.90680764126562,2.56209117656417,0.385616164006938,1
9,22,1,1,1.90680764126562,2.56209117656417,0.715255690187941,1
9,23,-1,1,1.72535090281402,0.215334754812635,0.589680498072885,-1
9,24,-1,-1,1.64449024003672,-0.126266944933963,1.24513785644555,1
9,25,-1,1,1.72535090281402,0.215334754812635,0.402801912734613,1
9,26,1,1,1.90680764126562,2.56209117656417,0.691963792320938,1
9,27,1,1,1.90680764126562,2.56209117656417,0.68387839797294,1
9,28,-1,1,1.72535090281402,0.215334754812635,1.75299055031537,-1
9,29,-1,-1,1.64449024003672,-0.126266944933963,1.45294067283515,1
9,30,-1,1,1.72535090281402,0.215334754812635,0.617850698464122,1
9,31,-1,1,1.72535090281402,0.215334754812635,0.528187510647151,1
9,32,-1,1,1.72535090281402,0.215334754812635,0.899907498468714,-1
9,33,1,-1,1.81744278834783,2.14884101355716,0.609001143061712,1
9,34,1,1,1.90680764126562,2.56209117656417,0.782865216714389,1
9,35,1,1,1.90680764126562,2.56209117656417,0.566739365634818,1
9,36,-1,1,1.72535090281402,0.215334754812635,0.849745571369882,1
9,37,1,1,1.90680764126562,2.56209117656417,0.448842670058188,1
9,38,-1,1,1.72535090281402,0.215334754812635,0.34861087693744,1
9,39,-1,1,1.72535090281402,0.215334754812635,1.15988168568703,1
9,40,-1,1,1.72535090281402,0.215334754812635,1.0200386039995,-1
9,41,1,-1,1.81744278834783,2.14884101355716,1.306975972699,1
9,42,-1,1,1.72535090281402,0.215334754812635,0.339344711266764,-1
9,43,1,-1,1.81744278834783,2.14884101355716,0.561615339760513,1
9,44,-1,1,1.72535090281402,0.215334754812635,0.7266985999571,1
9,45,1,1,1.90680764126562,2.56209117656417,0.507703281014669,1
9,46,1,1,1.90680764126562,2.56209117656417,0.822693703544418,1
9,47,1,1,1.90680764126562,2.56209117656417,0.516816215289678,1
9,48,1,1,1.90680764126562,2.56209117656417,0.376130878372057,1
9,49,1,1,1.90680764126562,2.56209117656417,0.825352054584819,1
9,50,-1,1,1.72535090281402,0.215334754812635,0.908426132830393,1
9,51,1,1,1.90680764126562,2.56209117656417,0.619821635048801,1
9,52,-1,1,1.72535090281402,0.215334754812635,0.742898292034507,-1
9,53,-1,-1,1.64449024003672,-0.126266944933963,0.872619745545336,1
9,54,1,1,1.90680764126562,2.56209117656417,0.55757761416897,1
9,55,1,1,1.90680764126562,2.56209117656417,0.289757275176352,1
9,56,-1,1,1.72535090281402,0.215334754812635,2.03560360951378,-1
9,57,-1,-1,1.64449024003672,-0.126266944933963,1.03978739874399,1
9,58,-1,1,1.72535090281402,0.215334754812635,1.80182994352643,1
9,59,1,1,1.90680764126562,2.56209117656417,0.816794403324164,1
9,60,1,1,1.90680764126562,2.56209117656417,0.454124933322176,1
9,61,-1,1,1.72535090281402,0.215334754812635,0.289105490956262,-1
9,62,1,-1,1.81744278834783,2.14884101355716,0.306877354449497,1
9,63,1,1,1.90680764126562,2.56209117656417,0.369770406432512,1
9,64,-1,1,1.72535090281402,0.215334754812635,0.603023251219751,1
9,65,1,1,1.90680764126562,2.56209117656417,0.392256675936039,1
9,66,-1,1,1.72535090281402,0.215334754812635,1.26667227466444,1
9,67,-1,1,1.72535090281402,0.215334754812635,0.333690978620007,1
9,68,-1,1,1.72535090281402,0.215334754812635,1.4258067640173,1
9,69,1,1,1.90680764126562,2.56209117656417,0.692536190314587,1
9,70,1,1,1.90680764126562,2.56209117656417,0.430303799093843,1
9,71,1,1,1.90680764126562,2.56209117656417,0.27511584298932,1
9,72,1,1,1.90680764126562,2.56209117656417,0.400339004729662,1
9,73,1,1,1.90680764126562,2.56209117656417,0.44915727664503,1
9,74,-1,1,1.72535090281402,0.215334754812635,3.76111785739708,1
9,75,-1,1,1.72535090281402,0.215334754812635,0.726945052209198,1
9,76,1,1,1.90680764126562,2.56209117656417,0.364126541846371,1
9,77,1,1,1.90680764126562,2.56209117656417,0.861794125281814,1
9,78,-1,1,1.72535090281402,0.215334754812635,0.410917574973268,1
9,79,1,1,1.90680764126562,2.56209117656417,0.433007462843823,1
9,80,1,1,1.90680764126562,2.56209117656417,1.29053435399563,1
9,81,1,1,1.90680764126562,2.56209117656417,0.422417403420877,1
9,82,-1,1,1.72535090281402,0.215334754812635,0.51088252310115,1
9,83,1,1,1.90680764126562,2.56209117656417,0.414510013492797,1
9,84,-1,1,1.72535090281402,0.215334754812635,0.709672853646282,1
9,85,-1,1,1.72535090281402,0.215334754812635,0.307885096565962,-1
9,86,-1,-1,1.64449024003672,-0.126266944933963,0.772552103766988,1
9,87,-1,1,1.72535090281402,0.215334754812635,0.538420277236224,1
9,88,1,1,1.90680764126562,2.56209117656417,0.462249988695113,1
9,89,1,1,1.90680764126562,2.56209117656417,0.338838569457896,1
9,90,-1,1,1.72535090281402,0.215334754812635,1.4067968769353,1
9,91,-1,1,1.72535090281402,0.215334754812635,1.66191002049873,1
9,92,-1,1,1.72535090281402,0.215334754812635,0.853695543809213,1
9,93,1,1,1.90680764126562,2.56209117656417,0.495864690907138,1
9,94,1,1,1.90680764126562,2.56209117656417,0.392419797222283,1
9,95,-1,1,1.72535090281402,0.215334754812635,0.519143245683913,1
9,96,-1,1,1.72535090281402,0.215334754812635,1.05403137906919,1
9,97,-1,1,1.72535090281402,0.215334754812635,2.04161475528017,-1
9,98,1,-1,1.81744278834783,2.14884101355716,0.777049337292886,1
9,99,1,1,1.90680764126562,2.56209117656417,0.266307137169786,1
9,100,1,1,1.90680764126562,2.56209117656417,0.273831573862281,1
9,101,1,1,1.90680764126562,2.56209117656417,0.475862834725818,1
10,2,1,1,2.00217619358101,3.60533696918222,0.476218469501286,1
10,3,1,1,2.00217619358101,3.60533696918222,0.51043562439581,1
10,4,-1,1,1.81164393745291,-0.34663968302499,1.02307262879841,1
10,5,1,1,2.00217619358101,3.60533696918222,0.58916056286933,1
10,6,-1,1,1.81164393745291,-0.34663968302499,0.321925431914334,-1
10,7,-1,-1,1.72673904694049,-0.895466903810203,0.379644471269216,-1
10,8,1,-1,1.90834177778429,2.43676961765297,0.465950490552292,1
10,9,1,1,2.00217619358101,3.60533696918222,0.60347932320327,1
10,10,1,1,2.00217619358101,3.60533696918222,0.592846260589157,1
10,11,1,1,2.00217619358101,3.60533696918222,0.321859219720377,1
10,12,1,1,2.00217619358101,3.60533696918222,0.459498969040136,1
10,13,-1,1,1.81164393745291,-0.34663968302499,0.459763727144266,-1
10,14,-1,-1,1.72673904694049,-0.895466903810203,0.534605654857627,-1
10,15,1,-1,1.90834177778429,2.43676961765297,0.592311971032857,1
10,16,-1,1,1.81164393745291,-0.34663968302499,0.61683996990597,-1
10,17,-1,-1,1.72673904694049,-0.895466903810203,0.393468114789689,-1
10,18,-1,-1,1.72673904694049,-0.895466903810203,0.57761497881131,-1
10,19,-1,-1,1.72673904694049,-0.895466903810203,1.43853432898157,-1
10,20,-1,-1,1.72673904694049,-0.895466903810203,0.773432974531562,-1
10,21,1,-1,1.90834177778429,2.43676961765297,1.12209964321249,1
10,22,-1,1,1.81164393745291,-0.34663968302499,0.922676498996139,-1
10,23,1,-1,1.90834177778429,2.43676961765297,0.282039217116249,1
10,24,1,1,2.00217619358101,3.60533696918222,0.649494839494813,1
10,25,1,1,2.00217619358101,3.60533696918222,0.310686040043697,1
10,26,1,1,2.00217619358101,3.60533696918222,0.323852531114868,1
10,27,1,1,2.00217619358101,3.60533696918222,0.43326615631556,1
10,28,1,1,2.00217619358101,3.60533696918222,0.550927350087593,1
10,29,-1,1,1.81164393745291,-0.34663968302499,0.569710969515593,-1
10,30,-1,-1,1.72673904694049,-0.895466903810203,0.465438324765863,-1
10,31,-1,-1,1.72673904694049,-0.895466903810203,0.499292334979271,-1
10,32,1,-1,1.90834177778429,2.43676961765297,0.299871942962835,1
10,33,1,1,2.00217619358101,3.60533696918222,0.362494890623081,1
10,34,1,1,2.00217619358101,3.60533696918222,0.522310415316959,1
10,35,-1,1,1.81164393745291,-0.34663968302499,0.857013422042388,-1
10,36,1,-1,1.90834177778429,2.43676961765297,0.689789640795034,1
10,37,-1,1,1.81164393745291,-0.34663968302499,1.92905481428434,-1
10,38,1,-1,1.90834177778429,2.43676961765297,0.315081944244016,1
10,39,-1,1,1.81164393745291,-0.34663968302499,0.905644169133829,-1
10,40,1,-1,1.90834177778429,2.43676961765297,0.596025873451512,1
10,41,-1,1,1.81164393745291,-0.34663968302499,0.637416690551414,1
10,42,1,1,2.00217619358101,3.60533696918222,0.302568588277041,1
10,43,-1,1,1.81164393745291,-0.34663968302499,0.872400170832395,-1
10,44,-1,-1,1.72673904694049,-0.895466903810203,0.553891550507088,1
10,45,1,1,2.00217619358101,3.60533696918222,0.337490375768796,1
10,46,-1,1,1.81164393745291,-0.34663968302499,0.738079094249548,-1
10,47,1,-1,1.90834177778429,2.43676961765297,1.08921392665924,1
10,48,1,1,2.00217619358101,3.60533696918222,0.524183150204473,1
10,49,-1,1,1.81164393745291,-0.34663968302499,0.49533532556749,-1
10,50,1,-1,1.90834177778429,2.43676961765297,0.329841738172925,1
10,51,-1,1,1.81164393745291,-0.34663968302499,0.51932242954383,1
10,52,-1,1,1.81164393745291,-0.34663968302499,0.565249971544975,-1
10,53,-1,-1,1.72673904694049,-0.895466903810203,1.47950128761651,-1
10,54,-1,-1,1.72673904694049,-0.895466903810203,0.467558654927364,-1
10,55,-1,-1,1.72673904694049,-0.895466903810203,0.827437254000297,-1
10,56,1,-1,1.90834177778429,2.43676961765297,0.544189395808171,1
10,57,-1,1,1.81164393745291,-0.34663968302499,0.927360698987949,1
10,58,1,1,2.00217619358101,3.60533696918222,0.446313343305792,1
10,59,-1,1,1.81164393745291,-0.34663968302499,0.779489293785461,-1
10,60,-1,-1,1.72673904694049,-0.895466903810203,1.72123920520432,1
10,61,1,1,2.00217619358101,3.60533696918222,0.35212292023335,1
10,62,1,1,2.00217619358101,3.60533696918222,0.317085000210677,1
10,63,-1,1,1.81164393745291,-0.34663968302499,0.279541292578424,1
10,64,-1,1,1.81164393745291,-0.34663968302499,1.18604641936098,-1
10,65,1,-1,1.90834177778429,2.43676961765297,0.475140860470628,1
10,66,1,1,2.00217619358101,3.60533696918222,0.514884527853286,1
10,67,-1,1,1.81164393745291,-0.34663968302499,0.822446238647068,1
10,68,1,1,2.00217619358101,3.60533696918222,0.348117875053555,1
10,69,1,1,2.00217619358101,3.60533696918222,0.588920767122106,1
10,70,1,1,2.00217619358101,3.60533696918222,0.427965989992144,1
10,71,-1,1,1.81164393745291,-0.34663968302499,0.762970866681113,-1
10,72,1,-1,1.90834177778429,2.43676961765297,0.4030866660246,1
10,73,1,1,2.00217619358101,3.60533696918222,0.471711542455483,1
10,74,-1,1,1.81164393745291,-0.34663968302499,3.01104797775255,-1
10,75,-1,-1,1.72673904694049,-0.895466903810203,0.566913450374975,-1
10,76,-1,-1,1.72673904694049,-0.895466903810203,0.763194309807799,1
10,77,1,1,2.00217619358101,3.60533696918222,0.863414162236074,1
10,78,1,1,2.00217619358101,3.60533696918222,0.386670658170654,1
10,79,1,1,2.00217619358101,3.60533696918222,0.361893578086287,1
10,80,-1,1,1.81164393745291,-0.34663968302499,1.4328046353954,1
10,81,-1,1,1.81164393745291,-0.34663968302499,1.61725758916261,-1
10,82,-1,-1,1.72673904694049,-0.895466903810203,1.19918493759372,-1
10,83,-1,-1,1.72673904694049,-0.895466903810203,0.546096946990777,-1
10,84,-1,-1,1.72673904694049,-0.895466903810203,0.479878525468303,1
10,85,-1,1,1.81164393745291,-0.34663968302499,0.495016847076589,-1
10,86,-1,-1,1.72673904694049,-0.895466903810203,2.69629810434862,-1
10,87,1,-1,1.90834177778429,2.43676961765297,1.06126339436478,-1
10,88,-1,-1,1.72673904694049,-0.895466903810203,1.25667989463973,-1
10,89,-1,-1,1.72673904694049,-0.895466903810203,0.623803957951015,1
10,90,-1,1,1.81164393745291,-0.34663968302499,0.644720477786341,-1
10,91,-1,-1,1.72673904694049,-0.895466903810203,0.42731347990733,-1
10,92,1,-1,1.90834177778429,2.43676961765297,0.337044757612426,1
10,93,1,1,2.00217619358101,3.60533696918222,0.481396945872882,1
10,94,1,1,2.00217619358101,3.60533696918222,0.576860889457369,1
10,95,-1,1,1.81164393745291,-0.34663968302499,0.677720829338145,-1
10,96,-1,-1,1.72673904694049,-0.895466903810203,2.14090433896559,-1
10,97,1,-1,1.90834177778429,2.43676961765297,1.99944767194112,1
10,98,1,1,2.00217619358101,3.60533696918222,0.622071257473538,1
10,99,1,1,2.00217619358101,3.60533696918222,0.274767489956275,1
10,100,1,1,2.00217619358101,3.60533696918222,0.599589440150784,1
10,101,1,1,2.00217619358101,3.60533696918222,0.428712256714317,1
11,2,-1,1,1.62367344914388,0.404479709105096,1.72807285357928,1
11,3,1,1,1.7944366764454,3.05075481589352,0.364846691568977,1
11,4,1,1,1.7944366764454,3.05075481589352,0.4842323494337,1
11,5,-1,1,1.62367344914388,0.404479709105096,0.442106979570533,1
11,6,1,1,1.7944366764454,3.05075481589352,0.608090754571754,1
11,7,1,1,1.7944366764454,3.05075481589352,0.243391499899828,1
11,8,-1,1,1.62367344914388,0.404479709105096,0.96595782176856,1
11,9,1,1,1.7944366764454,3.05075481589352,0.435214846169444,1
11,10,-1,1,1.62367344914388,0.404479709105096,1.72460833784363,-1
11,11,-1,-1,1.5475780235597,-0.74267396689888,0.92681082130046,-1
11,12,1,-1,1.71033822509117,2.08743944190026,0.405294623392532,1
11,13,-1,1,1.62367344914388,0.404479709105096,0.884778728570745,1
11,14,1,1,1.7944366764454,3.05075481589352,0.283758821427832,1
11,15,-1,1,1.62367344914388,0.404479709105096,0.456957051324437,1
11,16,1,1,1.7944366764454,3.05075481589352,1.00828283398665,1
11,17,1,1,1.7944366764454,3.05075481589352,0.588955389047234,1
11,18,1,1,1.7944366764454,3.05075481589352,0.342524536890581,1
11,19,-1,1,1.62367344914388,0.404479709105096,0.710973059044127,1
11,20,-1,1,1.62367344914388,0.404479709105096,0.761148670130684,1
11,21,-1,1,1.62367344914388,0.404479709105096,0.3391844039697,-1
11,22,1,-1,1.71033822509117,2.08743944190026,0.924271694116942,1
11,23,-1,1,1.62367344914388,0.404479709105096,0.966669475105768,-1
11,24,1,-1,1.71033822509117,2.08743944190026,0.730731245189171,1
11,25,1,1,1.7944366764454,3.05075481589352,0.46903161219902,1
11,26,-1,1,1.62367344914388,0.404479709105096,0.635862250721199,-1
11,27,1,-1,1.71033822509117,2.08743944190026,0.53603752144902,1
11,28,1,1,1.7944366764454,3.05075481589352,0.276553700941991,1
11,29,-1,1,1.62367344914388,0.404479709105096,1.08450238686337,1
11,30,-1,1,1.62367344914388,0.404479709105096,0.547035380536433,-1
11,31,-1,-1,1.5475780235597,-0.74267396689888,0.995382158970784,-1
11,32,-1,-1,1.5475780235597,-0.74267396689888,1.69916500472199,1
11,33,-1,1,1.62367344914388,0.404479709105096,0.729054154092047,-1
11,34,1,-1,1.71033822509117,2.08743944190026,0.581581389639242,1
11,35,-1,1,1.62367344914388,0.404479709105096,0.384932242228932,-1
11,36,1,-1,1.71033822509117,2.08743944190026,0.35573420455328,1
11,37,-1,1,1.62367344914388,0.404479709105096,0.439986865594207,1
11,38,-1,1,1.62367344914388,0.404479709105096,0.544477088365387,1
11,39,1,1,1.7944366764454,3.05075481589352,0.35382878426399,1
11,40,-1,1,1.62367344914388,0.404479709105096,0.219054510700587,1
11,41,1,1,1.7944366764454,3.05075481589352,0.451733359992681,1
11,42,-1,1,1.62367344914388,0.404479709105096,1.15661894528501,-1
11,43,1,-1,1.71033822509117,2.08743944190026,0.291789240570394,1
11,44,1,1,1.7944366764454,3.05075481589352,0.741220343600089,1
11,45,1,1,1.7944366764454,3.05075481589352,0.425396732037545,1
11,46,-1,1,1.62367344914388,0.404479709105096,0.709253453050496,-1
11,47,-1,-1,1.5475780235597,-0.74267396689888,1.00742266638792,-1
11,48,1,-1,1.71033822509117,2.08743944190026,0.882105051630567,1
11,49,-1,1,1.62367344914388,0.404479709105096,0.286774718486187,1
11,50,1,1,1.7944366764454,3.05075481589352,0.442215693188581,1
11,51,-1,1,1.62367344914388,0.404479709105096,0.73160462461572,-1
11,52,-1,-1,1.5475780235597,-0.74267396689888,1.13779543883129,-1
11,53,1,-1,1.71033822509117,2.08743944190026,0.721761126673427,1
11,54,1,1,1.7944366764454,3.05075481589352,0.335718806817826,1
11,55,-1,1,1.62367344914388,0.404479709105096,0.896433326689382,1
11,56,-1,1,1.62367344914388,0.404479709105096,0.224696792187395,1
11,57,-1,1,1.62367344914388,0.404479709105096,1.12183606784134,-1
11,58,1,-1,1.71033822509117,2.08743944190026,0.485128913883622,1
11,59,-1,1,1.62367344914388,0.404479709105096,0.40300941695224,1
11,60,-1,1,1.62367344914388,0.404479709105096,0.543106100555058,-1
11,61,1,-1,1.71033822509117,2.08743944190026,0.46819553104371,1
11,62,-1,1,1.62367344914388,0.404479709105096,0.36766903678803,-1
11,63,1,-1,1.71033822509117,2.08743944190026,0.510671081376849,1
11,64,-1,1,1.62367344914388,0.404479709105096,0.957827546690724,1
11,65,1,1,1.7944366764454,3.05075481589352,0.516251296276741,1
11,66,-1,1,1.62367344914388,0.404479709105096,1.23261830956712,1
11,67,1,1,1.7944366764454,3.05075481589352,0.585981007394911,1
11,68,-1,1,1.62367344914388,0.404479709105096,0.62324829831673,-1
11,69,1,-1,1.71033822509117,2.08743944190026,0.718423479856676,1
11,70,1,1,1.7944366764454,3.05075481589352,0.285819922783283,1
11,71,-1,1,1.62367344914388,0.404479709105096,1.23545976798867,-1
11,72,1,-1,1.71033822509117,2.08743944190026,0.56275453585234,1
11,73,1,1,1.7944366764454,3.05075481589352,0.3775241247754,1
11,74,1,1,1.7944366764454,3.05075481589352,0.398493730647641,1
11,75,-1,1,1.62367344914388,0.404479709105096,0.979930528772827,1
11,76,-1,1,1.62367344914388,0.404479709105096,0.685520727644385,-1
11,77,-1,-1,1.5475780235597,-0.74267396689888,0.257902359340906,-1
11,78,-1,-1,1.5475780235597,-0.74267396689888,1.24765255393604,-1
11,79,1,-1,1.71033822509117,2.08743944190026,0.580288172790011,1
11,80,1,1,1.7944366764454,3.05075481589352,0.388379347011648,1
11,81,-1,1,1.62367344914388,0.404479709105096,1.34959502558786,1
11,82,1,1,1.7944366764454,3.05075481589352,0.353881998960678,1
11,83,1,1,1.7944366764454,3.05075481589352,0.500797899215797,1
11,84,1,1,1.7944366764454,3.05075481589352,0.218985302402929,1
11,85,-1,1,1.62367344914388,0.404479709105096,0.619572198908898,-1
11,86,1,-1,1.71033822509117,2.08743944190026,0.425860326486769,1
11,87,1,1,1.7944366764454,3.05075481589352,0.840775086487519,1
11,88,1,1,1.7944366764454,3.05075481589352,0.334142659250759,1
11,89,1,1,1.7944366764454,3.05075481589352,0.736450379214369,1
11,90,1,1,1.7944366764454,3.05075481589352,0.39758160581851,1
11,91,-1,1,1.62367344914388,0.404479709105096,0.33516502430689,1
11,92,-1,1,1.62367344914388,0.404479709105096,2.22122359752192,1
11,93,-1,1,1.62367344914388,0.404479709105096,0.980545331293751,1
11,94,-1,1,1.62367344914388,0.404479709105096,1.39027358703425,1
11,95,-1,1,1.62367344914388,0.404479709105096,1.00044385655333,1
11,96,1,1,1.7944366764454,3.05075481589352,0.365947638092729,1
11,97,1,1,1.7944366764454,3.05075481589352,0.333714816770759,1
11,98,1,1,1.7944366764454,3.05075481589352,0.459440949777149,1
11,99,-1,1,1.62367344914388,0.404479709105096,0.738494684903367,1
11,100,-1,1,1.62367344914388,0.404479709105096,0.393800211923669,1
11,101,1,1,1.7944366764454,3.05075481589352,0.368748533806051,1
12,2,-1,1,1.6046945478288,1.62481548783418,1.02077351337858,1
12,3,1,1,1.77346174665494,2.88724108959196,0.325805107341651,1
12,4,1,1,1.77346174665494,2.88724108959196,0.494556340474063,1
12,5,1,1,1.77346174665494,2.88724108959196,0.418341873379562,1
12,6,-1,1,1.6046945478288,1.62481548783418,0.509449267633544,1
12,7,-1,1,1.6046945478288,1.62481548783418,0.272132657641863,1
12,8,-1,1,1.6046945478288,1.62481548783418,0.57273588917424,1
12,9,-1,1,1.6046945478288,1.62481548783418,0.289634517321147,1
12,10,-1,1,1.6046945478288,1.62481548783418,1.01567475581099,1
12,11,-1,1,1.6046945478288,1.62481548783418,0.515904612387877,1
12,12,-1,1,1.6046945478288,1.62481548783418,0.355358604844777,1
12,13,1,1,1.77346174665494,2.88724108959196,1.82079949326283,1
12,14,-1,1,1.6046945478288,1.62481548783418,0.696839480644997,1
12,15,1,1,1.77346174665494,2.88724108959196,0.553574972774526,1
12,16,1,1,1.77346174665494,2.88724108959196,0.409557399122263,1
12,17,-1,1,1.6046945478288,1.62481548783418,0.439417861087569,-1
12,18,1,-1,1.69034631082631,0.319649048198786,1.63790214085582,-1
12,19,-1,-1,1.52948859147469,-0.0317056256249223,0.915422217749023,1
12,20,1,1,1.77346174665494,2.88724108959196,0.681775785123753,1
12,21,-1,1,1.6046945478288,1.62481548783418,0.445053340363758,1
12,22,1,1,1.77346174665494,2.88724108959196,0.459180137887031,1
12,23,-1,1,1.6046945478288,1.62481548783418,0.604523153721624,1
12,24,1,1,1.77346174665494,2.88724108959196,0.418631033459509,1
12,25,-1,1,1.6046945478288,1.62481548783418,0.812354228114951,1
12,26,1,1,1.77346174665494,2.88724108959196,0.447079239368443,1
12,27,-1,1,1.6046945478288,1.62481548783418,1.15344814540835,1
12,28,-1,1,1.6046945478288,1.62481548783418,0.430827201265197,1
12,29,1,1,1.77346174665494,2.88724108959196,1.07884172733175,1
12,30,-1,1,1.6046945478288,1.62481548783418,1.27314166753184,-1
12,31,1,-1,1.69034631082631,0.319649048198786,0.467893508505812,-1
12,32,1,-1,1.69034631082631,0.319649048198786,0.425425842954426,1
12,33,-1,1,1.6046945478288,1.62481548783418,0.656017951513293,1
12,34,1,1,1.77346174665494,2.88724108959196,0.448506191916862,1
12,35,-1,1,1.6046945478288,1.62481548783418,0.846267405516632,1
12,36,1,1,1.77346174665494,2.88724108959196,0.689702966021053,1
12,37,1,1,1.77346174665494,2.88724108959196,0.439481923120663,1
12,38,1,1,1.77346174665494,2.88724108959196,0.976252724634478,1
12,39,-1,1,1.6046945478288,1.62481548783418,0.806138093129279,1
12,40,1,1,1.77346174665494,2.88724108959196,0.33284299210355,1
12,41,-1,1,1.6046945478288,1.62481548783418,0.274945551160413,1
12,42,1,1,1.77346174665494,2.88724108959196,0.403118897436903,1
12,43,1,1,1.77346174665494,2.88724108959196,0.388103449346784,1
12,44,1,1,1.77346174665494,2.88724108959196,0.517200561668737,1
12,45,-1,1,1.6046945478288,1.62481548783418,0.420693316182526,1
12,46,1,1,1.77346174665494,2.88724108959196,0.334031526322392,1
12,47,-1,1,1.6046945478288,1.62481548783418,0.386246370716081,1
12,48,-1,1,1.6046945478288,1.62481548783418,0.282147376033958,1
12,49,-1,1,1.6046945478288,1.62481548783418,0.59168275896279,1
12,50,1,1,1.77346174665494,2.88724108959196,0.518532757088914,1
12,51,-1,1,1.6046945478288,1.62481548783418,0.886187163669119,1
12,52,1,1,1.77346174665494,2.88724108959196,0.349956855271482,1
12,53,1,1,1.77346174665494,2.88724108959196,0.362541192446007,1
12,54,-1,1,1.6046945478288,1.62481548783418,0.570124404779421,1
12,55,1,1,1.77346174665494,2.88724108959196,0.291364200225871,1
12,56,-1,1,1.6046945478288,1.62481548783418,0.463308951596612,1
12,57,1,1,1.77346174665494,2.88724108959196,0.564695476413456,1
12,58,-1,1,1.6046945478288,1.62481548783418,0.724670530569493,1
12,59,-1,1,1.6046945478288,1.62481548783418,0.593280172727903,1
12,60,-1,1,1.6046945478288,1.62481548783418,1.04015637779903,1
12,61,1,1,1.77346174665494,2.88724108959196,0.61769383043176,1
12,62,1,1,1.77346174665494,2.88724108959196,0.261596445671321,1
12,63,1,1,1.77346174665494,2.88724108959196,0.269190783823256,1
12,64,-1,1,1.6046945478288,1.62481548783418,0.55790231614063,1
12,65,-1,1,1.6046945478288,1.62481548783418,0.628596570223781,1
12,66,1,1,1.77346174665494,2.88724108959196,0.365103500318484,1
12,67,-1,1,1.6046945478288,1.62481548783418,0.740036173716383,-1
12,68,1,-1,1.69034631082631,0.319649048198786,0.559313694335427,1
12,69,1,1,1.77346174665494,2.88724108959196,0.641208025692839,1
12,70,1,1,1.77346174665494,2.88724108959196,0.530363256490878,1
12,71,1,1,1.77346174665494,2.88724108959196,0.467812957818019,1
12,72,-1,1,1.6046945478288,1.62481548783418,0.579453501163043,1
12,73,1,1,1.77346174665494,2.88724108959196,0.416732569524488,1
12,74,1,1,1.77346174665494,2.88724108959196,0.427838992801224,1
12,75,-1,1,1.6046945478288,1.62481548783418,0.570859952153773,1
12,76,1,1,1.77346174665494,2.88724108959196,0.451611904754828,1
12,77,1,1,1.77346174665494,2.88724108959196,0.479185538809991,1
12,78,1,1,1.77346174665494,2.88724108959196,0.290958405285147,1
12,79,-1,1,1.6046945478288,1.62481548783418,0.367751870560927,1
12,80,-1,1,1.6046945478288,1.62481548783418,1.13456041409979,1
12,81,1,1,1.77346174665494,2.88724108959196,0.646413314941238,1
12,82,1,1,1.77346174665494,2.88724108959196,0.832758571636231,1
12,83,-1,1,1.6046945478288,1.62481548783418,1.06008937149307,1
12,84,-1,1,1.6046945478288,1.62481548783418,0.388143335266912,1
12,85,-1,1,1.6046945478288,1.62481548783418,0.90471654121363,1
12,86,1,1,1.77346174665494,2.88724108959196,0.482046387479019,1
12,87,1,1,1.77346174665494,2.88724108959196,0.591431654517778,1
12,88,-1,1,1.6046945478288,1.62481548783418,0.508917197097343,1
12,89,1,1,1.77346174665494,2.88724108959196,0.550149495406102,1
12,90,-1,1,1.6046945478288,1.62481548783418,1.65771405315581,1
12,91,1,1,1.77346174665494,2.88724108959196,0.39422439392091,1
12,92,1,1,1.77346174665494,2.88724108959196,0.42566270017705,1
12,93,-1,1,1.6046945478288,1.62481548783418,0.579916772859168,1
12,94,-1,1,1.6046945478288,1.62481548783418,1.64721254678558,1
12,95,1,1,1.77346174665494,2.88724108959196,1.15860740411504,1
12,96,-1,1,1.6046945478288,1.62481548783418,0.519743473157534,1
12,97,1,1,1.77346174665494,2.88724108959196,0.329401828422866,1
12,98,-1,1,1.6046945478288,1.62481548783418,1.33100877010693,1
12,99,-1,1,1.6046945478288,1.62481548783418,0.582287387250162,1
12,100,-1,1,1.6046945478288,1.62481548783418,0.51258827927903,1
12,101,-1,1,1.6046945478288,1.62481548783418,0.575845348343655,1
13,2,1,1,1.93294484785302,2.57410737258522,0.760636515737076,1
13,3,-1,1,1.74900082533724,0.546014783927557,0.665062920594598,1
13,4,-1,1,1.74900082533724,0.546014783927557,0.612838154267336,-1
13,5,-1,-1,1.66703178025537,-0.287013062906211,0.544626471828469,-1
13,6,1,-1,1.8423550430461,1.96689090639343,0.82705978471488,1
13,7,-1,1,1.74900082533724,0.546014783927557,0.581127583625938,1
13,8,1,1,1.93294484785302,2.57410737258522,0.707429066342141,1
13,9,1,1,1.93294484785302,2.57410737258522,0.515828886201697,1
13,10,1,1,1.93294484785302,2.57410737258522,0.937058471994254,1
13,11,-1,1,1.74900082533724,0.546014783927557,0.62796731941527,-1
13,12,-1,-1,1.66703178025537,-0.287013062906211,0.489731956507246,-1
13,13,1,-1,1.8423550430461,1.96689090639343,0.654012520750383,1
13,14,1,1,1.93294484785302,2.57410737258522,0.536265602402543,1
13,15,-1,1,1.74900082533724,0.546014783927557,1.77141026406515,1
13,16,-1,1,1.74900082533724,0.546014783927557,0.371600170557786,1
13,17,-1,1,1.74900082533724,0.546014783927557,0.656396912736071,-1
13,18,1,-1,1.8423550430461,1.96689090639343,0.335436183334849,1
13,19,1,1,1.93294484785302,2.57410737258522,0.524144043632595,1
13,20,-1,1,1.74900082533724,0.546014783927557,1.67788554176802,1
13,21,1,1,1.93294484785302,2.57410737258522,0.663854511963517,1
13,22,-1,1,1.74900082533724,0.546014783927557,0.632349164412083,1
13,23,-1,1,1.74900082533724,0.546014783927557,0.461037746900672,1
13,24,-1,1,1.74900082533724,0.546014783927557,0.554187287701225,1
13,25,-1,1,1.74900082533724,0.546014783927557,1.02333141834881,1
13,26,-1,1,1.74900082533724,0.546014783927557,0.676210988083375,1
13,27,1,1,1.93294484785302,2.57410737258522,0.492406102728301,1
13,28,1,1,1.93294484785302,2.57410737258522,0.752313286746686,1
13,29,1,1,1.93294484785302,2.57410737258522,0.446444260339864,1
13,30,1,1,1.93294484785302,2.57410737258522,0.436535019043185,1
13,31,-1,1,1.74900082533724,0.546014783927557,1.12286545354834,1
13,32,1,1,1.93294484785302,2.57410737258522,0.288642119046706,1
13,33,1,1,1.93294484785302,2.57410737258522,0.986337168035417,1
13,34,1,1,1.93294484785302,2.57410737258522,0.415302846266333,1
13,35,-1,1,1.74900082533724,0.546014783927557,1.3115832108147,1
13,36,-1,1,1.74900082533724,0.546014783927557,0.647171495068088,1
13,37,1,1,1.93294484785302,2.57410737258522,0.492080399440472,1
13,38,1,1,1.93294484785302,2.57410737258522,0.536624200010965,1
13,39,1,1,1.93294484785302,2.57410737258522,0.582637424547067,1
13,40,1,1,1.93294484785302,2.57410737258522,0.612502887772435,1
13,41,-1,1,1.74900082533724,0.546014783927557,0.484439479968592,1
13,42,1,1,1.93294484785302,2.57410737258522,1.4997867062977,1
13,43,1,1,1.93294484785302,2.57410737258522,0.256395962467932,1
13,44,1,1,1.93294484785302,2.57410737258522,0.708080374753032,1
13,45,-1,1,1.74900082533724,0.546014783927557,1.07253612544657,-1
13,46,1,-1,1.8423550430461,1.96689090639343,0.482906792115818,1
13,47,-1,1,1.74900082533724,0.546014783927557,1.0906881591865,-1
13,48,-1,-1,1.66703178025537,-0.287013062906211,0.29391677902283,-1
13,49,1,-1,1.8423550430461,1.96689090639343,1.07959288119403,1
13,50,-1,1,1.74900082533724,0.546014783927557,0.32977770039498,1
13,51,-1,1,1.74900082533724,0.546014783927557,0.44414615706569,1
13,52,-1,1,1.74900082533724,0.546014783927557,0.47360947846112,1
13,53,-1,1,1.74900082533724,0.546014783927557,2.29398449717339,-1
13,54,1,-1,1.8423550430461,1.96689090639343,1.00604108530054,1
13,55,-1,1,1.74900082533724,0.546014783927557,0.866790361448133,1
13,56,-1,1,1.74900082533724,0.546014783927557,0.737156570158641,1
13,57,1,1,1.93294484785302,2.57410737258522,0.392425011949946,1
13,58,1,1,1.93294484785302,2.57410737258522,0.349885118653966,1
13,59,1,1,1.93294484785302,2.57410737258522,0.403475487044177,1
13,60,1,1,1.93294484785302,2.57410737258522,0.626754832373244,1
13,61,-1,1,1.74900082533724,0.546014783927557,0.966878772064241,1
13,62,-1,1,1.74900082533724,0.546014783927557,1.31651682483339,1
13,63,1,1,1.93294484785302,2.57410737258522,0.52063809114928,1
13,64,1,1,1.93294484785302,2.57410737258522,0.602576165212159,1
13,65,1,1,1.93294484785302,2.57410737258522,0.418965922469488,1
13,66,1,1,1.93294484785302,2.57410737258522,0.581637494236214,1
13,67,-1,1,1.74900082533724,0.546014783927557,0.524348447690591,-1
13,68,-1,-1,1.66703178025537,-0.287013062906211,2.0472159331138,-1
13,69,-1,-1,1.66703178025537,-0.287013062906211,0.441179840318485,1
13,70,-1,1,1.74900082533724,0.546014783927557,0.612439768225047,1
13,71,1,1,1.93294484785302,2.57410737258522,0.4042887095805,1
13,72,-1,1,1.74900082533724,0.546014783927557,0.395430232869181,1
13,73,-1,1,1.74900082533724,0.546014783927557,0.808163791555864,1
13,74,1,1,1.93294484785302,2.57410737258522,1.13115577776575,1
13,75,-1,1,1.74900082533724,0.546014783927557,0.952518872563304,1
13,76,1,1,1.93294484785302,2.57410737258522,0.652996917394821,1
13,77,-1,1,1.74900082533724,0.546014783927557,0.992505095816351,1
13,78,1,1,1.93294484785302,2.57410737258522,0.468123662970304,1
13,79,-1,1,1.74900082533724,0.546014783927557,1.97036232041065,1
13,80,-1,1,1.74900082533724,0.546014783927557,1.03216163526511,-1
13,81,1,-1,1.8423550430461,1.96689090639343,0.863980222803667,1
13,82,1,1,1.93294484785302,2.57410737258522,0.313639818749774,1
13,83,-1,1,1.74900082533724,0.546014783927557,0.421826761083369,1
13,84,1,1,1.93294484785302,2.57410737258522,0.969720018905777,1
13,85,1,1,1.93294484785302,2.57410737258522,0.656250087327657,1
13,86,-1,1,1.74900082533724,0.546014783927557,1.18396448870168,1
13,87,-1,1,1.74900082533724,0.546014783927557,0.386655919702544,1
13,88,-1,1,1.74900082533724,0.546014783927557,1.35825433563253,1
13,89,-1,1,1.74900082533724,0.546014783927557,0.92860382132564,-1
13,90,-1,-1,1.66703178025537,-0.287013062906211,1.18572271560631,-1
13,91,1,-1,1.8423550430461,1.96689090639343,0.45949813116646,1
13,92,-1,1,1.74900082533724,0.546014783927557,1.03217579642005,-1
13,93,1,-1,1.8423550430461,1.96689090639343,0.760024576603832,1
13,94,1,1,1.93294484785302,2.57410737258522,0.599002354827799,1
13,95,1,1,1.93294484785302,2.57410737258522,0.636341338290856,1
13,96,-1,1,1.74900082533724,0.546014783927557,0.676805876187944,-1
13,97,-1,-1,1.66703178025537,-0.287013062906211,3.28657565272356,-1
13,98,1,-1,1.8423550430461,1.96689090639343,0.458568916726742,1
13,99,1,1,1.93294484785302,2.57410737258522,0.770844297270742,1
13,100,-1,1,1.74900082533724,0.546014783927557,2.07311000452128,-1
13,101,1,-1,1.8423550430461,1.96689090639343,0.751555818061255,1
14,2,-1,1,1.67945748424355,0.396320420265081,1.11999999768745,1
14,3,1,1,1.85608756973046,2.79280406801635,0.485206930977267,1
14,4,1,1,1.85608756973046,2.79280406801635,0.74474877615983,1
14,5,1,1,1.85608756973046,2.79280406801635,0.559515763424263,1
14,6,-1,1,1.67945748424355,0.396320420265081,2.15666882643051,1
14,7,1,1,1.85608756973046,2.79280406801635,0.426601815938972,1
14,8,1,1,1.85608756973046,2.79280406801635,0.519414120193927,1
14,9,1,1,1.85608756973046,2.79280406801635,0.476588550704656,1
14,10,-1,1,1.67945748424355,0.396320420265081,0.947579909506672,1
14,11,-1,1,1.67945748424355,0.396320420265081,1.76275886630528,-1
14,12,1,-1,1.76909977448468,0.597209694542589,0.70886208021042,1
14,13,-1,1,1.67945748424355,0.396320420265081,0.614077708118287,-1
14,14,1,-1,1.76909977448468,0.597209694542589,0.965058927972141,1
14,15,-1,1,1.67945748424355,0.396320420265081,0.383092252384858,1
14,16,1,1,1.85608756973046,2.79280406801635,0.467868131547569,1
14,17,1,1,1.85608756973046,2.79280406801635,0.468070393431325,1
14,18,1,1,1.85608756973046,2.79280406801635,0.586319311307132,1
14,19,1,1,1.85608756973046,2.79280406801635,0.612474655935765,1
14,20,1,1,1.85608756973046,2.79280406801635,0.520077410418119,-1
14,21,-1,-1,1.60074767219271,1.01366581717598,0.623751651346234,1
14,22,-1,1,1.67945748424355,0.396320420265081,0.716024641801796,-1
14,23,-1,-1,1.60074767219271,1.01366581717598,0.400477417640878,1
14,24,-1,1,1.67945748424355,0.396320420265081,0.510412105032928,-1
14,25,-1,-1,1.60074767219271,1.01366581717598,0.440051777808641,-1
14,26,-1,-1,1.60074767219271,1.01366581717598,0.974466060671331,1
14,27,1,1,1.85608756973046,2.79280406801635,0.360102840642617,1
14,28,1,1,1.85608756973046,2.79280406801635,0.592486302768595,1
14,29,1,1,1.85608756973046,2.79280406801635,0.594601130340114,1
14,30,1,1,1.85608756973046,2.79280406801635,0.705281013385977,1
14,31,-1,1,1.67945748424355,0.396320420265081,0.67013285775655,1
14,32,1,1,1.85608756973046,2.79280406801635,0.734862013213484,1
14,33,-1,1,1.67945748424355,0.396320420265081,1.51133871802085,-1
14,34,1,-1,1.76909977448468,0.597209694542589,1.00595206930806,-1
14,35,-1,-1,1.60074767219271,1.01366581717598,0.658044923792823,1
14,36,1,1,1.85608756973046,2.79280406801635,0.443617261700065,1
14,37,1,1,1.85608756973046,2.79280406801635,0.62553767227391,1
14,38,-1,1,1.67945748424355,0.396320420265081,0.62191224330032,-1
14,39,1,-1,1.76909977448468,0.597209694542589,1.36830568455691,-1
14,40,1,-1,1.76909977448468,0.597209694542589,0.442332154328477,1
14,41,1,1,1.85608756973046,2.79280406801635,0.797188818316132,1
14,42,-1,1,1.67945748424355,0.396320420265081,0.714160843958295,-1
14,43,-1,-1,1.60074767219271,1.01366581717598,0.565075292712744,1
14,44,1,1,1.85608756973046,2.79280406801635,0.521007117145341,1
14,45,1,1,1.85608756973046,2.79280406801635,0.463462683302506,1
14,46,-1,1,1.67945748424355,0.396320420265081,1.49736765754271,1
14,47,1,1,1.85608756973046,2.79280406801635,0.504852524003111,1
14,48,1,1,1.85608756973046,2.79280406801635,0.48967609186741,1
14,49,-1,1,1.67945748424355,0.396320420265081,0.464314158082338,-1
14,50,1,-1,1.76909977448468,0.597209694542589,0.388755613299746,1
14,51,-1,1,1.67945748424355,0.396320420265081,0.309361245047322,1
14,52,-1,1,1.67945748424355,0.396320420265081,0.467409600614522,1
14,53,-1,1,1.67945748424355,0.396320420265081,0.699023550532816,-1
14,54,-1,-1,1.60074767219271,1.01366581717598,1.18799251322692,-1
14,55,-1,-1,1.60074767219271,1.01366581717598,1.00552355400206,-1
14,56,1,-1,1.76909977448468,0.597209694542589,0.958811591090684,1
14,57,-1,1,1.67945748424355,0.396320420265081,0.70568277312302,1
14,58,1,1,1.85608756973046,2.79280406801635,0.908241813272303,1
14,59,1,1,1.85608756973046,2.79280406801635,0.588754138145976,1
14,60,1,1,1.85608756973046,2.79280406801635,0.347029273079212,1
14,61,-1,1,1.67945748424355,0.396320420265081,0.605926094043609,1
14,62,-1,1,1.67945748424355,0.396320420265081,0.500524086492761,-1
14,63,-1,-1,1.60074767219271,1.01366581717598,0.871518729170029,-1
14,64,1,-1,1.76909977448468,0.597209694542589,0.853096183178489,1
14,65,-1,1,1.67945748424355,0.396320420265081,0.660348312124661,1
14,66,1,1,1.85608756973046,2.79280406801635,0.530653899279975,1
14,67,1,1,1.85608756973046,2.79280406801635,1.16349538014571,1
14,68,-1,1,1.67945748424355,0.396320420265081,0.95346538958993,-1
14,69,-1,-1,1.60074767219271,1.01366581717598,0.751306629370629,-1
14,70,-1,-1,1.60074767219271,1.01366581717598,0.799395457265904,-1
14,71,1,-1,1.76909977448468,0.597209694542589,1.4563877605766,-1
14,72,1,-1,1.76909977448468,0.597209694542589,0.37122543967976,1
14,73,-1,1,1.67945748424355,0.396320420265081,0.729821518025455,1
14,74,1,1,1.85608756973046,2.79280406801635,0.487607689266161,1
14,75,-1,1,1.67945748424355,0.396320420265081,1.28643877272818,1
14,76,-1,1,1.67945748424355,0.396320420265081,1.34617602035302,1
14,77,-1,1,1.67945748424355,0.396320420265081,0.379609422195603,1
14,78,-1,1,1.67945748424355,0.396320420265081,0.376816475194101,1
14,79,1,1,1.85608756973046,2.79280406801635,0.265856902645146,1
14,80,-1,1,1.67945748424355,0.396320420265081,0.346176425845373,1
14,81,-1,1,1.67945748424355,0.396320420265081,0.395185347089961,1
14,82,1,1,1.85608756973046,2.79280406801635,0.73785891645357,1
14,83,1,1,1.85608756973046,2.79280406801635,0.647815563359358,1
14,84,1,1,1.85608756973046,2.79280406801635,0.414688848193013,1
14,85,-1,1,1.67945748424355,0.396320420265081,0.718373329332129,-1
14,86,-1,-1,1.60074767219271,1.01366581717598,0.782242656825408,-1
14,87,-1,-1,1.60074767219271,1.01366581717598,0.365249241347327,1
14,88,-1,1,1.67945748424355,0.396320420265081,0.323618690504845,-1
14,89,1,-1,1.76909977448468,0.597209694542589,1.25822799981883,-1
14,90,-1,-1,1.60074767219271,1.01366581717598,0.538867089392272,1
14,91,-1,1,1.67945748424355,0.396320420265081,1.41349667641375,1
14,92,-1,1,1.67945748424355,0.396320420265081,0.539029816710553,-1
14,93,-1,-1,1.60074767219271,1.01366581717598,0.533757008743677,1
14,94,1,1,1.85608756973046,2.79280406801635,0.297160793111252,1
14,95,1,1,1.85608756973046,2.79280406801635,0.451978604751821,1
14,96,1,1,1.85608756973046,2.79280406801635,0.352468296630925,1
14,97,-1,1,1.67945748424355,0.396320420265081,1.88273771870164,1
14,98,-1,1,1.67945748424355,0.396320420265081,0.885942320643341,1
14,99,1,1,1.85608756973046,2.79280406801635,0.836939441672758,1
14,100,1,1,1.85608756973046,2.79280406801635,0.531157498796537,1
14,101,1,1,1.85608756973046,2.79280406801635,0.532313622275135,1
15,2,-1,1,1.75127401011307,1.87582685352294,0.281945809906986,1
15,3,-1,1,1.75127401011307,1.87582685352294,0.525751781478675,1
15,4,-1,1,1.75127401011307,1.87582685352294,0.722920115465941,1
15,5,-1,1,1.75127401011307,1.87582685352294,1.21194861899184,1
15,6,-1,1,1.75127401011307,1.87582685352294,1.08415602543747,1
15,7,-1,1,1.75127401011307,1.87582685352294,0.567591765928672,1
15,8,1,1,1.93545710555868,2.19399444794491,0.440456394119723,1
15,9,1,1,1.93545710555868,2.19399444794491,0.869861369540178,1
15,10,1,1,1.93545710555868,2.19399444794491,0.385118746649334,1
15,11,1,1,1.93545710555868,2.19399444794491,0.494568096938738,1
15,12,-1,1,1.75127401011307,1.87582685352294,0.823647895173262,1
15,13,1,1,1.93545710555868,2.19399444794491,0.370199200797634,1
15,14,-1,1,1.75127401011307,1.87582685352294,0.617051322295297,1
15,15,1,1,1.93545710555868,2.19399444794491,0.535199244694594,1
15,16,1,1,1.93545710555868,2.19399444794491,0.415151524928222,1
15,17,1,1,1.93545710555868,2.19399444794491,0.674892976803382,1
15,18,1,1,1.93545710555868,2.19399444794491,0.527923139757112,1
15,19,1,1,1.93545710555868,2.19399444794491,0.435425747864755,1
15,20,1,1,1.93545710555868,2.19399444794491,0.9146971174571,1
15,21,-1,1,1.75127401011307,1.87582685352294,0.658390143731562,1
15,22,1,1,1.93545710555868,2.19399444794491,0.596261575582938,1
15,23,1,1,1.93545710555868,2.19399444794491,0.73881307045129,1
15,24,1,1,1.93545710555868,2.19399444794491,1.23652028940532,1
15,25,1,1,1.93545710555868,2.19399444794491,0.505213290946472,1
15,26,-1,1,1.75127401011307,1.87582685352294,1.65141220200571,1
15,27,1,1,1.93545710555868,2.19399444794491,0.39309571462186,1
15,28,1,1,1.93545710555868,2.19399444794491,0.588421807778613,1
15,29,-1,1,1.75127401011307,1.87582685352294,1.45920410841111,1
15,30,-1,1,1.75127401011307,1.87582685352294,0.377215827900497,1
15,31,1,1,1.93545710555868,2.19399444794491,0.532917627796402,1
15,32,-1,1,1.75127401011307,1.87582685352294,0.391648018451512,1
15,33,1,1,1.93545710555868,2.19399444794491,0.30926667795854,1
15,34,1,1,1.93545710555868,2.19399444794491,0.887423696581649,1
15,35,-1,1,1.75127401011307,1.87582685352294,0.407896796497693,1
15,36,-1,1,1.75127401011307,1.87582685352294,0.490329762173799,1
15,37,1,1,1.93545710555868,2.19399444794491,0.576454799454468,1
15,38,-1,1,1.75127401011307,1.87582685352294,1.72921180554402,1
15,39,1,1,1.93545710555868,2.19399444794491,0.352703515716623,1
15,40,-1,1,1.75127401011307,1.87582685352294,0.767974243163735,1
15,41,1,1,1.93545710555868,2.19399444794491,0.380338520016322,1
15,42,1,1,1.93545710555868,2.19399444794491,0.49063707459988,1
15,43,1,1,1.93545710555868,2.19399444794491,0.535761763824423,1
15,44,1,1,1.93545710555868,2.19399444794491,0.439190725475645,1
15,45,1,1,1.93545710555868,2.19399444794491,0.768445883713258,1
15,46,-1,1,1.75127401011307,1.87582685352294,0.593866310866675,1
15,47,1,1,1.93545710555868,2.19399444794491,0.698747663420503,1
15,48,1,1,1.93545710555868,2.19399444794491,0.445027563449277,1
15,49,-1,1,1.75127401011307,1.87582685352294,0.655119241524047,1
15,50,-1,1,1.75127401011307,1.87582685352294,0.526789096211136,1
15,51,1,1,1.93545710555868,2.19399444794491,0.791167521392176,1
15,52,1,1,1.93545710555868,2.19399444794491,0.319673730044394,1
15,53,1,1,1.93545710555868,2.19399444794491,0.516887477552443,1
15,54,-1,1,1.75127401011307,1.87582685352294,0.620292809681395,1
15,55,-1,1,1.75127401011307,1.87582685352294,0.638911563663767,1
15,56,-1,1,1.75127401011307,1.87582685352294,0.577288033138282,1
15,57,-1,1,1.75127401011307,1.87582685352294,0.334361355081514,1
15,58,-1,1,1.75127401011307,1.87582685352294,0.735737901072321,1
15,59,-1,1,1.75127401011307,1.87582685352294,0.440464765974186,1
15,60,1,1,1.93545710555868,2.19399444794491,0.484646715702309,1
15,61,-1,1,1.75127401011307,1.87582685352294,0.494089397806394,1
15,62,-1,1,1.75127401011307,1.87582685352294,1.028384881811,1
15,63,-1,1,1.75127401011307,1.87582685352294,1.15880188719767,1
15,64,-1,1,1.75127401011307,1.87582685352294,0.404769114202816,1
15,65,-1,1,1.75127401011307,1.87582685352294,0.350052968111968,1
15,66,-1,1,1.75127401011307,1.87582685352294,1.35013048708614,1
15,67,1,1,1.93545710555868,2.19399444794491,1.57767436769113,1
15,68,1,1,1.93545710555868,2.19399444794491,0.741889961417407,1
15,69,-1,1,1.75127401011307,1.87582685352294,0.522666762256356,1
15,70,1,1,1.93545710555868,2.19399444794491,0.780992079399085,1
15,71,-1,1,1.75127401011307,1.87582685352294,0.640388518178552,1
15,72,1,1,1.93545710555868,2.19399444794491,0.39583100852716,1
15,73,-1,1,1.75127401011307,1.87582685352294,0.474523684293708,1
15,74,-1,1,1.75127401011307,1.87582685352294,0.306199626745169,1
15,75,1,1,1.93545710555868,2.19399444794491,0.756001175005071,1
15,76,-1,1,1.75127401011307,1.87582685352294,0.363421264278765,1
15,77,1,1,1.93545710555868,2.19399444794491,0.499439356602408,1
15,78,-1,1,1.75127401011307,1.87582685352294,0.701141569362912,1
15,79,1,1,1.93545710555868,2.19399444794491,0.678878605449935,1
15,80,1,1,1.93545710555868,2.19399444794491,0.635965221155655,1
15,81,1,1,1.93545710555868,2.19399444794491,1.01901986803275,1
15,82,-1,1,1.75127401011307,1.87582685352294,0.582608319239912,1
15,83,1,1,1.93545710555868,2.19399444794491,0.749685960973557,1
15,84,-1,1,1.75127401011307,1.87582685352294,0.519177052973662,1
15,85,1,1,1.93545710555868,2.19399444794491,0.482614978619422,1
15,86,-1,1,1.75127401011307,1.87582685352294,0.329226928980649,1
15,87,1,1,1.93545710555868,2.19399444794491,0.447045863960933,-1
15,88,-1,-1,1.66919842946947,-0.0223951639650179,2.49622550468889,1
15,89,-1,1,1.75127401011307,1.87582685352294,0.891354118971659,1
15,90,1,1,1.93545710555868,2.19399444794491,0.856395231948806,1
15,91,-1,1,1.75127401011307,1.87582685352294,0.55265801316247,1
15,92,1,1,1.93545710555868,2.19399444794491,0.94402374734535,1
15,93,-1,1,1.75127401011307,1.87582685352294,0.758067081404834,1
15,94,1,1,1.93545710555868,2.19399444794491,0.666113614995748,1
15,95,-1,1,1.75127401011307,1.87582685352294,0.373436952477223,1
15,96,-1,1,1.75127401011307,1.87582685352294,0.505004392109889,1
15,97,1,1,1.93545710555868,2.19399444794491,0.657527407686896,1
15,98,-1,1,1.75127401011307,1.87582685352294,0.374631297374196,1
15,99,1,1,1.93545710555868,2.19399444794491,1.46045761265352,1
15,100,-1,1,1.75127401011307,1.87582685352294,0.466682626100014,1
15,101,-1,1,1.75127401011307,1.87582685352294,0.604595576408165,1
16,2,1,1,1.7182305366756,2.49477583353511,0.307227535485017,1
16,3,1,1,1.7182305366756,2.49477583353511,0.887882961723585,1
16,4,-1,1,1.55471928239609,0.468519991282647,1.54733553738126,1
16,5,1,1,1.7182305366756,2.49477583353511,0.367154586292771,1
16,6,1,1,1.7182305366756,2.49477583353511,0.788835002260672,1
16,7,-1,1,1.55471928239609,0.468519991282647,0.585222574431419,1
16,8,-1,1,1.55471928239609,0.468519991282647,0.875331305574254,-1
16,9,1,-1,1.63770357849383,1.64761055756729,0.39978053819203,1
16,10,1,1,1.7182305366756,2.49477583353511,0.561222950972076,1
16,11,-1,1,1.55471928239609,0.468519991282647,0.908266394313158,-1
16,12,1,-1,1.63770357849383,1.64761055756729,0.524702645076202,1
16,13,1,1,1.7182305366756,2.49477583353511,0.399957372998316,1
16,14,-1,1,1.55471928239609,0.468519991282647,1.31227446796574,1
16,15,1,1,1.7182305366756,2.49477583353511,0.678038829616419,1
16,16,1,1,1.7182305366756,2.49477583353511,0.475571884552375,1
16,17,-1,1,1.55471928239609,0.468519991282647,0.707880924773456,1
16,18,-1,1,1.55471928239609,0.468519991282647,0.508438214279322,1
16,19,1,1,1.7182305366756,2.49477583353511,0.336035721811182,1
16,20,-1,1,1.55471928239609,0.468519991282647,0.372974868884534,-1
16,21,1,-1,1.63770357849383,1.64761055756729,0.276608641285622,1
16,22,-1,1,1.55471928239609,0.468519991282647,0.495009244485768,1
16,23,-1,1,1.55471928239609,0.468519991282647,1.81770370899965,1
16,24,1,1,1.7182305366756,2.49477583353511,0.393315271909746,1
16,25,1,1,1.7182305366756,2.49477583353511,0.4897480676177,1
16,26,-1,1,1.55471928239609,0.468519991282647,0.539001619489771,1
16,27,1,1,1.7182305366756,2.49477583353511,1.19633535506969,1
16,28,-1,1,1.55471928239609,0.468519991282647,0.528398900729493,1
16,29,-1,1,1.55471928239609,0.468519991282647,0.327121296269588,1
16,30,1,1,1.7182305366756,2.49477583353511,0.751866121881668,1
16,31,-1,1,1.55471928239609,0.468519991282647,0.775712250862457,-1
16,32,-1,-1,1.48185547747261,0.189093617614958,0.981505064538981,1
16,33,-1,1,1.55471928239609,0.468519991282647,0.735012512100908,1
16,34,1,1,1.7182305366756,2.49477583353511,0.717669283391064,1
16,35,1,1,1.7182305366756,2.49477583353511,0.401454131274598,1
16,36,1,1,1.7182305366756,2.49477583353511,1.549277616577,1
16,37,-1,1,1.55471928239609,0.468519991282647,0.452318221578866,1
16,38,-1,1,1.55471928239609,0.468519991282647,0.389085768742693,1
16,39,-1,1,1.55471928239609,0.468519991282647,0.542692076960188,1
16,40,-1,1,1.55471928239609,0.468519991282647,0.367075921947656,1
16,41,1,1,1.7182305366756,2.49477583353511,0.428624612438764,1
16,42,-1,1,1.55471928239609,0.468519991282647,0.622953213026758,1
16,43,1,1,1.7182305366756,2.49477583353511,0.420689763442964,1
16,44,-1,1,1.55471928239609,0.468519991282647,0.821953645293028,-1
16,45,1,-1,1.63770357849383,1.64761055756729,0.291107733000557,1
16,46,1,1,1.7182305366756,2.49477583353511,0.401638314298648,1
16,47,1,1,1.7182305366756,2.49477583353511,0.368708198704784,1
16,48,-1,1,1.55471928239609,0.468519991282647,2.82799797994213,-1
16,49,1,-1,1.63770357849383,1.64761055756729,0.756715993451798,-1
16,50,1,-1,1.63770357849383,1.64761055756729,0.515344809907069,1
16,51,-1,1,1.55471928239609,0.468519991282647,1.42366268475144,1
16,52,1,1,1.7182305366756,2.49477583353511,0.458967391007379,1
16,53,-1,1,1.55471928239609,0.468519991282647,0.645147616490279,1
16,54,-1,1,1.55471928239609,0.468519991282647,0.587972655214931,1
16,55,-1,1,1.55471928239609,0.468519991282647,0.380970606910102,1
16,56,-1,1,1.55471928239609,0.468519991282647,0.709803399075352,1
16,57,-1,1,1.55471928239609,0.468519991282647,0.98707829812804,1
16,58,-1,1,1.55471928239609,0.468519991282647,0.914987836343209,1
16,59,1,1,1.7182305366756,2.49477583353511,0.518810125388708,1
16,60,1,1,1.7182305366756,2.49477583353511,0.549329867493895,1
16,61,1,1,1.7182305366756,2.49477583353511,0.733788408778457,1
16,62,-1,1,1.55471928239609,0.468519991282647,0.307559775187716,1
16,63,-1,1,1.55471928239609,0.468519991282647,0.699587816677605,1
16,64,-1,1,1.55471928239609,0.468519991282647,1.82780131217125,1
16,65,1,1,1.7182305366756,2.49477583353511,0.382748066978272,1
16,66,1,1,1.7182305366756,2.49477583353511,0.309591844499223,1
16,67,1,1,1.7182305366756,2.49477583353511,0.823022636207363,1
16,68,-1,1,1.55471928239609,0.468519991282647,0.737990203853634,1
16,69,1,1,1.7182305366756,2.49477583353511,0.384892587765527,1
16,70,-1,1,1.55471928239609,0.468519991282647,0.750555489094981,-1
16,71,1,-1,1.63770357849383,1.64761055756729,0.383455097960008,1
16,72,1,1,1.7182305366756,2.49477583353511,0.388154200258131,1
16,73,1,1,1.7182305366756,2.49477583353511,0.388855539498382,1
16,74,-1,1,1.55471928239609,0.468519991282647,1.18674710046924,-1
16,75,-1,-1,1.48185547747261,0.189093617614958,0.483741384456973,-1
16,76,1,-1,1.63770357849383,1.64761055756729,0.783415358816649,1
16,77,1,1,1.7182305366756,2.49477583353511,0.456560165462214,1
16,78,-1,1,1.55471928239609,0.468519991282647,0.370258962626184,-1
16,79,-1,-1,1.48185547747261,0.189093617614958,0.72338474059994,1
16,80,1,1,1.7182305366756,2.49477583353511,0.375708667755417,1
16,81,-1,1,1.55471928239609,0.468519991282647,1.1405305977425,1
16,82,-1,1,1.55471928239609,0.468519991282647,0.466270186527452,1
16,83,-1,1,1.55471928239609,0.468519991282647,0.43066926773266,1
16,84,1,1,1.7182305366756,2.49477583353511,0.673770860682002,1
16,85,-1,1,1.55471928239609,0.468519991282647,0.922753470239924,1
16,86,-1,1,1.55471928239609,0.468519991282647,1.90145033477247,-1
16,87,-1,-1,1.48185547747261,0.189093617614958,0.447812278094556,1
16,88,1,1,1.7182305366756,2.49477583353511,0.287625371697883,1
16,89,-1,1,1.55471928239609,0.468519991282647,1.17022356396443,-1
16,90,-1,-1,1.48185547747261,0.189093617614958,0.633523582782733,1
16,91,1,1,1.7182305366756,2.49477583353511,0.81018424946396,1
16,92,-1,1,1.55471928239609,0.468519991282647,0.325846690751253,-1
16,93,-1,-1,1.48185547747261,0.189093617614958,0.54997077681324,1
16,94,-1,1,1.55471928239609,0.468519991282647,0.75777864587207,1
16,95,1,1,1.7182305366756,2.49477583353511,0.386571949937375,1
16,96,1,1,1.7182305366756,2.49477583353511,0.777051170599094,1
16,97,1,1,1.7182305366756,2.49477583353511,0.469590780520142,1
16,98,1,1,1.7182305366756,2.49477583353511,0.599739827866154,1
16,99,1,1,1.7182305366756,2.49477583353511,0.310071041456301,1
16,100,1,1,1.7182305366756,2.49477583353511,0.786313038103813,1
16,101,1,1,1.7182305366756,2.49477583353511,0.386746879923128,1
17,2,-1,1,1.76525697768846,0.502396388776189,0.66524056427688,-1
17,3,1,-1,1.85947887959948,1.68116722247666,0.293948336528814,1
17,4,1,1,1.9509106746714,2.34601447943231,0.391066108520783,1
17,5,-1,1,1.76525697768846,0.502396388776189,0.308980808181665,1
17,6,-1,1,1.76525697768846,0.502396388776189,1.19476173732753,1
17,7,-1,1,1.76525697768846,0.502396388776189,1.34067078260286,-1
17,8,1,-1,1.85947887959948,1.68116722247666,0.533861261430043,1
17,9,1,1,1.9509106746714,2.34601447943231,0.400869156675861,1
17,10,1,1,1.9509106746714,2.34601447943231,0.683476488696416,1
17,11,-1,1,1.76525697768846,0.502396388776189,1.89365357945524,1
17,12,-1,1,1.76525697768846,0.502396388776189,1.04295517943368,1
17,13,-1,1,1.76525697768846,0.502396388776189,1.14850415963318,1
17,14,-1,1,1.76525697768846,0.502396388776189,0.660888617002929,1
17,15,1,1,1.9509106746714,2.34601447943231,0.665149623268078,1
17,16,1,1,1.9509106746714,2.34601447943231,0.82638855114328,1
17,17,-1,1,1.76525697768846,0.502396388776189,1.91976249490277,1
17,18,1,1,1.9509106746714,2.34601447943231,0.771582101506614,1
17,19,1,1,1.9509106746714,2.34601447943231,0.648245238908995,1
17,20,-1,1,1.76525697768846,0.502396388776189,0.478077028880986,1
17,21,1,1,1.9509106746714,2.34601447943231,0.380567756549536,1
17,22,1,1,1.9509106746714,2.34601447943231,0.55048476998327,1
17,23,1,1,1.9509106746714,2.34601447943231,0.551919873061811,1
17,24,1,1,1.9509106746714,2.34601447943231,0.463750008663602,1
17,25,1,1,1.9509106746714,2.34601447943231,0.388045906397204,1
17,26,-1,1,1.76525697768846,0.502396388776189,1.38751212259501,1
17,27,1,1,1.9509106746714,2.34601447943231,0.497434900851797,1
17,28,-1,1,1.76525697768846,0.502396388776189,0.482113577249358,1
17,29,1,1,1.9509106746714,2.34601447943231,0.545080589348615,1
17,30,-1,1,1.76525697768846,0.502396388776189,0.490178402608309,1
17,31,1,1,1.9509106746714,2.34601447943231,0.475659538648635,1
17,32,1,1,1.9509106746714,2.34601447943231,0.982071756556536,1
17,33,-1,1,1.76525697768846,0.502396388776189,0.816246111000026,1
17,34,1,1,1.9509106746714,2.34601447943231,0.472336863538934,1
17,35,-1,1,1.76525697768846,0.502396388776189,1.0473833157523,1
17,36,1,1,1.9509106746714,2.34601447943231,1.12360606021473,1
17,37,-1,1,1.76525697768846,0.502396388776189,0.683076993643489,1
17,38,1,1,1.9509106746714,2.34601447943231,0.615198707958216,1
17,39,-1,1,1.76525697768846,0.502396388776189,1.52802225546688,1
17,40,-1,1,1.76525697768846,0.502396388776189,0.603019925189534,-1
17,41,1,-1,1.85947887959948,1.68116722247666,0.556884532112754,1
17,42,-1,1,1.76525697768846,0.502396388776189,1.58771003534038,-1
17,43,1,-1,1.85947887959948,1.68116722247666,0.574133585441745,1
17,44,-1,1,1.76525697768846,0.502396388776189,0.813723369479115,-1
17,45,1,-1,1.85947887959948,1.68116722247666,1.00066279876471,1
17,46,1,1,1.9509106746714,2.34601447943231,0.453790481026696,-1
17,47,1,-1,1.85947887959948,1.68116722247666,0.744154979856134,1
17,48,1,1,1.9509106746714,2.34601447943231,1.00412001945212,1
17,49,-1,1,1.76525697768846,0.502396388776189,0.550449164015516,-1
17,50,-1,-1,1.6825260683092,0.270421909314846,1.3425860097971,-1
17,51,-1,-1,1.6825260683092,0.270421909314846,0.530434583158698,1
17,52,1,1,1.9509106746714,2.34601447943231,0.377430171601928,1
17,53,-1,1,1.76525697768846,0.502396388776189,0.738014378693223,-1
17,54,1,-1,1.85947887959948,1.68116722247666,0.431481293454084,1
17,55,-1,1,1.76525697768846,0.502396388776189,2.04349906995178,-1
17,56,1,-1,1.85947887959948,1.68116722247666,0.70086079029131,1
17,57,-1,1,1.76525697768846,0.502396388776189,0.652255071191881,1
17,58,1,1,1.9509106746714,2.34601447943231,0.568850295437165,1
17,59,-1,1,1.76525697768846,0.502396388776189,1.69071759570768,-1
17,60,-1,-1,1.6825260683092,0.270421909314846,1.9420512629561,-1
17,61,-1,-1,1.6825260683092,0.270421909314846,0.707565829553663,1
17,62,1,1,1.9509106746714,2.34601447943231,0.84637051212688,1
17,63,-1,1,1.76525697768846,0.502396388776189,1.14211050070014,1
17,64,-1,1,1.76525697768846,0.502396388776189,0.578477484656683,1
17,65,-1,1,1.76525697768846,0.502396388776189,2.46721843948071,1
17,66,-1,1,1.76525697768846,0.502396388776189,0.606726000409152,1
17,67,1,1,1.9509106746714,2.34601447943231,0.902299886427442,1
17,68,1,1,1.9509106746714,2.34601447943231,0.509510601454834,1
17,69,1,1,1.9509106746714,2.34601447943231,0.850120797905452,1
17,70,1,1,1.9509106746714,2.34601447943231,1.02662022619429,1
17,71,-1,1,1.76525697768846,0.502396388776189,1.14545493934698,1
17,72,-1,1,1.76525697768846,0.502396388776189,1.23259396047696,-1
17,73,-1,-1,1.6825260683092,0.270421909314846,1.52008337986311,1
17,74,1,1,1.9509106746714,2.34601447943231,2.05139099608711,1
17,75,-1,1,1.76525697768846,0.502396388776189,0.533372476762151,-1
17,76,1,-1,1.85947887959948,1.68116722247666,0.647166606358449,1
17,77,1,1,1.9509106746714,2.34601447943231,0.670175376693353,-1
17,78,1,-1,1.85947887959948,1.68116722247666,0.528344735000295,1
17,79,-1,1,1.76525697768846,0.502396388776189,0.511932408076167,-1
17,80,-1,-1,1.6825260683092,0.270421909314846,0.431968895996028,-1
17,81,-1,-1,1.6825260683092,0.270421909314846,0.621956724364282,-1
17,82,-1,-1,1.6825260683092,0.270421909314846,1.1779729817609,-1
17,83,1,-1,1.85947887959948,1.68116722247666,1.05288388408625,1
17,84,1,1,1.9509106746714,2.34601447943231,1.08346682318464,1
17,85,1,1,1.9509106746714,2.34601447943231,0.78344213286987,1
17,86,1,1,1.9509106746714,2.34601447943231,0.348040766478465,1
17,87,1,1,1.9509106746714,2.34601447943231,0.721564509676313,1
17,88,1,1,1.9509106746714,2.34601447943231,0.859115444203221,1
17,89,-1,1,1.76525697768846,0.502396388776189,1.28560913235011,1
17,90,-1,1,1.76525697768846,0.502396388776189,0.420079870123105,1
17,91,-1,1,1.76525697768846,0.502396388776189,0.632878369652306,1
17,92,-1,1,1.76525697768846,0.502396388776189,0.631446071462545,1
17,93,1,1,1.9509106746714,2.34601447943231,0.40743229961645,1
17,94,-1,1,1.76525697768846,0.502396388776189,0.577630593098312,1
17,95,-1,1,1.76525697768846,0.502396388776189,0.944169195220842,1
17,96,1,1,1.9509106746714,2.34601447943231,0.450718902103276,1
17,97,1,1,1.9509106746714,2.34601447943231,0.880717841875418,1
17,98,-1,1,1.76525697768846,0.502396388776189,1.19170609848705,1
17,99,-1,1,1.76525697768846,0.502396388776189,0.97692723806179,1
17,100,1,1,1.9509106746714,2.34601447943231,1.13102314608856,1
17,101,-1,1,1.76525697768846,0.502396388776189,0.508521119022937,1
18,2,1,1,2.00823140548994,3.4050786309524,0.60128710645872,1
18,3,1,1,2.00823140548994,3.4050786309524,0.46346463100187,1
18,4,1,1,2.00823140548994,3.4050786309524,0.558908582562512,1
18,5,1,1,2.00823140548994,3.4050786309524,0.527801140681471,1
18,6,-1,1,1.81712291976225,-0.284892873032823,1.10701557208937,1
18,7,1,1,2.00823140548994,3.4050786309524,0.454809590300059,1
18,8,-1,1,1.81712291976225,-0.284892873032823,0.612540113772584,-1
18,9,-1,-1,1.73196125009832,0.276862842271776,1.18318936977992,-1
18,10,-1,-1,1.73196125009832,0.276862842271776,0.346226199156228,1
18,11,1,1,2.00823140548994,3.4050786309524,0.568665068535302,1
18,12,1,1,2.00823140548994,3.4050786309524,0.41671754896424,1
18,13,1,1,2.00823140548994,3.4050786309524,0.594847571803865,1
18,14,-1,1,1.81712291976225,-0.284892873032823,0.941344236640743,-1
18,15,1,-1,1.91411320484261,1.40295139980864,0.925735058071277,1
18,16,1,1,2.00823140548994,3.4050786309524,0.349665005570839,1
18,17,-1,1,1.81712291976225,-0.284892873032823,0.941060673879013,1
18,18,1,1,2.00823140548994,3.4050786309524,0.311153067323344,1
18,19,-1,1,1.81712291976225,-0.284892873032823,0.951293831620682,-1
18,20,-1,-1,1.73196125009832,0.276862842271776,0.562660312414337,-1
18,21,1,-1,1.91411320484261,1.40295139980864,0.643281793054662,1
18,22,-1,1,1.81712291976225,-0.284892873032823,0.91577276339125,-1
18,23,1,-1,1.91411320484261,1.40295139980864,0.635121848649787,1
18,24,-1,1,1.81712291976225,-0.284892873032823,1.36316386220212,1
18,25,-1,1,1.81712291976225,-0.284892873032823,0.387739694399529,1
18,26,1,1,2.00823140548994,3.4050786309524,0.470942458848688,1
18,27,-1,1,1.81712291976225,-0.284892873032823,0.793633404356852,-1
18,28,-1,-1,1.73196125009832,0.276862842271776,0.395828909516219,-1
18,29,-1,-1,1.73196125009832,0.276862842271776,1.18259304263099,1
18,30,-1,1,1.81712291976225,-0.284892873032823,0.330648351416385,-1
18,31,-1,-1,1.73196125009832,0.276862842271776,0.693390281971838,1
18,32,1,1,2.00823140548994,3.4050786309524,0.399475542816912,1
18,33,1,1,2.00823140548994,3.4050786309524,0.302953395664277,1
18,34,-1,1,1.81712291976225,-0.284892873032823,1.06215661403159,1
18,35,1,1,2.00823140548994,3.4050786309524,0.4262412118796,1
18,36,1,1,2.00823140548994,3.4050786309524,0.45939826763652,1
18,37,-1,1,1.81712291976225,-0.284892873032823,2.6637849730532,1
18,38,-1,1,1.81712291976225,-0.284892873032823,2.53579011404428,-1
18,39,1,-1,1.91411320484261,1.40295139980864,0.769016166766955,1
18,40,1,1,2.00823140548994,3.4050786309524,0.353890879684273,1
18,41,-1,1,1.81712291976225,-0.284892873032823,0.402467046030553,1
18,42,-1,1,1.81712291976225,-0.284892873032823,1.60676962741402,-1
18,43,1,-1,1.91411320484261,1.40295139980864,0.484397560936117,1
18,44,1,1,2.00823140548994,3.4050786309524,0.687186197579976,1
18,45,-1,1,1.81712291976225,-0.284892873032823,1.6954984909437,1
18,46,-1,1,1.81712291976225,-0.284892873032823,1.92270626159554,-1
18,47,-1,-1,1.73196125009832,0.276862842271776,0.819841951676786,1
18,48,-1,1,1.81712291976225,-0.284892873032823,0.876808060379716,-1
18,49,1,-1,1.91411320484261,1.40295139980864,0.374956439025064,1
18,50,-1,1,1.81712291976225,-0.284892873032823,0.455049601928408,1
18,51,-1,1,1.81712291976225,-0.284892873032823,0.597505815494433,-1
18,52,1,-1,1.91411320484261,1.40295139980864,0.374237863063922,1
18,53,-1,1,1.81712291976225,-0.284892873032823,3.30362010450591,-1
18,54,1,-1,1.91411320484261,1.40295139980864,0.894361287873933,1
18,55,1,1,2.00823140548994,3.4050786309524,0.415957992795804,1
18,56,1,1,2.00823140548994,3.4050786309524,0.699326087015542,1
18,57,-1,1,1.81712291976225,-0.284892873032823,4.20429193301812,1
18,58,-1,1,1.81712291976225,-0.284892873032823,1.40141471325198,-1
18,59,-1,-1,1.73196125009832,0.276862842271776,1.29662238112059,1
18,60,-1,1,1.81712291976225,-0.284892873032823,0.391725212031168,1
18,61,-1,1,1.81712291976225,-0.284892873032823,1.17077030945994,-1
18,62,1,-1,1.91411320484261,1.40295139980864,0.350703276312174,1
18,63,-1,1,1.81712291976225,-0.284892873032823,0.731597542674854,-1
18,64,1,-1,1.91411320484261,1.40295139980864,0.951844402780492,1
18,65,-1,1,1.81712291976225,-0.284892873032823,1.18949320001092,1
18,66,1,1,2.00823140548994,3.4050786309524,0.455881919004968,1
18,67,1,1,2.00823140548994,3.4050786309524,0.521338187502656,1
18,68,-1,1,1.81712291976225,-0.284892873032823,0.409969754720106,1
18,69,1,1,2.00823140548994,3.4050786309524,0.376085030862667,1
18,70,-1,1,1.81712291976225,-0.284892873032823,0.644875580045379,-1
18,71,1,-1,1.91411320484261,1.40295139980864,1.41192010019695,1
18,72,1,1,2.00823140548994,3.4050786309524,0.598268932305165,1
18,73,1,1,2.00823140548994,3.4050786309524,0.259687123197759,1
18,74,-1,1,1.81712291976225,-0.284892873032823,1.66475791755475,-1
18,75,1,-1,1.91411320484261,1.40295139980864,1.20737397487446,1
18,76,-1,1,1.81712291976225,-0.284892873032823,1.3593163504233,1
18,77,1,1,2.00823140548994,3.4050786309524,0.958033612985993,1
18,78,-1,1,1.81712291976225,-0.284892873032823,0.94592374261753,-1
18,79,-1,-1,1.73196125009832,0.276862842271776,0.971768255074277,-1
18,80,1,-1,1.91411320484261,1.40295139980864,0.696006953131408,1
18,81,1,1,2.00823140548994,3.4050786309524,0.677240280815108,1
18,82,1,1,2.00823140548994,3.4050786309524,0.77834656687118,1
18,83,-1,1,1.81712291976225,-0.284892873032823,0.511282869832642,-1
18,84,-1,-1,1.73196125009832,0.276862842271776,0.567169901915392,-1
18,85,-1,-1,1.73196125009832,0.276862842271776,1.78849798088659,1
18,86,1,1,2.00823140548994,3.4050786309524,0.408438700312521,1
18,87,1,1,2.00823140548994,3.4050786309524,0.89681267695195,1
18,88,-1,1,1.81712291976225,-0.284892873032823,2.70350749446604,-1
18,89,1,-1,1.91411320484261,1.40295139980864,0.375869896365162,-1
18,90,1,-1,1.91411320484261,1.40295139980864,1.03327350261977,1
18,91,1,1,2.00823140548994,3.4050786309524,0.687834927563257,1
18,92,-1,1,1.81712291976225,-0.284892873032823,0.901674533588883,-1
18,93,1,-1,1.91411320484261,1.40295139980864,0.677132006478974,1
18,94,-1,1,1.81712291976225,-0.284892873032823,1.83160942645284,-1
18,95,1,-1,1.91411320484261,1.40295139980864,0.347425389542871,-1
18,96,-1,-1,1.73196125009832,0.276862842271776,2.31148641175974,1
18,97,1,1,2.00823140548994,3.4050786309524,0.420463430520508,1
18,98,1,1,2.00823140548994,3.4050786309524,0.413401182986468,1
18,99,-1,1,1.81712291976225,-0.284892873032823,0.728411700323603,-1
18,100,1,-1,1.91411320484261,1.40295139980864,0.720928276639228,1
18,101,-1,1,1.81712291976225,-0.284892873032823,2.95846870679933,1
19,2,-1,1,1.92046807707959,-0.0820390163208113,0.713707308396577,1
19,3,-1,1,1.92046807707959,-0.0820390163208113,1.3841670326179,1
19,4,1,1,2.12244546788102,3.03580870117096,0.335493812233439,1
19,5,1,1,2.12244546788102,3.03580870117096,0.431110397447145,1
19,6,-1,1,1.92046807707959,-0.0820390163208113,0.641901447072153,-1
19,7,1,-1,2.02297448666692,1.10366366279313,0.386821661756153,1
19,8,1,1,2.12244546788102,3.03580870117096,0.736429621361543,1
19,9,-1,1,1.92046807707959,-0.0820390163208113,1.38291661737884,-1
19,10,1,-1,2.02297448666692,1.10366366279313,0.705140424391159,1
19,11,1,1,2.12244546788102,3.03580870117096,0.616792534583413,1
19,12,-1,1,1.92046807707959,-0.0820390163208113,0.40133278760089,-1
19,13,1,-1,2.02297448666692,1.10366366279313,0.43146562090882,1
19,14,1,1,2.12244546788102,3.03580870117096,0.320717305221463,1
19,15,-1,1,1.92046807707959,-0.0820390163208113,1.50523411905196,-1
19,16,1,-1,2.02297448666692,1.10366366279313,1.67656121428842,1
19,17,-1,1,1.92046807707959,-0.0820390163208113,0.449378405103862,1
19,18,-1,1,1.92046807707959,-0.0820390163208113,0.351933167655541,1
19,19,1,1,2.12244546788102,3.03580870117096,0.883725339825512,1
19,20,1,1,2.12244546788102,3.03580870117096,0.95889087610893,1
19,21,1,1,2.12244546788102,3.03580870117096,0.334465134889942,1
19,22,-1,1,1.92046807707959,-0.0820390163208113,1.20225474956333,1
19,23,-1,1,1.92046807707959,-0.0820390163208113,1.55674629446488,1
19,24,-1,1,1.92046807707959,-0.0820390163208113,0.958175577218788,-1
19,25,1,-1,2.02297448666692,1.10366366279313,2.85171755015082,1
19,26,-1,1,1.92046807707959,-0.0820390163208113,0.612877282706034,-1
19,27,1,-1,2.02297448666692,1.10366366279313,1.21305671584069,1
19,28,1,1,2.12244546788102,3.03580870117096,0.890242153648078,1
19,29,-1,1,1.92046807707959,-0.0820390163208113,0.447876177377976,1
19,30,-1,1,1.92046807707959,-0.0820390163208113,1.77678229217402,-1
19,31,-1,-1,1.83046301126832,0.74256665235672,0.714550002985686,1
19,32,-1,1,1.92046807707959,-0.0820390163208113,0.546321096569948,-1
19,33,-1,-1,1.83046301126832,0.74256665235672,0.687261564535253,-1
19,34,1,-1,2.02297448666692,1.10366366279313,0.960187282539188,1
19,35,1,1,2.12244546788102,3.03580870117096,0.680209750521953,1
19,36,-1,1,1.92046807707959,-0.0820390163208113,0.777518707949267,-1
19,37,1,-1,2.02297448666692,1.10366366279313,1.43335390342732,-1
19,38,-1,-1,1.83046301126832,0.74256665235672,0.539105067249559,1
19,39,-1,1,1.92046807707959,-0.0820390163208113,1.49150417295407,-1
19,40,1,-1,2.02297448666692,1.10366366279313,3.19906608251461,1
19,41,1,1,2.12244546788102,3.03580870117096,0.501600980454164,1
19,42,-1,1,1.92046807707959,-0.0820390163208113,0.53140025601908,-1
19,43,1,-1,2.02297448666692,1.10366366279313,0.645950594053355,1
19,44,-1,1,1.92046807707959,-0.0820390163208113,1.19008073611412,1
19,45,-1,1,1.92046807707959,-0.0820390163208113,0.807518890082444,1
19,46,1,1,2.12244546788102,3.03580870117096,0.542897989751263,1
19,47,-1,1,1.92046807707959,-0.0820390163208113,1.02466287313697,1
19,48,-1,1,1.92046807707959,-0.0820390163208113,1.18496187745759,-1
19,49,-1,-1,1.83046301126832,0.74256665235672,0.519238268841191,-1
19,50,1,-1,2.02297448666692,1.10366366279313,0.406333571017321,1
19,51,-1,1,1.92046807707959,-0.0820390163208113,0.821547864616033,1
19,52,1,1,2.12244546788102,3.03580870117096,0.511124377255324,1
19,53,1,1,2.12244546788102,3.03580870117096,0.36167268019068,1
19,54,-1,1,1.92046807707959,-0.0820390163208113,0.627617957883486,-1
19,55,1,-1,2.02297448666692,1.10366366279313,0.874681034993693,1
19,56,1,1,2.12244546788102,3.03580870117096,0.262621776415785,1
19,57,-1,1,1.92046807707959,-0.0820390163208113,2.30439101045193,-1
19,58,1,-1,2.02297448666692,1.10366366279313,2.83105668141111,1
19,59,1,1,2.12244546788102,3.03580870117096,0.389463629157983,1
19,60,-1,1,1.92046807707959,-0.0820390163208113,1.04489404426602,1
19,61,1,1,2.12244546788102,3.03580870117096,0.288515732228851,1
19,62,-1,1,1.92046807707959,-0.0820390163208113,1.95931866645373,1
19,63,1,1,2.12244546788102,3.03580870117096,0.712960878293048,1
19,64,1,1,2.12244546788102,3.03580870117096,0.524150762175537,1
19,65,1,1,2.12244546788102,3.03580870117096,0.601023015734015,1
19,66,-1,1,1.92046807707959,-0.0820390163208113,0.947220671970018,1
19,67,1,1,2.12244546788102,3.03580870117096,0.493811868241478,1
19,68,1,1,2.12244546788102,3.03580870117096,0.368671201583011,1
19,69,1,1,2.12244546788102,3.03580870117096,0.423649920126891,1
19,70,-1,1,1.92046807707959,-0.0820390163208113,1.74606576409751,1
19,71,1,1,2.12244546788102,3.03580870117096,0.706143187515562,1
19,72,-1,1,1.92046807707959,-0.0820390163208113,0.388776440262838,1
19,73,-1,1,1.92046807707959,-0.0820390163208113,0.692954946935002,-1
19,74,-1,-1,1.83046301126832,0.74256665235672,0.823996790962978,1
19,75,1,1,2.12244546788102,3.03580870117096,0.525359066270822,1
19,76,-1,1,1.92046807707959,-0.0820390163208113,0.669342646825999,-1
19,77,-1,-1,1.83046301126832,0.74256665235672,1.38459067983226,1
19,78,-1,1,1.92046807707959,-0.0820390163208113,1.28432279348115,1
19,79,1,1,2.12244546788102,3.03580870117096,1.0364024992446,1
19,80,-1,1,1.92046807707959,-0.0820390163208113,1.0255645777215,-1
19,81,1,-1,2.02297448666692,1.10366366279313,0.394945361249607,1
19,82,1,1,2.12244546788102,3.03580870117096,1.56185138787281,1
19,83,1,1,2.12244546788102,3.03580870117096,0.315908782971392,1
19,84,1,1,2.12244546788102,3.03580870117096,0.505887055430971,1
19,85,-1,1,1.92046807707959,-0.0820390163208113,1.47176407632671,1
19,86,-1,1,1.92046807707959,-0.0820390163208113,1.21060781412535,1
19,87,-1,1,1.92046807707959,-0.0820390163208113,1.235699998155,-1
19,88,1,-1,2.02297448666692,1.10366366279313,0.479833660650487,1
19,89,1,1,2.12244546788102,3.03580870117096,0.303905512717371,1
19,90,-1,1,1.92046807707959,-0.0820390163208113,0.577022506847902,-1
19,91,1,-1,2.02297448666692,1.10366366279313,0.394877307822438,1
19,92,-1,1,1.92046807707959,-0.0820390163208113,1.74786396826871,1
19,93,1,1,2.12244546788102,3.03580870117096,0.753752245815408,1
19,94,-1,1,1.92046807707959,-0.0820390163208113,0.545412778690794,1
19,95,-1,1,1.92046807707959,-0.0820390163208113,0.604462131850039,1
19,96,-1,1,1.92046807707959,-0.0820390163208113,0.652711166300652,-1
19,97,1,-1,2.02297448666692,1.10366366279313,0.470499197942827,1
19,98,1,1,2.12244546788102,3.03580870117096,0.291387184630598,1
19,99,-1,1,1.92046807707959,-0.0820390163208113,1.30949179479019,1
19,100,-1,1,1.92046807707959,-0.0820390163208113,0.299018962347365,1
19,101,1,1,2.12244546788102,3.03580870117096,0.703877013446166,-1
20,2,-1,1,1.69593334436913,0.937241834931328,0.542649589992233,1
20,3,-1,1,1.69593334436913,0.937241834931328,2.50602082542924,-1
20,4,-1,-1,1.61645137114957,-0.257026438046444,1.11824014426729,-1
20,5,-1,-1,1.61645137114957,-0.257026438046444,1.93072520805832,1
20,6,1,1,1.87429621119154,2.81447632350522,0.425082894158867,1
20,7,-1,1,1.69593334436913,0.937241834931328,0.31641153635947,1
20,8,-1,1,1.69593334436913,0.937241834931328,0.866646149993049,1
20,9,1,1,1.87429621119154,2.81447632350522,0.510732440429601,1
20,10,-1,1,1.69593334436913,0.937241834931328,0.549917015507408,1
20,11,1,1,1.87429621119154,2.81447632350522,0.922520497672972,1
20,12,-1,1,1.69593334436913,0.937241834931328,1.29135365445198,1
20,13,-1,1,1.69593334436913,0.937241834931328,0.9211991321624,1
20,14,1,1,1.87429621119154,2.81447632350522,0.406650221708963,1
20,15,1,1,1.87429621119154,2.81447632350522,0.470486041130797,1
20,16,1,1,1.87429621119154,2.81447632350522,0.811638701066975,1
20,17,-1,1,1.69593334436913,0.937241834931328,0.69798394663239,-1
20,18,-1,-1,1.61645137114957,-0.257026438046444,0.820812521423873,-1
20,19,-1,-1,1.61645137114957,-0.257026438046444,0.453457075782317,1
20,20,1,1,1.87429621119154,2.81447632350522,0.478817901459717,1
20,21,1,1,1.87429621119154,2.81447632350522,0.541731271497619,1
20,22,-1,1,1.69593334436913,0.937241834931328,0.292969158411358,1
20,23,-1,1,1.69593334436913,0.937241834931328,0.721421922721225,1
20,24,-1,1,1.69593334436913,0.937241834931328,0.421747668592972,1
20,25,-1,1,1.69593334436913,0.937241834931328,0.902230862054797,1
20,26,-1,1,1.69593334436913,0.937241834931328,0.749773909464959,-1
20,27,-1,-1,1.61645137114957,-0.257026438046444,1.32942951388719,-1
20,28,1,-1,1.78645504587801,1.3053082796099,0.425367243374404,1
20,29,1,1,1.87429621119154,2.81447632350522,0.393181802158739,1
20,30,1,1,1.87429621119154,2.81447632350522,0.912702639209182,1
20,31,1,1,1.87429621119154,2.81447632350522,0.309602643221007,-1
20,32,1,-1,1.78645504587801,1.3053082796099,0.61324172459704,1
20,33,1,1,1.87429621119154,2.81447632350522,0.36775995971455,1
20,34,1,1,1.87429621119154,2.81447632350522,0.475845082798011,1
20,35,1,1,1.87429621119154,2.81447632350522,0.574530547776019,1
20,36,1,1,1.87429621119154,2.81447632350522,1.47291506240716,1
20,37,-1,1,1.69593334436913,0.937241834931328,0.61925249495092,1
20,38,1,1,1.87429621119154,2.81447632350522,1.18499659558575,1
20,39,1,1,1.87429621119154,2.81447632350522,0.797606145518133,1
20,40,1,1,1.87429621119154,2.81447632350522,0.604209864828765,1
20,41,1,1,1.87429621119154,2.81447632350522,0.605123090661116,1
20,42,-1,1,1.69593334436913,0.937241834931328,0.91195483414403,1
20,43,1,1,1.87429621119154,2.81447632350522,0.316317327040098,1
20,44,1,1,1.87429621119154,2.81447632350522,0.562503476269276,1
20,45,1,1,1.87429621119154,2.81447632350522,0.604030614768992,1
20,46,1,1,1.87429621119154,2.81447632350522,0.780031219981523,1
20,47,-1,1,1.69593334436913,0.937241834931328,0.778122952893392,1
20,48,-1,1,1.69593334436913,0.937241834931328,0.473178741994194,1
20,49,-1,1,1.69593334436913,0.937241834931328,0.875899531189062,1
20,50,-1,1,1.69593334436913,0.937241834931328,0.357274729822769,1
20,51,1,1,1.87429621119154,2.81447632350522,0.435873266650333,1
20,52,-1,1,1.69593334436913,0.937241834931328,0.763420373741089,1
20,53,1,1,1.87429621119154,2.81447632350522,0.627389740853372,1
20,54,1,1,1.87429621119154,2.81447632350522,0.469570759852966,1
20,55,1,1,1.87429621119154,2.81447632350522,0.52081327199988,1
20,56,-1,1,1.69593334436913,0.937241834931328,1.66557769159884,1
20,57,-1,1,1.69593334436913,0.937241834931328,1.71911745165794,-1
20,58,1,-1,1.78645504587801,1.3053082796099,1.11667001730268,1
20,59,-1,1,1.69593334436913,0.937241834931328,0.424382346795254,1
20,60,-1,1,1.69593334436913,0.937241834931328,0.598967123791509,1
20,61,-1,1,1.69593334436913,0.937241834931328,0.799399628482523,1
20,62,1,1,1.87429621119154,2.81447632350522,0.371396157608498,1
20,63,1,1,1.87429621119154,2.81447632350522,0.809206106472121,1
20,64,-1,1,1.69593334436913,0.937241834931328,0.402211929825595,1
20,65,1,1,1.87429621119154,2.81447632350522,0.428908621473493,1
20,66,-1,1,1.69593334436913,0.937241834931328,0.775527754205265,1
20,67,-1,1,1.69593334436913,0.937241834931328,0.690155506204862,1
20,68,-1,1,1.69593334436913,0.937241834931328,1.71913659902415,1
20,69,1,1,1.87429621119154,2.81447632350522,0.887521817999745,1
20,70,1,1,1.87429621119154,2.81447632350522,0.466761015511907,1
20,71,1,1,1.87429621119154,2.81447632350522,0.592952972232684,1
20,72,1,1,1.87429621119154,2.81447632350522,0.431181536725035,1
20,73,1,1,1.87429621119154,2.81447632350522,0.87104959168699,1
20,74,-1,1,1.69593334436913,0.937241834931328,0.368413579185623,1
20,75,-1,1,1.69593334436913,0.937241834931328,1.39245275791013,1
20,76,-1,1,1.69593334436913,0.937241834931328,0.525226804371074,1
20,77,-1,1,1.69593334436913,0.937241834931328,1.7061783400508,1
20,78,-1,1,1.69593334436913,0.937241834931328,0.675786289182011,1
20,79,-1,1,1.69593334436913,0.937241834931328,0.635857150055361,1
20,80,1,1,1.87429621119154,2.81447632350522,0.414307752551496,1
20,81,-1,1,1.69593334436913,0.937241834931328,0.850269966701055,-1
20,82,1,-1,1.78645504587801,1.3053082796099,0.589400051345801,1
20,83,1,1,1.87429621119154,2.81447632350522,0.605165134366203,1
20,84,1,1,1.87429621119154,2.81447632350522,0.72782184108937,1
20,85,-1,1,1.69593334436913,0.937241834931328,1.08253718794874,1
20,86,-1,1,1.69593334436913,0.937241834931328,0.394021536820754,1
20,87,1,1,1.87429621119154,2.81447632350522,0.663086856477044,1
20,88,1,1,1.87429621119154,2.81447632350522,0.395994014146287,1
20,89,-1,1,1.69593334436913,0.937241834931328,0.525077476639773,1
20,90,-1,1,1.69593334436913,0.937241834931328,1.35830873150018,1
20,91,1,1,1.87429621119154,2.81447632350522,0.540180410007165,1
20,92,1,1,1.87429621119154,2.81447632350522,0.368372981123902,1
20,93,1,1,1.87429621119154,2.81447632350522,0.825335965668071,1
20,94,1,1,1.87429621119154,2.81447632350522,0.5808481611191,1
20,95,-1,1,1.69593334436913,0.937241834931328,1.62242699410289,-1
20,96,1,-1,1.78645504587801,1.3053082796099,0.818042702775146,1
20,97,-1,1,1.69593334436913,0.937241834931328,1.03785498675346,1
20,98,-1,1,1.69593334436913,0.937241834931328,0.513220902545625,1
20,99,1,1,1.87429621119154,2.81447632350522,0.298022941033311,1
20,100,-1,1,1.69593334436913,0.937241834931328,0.577304370423937,-1
20,101,-1,-1,1.61645137114957,-0.257026438046444,0.703645918493988,-1
21,2,1,1,2.12905315823604,2.67180878271408,0.528553163227816,1
21,3,1,1,2.12905315823604,2.67180878271408,0.5271849111884,1
21,4,1,1,2.12905315823604,2.67180878271408,0.354840282196637,1
21,5,-1,1,1.9264469625596,0.0860242142761107,0.947870694387154,1
21,6,1,1,2.12905315823604,2.67180878271408,0.3389388151951,1
21,7,-1,1,1.9264469625596,0.0860242142761107,2.2238438069944,1
21,8,1,1,2.12905315823604,2.67180878271408,0.416861707412234,1
21,9,1,1,2.12905315823604,2.67180878271408,0.996384651148592,1
21,10,-1,1,1.9264469625596,0.0860242142761107,0.561923150698317,-1
21,11,-1,-1,1.83616168902839,0.303338265469396,1.13413741858127,-1
21,12,1,-1,2.02927249959884,1.73882873754041,0.912729641324426,1
21,13,1,1,2.12905315823604,2.67180878271408,0.407944700377454,1
21,14,1,1,2.12905315823604,2.67180878271408,0.743489250262521,1
21,15,1,1,2.12905315823604,2.67180878271408,0.375896218370926,1
21,16,-1,1,1.9264469625596,0.0860242142761107,0.402744213934985,1
21,17,-1,1,1.9264469625596,0.0860242142761107,0.440694883265262,1
21,18,-1,1,1.9264469625596,0.0860242142761107,0.601005169214483,1
21,19,1,1,2.12905315823604,2.67180878271408,0.557695503482066,1
21,20,-1,1,1.9264469625596,0.0860242142761107,0.498584623576433,-1
21,21,1,-1,2.02927249959884,1.73882873754041,0.376209493262255,1
21,22,-1,1,1.9264469625596,0.0860242142761107,0.919490830322428,-1
21,23,1,-1,2.02927249959884,1.73882873754041,0.45772812657627,1
21,24,-1,1,1.9264469625596,0.0860242142761107,2.34118907998421,1
21,25,1,1,2.12905315823604,2.67180878271408,0.410812418568416,1
21,26,1,1,2.12905315823604,2.67180878271408,0.540393613044923,1
21,27,-1,1,1.9264469625596,0.0860242142761107,0.865627523187179,-1
21,28,1,-1,2.02927249959884,1.73882873754041,1.05244455157732,1
21,29,1,1,2.12905315823604,2.67180878271408,0.528950602703355,1
21,30,1,1,2.12905315823604,2.67180878271408,0.405772939842168,1
21,31,-1,1,1.9264469625596,0.0860242142761107,1.49911239994141,1
21,32,1,1,2.12905315823604,2.67180878271408,0.485566761601162,1
21,33,1,1,2.12905315823604,2.67180878271408,0.520514741896614,1
21,34,-1,1,1.9264469625596,0.0860242142761107,1.23450442002801,1
21,35,1,1,2.12905315823604,2.67180878271408,0.442207981556282,1
21,36,1,1,2.12905315823604,2.67180878271408,0.483345594835058,1
21,37,-1,1,1.9264469625596,0.0860242142761107,1.48894017026738,-1
21,38,-1,-1,1.83616168902839,0.303338265469396,0.790997865163276,1
21,39,1,1,2.12905315823604,2.67180878271408,0.43398690969269,1
21,40,1,1,2.12905315823604,2.67180878271408,0.377691847111645,1
21,41,-1,1,1.9264469625596,0.0860242142761107,0.859375185623434,1
21,42,-1,1,1.9264469625596,0.0860242142761107,1.49796717916674,1
21,43,1,1,2.12905315823604,2.67180878271408,0.40278348798851,1
21,44,-1,1,1.9264469625596,0.0860242142761107,0.582912324212285,-1
21,45,1,-1,2.02927249959884,1.73882873754041,1.03076044354483,1
21,46,1,1,2.12905315823604,2.67180878271408,0.804040542148825,1
21,47,1,1,2.12905315823604,2.67180878271408,0.540799662200219,1
21,48,1,1,2.12905315823604,2.67180878271408,0.488639508485134,1
21,49,-1,1,1.9264469625596,0.0860242142761107,1.48034511062979,-1
21,50,1,-1,2.02927249959884,1.73882873754041,0.554564956325531,1
21,51,-1,1,1.9264469625596,0.0860242142761107,0.418841694813668,1
21,52,-1,1,1.9264469625596,0.0860242142761107,2.21614841033694,1
21,53,1,1,2.12905315823604,2.67180878271408,0.469451106548423,1
21,54,1,1,2.12905315823604,2.67180878271408,0.42532772978547,1
21,55,-1,1,1.9264469625596,0.0860242142761107,0.740381952695605,1
21,56,-1,1,1.9264469625596,0.0860242142761107,1.05551126368688,1
21,57,1,1,2.12905315823604,2.67180878271408,0.619924916287612,1
21,58,1,1,2.12905315823604,2.67180878271408,0.420708321687476,1
21,59,-1,1,1.9264469625596,0.0860242142761107,1.13826110338885,1
21,60,1,1,2.12905315823604,2.67180878271408,0.932673245183937,1
21,61,-1,1,1.9264469625596,0.0860242142761107,1.64062573048357,-1
21,62,-1,-1,1.83616168902839,0.303338265469396,0.483531426707633,1
21,63,-1,1,1.9264469625596,0.0860242142761107,0.422472362216845,-1
21,64,1,-1,2.02927249959884,1.73882873754041,0.671255134493592,1
21,65,1,1,2.12905315823604,2.67180878271408,0.437811800936193,1
21,66,-1,1,1.9264469625596,0.0860242142761107,2.20167344955609,-1
21,67,1,-1,2.02927249959884,1.73882873754041,0.728693212687113,1
21,68,-1,1,1.9264469625596,0.0860242142761107,0.7151032572465,1
21,69,-1,1,1.9264469625596,0.0860242142761107,0.538280227725347,1
21,70,-1,1,1.9264469625596,0.0860242142761107,0.539871406172497,-1
21,71,-1,-1,1.83616168902839,0.303338265469396,0.558022001764098,-1
21,72,-1,-1,1.83616168902839,0.303338265469396,0.416747422092266,1
21,73,1,1,2.12905315823604,2.67180878271408,1.01348739247654,1
21,74,-1,1,1.9264469625596,0.0860242142761107,0.424744301728614,-1
21,75,-1,-1,1.83616168902839,0.303338265469396,1.0524599861857,1
21,76,1,1,2.12905315823604,2.67180878271408,0.944362307412518,1
21,77,1,1,2.12905315823604,2.67180878271408,0.365028084365675,1
21,78,-1,1,1.9264469625596,0.0860242142761107,0.381156343695453,-1
21,79,1,-1,2.02927249959884,1.73882873754041,0.807393143296659,1
21,80,1,1,2.12905315823604,2.67180878271408,0.65810038498766,1
21,81,1,1,2.12905315823604,2.67180878271408,0.443131570646543,1
21,82,1,1,2.12905315823604,2.67180878271408,0.34195508520453,1
21,83,1,1,2.12905315823604,2.67180878271408,0.927295113983185,1
21,84,-1,1,1.9264469625596,0.0860242142761107,0.534611724567295,-1
21,85,1,-1,2.02927249959884,1.73882873754041,1.61331250874582,1
21,86,-1,1,1.9264469625596,0.0860242142761107,0.619128177607784,1
21,87,-1,1,1.9264469625596,0.0860242142761107,0.44175025783969,1
21,88,-1,1,1.9264469625596,0.0860242142761107,1.69650541492412,1
21,89,-1,1,1.9264469625596,0.0860242142761107,0.445973386543073,1
21,90,1,1,2.12905315823604,2.67180878271408,0.41049897849565,1
21,91,-1,1,1.9264469625596,0.0860242142761107,0.811459987756848,1
21,92,1,1,2.12905315823604,2.67180878271408,0.455373180002505,1
21,93,-1,1,1.9264469625596,0.0860242142761107,1.54451452242537,-1
21,94,-1,-1,1.83616168902839,0.303338265469396,1.09910440815476,1
21,95,-1,1,1.9264469625596,0.0860242142761107,1.05289763504194,1
21,96,-1,1,1.9264469625596,0.0860242142761107,0.953941383747554,1
21,97,-1,1,1.9264469625596,0.0860242142761107,0.501694198399709,1
21,98,1,1,2.12905315823604,2.67180878271408,0.370865280790816,1
21,99,-1,1,1.9264469625596,0.0860242142761107,0.499140473048646,1
21,100,-1,1,1.9264469625596,0.0860242142761107,1.43084452052845,1
21,101,-1,1,1.9264469625596,0.0860242142761107,1.41201407211699,-1
22,2,-1,1,1.61660842045805,0.367866311518693,0.661452657036447,-1
22,3,-1,-1,1.54084410601256,0.815455974033545,0.427046980560516,1
22,4,-1,1,1.61660842045805,0.367866311518693,0.702452111784975,-1
22,5,1,-1,1.70289609525336,1.02251794501689,1.31606976243402,1
22,6,1,1,1.78662861220645,2.59415976943087,0.516278259199314,1
22,7,1,1,1.78662861220645,2.59415976943087,0.45105245014784,1
22,8,1,1,1.78662861220645,2.59415976943087,0.358946521907031,1
22,9,-1,1,1.61660842045805,0.367866311518693,2.12784425682821,1
22,10,-1,1,1.61660842045805,0.367866311518693,0.884192948073761,-1
22,11,1,-1,1.70289609525336,1.02251794501689,0.403972561027959,1
22,12,1,1,1.78662861220645,2.59415976943087,0.377093765720225,1
22,13,1,1,1.78662861220645,2.59415976943087,0.931842121568167,1
22,14,-1,1,1.61660842045805,0.367866311518693,0.508694818018128,1
22,15,1,1,1.78662861220645,2.59415976943087,0.574000614680047,1
22,16,-1,1,1.61660842045805,0.367866311518693,1.61009594886886,-1
22,17,-1,-1,1.54084410601256,0.815455974033545,0.579585474942651,-1
22,18,-1,-1,1.54084410601256,0.815455974033545,0.795144619927715,1
22,19,-1,1,1.61660842045805,0.367866311518693,0.790259710244864,1
22,20,-1,1,1.61660842045805,0.367866311518693,0.44849778237243,-1
22,21,-1,-1,1.54084410601256,0.815455974033545,0.423859208607004,-1
22,22,1,-1,1.70289609525336,1.02251794501689,1.35654121521187,-1
22,23,1,-1,1.70289609525336,1.02251794501689,4.40812621246104,-1
22,24,-1,-1,1.54084410601256,0.815455974033545,0.368489239062017,-1
22,25,1,-1,1.70289609525336,1.02251794501689,0.739740345925619,1
22,26,-1,1,1.61660842045805,0.367866311518693,0.723842808997572,1
22,27,-1,1,1.61660842045805,0.367866311518693,0.74875474391118,-1
22,28,1,-1,1.70289609525336,1.02251794501689,0.759140599144916,1
22,29,1,1,1.78662861220645,2.59415976943087,0.530111102557863,1
22,30,-1,1,1.61660842045805,0.367866311518693,0.464079469168646,-1
22,31,-1,-1,1.54084410601256,0.815455974033545,0.64151870134058,1
22,32,1,1,1.78662861220645,2.59415976943087,0.692147957542949,1
22,33,-1,1,1.61660842045805,0.367866311518693,1.56279988055573,-1
22,34,-1,-1,1.54084410601256,0.815455974033545,1.09642229040023,-1
22,35,1,-1,1.70289609525336,1.02251794501689,0.683393459665717,1
22,36,-1,1,1.61660842045805,0.367866311518693,0.609982618139415,1
22,37,-1,1,1.61660842045805,0.367866311518693,1.11189192230601,-1
22,38,-1,-1,1.54084410601256,0.815455974033545,0.374168272755827,-1
22,39,-1,-1,1.54084410601256,0.815455974033545,0.551157541697778,1
22,40,1,1,1.78662861220645,2.59415976943087,0.763356550249347,1
22,41,-1,1,1.61660842045805,0.367866311518693,0.543722218393769,1
22,42,-1,1,1.61660842045805,0.367866311518693,0.622696007887218,1
22,43,1,1,1.78662861220645,2.59415976943087,0.524963757123343,1
22,44,1,1,1.78662861220645,2.59415976943087,0.465884069418137,1
22,45,1,1,1.78662861220645,2.59415976943087,0.549652118374483,1
22,46,1,1,1.78662861220645,2.59415976943087,0.381606466506171,1
22,47,-1,1,1.61660842045805,0.367866311518693,0.548180729833479,-1
22,48,1,-1,1.70289609525336,1.02251794501689,0.87550608156119,1
22,49,1,1,1.78662861220645,2.59415976943087,0.582341406466595,1
22,50,-1,1,1.61660842045805,0.367866311518693,0.8495880977431,1
22,51,-1,1,1.61660842045805,0.367866311518693,1.22885302768438,1
22,52,-1,1,1.61660842045805,0.367866311518693,1.10093668151164,-1
22,53,1,-1,1.70289609525336,1.02251794501689,0.990672219117466,1
22,54,1,1,1.78662861220645,2.59415976943087,0.515672774856701,1
22,55,-1,1,1.61660842045805,0.367866311518693,1.43795367004566,-1
22,56,-1,-1,1.54084410601256,0.815455974033545,1.52326179418266,-1
22,57,1,-1,1.70289609525336,1.02251794501689,1.58131022835036,1
22,58,1,1,1.78662861220645,2.59415976943087,0.892136021453802,1
22,59,1,1,1.78662861220645,2.59415976943087,0.466160931193823,1
22,60,-1,1,1.61660842045805,0.367866311518693,0.400566789826413,1
22,61,1,1,1.78662861220645,2.59415976943087,0.566962314933061,1
22,62,-1,1,1.61660842045805,0.367866311518693,0.663497839071106,1
22,63,-1,1,1.61660842045805,0.367866311518693,0.628890866232599,-1
22,64,1,-1,1.70289609525336,1.02251794501689,0.868421086965351,1
22,65,1,1,1.78662861220645,2.59415976943087,0.769918159006339,1
22,66,-1,1,1.61660842045805,0.367866311518693,0.533710983727996,1
22,67,-1,1,1.61660842045805,0.367866311518693,0.943232603550394,1
22,68,1,1,1.78662861220645,2.59415976943087,0.629547755143496,-1
22,69,-1,-1,1.54084410601256,0.815455974033545,0.527916144528222,-1
22,70,1,-1,1.70289609525336,1.02251794501689,0.585221644512634,1
22,71,-1,1,1.61660842045805,0.367866311518693,0.828024028510196,1
22,72,1,1,1.78662861220645,2.59415976943087,0.43251434713585,1
22,73,-1,1,1.61660842045805,0.367866311518693,1.19893722470671,-1
22,74,1,-1,1.70289609525336,1.02251794501689,0.421967177903834,1
22,75,-1,1,1.61660842045805,0.367866311518693,0.692689871078993,1
22,76,1,1,1.78662861220645,2.59415976943087,0.329649904006336,1
22,77,1,1,1.78662861220645,2.59415976943087,0.397081715000363,-1
22,78,-1,-1,1.54084410601256,0.815455974033545,0.816207076094018,1
22,79,1,1,1.78662861220645,2.59415976943087,0.498415070597271,1
22,80,-1,1,1.61660842045805,0.367866311518693,0.813165589147264,1
22,81,1,1,1.78662861220645,2.59415976943087,0.555274539677366,1
22,82,1,1,1.78662861220645,2.59415976943087,0.671781006128158,1
22,83,1,1,1.78662861220645,2.59415976943087,0.762624396290002,1
22,84,-1,1,1.61660842045805,0.367866311518693,0.557709197096983,1
22,85,1,1,1.78662861220645,2.59415976943087,0.341440781584789,1
22,86,1,1,1.78662861220645,2.59415976943087,0.454711595896238,1
22,87,-1,1,1.61660842045805,0.367866311518693,1.02150146196814,1
22,88,-1,1,1.61660842045805,0.367866311518693,0.406518192262181,1
22,89,1,1,1.78662861220645,2.59415976943087,0.640384181510038,1
22,90,1,1,1.78662861220645,2.59415976943087,0.434546005796321,1
22,91,1,1,1.78662861220645,2.59415976943087,0.66962895060813,1
22,92,1,1,1.78662861220645,2.59415976943087,0.508974917982537,1
22,93,-1,1,1.61660842045805,0.367866311518693,0.590247740796473,1
22,94,1,1,1.78662861220645,2.59415976943087,0.509374658871173,1
22,95,-1,1,1.61660842045805,0.367866311518693,0.494792843019661,1
22,96,1,1,1.78662861220645,2.59415976943087,0.642156680309198,1
22,97,-1,1,1.61660842045805,0.367866311518693,1.18702662736742,1
22,98,-1,1,1.61660842045805,0.367866311518693,0.388313339014132,1
22,99,-1,1,1.61660842045805,0.367866311518693,1.90431772109103,-1
22,100,1,-1,1.70289609525336,1.02251794501689,0.354244782241272,1
22,101,1,1,1.78662861220645,2.59415976943087,0.518396495039967,1
23,2,1,1,2.27671234176183,2.95118836155335,0.762804242830328,1
23,3,1,1,2.27671234176183,2.95118836155335,0.50071526913104,1
23,4,1,1,2.27671234176183,2.95118836155335,0.392605543091091,1
23,5,1,1,2.27671234176183,2.95118836155335,0.46366767844183,1
23,6,1,1,2.27671234176183,2.95118836155335,0.677317030377298,1
23,7,-1,1,2.06005451693038,1.0276406565671,0.433371196289799,1
23,8,1,1,2.27671234176183,2.95118836155335,0.629311587468582,1
23,9,-1,1,2.06005451693038,1.0276406565671,1.86382149710575,-1
23,10,-1,-1,1.96350756330797,-0.0240540722750083,0.780355941065917,1
23,11,1,1,2.27671234176183,2.95118836155335,0.658615062442135,1
23,12,1,1,2.27671234176183,2.95118836155335,0.569449826248593,1
23,13,1,1,2.27671234176183,2.95118836155335,1.16363402256333,1
23,14,1,1,2.27671234176183,2.95118836155335,0.430761300336133,1
23,15,1,1,2.27671234176183,2.95118836155335,0.684766779585034,1
23,16,-1,1,2.06005451693038,1.0276406565671,0.942986618719389,1
23,17,1,1,2.27671234176183,2.95118836155335,0.544832520509537,1
23,18,-1,1,2.06005451693038,1.0276406565671,0.459021378141233,1
23,19,1,1,2.27671234176183,2.95118836155335,0.415160407131023,1
23,20,1,1,2.27671234176183,2.95118836155335,0.826618676787854,1
23,21,-1,1,2.06005451693038,1.0276406565671,1.20210336362815,1
23,22,1,1,2.27671234176183,2.95118836155335,0.511437732678317,1
23,23,-1,1,2.06005451693038,1.0276406565671,0.611732351093177,-1
23,24,1,-1,2.17001145638955,0.845225054154553,0.755855065028279,1
23,25,-1,1,2.06005451693038,1.0276406565671,1.76046571583635,-1
23,26,-1,-1,1.96350756330797,-0.0240540722750083,0.63867950632047,1
23,27,1,1,2.27671234176183,2.95118836155335,0.695107270259376,-1
23,28,-1,-1,1.96350756330797,-0.0240540722750083,1.13207716001284,-1
23,29,-1,-1,1.96350756330797,-0.0240540722750083,0.485160264121007,-1
23,30,-1,-1,1.96350756330797,-0.0240540722750083,0.493447738070648,1
23,31,-1,1,2.06005451693038,1.0276406565671,0.654745040550219,1
23,32,-1,1,2.06005451693038,1.0276406565671,0.479145335272078,1
23,33,1,1,2.27671234176183,2.95118836155335,0.797172284112207,1
23,34,1,1,2.27671234176183,2.95118836155335,0.420795723928851,1
23,35,1,1,2.27671234176183,2.95118836155335,0.80444114532392,1
23,36,1,1,2.27671234176183,2.95118836155335,0.770999643609482,1
23,37,-1,1,2.06005451693038,1.0276406565671,1.22374294961955,-1
23,38,-1,-1,1.96350756330797,-0.0240540722750083,0.732789919788441,1
23,39,-1,1,2.06005451693038,1.0276406565671,2.18591492155369,1
23,40,-1,1,2.06005451693038,1.0276406565671,0.858985462849215,1
23,41,-1,1,2.06005451693038,1.0276406565671,0.784081120459812,1
23,42,1,1,2.27671234176183,2.95118836155335,0.726432887971897,1
23,43,-1,1,2.06005451693038,1.0276406565671,0.994241459040482,1
23,44,1,1,2.27671234176183,2.95118836155335,0.677616542871948,1
23,45,-1,1,2.06005451693038,1.0276406565671,0.671843395155413,1
23,46,1,1,2.27671234176183,2.95118836155335,0.650481150055562,1
23,47,1,1,2.27671234176183,2.95118836155335,0.889695411486664,1
23,48,1,1,2.27671234176183,2.95118836155335,0.538009402426215,1
23,49,-1,1,2.06005451693038,1.0276406565671,0.910179361878373,1
23,50,-1,1,2.06005451693038,1.0276406565671,0.632692917365717,1
23,51,1,1,2.27671234176183,2.95118836155335,0.733735070669624,1
23,52,-1,1,2.06005451693038,1.0276406565671,0.71850356816092,1
23,53,-1,1,2.06005451693038,1.0276406565671,0.650990043797098,1
23,54,1,1,2.27671234176183,2.95118836155335,0.845099327529799,1
23,55,-1,1,2.06005451693038,1.0276406565671,0.615894881530186,1
23,56,1,1,2.27671234176183,2.95118836155335,0.523609576526481,1
23,57,1,1,2.27671234176183,2.95118836155335,0.790399310200953,1
23,58,-1,1,2.06005451693038,1.0276406565671,0.430114812375635,1
23,59,1,1,2.27671234176183,2.95118836155335,0.790269454175771,1
23,60,-1,1,2.06005451693038,1.0276406565671,0.423037106164901,1
23,61,1,1,2.27671234176183,2.95118836155335,0.45223895697616,1
23,62,-1,1,2.06005451693038,1.0276406565671,0.595010305869649,1
23,63,1,1,2.27671234176183,2.95118836155335,0.484931716999915,1
23,64,-1,1,2.06005451693038,1.0276406565671,1.875361500951,1
23,65,1,1,2.27671234176183,2.95118836155335,0.551755995005397,1
23,66,-1,1,2.06005451693038,1.0276406565671,0.830169387572924,1
23,67,-1,1,2.06005451693038,1.0276406565671,0.390217096016519,1
23,68,1,1,2.27671234176183,2.95118836155335,0.556579937784878,1
23,69,-1,1,2.06005451693038,1.0276406565671,0.409662233109532,1
23,70,1,1,2.27671234176183,2.95118836155335,0.502492132225157,1
23,71,-1,1,2.06005451693038,1.0276406565671,1.16592003691246,1
23,72,1,1,2.27671234176183,2.95118836155335,0.737984474163058,1
23,73,-1,1,2.06005451693038,1.0276406565671,0.426646400794323,1
23,74,-1,1,2.06005451693038,1.0276406565671,1.02510445682523,1
23,75,-1,1,2.06005451693038,1.0276406565671,1.3482198454402,-1
23,76,1,-1,2.17001145638955,0.845225054154553,0.793176006664856,1
23,77,1,1,2.27671234176183,2.95118836155335,0.790616948232689,1
23,78,-1,1,2.06005451693038,1.0276406565671,2.34488392420401,-1
23,79,1,-1,2.17001145638955,0.845225054154553,0.899238058176493,1
23,80,-1,1,2.06005451693038,1.0276406565671,0.475535444844349,1
23,81,1,1,2.27671234176183,2.95118836155335,0.676617279732442,1
23,82,-1,1,2.06005451693038,1.0276406565671,0.868259652469864,-1
23,83,1,-1,2.17001145638955,0.845225054154553,0.482656762376626,-1
23,84,1,-1,2.17001145638955,0.845225054154553,0.411208355344678,1
23,85,1,1,2.27671234176183,2.95118836155335,0.897596636862211,1
23,86,-1,1,2.06005451693038,1.0276406565671,0.665299778865966,1
23,87,-1,1,2.06005451693038,1.0276406565671,0.551335298766818,1
23,88,1,1,2.27671234176183,2.95118836155335,0.505875456437904,1
23,89,-1,1,2.06005451693038,1.0276406565671,1.30735812260624,1
23,90,-1,1,2.06005451693038,1.0276406565671,0.679797057125693,1
23,91,-1,1,2.06005451693038,1.0276406565671,4.0002678457504,1
23,92,1,1,2.27671234176183,2.95118836155335,0.615809726700169,1
23,93,1,1,2.27671234176183,2.95118836155335,0.80546424948807,1
23,94,-1,1,2.06005451693038,1.0276406565671,1.43651871766873,1
23,95,-1,1,2.06005451693038,1.0276406565671,0.389928395822991,1
23,96,1,1,2.27671234176183,2.95118836155335,0.883325969664167,1
23,97,1,1,2.27671234176183,2.95118836155335,0.4368721799968,1
23,98,-1,1,2.06005451693038,1.0276406565671,0.60146135191174,1
23,99,1,1,2.27671234176183,2.95118836155335,0.651298846278019,1
23,100,-1,1,2.06005451693038,1.0276406565671,0.65094596962959,1
23,101,-1,1,2.06005451693038,1.0276406565671,0.503741086817659,1
24,2,-1,1,1.65899428212563,0.206105538461432,0.469081494390286,1
24,3,1,1,1.83347223385904,3.69092632820922,0.605839260408935,1
24,4,1,1,1.83347223385904,3.69092632820922,0.291980895324639,1
24,5,-1,1,1.65899428212563,0.206105538461432,0.727646337153242,1
24,6,-1,1,1.65899428212563,0.206105538461432,0.955613554528027,-1
24,7,1,-1,1.74754433375952,1.23740595057206,0.623978802521472,1
24,8,-1,1,1.65899428212563,0.206105538461432,1.3120281638853,-1
24,9,-1,-1,1.58124350286233,-0.334437817242705,0.960873265358842,-1
24,10,1,-1,1.74754433375952,1.23740595057206,0.391602293753119,1
24,11,-1,1,1.65899428212563,0.206105538461432,0.475846764304517,1
24,12,1,1,1.83347223385904,3.69092632820922,0.598805998923073,1
24,13,-1,1,1.65899428212563,0.206105538461432,0.606803226294603,-1
24,14,1,-1,1.74754433375952,1.23740595057206,0.636868937787181,1
24,15,1,1,1.83347223385904,3.69092632820922,0.515391937963521,1
24,16,1,1,1.83347223385904,3.69092632820922,0.370740855776322,1
24,17,-1,1,1.65899428212563,0.206105538461432,1.29122325454121,-1
24,18,-1,-1,1.58124350286233,-0.334437817242705,0.45797805163016,1
24,19,1,1,1.83347223385904,3.69092632820922,0.524063606508086,1
24,20,-1,1,1.65899428212563,0.206105538461432,0.29797351154129,-1
24,21,1,-1,1.74754433375952,1.23740595057206,0.542146388277679,1
24,22,-1,1,1.65899428212563,0.206105538461432,0.352525029725634,1
24,23,1,1,1.83347223385904,3.69092632820922,0.382666201099558,1
24,24,-1,1,1.65899428212563,0.206105538461432,1.9274964420577,-1
24,25,1,-1,1.74754433375952,1.23740595057206,0.664694622936486,1
24,26,-1,1,1.65899428212563,0.206105538461432,0.391661215433869,-1
24,27,1,-1,1.74754433375952,1.23740595057206,0.481702321041495,1
24,28,1,1,1.83347223385904,3.69092632820922,0.399779795909077,1
24,29,-1,1,1.65899428212563,0.206105538461432,0.596333283958791,1
24,30,-1,1,1.65899428212563,0.206105538461432,0.473098549414532,1
24,31,-1,1,1.65899428212563,0.206105538461432,0.976733213355941,1
24,32,1,1,1.83347223385904,3.69092632820922,0.478601765546219,1
24,33,1,1,1.83347223385904,3.69092632820922,0.411925980818201,1
24,34,1,1,1.83347223385904,3.69092632820922,0.621345287001479,1
24,35,-1,1,1.65899428212563,0.206105538461432,0.962865822985306,1
24,36,-1,1,1.65899428212563,0.206105538461432,0.446119985540794,1
24,37,-1,1,1.65899428212563,0.206105538461432,0.469369997088901,1
24,38,1,1,1.83347223385904,3.69092632820922,0.326495220748127,1
24,39,-1,1,1.65899428212563,0.206105538461432,0.42719580112545,1
24,40,-1,1,1.65899428212563,0.206105538461432,1.50393978042583,-1
24,41,1,-1,1.74754433375952,1.23740595057206,0.714165322300566,-1
24,42,-1,-1,1.58124350286233,-0.334437817242705,1.0791507505494,-1
24,43,1,-1,1.74754433375952,1.23740595057206,0.541358838152496,1
24,44,-1,1,1.65899428212563,0.206105538461432,0.99453148754964,-1
24,45,-1,-1,1.58124350286233,-0.334437817242705,0.486454555207303,-1
24,46,1,-1,1.74754433375952,1.23740595057206,0.498404665880144,1
24,47,-1,1,1.65899428212563,0.206105538461432,0.990066784201244,1
24,48,1,1,1.83347223385904,3.69092632820922,0.556555169523511,1
24,49,1,1,1.83347223385904,3.69092632820922,0.691124854252516,1
24,50,-1,1,1.65899428212563,0.206105538461432,0.282399827759468,1
24,51,-1,1,1.65899428212563,0.206105538461432,0.347359590669034,-1
24,52,-1,-1,1.58124350286233,-0.334437817242705,0.368406698848553,-1
24,53,-1,-1,1.58124350286233,-0.334437817242705,0.459509768092986,1
24,54,1,1,1.83347223385904,3.69092632820922,0.367719364472878,1
24,55,-1,1,1.65899428212563,0.206105538461432,0.38116393658239,1
24,56,1,1,1.83347223385904,3.69092632820922,0.261280510155854,1
24,57,1,1,1.83347223385904,3.69092632820922,0.396113523036104,1
24,58,1,1,1.83347223385904,3.69092632820922,0.522905324379096,1
24,59,-1,1,1.65899428212563,0.206105538461432,0.896093625539327,1
24,60,1,1,1.83347223385904,3.69092632820922,0.375172228105177,1
24,61,1,1,1.83347223385904,3.69092632820922,0.346054428924156,1
24,62,-1,1,1.65899428212563,0.206105538461432,0.867154632740792,-1
24,63,-1,-1,1.58124350286233,-0.334437817242705,0.638325009643514,1
24,64,1,1,1.83347223385904,3.69092632820922,0.477105080790458,1
24,65,1,1,1.83347223385904,3.69092632820922,0.392573974294967,1
24,66,-1,1,1.65899428212563,0.206105538461432,0.34744558075462,-1
24,67,1,-1,1.74754433375952,1.23740595057206,0.409995739279204,1
24,68,-1,1,1.65899428212563,0.206105538461432,0.884196117826068,-1
24,69,1,-1,1.74754433375952,1.23740595057206,0.908501772907497,1
24,70,-1,1,1.65899428212563,0.206105538461432,0.598552298627745,1
24,71,-1,1,1.65899428212563,0.206105538461432,1.82008391621361,-1
24,72,-1,-1,1.58124350286233,-0.334437817242705,0.496644950924514,1
24,73,1,1,1.83347223385904,3.69092632820922,0.742382615990963,1
24,74,1,1,1.83347223385904,3.69092632820922,0.343879635827112,1
24,75,1,1,1.83347223385904,3.69092632820922,0.377447579787438,1
24,76,-1,1,1.65899428212563,0.206105538461432,0.412113180037092,1
24,77,-1,1,1.65899428212563,0.206105538461432,2.81051499075575,-1
24,78,1,-1,1.74754433375952,1.23740595057206,0.658567908577142,-1
24,79,-1,-1,1.58124350286233,-0.334437817242705,1.2394163711185,-1
24,80,-1,-1,1.58124350286233,-0.334437817242705,0.512787458109617,-1
24,81,1,-1,1.74754433375952,1.23740595057206,0.96703493973385,1
24,82,-1,1,1.65899428212563,0.206105538461432,1.87108637599913,1
24,83,1,1,1.83347223385904,3.69092632820922,0.405892851859662,1
24,84,1,1,1.83347223385904,3.69092632820922,0.341178466735909,1
24,85,-1,1,1.65899428212563,0.206105538461432,1.54505635528735,1
24,86,1,1,1.83347223385904,3.69092632820922,0.498947532698015,1
24,87,1,1,1.83347223385904,3.69092632820922,0.426920424767547,1
24,88,-1,1,1.65899428212563,0.206105538461432,0.524392572179941,1
24,89,1,1,1.83347223385904,3.69092632820922,0.376722677621491,1
24,90,1,1,1.83347223385904,3.69092632820922,0.324974872029348,1
24,91,1,1,1.83347223385904,3.69092632820922,0.317039894026248,1
24,92,-1,1,1.65899428212563,0.206105538461432,0.690499642197928,1
24,93,1,1,1.83347223385904,3.69092632820922,0.359702846283019,1
24,94,-1,1,1.65899428212563,0.206105538461432,0.405987183703329,1
24,95,-1,1,1.65899428212563,0.206105538461432,0.501947192300019,1
24,96,-1,1,1.65899428212563,0.206105538461432,1.34656664628042,-1
24,97,1,-1,1.74754433375952,1.23740595057206,0.430011299184555,1
24,98,1,1,1.83347223385904,3.69092632820922,0.316370738419492,1
24,99,-1,1,1.65899428212563,0.206105538461432,0.337143386151199,1
24,100,1,1,1.83347223385904,3.69092632820922,0.362506613003662,1
24,101,1,1,1.83347223385904,3.69092632820922,0.455487421076317,1
25,2,-1,1,1.84831507243279,0.620771905736146,1.19009728844859,-1
25,3,-1,-1,1.7616915447003,-0.0969058712093228,1.26035329887361,-1
25,4,1,-1,1.94697026182254,1.18735022032758,0.392599623991201,1
25,5,-1,1,1.84831507243279,0.620771905736146,0.385060661754146,1
25,6,-1,1,1.84831507243279,0.620771905736146,0.571801045889443,-1
25,7,1,-1,1.94697026182254,1.18735022032758,0.482608945165367,1
25,8,-1,1,1.84831507243279,0.620771905736146,0.611889983463333,-1
25,9,1,-1,1.94697026182254,1.18735022032758,0.713937978237777,1
25,10,-1,1,1.84831507243279,0.620771905736146,0.454384515499484,-1
25,11,-1,-1,1.7616915447003,-0.0969058712093228,0.481116194544949,1
25,12,1,1,2.04270406549361,3.08878374514559,0.373673043785006,1
25,13,-1,1,1.84831507243279,0.620771905736146,0.726453682419303,1
25,14,-1,1,1.84831507243279,0.620771905736146,0.776015574834113,1
25,15,1,1,2.04270406549361,3.08878374514559,0.50615854386167,1
25,16,-1,1,1.84831507243279,0.620771905736146,0.730657585007782,1
25,17,-1,1,1.84831507243279,0.620771905736146,0.506108127599935,1
25,18,1,1,2.04270406549361,3.08878374514559,0.460372110325112,1
25,19,-1,1,1.84831507243279,0.620771905736146,1.19658240334896,-1
25,20,-1,-1,1.7616915447003,-0.0969058712093228,0.509011068743966,1
25,21,1,1,2.04270406549361,3.08878374514559,0.470386324724831,1
25,22,-1,1,1.84831507243279,0.620771905736146,0.487590516595019,1
25,23,1,1,2.04270406549361,3.08878374514559,0.438408305450383,1
25,24,-1,1,1.84831507243279,0.620771905736146,0.6114807801465,1
25,25,1,1,2.04270406549361,3.08878374514559,0.642635228456349,1
25,26,-1,1,1.84831507243279,0.620771905736146,0.435053332079696,1
25,27,1,1,2.04270406549361,3.08878374514559,0.416631316862457,1
25,28,-1,1,1.84831507243279,0.620771905736146,2.05255645541921,-1
25,29,-1,-1,1.7616915447003,-0.0969058712093228,0.870193777411299,1
25,30,-1,1,1.84831507243279,0.620771905736146,1.53673222919277,1
25,31,1,1,2.04270406549361,3.08878374514559,0.544297841971095,1
25,32,1,1,2.04270406549361,3.08878374514559,0.264024612176185,1
25,33,-1,1,1.84831507243279,0.620771905736146,0.446163705475441,1
25,34,-1,1,1.84831507243279,0.620771905736146,1.78927822935846,1
25,35,-1,1,1.84831507243279,0.620771905736146,0.340740142647017,1
25,36,1,1,2.04270406549361,3.08878374514559,0.485228071093245,1
25,37,1,1,2.04270406549361,3.08878374514559,0.345300023205946,1
25,38,1,1,2.04270406549361,3.08878374514559,0.345212475916886,1
25,39,-1,1,1.84831507243279,0.620771905736146,0.375627379073002,1
25,40,-1,1,1.84831507243279,0.620771905736146,1.23178764480661,-1
25,41,-1,-1,1.7616915447003,-0.0969058712093228,0.390616315164172,1
25,42,-1,1,1.84831507243279,0.620771905736146,0.566125939425076,1
25,43,1,1,2.04270406549361,3.08878374514559,0.589662528215683,1
25,44,1,1,2.04270406549361,3.08878374514559,0.492952530602362,1
25,45,-1,1,1.84831507243279,0.620771905736146,0.465131701717809,1
25,46,1,1,2.04270406549361,3.08878374514559,0.286468790524796,1
25,47,-1,1,1.84831507243279,0.620771905736146,1.41803891143841,1
25,48,1,1,2.04270406549361,3.08878374514559,0.337296945816058,1
25,49,1,1,2.04270406549361,3.08878374514559,0.899700570873208,1
25,50,1,1,2.04270406549361,3.08878374514559,0.36227243081274,1
25,51,1,1,2.04270406549361,3.08878374514559,0.680275542595934,1
25,52,1,1,2.04270406549361,3.08878374514559,0.450251417743376,1
25,53,1,1,2.04270406549361,3.08878374514559,0.493058619365072,1
25,54,-1,1,1.84831507243279,0.620771905736146,0.957928662270424,1
25,55,1,1,2.04270406549361,3.08878374514559,0.712331336608685,1
25,56,-1,1,1.84831507243279,0.620771905736146,0.600557940643869,1
25,57,-1,1,1.84831507243279,0.620771905736146,0.490101806650755,1
25,58,1,1,2.04270406549361,3.08878374514559,0.432670624064462,1
25,59,1,1,2.04270406549361,3.08878374514559,0.487678089589779,1
25,60,1,1,2.04270406549361,3.08878374514559,0.447745951837135,1
25,61,-1,1,1.84831507243279,0.620771905736146,0.630132218478588,1
25,62,-1,1,1.84831507243279,0.620771905736146,0.909097936354839,1
25,63,1,1,2.04270406549361,3.08878374514559,0.643609748717014,1
25,64,1,1,2.04270406549361,3.08878374514559,0.523988347573244,1
25,65,1,1,2.04270406549361,3.08878374514559,0.974846590296618,1
25,66,1,1,2.04270406549361,3.08878374514559,0.466539691142562,1
25,67,-1,1,1.84831507243279,0.620771905736146,0.887985058303115,1
25,68,-1,1,1.84831507243279,0.620771905736146,0.613441983313727,-1
25,69,1,-1,1.94697026182254,1.18735022032758,0.759203136213939,1
25,70,1,1,2.04270406549361,3.08878374514559,0.730173116573845,1
25,71,-1,1,1.84831507243279,0.620771905736146,0.546727825009487,-1
25,72,1,-1,1.94697026182254,1.18735022032758,0.88606228937113,1
25,73,-1,1,1.84831507243279,0.620771905736146,0.631446445736826,1
25,74,1,1,2.04270406549361,3.08878374514559,0.371141289871329,1
25,75,1,1,2.04270406549361,3.08878374514559,1.33979858735409,1
25,76,1,1,2.04270406549361,3.08878374514559,0.733233643900401,1
25,77,1,1,2.04270406549361,3.08878374514559,0.52399349328565,1
25,78,1,1,2.04270406549361,3.08878374514559,0.331390564008676,1
25,79,1,1,2.04270406549361,3.08878374514559,0.481399823184564,1
25,80,-1,1,1.84831507243279,0.620771905736146,1.82093497237994,1
25,81,1,1,2.04270406549361,3.08878374514559,0.389375077177211,1
25,82,-1,1,1.84831507243279,0.620771905736146,0.90020832038758,1
25,83,1,1,2.04270406549361,3.08878374514559,0.651105315600302,1
25,84,-1,1,1.84831507243279,0.620771905736146,1.57954126810368,1
25,85,1,1,2.04270406549361,3.08878374514559,0.408799931169063,1
25,86,-1,1,1.84831507243279,0.620771905736146,0.398611464419218,1
25,87,1,1,2.04270406549361,3.08878374514559,0.534599478414761,1
25,88,-1,1,1.84831507243279,0.620771905736146,0.527009220477681,1
25,89,-1,1,1.84831507243279,0.620771905736146,0.40451427469291,1
25,90,1,1,2.04270406549361,3.08878374514559,0.780089265301645,1
25,91,1,1,2.04270406549361,3.08878374514559,0.661764488757322,1
25,92,1,1,2.04270406549361,3.08878374514559,0.369435856152721,1
25,93,-1,1,1.84831507243279,0.620771905736146,1.01758836097603,-1
25,94,-1,-1,1.7616915447003,-0.0969058712093228,0.345565883978952,1
25,95,-1,1,1.84831507243279,0.620771905736146,0.721768306821623,1
25,96,-1,1,1.84831507243279,0.620771905736146,2.82822509064861,1
25,97,-1,1,1.84831507243279,0.620771905736146,0.523920564517639,1
25,98,-1,1,1.84831507243279,0.620771905736146,0.387743774658997,1
25,99,-1,1,1.84831507243279,0.620771905736146,0.46919818107873,-1
25,100,1,-1,1.94697026182254,1.18735022032758,0.348336843786616,1
25,101,1,1,2.04270406549361,3.08878374514559,0.424149526432784,1
26,2,1,1,1.97975562501693,2.8046603353917,0.623180094479517,1
26,3,-1,1,1.79135696808249,0.7255037598954,0.647334877759791,1
26,4,-1,1,1.79135696808249,0.7255037598954,0.307720155411651,1
26,5,-1,1,1.79135696808249,0.7255037598954,0.435010157993548,1
26,6,-1,1,1.79135696808249,0.7255037598954,0.530525540609096,1
26,7,1,1,1.97975562501693,2.8046603353917,0.663577853092656,1
26,8,-1,1,1.79135696808249,0.7255037598954,0.672202341677098,-1
26,9,1,-1,1.88697197636038,1.53409737127194,0.807649138320817,1
26,10,-1,1,1.79135696808249,0.7255037598954,0.62816891389495,-1
26,11,-1,-1,1.70740285099614,-0.264261466559036,0.997152807482089,1
26,12,-1,1,1.79135696808249,0.7255037598954,0.716351178551394,1
26,13,-1,1,1.79135696808249,0.7255037598954,1.21456780637069,-1
26,14,-1,-1,1.70740285099614,-0.264261466559036,3.26414087693383,1
26,15,1,1,1.97975562501693,2.8046603353917,0.672751763115113,1
26,16,1,1,1.97975562501693,2.8046603353917,0.409761630740669,1
26,17,1,1,1.97975562501693,2.8046603353917,0.386828607181881,1
26,18,-1,1,1.79135696808249,0.7255037598954,0.659201228390495,-1
26,19,-1,-1,1.70740285099614,-0.264261466559036,0.488711248937752,-1
26,20,1,-1,1.88697197636038,1.53409737127194,0.691407738494388,1
26,21,1,1,1.97975562501693,2.8046603353917,0.555563490139372,1
26,22,-1,1,1.79135696808249,0.7255037598954,0.61902562538268,1
26,23,-1,1,1.79135696808249,0.7255037598954,0.713858168137423,1
26,24,1,1,1.97975562501693,2.8046603353917,0.632274078903219,1
26,25,-1,1,1.79135696808249,0.7255037598954,3.13624856971941,1
26,26,-1,1,1.79135696808249,0.7255037598954,0.397619911987533,1
26,27,1,1,1.97975562501693,2.8046603353917,0.494560266266854,1
26,28,-1,1,1.79135696808249,0.7255037598954,1.25989412356147,1
26,29,1,1,1.97975562501693,2.8046603353917,0.350483977103474,1
26,30,1,1,1.97975562501693,2.8046603353917,0.429801907393137,1
26,31,1,1,1.97975562501693,2.8046603353917,0.400644565860351,1
26,32,1,1,1.97975562501693,2.8046603353917,0.476008172785083,1
26,33,1,1,1.97975562501693,2.8046603353917,1.55953396649475,1
26,34,1,1,1.97975562501693,2.8046603353917,0.462309343569127,1
26,35,-1,1,1.79135696808249,0.7255037598954,2.89882473745474,1
26,36,1,1,1.97975562501693,2.8046603353917,0.895543419514384,1
26,37,-1,1,1.79135696808249,0.7255037598954,0.518980146029313,-1
26,38,-1,-1,1.70740285099614,-0.264261466559036,0.51202997927951,-1
26,39,-1,-1,1.70740285099614,-0.264261466559036,0.778388803828184,-1
26,40,1,-1,1.88697197636038,1.53409737127194,1.35962266719909,1
26,41,1,1,1.97975562501693,2.8046603353917,1.24831543418143,1
26,42,1,1,1.97975562501693,2.8046603353917,0.55434406366435,1
26,43,-1,1,1.79135696808249,0.7255037598954,0.881897821087875,1
26,44,1,1,1.97975562501693,2.8046603353917,0.87931568876153,1
26,45,-1,1,1.79135696808249,0.7255037598954,0.59783511370426,1
26,46,-1,1,1.79135696808249,0.7255037598954,0.372945112752347,1
26,47,1,1,1.97975562501693,2.8046603353917,0.509517343873812,1
26,48,1,1,1.97975562501693,2.8046603353917,0.303519800432938,1
26,49,1,1,1.97975562501693,2.8046603353917,0.494027889691797,1
26,50,-1,1,1.79135696808249,0.7255037598954,0.606850551779563,1
26,51,-1,1,1.79135696808249,0.7255037598954,0.795014473096654,1
26,52,-1,1,1.79135696808249,0.7255037598954,0.485975378097505,1
26,53,1,1,1.97975562501693,2.8046603353917,0.444344424306417,1
26,54,1,1,1.97975562501693,2.8046603353917,0.763218549066742,1
26,55,1,1,1.97975562501693,2.8046603353917,0.29316121176526,1
26,56,-1,1,1.79135696808249,0.7255037598954,0.510538718132841,1
26,57,-1,1,1.79135696808249,0.7255037598954,0.327626621166526,1
26,58,-1,1,1.79135696808249,0.7255037598954,1.089796330751,1
26,59,1,1,1.97975562501693,2.8046603353917,0.57490967301732,1
26,60,1,1,1.97975562501693,2.8046603353917,0.373510684997604,1
26,61,1,1,1.97975562501693,2.8046603353917,0.481913900397596,1
26,62,1,1,1.97975562501693,2.8046603353917,0.52052636436175,1
26,63,1,1,1.97975562501693,2.8046603353917,0.34456938411667,1
26,64,-1,1,1.79135696808249,0.7255037598954,1.24529157238137,-1
26,65,-1,-1,1.70740285099614,-0.264261466559036,0.826195515797647,-1
26,66,1,-1,1.88697197636038,1.53409737127194,0.647003933363691,1
26,67,-1,1,1.79135696808249,0.7255037598954,0.480967406728197,1
26,68,1,1,1.97975562501693,2.8046603353917,0.604546619666789,1
26,69,1,1,1.97975562501693,2.8046603353917,0.631593124987231,1
26,70,-1,1,1.79135696808249,0.7255037598954,0.49784108681122,1
26,71,-1,1,1.79135696808249,0.7255037598954,0.454859101207333,1
26,72,-1,1,1.79135696808249,0.7255037598954,1.01876950379017,1
26,73,-1,1,1.79135696808249,0.7255037598954,0.438049339760538,1
26,74,-1,1,1.79135696808249,0.7255037598954,0.5641528030615,1
26,75,1,1,1.97975562501693,2.8046603353917,0.527864622866766,1
26,76,1,1,1.97975562501693,2.8046603353917,0.62125250539304,1
26,77,-1,1,1.79135696808249,0.7255037598954,0.573341910105778,1
26,78,1,1,1.97975562501693,2.8046603353917,0.563181711119166,1
26,79,1,1,1.97975562501693,2.8046603353917,0.380889670186669,1
26,80,-1,1,1.79135696808249,0.7255037598954,0.74312758311031,1
26,81,1,1,1.97975562501693,2.8046603353917,0.851876376780699,1
26,82,1,1,1.97975562501693,2.8046603353917,0.371614609378131,1
26,83,1,1,1.97975562501693,2.8046603353917,0.427069015844551,1
26,84,1,1,1.97975562501693,2.8046603353917,0.522136220024001,1
26,85,-1,1,1.79135696808249,0.7255037598954,0.823057487633277,1
26,86,-1,1,1.79135696808249,0.7255037598954,1.15485886533451,-1
26,87,1,-1,1.88697197636038,1.53409737127194,0.798112742404289,1
26,88,1,1,1.97975562501693,2.8046603353917,0.560766041330259,1
26,89,-1,1,1.79135696808249,0.7255037598954,0.559650559307809,1
26,90,1,1,1.97975562501693,2.8046603353917,0.705354451972993,1
26,91,1,1,1.97975562501693,2.8046603353917,0.536704364638551,1
26,92,-1,1,1.79135696808249,0.7255037598954,1.92495172466012,1
26,93,-1,1,1.79135696808249,0.7255037598954,0.425689179811949,1
26,94,1,1,1.97975562501693,2.8046603353917,0.466339711690888,1
26,95,1,1,1.97975562501693,2.8046603353917,0.57472076158438,1
26,96,-1,1,1.79135696808249,0.7255037598954,1.68986850540836,-1
26,97,-1,-1,1.70740285099614,-0.264261466559036,0.410859073213572,1
26,98,1,1,1.97975562501693,2.8046603353917,0.636520390499505,1
26,99,-1,1,1.79135696808249,0.7255037598954,0.874786555146769,1
26,100,-1,1,1.79135696808249,0.7255037598954,0.578324683794097,-1
26,101,-1,-1,1.70740285099614,-0.264261466559036,2.266935200398,-1
27,2,-1,1,1.62077536367833,1.66450870508514,0.429586527333943,1
27,3,1,1,1.79123379667077,2.87916477846774,0.501052288819887,1
27,4,1,1,1.79123379667077,2.87916477846774,0.492700111328027,1
27,5,-1,1,1.62077536367833,1.66450870508514,1.21414252333132,-1
27,6,-1,-1,1.54481576038464,0.0814147786195139,0.510678740016115,1
27,7,-1,1,1.62077536367833,1.66450870508514,0.809862174781287,1
27,8,-1,1,1.62077536367833,1.66450870508514,0.382723542931441,1
27,9,1,1,1.79123379667077,2.87916477846774,0.361087500695406,1
27,10,1,1,1.79123379667077,2.87916477846774,0.587772566645049,1
27,11,-1,1,1.62077536367833,1.66450870508514,0.363668484485681,1
27,12,-1,1,1.62077536367833,1.66450870508514,0.519369945568342,1
27,13,-1,1,1.62077536367833,1.66450870508514,1.45301148092845,1
27,14,1,1,1.79123379667077,2.87916477846774,0.402256210477169,1
27,15,-1,1,1.62077536367833,1.66450870508514,0.883492313363625,1
27,16,1,1,1.79123379667077,2.87916477846774,0.599743478425904,1
27,17,-1,1,1.62077536367833,1.66450870508514,0.751044336087505,1
27,18,1,1,1.79123379667077,2.87916477846774,0.415507491641481,1
27,19,-1,1,1.62077536367833,1.66450870508514,0.508451499730598,1
27,20,-1,1,1.62077536367833,1.66450870508514,0.506399805439684,1
27,21,1,1,1.79123379667077,2.87916477846774,0.477640856502167,1
27,22,1,1,1.79123379667077,2.87916477846774,0.427776672981499,1
27,23,-1,1,1.62077536367833,1.66450870508514,0.682921967683933,-1
27,24,-1,-1,1.54481576038464,0.0814147786195139,0.543046008503576,-1
27,25,1,-1,1.70728545216203,0.174911737827597,0.514871282129328,1
27,26,1,1,1.79123379667077,2.87916477846774,0.679311171161247,1
27,27,-1,1,1.62077536367833,1.66450870508514,0.723074721209964,1
27,28,-1,1,1.62077536367833,1.66450870508514,0.639761992045546,1
27,29,-1,1,1.62077536367833,1.66450870508514,0.64469133412494,1
27,30,-1,1,1.62077536367833,1.66450870508514,1.40926729638517,1
27,31,-1,1,1.62077536367833,1.66450870508514,0.844525796504933,-1
27,32,-1,-1,1.54481576038464,0.0814147786195139,0.958182421967546,-1
27,33,-1,-1,1.54481576038464,0.0814147786195139,1.47116677031469,1
27,34,1,1,1.79123379667077,2.87916477846774,0.658168404303731,1
27,35,1,1,1.79123379667077,2.87916477846774,0.674520581149388,1
27,36,-1,1,1.62077536367833,1.66450870508514,0.441841566201605,1
27,37,-1,1,1.62077536367833,1.66450870508514,0.639677117026692,1
27,38,1,1,1.79123379667077,2.87916477846774,0.413206651743345,1
27,39,1,1,1.79123379667077,2.87916477846774,0.487873571995245,1
27,40,-1,1,1.62077536367833,1.66450870508514,0.613395782067523,1
27,41,1,1,1.79123379667077,2.87916477846774,0.368108847882799,1
27,42,-1,1,1.62077536367833,1.66450870508514,0.360336915317113,1
27,43,1,1,1.79123379667077,2.87916477846774,0.447861285576822,1
27,44,1,1,1.79123379667077,2.87916477846774,0.523191975809254,1
27,45,1,1,1.79123379667077,2.87916477846774,0.883947003223703,1
27,46,1,1,1.79123379667077,2.87916477846774,0.334758842404483,1
27,47,1,1,1.79123379667077,2.87916477846774,0.327883014526137,1
27,48,-1,1,1.62077536367833,1.66450870508514,0.536520691478383,1
27,49,1,1,1.79123379667077,2.87916477846774,0.754135307464139,1
27,50,-1,1,1.62077536367833,1.66450870508514,0.507803796338092,1
27,51,1,1,1.79123379667077,2.87916477846774,0.45637986627935,1
27,52,1,1,1.79123379667077,2.87916477846774,0.417046044451786,1
27,53,1,1,1.79123379667077,2.87916477846774,0.518348133127232,1
27,54,-1,1,1.62077536367833,1.66450870508514,0.388948615618518,1
27,55,-1,1,1.62077536367833,1.66450870508514,0.60621182644235,1
27,56,1,1,1.79123379667077,2.87916477846774,0.328542651276598,1
27,57,1,1,1.79123379667077,2.87916477846774,0.404701340600758,1
27,58,1,1,1.79123379667077,2.87916477846774,0.297447419068658,1
27,59,-1,1,1.62077536367833,1.66450870508514,0.402395946267666,1
27,60,-1,1,1.62077536367833,1.66450870508514,0.491190899710816,1
27,61,1,1,1.79123379667077,2.87916477846774,0.503309348264266,1
27,62,1,1,1.79123379667077,2.87916477846774,0.524484111663355,1
27,63,1,1,1.79123379667077,2.87916477846774,0.378456125563168,-1
27,64,-1,-1,1.54481576038464,0.0814147786195139,0.37475236236841,1
27,65,1,1,1.79123379667077,2.87916477846774,0.49667349353245,1
27,66,1,1,1.79123379667077,2.87916477846774,0.381218419660686,1
27,67,-1,1,1.62077536367833,1.66450870508514,0.852045152825885,1
27,68,-1,1,1.62077536367833,1.66450870508514,0.541596820495186,1
27,69,-1,1,1.62077536367833,1.66450870508514,0.45785466572397,1
27,70,1,1,1.79123379667077,2.87916477846774,1.10700995115675,1
27,71,1,1,1.79123379667077,2.87916477846774,0.380828060362597,1
27,72,-1,1,1.62077536367833,1.66450870508514,0.806419646661145,1
27,73,-1,1,1.62077536367833,1.66450870508514,0.384597541853489,1
27,74,1,1,1.79123379667077,2.87916477846774,0.495126532240307,1
27,75,1,1,1.79123379667077,2.87916477846774,0.682811146861462,1
27,76,-1,1,1.62077536367833,1.66450870508514,0.763640444176799,1
27,77,1,1,1.79123379667077,2.87916477846774,0.406808641458848,1
27,78,-1,1,1.62077536367833,1.66450870508514,0.326718918938259,1
27,79,1,1,1.79123379667077,2.87916477846774,0.508141288225117,1
27,80,-1,1,1.62077536367833,1.66450870508514,0.931844866051396,1
27,81,1,1,1.79123379667077,2.87916477846774,0.601176630760144,1
27,82,-1,1,1.62077536367833,1.66450870508514,0.513329975700118,1
27,83,1,1,1.79123379667077,2.87916477846774,0.395328111731862,1
27,84,-1,1,1.62077536367833,1.66450870508514,0.525655554586177,1
27,85,-1,1,1.62077536367833,1.66450870508514,0.622773348234145,1
27,86,-1,1,1.62077536367833,1.66450870508514,0.401388427311903,1
27,87,1,1,1.79123379667077,2.87916477846774,0.491599498553874,1
27,88,1,1,1.79123379667077,2.87916477846774,0.474703073617762,1
27,89,1,1,1.79123379667077,2.87916477846774,0.560703392545126,1
27,90,1,1,1.79123379667077,2.87916477846774,0.385073636913246,1
27,91,-1,1,1.62077536367833,1.66450870508514,0.346756945920207,1
27,92,1,1,1.79123379667077,2.87916477846774,0.416554148298432,1
27,93,1,1,1.79123379667077,2.87916477846774,0.38886215227259,1
27,94,-1,1,1.62077536367833,1.66450870508514,1.21810066194465,1
27,95,-1,1,1.62077536367833,1.66450870508514,1.00623235902524,1
27,96,-1,1,1.62077536367833,1.66450870508514,0.963650145323218,1
27,97,1,1,1.79123379667077,2.87916477846774,0.524917400881919,1
27,98,1,1,1.79123379667077,2.87916477846774,0.478174756761316,1
27,99,1,1,1.79123379667077,2.87916477846774,0.525654456529712,1
27,100,-1,1,1.62077536367833,1.66450870508514,0.536006354157996,1
27,101,-1,1,1.62077536367833,1.66450870508514,0.420350057305176,1
28,2,-1,1,2.03665538701395,0.469066797244294,1.85050783420991,1
28,3,-1,1,2.03665538701395,0.469066797244294,0.687854891467529,1
28,4,1,1,2.25085230386993,3.0545866869099,0.504751364547613,1
28,5,-1,1,2.03665538701395,0.469066797244294,0.47070149938977,-1
28,6,1,-1,2.14536338053967,1.82789372019131,0.442321914537078,1
28,7,-1,1,2.03665538701395,0.469066797244294,1.33247280910729,-1
28,8,1,-1,2.14536338053967,1.82789372019131,0.489615323527809,1
28,9,-1,1,2.03665538701395,0.469066797244294,0.556467820325198,-1
28,10,-1,-1,1.94120506199641,-0.551547204345503,1.14326696724527,-1
28,11,-1,-1,1.94120506199641,-0.551547204345503,0.869520368014539,-1
28,12,-1,-1,1.94120506199641,-0.551547204345503,0.54555752828387,-1
28,13,-1,-1,1.94120506199641,-0.551547204345503,1.75870699371683,1
28,14,-1,1,2.03665538701395,0.469066797244294,0.611205904152165,-1
28,15,-1,-1,1.94120506199641,-0.551547204345503,1.0437027679004,1
28,16,1,1,2.25085230386993,3.0545866869099,0.315586419993078,1
28,17,-1,1,2.03665538701395,0.469066797244294,1.49224347721917,-1
28,18,1,-1,2.14536338053967,1.82789372019131,0.685704178045595,1
28,19,-1,1,2.03665538701395,0.469066797244294,0.795471427563109,-1
28,20,-1,-1,1.94120506199641,-0.551547204345503,0.487857860656401,-1
28,21,-1,-1,1.94120506199641,-0.551547204345503,0.658636472820873,-1
28,22,1,-1,2.14536338053967,1.82789372019131,0.337823066787839,1
28,23,-1,1,2.03665538701395,0.469066797244294,2.1166310627798,1
28,24,1,1,2.25085230386993,3.0545866869099,0.697430954048574,1
28,25,-1,1,2.03665538701395,0.469066797244294,2.24872217578682,-1
28,26,1,-1,2.14536338053967,1.82789372019131,0.5274619284726,1
28,27,1,1,2.25085230386993,3.0545866869099,0.850653534532727,1
28,28,1,1,2.25085230386993,3.0545866869099,0.449931186258685,1
28,29,1,1,2.25085230386993,3.0545866869099,0.778741051437833,1
28,30,1,1,2.25085230386993,3.0545866869099,0.636076102510638,1
28,31,-1,1,2.03665538701395,0.469066797244294,1.67465931065076,1
28,32,-1,1,2.03665538701395,0.469066797244294,0.528854426538528,1
28,33,-1,1,2.03665538701395,0.469066797244294,0.62266939779488,1
28,34,-1,1,2.03665538701395,0.469066797244294,0.58365749567125,1
28,35,-1,1,2.03665538701395,0.469066797244294,0.735554839409466,1
28,36,1,1,2.25085230386993,3.0545866869099,0.63825205866331,1
28,37,1,1,2.25085230386993,3.0545866869099,0.428341255670254,1
28,38,1,1,2.25085230386993,3.0545866869099,0.396778464327843,1
28,39,-1,1,2.03665538701395,0.469066797244294,0.53016655112814,1
28,40,-1,1,2.03665538701395,0.469066797244294,0.385016187097664,-1
28,41,1,-1,2.14536338053967,1.82789372019131,0.382123660756825,1
28,42,-1,1,2.03665538701395,0.469066797244294,1.39972802391481,1
28,43,-1,1,2.03665538701395,0.469066797244294,0.777907138937716,-1
28,44,1,-1,2.14536338053967,1.82789372019131,1.97418221695844,1
28,45,-1,1,2.03665538701395,0.469066797244294,2.93805411142163,-1
28,46,-1,-1,1.94120506199641,-0.551547204345503,0.867619440149251,-1
28,47,1,-1,2.14536338053967,1.82789372019131,0.846040885793928,1
28,48,1,1,2.25085230386993,3.0545866869099,0.762898897937542,1
28,49,-1,1,2.03665538701395,0.469066797244294,0.367098651593073,1
28,50,1,1,2.25085230386993,3.0545866869099,0.565838663666277,1
28,51,-1,1,2.03665538701395,0.469066797244294,1.99774369174379,1
28,52,1,1,2.25085230386993,3.0545866869099,0.613690550607124,1
28,53,1,1,2.25085230386993,3.0545866869099,0.917803503096226,1
28,54,1,1,2.25085230386993,3.0545866869099,0.359420239282709,1
28,55,-1,1,2.03665538701395,0.469066797244294,0.528763301571513,1
28,56,-1,1,2.03665538701395,0.469066797244294,0.703472398972174,1
28,57,1,1,2.25085230386993,3.0545866869099,0.562019669078926,1
28,58,-1,1,2.03665538701395,0.469066797244294,0.91311141043799,1
28,59,1,1,2.25085230386993,3.0545866869099,0.393304594656434,1
28,60,1,1,2.25085230386993,3.0545866869099,0.358940021937963,1
28,61,1,1,2.25085230386993,3.0545866869099,0.490864029725496,1
28,62,-1,1,2.03665538701395,0.469066797244294,0.76687582918174,1
28,63,-1,1,2.03665538701395,0.469066797244294,0.581683023330209,1
28,64,1,1,2.25085230386993,3.0545866869099,0.522141056303896,1
28,65,1,1,2.25085230386993,3.0545866869099,0.52573291930113,1
28,66,-1,1,2.03665538701395,0.469066797244294,1.68302770534365,1
28,67,1,1,2.25085230386993,3.0545866869099,0.89960701144572,1
28,68,1,1,2.25085230386993,3.0545866869099,0.671279751776226,1
28,69,-1,1,2.03665538701395,0.469066797244294,2.25397118080086,1
28,70,1,1,2.25085230386993,3.0545866869099,0.543240540474914,1
28,71,1,1,2.25085230386993,3.0545866869099,0.5648159321339,1
28,72,1,1,2.25085230386993,3.0545866869099,0.370572948291013,1
28,73,1,1,2.25085230386993,3.0545866869099,1.28308736745573,1
28,74,1,1,2.25085230386993,3.0545866869099,0.77387818291962,1
28,75,1,1,2.25085230386993,3.0545866869099,0.54684506087186,1
28,76,-1,1,2.03665538701395,0.469066797244294,1.4360699990895,1
28,77,-1,1,2.03665538701395,0.469066797244294,1.98839533012825,1
28,78,1,1,2.25085230386993,3.0545866869099,0.891652173520224,1
28,79,1,1,2.25085230386993,3.0545866869099,0.480352584850909,1
28,80,-1,1,2.03665538701395,0.469066797244294,1.14419671972805,-1
28,81,-1,-1,1.94120506199641,-0.551547204345503,0.432876959996701,-1
28,82,-1,-1,1.94120506199641,-0.551547204345503,0.83888826637384,1
28,83,1,1,2.25085230386993,3.0545866869099,0.573756038448367,1
28,84,1,1,2.25085230386993,3.0545866869099,0.325918519573484,1
28,85,1,1,2.25085230386993,3.0545866869099,0.433362632164809,1
28,86,-1,1,2.03665538701395,0.469066797244294,1.64490193729949,-1
28,87,-1,-1,1.94120506199641,-0.551547204345503,1.04035232955507,-1
28,88,-1,-1,1.94120506199641,-0.551547204345503,0.736461277631126,-1
28,89,1,-1,2.14536338053967,1.82789372019131,1.15448880105108,-1
28,90,-1,-1,1.94120506199641,-0.551547204345503,1.60060146220702,1
28,91,1,1,2.25085230386993,3.0545866869099,1.4632640585339,1
28,92,1,1,2.25085230386993,3.0545866869099,0.63472665590681,1
28,93,-1,1,2.03665538701395,0.469066797244294,1.05664587653268,-1
28,94,-1,-1,1.94120506199641,-0.551547204345503,1.68852575693973,-1
28,95,-1,-1,1.94120506199641,-0.551547204345503,0.728817817512155,-1
28,96,1,-1,2.14536338053967,1.82789372019131,1.35001939693572,1
28,97,1,1,2.25085230386993,3.0545866869099,0.444561102788383,1
28,98,1,1,2.25085230386993,3.0545866869099,0.597277979817136,1
28,99,1,1,2.25085230386993,3.0545866869099,0.409082948420264,1
28,100,1,1,2.25085230386993,3.0545866869099,0.761934531663082,1
28,101,-1,1,2.03665538701395,0.469066797244294,0.92235300481577,1
29,2,-1,1,2.02408598795051,0.647315685365844,0.673606038702522,1
29,3,-1,1,2.02408598795051,0.647315685365844,0.659844369535243,-1
29,4,-1,-1,1.92922474306579,-2.18849031669005,0.685451124775873,-1
29,5,1,-1,2.13212308046827,2.78150696826658,0.730773404816232,1
29,6,1,1,2.23696096956732,3.55966766305762,0.789605611564368,1
29,7,-1,1,2.02408598795051,0.647315685365844,3.13669356434487,1
29,8,1,1,2.23696096956732,3.55966766305762,0.649150232632458,1
29,9,-1,1,2.02408598795051,0.647315685365844,0.769288796941433,1
29,10,1,1,2.23696096956732,3.55966766305762,0.384483052417364,1
29,11,-1,1,2.02408598795051,0.647315685365844,0.766766760431462,-1
29,12,-1,-1,1.92922474306579,-2.18849031669005,0.575129225162984,-1
29,13,1,-1,2.13212308046827,2.78150696826658,0.40691259289057,1
29,14,1,1,2.23696096956732,3.55966766305762,0.514777926066021,1
29,15,1,1,2.23696096956732,3.55966766305762,0.568718773544044,1
29,16,1,1,2.23696096956732,3.55966766305762,0.423735199164123,1
29,17,1,1,2.23696096956732,3.55966766305762,0.53920185997401,1
29,18,1,1,2.23696096956732,3.55966766305762,0.640217258173727,1
29,19,1,1,2.23696096956732,3.55966766305762,0.456306389563086,1
29,20,-1,1,2.02408598795051,0.647315685365844,0.628706954497589,1
29,21,1,1,2.23696096956732,3.55966766305762,0.501846649407099,1
29,22,1,1,2.23696096956732,3.55966766305762,0.584353792844684,1
29,23,-1,1,2.02408598795051,0.647315685365844,0.439068667290574,-1
29,24,1,-1,2.13212308046827,2.78150696826658,0.741408177685609,1
29,25,1,1,2.23696096956732,3.55966766305762,0.340720386035074,1
29,26,1,1,2.23696096956732,3.55966766305762,0.671634391886383,1
29,27,1,1,2.23696096956732,3.55966766305762,0.607290125169944,1
29,28,-1,1,2.02408598795051,0.647315685365844,0.747044710299877,1
29,29,1,1,2.23696096956732,3.55966766305762,0.641335472619309,1
29,30,-1,1,2.02408598795051,0.647315685365844,1.18981338328873,1
29,31,1,1,2.23696096956732,3.55966766305762,0.486435894955265,1
29,32,-1,1,2.02408598795051,0.647315685365844,1.63010338132007,1
29,33,-1,1,2.02408598795051,0.647315685365844,0.589874369312175,1
29,34,-1,1,2.02408598795051,0.647315685365844,0.846671831426431,1
29,35,-1,1,2.02408598795051,0.647315685365844,0.887381302838668,-1
29,36,1,-1,2.13212308046827,2.78150696826658,0.562146574142135,1
29,37,1,1,2.23696096956732,3.55966766305762,1.93228498154326,1
29,38,1,1,2.23696096956732,3.55966766305762,0.512052847723048,1
29,39,-1,1,2.02408598795051,0.647315685365844,1.22144385189702,1
29,40,-1,1,2.02408598795051,0.647315685365844,1.05175544062926,1
29,41,-1,1,2.02408598795051,0.647315685365844,0.886197343921181,-1
29,42,1,-1,2.13212308046827,2.78150696826658,0.559344686838244,1
29,43,-1,1,2.02408598795051,0.647315685365844,0.915429205233943,1
29,44,-1,1,2.02408598795051,0.647315685365844,0.588946191925357,1
29,45,1,1,2.23696096956732,3.55966766305762,0.475539409011987,1
29,46,1,1,2.23696096956732,3.55966766305762,0.497927832958288,1
29,47,1,1,2.23696096956732,3.55966766305762,0.393571213866352,1
29,48,1,1,2.23696096956732,3.55966766305762,0.518646462921191,1
29,49,-1,1,2.02408598795051,0.647315685365844,1.9321549713975,1
29,50,1,1,2.23696096956732,3.55966766305762,0.828355616910715,1
29,51,1,1,2.23696096956732,3.55966766305762,0.427955526069281,1
29,52,1,1,2.23696096956732,3.55966766305762,0.708904344438114,1
29,53,1,1,2.23696096956732,3.55966766305762,0.934223108549385,1
29,54,1,1,2.23696096956732,3.55966766305762,0.49154081344733,1
29,55,-1,1,2.02408598795051,0.647315685365844,0.291398491814218,1
29,56,-1,1,2.02408598795051,0.647315685365844,0.841617085679145,1
29,57,-1,1,2.02408598795051,0.647315685365844,1.39365691839835,1
29,58,1,1,2.23696096956732,3.55966766305762,0.576427335202979,1
29,59,1,1,2.23696096956732,3.55966766305762,0.400413045643509,1
29,60,-1,1,2.02408598795051,0.647315685365844,0.869782449249669,1
29,61,-1,1,2.02408598795051,0.647315685365844,1.30596946426853,1
29,62,1,1,2.23696096956732,3.55966766305762,0.439367331283888,1
29,63,1,1,2.23696096956732,3.55966766305762,0.662943438916752,1
29,64,1,1,2.23696096956732,3.55966766305762,0.638901487489783,1
29,65,-1,1,2.02408598795051,0.647315685365844,0.58577499529775,1
29,66,-1,1,2.02408598795051,0.647315685365844,1.26372535943016,1
29,67,-1,1,2.02408598795051,0.647315685365844,0.894800643576449,-1
29,68,-1,-1,1.92922474306579,-2.18849031669005,0.49396315416644,-1
29,69,1,-1,2.13212308046827,2.78150696826658,0.351561451746285,1
29,70,-1,1,2.02408598795051,0.647315685365844,1.46988953138127,1
29,71,1,1,2.23696096956732,3.55966766305762,0.619685204754992,1
29,72,-1,1,2.02408598795051,0.647315685365844,0.957981285703678,1
29,73,1,1,2.23696096956732,3.55966766305762,0.336115045178153,1
29,74,1,1,2.23696096956732,3.55966766305762,0.442977730714917,1
29,75,1,1,2.23696096956732,3.55966766305762,0.471093608644587,1
29,76,-1,1,2.02408598795051,0.647315685365844,0.48804451675129,1
29,77,-1,1,2.02408598795051,0.647315685365844,1.1751629360446,-1
29,78,-1,-1,1.92922474306579,-2.18849031669005,0.371771444995322,-1
29,79,-1,-1,1.92922474306579,-2.18849031669005,0.546436651563622,-1
29,80,1,-1,2.13212308046827,2.78150696826658,1.09376310270266,1
29,81,-1,1,2.02408598795051,0.647315685365844,0.357142277272509,1
29,82,1,1,2.23696096956732,3.55966766305762,0.635030581136096,1
29,83,1,1,2.23696096956732,3.55966766305762,0.602346484265422,1
29,84,1,1,2.23696096956732,3.55966766305762,0.716650443976933,1
29,85,-1,1,2.02408598795051,0.647315685365844,0.561689340318222,1
29,86,-1,1,2.02408598795051,0.647315685365844,0.825081883873475,-1
29,87,-1,-1,1.92922474306579,-2.18849031669005,0.744281164584405,1
29,88,-1,1,2.02408598795051,0.647315685365844,0.606628654320792,1
29,89,-1,1,2.02408598795051,0.647315685365844,0.492741241453917,1
29,90,-1,1,2.02408598795051,0.647315685365844,2.08423374022699,-1
29,91,-1,-1,1.92922474306579,-2.18849031669005,0.449107916678258,-1
29,92,-1,-1,1.92922474306579,-2.18849031669005,0.52373833729511,-1
29,93,-1,-1,1.92922474306579,-2.18849031669005,0.457948447606032,1
29,94,1,1,2.23696096956732,3.55966766305762,0.519682633561574,1
29,95,1,1,2.23696096956732,3.55966766305762,0.676553270165348,1
29,96,1,1,2.23696096956732,3.55966766305762,0.58215212555667,1
29,97,-1,1,2.02408598795051,0.647315685365844,2.48628278678481,1
29,98,-1,1,2.02408598795051,0.647315685365844,0.407073976154671,1
29,99,-1,1,2.02408598795051,0.647315685365844,0.621703800566003,1
29,100,-1,1,2.02408598795051,0.647315685365844,0.531418288464057,1
29,101,1,1,2.23696096956732,3.55966766305762,0.464908174955317,1
30,2,-1,-1,1.67372058661398,0.80389889248146,0.635587965204589,-1
30,3,1,-1,1.84974731731028,1.10536598907192,0.595040685182194,1
30,4,-1,1,1.75601852468785,0.37799088185569,0.683579627465254,1
30,5,-1,1,1.75601852468785,0.37799088185569,2.12046955118861,-1
30,6,-1,-1,1.67372058661398,0.80389889248146,0.787169767424174,1
30,7,1,1,1.94070060508711,2.51274423659093,0.420446233845351,1
30,8,1,1,1.94070060508711,2.51274423659093,0.609296377436432,1
30,9,1,1,1.94070060508711,2.51274423659093,0.824634533974825,1
30,10,1,1,1.94070060508711,2.51274423659093,0.707788408004764,1
30,11,-1,1,1.75601852468785,0.37799088185569,0.611450619135399,1
30,12,1,1,1.94070060508711,2.51274423659093,0.468972394949789,1
30,13,1,1,1.94070060508711,2.51274423659093,0.808241839645795,1
30,14,-1,1,1.75601852468785,0.37799088185569,0.590093488225879,1
30,15,-1,1,1.75601852468785,0.37799088185569,0.331876687814875,1
30,16,1,1,1.94070060508711,2.51274423659093,0.519440382607524,1
30,17,-1,1,1.75601852468785,0.37799088185569,0.527721708571748,1
30,18,1,1,1.94070060508711,2.51274423659093,0.570550601112773,1
30,19,1,1,1.94070060508711,2.51274423659093,0.627763372501384,1
30,20,-1,1,1.75601852468785,0.37799088185569,0.444015131419707,-1
30,21,1,-1,1.84974731731028,1.10536598907192,0.349903248255316,-1
30,22,-1,-1,1.67372058661398,0.80389889248146,0.317906602435694,-1
30,23,1,-1,1.84974731731028,1.10536598907192,0.698346173097528,1
30,24,-1,1,1.75601852468785,0.37799088185569,0.518054406992655,-1
30,25,-1,-1,1.67372058661398,0.80389889248146,0.809455907092338,1
30,26,1,1,1.94070060508711,2.51274423659093,0.618671946420995,1
30,27,-1,1,1.75601852468785,0.37799088185569,1.14611165590214,1
30,28,-1,1,1.75601852468785,0.37799088185569,0.30624886879764,1
30,29,1,1,1.94070060508711,2.51274423659093,0.851359492121982,1
30,30,1,1,1.94070060508711,2.51274423659093,0.438437712769278,1
30,31,1,1,1.94070060508711,2.51274423659093,0.551014474232647,1
30,32,1,1,1.94070060508711,2.51274423659093,0.471530272084435,1
30,33,-1,1,1.75601852468785,0.37799088185569,2.07646678398419,-1
30,34,1,-1,1.84974731731028,1.10536598907192,0.868213739024481,1
30,35,1,1,1.94070060508711,2.51274423659093,0.373380840150207,1
30,36,-1,1,1.75601852468785,0.37799088185569,0.466510281838405,1
30,37,1,1,1.94070060508711,2.51274423659093,0.604962990802727,1
30,38,1,1,1.94070060508711,2.51274423659093,0.793998791174627,-1
30,39,-1,-1,1.67372058661398,0.80389889248146,0.631403067805955,1
30,40,1,1,1.94070060508711,2.51274423659093,0.374468705882415,1
30,41,1,1,1.94070060508711,2.51274423659093,0.744627732803764,1
30,42,-1,1,1.75601852468785,0.37799088185569,1.81561635814418,1
30,43,-1,1,1.75601852468785,0.37799088185569,0.350903203121547,-1
30,44,1,-1,1.84974731731028,1.10536598907192,0.837344785702048,1
30,45,-1,1,1.75601852468785,0.37799088185569,0.584711329867766,-1
30,46,-1,-1,1.67372058661398,0.80389889248146,0.843996677700542,1
30,47,1,1,1.94070060508711,2.51274423659093,0.538846476477863,1
30,48,1,1,1.94070060508711,2.51274423659093,0.50427331547435,-1
30,49,1,-1,1.84974731731028,1.10536598907192,0.396996508606501,1
30,50,-1,1,1.75601852468785,0.37799088185569,1.60969614661409,1
30,51,1,1,1.94070060508711,2.51274423659093,0.646035661115892,1
30,52,1,1,1.94070060508711,2.51274423659093,0.313426323350297,1
30,53,1,1,1.94070060508711,2.51274423659093,0.758939387574679,1
30,54,1,1,1.94070060508711,2.51274423659093,0.411553867375559,1
30,55,1,1,1.94070060508711,2.51274423659093,0.462228208263105,1
30,56,-1,1,1.75601852468785,0.37799088185569,0.810080010839316,1
30,57,-1,1,1.75601852468785,0.37799088185569,0.705691365974353,1
30,58,-1,1,1.75601852468785,0.37799088185569,1.43390373885033,-1
30,59,1,-1,1.84974731731028,1.10536598907192,0.992810210123591,-1
30,60,1,-1,1.84974731731028,1.10536598907192,1.6252886045081,1
30,61,1,1,1.94070060508711,2.51274423659093,0.357838992804275,1
30,62,-1,1,1.75601852468785,0.37799088185569,1.42005844849352,1
30,63,-1,1,1.75601852468785,0.37799088185569,0.571037834104982,-1
30,64,1,-1,1.84974731731028,1.10536598907192,2.79575690805931,1
30,65,1,1,1.94070060508711,2.51274423659093,1.15055632200582,1
30,66,-1,1,1.75601852468785,0.37799088185569,1.74629408620063,1
30,67,1,1,1.94070060508711,2.51274423659093,0.334540320724377,1
30,68,1,1,1.94070060508711,2.51274423659093,0.518377311956027,1
30,69,1,1,1.94070060508711,2.51274423659093,0.42549623188952,1
30,70,-1,1,1.75601852468785,0.37799088185569,0.619953759384551,1
30,71,-1,1,1.75601852468785,0.37799088185569,0.9529391219596,1
30,72,-1,1,1.75601852468785,0.37799088185569,1.35527685355273,1
30,73,-1,1,1.75601852468785,0.37799088185569,2.11613494796283,-1
30,74,1,-1,1.84974731731028,1.10536598907192,1.40039424355948,1
30,75,1,1,1.94070060508711,2.51274423659093,0.631288930502073,1
30,76,-1,1,1.75601852468785,0.37799088185569,0.97459811800509,1
30,77,1,1,1.94070060508711,2.51274423659093,0.423476402112358,1
30,78,-1,1,1.75601852468785,0.37799088185569,1.09955638602404,-1
30,79,-1,-1,1.67372058661398,0.80389889248146,0.815690356190002,-1
30,80,-1,-1,1.67372058661398,0.80389889248146,0.972116408350016,1
30,81,-1,1,1.75601852468785,0.37799088185569,0.352685000000653,-1
30,82,-1,-1,1.67372058661398,0.80389889248146,0.733457740106603,1
30,83,-1,1,1.75601852468785,0.37799088185569,1.46620213513395,1
30,84,-1,1,1.75601852468785,0.37799088185569,0.337690873282259,1
30,85,-1,1,1.75601852468785,0.37799088185569,0.814386887844411,-1
30,86,1,-1,1.84974731731028,1.10536598907192,0.619860515897341,1
30,87,-1,1,1.75601852468785,0.37799088185569,0.734440350052483,-1
30,88,-1,-1,1.67372058661398,0.80389889248146,0.727805569468346,1
30,89,1,1,1.94070060508711,2.51274423659093,0.477640912078916,1
30,90,1,1,1.94070060508711,2.51274423659093,0.374154703488428,1
30,91,-1,1,1.75601852468785,0.37799088185569,1.42927253952778,1
30,92,-1,1,1.75601852468785,0.37799088185569,0.532983308629299,-1
30,93,-1,-1,1.67372058661398,0.80389889248146,0.576307753328588,-1
30,94,-1,-1,1.67372058661398,0.80389889248146,0.670599206851418,1
30,95,1,1,1.94070060508711,2.51274423659093,1.22063771018744,1
30,96,1,1,1.94070060508711,2.51274423659093,1.12278502045876,1
30,97,1,1,1.94070060508711,2.51274423659093,0.679388735397004,1
30,98,-1,1,1.75601852468785,0.37799088185569,0.691355904131594,-1
30,99,1,-1,1.84974731731028,1.10536598907192,0.682339077209914,1
30,100,-1,1,1.75601852468785,0.37799088185569,0.659987183085061,1
30,101,-1,1,1.75601852468785,0.37799088185569,0.794885456858571,1
31,2,1,1,2.01718558513489,1.9829481898934,0.944852369351743,1
31,3,-1,1,1.82522499655281,1.07053667769947,0.428847510553344,1
31,4,-1,1,1.82522499655281,1.07053667769947,0.374644403708273,1
31,5,1,1,2.01718558513489,1.9829481898934,0.6410796429077,1
31,6,1,1,2.01718558513489,1.9829481898934,3.61856618670554,1
31,7,1,1,2.01718558513489,1.9829481898934,0.383656126714992,1
31,8,-1,1,1.82522499655281,1.07053667769947,1.21850060642219,1
31,9,1,1,2.01718558513489,1.9829481898934,0.464216516840666,1
31,10,1,1,2.01718558513489,1.9829481898934,0.279739697515092,1
31,11,1,1,2.01718558513489,1.9829481898934,1.90886621658597,1
31,12,1,1,2.01718558513489,1.9829481898934,1.64546778332761,1
31,13,-1,1,1.82522499655281,1.07053667769947,1.36783893917672,1
31,14,1,1,2.01718558513489,1.9829481898934,0.848746068070135,1
31,15,1,1,2.01718558513489,1.9829481898934,0.38193321826145,1
31,16,1,1,2.01718558513489,1.9829481898934,0.567810955815268,1
31,17,-1,1,1.82522499655281,1.07053667769947,0.749467019046411,1
31,18,-1,1,1.82522499655281,1.07053667769947,1.20524498221627,1
31,19,1,1,2.01718558513489,1.9829481898934,1.17050314538838,1
31,20,1,1,2.01718558513489,1.9829481898934,0.645190855534017,1
31,21,1,1,2.01718558513489,1.9829481898934,1.56691702553607,1
31,22,1,1,2.01718558513489,1.9829481898934,0.408722621475728,1
31,23,-1,1,1.82522499655281,1.07053667769947,0.524304141660263,1
31,24,1,1,2.01718558513489,1.9829481898934,1.16766762053028,1
31,25,1,1,2.01718558513489,1.9829481898934,0.490696985921927,1
31,26,-1,1,1.82522499655281,1.07053667769947,0.441282822028733,1
31,27,1,1,2.01718558513489,1.9829481898934,0.597851412147076,1
31,28,1,1,2.01718558513489,1.9829481898934,0.730764182919455,1
31,29,1,1,2.01718558513489,1.9829481898934,0.532779055749515,1
31,30,-1,1,1.82522499655281,1.07053667769947,1.01192885002359,1
31,31,1,1,2.01718558513489,1.9829481898934,0.522303063015999,1
31,32,1,1,2.01718558513489,1.9829481898934,0.381647269668669,1
31,33,-1,1,1.82522499655281,1.07053667769947,0.766916448692683,1
31,34,1,1,2.01718558513489,1.9829481898934,0.838887226921873,1
31,35,-1,1,1.82522499655281,1.07053667769947,0.8089094030625,1
31,36,1,1,2.01718558513489,1.9829481898934,0.493374567573942,1
31,37,-1,1,1.82522499655281,1.07053667769947,0.883572524032048,1
31,38,-1,1,1.82522499655281,1.07053667769947,0.717310584658504,1
31,39,-1,1,1.82522499655281,1.07053667769947,1.15088753170436,1
31,40,-1,1,1.82522499655281,1.07053667769947,0.813032956450891,1
31,41,1,1,2.01718558513489,1.9829481898934,0.409513986979293,1
31,42,1,1,2.01718558513489,1.9829481898934,0.559658231802978,1
31,43,-1,1,1.82522499655281,1.07053667769947,0.399995160225762,1
31,44,-1,1,1.82522499655281,1.07053667769947,0.473788874305391,1
31,45,-1,1,1.82522499655281,1.07053667769947,0.377933422085127,1
31,46,-1,1,1.82522499655281,1.07053667769947,0.625029002625598,1
31,47,-1,1,1.82522499655281,1.07053667769947,0.446825098753075,1
31,48,1,1,2.01718558513489,1.9829481898934,0.995053784519508,1
31,49,-1,1,1.82522499655281,1.07053667769947,0.785657975161683,1
31,50,-1,1,1.82522499655281,1.07053667769947,0.774578035947104,1
31,51,-1,1,1.82522499655281,1.07053667769947,0.981036083849128,1
31,52,1,1,2.01718558513489,1.9829481898934,0.48634224654849,1
31,53,-1,1,1.82522499655281,1.07053667769947,0.395574999093327,1
31,54,-1,1,1.82522499655281,1.07053667769947,0.566882824516481,1
31,55,1,1,2.01718558513489,1.9829481898934,0.639769443921312,1
31,56,-1,1,1.82522499655281,1.07053667769947,0.990933918381428,1
31,57,-1,1,1.82522499655281,1.07053667769947,0.707633751556393,1
31,58,-1,1,1.82522499655281,1.07053667769947,0.39129495218859,1
31,59,-1,1,1.82522499655281,1.07053667769947,0.720515607235345,1
31,60,-1,1,1.82522499655281,1.07053667769947,0.974404333496094,1
31,61,1,1,2.01718558513489,1.9829481898934,0.48162492460827,1
31,62,1,1,2.01718558513489,1.9829481898934,0.472271744009515,1
31,63,-1,1,1.82522499655281,1.07053667769947,0.854622672170382,1
31,64,1,1,2.01718558513489,1.9829481898934,0.486985407614716,1
31,65,-1,1,1.82522499655281,1.07053667769947,0.852211464225216,1
31,66,-1,1,1.82522499655281,1.07053667769947,0.594852634809751,1
31,67,-1,1,1.82522499655281,1.07053667769947,0.440922093263891,1
31,68,1,1,2.01718558513489,1.9829481898934,0.341971817041662,1
31,69,-1,1,1.82522499655281,1.07053667769947,0.277924189951182,-1
31,70,-1,-1,1.73968361323291,0.540137416728636,0.310330911798757,1
31,71,-1,1,1.82522499655281,1.07053667769947,0.974765211128535,1
31,72,1,1,2.01718558513489,1.9829481898934,0.732737139928705,1
31,73,1,1,2.01718558513489,1.9829481898934,0.484966758779231,1
31,74,1,1,2.01718558513489,1.9829481898934,1.62545950311234,1
31,75,-1,1,1.82522499655281,1.07053667769947,1.12277522067265,1
31,76,-1,1,1.82522499655281,1.07053667769947,1.29655451515279,1
31,77,-1,1,1.82522499655281,1.07053667769947,0.915628205785805,-1
31,78,1,-1,1.92264773599777,1.20637771567849,1.00885045107537,1
31,79,-1,1,1.82522499655281,1.07053667769947,0.340866621639673,1
31,80,1,1,2.01718558513489,1.9829481898934,0.821993610788657,1
31,81,-1,1,1.82522499655281,1.07053667769947,0.319226653604537,1
31,82,1,1,2.01718558513489,1.9829481898934,0.764132072291351,1
31,83,-1,1,1.82522499655281,1.07053667769947,2.70758781216105,-1
31,84,-1,-1,1.73968361323291,0.540137416728636,0.710112654879505,1
31,85,1,1,2.01718558513489,1.9829481898934,0.592566480855243,1
31,86,-1,1,1.82522499655281,1.07053667769947,2.2497585545028,-1
31,87,-1,-1,1.73968361323291,0.540137416728636,1.40656321099168,-1
31,88,-1,-1,1.73968361323291,0.540137416728636,0.346358056951083,1
31,89,1,1,2.01718558513489,1.9829481898934,0.704555859405607,1
31,90,1,1,2.01718558513489,1.9829481898934,0.483714149136882,1
31,91,1,1,2.01718558513489,1.9829481898934,1.02720643187134,1
31,92,1,1,2.01718558513489,1.9829481898934,0.432222931875939,1
31,93,1,1,2.01718558513489,1.9829481898934,0.56474721207762,1
31,94,1,1,2.01718558513489,1.9829481898934,0.816396609550944,1
31,95,-1,1,1.82522499655281,1.07053667769947,0.289692008469526,1
31,96,1,1,2.01718558513489,1.9829481898934,0.365447484352852,1
31,97,-1,1,1.82522499655281,1.07053667769947,0.708580993785577,1
31,98,1,1,2.01718558513489,1.9829481898934,0.411710508028012,1
31,99,1,1,2.01718558513489,1.9829481898934,0.392461016508955,1
31,100,1,1,2.01718558513489,1.9829481898934,0.52957453098557,1
31,101,-1,1,1.82522499655281,1.07053667769947,1.36399500025885,1
32,2,-1,1,2.08926001448455,1.59522558317342,0.669002879332736,1
32,3,1,1,2.30898940830663,3.55199285625919,0.676191288141597,1
32,4,-1,1,2.08926001448455,1.59522558317342,0.757696301172129,1
32,5,1,1,2.30898940830663,3.55199285625919,0.771442814810497,1
32,6,-1,1,2.08926001448455,1.59522558317342,0.588114839641616,1
32,7,-1,1,2.08926001448455,1.59522558317342,1.58215300556209,1
32,8,-1,1,2.08926001448455,1.59522558317342,2.11188522055976,1
32,9,1,1,2.30898940830663,3.55199285625919,0.525340485315472,1
32,10,1,1,2.30898940830663,3.55199285625919,0.345286629077254,1
32,11,1,1,2.30898940830663,3.55199285625919,0.354639744383386,1
32,12,-1,1,2.08926001448455,1.59522558317342,0.996286645432806,1
32,13,1,1,2.30898940830663,3.55199285625919,0.416175152022858,1
32,14,-1,1,2.08926001448455,1.59522558317342,0.791991511965264,1
32,15,-1,1,2.08926001448455,1.59522558317342,0.423479279439873,1
32,16,-1,1,2.08926001448455,1.59522558317342,0.799348163828988,1
32,17,-1,1,2.08926001448455,1.59522558317342,0.75769106554918,1
32,18,-1,1,2.08926001448455,1.59522558317342,0.277032900229766,1
32,19,1,1,2.30898940830663,3.55199285625919,0.387837326169471,1
32,20,1,1,2.30898940830663,3.55199285625919,0.381267316138518,1
32,21,1,1,2.30898940830663,3.55199285625919,0.777263017752461,1
32,22,-1,1,2.08926001448455,1.59522558317342,0.882056247005535,1
32,23,1,1,2.30898940830663,3.55199285625919,0.4518595265067,1
32,24,1,1,2.30898940830663,3.55199285625919,0.421468647389993,1
32,25,1,1,2.30898940830663,3.55199285625919,0.474723798441539,1
32,26,1,1,2.30898940830663,3.55199285625919,0.522490954004199,1
32,27,1,1,2.30898940830663,3.55199285625919,0.65887181164732,1
32,28,1,1,2.30898940830663,3.55199285625919,0.509366512755629,1
32,29,1,1,2.30898940830663,3.55199285625919,0.622729578930216,1
32,30,-1,1,2.08926001448455,1.59522558317342,1.56570893558831,1
32,31,-1,1,2.08926001448455,1.59522558317342,1.04219438527693,1
32,32,-1,1,2.08926001448455,1.59522558317342,0.850488895411943,1
32,33,-1,1,2.08926001448455,1.59522558317342,0.741630609630701,1
32,34,-1,1,2.08926001448455,1.59522558317342,0.411382954859292,1
32,35,1,1,2.30898940830663,3.55199285625919,0.635391624081928,1
32,36,1,1,2.30898940830663,3.55199285625919,0.403359140721905,1
32,37,1,1,2.30898940830663,3.55199285625919,0.506948138240284,1
32,38,1,1,2.30898940830663,3.55199285625919,0.389285501643458,1
32,39,1,1,2.30898940830663,3.55199285625919,0.478693545799464,1
32,40,1,1,2.30898940830663,3.55199285625919,0.45482959054615,1
32,41,1,1,2.30898940830663,3.55199285625919,0.532773235376152,1
32,42,1,1,2.30898940830663,3.55199285625919,0.349678840011639,1
32,43,-1,1,2.08926001448455,1.59522558317342,0.802700763986536,1
32,44,1,1,2.30898940830663,3.55199285625919,1.33323177019895,1
32,45,-1,1,2.08926001448455,1.59522558317342,0.857423911522897,1
32,46,-1,1,2.08926001448455,1.59522558317342,0.78450023103585,1
32,47,-1,1,2.08926001448455,1.59522558317342,1.17066089339934,1
32,48,1,1,2.30898940830663,3.55199285625919,0.466558434322304,1
32,49,-1,1,2.08926001448455,1.59522558317342,0.391931402030072,1
32,50,1,1,2.30898940830663,3.55199285625919,0.32086005479569,1
32,51,-1,1,2.08926001448455,1.59522558317342,0.70775070300807,1
32,52,-1,1,2.08926001448455,1.59522558317342,1.24459341906948,1
32,53,-1,1,2.08926001448455,1.59522558317342,0.823299338908554,1
32,54,-1,1,2.08926001448455,1.59522558317342,1.2345479355528,1
32,55,1,1,2.30898940830663,3.55199285625919,0.405860936201748,1
32,56,1,1,2.30898940830663,3.55199285625919,0.553312609592974,1
32,57,-1,1,2.08926001448455,1.59522558317342,0.396208713565191,1
32,58,1,1,2.30898940830663,3.55199285625919,0.563350073360697,1
32,59,1,1,2.30898940830663,3.55199285625919,0.388027230881488,1
32,60,-1,1,2.08926001448455,1.59522558317342,0.988701703031777,1
32,61,-1,1,2.08926001448455,1.59522558317342,0.35522763685134,1
32,62,-1,1,2.08926001448455,1.59522558317342,0.518303094006547,-1
32,63,-1,-1,1.99134430979526,-1.14828955981812,0.542641084979494,-1
32,64,-1,-1,1.99134430979526,-1.14828955981812,0.718756264472036,1
32,65,1,1,2.30898940830663,3.55199285625919,0.389962994362025,1
32,66,-1,1,2.08926001448455,1.59522558317342,0.553283421867719,-1
32,67,1,-1,2.20077581906114,0.801071120385515,1.03634811054724,1
32,68,-1,1,2.08926001448455,1.59522558317342,1.21714472160779,1
32,69,1,1,2.30898940830663,3.55199285625919,0.368112003710094,1
32,70,-1,1,2.08926001448455,1.59522558317342,0.780671325819776,1
32,71,-1,1,2.08926001448455,1.59522558317342,0.990901537862492,1
32,72,1,1,2.30898940830663,3.55199285625919,0.350287418930187,1
32,73,-1,1,2.08926001448455,1.59522558317342,0.829270376023912,1
32,74,-1,1,2.08926001448455,1.59522558317342,1.94763607920997,1
32,75,-1,1,2.08926001448455,1.59522558317342,1.63948947747243,1
32,76,-1,1,2.08926001448455,1.59522558317342,0.828770539964655,1
32,77,1,1,2.30898940830663,3.55199285625919,0.513139321197673,1
32,78,1,1,2.30898940830663,3.55199285625919,1.15860442190359,1
32,79,1,1,2.30898940830663,3.55199285625919,0.493809979287153,1
32,80,-1,1,2.08926001448455,1.59522558317342,1.39164154944289,1
32,81,1,1,2.30898940830663,3.55199285625919,0.371009183668731,1
32,82,-1,1,2.08926001448455,1.59522558317342,0.848427148459595,1
32,83,-1,1,2.08926001448455,1.59522558317342,0.665938555008766,1
32,84,1,1,2.30898940830663,3.55199285625919,0.508860165105259,1
32,85,-1,1,2.08926001448455,1.59522558317342,0.811875745950965,1
32,86,-1,1,2.08926001448455,1.59522558317342,0.563514305927847,1
32,87,-1,1,2.08926001448455,1.59522558317342,0.68558265396277,1
32,88,1,1,2.30898940830663,3.55199285625919,0.592912036147486,1
32,89,-1,1,2.08926001448455,1.59522558317342,0.880732403566708,1
32,90,-1,1,2.08926001448455,1.59522558317342,0.282216541239919,1
32,91,1,1,2.30898940830663,3.55199285625919,0.403155588236815,1
32,92,1,1,2.30898940830663,3.55199285625919,0.399619326236534,1
32,93,1,1,2.30898940830663,3.55199285625919,0.331865019859604,1
32,94,1,1,2.30898940830663,3.55199285625919,0.788277048615442,1
32,95,1,1,2.30898940830663,3.55199285625919,0.388874822646905,1
32,96,-1,1,2.08926001448455,1.59522558317342,1.7753598940821,1
32,97,1,1,2.30898940830663,3.55199285625919,0.334681973740499,1
32,98,1,1,2.30898940830663,3.55199285625919,0.322841394487992,1
32,99,-1,1,2.08926001448455,1.59522558317342,0.597239211459274,1
32,100,1,1,2.30898940830663,3.55199285625919,0.544839989279664,1
32,101,1,1,2.30898940830663,3.55199285625919,0.852749285893202,1
33,2,-1,1,1.4446075398471,0.298380322669842,0.694828123643656,1
33,3,1,1,1.59653824107183,2.68815684525985,0.604407722019136,1
33,4,-1,1,1.4446075398471,0.298380322669842,0.942536066152028,1
33,5,1,1,1.59653824107183,2.68815684525985,0.482862362727815,1
33,6,1,1,1.59653824107183,2.68815684525985,0.47028705556954,-1
33,7,-1,-1,1.37690425529519,-0.175551556053008,0.605053417983818,1
33,8,1,1,1.59653824107183,2.68815684525985,0.446585165581545,1
33,9,-1,1,1.4446075398471,0.298380322669842,0.899615718693093,1
33,10,-1,1,1.4446075398471,0.298380322669842,0.516015085842262,-1
33,11,-1,-1,1.37690425529519,-0.175551556053008,0.474684983682428,1
33,12,-1,1,1.4446075398471,0.298380322669842,0.309039084770821,-1
33,13,-1,-1,1.37690425529519,-0.175551556053008,0.423123396253389,1
33,14,1,1,1.59653824107183,2.68815684525985,0.711223707778697,1
33,15,1,1,1.59653824107183,2.68815684525985,0.431319593038999,1
33,16,-1,1,1.4446075398471,0.298380322669842,0.807981334041397,-1
33,17,-1,-1,1.37690425529519,-0.175551556053008,0.765752426437283,1
33,18,1,1,1.59653824107183,2.68815684525985,0.385092891114475,1
33,19,1,1,1.59653824107183,2.68815684525985,0.369773661728538,1
33,20,-1,1,1.4446075398471,0.298380322669842,1.07044281400805,1
33,21,1,1,1.59653824107183,2.68815684525985,0.580874554508391,-1
33,22,1,-1,1.52171453992685,1.98901438812331,0.488677895779877,1
33,23,-1,1,1.4446075398471,0.298380322669842,0.983603811834173,1
33,24,-1,1,1.4446075398471,0.298380322669842,0.54109866049523,1
33,25,1,1,1.59653824107183,2.68815684525985,0.484634861050902,1
33,26,1,1,1.59653824107183,2.68815684525985,0.639665933157738,1
33,27,-1,1,1.4446075398471,0.298380322669842,0.281906851477158,-1
33,28,1,-1,1.52171453992685,1.98901438812331,0.318359163930172,1
33,29,-1,1,1.4446075398471,0.298380322669842,0.82404905119787,1
33,30,1,1,1.59653824107183,2.68815684525985,0.398328766852706,1
33,31,-1,1,1.4446075398471,0.298380322669842,0.465879122063089,1
33,32,1,1,1.59653824107183,2.68815684525985,0.280856781017509,1
33,33,1,1,1.59653824107183,2.68815684525985,0.474167913581463,1
33,34,1,1,1.59653824107183,2.68815684525985,0.53887744631198,1
33,35,-1,1,1.4446075398471,0.298380322669842,0.431394175923832,1
33,36,-1,1,1.4446075398471,0.298380322669842,1.01424115650547,-1
33,37,1,-1,1.52171453992685,1.98901438812331,0.386566182042252,1
33,38,-1,1,1.4446075398471,0.298380322669842,0.610255871164944,1
33,39,1,1,1.59653824107183,2.68815684525985,0.634135265653495,1
33,40,1,1,1.59653824107183,2.68815684525985,0.372342882982271,1
33,41,1,1,1.59653824107183,2.68815684525985,0.411138827248877,1
33,42,1,1,1.59653824107183,2.68815684525985,0.345259946902267,1
33,43,-1,1,1.4446075398471,0.298380322669842,0.864760144230762,1
33,44,1,1,1.59653824107183,2.68815684525985,0.607602834073806,1
33,45,1,1,1.59653824107183,2.68815684525985,0.571195245056679,1
33,46,1,1,1.59653824107183,2.68815684525985,0.393124149798492,1
33,47,-1,1,1.4446075398471,0.298380322669842,1.12091340543467,1
33,48,1,1,1.59653824107183,2.68815684525985,0.361205707005278,1
33,49,-1,1,1.4446075398471,0.298380322669842,0.625781251602673,-1
33,50,-1,-1,1.37690425529519,-0.175551556053008,0.542157829363103,-1
33,51,-1,-1,1.37690425529519,-0.175551556053008,0.413253572655352,1
33,52,-1,1,1.4446075398471,0.298380322669842,1.26215045037166,1
33,53,1,1,1.59653824107183,2.68815684525985,0.478572694054186,1
33,54,-1,1,1.4446075398471,0.298380322669842,0.305919996145156,-1
33,55,1,-1,1.52171453992685,1.98901438812331,0.401275502147639,1
33,56,-1,1,1.4446075398471,0.298380322669842,0.280415865538913,-1
33,57,-1,-1,1.37690425529519,-0.175551556053008,0.410638370606131,-1
33,58,1,-1,1.52171453992685,1.98901438812331,1.39733038702498,1
33,59,1,1,1.59653824107183,2.68815684525985,0.369573743440706,-1
33,60,-1,-1,1.37690425529519,-0.175551556053008,0.500140484315328,1
33,61,1,1,1.59653824107183,2.68815684525985,0.426582953521672,1
33,62,1,1,1.59653824107183,2.68815684525985,0.637948828124004,1
33,63,1,1,1.59653824107183,2.68815684525985,0.858713531379845,1
33,64,-1,1,1.4446075398471,0.298380322669842,1.86962235407301,1
33,65,-1,1,1.4446075398471,0.298380322669842,0.431506650080742,-1
33,66,1,-1,1.52171453992685,1.98901438812331,0.39297897797536,1
33,67,-1,1,1.4446075398471,0.298380322669842,1.01297333828437,1
33,68,1,1,1.59653824107183,2.68815684525985,0.563740751200995,1
33,69,1,1,1.59653824107183,2.68815684525985,0.381590366991111,1
33,70,-1,1,1.4446075398471,0.298380322669842,1.13044190885683,1
33,71,-1,1,1.4446075398471,0.298380322669842,0.532413645197864,-1
33,72,-1,-1,1.37690425529519,-0.175551556053008,0.374184623845282,-1
33,73,-1,-1,1.37690425529519,-0.175551556053008,0.828177288160342,1
33,74,1,1,1.59653824107183,2.68815684525985,0.497072497349269,1
33,75,-1,1,1.4446075398471,0.298380322669842,0.368153611455083,1
33,76,1,1,1.59653824107183,2.68815684525985,0.603047208671706,1
33,77,-1,1,1.4446075398471,0.298380322669842,0.976641886471222,1
33,78,-1,1,1.4446075398471,0.298380322669842,0.698884300986216,1
33,79,1,1,1.59653824107183,2.68815684525985,0.413808453039513,1
33,80,-1,1,1.4446075398471,0.298380322669842,1.82080377509007,1
33,81,1,1,1.59653824107183,2.68815684525985,0.824563382022758,1
33,82,1,1,1.59653824107183,2.68815684525985,0.507824003486992,1
33,83,-1,1,1.4446075398471,0.298380322669842,0.630049438890799,1
33,84,-1,1,1.4446075398471,0.298380322669842,0.421836420107981,-1
33,85,1,-1,1.52171453992685,1.98901438812331,0.437261263290853,1
33,86,1,1,1.59653824107183,2.68815684525985,0.446988184903305,1
33,87,-1,1,1.4446075398471,0.298380322669842,0.513214690213801,1
33,88,1,1,1.59653824107183,2.68815684525985,0.622866936494799,1
33,89,1,1,1.59653824107183,2.68815684525985,0.443834637881673,1
33,90,1,1,1.59653824107183,2.68815684525985,0.905073658742768,1
33,91,-1,1,1.4446075398471,0.298380322669842,0.350085178650814,1
33,92,1,1,1.59653824107183,2.68815684525985,0.423162968749997,1
33,93,-1,1,1.4446075398471,0.298380322669842,0.827104121800583,1
33,94,-1,1,1.4446075398471,0.298380322669842,0.33744279108288,1
33,95,-1,1,1.4446075398471,0.298380322669842,0.784947481082368,-1
33,96,-1,-1,1.37690425529519,-0.175551556053008,0.359103055869776,-1
33,97,1,-1,1.52171453992685,1.98901438812331,0.786102419139312,1
33,98,1,1,1.59653824107183,2.68815684525985,0.568870174456853,1
33,99,-1,1,1.4446075398471,0.298380322669842,0.588907054344678,1
33,100,1,1,1.59653824107183,2.68815684525985,0.557055539176317,1
33,101,-1,1,1.4446075398471,0.298380322669842,0.761498791925993,1
34,2,1,1,1.99715216243302,3.20918534803484,0.794939224386389,1
34,3,-1,1,1.80709800608083,0.250578693362361,0.40563685988028,-1
34,4,1,-1,1.90355320394981,2.02230669681627,0.341606183970488,1
34,5,-1,1,1.80709800608083,0.250578693362361,0.472635904363992,1
34,6,1,1,1.99715216243302,3.20918534803484,0.452865377839749,1
34,7,-1,1,1.80709800608083,0.250578693362361,1.45645963274232,-1
34,8,1,-1,1.90355320394981,2.02230669681627,0.561135208603456,1
34,9,-1,1,1.80709800608083,0.250578693362361,1.05114175756702,1
34,10,1,1,1.99715216243302,3.20918534803484,0.694397662267762,1
34,11,-1,1,1.80709800608083,0.250578693362361,2.40545004955372,-1
34,12,1,-1,1.90355320394981,2.02230669681627,0.692946961450828,1
34,13,1,1,1.99715216243302,3.20918534803484,0.427389108541145,1
34,14,1,1,1.99715216243302,3.20918534803484,0.383498435609013,1
34,15,-1,1,1.80709800608083,0.250578693362361,2.00121351872147,1
34,16,-1,1,1.80709800608083,0.250578693362361,0.567471645457411,1
34,17,1,1,1.99715216243302,3.20918534803484,0.6025953614427,1
34,18,1,1,1.99715216243302,3.20918534803484,0.471074498905509,1
34,19,-1,1,1.80709800608083,0.250578693362361,0.689760800510953,1
34,20,1,1,1.99715216243302,3.20918534803484,0.444491826221636,1
34,21,1,1,1.99715216243302,3.20918534803484,0.560688232603161,1
34,22,-1,1,1.80709800608083,0.250578693362361,1.08654411209082,1
34,23,-1,1,1.80709800608083,0.250578693362361,1.12622035908531,1
34,24,1,1,1.99715216243302,3.20918534803484,0.615212868523815,1
34,25,1,1,1.99715216243302,3.20918534803484,0.31821370567268,1
34,26,-1,1,1.80709800608083,0.250578693362361,0.541577848120504,1
34,27,1,1,1.99715216243302,3.20918534803484,0.463125625093186,1
34,28,-1,1,1.80709800608083,0.250578693362361,1.59712351527117,1
34,29,-1,1,1.80709800608083,0.250578693362361,1.05958911618313,-1
34,30,-1,-1,1.72240616615603,-0.68207073821347,0.823647336630884,1
34,31,1,1,1.99715216243302,3.20918534803484,0.465209242084379,1
34,32,1,1,1.99715216243302,3.20918534803484,0.30193354225841,1
34,33,-1,1,1.80709800608083,0.250578693362361,1.83944325843286,1
34,34,-1,1,1.80709800608083,0.250578693362361,0.948822089678298,1
34,35,1,1,1.99715216243302,3.20918534803484,0.47662416351908,1
34,36,-1,1,1.80709800608083,0.250578693362361,0.755016528116116,1
34,37,1,1,1.99715216243302,3.20918534803484,1.73142294855031,1
34,38,1,1,1.99715216243302,3.20918534803484,0.378032843159843,1
34,39,-1,1,1.80709800608083,0.250578693362361,0.592765123493707,-1
34,40,-1,-1,1.72240616615603,-0.68207073821347,2.05797780102087,1
34,41,1,1,1.99715216243302,3.20918534803484,0.489758901238633,1
34,42,1,1,1.99715216243302,3.20918534803484,0.601295534926239,1
34,43,1,1,1.99715216243302,3.20918534803484,0.539417337807307,1
34,44,-1,1,1.80709800608083,0.250578693362361,0.638106221265065,-1
34,45,1,-1,1.90355320394981,2.02230669681627,0.48091148847482,1
34,46,-1,1,1.80709800608083,0.250578693362361,0.543233079049794,-1
34,47,1,-1,1.90355320394981,2.02230669681627,0.802979463132187,1
34,48,-1,1,1.80709800608083,0.250578693362361,0.881700370260446,1
34,49,1,1,1.99715216243302,3.20918534803484,0.73904636441939,1
34,50,1,1,1.99715216243302,3.20918534803484,0.654399155267301,1
34,51,-1,1,1.80709800608083,0.250578693362361,1.40700149223689,1
34,52,1,1,1.99715216243302,3.20918534803484,0.483650127864453,1
34,53,1,1,1.99715216243302,3.20918534803484,0.434735756920327,1
34,54,-1,1,1.80709800608083,0.250578693362361,0.802240165299385,-1
34,55,1,-1,1.90355320394981,2.02230669681627,1.20636244266889,1
34,56,1,1,1.99715216243302,3.20918534803484,0.43880229780843,1
34,57,1,1,1.99715216243302,3.20918534803484,0.36077155523541,1
34,58,1,1,1.99715216243302,3.20918534803484,0.350296816229669,1
34,59,-1,1,1.80709800608083,0.250578693362361,2.46433990352411,1
34,60,1,1,1.99715216243302,3.20918534803484,0.419038396409352,1
34,61,-1,1,1.80709800608083,0.250578693362361,0.369950681419488,1
34,62,-1,1,1.80709800608083,0.250578693362361,1.00989343162039,-1
34,63,1,-1,1.90355320394981,2.02230669681627,0.651275901577111,1
34,64,-1,1,1.80709800608083,0.250578693362361,1.28072863450791,1
34,65,-1,1,1.80709800608083,0.250578693362361,0.533336597597647,1
34,66,-1,1,1.80709800608083,0.250578693362361,0.479026666989922,1
34,67,-1,1,1.80709800608083,0.250578693362361,0.500168691399151,1
34,68,1,1,1.99715216243302,3.20918534803484,0.424910685037797,1
34,69,-1,1,1.80709800608083,0.250578693362361,1.34646079370889,1
34,70,1,1,1.99715216243302,3.20918534803484,1.05755101460269,1
34,71,-1,1,1.80709800608083,0.250578693362361,0.46130200538717,1
34,72,1,1,1.99715216243302,3.20918534803484,0.579274551993709,1
34,73,-1,1,1.80709800608083,0.250578693362361,0.97697908848208,1
34,74,1,1,1.99715216243302,3.20918534803484,0.843969124935248,1
34,75,1,1,1.99715216243302,3.20918534803484,0.5591545733273,1
34,76,-1,1,1.80709800608083,0.250578693362361,0.97938451701929,-1
34,77,-1,-1,1.72240616615603,-0.68207073821347,0.449084272867269,1
34,78,-1,1,1.80709800608083,0.250578693362361,1.46301694248019,-1
34,79,1,-1,1.90355320394981,2.02230669681627,1.15262788043949,1
34,80,1,1,1.99715216243302,3.20918534803484,0.586478191335925,1
34,81,1,1,1.99715216243302,3.20918534803484,0.337760314963382,1
34,82,-1,1,1.80709800608083,0.250578693362361,0.880703504572274,1
34,83,-1,1,1.80709800608083,0.250578693362361,1.42345640734721,-1
34,84,-1,-1,1.72240616615603,-0.68207073821347,0.738632434412141,-1
34,85,-1,-1,1.72240616615603,-0.68207073821347,1.87595643800639,-1
34,86,-1,-1,1.72240616615603,-0.68207073821347,0.62827671895005,1
34,87,-1,1,1.80709800608083,0.250578693362361,0.336915484048153,1
34,88,1,1,1.99715216243302,3.20918534803484,0.863826638450577,1
34,89,-1,1,1.80709800608083,0.250578693362361,1.24439372273187,1
34,90,-1,1,1.80709800608083,0.250578693362361,1.57222128894154,-1
34,91,-1,-1,1.72240616615603,-0.68207073821347,0.927192442435588,-1
34,92,-1,-1,1.72240616615603,-0.68207073821347,0.605998945608737,-1
34,93,-1,-1,1.72240616615603,-0.68207073821347,0.437468831325593,1
34,94,-1,1,1.80709800608083,0.250578693362361,0.843310951417139,1
34,95,1,1,1.99715216243302,3.20918534803484,0.967837791010792,1
34,96,1,1,1.99715216243302,3.20918534803484,0.30480389030829,1
34,97,-1,1,1.80709800608083,0.250578693362361,0.693018190385536,-1
34,98,1,-1,1.90355320394981,2.02230669681627,0.495075663386212,1
34,99,1,1,1.99715216243302,3.20918534803484,0.405098453629719,1
34,100,1,1,1.99715216243302,3.20918534803484,0.643255460539901,1
34,101,1,1,1.99715216243302,3.20918534803484,0.509673005039432,1
35,2,-1,1,1.74471030442572,1.01899877146034,2.10916566779945,1
35,3,-1,1,1.74471030442572,1.01899877146034,0.380350552379288,1
35,4,-1,1,1.74471030442572,1.01899877146034,0.66053832560261,1
35,5,1,1,1.92820308891822,2.96719079633428,0.684184370626221,1
35,6,-1,1,1.74471030442572,1.01899877146034,1.13491849631907,1
35,7,1,1,1.92820308891822,2.96719079633428,0.407594098750797,1
35,8,-1,1,1.74471030442572,1.01899877146034,1.13676093021386,1
35,9,-1,1,1.74471030442572,1.01899877146034,0.458064472678017,1
35,10,-1,1,1.74471030442572,1.01899877146034,0.602356781086173,1
35,11,-1,1,1.74471030442572,1.01899877146034,0.594742031321011,1
35,12,1,1,1.92820308891822,2.96719079633428,0.691187901491611,1
35,13,-1,1,1.74471030442572,1.01899877146034,0.725633621047079,1
35,14,1,1,1.92820308891822,2.96719079633428,0.485240410066922,1
35,15,-1,1,1.74471030442572,1.01899877146034,0.662063975146787,1
35,16,-1,1,1.74471030442572,1.01899877146034,0.619371358156394,-1
35,17,-1,-1,1.66294233981043,-0.0138131244226441,0.78637153419501,1
35,18,1,1,1.92820308891822,2.96719079633428,0.645141660203216,1
35,19,-1,1,1.74471030442572,1.01899877146034,0.414767815863687,1
35,20,-1,1,1.74471030442572,1.01899877146034,0.347262175949245,1
35,21,-1,1,1.74471030442572,1.01899877146034,2.00236431341244,1
35,22,-1,1,1.74471030442572,1.01899877146034,0.533173745489455,1
35,23,-1,1,1.74471030442572,1.01899877146034,0.856887520830838,-1
35,24,1,-1,1.83783551239516,0.827623556628021,1.01977568253283,1
35,25,-1,1,1.74471030442572,1.01899877146034,1.18349699399728,-1
35,26,1,-1,1.83783551239516,0.827623556628021,1.33648235029206,-1
35,27,1,-1,1.83783551239516,0.827623556628021,0.68652038410378,1
35,28,-1,1,1.74471030442572,1.01899877146034,0.775865618114087,1
35,29,-1,1,1.74471030442572,1.01899877146034,0.407360143073106,1
35,30,-1,1,1.74471030442572,1.01899877146034,1.4208426640965,1
35,31,1,1,1.92820308891822,2.96719079633428,0.525036638568453,1
35,32,1,1,1.92820308891822,2.96719079633428,0.355100617912802,1
35,33,-1,1,1.74471030442572,1.01899877146034,3.74503755578674,1
35,34,1,1,1.92820308891822,2.96719079633428,0.882448908012057,1
35,35,-1,1,1.74471030442572,1.01899877146034,1.36211899651945,1
35,36,-1,1,1.74471030442572,1.01899877146034,0.357235593745773,1
35,37,1,1,1.92820308891822,2.96719079633428,0.378778219212839,1
35,38,1,1,1.92820308891822,2.96719079633428,0.454400653192946,1
35,39,1,1,1.92820308891822,2.96719079633428,0.375957360883512,1
35,40,1,1,1.92820308891822,2.96719079633428,0.327052866355272,1
35,41,1,1,1.92820308891822,2.96719079633428,0.543387919750159,1
35,42,1,1,1.92820308891822,2.96719079633428,0.765450201845232,1
35,43,-1,1,1.74471030442572,1.01899877146034,1.06215043626949,-1
35,44,1,-1,1.83783551239516,0.827623556628021,3.52265826219261,1
35,45,1,1,1.92820308891822,2.96719079633428,0.324104702581001,1
35,46,-1,1,1.74471030442572,1.01899877146034,1.08425188186157,1
35,47,-1,1,1.74471030442572,1.01899877146034,1.29862279953574,-1
35,48,-1,-1,1.66294233981043,-0.0138131244226441,0.857828910901781,1
35,49,1,1,1.92820308891822,2.96719079633428,0.610964239911661,1
35,50,1,1,1.92820308891822,2.96719079633428,1.0931522868543,1
35,51,-1,1,1.74471030442572,1.01899877146034,0.617011360482015,1
35,52,1,1,1.92820308891822,2.96719079633428,0.358397159680178,1
35,53,1,1,1.92820308891822,2.96719079633428,0.350105594254356,1
35,54,1,1,1.92820308891822,2.96719079633428,0.62140686552884,1
35,55,-1,1,1.74471030442572,1.01899877146034,0.717061340177776,-1
35,56,-1,-1,1.66294233981043,-0.0138131244226441,1.68078327062785,-1
35,57,-1,-1,1.66294233981043,-0.0138131244226441,0.38793622777624,-1
35,58,1,-1,1.83783551239516,0.827623556628021,0.929968244233376,1
35,59,-1,1,1.74471030442572,1.01899877146034,1.42591816183079,1
35,60,1,1,1.92820308891822,2.96719079633428,0.558299279695485,1
35,61,-1,1,1.74471030442572,1.01899877146034,0.669032282623191,1
35,62,1,1,1.92820308891822,2.96719079633428,0.722233086164075,1
35,63,-1,1,1.74471030442572,1.01899877146034,0.874369381999496,1
35,64,-1,1,1.74471030442572,1.01899877146034,0.512640869786248,1
35,65,1,1,1.92820308891822,2.96719079633428,0.704869743430944,1
35,66,1,1,1.92820308891822,2.96719079633428,0.437500162628201,1
35,67,1,1,1.92820308891822,2.96719079633428,0.587626107083285,1
35,68,1,1,1.92820308891822,2.96719079633428,0.494490743362608,1
35,69,-1,1,1.74471030442572,1.01899877146034,0.664090359795835,1
35,70,1,1,1.92820308891822,2.96719079633428,0.411724793660875,1
35,71,-1,1,1.74471030442572,1.01899877146034,0.553018412545323,1
35,72,-1,1,1.74471030442572,1.01899877146034,0.489564166897675,1
35,73,-1,1,1.74471030442572,1.01899877146034,1.56387680828718,1
35,74,1,1,1.92820308891822,2.96719079633428,0.382558182860338,1
35,75,-1,1,1.74471030442572,1.01899877146034,0.484690693729301,1
35,76,1,1,1.92820308891822,2.96719079633428,0.946055587990049,1
35,77,1,1,1.92820308891822,2.96719079633428,0.570609460687327,1
35,78,-1,1,1.74471030442572,1.01899877146034,0.639261890194967,1
35,79,1,1,1.92820308891822,2.96719079633428,0.523296027108538,1
35,80,1,1,1.92820308891822,2.96719079633428,0.703645795755589,1
35,81,-1,1,1.74471030442572,1.01899877146034,0.590249869763777,1
35,82,1,1,1.92820308891822,2.96719079633428,0.506653795748892,1
35,83,1,1,1.92820308891822,2.96719079633428,0.826357142401083,1
35,84,1,1,1.92820308891822,2.96719079633428,0.738940917559355,1
35,85,-1,1,1.74471030442572,1.01899877146034,0.816281281985398,1
35,86,-1,1,1.74471030442572,1.01899877146034,0.74829671208012,-1
35,87,1,-1,1.83783551239516,0.827623556628021,0.520360378997526,1
35,88,-1,1,1.74471030442572,1.01899877146034,0.593172105656001,1
35,89,-1,1,1.74471030442572,1.01899877146034,0.624352565560586,1
35,90,-1,1,1.74471030442572,1.01899877146034,0.530730551765156,1
35,91,-1,1,1.74471030442572,1.01899877146034,0.458611139594477,1
35,92,1,1,1.92820308891822,2.96719079633428,0.460458613623935,1
35,93,1,1,1.92820308891822,2.96719079633428,0.426186827952987,1
35,94,1,1,1.92820308891822,2.96719079633428,0.547625321900568,1
35,95,1,1,1.92820308891822,2.96719079633428,0.425632164082443,1
35,96,1,1,1.92820308891822,2.96719079633428,0.481528938616479,1
35,97,-1,1,1.74471030442572,1.01899877146034,0.440296070604739,-1
35,98,1,-1,1.83783551239516,0.827623556628021,0.843301959655463,1
35,99,1,1,1.92820308891822,2.96719079633428,0.41086260096325,1
35,100,1,1,1.92820308891822,2.96719079633428,0.528945588050578,1
35,101,1,1,1.92820308891822,2.96719079633428,0.380288282061708,1
36,2,-1,1,2.17515510792287,0.129706224120763,1.68696973046129,1
36,3,-1,1,2.17515510792287,0.129706224120763,1.89398085191487,-1
36,4,-1,-1,2.0732138254955,0.420150092712643,1.5061904410201,-1
36,5,-1,-1,2.0732138254955,0.420150092712643,0.405671885330517,1
36,6,-1,1,2.17515510792287,0.129706224120763,0.840035352363466,1
36,7,1,1,2.40391816758005,3.60150205406615,0.536566442531195,1
36,8,1,1,2.40391816758005,3.60150205406615,0.595139478599035,1
36,9,1,1,2.40391816758005,3.60150205406615,0.456865931354556,1
36,10,-1,1,2.17515510792287,0.129706224120763,4.01126805361702,-1
36,11,-1,-1,2.0732138254955,0.420150092712643,1.02551281801311,1
36,12,-1,1,2.17515510792287,0.129706224120763,3.28891617096545,-1
36,13,-1,-1,2.0732138254955,0.420150092712643,0.522684104378061,1
36,14,1,1,2.40391816758005,3.60150205406615,0.479518609763448,1
36,15,-1,1,2.17515510792287,0.129706224120763,0.556197878477802,-1
36,16,-1,-1,2.0732138254955,0.420150092712643,0.977772597266621,-1
36,17,-1,-1,2.0732138254955,0.420150092712643,0.54523768111809,-1
36,18,1,-1,2.29125562688999,0.648641629100439,0.561020609800185,1
36,19,-1,1,2.17515510792287,0.129706224120763,0.956695431078997,1
36,20,1,1,2.40391816758005,3.60150205406615,0.468928322967106,1
36,21,-1,1,2.17515510792287,0.129706224120763,0.458646547244194,1
36,22,1,1,2.40391816758005,3.60150205406615,0.55945682316158,1
36,23,-1,1,2.17515510792287,0.129706224120763,1.62845159045054,-1
36,24,-1,-1,2.0732138254955,0.420150092712643,2.45604505427302,1
36,25,1,1,2.40391816758005,3.60150205406615,0.546607572978091,1
36,26,1,1,2.40391816758005,3.60150205406615,0.810884927301871,1
36,27,1,1,2.40391816758005,3.60150205406615,0.574025656671264,1
36,28,1,1,2.40391816758005,3.60150205406615,0.517644993674562,1
36,29,1,1,2.40391816758005,3.60150205406615,0.857370595826265,1
36,30,-1,1,2.17515510792287,0.129706224120763,0.992547830725144,1
36,31,-1,1,2.17515510792287,0.129706224120763,0.524669528594537,1
36,32,-1,1,2.17515510792287,0.129706224120763,1.54233344713782,1
36,33,-1,1,2.17515510792287,0.129706224120763,3.88266607533725,-1
36,34,-1,-1,2.0732138254955,0.420150092712643,1.26220397151424,1
36,35,-1,1,2.17515510792287,0.129706224120763,1.1090003045033,1
36,36,1,1,2.40391816758005,3.60150205406615,0.641722630697261,1
36,37,-1,1,2.17515510792287,0.129706224120763,1.82039911505981,1
36,38,1,1,2.40391816758005,3.60150205406615,0.552085036199368,1
36,39,-1,1,2.17515510792287,0.129706224120763,0.347058075323283,-1
36,40,-1,-1,2.0732138254955,0.420150092712643,0.7973908454862,1
36,41,-1,1,2.17515510792287,0.129706224120763,2.99522153598089,-1
36,42,-1,-1,2.0732138254955,0.420150092712643,1.02815727969982,-1
36,43,1,-1,2.29125562688999,0.648641629100439,2.55381630315894,1
36,44,1,1,2.40391816758005,3.60150205406615,0.525608442174251,1
36,45,1,1,2.40391816758005,3.60150205406615,0.493288552563095,1
36,46,-1,1,2.17515510792287,0.129706224120763,1.04441529203425,-1
36,47,-1,-1,2.0732138254955,0.420150092712643,0.801851530095693,1
36,48,-1,1,2.17515510792287,0.129706224120763,4.36295338372305,1
36,49,1,1,2.40391816758005,3.60150205406615,0.901628448796003,1
36,50,1,1,2.40391816758005,3.60150205406615,1.49256521324749,1
36,51,1,1,2.40391816758005,3.60150205406615,0.553112260015849,1
36,52,1,1,2.40391816758005,3.60150205406615,0.584585334188765,1
36,53,1,1,2.40391816758005,3.60150205406615,0.528052206512617,1
36,54,1,1,2.40391816758005,3.60150205406615,0.405106825149559,1
36,55,-1,1,2.17515510792287,0.129706224120763,1.13751392084096,-1
36,56,-1,-1,2.0732138254955,0.420150092712643,2.3073421226691,1
36,57,1,1,2.40391816758005,3.60150205406615,0.499159162905875,1
36,58,1,1,2.40391816758005,3.60150205406615,0.750035582554458,1
36,59,1,1,2.40391816758005,3.60150205406615,0.57654080324964,1
36,60,1,1,2.40391816758005,3.60150205406615,0.523249090852329,1
36,61,-1,1,2.17515510792287,0.129706224120763,1.96484443635,-1
36,62,-1,-1,2.0732138254955,0.420150092712643,1.3473027649008,1
36,63,1,1,2.40391816758005,3.60150205406615,0.57741125875944,1
36,64,1,1,2.40391816758005,3.60150205406615,0.721246059870547,1
36,65,1,1,2.40391816758005,3.60150205406615,0.727137821773284,1
36,66,1,1,2.40391816758005,3.60150205406615,0.649865959966154,1
36,67,-1,1,2.17515510792287,0.129706224120763,0.635748478782601,-1
36,68,1,-1,2.29125562688999,0.648641629100439,1.18107347132156,1
36,69,-1,1,2.17515510792287,0.129706224120763,2.00132406859459,-1
36,70,1,-1,2.29125562688999,0.648641629100439,0.927770630796376,-1
36,71,1,-1,2.29125562688999,0.648641629100439,2.28715164807048,1
36,72,-1,1,2.17515510792287,0.129706224120763,0.553530876878957,1
36,73,1,1,2.40391816758005,3.60150205406615,0.756713489282756,1
36,74,-1,1,2.17515510792287,0.129706224120763,1.30217918876116,-1
36,75,-1,-1,2.0732138254955,0.420150092712643,1.16502690824621,1
36,76,1,1,2.40391816758005,3.60150205406615,0.473581570228132,1
36,77,1,1,2.40391816758005,3.60150205406615,0.570550321361152,1
36,78,-1,1,2.17515510792287,0.129706224120763,0.58111791048886,-1
36,79,1,-1,2.29125562688999,0.648641629100439,0.560426027084908,1
36,80,-1,1,2.17515510792287,0.129706224120763,2.37019538602882,-1
36,81,-1,-1,2.0732138254955,0.420150092712643,0.803824410725726,1
36,82,1,1,2.40391816758005,3.60150205406615,0.420123403414518,1
36,83,-1,1,2.17515510792287,0.129706224120763,1.00409327835241,1
36,84,1,1,2.40391816758005,3.60150205406615,0.781106913094239,1
36,85,1,1,2.40391816758005,3.60150205406615,0.60077512430772,1
36,86,-1,1,2.17515510792287,0.129706224120763,0.52362551717899,-1
36,87,-1,-1,2.0732138254955,0.420150092712643,0.497248634769001,1
36,88,1,1,2.40391816758005,3.60150205406615,0.551034898313265,1
36,89,1,1,2.40391816758005,3.60150205406615,0.5601562651725,1
36,90,-1,1,2.17515510792287,0.129706224120763,1.49372573219819,-1
36,91,1,-1,2.29125562688999,0.648641629100439,4.90173393554128,-1
36,92,1,-1,2.29125562688999,0.648641629100439,0.470512943422168,1
36,93,1,1,2.40391816758005,3.60150205406615,0.497554022371968,1
36,94,1,1,2.40391816758005,3.60150205406615,0.685159313422451,1
36,95,1,1,2.40391816758005,3.60150205406615,0.654730730593596,1
36,96,-1,1,2.17515510792287,0.129706224120763,1.39122690310966,1
36,97,1,1,2.40391816758005,3.60150205406615,0.791899210915801,1
36,98,-1,1,2.17515510792287,0.129706224120763,1.8242640441542,1
36,99,-1,1,2.17515510792287,0.129706224120763,1.03935137672886,1
36,100,-1,1,2.17515510792287,0.129706224120763,0.920402118312057,-1
36,101,1,-1,2.29125562688999,0.648641629100439,0.565241788080523,1
37,2,-1,1,1.72518787522133,1.12617281569695,0.398591921014439,1
37,3,1,1,1.90662746791134,2.70861416849072,0.518398958860204,1
37,4,-1,1,1.72518787522133,1.12617281569695,0.488263337394568,1
37,5,-1,1,1.72518787522133,1.12617281569695,0.827451543464138,1
37,6,-1,1,1.72518787522133,1.12617281569695,1.13159474327444,1
37,7,-1,1,1.72518787522133,1.12617281569695,0.676210648938093,1
37,8,-1,1,1.72518787522133,1.12617281569695,0.728575340895181,1
37,9,-1,1,1.72518787522133,1.12617281569695,0.934594923956082,-1
37,10,1,-1,1.81727105903632,0.627012564699146,1.93415586803892,-1
37,11,-1,-1,1.6443348529299,0.338200451113184,0.796627926145288,1
37,12,1,1,1.90662746791134,2.70861416849072,0.651386632772809,1
37,13,1,1,1.90662746791134,2.70861416849072,0.846650317778185,1
37,14,1,1,1.90662746791134,2.70861416849072,0.465573167083561,1
37,15,-1,1,1.72518787522133,1.12617281569695,0.304963704436136,1
37,16,-1,1,1.72518787522133,1.12617281569695,0.634968221037218,-1
37,17,1,-1,1.81727105903632,0.627012564699146,1.09456594926248,1
37,18,1,1,1.90662746791134,2.70861416849072,0.755173229259634,1
37,19,-1,1,1.72518787522133,1.12617281569695,0.639567200737985,1
37,20,-1,1,1.72518787522133,1.12617281569695,0.528886873824929,1
37,21,1,1,1.90662746791134,2.70861416849072,0.931349997594616,1
37,22,1,1,1.90662746791134,2.70861416849072,3.31571739896203,1
37,23,1,1,1.90662746791134,2.70861416849072,0.588731697265753,1
37,24,-1,1,1.72518787522133,1.12617281569695,1.75247582723027,1
37,25,1,1,1.90662746791134,2.70861416849072,0.723592161637254,1
37,26,-1,1,1.72518787522133,1.12617281569695,0.659829050679209,1
37,27,-1,1,1.72518787522133,1.12617281569695,0.526986622619623,1
37,28,-1,1,1.72518787522133,1.12617281569695,0.678427265847169,1
37,29,-1,1,1.72518787522133,1.12617281569695,0.961239557931594,-1
37,30,1,-1,1.81727105903632,0.627012564699146,0.77059898793296,-1
37,31,1,-1,1.81727105903632,0.627012564699146,0.886782520834853,1
37,32,1,1,1.90662746791134,2.70861416849072,0.482138595275999,1
37,33,-1,1,1.72518787522133,1.12617281569695,0.450644239904404,1
37,34,1,1,1.90662746791134,2.70861416849072,0.326300997267486,1
37,35,1,1,1.90662746791134,2.70861416849072,0.689987971091232,1
37,36,1,1,1.90662746791134,2.70861416849072,0.921884663159402,1
37,37,1,1,1.90662746791134,2.70861416849072,0.670450349879744,1
37,38,1,1,1.90662746791134,2.70861416849072,0.898309129152536,1
37,39,1,1,1.90662746791134,2.70861416849072,1.08086413598064,1
37,40,-1,1,1.72518787522133,1.12617281569695,1.03488060463256,1
37,41,1,1,1.90662746791134,2.70861416849072,0.6634044217605,1
37,42,1,1,1.90662746791134,2.70861416849072,1.01990118175061,1
37,43,1,1,1.90662746791134,2.70861416849072,0.449699288620963,1
37,44,-1,1,1.72518787522133,1.12617281569695,0.46250413745593,1
37,45,1,1,1.90662746791134,2.70861416849072,0.559930175968169,1
37,46,-1,1,1.72518787522133,1.12617281569695,0.431905511290179,-1
37,47,1,-1,1.81727105903632,0.627012564699146,1.44994455639801,1
37,48,-1,1,1.72518787522133,1.12617281569695,0.846484100711665,1
37,49,-1,1,1.72518787522133,1.12617281569695,1.06628945860792,1
37,50,1,1,1.90662746791134,2.70861416849072,0.780252135340726,1
37,51,-1,1,1.72518787522133,1.12617281569695,0.68815147396702,1
37,52,-1,1,1.72518787522133,1.12617281569695,0.559147905183402,1
37,53,-1,1,1.72518787522133,1.12617281569695,0.553031359081778,1
37,54,-1,1,1.72518787522133,1.12617281569695,0.481248475045398,1
37,55,1,1,1.90662746791134,2.70861416849072,0.595010452954368,1
37,56,1,1,1.90662746791134,2.70861416849072,0.466282234561669,1
37,57,1,1,1.90662746791134,2.70861416849072,0.777284681742002,1
37,58,1,1,1.90662746791134,2.70861416849072,0.544187945063409,1
37,59,1,1,1.90662746791134,2.70861416849072,0.994433897691398,1
37,60,-1,1,1.72518787522133,1.12617281569695,1.11282675953757,-1
37,61,-1,-1,1.6443348529299,0.338200451113184,1.21224734888726,-1
37,62,-1,-1,1.6443348529299,0.338200451113184,1.13267057219645,1
37,63,-1,1,1.72518787522133,1.12617281569695,0.540316888480533,1
37,64,-1,1,1.72518787522133,1.12617281569695,0.700132394857882,1
37,65,1,1,1.90662746791134,2.70861416849072,0.389136114214466,1
37,66,1,1,1.90662746791134,2.70861416849072,1.02358495548097,1
37,67,-1,1,1.72518787522133,1.12617281569695,0.798626410288515,-1
37,68,1,-1,1.81727105903632,0.627012564699146,0.532449341584766,1
37,69,-1,1,1.72518787522133,1.12617281569695,0.463862251512525,-1
37,70,1,-1,1.81727105903632,0.627012564699146,0.491479593865193,1
37,71,1,1,1.90662746791134,2.70861416849072,0.623828901216236,1
37,72,-1,1,1.72518787522133,1.12617281569695,0.765467304924097,1
37,73,1,1,1.90662746791134,2.70861416849072,0.392020769388506,1
37,74,-1,1,1.72518787522133,1.12617281569695,0.747592071872112,1
37,75,-1,1,1.72518787522133,1.12617281569695,0.597393143111015,1
37,76,-1,1,1.72518787522133,1.12617281569695,1.51619034524034,1
37,77,-1,1,1.72518787522133,1.12617281569695,0.804258547980722,1
37,78,1,1,1.90662746791134,2.70861416849072,0.422566965165575,1
37,79,-1,1,1.72518787522133,1.12617281569695,1.08600849103384,1
37,80,1,1,1.90662746791134,2.70861416849072,0.491194360534408,1
37,81,-1,1,1.72518787522133,1.12617281569695,1.11413663348449,1
37,82,-1,1,1.72518787522133,1.12617281569695,0.566111213837021,-1
37,83,1,-1,1.81727105903632,0.627012564699146,0.947847868073044,1
37,84,1,1,1.90662746791134,2.70861416849072,0.515620929379033,1
37,85,-1,1,1.72518787522133,1.12617281569695,1.17534200368248,1
37,86,1,1,1.90662746791134,2.70861416849072,0.708284651986133,1
37,87,-1,1,1.72518787522133,1.12617281569695,0.39578221358152,1
37,88,-1,1,1.72518787522133,1.12617281569695,1.68053707309014,1
37,89,-1,1,1.72518787522133,1.12617281569695,1.1179384080315,-1
37,90,-1,-1,1.6443348529299,0.338200451113184,0.670740513637055,-1
37,91,1,-1,1.81727105903632,0.627012564699146,0.874385768512076,-1
37,92,1,-1,1.81727105903632,0.627012564699146,1.74669381129072,-1
37,93,1,-1,1.81727105903632,0.627012564699146,0.350255678425987,1
37,94,-1,1,1.72518787522133,1.12617281569695,1.54163308269544,1
37,95,1,1,1.90662746791134,2.70861416849072,0.571476837985584,1
37,96,-1,1,1.72518787522133,1.12617281569695,0.509171558561713,1
37,97,1,1,1.90662746791134,2.70861416849072,1.4484994202857,1
37,98,-1,1,1.72518787522133,1.12617281569695,0.919365768431044,1
37,99,1,1,1.90662746791134,2.70861416849072,0.482114443596321,1
37,100,1,1,1.90662746791134,2.70861416849072,1.22561413298951,1
37,101,1,1,1.90662746791134,2.70861416849072,0.557103106249847,1
38,2,1,1,1.99187252073997,2.87079161672484,0.321595185822326,1
38,3,-1,1,1.80232078872313,-0.169679765598576,0.584970198430332,1
38,4,-1,1,1.80232078872313,-0.169679765598576,1.66891274238559,-1
38,5,1,-1,1.8985209990685,1.43172985717875,1.1435868674846,1
38,6,1,1,1.99187252073997,2.87079161672484,0.388898748832735,1
38,7,1,1,1.99187252073997,2.87079161672484,1.06829641119022,1
38,8,-1,1,1.80232078872313,-0.169679765598576,0.846984264705616,-1
38,9,1,-1,1.8985209990685,1.43172985717875,0.985068145872303,1
38,10,1,1,1.99187252073997,2.87079161672484,0.416720106722064,1
38,11,1,1,1.99187252073997,2.87079161672484,0.29933638683243,1
38,12,1,1,1.99187252073997,2.87079161672484,0.453698248296642,1
38,13,1,1,1.99187252073997,2.87079161672484,0.308173668804823,1
38,14,-1,1,1.80232078872313,-0.169679765598576,0.543023881522023,-1
38,15,1,-1,1.8985209990685,1.43172985717875,0.360590708252201,1
38,16,1,1,1.99187252073997,2.87079161672484,0.536072996674659,1
38,17,-1,1,1.80232078872313,-0.169679765598576,0.409120209135794,-1
38,18,-1,-1,1.71785283888419,0.667158291694984,0.969511969483797,1
38,19,-1,1,1.80232078872313,-0.169679765598576,1.50246320081394,-1
38,20,-1,-1,1.71785283888419,0.667158291694984,0.606804224998413,1
38,21,1,1,1.99187252073997,2.87079161672484,0.700883144080598,1
38,22,-1,1,1.80232078872313,-0.169679765598576,1.20475250274905,1
38,23,-1,1,1.80232078872313,-0.169679765598576,0.40663232788806,-1
38,24,1,-1,1.8985209990685,1.43172985717875,1.14009355417885,1
38,25,1,1,1.99187252073997,2.87079161672484,0.427586098653565,1
38,26,-1,1,1.80232078872313,-0.169679765598576,1.13721443882581,1
38,27,1,1,1.99187252073997,2.87079161672484,0.575998580390306,1
38,28,-1,1,1.80232078872313,-0.169679765598576,0.781173840335886,-1
38,29,-1,-1,1.71785283888419,0.667158291694984,0.588602326222621,1
38,30,1,1,1.99187252073997,2.87079161672484,0.795075400781907,1
38,31,1,1,1.99187252073997,2.87079161672484,0.638802888087022,1
38,32,-1,1,1.80232078872313,-0.169679765598576,0.397988397299444,-1
38,33,-1,-1,1.71785283888419,0.667158291694984,0.490462586372093,-1
38,34,-1,-1,1.71785283888419,0.667158291694984,1.06960645339248,1
38,35,-1,1,1.80232078872313,-0.169679765598576,0.555992346740507,-1
38,36,-1,-1,1.71785283888419,0.667158291694984,0.382523450895524,1
38,37,1,1,1.99187252073997,2.87079161672484,0.544260831947203,1
38,38,-1,1,1.80232078872313,-0.169679765598576,1.08611554475675,-1
38,39,-1,-1,1.71785283888419,0.667158291694984,0.330036099288853,1
38,40,-1,1,1.80232078872313,-0.169679765598576,1.40197903754106,-1
38,41,1,-1,1.8985209990685,1.43172985717875,0.39306843838848,1
38,42,1,1,1.99187252073997,2.87079161672484,0.595589150143708,1
38,43,1,1,1.99187252073997,2.87079161672484,0.449104785627186,1
38,44,-1,1,1.80232078872313,-0.169679765598576,1.2252857641692,-1
38,45,1,-1,1.8985209990685,1.43172985717875,0.384258481063567,1
38,46,-1,1,1.80232078872313,-0.169679765598576,1.83785087305427,-1
38,47,1,-1,1.8985209990685,1.43172985717875,0.607552861085049,1
38,48,1,1,1.99187252073997,2.87079161672484,1.43269068474491,1
38,49,-1,1,1.80232078872313,-0.169679765598576,0.77030573354098,-1
38,50,1,-1,1.8985209990685,1.43172985717875,0.358363416805294,1
38,51,1,1,1.99187252073997,2.87079161672484,0.391277821639082,1
38,52,-1,1,1.80232078872313,-0.169679765598576,1.61247751047153,1
38,53,-1,1,1.80232078872313,-0.169679765598576,0.603994145451977,1
38,54,1,1,1.99187252073997,2.87079161672484,0.414169468691256,1
38,55,1,1,1.99187252073997,2.87079161672484,0.40320100528283,1
38,56,-1,1,1.80232078872313,-0.169679765598576,0.763870546444461,-1
38,57,-1,-1,1.71785283888419,0.667158291694984,0.943075300009626,1
38,58,-1,1,1.80232078872313,-0.169679765598576,1.0071936701924,-1
38,59,-1,-1,1.71785283888419,0.667158291694984,0.561193795143559,1
38,60,1,1,1.99187252073997,2.87079161672484,0.507500336383879,1
38,61,-1,1,1.80232078872313,-0.169679765598576,0.62843485315734,-1
38,62,-1,-1,1.71785283888419,0.667158291694984,0.629207109841704,1
38,63,-1,1,1.80232078872313,-0.169679765598576,1.46637811317224,1
38,64,1,1,1.99187252073997,2.87079161672484,0.575952274048396,1
38,65,1,1,1.99187252073997,2.87079161672484,0.545469702279164,1
38,66,-1,1,1.80232078872313,-0.169679765598576,0.762369572995876,1
38,67,1,1,1.99187252073997,2.87079161672484,0.408937041055322,1
38,68,-1,1,1.80232078872313,-0.169679765598576,1.49149169401999,-1
38,69,1,-1,1.8985209990685,1.43172985717875,0.856817459350501,1
38,70,1,1,1.99187252073997,2.87079161672484,0.465762509644128,1
38,71,1,1,1.99187252073997,2.87079161672484,0.407555949541245,1
38,72,-1,1,1.80232078872313,-0.169679765598576,3.52244639673402,-1
38,73,1,-1,1.8985209990685,1.43172985717875,0.598674377508273,1
38,74,-1,1,1.80232078872313,-0.169679765598576,0.445125656384213,1
38,75,1,1,1.99187252073997,2.87079161672484,0.432803920078393,1
38,76,1,1,1.99187252073997,2.87079161672484,0.565171090913391,1
38,77,-1,1,1.80232078872313,-0.169679765598576,0.586171450740457,1
38,78,1,1,1.99187252073997,2.87079161672484,0.436585867711883,1
38,79,-1,1,1.80232078872313,-0.169679765598576,0.697225493225353,1
38,80,1,1,1.99187252073997,2.87079161672484,0.359335676327488,1
38,81,-1,1,1.80232078872313,-0.169679765598576,0.93156827706302,1
38,82,-1,1,1.80232078872313,-0.169679765598576,1.96197597133912,-1
38,83,-1,-1,1.71785283888419,0.667158291694984,0.847747985253454,-1
38,84,1,-1,1.8985209990685,1.43172985717875,0.919589746962539,1
38,85,1,1,1.99187252073997,2.87079161672484,0.510189771597747,1
38,86,-1,1,1.80232078872313,-0.169679765598576,0.36451368475396,-1
38,87,1,-1,1.8985209990685,1.43172985717875,0.821975496097312,1
38,88,1,1,1.99187252073997,2.87079161672484,0.586145784746658,1
38,89,1,1,1.99187252073997,2.87079161672484,0.85870664487728,1
38,90,-1,1,1.80232078872313,-0.169679765598576,0.494042241004602,-1
38,91,1,-1,1.8985209990685,1.43172985717875,0.657796374513115,1
38,92,1,1,1.99187252073997,2.87079161672484,0.474116766152039,1
38,93,1,1,1.99187252073997,2.87079161672484,0.438082208457447,1
38,94,-1,1,1.80232078872313,-0.169679765598576,1.12530167407979,-1
38,95,-1,-1,1.71785283888419,0.667158291694984,1.2166250308043,1
38,96,1,1,1.99187252073997,2.87079161672484,0.555019412776191,1
38,97,-1,1,1.80232078872313,-0.169679765598576,0.476026659338366,-1
38,98,-1,-1,1.71785283888419,0.667158291694984,0.856731090490193,1
38,99,-1,1,1.80232078872313,-0.169679765598576,0.67313791662959,1
38,100,1,1,1.99187252073997,2.87079161672484,0.491209523552468,1
38,101,-1,1,1.80232078872313,-0.169679765598576,1.06639626703808,-1
39,2,-1,1,1.37573916698196,1.05811794113484,0.472125054423068,1
39,3,1,1,1.52042691820608,1.7431875465681,0.559546869309409,1
39,4,1,1,1.52042691820608,1.7431875465681,0.830844712000686,1
39,5,1,1,1.52042691820608,1.7431875465681,0.366474620610586,1
39,6,-1,1,1.37573916698196,1.05811794113484,0.364885665988559,1
39,7,-1,1,1.37573916698196,1.05811794113484,0.520056579730165,-1
39,8,1,-1,1.44917026652434,1.18900218434291,0.353664604745555,1
39,9,-1,1,1.37573916698196,1.05811794113484,0.80772255046885,1
39,10,-1,1,1.37573916698196,1.05811794113484,0.345788225089793,1
39,11,-1,1,1.37573916698196,1.05811794113484,0.375278008151478,-1
39,12,-1,-1,1.31126348225637,0.809692327954147,0.292189985379541,1
39,13,-1,1,1.37573916698196,1.05811794113484,1.29054950556996,1
39,14,1,1,1.52042691820608,1.7431875465681,0.622550812008745,1
39,15,-1,1,1.37573916698196,1.05811794113484,1.70443471532328,-1
39,16,1,-1,1.44917026652434,1.18900218434291,1.60470696249784,1
39,17,-1,1,1.37573916698196,1.05811794113484,0.829201907784345,1
39,18,1,1,1.52042691820608,1.7431875465681,0.481585062595888,1
39,19,-1,1,1.37573916698196,1.05811794113484,0.389015121123721,1
39,20,-1,1,1.37573916698196,1.05811794113484,0.597295235757947,-1
39,21,-1,-1,1.31126348225637,0.809692327954147,0.336321150004737,1
39,22,1,1,1.52042691820608,1.7431875465681,1.69635998009642,1
39,23,1,1,1.52042691820608,1.7431875465681,1.74767320702202,1
39,24,-1,1,1.37573916698196,1.05811794113484,0.472208077234389,1
39,25,1,1,1.52042691820608,1.7431875465681,0.543387539405808,1
39,26,-1,1,1.37573916698196,1.05811794113484,0.380453939393114,1
39,27,-1,1,1.37573916698196,1.05811794113484,0.961033656829606,1
39,28,-1,1,1.37573916698196,1.05811794113484,0.704935561324913,1
39,29,-1,1,1.37573916698196,1.05811794113484,0.382422726341401,1
39,30,1,1,1.52042691820608,1.7431875465681,1.40169605719673,1
39,31,1,1,1.52042691820608,1.7431875465681,0.696984860877216,1
39,32,1,1,1.52042691820608,1.7431875465681,0.567860070581126,1
39,33,-1,1,1.37573916698196,1.05811794113484,0.481584784577358,-1
39,34,1,-1,1.44917026652434,1.18900218434291,0.410104359734431,1
39,35,1,1,1.52042691820608,1.7431875465681,0.478257879467794,1
39,36,1,1,1.52042691820608,1.7431875465681,0.570139405758157,-1
39,37,-1,-1,1.31126348225637,0.809692327954147,1.15306395247884,1
39,38,1,1,1.52042691820608,1.7431875465681,1.05535350763067,1
39,39,1,1,1.52042691820608,1.7431875465681,0.622712453563444,1
39,40,1,1,1.52042691820608,1.7431875465681,0.379555057355355,1
39,41,-1,1,1.37573916698196,1.05811794113484,1.06373906787303,1
39,42,1,1,1.52042691820608,1.7431875465681,0.407102878489888,1
39,43,1,1,1.52042691820608,1.7431875465681,0.640894529872168,1
39,44,1,1,1.52042691820608,1.7431875465681,0.462210240622752,1
39,45,-1,1,1.37573916698196,1.05811794113484,1.05624106423586,1
39,46,-1,1,1.37573916698196,1.05811794113484,0.71110528588373,1
39,47,1,1,1.52042691820608,1.7431875465681,0.88762659518157,1
39,48,1,1,1.52042691820608,1.7431875465681,1.13431297514111,1
39,49,-1,1,1.37573916698196,1.05811794113484,0.959286522915801,-1
39,50,1,-1,1.44917026652434,1.18900218434291,0.341455978572091,1
39,51,-1,1,1.37573916698196,1.05811794113484,0.32319210124783,1
39,52,-1,1,1.37573916698196,1.05811794113484,1.07107612367651,1
39,53,-1,1,1.37573916698196,1.05811794113484,0.647089878062701,1
39,54,-1,1,1.37573916698196,1.05811794113484,0.451981439896414,1
39,55,-1,1,1.37573916698196,1.05811794113484,1.04207097676226,1
39,56,-1,1,1.37573916698196,1.05811794113484,0.368381768882589,1
39,57,1,1,1.52042691820608,1.7431875465681,0.454076969062534,1
39,58,1,1,1.52042691820608,1.7431875465681,0.583355040754874,1
39,59,-1,1,1.37573916698196,1.05811794113484,0.55309338466943,-1
39,60,-1,-1,1.31126348225637,0.809692327954147,0.285491500689201,1
39,61,1,1,1.52042691820608,1.7431875465681,0.685517245064499,1
39,62,1,1,1.52042691820608,1.7431875465681,0.4512315047965,1
39,63,-1,1,1.37573916698196,1.05811794113484,0.383329554211464,1
39,64,-1,1,1.37573916698196,1.05811794113484,0.450153832499753,-1
39,65,-1,-1,1.31126348225637,0.809692327954147,1.26341446878191,1
39,66,-1,1,1.37573916698196,1.05811794113484,0.733316305009727,1
39,67,1,1,1.52042691820608,1.7431875465681,0.696016941898302,1
39,68,1,1,1.52042691820608,1.7431875465681,0.389489269055109,1
39,69,-1,1,1.37573916698196,1.05811794113484,0.689638364698078,1
39,70,-1,1,1.37573916698196,1.05811794113484,0.447990112126556,1
39,71,1,1,1.52042691820608,1.7431875465681,0.514540276927619,-1
39,72,1,-1,1.44917026652434,1.18900218434291,1.56543413129324,1
39,73,-1,1,1.37573916698196,1.05811794113484,0.367565905828851,1
39,74,1,1,1.52042691820608,1.7431875465681,0.397703986999132,1
39,75,1,1,1.52042691820608,1.7431875465681,0.5170405908363,1
39,76,-1,1,1.37573916698196,1.05811794113484,0.748874861765426,1
39,77,1,1,1.52042691820608,1.7431875465681,0.305848572291305,1
39,78,-1,1,1.37573916698196,1.05811794113484,0.348749430662426,1
39,79,1,1,1.52042691820608,1.7431875465681,0.396499034845157,1
39,80,-1,1,1.37573916698196,1.05811794113484,0.298368465606013,1
39,81,1,1,1.52042691820608,1.7431875465681,0.727928050785692,1
39,82,-1,1,1.37573916698196,1.05811794113484,0.315474634863411,1
39,83,1,1,1.52042691820608,1.7431875465681,0.442392416183966,1
39,84,1,1,1.52042691820608,1.7431875465681,0.849697848047354,-1
39,85,-1,-1,1.31126348225637,0.809692327954147,1.90377782044859,1
39,86,-1,1,1.37573916698196,1.05811794113484,0.555500376883381,1
39,87,1,1,1.52042691820608,1.7431875465681,1.247324523867,1
39,88,1,1,1.52042691820608,1.7431875465681,0.650878136074932,1
39,89,-1,1,1.37573916698196,1.05811794113484,0.263087680117122,-1
39,90,1,-1,1.44917026652434,1.18900218434291,0.389540338728417,-1
39,91,-1,-1,1.31126348225637,0.809692327954147,1.6776538899389,-1
39,92,1,-1,1.44917026652434,1.18900218434291,0.916538234111386,-1
39,93,1,-1,1.44917026652434,1.18900218434291,0.321463699008072,1
39,94,-1,1,1.37573916698196,1.05811794113484,0.32832256944942,1
39,95,1,1,1.52042691820608,1.7431875465681,1.35806052655925,1
39,96,-1,1,1.37573916698196,1.05811794113484,0.532330753673263,-1
39,97,1,-1,1.44917026652434,1.18900218434291,0.402992147421933,1
39,98,1,1,1.52042691820608,1.7431875465681,0.683009209035337,1
39,99,1,1,1.52042691820608,1.7431875465681,0.441996019405252,1
39,100,1,1,1.52042691820608,1.7431875465681,0.419376872908353,1
39,101,-1,1,1.37573916698196,1.05811794113484,0.631233121112915,1
40,2,-1,1,1.93700041699628,0.671029125586437,2.18706116721809,-1
40,3,1,-1,2.04038925250216,0.875200373737199,0.427883353818609,1
40,4,-1,1,1.93700041699628,0.671029125586437,0.77969697375855,1
40,5,-1,1,1.93700041699628,0.671029125586437,0.571267177961822,1
40,6,-1,1,1.93700041699628,0.671029125586437,0.502424875050225,1
40,7,1,1,2.1407165291647,1.89379999777137,0.734453935108385,1
40,8,1,1,2.1407165291647,1.89379999777137,0.370209533258896,1
40,9,-1,1,1.93700041699628,0.671029125586437,0.397409233585889,-1
40,10,-1,-1,1.84622054302237,1.359970502905,1.66539354388145,1
40,11,-1,1,1.93700041699628,0.671029125586437,1.69384739103103,1
40,12,1,1,2.1407165291647,1.89379999777137,0.453713602168498,1
40,13,1,1,2.1407165291647,1.89379999777137,0.722497806954898,1
40,14,1,1,2.1407165291647,1.89379999777137,1.72096707109237,1
40,15,-1,1,1.93700041699628,0.671029125586437,1.28671637278702,-1
40,16,1,-1,2.04038925250216,0.875200373737199,1.07042425730614,1
40,17,1,1,2.1407165291647,1.89379999777137,1.28630612548033,1
40,18,1,1,2.1407165291647,1.89379999777137,0.720259124655815,1
40,19,-1,1,1.93700041699628,0.671029125586437,0.418050005053238,1
40,20,1,1,2.1407165291647,1.89379999777137,0.716103247541164,1
40,21,1,1,2.1407165291647,1.89379999777137,1.64651251949807,1
40,22,-1,1,1.93700041699628,0.671029125586437,0.704634757873779,1
40,23,1,1,2.1407165291647,1.89379999777137,0.928264008730314,1
40,24,1,1,2.1407165291647,1.89379999777137,0.54065949055772,1
40,25,1,1,2.1407165291647,1.89379999777137,0.641060974134101,1
40,26,-1,1,1.93700041699628,0.671029125586437,1.30841588596945,1
40,27,1,1,2.1407165291647,1.89379999777137,0.986462475619041,1
40,28,-1,1,1.93700041699628,0.671029125586437,0.506560547458526,1
40,29,-1,1,1.93700041699628,0.671029125586437,1.0420269928991,-1
40,30,1,-1,2.04038925250216,0.875200373737199,1.43861125142427,1
40,31,-1,1,1.93700041699628,0.671029125586437,2.29804300898025,1
40,32,-1,1,1.93700041699628,0.671029125586437,1.90476287375303,1
40,33,-1,1,1.93700041699628,0.671029125586437,0.790662141986809,1
40,34,1,1,2.1407165291647,1.89379999777137,1.67750046610381,1
40,35,-1,1,1.93700041699628,0.671029125586437,1.25628775248917,1
40,36,-1,1,1.93700041699628,0.671029125586437,0.393752709258879,1
40,37,1,1,2.1407165291647,1.89379999777137,0.715268696972162,1
40,38,1,1,2.1407165291647,1.89379999777137,0.531615498923883,1
40,39,-1,1,1.93700041699628,0.671029125586437,0.503262444236438,1
40,40,1,1,2.1407165291647,1.89379999777137,1.13278082308474,1
40,41,-1,1,1.93700041699628,0.671029125586437,1.14437887890464,1
40,42,1,1,2.1407165291647,1.89379999777137,1.15657919239939,1
40,43,-1,1,1.93700041699628,0.671029125586437,1.09811532492277,1
40,44,-1,1,1.93700041699628,0.671029125586437,1.06551301671553,1
40,45,1,1,2.1407165291647,1.89379999777137,0.699236402699655,1
40,46,-1,1,1.93700041699628,0.671029125586437,0.511485228908142,1
40,47,1,1,2.1407165291647,1.89379999777137,0.478034207530956,1
40,48,1,1,2.1407165291647,1.89379999777137,1.64795323200505,1
40,49,-1,1,1.93700041699628,0.671029125586437,1.80718279600647,-1
40,50,-1,-1,1.84622054302237,1.359970502905,1.27992959320851,1
40,51,1,1,2.1407165291647,1.89379999777137,0.39160624916978,1
40,52,-1,1,1.93700041699628,0.671029125586437,0.402993485878572,1
40,53,1,1,2.1407165291647,1.89379999777137,1.33658201931556,1
40,54,-1,1,1.93700041699628,0.671029125586437,0.800875882964535,1
40,55,-1,1,1.93700041699628,0.671029125586437,0.7571687680163,1
40,56,1,1,2.1407165291647,1.89379999777137,0.514588963511127,1
40,57,1,1,2.1407165291647,1.89379999777137,0.658634359315178,1
40,58,-1,1,1.93700041699628,0.671029125586437,1.44239879209944,1
40,59,-1,1,1.93700041699628,0.671029125586437,0.427965498280704,1
40,60,-1,1,1.93700041699628,0.671029125586437,0.464147288280236,1
40,61,-1,1,1.93700041699628,0.671029125586437,0.615529950353476,1
40,62,1,1,2.1407165291647,1.89379999777137,0.717663169948119,1
40,63,1,1,2.1407165291647,1.89379999777137,0.450165737630353,1
40,64,1,1,2.1407165291647,1.89379999777137,1.13188675380522,1
40,65,1,1,2.1407165291647,1.89379999777137,0.410610401622339,1
40,66,-1,1,1.93700041699628,0.671029125586437,0.753100273297554,1
40,67,-1,1,1.93700041699628,0.671029125586437,0.454578297870262,1
40,68,1,1,2.1407165291647,1.89379999777137,0.36631841091683,1
40,69,1,1,2.1407165291647,1.89379999777137,0.532209463379487,1
40,70,1,1,2.1407165291647,1.89379999777137,1.05330897507786,1
40,71,-1,1,1.93700041699628,0.671029125586437,1.10092904959524,-1
40,72,-1,-1,1.84622054302237,1.359970502905,1.17357720783194,1
40,73,-1,1,1.93700041699628,0.671029125586437,1.41337171357706,1
40,74,-1,1,1.93700041699628,0.671029125586437,1.92457501997669,1
40,75,-1,1,1.93700041699628,0.671029125586437,2.8569679924951,1
40,76,-1,1,1.93700041699628,0.671029125586437,0.550164036729082,1
40,77,-1,1,1.93700041699628,0.671029125586437,0.403644077376779,-1
40,78,-1,-1,1.84622054302237,1.359970502905,1.09960692353089,-1
40,79,1,-1,2.04038925250216,0.875200373737199,0.511893751710656,1
40,80,1,1,2.1407165291647,1.89379999777137,0.996612944329019,1
40,81,-1,1,1.93700041699628,0.671029125586437,1.9927210577389,1
40,82,-1,1,1.93700041699628,0.671029125586437,0.864406807288465,1
40,83,-1,1,1.93700041699628,0.671029125586437,0.819297490048265,1
40,84,1,1,2.1407165291647,1.89379999777137,2.20423529186779,1
40,85,-1,1,1.93700041699628,0.671029125586437,1.86583556798329,1
40,86,1,1,2.1407165291647,1.89379999777137,0.715472214122832,1
40,87,1,1,2.1407165291647,1.89379999777137,0.496796625219473,1
40,88,-1,1,1.93700041699628,0.671029125586437,0.964414223580725,1
40,89,-1,1,1.93700041699628,0.671029125586437,1.02558467619986,1
40,90,-1,1,1.93700041699628,0.671029125586437,0.707298426627079,1
40,91,1,1,2.1407165291647,1.89379999777137,0.498775243993037,1
40,92,-1,1,1.93700041699628,0.671029125586437,0.908326781663896,-1
40,93,1,-1,2.04038925250216,0.875200373737199,0.883748358782926,1
40,94,1,1,2.1407165291647,1.89379999777137,0.520982326603704,1
40,95,1,1,2.1407165291647,1.89379999777137,0.829646430698552,1
40,96,1,1,2.1407165291647,1.89379999777137,0.486500455815109,1
40,97,1,1,2.1407165291647,1.89379999777137,1.04877339396456,1
40,98,1,1,2.1407165291647,1.89379999777137,0.997635978030873,1
40,99,1,1,2.1407165291647,1.89379999777137,0.868577223952081,1
40,100,1,1,2.1407165291647,1.89379999777137,0.61210848535434,1
40,101,1,1,2.1407165291647,1.89379999777137,1.36196889071512,1
41,2,1,1,1.64997733723901,2.55478160284411,0.400662451492462,1
41,3,1,1,1.64997733723901,2.55478160284411,0.426873616501427,1
41,4,1,1,1.64997733723901,2.55478160284411,0.596822625712858,1
41,5,1,1,1.64997733723901,2.55478160284411,0.691415711828353,1
41,6,1,1,1.64997733723901,2.55478160284411,0.385796519740487,1
41,7,-1,1,1.4929612336452,-0.298908291915343,0.527763908261515,-1
41,8,1,-1,1.57264914803468,2.30248863405145,0.447107403275123,1
41,9,1,1,1.64997733723901,2.55478160284411,0.487603713849193,1
41,10,-1,1,1.4929612336452,-0.298908291915343,0.875217843189916,1
41,11,1,1,1.64997733723901,2.55478160284411,0.446924605857489,1
41,12,1,1,1.64997733723901,2.55478160284411,1.10107864821604,1
41,13,-1,1,1.4929612336452,-0.298908291915343,0.471027453417208,-1
41,14,1,-1,1.57264914803468,2.30248863405145,0.422509637507047,1
41,15,-1,1,1.4929612336452,-0.298908291915343,0.56357416885957,-1
41,16,-1,-1,1.42299179458415,0.241638055019786,0.585933789534012,-1
41,17,1,-1,1.57264914803468,2.30248863405145,0.540454391552998,1
41,18,-1,1,1.4929612336452,-0.298908291915343,0.391711015339195,1
41,19,1,1,1.64997733723901,2.55478160284411,0.373709568378174,1
41,20,-1,1,1.4929612336452,-0.298908291915343,2.34534226142874,-1
41,21,-1,-1,1.42299179458415,0.241638055019786,0.411568531455536,1
41,22,1,1,1.64997733723901,2.55478160284411,0.496865261312228,1
41,23,-1,1,1.4929612336452,-0.298908291915343,0.914971490647885,1
41,24,-1,1,1.4929612336452,-0.298908291915343,0.497694640615197,-1
41,25,1,-1,1.57264914803468,2.30248863405145,0.402229432942047,1
41,26,-1,1,1.4929612336452,-0.298908291915343,1.40704997720252,-1
41,27,-1,-1,1.42299179458415,0.241638055019786,1.2231905781807,1
41,28,1,1,1.64997733723901,2.55478160284411,2.40323110940858,1
41,29,1,1,1.64997733723901,2.55478160284411,0.497096918059258,1
41,30,-1,1,1.4929612336452,-0.298908291915343,1.06335417887515,-1
41,31,-1,-1,1.42299179458415,0.241638055019786,0.49201779481626,1
41,32,1,1,1.64997733723901,2.55478160284411,0.390278808057741,1
41,33,1,1,1.64997733723901,2.55478160284411,0.471965888389215,1
41,34,1,1,1.64997733723901,2.55478160284411,0.576589905748052,1
41,35,1,1,1.64997733723901,2.55478160284411,0.443040910113896,1
41,36,-1,1,1.4929612336452,-0.298908291915343,0.46462582735148,-1
41,37,1,-1,1.57264914803468,2.30248863405145,0.514682537994434,1
41,38,1,1,1.64997733723901,2.55478160284411,0.432983146291762,1
41,39,-1,1,1.4929612336452,-0.298908291915343,0.511947732878219,-1
41,40,-1,-1,1.42299179458415,0.241638055019786,0.691823584917322,-1
41,41,-1,-1,1.42299179458415,0.241638055019786,0.426366279412662,-1
41,42,-1,-1,1.42299179458415,0.241638055019786,1.48899866387816,-1
41,43,-1,-1,1.42299179458415,0.241638055019786,0.8780608992288,1
41,44,-1,1,1.4929612336452,-0.298908291915343,0.733086733042289,1
41,45,-1,1,1.4929612336452,-0.298908291915343,1.62392369143603,1
41,46,-1,1,1.4929612336452,-0.298908291915343,0.549529373147954,-1
41,47,-1,-1,1.42299179458415,0.241638055019786,0.742433951011869,-1
41,48,1,-1,1.57264914803468,2.30248863405145,0.437177421574959,1
41,49,1,1,1.64997733723901,2.55478160284411,1.02566177474232,1
41,50,-1,1,1.4929612336452,-0.298908291915343,1.00028161279252,-1
41,51,1,-1,1.57264914803468,2.30248863405145,0.605197811078897,1
41,52,-1,1,1.4929612336452,-0.298908291915343,0.811887125931475,1
41,53,-1,1,1.4929612336452,-0.298908291915343,0.436210882611306,-1
41,54,1,-1,1.57264914803468,2.30248863405145,0.360891575071898,1
41,55,1,1,1.64997733723901,2.55478160284411,1.36602725040945,1
41,56,-1,1,1.4929612336452,-0.298908291915343,1.74589842578705,-1
41,57,-1,-1,1.42299179458415,0.241638055019786,1.60057456059466,1
41,58,1,1,1.64997733723901,2.55478160284411,0.358001007339498,1
41,59,1,1,1.64997733723901,2.55478160284411,0.5615942013475,1
41,60,-1,1,1.4929612336452,-0.298908291915343,1.38562349339007,-1
41,61,1,-1,1.57264914803468,2.30248863405145,0.856136085198574,1
41,62,-1,1,1.4929612336452,-0.298908291915343,0.713742326861601,-1
41,63,-1,-1,1.42299179458415,0.241638055019786,0.327925258405324,-1
41,64,1,-1,1.57264914803468,2.30248863405145,1.03178444370824,-1
41,65,1,-1,1.57264914803468,2.30248863405145,0.328433941979495,1
41,66,-1,1,1.4929612336452,-0.298908291915343,1.40075904145594,-1
41,67,-1,-1,1.42299179458415,0.241638055019786,0.508611956727796,1
41,68,-1,1,1.4929612336452,-0.298908291915343,0.408281434556636,-1
41,69,-1,-1,1.42299179458415,0.241638055019786,1.05966575755365,-1
41,70,-1,-1,1.42299179458415,0.241638055019786,0.411142017722317,1
41,71,1,1,1.64997733723901,2.55478160284411,0.423883347848223,1
41,72,1,1,1.64997733723901,2.55478160284411,0.382370549865288,1
41,73,1,1,1.64997733723901,2.55478160284411,0.408028387884844,1
41,74,-1,1,1.4929612336452,-0.298908291915343,1.54623242531489,1
41,75,-1,1,1.4929612336452,-0.298908291915343,0.413186292482212,-1
41,76,-1,-1,1.42299179458415,0.241638055019786,1.17864639258316,-1
41,77,-1,-1,1.42299179458415,0.241638055019786,1.14836539293767,1
41,78,1,1,1.64997733723901,2.55478160284411,0.55815082690966,1
41,79,-1,1,1.4929612336452,-0.298908291915343,1.3068329490379,-1
41,80,-1,-1,1.42299179458415,0.241638055019786,0.619914636746086,-1
41,81,-1,-1,1.42299179458415,0.241638055019786,0.498418209798714,-1
41,82,1,-1,1.57264914803468,2.30248863405145,0.459545730758644,1
41,83,1,1,1.64997733723901,2.55478160284411,0.597628756181761,1
41,84,1,1,1.64997733723901,2.55478160284411,0.906972148618222,1
41,85,1,1,1.64997733723901,2.55478160284411,0.702352743553115,1
41,86,-1,1,1.4929612336452,-0.298908291915343,1.10710088753804,-1
41,87,1,-1,1.57264914803468,2.30248863405145,0.410485034777084,1
41,88,1,1,1.64997733723901,2.55478160284411,0.584946717734386,1
41,89,1,1,1.64997733723901,2.55478160284411,0.321009901472468,1
41,90,1,1,1.64997733723901,2.55478160284411,0.355356209095951,1
41,91,1,1,1.64997733723901,2.55478160284411,0.375378806132142,1
41,92,1,1,1.64997733723901,2.55478160284411,0.734447057458887,1
41,93,1,1,1.64997733723901,2.55478160284411,0.531169438788055,1
41,94,-1,1,1.4929612336452,-0.298908291915343,0.413070102304016,-1
41,95,1,-1,1.57264914803468,2.30248863405145,0.819946870252519,1
41,96,-1,1,1.4929612336452,-0.298908291915343,0.575894459283551,-1
41,97,1,-1,1.57264914803468,2.30248863405145,0.884690598341544,1
41,98,-1,1,1.4929612336452,-0.298908291915343,0.368407064439979,-1
41,99,-1,-1,1.42299179458415,0.241638055019786,0.741185827867801,1
41,100,1,1,1.64997733723901,2.55478160284411,0.542444604258772,1
41,101,-1,1,1.4929612336452,-0.298908291915343,0.854604509802414,-1
42,2,-1,1,1.91211235978776,1.42129211436535,0.561729255914904,1
42,3,-1,1,1.91211235978776,1.42129211436535,0.538633432192985,1
42,4,1,1,2.11321097213043,2.94154050282598,0.737988268528817,1
42,5,-1,1,1.91211235978776,1.42129211436535,1.85002788923355,1
42,6,-1,1,1.91211235978776,1.42129211436535,0.603748616800421,1
42,7,-1,1,1.91211235978776,1.42129211436535,0.708563693574394,1
42,8,-1,1,1.91211235978776,1.42129211436535,0.762673958792483,1
42,9,-1,1,1.91211235978776,1.42129211436535,1.12231508399102,1
42,10,1,1,2.11321097213043,2.94154050282598,0.450522130820154,1
42,11,1,1,2.11321097213043,2.94154050282598,0.647850134412631,1
42,12,-1,1,1.91211235978776,1.42129211436535,0.674315025641621,1
42,13,1,1,2.11321097213043,2.94154050282598,0.826586571106021,1
42,14,1,1,2.11321097213043,2.94154050282598,0.464227631385594,1
42,15,1,1,2.11321097213043,2.94154050282598,0.571549361079934,1
42,16,1,1,2.11321097213043,2.94154050282598,0.431963819113824,1
42,17,1,1,2.11321097213043,2.94154050282598,1.79266444607555,1
42,18,-1,1,1.91211235978776,1.42129211436535,1.31318912412217,1
42,19,1,1,2.11321097213043,2.94154050282598,0.363238658743234,1
42,20,1,1,2.11321097213043,2.94154050282598,0.431227944425119,1
42,21,1,1,2.11321097213043,2.94154050282598,0.589116689592557,1
42,22,-1,1,1.91211235978776,1.42129211436535,0.693078788282003,1
42,23,1,1,2.11321097213043,2.94154050282598,0.41648264115027,1
42,24,-1,1,1.91211235978776,1.42129211436535,1.05166858754122,1
42,25,-1,1,1.91211235978776,1.42129211436535,0.523231509570079,-1
42,26,1,-1,2.01417277676041,0.00101552489555129,0.930880361518196,-1
42,27,-1,-1,1.82249889480221,0.436151857913115,0.480735075799303,1
42,28,-1,1,1.91211235978776,1.42129211436535,0.411829872761601,1
42,29,1,1,2.11321097213043,2.94154050282598,0.602904467584314,1
42,30,1,1,2.11321097213043,2.94154050282598,0.393876401224803,1
42,31,-1,1,1.91211235978776,1.42129211436535,0.956409295101862,1
42,32,-1,1,1.91211235978776,1.42129211436535,1.00114194157085,1
42,33,1,1,2.11321097213043,2.94154050282598,0.553634609323476,1
42,34,1,1,2.11321097213043,2.94154050282598,0.574958522073238,1
42,35,-1,1,1.91211235978776,1.42129211436535,0.862605490471627,1
42,36,1,1,2.11321097213043,2.94154050282598,0.483296802832768,1
42,37,1,1,2.11321097213043,2.94154050282598,0.973374598733712,1
42,38,-1,1,1.91211235978776,1.42129211436535,0.339315251062232,1
42,39,1,1,2.11321097213043,2.94154050282598,0.382138479287762,1
42,40,-1,1,1.91211235978776,1.42129211436535,0.420545352045202,1
42,41,1,1,2.11321097213043,2.94154050282598,0.362623658804825,1
42,42,1,1,2.11321097213043,2.94154050282598,0.732470338857388,1
42,43,1,1,2.11321097213043,2.94154050282598,0.382055864329235,1
42,44,-1,1,1.91211235978776,1.42129211436535,0.581315609828569,1
42,45,-1,1,1.91211235978776,1.42129211436535,0.453067317896772,1
42,46,1,1,2.11321097213043,2.94154050282598,0.467779151080074,1
42,47,1,1,2.11321097213043,2.94154050282598,0.833585576158093,1
42,48,-1,1,1.91211235978776,1.42129211436535,1.21115299669783,1
42,49,1,1,2.11321097213043,2.94154050282598,0.528555846180908,1
42,50,1,1,2.11321097213043,2.94154050282598,0.476421328670024,1
42,51,-1,1,1.91211235978776,1.42129211436535,0.702620690673703,1
42,52,-1,1,1.91211235978776,1.42129211436535,0.96319923330059,1
42,53,-1,1,1.91211235978776,1.42129211436535,0.902815811640611,1
42,54,1,1,2.11321097213043,2.94154050282598,0.638873145554849,1
42,55,1,1,2.11321097213043,2.94154050282598,0.619541714250409,1
42,56,-1,1,1.91211235978776,1.42129211436535,0.468758307458861,1
42,57,1,1,2.11321097213043,2.94154050282598,1.00365343013061,1
42,58,1,1,2.11321097213043,2.94154050282598,0.601012270244103,1
42,59,-1,1,1.91211235978776,1.42129211436535,0.62362474806573,1
42,60,-1,1,1.91211235978776,1.42129211436535,0.417589713151295,1
42,61,1,1,2.11321097213043,2.94154050282598,0.596128618088562,1
42,62,1,1,2.11321097213043,2.94154050282598,0.358064575480083,1
42,63,-1,1,1.91211235978776,1.42129211436535,0.82372960099343,1
42,64,-1,1,1.91211235978776,1.42129211436535,0.4261338105322,1
42,65,-1,1,1.91211235978776,1.42129211436535,0.836618096612192,1
42,66,1,1,2.11321097213043,2.94154050282598,0.677153599766764,1
42,67,1,1,2.11321097213043,2.94154050282598,0.499031656053013,1
42,68,1,1,2.11321097213043,2.94154050282598,0.423783272956081,1
42,69,1,1,2.11321097213043,2.94154050282598,0.533628773463319,1
42,70,1,1,2.11321097213043,2.94154050282598,0.575103667937007,1
42,71,-1,1,1.91211235978776,1.42129211436535,2.01914734511995,1
42,72,-1,1,1.91211235978776,1.42129211436535,1.89294431965277,-1
42,73,-1,-1,1.82249889480221,0.436151857913115,1.07816867272831,1
42,74,-1,1,1.91211235978776,1.42129211436535,0.932384353769851,1
42,75,-1,1,1.91211235978776,1.42129211436535,0.502980603618864,1
42,76,-1,1,1.91211235978776,1.42129211436535,0.579866040622916,1
42,77,-1,1,1.91211235978776,1.42129211436535,1.49625318396835,-1
42,78,-1,-1,1.82249889480221,0.436151857913115,1.05122961573122,1
42,79,1,1,2.11321097213043,2.94154050282598,0.87821874778961,1
42,80,-1,1,1.91211235978776,1.42129211436535,0.3538460657821,1
42,81,1,1,2.11321097213043,2.94154050282598,0.460591556660721,1
42,82,-1,1,1.91211235978776,1.42129211436535,0.956054037484916,1
42,83,1,1,2.11321097213043,2.94154050282598,0.859101141677808,1
42,84,-1,1,1.91211235978776,1.42129211436535,0.534352031186007,1
42,85,-1,1,1.91211235978776,1.42129211436535,0.442643142507501,1
42,86,1,1,2.11321097213043,2.94154050282598,0.618846745599329,1
42,87,-1,1,1.91211235978776,1.42129211436535,0.68672061657946,1
42,88,1,1,2.11321097213043,2.94154050282598,0.546777979762658,1
42,89,1,1,2.11321097213043,2.94154050282598,0.386666200535572,1
42,90,-1,1,1.91211235978776,1.42129211436535,0.555998472606763,1
42,91,1,1,2.11321097213043,2.94154050282598,0.367533475971216,1
42,92,1,1,2.11321097213043,2.94154050282598,0.592000284508259,1
42,93,-1,1,1.91211235978776,1.42129211436535,0.603904667659733,1
42,94,1,1,2.11321097213043,2.94154050282598,0.528760462940693,1
42,95,-1,1,1.91211235978776,1.42129211436535,0.576433461680082,1
42,96,1,1,2.11321097213043,2.94154050282598,0.395093134614085,1
42,97,-1,1,1.91211235978776,1.42129211436535,0.516903931370924,1
42,98,1,1,2.11321097213043,2.94154050282598,0.751276433588797,1
42,99,1,1,2.11321097213043,2.94154050282598,0.45714834107732,1
42,100,-1,1,1.91211235978776,1.42129211436535,0.798833413188744,1
42,101,-1,1,1.91211235978776,1.42129211436535,1.31883409679565,1
43,2,-1,1,1.54447931341033,0.257612371224426,1.85113078301291,-1
43,3,-1,-1,1.47209541705365,-0.803558686292171,1.9896581054381,-1
43,4,-1,-1,1.47209541705365,-0.803558686292171,0.962802872788455,1
43,5,-1,1,1.54447931341033,0.257612371224426,0.77949014882762,-1
43,6,1,-1,1.62691704356014,1.67815742201842,0.512262033767775,1
43,7,1,1,1.70691362075054,3.66778889304932,0.418744460565375,1
43,8,1,1,1.70691362075054,3.66778889304932,0.382746209722298,1
43,9,-1,1,1.54447931341033,0.257612371224426,1.2314954367643,1
43,10,-1,1,1.54447931341033,0.257612371224426,0.437508284769606,1
43,11,1,1,1.70691362075054,3.66778889304932,0.372294833117951,1
43,12,1,1,1.70691362075054,3.66778889304932,0.402669854368469,1
43,13,-1,1,1.54447931341033,0.257612371224426,0.663800866071737,-1
43,14,-1,-1,1.47209541705365,-0.803558686292171,0.858780448454577,1
43,15,1,1,1.70691362075054,3.66778889304932,0.525324567653338,1
43,16,-1,1,1.54447931341033,0.257612371224426,1.12321900084771,1
43,17,-1,1,1.54447931341033,0.257612371224426,0.544663287623237,1
43,18,-1,1,1.54447931341033,0.257612371224426,0.398042171563651,-1
43,19,1,-1,1.62691704356014,1.67815742201842,0.447506218352514,1
43,20,-1,1,1.54447931341033,0.257612371224426,0.512948560621178,1
43,21,-1,1,1.54447931341033,0.257612371224426,0.623595880283687,1
43,22,-1,1,1.54447931341033,0.257612371224426,1.07745665903104,1
43,23,1,1,1.70691362075054,3.66778889304932,0.62442994453684,1
43,24,-1,1,1.54447931341033,0.257612371224426,1.72459520000601,-1
43,25,1,-1,1.62691704356014,1.67815742201842,0.705223083481221,1
43,26,-1,1,1.54447931341033,0.257612371224426,0.69766680637419,-1
43,27,1,-1,1.62691704356014,1.67815742201842,1.56664485842901,1
43,28,1,1,1.70691362075054,3.66778889304932,0.472645396687756,1
43,29,-1,1,1.54447931341033,0.257612371224426,1.15048343208994,1
43,30,1,1,1.70691362075054,3.66778889304932,0.490468134695846,1
43,31,1,1,1.70691362075054,3.66778889304932,0.438306260288216,1
43,32,1,1,1.70691362075054,3.66778889304932,0.487681154028733,1
43,33,1,1,1.70691362075054,3.66778889304932,0.338080876688703,1
43,34,1,1,1.70691362075054,3.66778889304932,0.418262758216295,1
43,35,1,1,1.70691362075054,3.66778889304932,0.486330500841601,1
43,36,-1,1,1.54447931341033,0.257612371224426,0.385190933678444,-1
43,37,-1,-1,1.47209541705365,-0.803558686292171,0.544081977067695,1
43,38,-1,1,1.54447931341033,0.257612371224426,0.982009671360417,-1
43,39,1,-1,1.62691704356014,1.67815742201842,0.557206056454778,1
43,40,-1,1,1.54447931341033,0.257612371224426,1.10037041146082,-1
43,41,1,-1,1.62691704356014,1.67815742201842,0.338037245291718,1
43,42,1,1,1.70691362075054,3.66778889304932,0.491531524983932,1
43,43,1,1,1.70691362075054,3.66778889304932,0.452350634548504,1
43,44,1,1,1.70691362075054,3.66778889304932,0.444398125145957,1
43,45,-1,1,1.54447931341033,0.257612371224426,0.535054256075855,1
43,46,-1,1,1.54447931341033,0.257612371224426,1.60529880652684,1
43,47,-1,1,1.54447931341033,0.257612371224426,0.732179128194923,-1
43,48,-1,-1,1.47209541705365,-0.803558686292171,0.781588429612679,-1
43,49,1,-1,1.62691704356014,1.67815742201842,0.395646964269472,1
43,50,-1,1,1.54447931341033,0.257612371224426,0.886685224717142,-1
43,51,1,-1,1.62691704356014,1.67815742201842,0.565729413289487,1
43,52,1,1,1.70691362075054,3.66778889304932,0.826547073160912,1
43,53,-1,1,1.54447931341033,0.257612371224426,0.84836804047747,-1
43,54,-1,-1,1.47209541705365,-0.803558686292171,0.66275870292189,1
43,55,-1,1,1.54447931341033,0.257612371224426,0.510628397391877,-1
43,56,1,-1,1.62691704356014,1.67815742201842,0.40774442027858,1
43,57,1,1,1.70691362075054,3.66778889304932,0.711052847029112,1
43,58,1,1,1.70691362075054,3.66778889304932,0.582162763462416,1
43,59,-1,1,1.54447931341033,0.257612371224426,0.708132081730448,1
43,60,-1,1,1.54447931341033,0.257612371224426,0.496686942883284,-1
43,61,1,-1,1.62691704356014,1.67815742201842,0.525192322963085,1
43,62,-1,1,1.54447931341033,0.257612371224426,0.941145401383128,-1
43,63,-1,-1,1.47209541705365,-0.803558686292171,0.329159066884946,-1
43,64,1,-1,1.62691704356014,1.67815742201842,0.349689631738285,1
43,65,-1,1,1.54447931341033,0.257612371224426,3.99937027362254,1
43,66,1,1,1.70691362075054,3.66778889304932,0.600476263212483,1
43,67,1,1,1.70691362075054,3.66778889304932,0.36564455273063,1
43,68,1,1,1.70691362075054,3.66778889304932,0.529943397973471,1
43,69,-1,1,1.54447931341033,0.257612371224426,0.898969050132519,-1
43,70,-1,-1,1.47209541705365,-0.803558686292171,1.15402880042909,-1
43,71,1,-1,1.62691704356014,1.67815742201842,0.419390299966582,1
43,72,-1,1,1.54447931341033,0.257612371224426,0.334731178819416,-1
43,73,-1,-1,1.47209541705365,-0.803558686292171,0.405992362909721,-1
43,74,1,-1,1.62691704356014,1.67815742201842,0.465831387663439,1
43,75,1,1,1.70691362075054,3.66778889304932,0.521299336997011,1
43,76,-1,1,1.54447931341033,0.257612371224426,0.702346982761143,1
43,77,1,1,1.70691362075054,3.66778889304932,0.398033458179231,1
43,78,-1,1,1.54447931341033,0.257612371224426,0.436952249271758,-1
43,79,-1,-1,1.47209541705365,-0.803558686292171,1.05422754671627,1
43,80,1,1,1.70691362075054,3.66778889304932,0.510932728254352,1
43,81,-1,1,1.54447931341033,0.257612371224426,0.499729882981077,1
43,82,-1,1,1.54447931341033,0.257612371224426,0.54150535186118,1
43,83,-1,1,1.54447931341033,0.257612371224426,0.837390167883214,1
43,84,1,1,1.70691362075054,3.66778889304932,0.526598230578602,1
43,85,1,1,1.70691362075054,3.66778889304932,0.483137279509987,1
43,86,1,1,1.70691362075054,3.66778889304932,0.88354936691226,1
43,87,-1,1,1.54447931341033,0.257612371224426,1.00714962591879,-1
43,88,-1,-1,1.47209541705365,-0.803558686292171,0.507530835098462,-1
43,89,-1,-1,1.47209541705365,-0.803558686292171,1.02550398961884,-1
43,90,1,-1,1.62691704356014,1.67815742201842,0.500373212791822,1
43,91,1,1,1.70691362075054,3.66778889304932,0.437719445148045,1
43,92,-1,1,1.54447931341033,0.257612371224426,0.435904039639545,1
43,93,1,1,1.70691362075054,3.66778889304932,0.678570379762208,1
43,94,1,1,1.70691362075054,3.66778889304932,0.843172224162075,1
43,95,1,1,1.70691362075054,3.66778889304932,0.457476772844526,1
43,96,1,1,1.70691362075054,3.66778889304932,0.429364415281403,1
43,97,-1,1,1.54447931341033,0.257612371224426,0.59134125445889,1
43,98,1,1,1.70691362075054,3.66778889304932,0.552928641058045,1
43,99,1,1,1.70691362075054,3.66778889304932,0.528471597971918,1
43,100,1,1,1.70691362075054,3.66778889304932,0.676420014223083,1
43,101,-1,1,1.54447931341033,0.257612371224426,0.551261935080402,1
44,2,-1,1,1.65598273937899,0.92944096380108,1.56944622495997,1
44,3,-1,1,1.65598273937899,0.92944096380108,0.485770708702701,1
44,4,1,1,1.83014396439691,2.95492755326793,0.414793643589659,1
44,5,-1,1,1.65598273937899,0.92944096380108,0.78748422744104,1
44,6,-1,1,1.65598273937899,0.92944096380108,1.00322257447322,1
44,7,-1,1,1.65598273937899,0.92944096380108,0.617525484776702,1
44,8,1,1,1.83014396439691,2.95492755326793,0.493627030068274,1
44,9,-1,1,1.65598273937899,0.92944096380108,1.47912947177159,1
44,10,-1,1,1.65598273937899,0.92944096380108,0.681856834449611,1
44,11,-1,1,1.65598273937899,0.92944096380108,0.317863185415902,-1
44,12,1,-1,1.74437204768266,0.918472099157426,0.758851648236377,1
44,13,-1,1,1.65598273937899,0.92944096380108,0.742520235301693,1
44,14,-1,1,1.65598273937899,0.92944096380108,0.850405847836222,1
44,15,1,1,1.83014396439691,2.95492755326793,0.371642204306602,1
44,16,1,1,1.83014396439691,2.95492755326793,0.500912086292404,1
44,17,1,1,1.83014396439691,2.95492755326793,0.426923824699957,1
44,18,1,1,1.83014396439691,2.95492755326793,0.481839055346651,1
44,19,-1,1,1.65598273937899,0.92944096380108,0.662800121443264,1
44,20,1,1,1.83014396439691,2.95492755326793,0.342506306705596,1
44,21,1,1,1.83014396439691,2.95492755326793,0.404626486389267,1
44,22,-1,1,1.65598273937899,0.92944096380108,1.69004444125545,-1
44,23,1,-1,1.74437204768266,0.918472099157426,0.341496695976292,1
44,24,1,1,1.83014396439691,2.95492755326793,0.448987975767105,1
44,25,1,1,1.83014396439691,2.95492755326793,0.560201108440106,1
44,26,-1,1,1.65598273937899,0.92944096380108,0.79265701111434,1
44,27,-1,1,1.65598273937899,0.92944096380108,1.08813906535251,1
44,28,-1,1,1.65598273937899,0.92944096380108,0.286567148682992,-1
44,29,-1,-1,1.57837309971928,-0.00284061622643778,0.537194411610319,1
44,30,-1,1,1.65598273937899,0.92944096380108,0.86020397501837,1
44,31,-1,1,1.65598273937899,0.92944096380108,0.713388135434093,-1
44,32,-1,-1,1.57837309971928,-0.00284061622643778,0.521922283108048,1
44,33,1,1,1.83014396439691,2.95492755326793,0.527840101312575,1
44,34,-1,1,1.65598273937899,0.92944096380108,0.447568076139883,1
44,35,1,1,1.83014396439691,2.95492755326793,0.674394526631718,1
44,36,1,1,1.83014396439691,2.95492755326793,0.498132544608539,1
44,37,-1,1,1.65598273937899,0.92944096380108,0.51070933851522,1
44,38,-1,1,1.65598273937899,0.92944096380108,0.592391201819721,1
44,39,1,1,1.83014396439691,2.95492755326793,0.354430400812484,1
44,40,1,1,1.83014396439691,2.95492755326793,0.7653522779758,1
44,41,1,1,1.83014396439691,2.95492755326793,0.329687903123498,1
44,42,1,1,1.83014396439691,2.95492755326793,0.596657531603031,1
44,43,-1,1,1.65598273937899,0.92944096380108,0.400638859772046,1
44,44,1,1,1.83014396439691,2.95492755326793,0.409465769398932,1
44,45,-1,1,1.65598273937899,0.92944096380108,0.556854181523267,-1
44,46,-1,-1,1.57837309971928,-0.00284061622643778,0.299404915293465,-1
44,47,1,-1,1.74437204768266,0.918472099157426,0.546774711988546,1
44,48,1,1,1.83014396439691,2.95492755326793,0.433044650478252,1
44,49,-1,1,1.65598273937899,0.92944096380108,0.831463329123401,1
44,50,1,1,1.83014396439691,2.95492755326793,0.290866738458334,1
44,51,-1,1,1.65598273937899,0.92944096380108,0.41591411635122,1
44,52,1,1,1.83014396439691,2.95492755326793,0.336829182934735,1
44,53,-1,1,1.65598273937899,0.92944096380108,2.04945753515648,1
44,54,1,1,1.83014396439691,2.95492755326793,0.291248992309689,1
44,55,-1,1,1.65598273937899,0.92944096380108,0.811890871141374,1
44,56,1,1,1.83014396439691,2.95492755326793,0.500364879148996,1
44,57,1,1,1.83014396439691,2.95492755326793,0.382829503975756,1
44,58,1,1,1.83014396439691,2.95492755326793,0.460047103470945,1
44,59,-1,1,1.65598273937899,0.92944096380108,0.711347901526681,1
44,60,1,1,1.83014396439691,2.95492755326793,1.0195111758777,1
44,61,-1,1,1.65598273937899,0.92944096380108,0.332128878389318,1
44,62,1,1,1.83014396439691,2.95492755326793,0.50058324881844,1
44,63,1,1,1.83014396439691,2.95492755326793,0.358218246386937,1
44,64,1,1,1.83014396439691,2.95492755326793,0.702318964124317,1
44,65,1,1,1.83014396439691,2.95492755326793,0.905127520095447,1
44,66,1,1,1.83014396439691,2.95492755326793,0.395710590874623,1
44,67,-1,1,1.65598273937899,0.92944096380108,0.48051960636341,1
44,68,-1,1,1.65598273937899,0.92944096380108,2.27839240613848,1
44,69,-1,1,1.65598273937899,0.92944096380108,0.403013682496137,1
44,70,-1,1,1.65598273937899,0.92944096380108,0.899101413265986,-1
44,71,-1,-1,1.57837309971928,-0.00284061622643778,1.14089953601563,1
44,72,-1,1,1.65598273937899,0.92944096380108,0.325012078006407,1
44,73,1,1,1.83014396439691,2.95492755326793,0.77391304434706,1
44,74,1,1,1.83014396439691,2.95492755326793,0.419835075903761,1
44,75,1,1,1.83014396439691,2.95492755326793,0.504936747514372,1
44,76,-1,1,1.65598273937899,0.92944096380108,0.306511189041036,-1
44,77,-1,-1,1.57837309971928,-0.00284061622643778,0.605810006825961,1
44,78,1,1,1.83014396439691,2.95492755326793,0.611664394573367,1
44,79,-1,1,1.65598273937899,0.92944096380108,1.5957525017059,1
44,80,-1,1,1.65598273937899,0.92944096380108,0.532921146663124,1
44,81,1,1,1.83014396439691,2.95492755326793,0.611619624478355,1
44,82,1,1,1.83014396439691,2.95492755326793,0.686374669250938,1
44,83,1,1,1.83014396439691,2.95492755326793,0.597473399331884,1
44,84,1,1,1.83014396439691,2.95492755326793,0.65653840366069,1
44,85,-1,1,1.65598273937899,0.92944096380108,0.556728719833179,1
44,86,-1,1,1.65598273937899,0.92944096380108,0.430032708665566,1
44,87,-1,1,1.65598273937899,0.92944096380108,1.56219418741338,1
44,88,1,1,1.83014396439691,2.95492755326793,0.527182087410609,1
44,89,1,1,1.83014396439691,2.95492755326793,0.65448016454829,1
44,90,1,1,1.83014396439691,2.95492755326793,0.347408412560196,1
44,91,-1,1,1.65598273937899,0.92944096380108,1.33458273271736,1
44,92,-1,1,1.65598273937899,0.92944096380108,0.811799556969782,1
44,93,1,1,1.83014396439691,2.95492755326793,0.442631155569845,1
44,94,1,1,1.83014396439691,2.95492755326793,0.359926520461764,1
44,95,1,1,1.83014396439691,2.95492755326793,0.54918180891224,1
44,96,1,1,1.83014396439691,2.95492755326793,0.908333879162392,1
44,97,-1,1,1.65598273937899,0.92944096380108,0.297311169770695,1
44,98,-1,1,1.65598273937899,0.92944096380108,0.375264447843322,-1
44,99,-1,-1,1.57837309971928,-0.00284061622643778,0.419278906238364,-1
44,100,1,-1,1.74437204768266,0.918472099157426,0.595044860132486,1
44,101,-1,1,1.65598273937899,0.92944096380108,0.830492962317611,1
45,2,-1,1,1.53707300122231,0.64567292170319,2.34180236052561,-1
45,3,1,-1,1.61911541395979,0.568778454444115,0.679138824880837,1
45,4,1,1,1.69872837991015,3.43570025922513,0.508888117461201,1
45,5,-1,1,1.53707300122231,0.64567292170319,1.10957522813434,1
45,6,-1,1,1.53707300122231,0.64567292170319,0.308554011580849,1
45,7,-1,1,1.53707300122231,0.64567292170319,0.752113261001223,-1
45,8,1,-1,1.61911541395979,0.568778454444115,1.62535888618719,1
45,9,-1,1,1.53707300122231,0.64567292170319,0.553025745084966,1
45,10,-1,1,1.53707300122231,0.64567292170319,0.403134293845558,-1
45,11,-1,-1,1.4650362106696,0.149848364627568,0.601481566878336,1
45,12,1,1,1.69872837991015,3.43570025922513,0.246493182469338,1
45,13,-1,1,1.53707300122231,0.64567292170319,0.325950084576604,1
45,14,1,1,1.69872837991015,3.43570025922513,0.321770135206794,1
45,15,1,1,1.69872837991015,3.43570025922513,0.414470756230735,1
45,16,1,1,1.69872837991015,3.43570025922513,0.464983379093643,1
45,17,-1,1,1.53707300122231,0.64567292170319,0.229807343270819,1
45,18,-1,1,1.53707300122231,0.64567292170319,0.367476046305952,1
45,19,1,1,1.69872837991015,3.43570025922513,0.320363682699764,1
45,20,1,1,1.69872837991015,3.43570025922513,0.267114873273315,1
45,21,-1,1,1.53707300122231,0.64567292170319,0.520755840235534,1
45,22,1,1,1.69872837991015,3.43570025922513,0.374162127978399,1
45,23,1,1,1.69872837991015,3.43570025922513,0.390153598654559,1
45,24,-1,1,1.53707300122231,0.64567292170319,1.79144297169512,-1
45,25,-1,-1,1.4650362106696,0.149848364627568,1.72384705334629,1
45,26,1,1,1.69872837991015,3.43570025922513,0.233656444676696,1
45,27,-1,1,1.53707300122231,0.64567292170319,0.832576045905271,1
45,28,1,1,1.69872837991015,3.43570025922513,0.3458443809805,1
45,29,1,1,1.69872837991015,3.43570025922513,0.306818104928735,1
45,30,-1,1,1.53707300122231,0.64567292170319,0.362469143411525,-1
45,31,-1,-1,1.4650362106696,0.149848364627568,0.932019899132437,1
45,32,-1,1,1.53707300122231,0.64567292170319,0.62974192792173,-1
45,33,-1,-1,1.4650362106696,0.149848364627568,0.2461741984413,1
45,34,1,1,1.69872837991015,3.43570025922513,0.291668486217452,1
45,35,-1,1,1.53707300122231,0.64567292170319,0.324062423360251,-1
45,36,1,-1,1.61911541395979,0.568778454444115,1.14410460120683,1
45,37,1,1,1.69872837991015,3.43570025922513,0.392885509649659,1
45,38,-1,1,1.53707300122231,0.64567292170319,0.42345042395492,-1
45,39,1,-1,1.61911541395979,0.568778454444115,0.774992824894501,1
45,40,-1,1,1.53707300122231,0.64567292170319,0.484203666645461,1
45,41,-1,1,1.53707300122231,0.64567292170319,1.52659465525253,1
45,42,1,1,1.69872837991015,3.43570025922513,0.317910255558313,1
45,43,1,1,1.69872837991015,3.43570025922513,0.393629391948689,1
45,44,-1,1,1.53707300122231,0.64567292170319,2.14963441722363,1
45,45,1,1,1.69872837991015,3.43570025922513,0.344462070604537,1
45,46,1,1,1.69872837991015,3.43570025922513,0.517255338659169,1
45,47,-1,1,1.53707300122231,0.64567292170319,0.643374269992198,-1
45,48,1,-1,1.61911541395979,0.568778454444115,0.389129371643132,1
45,49,1,1,1.69872837991015,3.43570025922513,1.02318746815582,1
45,50,-1,1,1.53707300122231,0.64567292170319,0.630153809832567,-1
45,51,-1,-1,1.4650362106696,0.149848364627568,0.47597921528279,1
45,52,1,1,1.69872837991015,3.43570025922513,0.797156952668693,1
45,53,-1,1,1.53707300122231,0.64567292170319,0.252987821974392,-1
45,54,-1,-1,1.4650362106696,0.149848364627568,0.940133677977443,-1
45,55,1,-1,1.61911541395979,0.568778454444115,0.882837406639787,1
45,56,1,1,1.69872837991015,3.43570025922513,0.247790410373449,1
45,57,-1,1,1.53707300122231,0.64567292170319,0.92063965197573,1
45,58,1,1,1.69872837991015,3.43570025922513,0.752766498097766,1
45,59,-1,1,1.53707300122231,0.64567292170319,0.620245883598705,1
45,60,1,1,1.69872837991015,3.43570025922513,0.342049226769516,1
45,61,1,1,1.69872837991015,3.43570025922513,0.385202818207006,1
45,62,1,1,1.69872837991015,3.43570025922513,0.300630985012949,1
45,63,1,1,1.69872837991015,3.43570025922513,0.407905023609927,1
45,64,1,1,1.69872837991015,3.43570025922513,0.74111520008126,1
45,65,1,1,1.69872837991015,3.43570025922513,0.323106131369629,1
45,66,-1,1,1.53707300122231,0.64567292170319,0.391968142475323,1
45,67,-1,1,1.53707300122231,0.64567292170319,0.764686618225876,1
45,68,1,1,1.69872837991015,3.43570025922513,0.281147707898219,1
45,69,-1,1,1.53707300122231,0.64567292170319,0.354519361746001,-1
45,70,-1,-1,1.4650362106696,0.149848364627568,0.636468880427501,1
45,71,-1,1,1.53707300122231,0.64567292170319,0.779544532389529,1
45,72,-1,1,1.53707300122231,0.64567292170319,0.536305277561298,1
45,73,-1,1,1.53707300122231,0.64567292170319,1.79812796036576,-1
45,74,1,-1,1.61911541395979,0.568778454444115,1.29432842593819,1
45,75,1,1,1.69872837991015,3.43570025922513,0.312570517981916,1
45,76,1,1,1.69872837991015,3.43570025922513,0.416662927630059,1
45,77,-1,1,1.53707300122231,0.64567292170319,0.337709589845605,1
45,78,1,1,1.69872837991015,3.43570025922513,0.442189462084448,1
45,79,-1,1,1.53707300122231,0.64567292170319,0.401625073696417,-1
45,80,1,-1,1.61911541395979,0.568778454444115,0.495111571291888,1
45,81,1,1,1.69872837991015,3.43570025922513,0.416261809363603,1
45,82,1,1,1.69872837991015,3.43570025922513,0.306957023304416,1
45,83,1,1,1.69872837991015,3.43570025922513,0.41085212137309,1
45,84,-1,1,1.53707300122231,0.64567292170319,0.573980560493221,-1
45,85,-1,-1,1.4650362106696,0.149848364627568,2.36517781331052,1
45,86,1,1,1.69872837991015,3.43570025922513,0.721963348465303,1
45,87,-1,1,1.53707300122231,0.64567292170319,0.779701173256341,1
45,88,-1,1,1.53707300122231,0.64567292170319,0.509433427279741,1
45,89,1,1,1.69872837991015,3.43570025922513,0.419590971521784,1
45,90,-1,1,1.53707300122231,0.64567292170319,0.399323601035355,1
45,91,1,1,1.69872837991015,3.43570025922513,0.324614285234216,1
45,92,-1,1,1.53707300122231,0.64567292170319,1.26410046731528,1
45,93,-1,1,1.53707300122231,0.64567292170319,0.408307324465057,1
45,94,-1,1,1.53707300122231,0.64567292170319,0.538139776442042,1
45,95,1,1,1.69872837991015,3.43570025922513,0.335068241317598,1
45,96,-1,1,1.53707300122231,0.64567292170319,0.467116654634042,-1
45,97,1,-1,1.61911541395979,0.568778454444115,0.253296886910958,1
45,98,1,1,1.69872837991015,3.43570025922513,0.423605190031252,1
45,99,1,1,1.69872837991015,3.43570025922513,0.688312103848255,1
45,100,-1,1,1.53707300122231,0.64567292170319,0.722146685419165,-1
45,101,-1,-1,1.4650362106696,0.149848364627568,0.382897179055885,1
46,2,1,1,1.85799611528194,2.69777101641451,0.844574878191619,1
46,3,1,1,1.85799611528194,2.69777101641451,0.446864265624944,1
46,4,-1,1,1.68118440767255,0.744595304692336,0.536379955515807,1
46,5,1,1,1.85799611528194,2.69777101641451,0.426819715002729,1
46,6,-1,1,1.68118440767255,0.744595304692336,0.470741999243942,1
46,7,-1,1,1.68118440767255,0.744595304692336,0.471303638491956,1
46,8,1,1,1.85799611528194,2.69777101641451,0.358657919065271,1
46,9,-1,1,1.68118440767255,0.744595304692336,1.06986872080345,1
46,10,-1,1,1.68118440767255,0.744595304692336,0.520565219445215,1
46,11,1,1,1.85799611528194,2.69777101641451,0.289426746344866,1
46,12,1,1,1.85799611528194,2.69777101641451,0.489773596087966,1
46,13,1,1,1.85799611528194,2.69777101641451,1.48313561343437,1
46,14,1,1,1.85799611528194,2.69777101641451,0.375953715543339,1
46,15,-1,1,1.68118440767255,0.744595304692336,0.892293030530548,1
46,16,1,1,1.85799611528194,2.69777101641451,0.575335327905311,1
46,17,1,1,1.85799611528194,2.69777101641451,0.553506018017136,1
46,18,-1,1,1.68118440767255,0.744595304692336,0.747652876092569,1
46,19,1,1,1.85799611528194,2.69777101641451,0.426938914341916,1
46,20,1,1,1.85799611528194,2.69777101641451,0.593581497852445,1
46,21,-1,1,1.68118440767255,0.744595304692336,0.386867712692555,-1
46,22,-1,-1,1.60239366126059,0.852814345044984,0.596993486340597,1
46,23,-1,1,1.68118440767255,0.744595304692336,0.637670931727503,1
46,24,-1,1,1.68118440767255,0.744595304692336,0.41321190900739,1
46,25,1,1,1.85799611528194,2.69777101641451,0.659819977248087,1
46,26,1,1,1.85799611528194,2.69777101641451,1.01397280589859,1
46,27,-1,1,1.68118440767255,0.744595304692336,1.04868472134846,-1
46,28,1,-1,1.77091887373397,0.504819333848171,3.69412101603782,1
46,29,-1,1,1.68118440767255,0.744595304692336,0.537275676777283,1
46,30,1,1,1.85799611528194,2.69777101641451,0.529741132340172,1
46,31,-1,1,1.68118440767255,0.744595304692336,0.372894566221451,1
46,32,1,1,1.85799611528194,2.69777101641451,0.610412948988703,1
46,33,-1,1,1.68118440767255,0.744595304692336,3.3989789373395,-1
46,34,-1,-1,1.60239366126059,0.852814345044984,1.913141878029,1
46,35,-1,1,1.68118440767255,0.744595304692336,0.411232683841727,1
46,36,1,1,1.85799611528194,2.69777101641451,0.53589466957612,1
46,37,-1,1,1.68118440767255,0.744595304692336,0.773794449782537,1
46,38,-1,1,1.68118440767255,0.744595304692336,0.414136099285463,1
46,39,-1,1,1.68118440767255,0.744595304692336,0.745344908032522,1
46,40,-1,1,1.68118440767255,0.744595304692336,0.681297367820797,-1
46,41,-1,-1,1.60239366126059,0.852814345044984,0.404920699532377,1
46,42,1,1,1.85799611528194,2.69777101641451,0.803501154040857,1
46,43,-1,1,1.68118440767255,0.744595304692336,0.484560138226077,1
46,44,1,1,1.85799611528194,2.69777101641451,0.405920156657437,1
46,45,1,1,1.85799611528194,2.69777101641451,0.574820666255683,1
46,46,1,1,1.85799611528194,2.69777101641451,0.740161150840624,-1
46,47,-1,-1,1.60239366126059,0.852814345044984,0.658458608075556,1
46,48,1,1,1.85799611528194,2.69777101641451,0.502971786036167,1
46,49,-1,1,1.68118440767255,0.744595304692336,0.718294403280452,1
46,50,-1,1,1.68118440767255,0.744595304692336,0.603793584411921,1
46,51,-1,1,1.68118440767255,0.744595304692336,0.602638492568485,1
46,52,1,1,1.85799611528194,2.69777101641451,0.918592315405597,1
46,53,1,1,1.85799611528194,2.69777101641451,0.346481532688845,1
46,54,1,1,1.85799611528194,2.69777101641451,0.352220209115827,1
46,55,1,1,1.85799611528194,2.69777101641451,0.899962373941187,1
46,56,1,1,1.85799611528194,2.69777101641451,0.725220012049191,1
46,57,1,1,1.85799611528194,2.69777101641451,0.630764367924043,1
46,58,-1,1,1.68118440767255,0.744595304692336,2.21159851785839,-1
46,59,-1,-1,1.60239366126059,0.852814345044984,0.937577573059291,1
46,60,-1,1,1.68118440767255,0.744595304692336,0.926088245230475,-1
46,61,1,-1,1.77091887373397,0.504819333848171,0.421734166220192,-1
46,62,1,-1,1.77091887373397,0.504819333848171,0.398903717109922,-1
46,63,-1,-1,1.60239366126059,0.852814345044984,1.04687746858053,1
46,64,-1,1,1.68118440767255,0.744595304692336,0.504633878842679,-1
46,65,1,-1,1.77091887373397,0.504819333848171,0.321587377449187,1
46,66,-1,1,1.68118440767255,0.744595304692336,1.30320125398488,1
46,67,1,1,1.85799611528194,2.69777101641451,0.43875782429077,1
46,68,1,1,1.85799611528194,2.69777101641451,0.305959311940418,1
46,69,1,1,1.85799611528194,2.69777101641451,0.473623877700068,1
46,70,1,1,1.85799611528194,2.69777101641451,0.437826552381471,1
46,71,-1,1,1.68118440767255,0.744595304692336,0.653046090009111,1
46,72,1,1,1.85799611528194,2.69777101641451,0.428249931766665,1
46,73,-1,1,1.68118440767255,0.744595304692336,1.45156128608866,1
46,74,-1,1,1.68118440767255,0.744595304692336,0.419815820519787,1
46,75,-1,1,1.68118440767255,0.744595304692336,0.948389844055917,-1
46,76,-1,-1,1.60239366126059,0.852814345044984,0.307358947721559,1
46,77,-1,1,1.68118440767255,0.744595304692336,0.780646355147206,-1
46,78,-1,-1,1.60239366126059,0.852814345044984,0.473040444470385,1
46,79,-1,1,1.68118440767255,0.744595304692336,2.53695772602312,1
46,80,1,1,1.85799611528194,2.69777101641451,1.05715011907838,1
46,81,1,1,1.85799611528194,2.69777101641451,0.591555105326099,1
46,82,-1,1,1.68118440767255,0.744595304692336,0.747459754716179,1
46,83,-1,1,1.68118440767255,0.744595304692336,0.56770769411838,-1
46,84,-1,-1,1.60239366126059,0.852814345044984,0.592792723615549,1
46,85,1,1,1.85799611528194,2.69777101641451,0.458142725116771,1
46,86,1,1,1.85799611528194,2.69777101641451,0.396952003257657,1
46,87,-1,1,1.68118440767255,0.744595304692336,0.840340487730318,1
46,88,1,1,1.85799611528194,2.69777101641451,0.45155807907291,1
46,89,1,1,1.85799611528194,2.69777101641451,0.40314187367261,1
46,90,-1,1,1.68118440767255,0.744595304692336,0.458731931752441,1
46,91,1,1,1.85799611528194,2.69777101641451,0.349078804854748,1
46,92,1,1,1.85799611528194,2.69777101641451,0.500400923988835,1
46,93,-1,1,1.68118440767255,0.744595304692336,0.830843453516348,1
46,94,1,1,1.85799611528194,2.69777101641451,0.321981407853784,1
46,95,-1,1,1.68118440767255,0.744595304692336,1.75385525440946,1
46,96,1,1,1.85799611528194,2.69777101641451,0.869800992041966,1
46,97,1,1,1.85799611528194,2.69777101641451,0.366270634117863,1
46,98,-1,1,1.68118440767255,0.744595304692336,1.76289563385501,1
46,99,1,1,1.85799611528194,2.69777101641451,0.620452136340207,1
46,100,1,1,1.85799611528194,2.69777101641451,0.770979837846802,1
46,101,-1,1,1.68118440767255,0.744595304692336,0.618574409037439,1
47,2,1,1,2.31853498854975,3.77735194853154,0.528530592262162,1
47,3,1,1,2.31853498854975,3.77735194853154,0.407653093307112,1
47,4,1,1,2.31853498854975,3.77735194853154,0.769099013711195,1
47,5,-1,1,2.09789721266539,-0.564705314163815,0.38804596943522,1
47,6,-1,1,2.09789721266539,-0.564705314163815,0.912955329257052,-1
47,7,1,-1,2.20987403410812,1.39795013769848,0.665777987343318,1
47,8,1,1,2.31853498854975,3.77735194853154,0.577311647488965,1
47,9,-1,1,2.09789721266539,-0.564705314163815,0.41655142291392,-1
47,10,-1,-1,1.99957671520711,0.189403227933793,1.05793961345656,1
47,11,-1,1,2.09789721266539,-0.564705314163815,0.650971993665667,1
47,12,1,1,2.31853498854975,3.77735194853154,0.521451024519165,1
47,13,1,1,2.31853498854975,3.77735194853154,0.541155212151657,1
47,14,-1,1,2.09789721266539,-0.564705314163815,0.730036931373959,1
47,15,1,1,2.31853498854975,3.77735194853154,0.355862819842425,1
47,16,-1,1,2.09789721266539,-0.564705314163815,0.424567206821716,-1
47,17,-1,-1,1.99957671520711,0.189403227933793,0.911906842515993,1
47,18,-1,1,2.09789721266539,-0.564705314163815,0.778393106923443,-1
47,19,-1,-1,1.99957671520711,0.189403227933793,1.5609542661982,1
47,20,1,1,2.31853498854975,3.77735194853154,0.788053410058074,1
47,21,-1,1,2.09789721266539,-0.564705314163815,0.729137313702536,-1
47,22,1,-1,2.20987403410812,1.39795013769848,1.75415181640486,1
47,23,-1,1,2.09789721266539,-0.564705314163815,0.559717837378808,-1
47,24,1,-1,2.20987403410812,1.39795013769848,1.63242410634866,1
47,25,1,1,2.31853498854975,3.77735194853154,0.926192633787382,1
47,26,1,1,2.31853498854975,3.77735194853154,0.55284563129421,1
47,27,1,1,2.31853498854975,3.77735194853154,0.449678872866382,1
47,28,-1,1,2.09789721266539,-0.564705314163815,0.686804574661187,-1
47,29,-1,-1,1.99957671520711,0.189403227933793,0.972831993804041,-1
47,30,-1,-1,1.99957671520711,0.189403227933793,1.7682938710465,1
47,31,-1,1,2.09789721266539,-0.564705314163815,0.676578086572067,1
47,32,1,1,2.31853498854975,3.77735194853154,0.514522557771182,1
47,33,-1,1,2.09789721266539,-0.564705314163815,1.43409632927231,-1
47,34,1,-1,2.20987403410812,1.39795013769848,1.20261579783083,1
47,35,-1,1,2.09789721266539,-0.564705314163815,1.72090434234174,-1
47,36,1,-1,2.20987403410812,1.39795013769848,1.05260752304861,1
47,37,-1,1,2.09789721266539,-0.564705314163815,0.608340048208676,1
47,38,-1,1,2.09789721266539,-0.564705314163815,1.11260514441507,-1
47,39,-1,-1,1.99957671520711,0.189403227933793,0.87343712256609,1
47,40,-1,1,2.09789721266539,-0.564705314163815,2.06836748218125,-1
47,41,1,-1,2.20987403410812,1.39795013769848,0.955330439439589,1
47,42,-1,1,2.09789721266539,-0.564705314163815,1.84200890032791,-1
47,43,1,-1,2.20987403410812,1.39795013769848,1.33541857321264,1
47,44,1,1,2.31853498854975,3.77735194853154,0.637284498495172,1
47,45,1,1,2.31853498854975,3.77735194853154,0.356281932865007,1
47,46,1,1,2.31853498854975,3.77735194853154,0.467003046596089,1
47,47,-1,1,2.09789721266539,-0.564705314163815,0.41689100126979,1
47,48,1,1,2.31853498854975,3.77735194853154,0.956758180598834,1
47,49,-1,1,2.09789721266539,-0.564705314163815,0.632808862095548,-1
47,50,-1,-1,1.99957671520711,0.189403227933793,1.65800163108542,1
47,51,1,1,2.31853498854975,3.77735194853154,0.559289134170721,1
47,52,1,1,2.31853498854975,3.77735194853154,0.387430307591375,1
47,53,1,1,2.31853498854975,3.77735194853154,0.558696763566988,1
47,54,1,1,2.31853498854975,3.77735194853154,0.520110795464457,1
47,55,1,1,2.31853498854975,3.77735194853154,0.62738529983933,1
47,56,1,1,2.31853498854975,3.77735194853154,0.50027411315411,1
47,57,-1,1,2.09789721266539,-0.564705314163815,1.26589969969953,-1
47,58,1,-1,2.20987403410812,1.39795013769848,0.655481778768179,1
47,59,1,1,2.31853498854975,3.77735194853154,0.464114656067218,1
47,60,1,1,2.31853498854975,3.77735194853154,0.744090344627478,1
47,61,-1,1,2.09789721266539,-0.564705314163815,1.14441152160242,-1
47,62,1,-1,2.20987403410812,1.39795013769848,1.13889222352281,1
47,63,1,1,2.31853498854975,3.77735194853154,0.666636054973334,1
47,64,1,1,2.31853498854975,3.77735194853154,0.740809765730114,1
47,65,-1,1,2.09789721266539,-0.564705314163815,0.73914409902329,1
47,66,-1,1,2.09789721266539,-0.564705314163815,0.792600515497777,-1
47,67,1,-1,2.20987403410812,1.39795013769848,1.164750067305,-1
47,68,1,-1,2.20987403410812,1.39795013769848,1.10408109154578,1
47,69,-1,1,2.09789721266539,-0.564705314163815,1.77534122210587,-1
47,70,1,-1,2.20987403410812,1.39795013769848,0.422029900292897,1
47,71,1,1,2.31853498854975,3.77735194853154,0.538170690887421,1
47,72,1,1,2.31853498854975,3.77735194853154,0.480939196352758,1
47,73,-1,1,2.09789721266539,-0.564705314163815,1.49577706159896,-1
47,74,1,-1,2.20987403410812,1.39795013769848,0.647364562328417,1
47,75,-1,1,2.09789721266539,-0.564705314163815,0.478901043314366,-1
47,76,1,-1,2.20987403410812,1.39795013769848,0.432998407922584,1
47,77,-1,1,2.09789721266539,-0.564705314163815,0.943951337097138,1
47,78,1,1,2.31853498854975,3.77735194853154,0.45054294775371,1
47,79,-1,1,2.09789721266539,-0.564705314163815,1.27007906602766,-1
47,80,-1,-1,1.99957671520711,0.189403227933793,0.538290362937829,1
47,81,-1,1,2.09789721266539,-0.564705314163815,4.26552572013371,1
47,82,-1,1,2.09789721266539,-0.564705314163815,1.7056333573638,1
47,83,1,1,2.31853498854975,3.77735194853154,0.521730161203201,1
47,84,-1,1,2.09789721266539,-0.564705314163815,0.47698969074552,-1
47,85,1,-1,2.20987403410812,1.39795013769848,1.40925332019659,1
47,86,-1,1,2.09789721266539,-0.564705314163815,0.332684663563859,1
47,87,-1,1,2.09789721266539,-0.564705314163815,1.8428745004618,-1
47,88,-1,-1,1.99957671520711,0.189403227933793,1.64569556081353,1
47,89,1,1,2.31853498854975,3.77735194853154,0.423218373823455,1
47,90,1,1,2.31853498854975,3.77735194853154,0.530559952327057,1
47,91,-1,1,2.09789721266539,-0.564705314163815,0.712517476480738,-1
47,92,1,-1,2.20987403410812,1.39795013769848,0.886378687442429,1
47,93,-1,1,2.09789721266539,-0.564705314163815,0.346547912378157,-1
47,94,-1,-1,1.99957671520711,0.189403227933793,0.813276085816008,-1
47,95,-1,-1,1.99957671520711,0.189403227933793,0.791044199875841,1
47,96,-1,1,2.09789721266539,-0.564705314163815,0.664979289345724,-1
47,97,1,-1,2.20987403410812,1.39795013769848,0.407396617803911,1
47,98,-1,1,2.09789721266539,-0.564705314163815,0.710781460599888,1
47,99,-1,1,2.09789721266539,-0.564705314163815,0.433119027693682,1
47,100,-1,1,2.09789721266539,-0.564705314163815,1.8144277158856,-1
47,101,1,-1,2.20987403410812,1.39795013769848,0.56621038544218,1
48,2,1,1,2.06931548869187,2.47271943972757,0.320471779881708,1
48,3,-1,1,1.87239408388977,1.21573059114473,0.707444883393556,1
48,4,1,1,2.06931548869187,2.47271943972757,0.526601949224321,1
48,5,1,1,2.06931548869187,2.47271943972757,0.383996051517336,1
48,6,-1,1,1.87239408388977,1.21573059114473,1.57673473689077,-1
48,7,-1,-1,1.78464206407937,0.613691141410857,0.853067532033897,1
48,8,-1,1,1.87239408388977,1.21573059114473,0.81469945584032,1
48,9,-1,1,1.87239408388977,1.21573059114473,1.28570011928841,-1
48,10,1,-1,1.97233450839502,0.497858827716847,1.750957488488,-1
48,11,1,-1,1.97233450839502,0.497858827716847,0.59165848173702,1
48,12,-1,1,1.87239408388977,1.21573059114473,0.539333079729398,1
48,13,1,1,2.06931548869187,2.47271943972757,0.397328232701319,1
48,14,1,1,2.06931548869187,2.47271943972757,1.79375511348184,1
48,15,1,1,2.06931548869187,2.47271943972757,0.906449477263563,1
48,16,-1,1,1.87239408388977,1.21573059114473,0.426747151428687,-1
48,17,-1,-1,1.78464206407937,0.613691141410857,1.1199785818784,1
48,18,-1,1,1.87239408388977,1.21573059114473,0.658522305159311,1
48,19,1,1,2.06931548869187,2.47271943972757,1.08056607994105,1
48,20,-1,1,1.87239408388977,1.21573059114473,1.65992055582745,1
48,21,1,1,2.06931548869187,2.47271943972757,0.735226368447032,1
48,22,1,1,2.06931548869187,2.47271943972757,0.464255164434023,1
48,23,-1,1,1.87239408388977,1.21573059114473,0.760696474003301,1
48,24,-1,1,1.87239408388977,1.21573059114473,0.669191160505868,1
48,25,1,1,2.06931548869187,2.47271943972757,0.532432687127604,1
48,26,-1,1,1.87239408388977,1.21573059114473,0.891867229831472,1
48,27,1,1,2.06931548869187,2.47271943972757,0.836293379823338,1
48,28,1,1,2.06931548869187,2.47271943972757,0.689933634238086,1
48,29,-1,1,1.87239408388977,1.21573059114473,0.581522698289486,1
48,30,-1,1,1.87239408388977,1.21573059114473,0.536768191416888,1
48,31,-1,1,1.87239408388977,1.21573059114473,0.465004624780917,1
48,32,1,1,2.06931548869187,2.47271943972757,0.315405803166213,1
48,33,1,1,2.06931548869187,2.47271943972757,0.472778201328035,1
48,34,1,1,2.06931548869187,2.47271943972757,0.56560823229775,1
48,35,-1,1,1.87239408388977,1.21573059114473,0.50900318861058,1
48,36,-1,1,1.87239408388977,1.21573059114473,0.54229756971352,1
48,37,1,1,2.06931548869187,2.47271943972757,0.712771074145283,1
48,38,-1,1,1.87239408388977,1.21573059114473,0.612931305210999,1
48,39,-1,1,1.87239408388977,1.21573059114473,0.371577938258067,1
48,40,-1,1,1.87239408388977,1.21573059114473,1.14929672704758,1
48,41,1,1,2.06931548869187,2.47271943972757,0.468557610184366,1
48,42,1,1,2.06931548869187,2.47271943972757,0.773578022367357,1
48,43,1,1,2.06931548869187,2.47271943972757,0.724870789472899,1
48,44,1,1,2.06931548869187,2.47271943972757,0.433265343373964,1
48,45,1,1,2.06931548869187,2.47271943972757,0.691200496902429,1
48,46,1,1,2.06931548869187,2.47271943972757,0.310073620292762,1
48,47,1,1,2.06931548869187,2.47271943972757,0.575595947086116,1
48,48,1,1,2.06931548869187,2.47271943972757,0.406373695076758,1
48,49,-1,1,1.87239408388977,1.21573059114473,1.56215074155093,-1
48,50,-1,-1,1.78464206407937,0.613691141410857,0.3988472441879,1
48,51,-1,1,1.87239408388977,1.21573059114473,0.441897267634147,1
48,52,-1,1,1.87239408388977,1.21573059114473,0.510621690401875,1
48,53,1,1,2.06931548869187,2.47271943972757,0.558960218156882,1
48,54,-1,1,1.87239408388977,1.21573059114473,0.743633308329256,-1
48,55,1,-1,1.97233450839502,0.497858827716847,1.53263589791102,-1
48,56,-1,-1,1.78464206407937,0.613691141410857,0.792105416071609,1
48,57,-1,1,1.87239408388977,1.21573059114473,1.31414515464841,-1
48,58,-1,-1,1.78464206407937,0.613691141410857,0.668578956435673,-1
48,59,1,-1,1.97233450839502,0.497858827716847,1.44226525188907,1
48,60,1,1,2.06931548869187,2.47271943972757,0.811528650757196,1
48,61,1,1,2.06931548869187,2.47271943972757,0.8,1
48,62,1,1,2.06931548869187,2.47271943972757,0.694651376735808,1
48,63,-1,1,1.87239408388977,1.21573059114473,0.470586482042301,1
48,64,1,1,2.06931548869187,2.47271943972757,0.878556782865883,1
48,65,1,1,2.06931548869187,2.47271943972757,0.319723766722506,1
48,66,-1,1,1.87239408388977,1.21573059114473,0.386094020570953,1
48,67,-1,1,1.87239408388977,1.21573059114473,3.81309058409656,1
48,68,1,1,2.06931548869187,2.47271943972757,0.313657374909875,1
48,69,1,1,2.06931548869187,2.47271943972757,0.781006730702191,1
48,70,-1,1,1.87239408388977,1.21573059114473,0.659042219343592,1
48,71,-1,1,1.87239408388977,1.21573059114473,1.36804753876742,1
48,72,-1,1,1.87239408388977,1.21573059114473,1.57985040451254,1
48,73,1,1,2.06931548869187,2.47271943972757,0.47791695125749,1
48,74,1,1,2.06931548869187,2.47271943972757,0.369403908282849,1
48,75,-1,1,1.87239408388977,1.21573059114473,0.369695188742384,1
48,76,1,1,2.06931548869187,2.47271943972757,0.729925428710233,1
48,77,1,1,2.06931548869187,2.47271943972757,0.531443002154026,1
48,78,-1,1,1.87239408388977,1.21573059114473,0.743820665086936,1
48,79,1,1,2.06931548869187,2.47271943972757,0.822514299587356,1
48,80,-1,1,1.87239408388977,1.21573059114473,0.61040308754943,1
48,81,-1,1,1.87239408388977,1.21573059114473,0.407296786488638,1
48,82,1,1,2.06931548869187,2.47271943972757,0.582255352525312,1
48,83,-1,1,1.87239408388977,1.21573059114473,0.564485948017405,-1
48,84,1,-1,1.97233450839502,0.497858827716847,0.477138392485779,-1
48,85,-1,-1,1.78464206407937,0.613691141410857,1.07558331448946,1
48,86,1,1,2.06931548869187,2.47271943972757,1.36740795124753,1
48,87,-1,1,1.87239408388977,1.21573059114473,0.787459097763137,1
48,88,-1,1,1.87239408388977,1.21573059114473,0.707513407519125,1
48,89,1,1,2.06931548869187,2.47271943972757,0.598157995291292,1
48,90,-1,1,1.87239408388977,1.21573059114473,0.531537681179709,1
48,91,1,1,2.06931548869187,2.47271943972757,0.365493877072867,1
48,92,-1,1,1.87239408388977,1.21573059114473,0.773295754352787,1
48,93,-1,1,1.87239408388977,1.21573059114473,0.76684886718041,1
48,94,-1,1,1.87239408388977,1.21573059114473,0.637942064759708,-1
48,95,1,-1,1.97233450839502,0.497858827716847,2.38234380153007,1
48,96,1,1,2.06931548869187,2.47271943972757,0.430049276392441,1
48,97,1,1,2.06931548869187,2.47271943972757,0.486614888539942,1
48,98,-1,1,1.87239408388977,1.21573059114473,0.498736809371959,1
48,99,1,1,2.06931548869187,2.47271943972757,0.716156555723123,1
48,100,-1,1,1.87239408388977,1.21573059114473,1.15129769803562,-1
48,101,-1,-1,1.78464206407937,0.613691141410857,1.57523258282214,-1
49,2,1,1,2.26788636790488,2.40484222039052,0.417509065691143,1
49,3,-1,1,2.052068445534,0.596875699409567,0.872608554334271,-1
49,4,1,-1,2.16159912250262,0.628364832806024,1.2476369763259,1
49,5,1,1,2.26788636790488,2.40484222039052,0.74114584175427,1
49,6,1,1,2.26788636790488,2.40484222039052,0.351249481379398,1
49,7,1,1,2.26788636790488,2.40484222039052,0.903268485612836,1
49,8,-1,1,2.052068445534,0.596875699409567,0.405489969028056,1
49,9,1,1,2.26788636790488,2.40484222039052,0.815553470433053,1
49,10,-1,1,2.052068445534,0.596875699409567,1.17243721888535,1
49,11,1,1,2.26788636790488,2.40484222039052,0.720425504893466,1
49,12,-1,1,2.052068445534,0.596875699409567,1.52370695280979,1
49,13,-1,1,2.052068445534,0.596875699409567,0.737743170687692,1
49,14,-1,1,2.052068445534,0.596875699409567,1.18141954035994,1
49,15,-1,1,2.052068445534,0.596875699409567,0.86903177872871,1
49,16,-1,1,2.052068445534,0.596875699409567,1.73881277085537,1
49,17,-1,1,2.052068445534,0.596875699409567,1.84382755684101,-1
49,18,-1,-1,1.95589576883407,1.16991724739389,1.50588778179262,1
49,19,1,1,2.26788636790488,2.40484222039052,0.373649385327493,1
49,20,-1,1,2.052068445534,0.596875699409567,2.20495253534291,-1
49,21,1,-1,2.16159912250262,0.628364832806024,0.455678379087225,1
49,22,1,1,2.26788636790488,2.40484222039052,0.392189170611203,1
49,23,-1,1,2.052068445534,0.596875699409567,0.798525514282895,1
49,24,1,1,2.26788636790488,2.40484222039052,0.582566406355216,1
49,25,1,1,2.26788636790488,2.40484222039052,1.84029941006528,1
49,26,1,1,2.26788636790488,2.40484222039052,0.441324077226257,1
49,27,1,1,2.26788636790488,2.40484222039052,0.599344289711343,1
49,28,1,1,2.26788636790488,2.40484222039052,0.985660661578819,1
49,29,-1,1,2.052068445534,0.596875699409567,0.523916992013817,1
49,30,1,1,2.26788636790488,2.40484222039052,1.7282730969784,1
49,31,1,1,2.26788636790488,2.40484222039052,0.326231471872008,1
49,32,1,1,2.26788636790488,2.40484222039052,1.20134754556353,1
49,33,1,1,2.26788636790488,2.40484222039052,0.864867261134409,1
49,34,1,1,2.26788636790488,2.40484222039052,0.348103228167976,1
49,35,1,1,2.26788636790488,2.40484222039052,0.784862272839261,1
49,36,-1,1,2.052068445534,0.596875699409567,0.854538608258285,1
49,37,1,1,2.26788636790488,2.40484222039052,0.53831568100134,1
49,38,1,1,2.26788636790488,2.40484222039052,0.66719107996278,1
49,39,-1,1,2.052068445534,0.596875699409567,0.414686296128061,1
49,40,-1,1,2.052068445534,0.596875699409567,0.548420903242813,1
49,41,1,1,2.26788636790488,2.40484222039052,0.900601607255181,1
49,42,-1,1,2.052068445534,0.596875699409567,0.766121045092542,1
49,43,1,1,2.26788636790488,2.40484222039052,0.983340790017288,1
49,44,1,1,2.26788636790488,2.40484222039052,0.447430711740297,1
49,45,-1,1,2.052068445534,0.596875699409567,1.48392080929719,1
49,46,-1,1,2.052068445534,0.596875699409567,1.03773268549685,1
49,47,-1,1,2.052068445534,0.596875699409567,1.89336621841483,-1
49,48,-1,-1,1.95589576883407,1.16991724739389,2.02651947293599,1
49,49,1,1,2.26788636790488,2.40484222039052,0.548960404822021,1
49,50,-1,1,2.052068445534,0.596875699409567,1.03114468510207,-1
49,51,-1,-1,1.95589576883407,1.16991724739389,1.33934806375263,1
49,52,-1,1,2.052068445534,0.596875699409567,0.972813417313378,1
49,53,-1,1,2.052068445534,0.596875699409567,0.581190067455359,1
49,54,-1,1,2.052068445534,0.596875699409567,0.367791690435005,1
49,55,-1,1,2.052068445534,0.596875699409567,1.16340387053985,1
49,56,1,1,2.26788636790488,2.40484222039052,0.478988406706081,1
49,57,-1,1,2.052068445534,0.596875699409567,4.21680852144255,1
49,58,-1,1,2.052068445534,0.596875699409567,0.844324328949383,1
49,59,-1,1,2.052068445534,0.596875699409567,1.58033920691155,1
49,60,1,1,2.26788636790488,2.40484222039052,0.912983303367866,1
49,61,1,1,2.26788636790488,2.40484222039052,2.85567717520933,1
49,62,-1,1,2.052068445534,0.596875699409567,1.13369877371054,-1
49,63,-1,-1,1.95589576883407,1.16991724739389,0.301237825260926,1
49,64,-1,1,2.052068445534,0.596875699409567,1.38812677432153,1
49,65,1,1,2.26788636790488,2.40484222039052,0.395525918065964,1
49,66,-1,1,2.052068445534,0.596875699409567,1.07357934658612,1
49,67,1,1,2.26788636790488,2.40484222039052,1.00629500162167,1
49,68,1,1,2.26788636790488,2.40484222039052,0.869024764502402,1
49,69,1,1,2.26788636790488,2.40484222039052,0.446742251023932,1
49,70,-1,1,2.052068445534,0.596875699409567,2.29347393406736,1
49,71,1,1,2.26788636790488,2.40484222039052,1.00701297194042,1
49,72,1,1,2.26788636790488,2.40484222039052,0.635820218068661,1
49,73,-1,1,2.052068445534,0.596875699409567,0.600866524484479,1
49,74,-1,1,2.052068445534,0.596875699409567,2.65813590624161,1
49,75,-1,1,2.052068445534,0.596875699409567,2.15889376856827,1
49,76,-1,1,2.052068445534,0.596875699409567,0.884304911867766,1
49,77,-1,1,2.052068445534,0.596875699409567,1.14166949848784,1
49,78,1,1,2.26788636790488,2.40484222039052,0.586510895140776,1
49,79,1,1,2.26788636790488,2.40484222039052,0.440933222621149,1
49,80,1,1,2.26788636790488,2.40484222039052,0.403345128853791,1
49,81,-1,1,2.052068445534,0.596875699409567,0.873276499745834,1
49,82,1,1,2.26788636790488,2.40484222039052,0.599316770850586,1
49,83,1,1,2.26788636790488,2.40484222039052,1.54855387563106,1
49,84,1,1,2.26788636790488,2.40484222039052,0.495904943794481,1
49,85,1,1,2.26788636790488,2.40484222039052,0.693304774115843,1
49,86,-1,1,2.052068445534,0.596875699409567,0.324648872600161,1
49,87,-1,1,2.052068445534,0.596875699409567,0.691014396834005,1
49,88,-1,1,2.052068445534,0.596875699409567,0.356672259118506,-1
49,89,-1,-1,1.95589576883407,1.16991724739389,0.452852485529528,1
49,90,1,1,2.26788636790488,2.40484222039052,0.549647944351852,1
49,91,-1,1,2.052068445534,0.596875699409567,0.855656472869101,1
49,92,-1,1,2.052068445534,0.596875699409567,0.535433893594459,-1
49,93,-1,-1,1.95589576883407,1.16991724739389,0.436493693884687,1
49,94,1,1,2.26788636790488,2.40484222039052,1.34203947442002,1
49,95,1,1,2.26788636790488,2.40484222039052,0.537754494886062,1
49,96,-1,1,2.052068445534,0.596875699409567,1.17425831975253,-1
49,97,-1,-1,1.95589576883407,1.16991724739389,0.993047277158079,1
49,98,1,1,2.26788636790488,2.40484222039052,1.83198586415121,1
49,99,1,1,2.26788636790488,2.40484222039052,0.28878634002192,1
49,100,1,1,2.26788636790488,2.40484222039052,0.806838477963349,1
49,101,1,1,2.26788636790488,2.40484222039052,0.339370757823023,1
50,2,-1,1,1.85581504043104,0.873519764948469,1.03418970329683,-1
50,3,-1,-1,1.76884001760143,0.0955498751831888,0.425881716714056,-1
50,4,-1,-1,1.76884001760143,0.0955498751831888,0.86451076253648,-1
50,5,-1,-1,1.76884001760143,0.0955498751831888,1.91849952330659,1
50,6,-1,1,1.85581504043104,0.873519764948469,0.54001900055122,1
50,7,1,1,2.05099281201177,1.95781185819641,0.899110198699964,1
50,8,-1,1,1.85581504043104,0.873519764948469,1.27150040734794,1
50,9,-1,1,1.85581504043104,0.873519764948469,0.561743262466537,1
50,10,-1,1,1.85581504043104,0.873519764948469,0.424928399081509,1
50,11,-1,1,1.85581504043104,0.873519764948469,0.921439761094116,-1
50,12,1,-1,1.95487054618152,1.87311850167193,0.444320096820447,1
50,13,-1,1,1.85581504043104,0.873519764948469,1.4927482500524,1
50,14,1,1,2.05099281201177,1.95781185819641,0.451214364190779,1
50,15,-1,1,1.85581504043104,0.873519764948469,0.514219335885488,1
50,16,1,1,2.05099281201177,1.95781185819641,0.463113459687124,1
50,17,-1,1,1.85581504043104,0.873519764948469,0.477228416051899,1
50,18,1,1,2.05099281201177,1.95781185819641,0.79792061181499,1
50,19,1,1,2.05099281201177,1.95781185819641,0.771029845281449,1
50,20,-1,1,1.85581504043104,0.873519764948469,0.39179587397795,1
50,21,1,1,2.05099281201177,1.95781185819641,0.61073625161722,1
50,22,1,1,2.05099281201177,1.95781185819641,0.762206230411713,1
50,23,1,1,2.05099281201177,1.95781185819641,2.68794971287858,1
50,24,-1,1,1.85581504043104,0.873519764948469,0.709761040652767,1
50,25,-1,1,1.85581504043104,0.873519764948469,1.2578755676197,1
50,26,-1,1,1.85581504043104,0.873519764948469,1.16426873745188,-1
50,27,1,-1,1.95487054618152,1.87311850167193,0.818101675216828,1
50,28,-1,1,1.85581504043104,0.873519764948469,0.439528239907976,1
50,29,-1,1,1.85581504043104,0.873519764948469,0.81984250669978,-1
50,30,1,-1,1.95487054618152,1.87311850167193,1.19905777223175,1
50,31,1,1,2.05099281201177,1.95781185819641,0.381099574600523,1
50,32,-1,1,1.85581504043104,0.873519764948469,1.40853196798692,-1
50,33,1,-1,1.95487054618152,1.87311850167193,0.41752735309028,1
50,34,1,1,2.05099281201177,1.95781185819641,1.00447330755169,1
50,35,-1,1,1.85581504043104,0.873519764948469,0.74744150099523,-1
50,36,1,-1,1.95487054618152,1.87311850167193,0.97474784758749,1
50,37,-1,1,1.85581504043104,0.873519764948469,1.16756071121277,-1
50,38,-1,-1,1.76884001760143,0.0955498751831888,0.664211733845531,-1
50,39,-1,-1,1.76884001760143,0.0955498751831888,0.415219144806347,-1
50,40,1,-1,1.95487054618152,1.87311850167193,0.950302589568757,1
50,41,1,1,2.05099281201177,1.95781185819641,0.476941077566956,1
50,42,-1,1,1.85581504043104,0.873519764948469,0.410141558366916,1
50,43,1,1,2.05099281201177,1.95781185819641,0.561809643237038,1
50,44,-1,1,1.85581504043104,0.873519764948469,0.53773745395467,1
50,45,-1,1,1.85581504043104,0.873519764948469,0.734586461432799,-1
50,46,-1,-1,1.76884001760143,0.0955498751831888,0.951157828826854,1
50,47,-1,1,1.85581504043104,0.873519764948469,1.72387685164002,1
50,48,1,1,2.05099281201177,1.95781185819641,0.725545849072015,1
50,49,1,1,2.05099281201177,1.95781185819641,0.553343040617285,-1
50,50,1,-1,1.95487054618152,1.87311850167193,1.88368697149723,1
50,51,1,1,2.05099281201177,1.95781185819641,0.31902813938736,1
50,52,1,1,2.05099281201177,1.95781185819641,0.600626028378399,1
50,53,1,1,2.05099281201177,1.95781185819641,0.746854954003757,1
50,54,1,1,2.05099281201177,1.95781185819641,0.666633289249095,1
50,55,-1,1,1.85581504043104,0.873519764948469,0.420774878978339,1
50,56,-1,1,1.85581504043104,0.873519764948469,0.697425102110975,1
50,57,1,1,2.05099281201177,1.95781185819641,0.963323228920222,1
50,58,-1,1,1.85581504043104,0.873519764948469,0.96430436745848,1
50,59,1,1,2.05099281201177,1.95781185819641,0.505752174267253,1
50,60,1,1,2.05099281201177,1.95781185819641,1.07069657559967,1
50,61,-1,1,1.85581504043104,0.873519764948469,0.442533631506582,1
50,62,-1,1,1.85581504043104,0.873519764948469,2.64052465510341,1
50,63,1,1,2.05099281201177,1.95781185819641,0.879763247277617,1
50,64,1,1,2.05099281201177,1.95781185819641,0.527011992073712,1
50,65,-1,1,1.85581504043104,0.873519764948469,0.373053571118235,1
50,66,1,1,2.05099281201177,1.95781185819641,1.05601470003637,1
50,67,1,1,2.05099281201177,1.95781185819641,0.608564143196362,1
50,68,1,1,2.05099281201177,1.95781185819641,0.707518105542605,1
50,69,1,1,2.05099281201177,1.95781185819641,0.660796004502573,1
50,70,-1,1,1.85581504043104,0.873519764948469,0.644067396031924,-1
50,71,1,-1,1.95487054618152,1.87311850167193,0.544110165948126,1
50,72,1,1,2.05099281201177,1.95781185819641,0.473240691498115,1
50,73,1,1,2.05099281201177,1.95781185819641,0.636554666403921,1
50,74,1,1,2.05099281201177,1.95781185819641,1.31772635181035,1
50,75,1,1,2.05099281201177,1.95781185819641,0.581922139483352,1
50,76,-1,1,1.85581504043104,0.873519764948469,0.622910759074644,1
50,77,1,1,2.05099281201177,1.95781185819641,0.571417679915942,1
50,78,1,1,2.05099281201177,1.95781185819641,0.386293055913356,1
50,79,-1,1,1.85581504043104,0.873519764948469,1.2107949876886,1
50,80,1,1,2.05099281201177,1.95781185819641,0.444775318827719,1
50,81,-1,1,1.85581504043104,0.873519764948469,1.96574387973492,1
50,82,-1,1,1.85581504043104,0.873519764948469,0.516474353178488,-1
50,83,-1,-1,1.76884001760143,0.0955498751831888,0.443151046032305,1
50,84,1,1,2.05099281201177,1.95781185819641,0.509007489432734,1
50,85,-1,1,1.85581504043104,0.873519764948469,1.14471443848737,1
50,86,-1,1,1.85581504043104,0.873519764948469,0.573388624505637,-1
50,87,1,-1,1.95487054618152,1.87311850167193,0.390463138975088,1
50,88,1,1,2.05099281201177,1.95781185819641,0.806348117320708,1
50,89,1,1,2.05099281201177,1.95781185819641,1.49019874289648,1
50,90,-1,1,1.85581504043104,0.873519764948469,1.61556406072002,1
50,91,-1,1,1.85581504043104,0.873519764948469,0.682056760768161,1
50,92,-1,1,1.85581504043104,0.873519764948469,1.3145127390823,1
50,93,1,1,2.05099281201177,1.95781185819641,0.353871037048426,1
50,94,1,1,2.05099281201177,1.95781185819641,1.01470360722767,1
50,95,1,1,2.05099281201177,1.95781185819641,0.569405955518528,1
50,96,-1,1,1.85581504043104,0.873519764948469,0.989891706092997,1
50,97,-1,1,1.85581504043104,0.873519764948469,3.45712224862888,1
50,98,-1,1,1.85581504043104,0.873519764948469,0.604634219588849,-1
50,99,-1,-1,1.76884001760143,0.0955498751831888,2.29233804021524,-1
50,100,-1,-1,1.76884001760143,0.0955498751831888,0.874454072725784,1
50,101,1,1,2.05099281201177,1.95781185819641,0.448929186616093,1
51,2,1,1,2.26853910777485,2.55769379952485,0.564487863239129,1
51,3,-1,1,2.0526590689926,1.17250147746858,0.647555970729987,1
51,4,1,1,2.26853910777485,2.55769379952485,1.43253211215214,1
51,5,-1,1,2.0526590689926,1.17250147746858,0.81125256776188,1
51,6,-1,1,2.0526590689926,1.17250147746858,0.910854778192491,1
51,7,1,1,2.26853910777485,2.55769379952485,0.634567841574963,1
51,8,1,1,2.26853910777485,2.55769379952485,0.91304780986712,1
51,9,1,1,2.26853910777485,2.55769379952485,0.575520236616497,1
51,10,-1,1,2.0526590689926,1.17250147746858,1.06624729387678,1
51,11,1,1,2.26853910777485,2.55769379952485,0.90779498284948,1
51,12,-1,1,2.0526590689926,1.17250147746858,1.01064411154557,1
51,13,1,1,2.26853910777485,2.55769379952485,0.960007157623973,1
51,14,1,1,2.26853910777485,2.55769379952485,0.698175944187564,1
51,15,-1,1,2.0526590689926,1.17250147746858,0.811063152648424,1
51,16,1,1,2.26853910777485,2.55769379952485,1.25627462192887,1
51,17,-1,1,2.0526590689926,1.17250147746858,1.06339323910402,1
51,18,1,1,2.26853910777485,2.55769379952485,0.498452388383991,1
51,19,-1,1,2.0526590689926,1.17250147746858,0.634921903180585,1
51,20,-1,1,2.0526590689926,1.17250147746858,0.520213583368176,1
51,21,-1,1,2.0526590689926,1.17250147746858,0.568342423459426,1
51,22,-1,1,2.0526590689926,1.17250147746858,0.393814239275913,1
51,23,1,1,2.26853910777485,2.55769379952485,0.493600393124182,1
51,24,-1,1,2.0526590689926,1.17250147746858,0.720901263801209,1
51,25,-1,1,2.0526590689926,1.17250147746858,1.15012072132736,1
51,26,-1,1,2.0526590689926,1.17250147746858,0.624428518339457,1
51,27,1,1,2.26853910777485,2.55769379952485,0.623147645779804,1
51,28,-1,1,2.0526590689926,1.17250147746858,1.25200268072203,-1
51,29,-1,-1,1.9564587120079,0.243543236419212,1.78745544346079,1
51,30,1,1,2.26853910777485,2.55769379952485,0.722720774884502,1
51,31,1,1,2.26853910777485,2.55769379952485,0.466197714387688,1
51,32,-1,1,2.0526590689926,1.17250147746858,0.978260430242779,1
51,33,1,1,2.26853910777485,2.55769379952485,1.30928914878994,1
51,34,-1,1,2.0526590689926,1.17250147746858,0.745237907539658,1
51,35,-1,1,2.0526590689926,1.17250147746858,0.986252691202656,-1
51,36,1,-1,2.16222127092687,0.826261486587354,1.23101938929551,1
51,37,-1,1,2.0526590689926,1.17250147746858,0.432199709192279,1
51,38,1,1,2.26853910777485,2.55769379952485,0.829563134988354,1
51,39,-1,1,2.0526590689926,1.17250147746858,0.317601007263787,1
51,40,-1,1,2.0526590689926,1.17250147746858,1.19796495208221,-1
51,41,-1,-1,1.9564587120079,0.243543236419212,0.405789675189144,-1
51,42,1,-1,2.16222127092687,0.826261486587354,0.494075306878259,1
51,43,1,1,2.26853910777485,2.55769379952485,0.930339654029763,1
51,44,-1,1,2.0526590689926,1.17250147746858,0.785220714868671,1
51,45,-1,1,2.0526590689926,1.17250147746858,0.611520077319513,1
51,46,1,1,2.26853910777485,2.55769379952485,0.567747120489745,1
51,47,1,1,2.26853910777485,2.55769379952485,0.484955479983639,1
51,48,1,1,2.26853910777485,2.55769379952485,0.413593074958673,1
51,49,1,1,2.26853910777485,2.55769379952485,0.699711243724914,1
51,50,1,1,2.26853910777485,2.55769379952485,0.724199930588557,1
51,51,-1,1,2.0526590689926,1.17250147746858,1.12605706236685,1
51,52,1,1,2.26853910777485,2.55769379952485,0.623287874399587,1
51,53,1,1,2.26853910777485,2.55769379952485,0.717749105769593,1
51,54,1,1,2.26853910777485,2.55769379952485,0.573305544830626,1
51,55,-1,1,2.0526590689926,1.17250147746858,1.2597179366098,1
51,56,1,1,2.26853910777485,2.55769379952485,0.388432097132937,1
51,57,1,1,2.26853910777485,2.55769379952485,1.33265040088602,1
51,58,-1,1,2.0526590689926,1.17250147746858,1.42873445778004,1
51,59,1,1,2.26853910777485,2.55769379952485,0.440752751312258,1
51,60,1,1,2.26853910777485,2.55769379952485,0.635877174667891,1
51,61,1,1,2.26853910777485,2.55769379952485,0.562226807698998,1
51,62,-1,1,2.0526590689926,1.17250147746858,0.778104551061362,1
51,63,-1,1,2.0526590689926,1.17250147746858,0.584002342741466,1
51,64,1,1,2.26853910777485,2.55769379952485,0.576441306894094,1
51,65,-1,1,2.0526590689926,1.17250147746858,0.574642976424554,1
51,66,-1,1,2.0526590689926,1.17250147746858,1.34515093078647,1
51,67,-1,1,2.0526590689926,1.17250147746858,2.15159904010542,-1
51,68,-1,-1,1.9564587120079,0.243543236419212,2.51043507276186,-1
51,69,-1,-1,1.9564587120079,0.243543236419212,1.47072736120666,-1
51,70,-1,-1,1.9564587120079,0.243543236419212,2.31681651231317,1
51,71,1,1,2.26853910777485,2.55769379952485,1.02069896862482,1
51,72,-1,1,2.0526590689926,1.17250147746858,0.919439679632506,1
51,73,-1,1,2.0526590689926,1.17250147746858,1.05285570465917,1
51,74,1,1,2.26853910777485,2.55769379952485,0.703073305762634,1
51,75,-1,1,2.0526590689926,1.17250147746858,0.6560878984298,-1
51,76,1,-1,2.16222127092687,0.826261486587354,1.0445760167467,1
51,77,1,1,2.26853910777485,2.55769379952485,0.345087215910792,1
51,78,1,1,2.26853910777485,2.55769379952485,0.468336100531481,1
51,79,1,1,2.26853910777485,2.55769379952485,0.616772862953128,1
51,80,1,1,2.26853910777485,2.55769379952485,0.67900664111225,1
51,81,1,1,2.26853910777485,2.55769379952485,0.866194138194601,1
51,82,1,1,2.26853910777485,2.55769379952485,0.582175427150181,1
51,83,-1,1,2.0526590689926,1.17250147746858,0.831123783214988,1
51,84,1,1,2.26853910777485,2.55769379952485,0.668630136080858,1
51,85,-1,1,2.0526590689926,1.17250147746858,0.745548288455943,1
51,86,-1,1,2.0526590689926,1.17250147746858,1.4418898880298,1
51,87,-1,1,2.0526590689926,1.17250147746858,0.82478988324067,1
51,88,-1,1,2.0526590689926,1.17250147746858,0.486272983866934,1
51,89,1,1,2.26853910777485,2.55769379952485,0.720324136090314,1
51,90,1,1,2.26853910777485,2.55769379952485,0.772957923390484,1
51,91,-1,1,2.0526590689926,1.17250147746858,0.708724540446141,1
51,92,1,1,2.26853910777485,2.55769379952485,0.605609929828768,1
51,93,1,1,2.26853910777485,2.55769379952485,0.499486302841686,1
51,94,1,1,2.26853910777485,2.55769379952485,0.782451959639566,1
51,95,-1,1,2.0526590689926,1.17250147746858,0.647634913918298,1
51,96,-1,1,2.0526590689926,1.17250147746858,1.15479728802281,1
51,97,-1,1,2.0526590689926,1.17250147746858,1.21324124564825,1
51,98,1,1,2.26853910777485,2.55769379952485,0.62175106763908,1
51,99,1,1,2.26853910777485,2.55769379952485,0.680637105939715,1
51,100,-1,1,2.0526590689926,1.17250147746858,1.02788902546717,1
51,101,-1,1,2.0526590689926,1.17250147746858,0.462582333392562,1
52,2,-1,1,1.81161922777061,0.776806879546062,0.717732356864645,1
52,3,-1,1,1.81161922777061,0.776806879546062,0.40799956490028,1
52,4,-1,1,1.81161922777061,0.776806879546062,0.483016954152948,1
52,5,1,1,2.00214888515874,3.86301195784358,0.362933657846658,1
52,6,-1,1,1.81161922777061,0.776806879546062,2.0078351218328,-1
52,7,-1,-1,1.72671549530743,-0.275133427096385,1.45034612477572,-1
52,8,-1,-1,1.72671549530743,-0.275133427096385,0.847863984084463,-1
52,9,1,-1,1.90831574920436,0.43531458970674,1.92478686213993,-1
52,10,-1,-1,1.72671549530743,-0.275133427096385,0.641083815522862,-1
52,11,1,-1,1.90831574920436,0.43531458970674,0.406353731907873,1
52,12,-1,1,1.81161922777061,0.776806879546062,0.350632707184471,1
52,13,-1,1,1.81161922777061,0.776806879546062,2.39326401789794,1
52,14,-1,1,1.81161922777061,0.776806879546062,0.433803925921847,-1
52,15,1,-1,1.90831574920436,0.43531458970674,0.450023855061726,1
52,16,1,1,2.00214888515874,3.86301195784358,0.588596341930301,1
52,17,1,1,2.00214888515874,3.86301195784358,0.342181012201965,1
52,18,1,1,2.00214888515874,3.86301195784358,0.31873755549482,1
52,19,1,1,2.00214888515874,3.86301195784358,0.415475409417133,1
52,20,-1,1,1.81161922777061,0.776806879546062,0.238191593000391,1
52,21,1,1,2.00214888515874,3.86301195784358,0.40557821924806,1
52,22,-1,1,1.81161922777061,0.776806879546062,0.312229272523698,1
52,23,-1,1,1.81161922777061,0.776806879546062,1.2483751496701,-1
52,24,1,-1,1.90831574920436,0.43531458970674,0.916050975942563,-1
52,25,1,-1,1.90831574920436,0.43531458970674,0.636603120715145,1
52,26,1,1,2.00214888515874,3.86301195784358,0.483057319028629,1
52,27,-1,1,1.81161922777061,0.776806879546062,0.39375609121461,1
52,28,1,1,2.00214888515874,3.86301195784358,0.31778654996723,1
52,29,-1,1,1.81161922777061,0.776806879546062,0.476056020934741,1
52,30,-1,1,1.81161922777061,0.776806879546062,0.637784296248224,1
52,31,1,1,2.00214888515874,3.86301195784358,0.458938712769059,1
52,32,1,1,2.00214888515874,3.86301195784358,0.407314596727963,1
52,33,1,1,2.00214888515874,3.86301195784358,0.328481907034236,1
52,34,-1,1,1.81161922777061,0.776806879546062,0.581773185827634,-1
52,35,-1,-1,1.72671549530743,-0.275133427096385,1.06361678503128,-1
52,36,-1,-1,1.72671549530743,-0.275133427096385,0.36616301391774,-1
52,37,-1,-1,1.72671549530743,-0.275133427096385,0.754197816889099,-1
52,38,-1,-1,1.72671549530743,-0.275133427096385,0.641682636693385,1
52,39,1,1,2.00214888515874,3.86301195784358,0.308912910220703,1
52,40,-1,1,1.81161922777061,0.776806879546062,1.22921230245853,1
52,41,-1,1,1.81161922777061,0.776806879546062,2.06591215339876,-1
52,42,-1,-1,1.72671549530743,-0.275133427096385,0.710383113096283,-1
52,43,1,-1,1.90831574920436,0.43531458970674,1.12943774080361,1
52,44,1,1,2.00214888515874,3.86301195784358,0.367396352124697,1
52,45,1,1,2.00214888515874,3.86301195784358,0.421963268967722,1
52,46,-1,1,1.81161922777061,0.776806879546062,1.12545232280821,-1
52,47,1,-1,1.90831574920436,0.43531458970674,1.05586380893755,-1
52,48,1,-1,1.90831574920436,0.43531458970674,0.503470603369404,1
52,49,-1,1,1.81161922777061,0.776806879546062,0.526419253608405,1
52,50,-1,1,1.81161922777061,0.776806879546062,0.600349582803299,-1
52,51,1,-1,1.90831574920436,0.43531458970674,0.920980465861443,-1
52,52,1,-1,1.90831574920436,0.43531458970674,1.89638402275127,1
52,53,-1,1,1.81161922777061,0.776806879546062,0.490878070021192,1
52,54,1,1,2.00214888515874,3.86301195784358,0.334378104580902,1
52,55,-1,1,1.81161922777061,0.776806879546062,0.550671594389542,1
52,56,1,1,2.00214888515874,3.86301195784358,0.374441866839447,1
52,57,1,1,2.00214888515874,3.86301195784358,0.491463442822458,1
52,58,-1,1,1.81161922777061,0.776806879546062,0.607227618472283,-1
52,59,-1,-1,1.72671549530743,-0.275133427096385,0.647816302294709,-1
52,60,-1,-1,1.72671549530743,-0.275133427096385,2.67407956951887,-1
52,61,1,-1,1.90831574920436,0.43531458970674,1.1897188477588,1
52,62,-1,1,1.81161922777061,0.776806879546062,0.654653119407252,1
52,63,1,1,2.00214888515874,3.86301195784358,0.490842922395779,1
52,64,1,1,2.00214888515874,3.86301195784358,0.366340345479164,1
52,65,1,1,2.00214888515874,3.86301195784358,0.391583332169971,1
52,66,-1,1,1.81161922777061,0.776806879546062,0.766597568020049,1
52,67,1,1,2.00214888515874,3.86301195784358,0.356209183998324,1
52,68,1,1,2.00214888515874,3.86301195784358,0.419430777879494,1
52,69,1,1,2.00214888515874,3.86301195784358,0.485281186163436,1
52,70,-1,1,1.81161922777061,0.776806879546062,1.34007205825704,-1
52,71,-1,-1,1.72671549530743,-0.275133427096385,1.39797970840523,-1
52,72,-1,-1,1.72671549530743,-0.275133427096385,0.758876758386175,-1
52,73,-1,-1,1.72671549530743,-0.275133427096385,0.997095192378752,1
52,74,-1,1,1.81161922777061,0.776806879546062,0.766268918895155,1
52,75,-1,1,1.81161922777061,0.776806879546062,0.742275962332236,1
52,76,1,1,2.00214888515874,3.86301195784358,0.519320446097456,1
52,77,1,1,2.00214888515874,3.86301195784358,0.361596035957267,1
52,78,-1,1,1.81161922777061,0.776806879546062,0.685809460114589,1
52,79,1,1,2.00214888515874,3.86301195784358,0.304874007151318,1
52,80,-1,1,1.81161922777061,0.776806879546062,2.33494321073378,-1
52,81,-1,-1,1.72671549530743,-0.275133427096385,0.480058737031844,-1
52,82,-1,-1,1.72671549530743,-0.275133427096385,0.342510327721021,-1
52,83,-1,-1,1.72671549530743,-0.275133427096385,0.394850458044775,-1
52,84,1,-1,1.90831574920436,0.43531458970674,2.43047532221829,1
52,85,-1,1,1.81161922777061,0.776806879546062,0.574417637327407,1
52,86,1,1,2.00214888515874,3.86301195784358,0.307342278469788,1
52,87,1,1,2.00214888515874,3.86301195784358,0.310372272016555,1
52,88,1,1,2.00214888515874,3.86301195784358,0.524837237279158,1
52,89,1,1,2.00214888515874,3.86301195784358,0.471439907443694,1
52,90,-1,1,1.81161922777061,0.776806879546062,0.334325821021835,-1
52,91,1,-1,1.90831574920436,0.43531458970674,1.57310204116647,1
52,92,1,1,2.00214888515874,3.86301195784358,0.355180701626968,1
52,93,1,1,2.00214888515874,3.86301195784358,0.512979162592955,1
52,94,1,1,2.00214888515874,3.86301195784358,0.366201263662002,1
52,95,-1,1,1.81161922777061,0.776806879546062,0.543347152428207,1
52,96,1,1,2.00214888515874,3.86301195784358,0.707009588965044,1
52,97,-1,1,1.81161922777061,0.776806879546062,2.08161570899807,1
52,98,1,1,2.00214888515874,3.86301195784358,0.564914784595644,1
52,99,-1,1,1.81161922777061,0.776806879546062,0.326684592791587,1
52,100,1,1,2.00214888515874,3.86301195784358,0.359575200243691,1
52,101,1,1,2.00214888515874,3.86301195784358,0.44957631651241,1
53,2,1,1,1.90265760312455,2.72266755986261,0.40477317093094,1
53,3,1,1,1.90265760312455,2.72266755986261,0.51538135977439,1
53,4,1,1,1.90265760312455,2.72266755986261,0.40643907353036,1
53,5,-1,1,1.72159579301771,0.468109273135144,0.731083895639127,1
53,6,1,1,1.90265760312455,2.72266755986261,0.535172496263801,1
53,7,-1,1,1.72159579301771,0.468109273135144,0.673830010560109,-1
53,8,1,-1,1.81348724677791,1.33550853685715,0.574135458407036,1
53,9,1,1,1.90265760312455,2.72266755986261,0.51214057199627,1
53,10,-1,1,1.72159579301771,0.468109273135144,1.13607393353346,-1
53,11,-1,-1,1.64091111801567,0.273714630145094,3.28124514968796,-1
53,12,1,-1,1.81348724677791,1.33550853685715,0.447842707805219,1
53,13,-1,1,1.72159579301771,0.468109273135144,1.02585939817646,1
53,14,-1,1,1.72159579301771,0.468109273135144,0.712526780087171,1
53,15,1,1,1.90265760312455,2.72266755986261,0.525739499912102,1
53,16,-1,1,1.72159579301771,0.468109273135144,0.964884319546748,1
53,17,1,1,1.90265760312455,2.72266755986261,0.627277921885771,1
53,18,1,1,1.90265760312455,2.72266755986261,0.62755113152464,1
53,19,1,1,1.90265760312455,2.72266755986261,0.363405437405926,1
53,20,1,1,1.90265760312455,2.72266755986261,0.517177355452943,1
53,21,-1,1,1.72159579301771,0.468109273135144,0.622586532307756,1
53,22,-1,1,1.72159579301771,0.468109273135144,1.00647252171653,1
53,23,-1,1,1.72159579301771,0.468109273135144,0.862304897823971,-1
53,24,-1,-1,1.64091111801567,0.273714630145094,0.893153001987247,-1
53,25,-1,-1,1.64091111801567,0.273714630145094,0.39111765686635,1
53,26,1,1,1.90265760312455,2.72266755986261,0.697856473656606,1
53,27,-1,1,1.72159579301771,0.468109273135144,0.620421372461273,-1
53,28,-1,-1,1.64091111801567,0.273714630145094,0.3835158150575,1
53,29,-1,1,1.72159579301771,0.468109273135144,0.478226514467583,-1
53,30,-1,-1,1.64091111801567,0.273714630145094,1.10468496134577,1
53,31,-1,1,1.72159579301771,0.468109273135144,1.02051790379627,-1
53,32,-1,-1,1.64091111801567,0.273714630145094,0.722654171768172,-1
53,33,-1,-1,1.64091111801567,0.273714630145094,0.685292230987538,1
53,34,-1,1,1.72159579301771,0.468109273135144,1.83792056796533,1
53,35,-1,1,1.72159579301771,0.468109273135144,0.550737890628141,-1
53,36,1,-1,1.81348724677791,1.33550853685715,0.385922705757431,1
53,37,-1,1,1.72159579301771,0.468109273135144,2.10476607869961,1
53,38,1,1,1.90265760312455,2.72266755986261,0.737697858315128,1
53,39,1,1,1.90265760312455,2.72266755986261,0.500530212701893,1
53,40,1,1,1.90265760312455,2.72266755986261,0.398975547606476,1
53,41,-1,1,1.72159579301771,0.468109273135144,1.00718741819123,1
53,42,1,1,1.90265760312455,2.72266755986261,0.83624225785026,1
53,43,-1,1,1.72159579301771,0.468109273135144,2.04652423302532,-1
53,44,1,-1,1.81348724677791,1.33550853685715,0.786099263912237,1
53,45,1,1,1.90265760312455,2.72266755986261,0.42228446220717,1
53,46,-1,1,1.72159579301771,0.468109273135144,0.505286995888018,1
53,47,1,1,1.90265760312455,2.72266755986261,0.510053643178117,1
53,48,-1,1,1.72159579301771,0.468109273135144,0.601401168773096,1
53,49,1,1,1.90265760312455,2.72266755986261,0.614761372070908,1
53,50,-1,1,1.72159579301771,0.468109273135144,0.789402471172095,1
53,51,1,1,1.90265760312455,2.72266755986261,1.12695498055962,1
53,52,1,1,1.90265760312455,2.72266755986261,0.697618342821154,1
53,53,1,1,1.90265760312455,2.72266755986261,0.376892288227121,1
53,54,1,1,1.90265760312455,2.72266755986261,0.652283290414573,1
53,55,1,1,1.90265760312455,2.72266755986261,0.445645373675472,1
53,56,1,1,1.90265760312455,2.72266755986261,0.610238622144234,1
53,57,-1,1,1.72159579301771,0.468109273135144,0.794876048714781,1
53,58,-1,1,1.72159579301771,0.468109273135144,0.800834113053764,1
53,59,1,1,1.90265760312455,2.72266755986261,0.401067883716552,1
53,60,-1,1,1.72159579301771,0.468109273135144,1.09637011173929,1
53,61,1,1,1.90265760312455,2.72266755986261,0.518601026861234,1
53,62,1,1,1.90265760312455,2.72266755986261,0.428246714224622,1
53,63,-1,1,1.72159579301771,0.468109273135144,0.800189016890303,-1
53,64,1,-1,1.81348724677791,1.33550853685715,0.667666233573128,1
53,65,-1,1,1.72159579301771,0.468109273135144,1.19926039616443,1
53,66,-1,1,1.72159579301771,0.468109273135144,0.780685190504683,-1
53,67,-1,-1,1.64091111801567,0.273714630145094,0.359964181068159,-1
53,68,-1,-1,1.64091111801567,0.273714630145094,0.847953960273233,1
53,69,1,1,1.90265760312455,2.72266755986261,0.720779429117918,1
53,70,-1,1,1.72159579301771,0.468109273135144,0.914704246909912,-1
53,71,1,-1,1.81348724677791,1.33550853685715,0.594876266846638,1
53,72,-1,1,1.72159579301771,0.468109273135144,0.717663384499557,1
53,73,1,1,1.90265760312455,2.72266755986261,0.52550178024256,1
53,74,-1,1,1.72159579301771,0.468109273135144,0.360135615620046,-1
53,75,-1,-1,1.64091111801567,0.273714630145094,0.623885647752104,1
53,76,1,1,1.90265760312455,2.72266755986261,0.818339714887875,1
53,77,1,1,1.90265760312455,2.72266755986261,0.358068924454862,1
53,78,-1,1,1.72159579301771,0.468109273135144,0.76824823370676,1
53,79,-1,1,1.72159579301771,0.468109273135144,1.17483803799602,1
53,80,-1,1,1.72159579301771,0.468109273135144,0.738641652518725,1
53,81,1,1,1.90265760312455,2.72266755986261,0.432727852648241,1
53,82,-1,1,1.72159579301771,0.468109273135144,0.965839126722936,1
53,83,-1,1,1.72159579301771,0.468109273135144,1.32068194899051,1
53,84,-1,1,1.72159579301771,0.468109273135144,1.09074169201334,1
53,85,1,1,1.90265760312455,2.72266755986261,0.523157431645326,1
53,86,1,1,1.90265760312455,2.72266755986261,0.334546465188046,1
53,87,-1,1,1.72159579301771,0.468109273135144,0.759898746277393,1
53,88,-1,1,1.72159579301771,0.468109273135144,0.475189785556884,1
53,89,1,1,1.90265760312455,2.72266755986261,0.500290654376043,1
53,90,1,1,1.90265760312455,2.72266755986261,0.609701452811923,1
53,91,1,1,1.90265760312455,2.72266755986261,1.00466544310709,1
53,92,1,1,1.90265760312455,2.72266755986261,0.956645767637588,1
53,93,1,1,1.90265760312455,2.72266755986261,0.648070765973038,1
53,94,-1,1,1.72159579301771,0.468109273135144,2.58065080885931,1
53,95,1,1,1.90265760312455,2.72266755986261,0.508668390676783,1
53,96,1,1,1.90265760312455,2.72266755986261,0.463862500484853,1
53,97,-1,1,1.72159579301771,0.468109273135144,1.09498647509648,-1
53,98,1,-1,1.81348724677791,1.33550853685715,1.14171408334489,-1
53,99,1,-1,1.81348724677791,1.33550853685715,1.29880657921186,1
53,100,1,1,1.90265760312455,2.72266755986261,0.375492415638214,1
53,101,-1,1,1.72159579301771,0.468109273135144,0.427948312872202,1
54,2,1,1,1.77810064080215,3.09397266017008,0.465169538166973,1
54,3,1,1,1.77810064080215,3.09397266017008,0.508613893888862,1
54,4,1,1,1.77810064080215,3.09397266017008,0.613743277362056,1
54,5,1,1,1.77810064080215,3.09397266017008,0.323403942996662,1
54,6,1,1,1.77810064080215,3.09397266017008,0.426201053557858,1
54,7,-1,1,1.6088919928315,0.639418852058874,0.358245409347291,1
54,8,1,1,1.77810064080215,3.09397266017008,0.569992584169013,1
54,9,1,1,1.77810064080215,3.09397266017008,0.811367274998717,1
54,10,-1,1,1.6088919928315,0.639418852058874,0.433842283823057,1
54,11,1,1,1.77810064080215,3.09397266017008,0.344650531257175,1
54,12,-1,1,1.6088919928315,0.639418852058874,0.473484562689682,-1
54,13,-1,-1,1.53348931812617,0.588805549146811,0.822973213003011,1
54,14,-1,1,1.6088919928315,0.639418852058874,1.05192397270605,1
54,15,-1,1,1.6088919928315,0.639418852058874,0.513985224076365,1
54,16,1,1,1.77810064080215,3.09397266017008,0.431989582602814,1
54,17,-1,1,1.6088919928315,0.639418852058874,1.09241957334109,1
54,18,-1,1,1.6088919928315,0.639418852058874,0.454310140650237,1
54,19,1,1,1.77810064080215,3.09397266017008,0.69054104541249,1
54,20,-1,1,1.6088919928315,0.639418852058874,0.559757497441775,1
54,21,1,1,1.77810064080215,3.09397266017008,0.484309799808695,1
54,22,1,1,1.77810064080215,3.09397266017008,0.742983261444034,1
54,23,1,1,1.77810064080215,3.09397266017008,0.371845078532688,1
54,24,1,1,1.77810064080215,3.09397266017008,0.852263086222174,1
54,25,1,1,1.77810064080215,3.09397266017008,0.558959163885499,1
54,26,-1,1,1.6088919928315,0.639418852058874,0.533723921386183,1
54,27,1,1,1.77810064080215,3.09397266017008,0.425901573461045,1
54,28,1,1,1.77810064080215,3.09397266017008,0.673949948927821,1
54,29,-1,1,1.6088919928315,0.639418852058874,0.485525397301099,1
54,30,1,1,1.77810064080215,3.09397266017008,0.542263314073334,1
54,31,-1,1,1.6088919928315,0.639418852058874,0.522580829196653,-1
54,32,-1,-1,1.53348931812617,0.588805549146811,0.420842815412694,-1
54,33,-1,-1,1.53348931812617,0.588805549146811,0.462336858710031,1
54,34,1,1,1.77810064080215,3.09397266017008,0.328898664293293,1
54,35,-1,1,1.6088919928315,0.639418852058874,0.374974582100933,1
54,36,-1,1,1.6088919928315,0.639418852058874,0.412277617044947,1
54,37,-1,1,1.6088919928315,0.639418852058874,0.55796170956411,-1
54,38,-1,-1,1.53348931812617,0.588805549146811,0.62880789013718,1
54,39,-1,1,1.6088919928315,0.639418852058874,1.21285294986275,-1
54,40,-1,-1,1.53348931812617,0.588805549146811,0.433332164695104,1
54,41,-1,1,1.6088919928315,0.639418852058874,0.498935394738788,1
54,42,1,1,1.77810064080215,3.09397266017008,0.659700204435057,1
54,43,-1,1,1.6088919928315,0.639418852058874,1.12699838180313,-1
54,44,1,-1,1.69476779757269,0.477802938624236,1.63555077502252,-1
54,45,-1,-1,1.53348931812617,0.588805549146811,1.65908584358357,-1
54,46,1,-1,1.69476779757269,0.477802938624236,1.00659050074489,1
54,47,-1,1,1.6088919928315,0.639418852058874,0.966309045722094,1
54,48,-1,1,1.6088919928315,0.639418852058874,1.00732544131293,1
54,49,1,1,1.77810064080215,3.09397266017008,0.42927528350356,1
54,50,-1,1,1.6088919928315,0.639418852058874,0.54869868292053,1
54,51,-1,1,1.6088919928315,0.639418852058874,1.26486652817049,-1
54,52,1,-1,1.69476779757269,0.477802938624236,0.76474262520859,-1
54,53,1,-1,1.69476779757269,0.477802938624236,1.23444263897109,1
54,54,1,1,1.77810064080215,3.09397266017008,0.446099762446592,1
54,55,-1,1,1.6088919928315,0.639418852058874,0.627281836163475,1
54,56,1,1,1.77810064080215,3.09397266017008,0.413083845463693,1
54,57,-1,1,1.6088919928315,0.639418852058874,0.557335811963393,1
54,58,-1,1,1.6088919928315,0.639418852058874,0.551114979771085,-1
54,59,-1,-1,1.53348931812617,0.588805549146811,0.467829671679321,1
54,60,-1,1,1.6088919928315,0.639418852058874,1.38332522266979,1
54,61,1,1,1.77810064080215,3.09397266017008,0.520037623567437,1
54,62,1,1,1.77810064080215,3.09397266017008,0.817932476305213,1
54,63,1,1,1.77810064080215,3.09397266017008,0.358772426208441,1
54,64,1,1,1.77810064080215,3.09397266017008,0.448699963203677,1
54,65,-1,1,1.6088919928315,0.639418852058874,0.719486076699867,1
54,66,1,1,1.77810064080215,3.09397266017008,0.343122094643442,1
54,67,1,1,1.77810064080215,3.09397266017008,0.512500586758498,1
54,68,-1,1,1.6088919928315,0.639418852058874,0.5464701129676,1
54,69,1,1,1.77810064080215,3.09397266017008,0.320891668742316,1
54,70,1,1,1.77810064080215,3.09397266017008,0.337958797179655,1
54,71,-1,1,1.6088919928315,0.639418852058874,0.335351421520034,1
54,72,-1,1,1.6088919928315,0.639418852058874,0.415812711634798,1
54,73,1,1,1.77810064080215,3.09397266017008,0.405338915344435,1
54,74,1,1,1.77810064080215,3.09397266017008,0.472937746022222,1
54,75,-1,1,1.6088919928315,0.639418852058874,0.647496090447726,1
54,76,1,1,1.77810064080215,3.09397266017008,0.69854573647808,1
54,77,1,1,1.77810064080215,3.09397266017008,0.371760689405979,1
54,78,1,1,1.77810064080215,3.09397266017008,0.469462936052299,1
54,79,1,1,1.77810064080215,3.09397266017008,0.965909144723517,1
54,80,1,1,1.77810064080215,3.09397266017008,0.453469209602476,1
54,81,1,1,1.77810064080215,3.09397266017008,0.323004747508104,1
54,82,1,1,1.77810064080215,3.09397266017008,0.589727964182746,1
54,83,-1,1,1.6088919928315,0.639418852058874,0.441712122440586,-1
54,84,1,-1,1.69476779757269,0.477802938624236,0.58063850671848,1
54,85,-1,1,1.6088919928315,0.639418852058874,0.735475692253313,1
54,86,1,1,1.77810064080215,3.09397266017008,0.42693098983995,1
54,87,1,1,1.77810064080215,3.09397266017008,0.379000156579203,1
54,88,-1,1,1.6088919928315,0.639418852058874,1.08116810198308,1
54,89,1,1,1.77810064080215,3.09397266017008,0.498633160373758,1
54,90,-1,1,1.6088919928315,0.639418852058874,1.03544231862601,1
54,91,1,1,1.77810064080215,3.09397266017008,0.665391954633571,1
54,92,-1,1,1.6088919928315,0.639418852058874,1.54471278249555,-1
54,93,-1,-1,1.53348931812617,0.588805549146811,1.36641270907917,1
54,94,-1,1,1.6088919928315,0.639418852058874,0.691473734220572,1
54,95,-1,1,1.6088919928315,0.639418852058874,0.303716433940674,1
54,96,-1,1,1.6088919928315,0.639418852058874,0.418178595125098,1
54,97,1,1,1.77810064080215,3.09397266017008,0.349758558695308,1
54,98,-1,1,1.6088919928315,0.639418852058874,2.11762524130177,1
54,99,-1,1,1.6088919928315,0.639418852058874,1.97450533843385,1
54,100,-1,1,1.6088919928315,0.639418852058874,0.53187234329843,1
54,101,-1,1,1.6088919928315,0.639418852058874,0.984165036185307,1
55,2,-1,1,1.82425599732681,1.47900997578778,0.346588060233955,1
55,3,-1,1,1.82425599732681,1.47900997578778,0.50345128721225,1
55,4,-1,1,1.82425599732681,1.47900997578778,0.3920764931481,1
55,5,1,1,2.01611467537068,2.30979547894652,0.643605514001555,1
55,6,-1,1,1.82425599732681,1.47900997578778,0.541785866844694,1
55,7,-1,1,1.82425599732681,1.47900997578778,0.240228101988532,1
55,8,1,1,2.01611467537068,2.30979547894652,0.309686939448471,1
55,9,1,1,2.01611467537068,2.30979547894652,0.280228728384318,1
55,10,1,1,2.01611467537068,2.30979547894652,0.39007147679104,1
55,11,1,1,2.01611467537068,2.30979547894652,0.429332721392724,1
55,12,-1,1,1.82425599732681,1.47900997578778,0.633571182807688,1
55,13,-1,1,1.82425599732681,1.47900997578778,0.991242453566778,1
55,14,-1,1,1.82425599732681,1.47900997578778,1.38554615588201,1
55,15,1,1,2.01611467537068,2.30979547894652,1.10609910618056,-1
55,16,1,-1,1.92162701571859,-0.0336819750850707,0.333032387685019,1
55,17,-1,1,1.82425599732681,1.47900997578778,0.554462840741515,1
55,18,-1,1,1.82425599732681,1.47900997578778,0.675768647395588,1
55,19,-1,1,1.82425599732681,1.47900997578778,0.262732538089507,1
55,20,1,1,2.01611467537068,2.30979547894652,0.414550043825707,1
55,21,-1,1,1.82425599732681,1.47900997578778,0.762459034175043,1
55,22,1,1,2.01611467537068,2.30979547894652,0.506855692747244,1
55,23,-1,1,1.82425599732681,1.47900997578778,2.63623247966406,-1
55,24,-1,-1,1.73876002733096,1.04487652035078,0.243062993384909,1
55,25,-1,1,1.82425599732681,1.47900997578778,0.385313900136234,1
55,26,1,1,2.01611467537068,2.30979547894652,1.11556594719643,1
55,27,-1,1,1.82425599732681,1.47900997578778,0.833083474312609,1
55,28,-1,1,1.82425599732681,1.47900997578778,0.345836163802711,1
55,29,-1,1,1.82425599732681,1.47900997578778,0.369109464972062,1
55,30,-1,1,1.82425599732681,1.47900997578778,0.661207445385442,1
55,31,-1,1,1.82425599732681,1.47900997578778,0.677725316981948,1
55,32,1,1,2.01611467537068,2.30979547894652,0.353599331941853,1
55,33,1,1,2.01611467537068,2.30979547894652,0.353958301627348,1
55,34,1,1,2.01611467537068,2.30979547894652,1.18931113959968,1
55,35,1,1,2.01611467537068,2.30979547894652,0.447326833303265,1
55,36,-1,1,1.82425599732681,1.47900997578778,0.301161582725323,1
55,37,1,1,2.01611467537068,2.30979547894652,1.10732683032276,1
55,38,-1,1,1.82425599732681,1.47900997578778,0.936088795301405,1
55,39,-1,1,1.82425599732681,1.47900997578778,0.694532238760815,1
55,40,-1,1,1.82425599732681,1.47900997578778,0.756067438362235,1
55,41,-1,1,1.82425599732681,1.47900997578778,0.748996900390446,1
55,42,-1,1,1.82425599732681,1.47900997578778,0.425579245009073,1
55,43,-1,1,1.82425599732681,1.47900997578778,0.612035982724568,1
55,44,-1,1,1.82425599732681,1.47900997578778,0.899424222605917,1
55,45,1,1,2.01611467537068,2.30979547894652,0.713362344407185,1
55,46,1,1,2.01611467537068,2.30979547894652,0.523595303146816,1
55,47,-1,1,1.82425599732681,1.47900997578778,2.72159164542691,1
55,48,1,1,2.01611467537068,2.30979547894652,0.264858360102532,1
55,49,-1,1,1.82425599732681,1.47900997578778,0.305345496641148,1
55,50,1,1,2.01611467537068,2.30979547894652,0.658110628021225,1
55,51,1,1,2.01611467537068,2.30979547894652,0.290729505537538,1
55,52,1,1,2.01611467537068,2.30979547894652,0.503140875288907,1
55,53,1,1,2.01611467537068,2.30979547894652,0.674237668139976,1
55,54,1,1,2.01611467537068,2.30979547894652,0.937211975790349,1
55,55,1,1,2.01611467537068,2.30979547894652,1.03111559292247,1
55,56,1,1,2.01611467537068,2.30979547894652,0.494945612300694,1
55,57,1,1,2.01611467537068,2.30979547894652,0.274838852141418,1
55,58,-1,1,1.82425599732681,1.47900997578778,0.984848608875416,1
55,59,-1,1,1.82425599732681,1.47900997578778,0.308855525099486,1
55,60,-1,1,1.82425599732681,1.47900997578778,0.660656988232817,1
55,61,1,1,2.01611467537068,2.30979547894652,0.40713006526438,1
55,62,1,1,2.01611467537068,2.30979547894652,0.317735999807964,1
55,63,1,1,2.01611467537068,2.30979547894652,0.463579748998131,1
55,64,1,1,2.01611467537068,2.30979547894652,0.545516977951517,1
55,65,-1,1,1.82425599732681,1.47900997578778,0.812805930185431,1
55,66,1,1,2.01611467537068,2.30979547894652,0.414419787687228,1
55,67,1,1,2.01611467537068,2.30979547894652,0.581243461928449,1
55,68,1,1,2.01611467537068,2.30979547894652,0.786134026509245,1
55,69,1,1,2.01611467537068,2.30979547894652,0.654741784414885,1
55,70,-1,1,1.82425599732681,1.47900997578778,0.56191400189654,1
55,71,-1,1,1.82425599732681,1.47900997578778,1.59203836810783,1
55,72,-1,1,1.82425599732681,1.47900997578778,0.588807631008455,1
55,73,-1,1,1.82425599732681,1.47900997578778,1.37326321576753,1
55,74,1,1,2.01611467537068,2.30979547894652,0.344509755142769,1
55,75,1,1,2.01611467537068,2.30979547894652,0.481258346313053,1
55,76,-1,1,1.82425599732681,1.47900997578778,1.29216029312247,1
55,77,-1,1,1.82425599732681,1.47900997578778,0.296239623903363,1
55,78,-1,1,1.82425599732681,1.47900997578778,1.1586167517959,1
55,79,-1,1,1.82425599732681,1.47900997578778,0.997831350012223,1
55,80,1,1,2.01611467537068,2.30979547894652,0.746287599620919,1
55,81,-1,1,1.82425599732681,1.47900997578778,1.20425062482068,1
55,82,-1,1,1.82425599732681,1.47900997578778,0.307457920399609,1
55,83,1,1,2.01611467537068,2.30979547894652,0.465852942697216,1
55,84,1,1,2.01611467537068,2.30979547894652,0.549462877480484,1
55,85,1,1,2.01611467537068,2.30979547894652,0.457147010485267,1
55,86,1,1,2.01611467537068,2.30979547894652,0.432370944510906,1
55,87,-1,1,1.82425599732681,1.47900997578778,0.461207596183483,1
55,88,1,1,2.01611467537068,2.30979547894652,0.670493850888312,1
55,89,-1,1,1.82425599732681,1.47900997578778,0.680511730628835,-1
55,90,1,-1,1.92162701571859,-0.0336819750850707,0.436594882569366,-1
55,91,1,-1,1.92162701571859,-0.0336819750850707,0.238320341376188,1
55,92,1,1,2.01611467537068,2.30979547894652,0.620619328170421,1
55,93,-1,1,1.82425599732681,1.47900997578778,1.39400625201877,1
55,94,-1,1,1.82425599732681,1.47900997578778,0.652389418982365,1
55,95,-1,1,1.82425599732681,1.47900997578778,1.40306941698823,1
55,96,-1,1,1.82425599732681,1.47900997578778,0.347916466681678,1
55,97,1,1,2.01611467537068,2.30979547894652,0.257214558315109,1
55,98,1,1,2.01611467537068,2.30979547894652,0.306287936879109,1
55,99,1,1,2.01611467537068,2.30979547894652,1.07607719522276,1
55,100,1,1,2.01611467537068,2.30979547894652,0.572357681009762,1
55,101,1,1,2.01611467537068,2.30979547894652,0.774518071410673,1
56,2,1,1,1.98275501558556,2.68514855921077,0.637389708426676,1
56,3,1,1,1.98275501558556,2.68514855921077,0.355559194948422,1
56,4,-1,1,1.79407092890028,0.71430686016456,0.443230869509218,1
56,5,-1,1,1.79407092890028,0.71430686016456,1.39196559991342,-1
56,6,-1,-1,1.70998961874839,0.18775466099926,0.440513492131361,-1
56,7,-1,-1,1.70998961874839,0.18775466099926,1.5545913313694,1
56,8,1,1,1.98275501558556,2.68514855921077,0.340681802329668,1
56,9,1,1,1.98275501558556,2.68514855921077,0.287074122446722,1
56,10,1,1,1.98275501558556,2.68514855921077,0.430935954151826,1
56,11,1,1,1.98275501558556,2.68514855921077,0.363055613360878,1
56,12,1,1,1.98275501558556,2.68514855921077,0.502363074160078,1
56,13,-1,1,1.79407092890028,0.71430686016456,0.369753732159767,1
56,14,-1,1,1.79407092890028,0.71430686016456,0.52047974120377,-1
56,15,-1,-1,1.70998961874839,0.18775466099926,0.564643121041557,-1
56,16,-1,-1,1.70998961874839,0.18775466099926,0.737396046380558,1
56,17,-1,1,1.79407092890028,0.71430686016456,0.988167047451691,-1
56,18,1,-1,1.88983079685198,1.21278991962541,0.370181690906077,1
56,19,1,1,1.98275501558556,2.68514855921077,0.41336254211464,1
56,20,1,1,1.98275501558556,2.68514855921077,0.313138376307697,1
56,21,-1,1,1.79407092890028,0.71430686016456,0.304332531373004,1
56,22,1,1,1.98275501558556,2.68514855921077,0.303255014954341,1
56,23,-1,1,1.79407092890028,0.71430686016456,1.16785130067724,1
56,24,1,1,1.98275501558556,2.68514855921077,0.733505835557408,1
56,25,1,1,1.98275501558556,2.68514855921077,0.364757918286698,1
56,26,1,1,1.98275501558556,2.68514855921077,0.417313104753577,1
56,27,1,1,1.98275501558556,2.68514855921077,1.01464017111581,1
56,28,1,1,1.98275501558556,2.68514855921077,0.380890464973536,1
56,29,1,1,1.98275501558556,2.68514855921077,1.76678823542968,1
56,30,-1,1,1.79407092890028,0.71430686016456,1.12479347232749,1
56,31,-1,1,1.79407092890028,0.71430686016456,0.890862119326254,1
56,32,1,1,1.98275501558556,2.68514855921077,0.554051112251661,1
56,33,1,1,1.98275501558556,2.68514855921077,0.506804788625153,1
56,34,1,1,1.98275501558556,2.68514855921077,0.309275908246151,1
56,35,1,1,1.98275501558556,2.68514855921077,0.310331555463789,1
56,36,1,1,1.98275501558556,2.68514855921077,0.311615053953425,1
56,37,-1,1,1.79407092890028,0.71430686016456,0.623565676685366,1
56,38,1,1,1.98275501558556,2.68514855921077,0.448371008992604,1
56,39,1,1,1.98275501558556,2.68514855921077,0.582181775536533,1
56,40,-1,1,1.79407092890028,0.71430686016456,0.781166959149519,-1
56,41,-1,-1,1.70998961874839,0.18775466099926,0.598473061222508,1
56,42,-1,1,1.79407092890028,0.71430686016456,1.93023204069823,1
56,43,1,1,1.98275501558556,2.68514855921077,0.60681008942104,-1
56,44,1,-1,1.88983079685198,1.21278991962541,0.491224259423053,1
56,45,1,1,1.98275501558556,2.68514855921077,0.366454892905539,1
56,46,-1,1,1.79407092890028,0.71430686016456,0.40606223371456,1
56,47,1,1,1.98275501558556,2.68514855921077,0.734150955766714,1
56,48,-1,1,1.79407092890028,0.71430686016456,0.479946211911542,1
56,49,-1,1,1.79407092890028,0.71430686016456,0.515832870459974,1
56,50,1,1,1.98275501558556,2.68514855921077,0.400779205856161,1
56,51,1,1,1.98275501558556,2.68514855921077,0.871443580807191,1
56,52,-1,1,1.79407092890028,0.71430686016456,0.681550020630908,-1
56,53,1,-1,1.88983079685198,1.21278991962541,0.613040609742283,1
56,54,-1,1,1.79407092890028,0.71430686016456,0.422696776769187,1
56,55,-1,1,1.79407092890028,0.71430686016456,0.348631838241159,1
56,56,1,1,1.98275501558556,2.68514855921077,0.548968136223464,1
56,57,-1,1,1.79407092890028,0.71430686016456,0.855686152533745,-1
56,58,-1,-1,1.70998961874839,0.18775466099926,0.445809551136506,1
56,59,-1,1,1.79407092890028,0.71430686016456,1.70735278788626,1
56,60,-1,1,1.79407092890028,0.71430686016456,0.52199926957218,1
56,61,-1,1,1.79407092890028,0.71430686016456,0.653776260356988,-1
56,62,1,-1,1.88983079685198,1.21278991962541,0.826910678436945,1
56,63,-1,1,1.79407092890028,0.71430686016456,0.450632709248867,1
56,64,1,1,1.98275501558556,2.68514855921077,0.335154659308769,1
56,65,-1,1,1.79407092890028,0.71430686016456,0.725139083315118,1
56,66,-1,1,1.79407092890028,0.71430686016456,1.01730428955361,1
56,67,1,1,1.98275501558556,2.68514855921077,0.481770328593896,1
56,68,-1,1,1.79407092890028,0.71430686016456,0.952177275569886,1
56,69,1,1,1.98275501558556,2.68514855921077,0.371083924930037,1
56,70,1,1,1.98275501558556,2.68514855921077,0.487357594394458,1
56,71,-1,1,1.79407092890028,0.71430686016456,1.74963725111875,1
56,72,1,1,1.98275501558556,2.68514855921077,0.365076638016625,1
56,73,1,1,1.98275501558556,2.68514855921077,0.27017984154698,1
56,74,1,1,1.98275501558556,2.68514855921077,0.873537468246936,1
56,75,-1,1,1.79407092890028,0.71430686016456,0.866500803186022,-1
56,76,-1,-1,1.70998961874839,0.18775466099926,2.65673492100126,1
56,77,-1,1,1.79407092890028,0.71430686016456,0.297610636571944,1
56,78,1,1,1.98275501558556,2.68514855921077,0.329811989757783,1
56,79,1,1,1.98275501558556,2.68514855921077,0.388883957164526,1
56,80,1,1,1.98275501558556,2.68514855921077,0.489520213651699,1
56,81,-1,1,1.79407092890028,0.71430686016456,0.739289292706174,1
56,82,1,1,1.98275501558556,2.68514855921077,0.337967037543281,1
56,83,-1,1,1.79407092890028,0.71430686016456,0.954279417052365,-1
56,84,-1,-1,1.70998961874839,0.18775466099926,0.869581698363314,-1
56,85,-1,-1,1.70998961874839,0.18775466099926,0.492696422381179,1
56,86,1,1,1.98275501558556,2.68514855921077,0.315566991946822,1
56,87,1,1,1.98275501558556,2.68514855921077,0.427336869354956,1
56,88,1,1,1.98275501558556,2.68514855921077,0.59818708131768,1
56,89,1,1,1.98275501558556,2.68514855921077,0.31962813693534,1
56,90,-1,1,1.79407092890028,0.71430686016456,0.87084926504403,1
56,91,-1,1,1.79407092890028,0.71430686016456,0.333428323583042,1
56,92,-1,1,1.79407092890028,0.71430686016456,1.09744637440049,1
56,93,-1,1,1.79407092890028,0.71430686016456,0.465596173686679,1
56,94,-1,1,1.79407092890028,0.71430686016456,2.1600008567439,1
56,95,-1,1,1.79407092890028,0.71430686016456,0.35391677127807,1
56,96,-1,1,1.79407092890028,0.71430686016456,0.746992085430896,1
56,97,1,1,1.98275501558556,2.68514855921077,0.385328344171627,1
56,98,1,1,1.98275501558556,2.68514855921077,1.53988863272315,1
56,99,-1,1,1.79407092890028,0.71430686016456,1.34518776052508,1
56,100,-1,1,1.79407092890028,0.71430686016456,0.482317464816397,1
56,101,-1,1,1.79407092890028,0.71430686016456,0.856235436520703,1
57,2,1,1,1.86628218105677,1.58804066444877,0.558713567323132,1
57,3,1,1,1.86628218105677,1.58804066444877,0.436093539639578,1
57,4,1,1,1.86628218105677,1.58804066444877,0.86536758936772,1
57,5,-1,1,1.68868195003393,1.27538734641248,1.2499688298175,1
57,6,1,1,1.86628218105677,1.58804066444877,0.544100180377981,1
57,7,-1,1,1.68868195003393,1.27538734641248,0.505893554785015,1
57,8,1,1,1.86628218105677,1.58804066444877,0.571234733004243,-1
57,9,-1,-1,1.60953982220526,1.76212466246516,0.62641019060516,1
57,10,1,1,1.86628218105677,1.58804066444877,0.891260915317207,1
57,11,-1,1,1.68868195003393,1.27538734641248,0.611162096106216,-1
57,12,-1,-1,1.60953982220526,1.76212466246516,0.569902800634241,1
57,13,1,1,1.86628218105677,1.58804066444877,0.689723953341145,1
57,14,-1,1,1.68868195003393,1.27538734641248,0.42082202892052,1
57,15,1,1,1.86628218105677,1.58804066444877,1.71120819572706,1
57,16,-1,1,1.68868195003393,1.27538734641248,0.560903997710756,1
57,17,1,1,1.86628218105677,1.58804066444877,0.956870469269342,1
57,18,1,1,1.86628218105677,1.58804066444877,0.623172024911898,1
57,19,-1,1,1.68868195003393,1.27538734641248,0.636915362869366,1
57,20,1,1,1.86628218105677,1.58804066444877,0.476306451028397,1
57,21,-1,1,1.68868195003393,1.27538734641248,0.357868576762508,1
57,22,1,1,1.86628218105677,1.58804066444877,1.66845950844915,1
57,23,1,1,1.86628218105677,1.58804066444877,0.93460686225312,-1
57,24,-1,-1,1.60953982220526,1.76212466246516,0.366268123441174,1
57,25,1,1,1.86628218105677,1.58804066444877,0.446488447358134,1
57,26,-1,1,1.68868195003393,1.27538734641248,1.2189260545002,1
57,27,-1,1,1.68868195003393,1.27538734641248,0.702826932800857,1
57,28,1,1,1.86628218105677,1.58804066444877,0.535671280703911,-1
57,29,-1,-1,1.60953982220526,1.76212466246516,0.437397904464869,1
57,30,1,1,1.86628218105677,1.58804066444877,1.5096067615835,1
57,31,-1,1,1.68868195003393,1.27538734641248,1.02635919158483,1
57,32,-1,1,1.68868195003393,1.27538734641248,1.46370418759754,1
57,33,-1,1,1.68868195003393,1.27538734641248,1.02824105701196,1
57,34,-1,1,1.68868195003393,1.27538734641248,0.789883337759069,-1
57,35,1,-1,1.77881660298591,0.174447326673588,0.597923167097365,-1
57,36,1,-1,1.77881660298591,0.174447326673588,1.10682958727864,-1
57,37,1,-1,1.77881660298591,0.174447326673588,0.47217595618241,1
57,38,-1,1,1.68868195003393,1.27538734641248,0.515929139209088,1
57,39,-1,1,1.68868195003393,1.27538734641248,0.93009034699816,1
57,40,1,1,1.86628218105677,1.58804066444877,1.099750619068,1
57,41,1,1,1.86628218105677,1.58804066444877,0.707284284116995,1
57,42,1,1,1.86628218105677,1.58804066444877,0.867358579289676,1
57,43,1,1,1.86628218105677,1.58804066444877,0.450652061514019,1
57,44,-1,1,1.68868195003393,1.27538734641248,0.514016751734729,1
57,45,1,1,1.86628218105677,1.58804066444877,0.676798142807111,1
57,46,-1,1,1.68868195003393,1.27538734641248,0.555456934377926,1
57,47,-1,1,1.68868195003393,1.27538734641248,0.849236820219048,1
57,48,-1,1,1.68868195003393,1.27538734641248,0.79935359163603,1
57,49,-1,1,1.68868195003393,1.27538734641248,0.758444529420824,-1
57,50,-1,-1,1.60953982220526,1.76212466246516,0.364369688158292,1
57,51,-1,1,1.68868195003393,1.27538734641248,0.411724620567298,1
57,52,-1,1,1.68868195003393,1.27538734641248,0.645323555698325,1
57,53,-1,1,1.68868195003393,1.27538734641248,1.81487349296951,1
57,54,-1,1,1.68868195003393,1.27538734641248,0.507851587595713,1
57,55,-1,1,1.68868195003393,1.27538734641248,0.369022023598845,1
57,56,-1,1,1.68868195003393,1.27538734641248,1.28493975486254,1
57,57,1,1,1.86628218105677,1.58804066444877,0.741876601384296,1
57,58,-1,1,1.68868195003393,1.27538734641248,0.686808496012458,1
57,59,-1,1,1.68868195003393,1.27538734641248,0.931194479295743,1
57,60,-1,1,1.68868195003393,1.27538734641248,0.577088507639221,1
57,61,1,1,1.86628218105677,1.58804066444877,1.15614296253258,1
57,62,-1,1,1.68868195003393,1.27538734641248,1.73467128033545,1
57,63,-1,1,1.68868195003393,1.27538734641248,0.319275364018524,1
57,64,-1,1,1.68868195003393,1.27538734641248,0.353689936186333,1
57,65,-1,1,1.68868195003393,1.27538734641248,0.927374138416259,1
57,66,1,1,1.86628218105677,1.58804066444877,0.707183211308048,1
57,67,1,1,1.86628218105677,1.58804066444877,1.16323005934293,1
57,68,-1,1,1.68868195003393,1.27538734641248,0.474078909132377,1
57,69,-1,1,1.68868195003393,1.27538734641248,1.20885633413069,-1
57,70,-1,-1,1.60953982220526,1.76212466246516,0.650922512070528,1
57,71,1,1,1.86628218105677,1.58804066444877,0.522067126210857,1
57,72,-1,1,1.68868195003393,1.27538734641248,0.598070743437148,1
57,73,1,1,1.86628218105677,1.58804066444877,1.10525464477522,-1
57,74,1,-1,1.77881660298591,0.174447326673588,0.493936282506115,1
57,75,1,1,1.86628218105677,1.58804066444877,0.462494620062464,1
57,76,1,1,1.86628218105677,1.58804066444877,0.378957011791279,1
57,77,1,1,1.86628218105677,1.58804066444877,0.530713050970571,1
57,78,-1,1,1.68868195003393,1.27538734641248,0.754872916109163,1
57,79,1,1,1.86628218105677,1.58804066444877,0.448828392666691,1
57,80,1,1,1.86628218105677,1.58804066444877,1.23275840261794,1
57,81,-1,1,1.68868195003393,1.27538734641248,0.771564310548047,-1
57,82,1,-1,1.77881660298591,0.174447326673588,0.929416085508049,-1
57,83,1,-1,1.77881660298591,0.174447326673588,0.892449772094193,1
57,84,1,1,1.86628218105677,1.58804066444877,1.96479092721351,-1
57,85,-1,-1,1.60953982220526,1.76212466246516,0.638356704622837,1
57,86,-1,1,1.68868195003393,1.27538734641248,0.968794100571994,1
57,87,1,1,1.86628218105677,1.58804066444877,0.65471128458422,1
57,88,1,1,1.86628218105677,1.58804066444877,0.390933148964,1
57,89,1,1,1.86628218105677,1.58804066444877,0.44317341919479,1
57,90,1,1,1.86628218105677,1.58804066444877,0.48663754726769,1
57,91,1,1,1.86628218105677,1.58804066444877,0.378577611578375,1
57,92,-1,1,1.68868195003393,1.27538734641248,0.667470979868141,1
57,93,-1,1,1.68868195003393,1.27538734641248,0.867196673553766,1
57,94,1,1,1.86628218105677,1.58804066444877,0.677742048495934,1
57,95,1,1,1.86628218105677,1.58804066444877,0.620365432960408,1
57,96,1,1,1.86628218105677,1.58804066444877,0.698361398980966,1
57,97,1,1,1.86628218105677,1.58804066444877,0.598119845356149,1
57,98,-1,1,1.68868195003393,1.27538734641248,0.479736525907923,-1
57,99,-1,-1,1.60953982220526,1.76212466246516,0.56779801632819,1
57,100,1,1,1.86628218105677,1.58804066444877,0.648789478093334,1
57,101,1,1,1.86628218105677,1.58804066444877,1.22236198878493,1
58,2,-1,1,1.47258316836335,-0.263056306371831,0.837772020640025,-1
58,3,-1,-1,1.40356877204875,1.14370294721703,0.438271052121083,1
58,4,-1,1,1.47258316836335,-0.263056306371831,0.610422028024992,-1
58,5,-1,-1,1.40356877204875,1.14370294721703,0.597965449834005,1
58,6,-1,1,1.47258316836335,-0.263056306371831,0.397873606301048,-1
58,7,-1,-1,1.40356877204875,1.14370294721703,0.434168537026984,1
58,8,1,1,1.62745609212287,3.19127126726635,0.434305203952833,1
58,9,-1,1,1.47258316836335,-0.263056306371831,0.609770821578086,-1
58,10,1,-1,1.55118338838742,0.728082091888448,0.27768762657863,1
58,11,-1,1,1.47258316836335,-0.263056306371831,0.98249327861528,1
58,12,1,1,1.62745609212287,3.19127126726635,0.370083692071128,1
58,13,-1,1,1.47258316836335,-0.263056306371831,0.635053626092693,1
58,14,1,1,1.62745609212287,3.19127126726635,0.488711863149234,1
58,15,1,1,1.62745609212287,3.19127126726635,0.378532577742456,1
58,16,-1,1,1.47258316836335,-0.263056306371831,2.59871175572939,-1
58,17,1,-1,1.55118338838742,0.728082091888448,1.61985829155258,1
58,18,-1,1,1.47258316836335,-0.263056306371831,1.08851498830922,-1
58,19,-1,-1,1.40356877204875,1.14370294721703,1.43469896524689,1
58,20,1,1,1.62745609212287,3.19127126726635,0.391227064419887,1
58,21,-1,1,1.47258316836335,-0.263056306371831,0.634044838234496,-1
58,22,-1,-1,1.40356877204875,1.14370294721703,0.328426385270702,1
58,23,1,1,1.62745609212287,3.19127126726635,0.447525602080335,1
58,24,1,1,1.62745609212287,3.19127126726635,1.23621380541834,1
58,25,-1,1,1.47258316836335,-0.263056306371831,1.22811348488114,-1
58,26,1,-1,1.55118338838742,0.728082091888448,0.645906523448145,1
58,27,-1,1,1.47258316836335,-0.263056306371831,0.762895599809836,-1
58,28,-1,-1,1.40356877204875,1.14370294721703,0.437029706967303,-1
58,29,-1,-1,1.40356877204875,1.14370294721703,0.420235883021068,-1
58,30,1,-1,1.55118338838742,0.728082091888448,1.26877178551495,1
58,31,1,1,1.62745609212287,3.19127126726635,0.433673579860828,1
58,32,1,1,1.62745609212287,3.19127126726635,0.834622811746404,1
58,33,-1,1,1.47258316836335,-0.263056306371831,0.482326238014569,-1
58,34,-1,-1,1.40356877204875,1.14370294721703,0.656880311067216,1
58,35,-1,1,1.47258316836335,-0.263056306371831,0.452700121905925,1
58,36,1,1,1.62745609212287,3.19127126726635,0.512585891759973,1
58,37,1,1,1.62745609212287,3.19127126726635,0.669080489703362,1
58,38,1,1,1.62745609212287,3.19127126726635,0.375274486362255,1
58,39,-1,1,1.47258316836335,-0.263056306371831,0.474147794367632,1
58,40,1,1,1.62745609212287,3.19127126726635,0.600495346098133,1
58,41,1,1,1.62745609212287,3.19127126726635,0.394956908505642,1
58,42,-1,1,1.47258316836335,-0.263056306371831,0.415495968229302,1
58,43,1,1,1.62745609212287,3.19127126726635,0.459117453937685,1
58,44,-1,1,1.47258316836335,-0.263056306371831,0.384241685430643,-1
58,45,-1,-1,1.40356877204875,1.14370294721703,1.30441160734264,1
58,46,1,1,1.62745609212287,3.19127126726635,0.71622792662357,1
58,47,-1,1,1.47258316836335,-0.263056306371831,0.652973122409401,-1
58,48,1,-1,1.55118338838742,0.728082091888448,0.568369896800331,1
58,49,1,1,1.62745609212287,3.19127126726635,0.392768544058648,1
58,50,1,1,1.62745609212287,3.19127126726635,0.387019362073288,1
58,51,1,1,1.62745609212287,3.19127126726635,0.542631798161304,1
58,52,1,1,1.62745609212287,3.19127126726635,0.505607595076365,1
58,53,-1,1,1.47258316836335,-0.263056306371831,0.527208522134361,1
58,54,-1,1,1.47258316836335,-0.263056306371831,0.978402027705452,1
58,55,1,1,1.62745609212287,3.19127126726635,0.455559107830917,1
58,56,-1,1,1.47258316836335,-0.263056306371831,0.632262336401324,-1
58,57,1,-1,1.55118338838742,0.728082091888448,0.769835819390808,1
58,58,-1,1,1.47258316836335,-0.263056306371831,0.439279087489478,1
58,59,1,1,1.62745609212287,3.19127126726635,0.407684510553371,1
58,60,-1,1,1.47258316836335,-0.263056306371831,0.847095781108651,-1
58,61,-1,-1,1.40356877204875,1.14370294721703,0.884725501964386,1
58,62,-1,1,1.47258316836335,-0.263056306371831,0.439566134860074,-1
58,63,1,-1,1.55118338838742,0.728082091888448,0.777530925143999,1
58,64,-1,1,1.47258316836335,-0.263056306371831,1.06919015481468,-1
58,65,1,-1,1.55118338838742,0.728082091888448,0.919137569742646,1
58,66,-1,1,1.47258316836335,-0.263056306371831,0.518619342885041,-1
58,67,1,-1,1.55118338838742,0.728082091888448,0.347167256084403,1
58,68,-1,1,1.47258316836335,-0.263056306371831,0.823914555497217,-1
58,69,1,-1,1.55118338838742,0.728082091888448,0.488963053931995,1
58,70,-1,1,1.47258316836335,-0.263056306371831,0.66254504637173,-1
58,71,1,-1,1.55118338838742,0.728082091888448,0.738704322484862,-1
58,72,1,-1,1.55118338838742,0.728082091888448,1.10779528661388,1
58,73,-1,1,1.47258316836335,-0.263056306371831,0.54285283856382,1
58,74,-1,1,1.47258316836335,-0.263056306371831,0.669054747886278,-1
58,75,1,-1,1.55118338838742,0.728082091888448,0.457630621149861,-1
58,76,1,-1,1.55118338838742,0.728082091888448,0.993995267435253,-1
58,77,1,-1,1.55118338838742,0.728082091888448,0.95249223875269,-1
58,78,1,-1,1.55118338838742,0.728082091888448,0.482019739052897,1
58,79,-1,1,1.47258316836335,-0.263056306371831,0.588150325530748,1
58,80,1,1,1.62745609212287,3.19127126726635,0.335664712252273,1
58,81,1,1,1.62745609212287,3.19127126726635,0.334044814591494,1
58,82,1,1,1.62745609212287,3.19127126726635,0.436954964402447,1
58,83,-1,1,1.47258316836335,-0.263056306371831,0.908128471868671,-1
58,84,-1,-1,1.40356877204875,1.14370294721703,0.594868630784457,-1
58,85,1,-1,1.55118338838742,0.728082091888448,0.370042982484579,-1
58,86,-1,-1,1.40356877204875,1.14370294721703,0.422980002517472,1
58,87,1,1,1.62745609212287,3.19127126726635,0.349328308255255,1
58,88,-1,1,1.47258316836335,-0.263056306371831,0.587934636043511,1
58,89,-1,1,1.47258316836335,-0.263056306371831,1.73219599779469,-1
58,90,-1,-1,1.40356877204875,1.14370294721703,0.330969284810849,1
58,91,1,1,1.62745609212287,3.19127126726635,0.274569132064068,1
58,92,-1,1,1.47258316836335,-0.263056306371831,0.64787373211834,1
58,93,1,1,1.62745609212287,3.19127126726635,0.895994594253242,1
58,94,1,1,1.62745609212287,3.19127126726635,0.428619122214395,1
58,95,-1,1,1.47258316836335,-0.263056306371831,0.525922083550713,-1
58,96,1,-1,1.55118338838742,0.728082091888448,0.633254154330399,1
58,97,-1,1,1.47258316836335,-0.263056306371831,0.751232056101982,-1
58,98,-1,-1,1.40356877204875,1.14370294721703,0.768250453314569,1
58,99,1,1,1.62745609212287,3.19127126726635,0.376973480363364,1
58,100,1,1,1.62745609212287,3.19127126726635,0.396604979868907,1
58,101,1,1,1.62745609212287,3.19127126726635,0.368819027364633,1
59,2,1,1,1.65423009362416,1.94558013233974,0.887098349400771,1
59,3,-1,1,1.49680928675227,1.02152189961484,0.371030581852603,1
59,4,1,1,1.65423009362416,1.94558013233974,0.329999683425021,1
59,5,1,1,1.65423009362416,1.94558013233974,0.625148239902099,1
59,6,1,1,1.65423009362416,1.94558013233974,1.48176363945308,1
59,7,1,1,1.65423009362416,1.94558013233974,0.312735089814858,1
59,8,-1,1,1.49680928675227,1.02152189961484,0.479280832054274,1
59,9,-1,1,1.49680928675227,1.02152189961484,0.738483277397494,1
59,10,1,1,1.65423009362416,1.94558013233974,0.57147314642499,1
59,11,1,1,1.65423009362416,1.94558013233974,1.06385545531135,1
59,12,1,1,1.65423009362416,1.94558013233974,0.707175396093817,1
59,13,1,1,1.65423009362416,1.94558013233974,1.10755564385769,-1
59,14,1,-1,1.57670259383357,1.5513141270589,0.343677684262658,1
59,15,1,1,1.65423009362416,1.94558013233974,0.363147442694501,1
59,16,1,1,1.65423009362416,1.94558013233974,0.454280660732294,-1
59,17,-1,-1,1.42665950401497,0.281583840986525,0.38448676195487,1
59,18,1,1,1.65423009362416,1.94558013233974,0.532299631399097,1
59,19,1,1,1.65423009362416,1.94558013233974,0.489752355930521,1
59,20,1,1,1.65423009362416,1.94558013233974,0.328389578438801,1
59,21,1,1,1.65423009362416,1.94558013233974,0.623623730357091,-1
59,22,-1,-1,1.42665950401497,0.281583840986525,0.652074706910281,1
59,23,1,1,1.65423009362416,1.94558013233974,1.45055482807309,1
59,24,-1,1,1.49680928675227,1.02152189961484,0.340752550982004,1
59,25,-1,1,1.49680928675227,1.02152189961484,1.56803830916797,-1
59,26,-1,-1,1.42665950401497,0.281583840986525,0.437799453817711,1
59,27,1,1,1.65423009362416,1.94558013233974,0.281663953656235,1
59,28,1,1,1.65423009362416,1.94558013233974,0.409261574954085,1
59,29,-1,1,1.49680928675227,1.02152189961484,0.33125282260802,1
59,30,-1,1,1.49680928675227,1.02152189961484,0.507269773621555,1
59,31,-1,1,1.49680928675227,1.02152189961484,0.592744862616198,1
59,32,1,1,1.65423009362416,1.94558013233974,0.51755279555004,1
59,33,1,1,1.65423009362416,1.94558013233974,0.958138719060684,-1
59,34,1,-1,1.57670259383357,1.5513141270589,0.690702903870657,1
59,35,-1,1,1.49680928675227,1.02152189961484,0.381844512680945,1
59,36,1,1,1.65423009362416,1.94558013233974,0.290342378445187,1
59,37,1,1,1.65423009362416,1.94558013233974,0.539152660861357,1
59,38,-1,1,1.49680928675227,1.02152189961484,0.662720517272865,1
59,39,1,1,1.65423009362416,1.94558013233974,0.492832376636838,1
59,40,-1,1,1.49680928675227,1.02152189961484,0.828389520217558,1
59,41,-1,1,1.49680928675227,1.02152189961484,0.833259156531404,1
59,42,-1,1,1.49680928675227,1.02152189961484,0.929562321660271,1
59,43,-1,1,1.49680928675227,1.02152189961484,1.00472303494433,1
59,44,1,1,1.65423009362416,1.94558013233974,0.48624123307526,1
59,45,-1,1,1.49680928675227,1.02152189961484,0.530720447096947,1
59,46,-1,1,1.49680928675227,1.02152189961484,0.80270813369228,1
59,47,1,1,1.65423009362416,1.94558013233974,0.71733430486767,1
59,48,-1,1,1.49680928675227,1.02152189961484,0.530777610317217,1
59,49,-1,1,1.49680928675227,1.02152189961484,0.839686678134435,1
59,50,1,1,1.65423009362416,1.94558013233974,0.94564897930507,1
59,51,-1,1,1.49680928675227,1.02152189961484,0.540597746941543,1
59,52,-1,1,1.49680928675227,1.02152189961484,0.360932963546119,1
59,53,1,1,1.65423009362416,1.94558013233974,0.474691551656583,1
59,54,1,1,1.65423009362416,1.94558013233974,0.557072822188376,1
59,55,1,1,1.65423009362416,1.94558013233974,0.637699981759332,1
59,56,-1,1,1.49680928675227,1.02152189961484,0.860324644899911,-1
59,57,-1,-1,1.42665950401497,0.281583840986525,0.374184646329642,1
59,58,1,1,1.65423009362416,1.94558013233974,1.40826678231536,1
59,59,1,1,1.65423009362416,1.94558013233974,0.999328130628247,1
59,60,-1,1,1.49680928675227,1.02152189961484,2.42639366464603,1
59,61,1,1,1.65423009362416,1.94558013233974,1.00767806447728,1
59,62,1,1,1.65423009362416,1.94558013233974,0.484373621593368,1
59,63,-1,1,1.49680928675227,1.02152189961484,1.40788097401207,1
59,64,-1,1,1.49680928675227,1.02152189961484,0.445219278083491,1
59,65,-1,1,1.49680928675227,1.02152189961484,0.396554649006026,-1
59,66,-1,-1,1.42665950401497,0.281583840986525,0.703477915365117,-1
59,67,1,-1,1.57670259383357,1.5513141270589,0.754537810502491,1
59,68,1,1,1.65423009362416,1.94558013233974,0.538503474674863,1
59,69,-1,1,1.49680928675227,1.02152189961484,0.605969936850763,1
59,70,1,1,1.65423009362416,1.94558013233974,0.423297699699489,1
59,71,1,1,1.65423009362416,1.94558013233974,0.648808131750796,1
59,72,1,1,1.65423009362416,1.94558013233974,0.543659436660281,1
59,73,-1,1,1.49680928675227,1.02152189961484,1.00174321882894,1
59,74,1,1,1.65423009362416,1.94558013233974,0.783275320468364,1
59,75,-1,1,1.49680928675227,1.02152189961484,0.613959838827584,1
59,76,1,1,1.65423009362416,1.94558013233974,0.345269281589712,1
59,77,-1,1,1.49680928675227,1.02152189961484,0.892190894080633,1
59,78,1,1,1.65423009362416,1.94558013233974,0.330576751290406,1
59,79,-1,1,1.49680928675227,1.02152189961484,0.96105162193545,1
59,80,-1,1,1.49680928675227,1.02152189961484,0.444814227958923,-1
59,81,-1,-1,1.42665950401497,0.281583840986525,0.508942951474469,1
59,82,-1,1,1.49680928675227,1.02152189961484,0.299063674919749,1
59,83,1,1,1.65423009362416,1.94558013233974,0.663587244500568,1
59,84,1,1,1.65423009362416,1.94558013233974,0.763501660196961,-1
59,85,1,-1,1.57670259383357,1.5513141270589,0.552364850332876,-1
59,86,-1,-1,1.42665950401497,0.281583840986525,0.771162644661751,1
59,87,-1,1,1.49680928675227,1.02152189961484,0.410032276143742,1
59,88,-1,1,1.49680928675227,1.02152189961484,0.545688173951734,1
59,89,-1,1,1.49680928675227,1.02152189961484,0.399652881826637,1
59,90,1,1,1.65423009362416,1.94558013233974,1.69165208871847,1
59,91,-1,1,1.49680928675227,1.02152189961484,0.542053706037237,1
59,92,-1,1,1.49680928675227,1.02152189961484,0.312057079996069,1
59,93,-1,1,1.49680928675227,1.02152189961484,1.31034050493343,1
59,94,-1,1,1.49680928675227,1.02152189961484,1.1,1
59,95,-1,1,1.49680928675227,1.02152189961484,0.693087967058893,1
59,96,1,1,1.65423009362416,1.94558013233974,0.434078670646871,1
59,97,1,1,1.65423009362416,1.94558013233974,0.52336370218857,1
59,98,-1,1,1.49680928675227,1.02152189961484,0.491750028661952,1
59,99,1,1,1.65423009362416,1.94558013233974,0.427144328228897,1
59,100,-1,1,1.49680928675227,1.02152189961484,0.38151142143475,1
59,101,-1,1,1.49680928675227,1.02152189961484,1.11169942750977,1
60,2,-1,1,1.66797478671587,-0.240284966189123,0.272847056610584,-1
60,3,-1,-1,1.58980312521229,-0.375934925942424,0.345817676651199,1
60,4,1,1,1.84339722636181,3.52263972776179,0.515850380732666,1
60,5,-1,1,1.66797478671587,-0.240284966189123,0.476876370102181,1
60,6,1,1,1.84339722636181,3.52263972776179,0.384903571777409,1
60,7,-1,1,1.66797478671587,-0.240284966189123,0.552115337167766,1
60,8,1,1,1.84339722636181,3.52263972776179,0.481286736339553,1
60,9,-1,1,1.66797478671587,-0.240284966189123,1.3997448637967,1
60,10,-1,1,1.66797478671587,-0.240284966189123,0.806405089565379,-1
60,11,1,-1,1.7570041794504,1.89358016436975,0.704396076690001,1
60,12,1,1,1.84339722636181,3.52263972776179,0.337168813948004,1
60,13,-1,1,1.66797478671587,-0.240284966189123,1.64674460520158,1
60,14,-1,1,1.66797478671587,-0.240284966189123,0.805635021223079,-1
60,15,-1,-1,1.58980312521229,-0.375934925942424,0.322484866511351,1
60,16,-1,1,1.66797478671587,-0.240284966189123,0.365271118909749,1
60,17,-1,1,1.66797478671587,-0.240284966189123,0.648393522740139,-1
60,18,-1,-1,1.58980312521229,-0.375934925942424,0.32844054481766,-1
60,19,1,-1,1.7570041794504,1.89358016436975,0.46370125096457,1
60,20,-1,1,1.66797478671587,-0.240284966189123,0.644174100952933,1
60,21,-1,1,1.66797478671587,-0.240284966189123,1.11057927631297,1
60,22,-1,1,1.66797478671587,-0.240284966189123,0.646386119350702,1
60,23,-1,1,1.66797478671587,-0.240284966189123,1.06810715639913,-1
60,24,1,-1,1.7570041794504,1.89358016436975,0.2334168916435,1
60,25,1,1,1.84339722636181,3.52263972776179,0.307762725661312,1
60,26,1,1,1.84339722636181,3.52263972776179,0.307948530408714,1
60,27,1,1,1.84339722636181,3.52263972776179,0.424948996223796,1
60,28,1,1,1.84339722636181,3.52263972776179,0.656257516888839,1
60,29,-1,1,1.66797478671587,-0.240284966189123,1.41011206120821,1
60,30,-1,1,1.66797478671587,-0.240284966189123,0.414667370825782,1
60,31,1,1,1.84339722636181,3.52263972776179,0.389562366292593,1
60,32,-1,1,1.66797478671587,-0.240284966189123,2.50329176647092,-1
60,33,-1,-1,1.58980312521229,-0.375934925942424,0.391488564553989,1
60,34,-1,1,1.66797478671587,-0.240284966189123,0.325992242932959,1
60,35,1,1,1.84339722636181,3.52263972776179,0.336023283011883,1
60,36,1,1,1.84339722636181,3.52263972776179,0.358337629743025,1
60,37,1,1,1.84339722636181,3.52263972776179,0.324762051597778,1
60,38,-1,1,1.66797478671587,-0.240284966189123,0.447312411556418,-1
60,39,1,-1,1.7570041794504,1.89358016436975,0.39836081312639,1
60,40,-1,1,1.66797478671587,-0.240284966189123,0.27317053047513,1
60,41,-1,1,1.66797478671587,-0.240284966189123,0.259006365878965,1
60,42,-1,1,1.66797478671587,-0.240284966189123,0.467601488282364,-1
60,43,1,-1,1.7570041794504,1.89358016436975,0.314029119810292,1
60,44,1,1,1.84339722636181,3.52263972776179,0.268890448085591,1
60,45,-1,1,1.66797478671587,-0.240284966189123,0.949758127742875,-1
60,46,1,-1,1.7570041794504,1.89358016436975,0.249452392796671,1
60,47,-1,1,1.66797478671587,-0.240284966189123,0.529634050346827,1
60,48,1,1,1.84339722636181,3.52263972776179,0.626397568789051,1
60,49,1,1,1.84339722636181,3.52263972776179,0.48951837009936,1
60,50,-1,1,1.66797478671587,-0.240284966189123,0.399822895817624,1
60,51,-1,1,1.66797478671587,-0.240284966189123,0.629291262123758,-1
60,52,-1,-1,1.58980312521229,-0.375934925942424,0.746698157184699,-1
60,53,-1,-1,1.58980312521229,-0.375934925942424,0.872876957286054,-1
60,54,-1,-1,1.58980312521229,-0.375934925942424,0.850491683735294,1
60,55,1,1,1.84339722636181,3.52263972776179,0.446872590719039,1
60,56,1,1,1.84339722636181,3.52263972776179,0.493024822033919,1
60,57,-1,1,1.66797478671587,-0.240284966189123,1.37249369011828,-1
60,58,1,-1,1.7570041794504,1.89358016436975,1.95685787388694,1
60,59,-1,1,1.66797478671587,-0.240284966189123,1.85092690806696,-1
60,60,1,-1,1.7570041794504,1.89358016436975,0.621887711584378,1
60,61,1,1,1.84339722636181,3.52263972776179,0.466164528967541,1
60,62,1,1,1.84339722636181,3.52263972776179,0.956299582761536,1
60,63,1,1,1.84339722636181,3.52263972776179,0.57935766830851,1
60,64,-1,1,1.66797478671587,-0.240284966189123,0.938017295447854,-1
60,65,-1,-1,1.58980312521229,-0.375934925942424,0.225659521177471,1
60,66,1,1,1.84339722636181,3.52263972776179,0.441922503804648,1
60,67,-1,1,1.66797478671587,-0.240284966189123,0.614595925330514,1
60,68,-1,1,1.66797478671587,-0.240284966189123,2.15943357166492,-1
60,69,-1,-1,1.58980312521229,-0.375934925942424,0.282552952098595,1
60,70,1,1,1.84339722636181,3.52263972776179,0.7,1
60,71,-1,1,1.66797478671587,-0.240284966189123,0.382874930585714,1
60,72,1,1,1.84339722636181,3.52263972776179,0.588429332495618,1
60,73,-1,1,1.66797478671587,-0.240284966189123,0.912531597016535,-1
60,74,1,-1,1.7570041794504,1.89358016436975,0.532703994657556,1
60,75,1,1,1.84339722636181,3.52263972776179,0.232666133635435,1
60,76,-1,1,1.66797478671587,-0.240284966189123,0.427478235793611,-1
60,77,1,-1,1.7570041794504,1.89358016436975,0.311775528869503,1
60,78,1,1,1.84339722636181,3.52263972776179,0.881608918734532,1
60,79,1,1,1.84339722636181,3.52263972776179,0.28680808289553,1
60,80,-1,1,1.66797478671587,-0.240284966189123,0.310212060954597,1
60,81,1,1,1.84339722636181,3.52263972776179,0.324861843820554,1
60,82,-1,1,1.66797478671587,-0.240284966189123,0.661636658824613,-1
60,83,-1,-1,1.58980312521229,-0.375934925942424,0.439982166232821,-1
60,84,1,-1,1.7570041794504,1.89358016436975,0.812206153074236,1
60,85,1,1,1.84339722636181,3.52263972776179,0.299643291005482,1
60,86,1,1,1.84339722636181,3.52263972776179,0.337677526936791,1
60,87,-1,1,1.66797478671587,-0.240284966189123,1.40194938449127,1
60,88,-1,1,1.66797478671587,-0.240284966189123,1.11300285455089,-1
60,89,-1,-1,1.58980312521229,-0.375934925942424,1.78153594764494,1
60,90,1,1,1.84339722636181,3.52263972776179,0.511382397206465,1
60,91,1,1,1.84339722636181,3.52263972776179,0.405792965314605,1
60,92,1,1,1.84339722636181,3.52263972776179,0.298487231566296,1
60,93,1,1,1.84339722636181,3.52263972776179,0.336166176499201,1
60,94,1,1,1.84339722636181,3.52263972776179,0.31472656221803,1
60,95,-1,1,1.66797478671587,-0.240284966189123,0.450599270461101,-1
60,96,1,-1,1.7570041794504,1.89358016436975,0.57481707178936,1
60,97,1,1,1.84339722636181,3.52263972776179,0.383271315843007,1
60,98,-1,1,1.66797478671587,-0.240284966189123,0.469205024302254,-1
60,99,1,-1,1.7570041794504,1.89358016436975,0.351050434327928,1
60,100,1,1,1.84339722636181,3.52263972776179,0.711263593018763,1
60,101,1,1,1.84339722636181,3.52263972776179,0.860771363940035,1
61,2,1,1,2.08356279581641,2.58576792233069,0.563540509646478,1
61,3,-1,1,1.8852855804823,1.61403977114674,0.624012274025794,1
61,4,-1,1,1.8852855804823,1.61403977114674,0.561942260303583,1
61,5,1,1,2.08356279581641,2.58576792233069,0.340943782951859,1
61,6,1,1,2.08356279581641,2.58576792233069,0.608145028071067,1
61,7,1,1,2.08356279581641,2.58576792233069,0.753362182321013,1
61,8,-1,1,1.8852855804823,1.61403977114674,0.786839883041278,1
61,9,-1,1,1.8852855804823,1.61403977114674,0.801890381722407,1
61,10,-1,1,1.8852855804823,1.61403977114674,0.388953051858775,1
61,11,-1,1,1.8852855804823,1.61403977114674,0.594037880467558,1
61,12,-1,1,1.8852855804823,1.61403977114674,0.821645684461324,1
61,13,-1,1,1.8852855804823,1.61403977114674,0.764620577377597,1
61,14,-1,1,1.8852855804823,1.61403977114674,0.944522472621409,1
61,15,-1,1,1.8852855804823,1.61403977114674,0.631317505966105,1
61,16,-1,1,1.8852855804823,1.61403977114674,0.482761940254519,1
61,17,-1,1,1.8852855804823,1.61403977114674,1.16534767178857,1
61,18,1,1,2.08356279581641,2.58576792233069,0.428440005542009,1
61,19,1,1,2.08356279581641,2.58576792233069,0.720717612638823,1
61,20,-1,1,1.8852855804823,1.61403977114674,0.741019531920323,1
61,21,1,1,2.08356279581641,2.58576792233069,0.465593768052951,1
61,22,1,1,2.08356279581641,2.58576792233069,0.411186701306068,1
61,23,1,1,2.08356279581641,2.58576792233069,0.443375294753729,1
61,24,-1,1,1.8852855804823,1.61403977114674,1.89006599626736,1
61,25,-1,1,1.8852855804823,1.61403977114674,1.33906495354449,1
61,26,1,1,2.08356279581641,2.58576792233069,0.434357281075217,1
61,27,1,1,2.08356279581641,2.58576792233069,0.762823004090371,1
61,28,1,1,2.08356279581641,2.58576792233069,0.606506193224117,1
61,29,-1,1,1.8852855804823,1.61403977114674,0.960148954030325,-1
61,30,1,-1,1.98591409819029,0.374440411516431,1.96342197814899,1
61,31,-1,1,1.8852855804823,1.61403977114674,0.962921700874286,1
61,32,-1,1,1.8852855804823,1.61403977114674,0.561269233253811,1
61,33,-1,1,1.8852855804823,1.61403977114674,1.10836593171365,1
61,34,-1,1,1.8852855804823,1.61403977114674,0.668913224900402,1
61,35,-1,1,1.8852855804823,1.61403977114674,0.466820514328427,-1
61,36,1,-1,1.98591409819029,0.374440411516431,2.53403616994659,1
61,37,-1,1,1.8852855804823,1.61403977114674,0.733342954589071,1
61,38,1,1,2.08356279581641,2.58576792233069,0.507852593293177,1
61,39,-1,1,1.8852855804823,1.61403977114674,0.988114539324205,1
61,40,1,1,2.08356279581641,2.58576792233069,0.502602021328845,1
61,41,-1,1,1.8852855804823,1.61403977114674,0.393339631613791,1
61,42,-1,1,1.8852855804823,1.61403977114674,1.67694869842718,1
61,43,1,1,2.08356279581641,2.58576792233069,0.691252054921117,1
61,44,1,1,2.08356279581641,2.58576792233069,0.882458059824653,-1
61,45,1,-1,1.98591409819029,0.374440411516431,0.666541759029179,1
61,46,1,1,2.08356279581641,2.58576792233069,0.511010192932205,1
61,47,1,1,2.08356279581641,2.58576792233069,0.549066091212854,1
61,48,-1,1,1.8852855804823,1.61403977114674,0.519075489838956,1
61,49,-1,1,1.8852855804823,1.61403977114674,1.98309230075128,1
61,50,1,1,2.08356279581641,2.58576792233069,0.589648860402419,1
61,51,1,1,2.08356279581641,2.58576792233069,0.39377077637169,1
61,52,-1,1,1.8852855804823,1.61403977114674,0.622144292414213,-1
61,53,1,-1,1.98591409819029,0.374440411516431,1.62373584369207,1
61,54,-1,1,1.8852855804823,1.61403977114674,0.58694047715312,1
61,55,1,1,2.08356279581641,2.58576792233069,0.760410327245332,1
61,56,-1,1,1.8852855804823,1.61403977114674,0.691369935182365,1
61,57,-1,1,1.8852855804823,1.61403977114674,2.31998231970708,-1
61,58,-1,-1,1.79692938504771,0.225751895006135,1.06921513031721,-1
61,59,1,-1,1.98591409819029,0.374440411516431,0.810780136339811,-1
61,60,-1,-1,1.79692938504771,0.225751895006135,1.52071238141132,-1
61,61,1,-1,1.98591409819029,0.374440411516431,1.95224155992426,1
61,62,1,1,2.08356279581641,2.58576792233069,0.689700303384814,1
61,63,1,1,2.08356279581641,2.58576792233069,0.602390958343609,1
61,64,-1,1,1.8852855804823,1.61403977114674,1.03792976483628,1
61,65,1,1,2.08356279581641,2.58576792233069,0.399335014371018,1
61,66,1,1,2.08356279581641,2.58576792233069,1.00530773436135,1
61,67,1,1,2.08356279581641,2.58576792233069,0.504057719828443,1
61,68,-1,1,1.8852855804823,1.61403977114674,0.733069611340606,1
61,69,1,1,2.08356279581641,2.58576792233069,0.674408196557452,1
61,70,-1,1,1.8852855804823,1.61403977114674,0.818870395712036,1
61,71,1,1,2.08356279581641,2.58576792233069,0.505089876485816,1
61,72,1,1,2.08356279581641,2.58576792233069,0.50312885890469,1
61,73,-1,1,1.8852855804823,1.61403977114674,0.658644700682314,1
61,74,-1,1,1.8852855804823,1.61403977114674,1.03055845695041,1
61,75,-1,1,1.8852855804823,1.61403977114674,0.63589823315829,1
61,76,-1,1,1.8852855804823,1.61403977114674,0.913340615349121,1
61,77,-1,1,1.8852855804823,1.61403977114674,1.03893318084624,1
61,78,1,1,2.08356279581641,2.58576792233069,0.814670580864515,1
61,79,1,1,2.08356279581641,2.58576792233069,0.483828106813112,1
61,80,1,1,2.08356279581641,2.58576792233069,0.418361657887495,1
61,81,-1,1,1.8852855804823,1.61403977114674,0.963785392731908,1
61,82,1,1,2.08356279581641,2.58576792233069,0.387899659072913,1
61,83,-1,1,1.8852855804823,1.61403977114674,1.39632878962176,1
61,84,1,1,2.08356279581641,2.58576792233069,1.32137099181989,1
61,85,1,1,2.08356279581641,2.58576792233069,0.487055667377736,1
61,86,1,1,2.08356279581641,2.58576792233069,1.73361516059175,1
61,87,-1,1,1.8852855804823,1.61403977114674,0.596558444481573,1
61,88,1,1,2.08356279581641,2.58576792233069,0.66343673615407,1
61,89,1,1,2.08356279581641,2.58576792233069,0.4287593533568,1
61,90,-1,1,1.8852855804823,1.61403977114674,0.553929163576389,1
61,91,-1,1,1.8852855804823,1.61403977114674,0.6400104976662,1
61,92,-1,1,1.8852855804823,1.61403977114674,0.83563491598827,1
61,93,1,1,2.08356279581641,2.58576792233069,0.353868878383275,1
61,94,1,1,2.08356279581641,2.58576792233069,0.469053278733635,1
61,95,1,1,2.08356279581641,2.58576792233069,0.505855729962131,1
61,96,-1,1,1.8852855804823,1.61403977114674,1.1710647431106,1
61,97,-1,1,1.8852855804823,1.61403977114674,1.70663453868379,1
61,98,-1,1,1.8852855804823,1.61403977114674,0.464253119189018,1
61,99,1,1,2.08356279581641,2.58576792233069,0.457064219296691,1
61,100,1,1,2.08356279581641,2.58576792233069,0.432442586782756,1
61,101,1,1,2.08356279581641,2.58576792233069,0.399802069682157,1
62,2,1,1,1.83271235138973,2.32541765880511,0.359397514472867,1
62,3,1,1,1.83271235138973,2.32541765880511,0.472768139340235,1
62,4,-1,1,1.6583067120341,0.633852481416231,0.749801931708531,1
62,5,1,1,1.83271235138973,2.32541765880511,0.805581260905544,1
62,6,-1,1,1.6583067120341,0.633852481416231,0.856631286116476,1
62,7,1,1,1.83271235138973,2.32541765880511,0.663651747769862,1
62,8,-1,1,1.6583067120341,0.633852481416231,0.346847045538896,1
62,9,1,1,1.83271235138973,2.32541765880511,0.345413813487479,1
62,10,1,1,1.83271235138973,2.32541765880511,0.528111462133934,1
62,11,-1,1,1.6583067120341,0.633852481416231,0.363953864261799,1
62,12,-1,1,1.6583067120341,0.633852481416231,1.68570772968998,1
62,13,1,1,1.83271235138973,2.32541765880511,0.312546051054581,1
62,14,1,1,1.83271235138973,2.32541765880511,0.498850089443122,1
62,15,-1,1,1.6583067120341,0.633852481416231,0.620392426356945,1
62,16,1,1,1.83271235138973,2.32541765880511,0.503085649264972,1
62,17,-1,1,1.6583067120341,0.633852481416231,1.29174362111606,-1
62,18,-1,-1,1.5805881565771,0.661821112245272,1.30306220683664,1
62,19,1,1,1.83271235138973,2.32541765880511,0.416046143956296,1
62,20,1,1,1.83271235138973,2.32541765880511,1.24684443613845,1
62,21,-1,1,1.6583067120341,0.633852481416231,2.16127007178697,-1
62,22,-1,-1,1.5805881565771,0.661821112245272,1.21506809940369,-1
62,23,1,-1,1.74682006410381,1.17890874753338,0.772250860300323,1
62,24,-1,1,1.6583067120341,0.633852481416231,1.05241908430627,1
62,25,-1,1,1.6583067120341,0.633852481416231,0.648850596110393,-1
62,26,1,-1,1.74682006410381,1.17890874753338,0.493603696548974,-1
62,27,-1,-1,1.5805881565771,0.661821112245272,0.401872388016331,-1
62,28,1,-1,1.74682006410381,1.17890874753338,0.567450805279683,1
62,29,-1,1,1.6583067120341,0.633852481416231,0.734453686213526,1
62,30,1,1,1.83271235138973,2.32541765880511,0.402724422094678,1
62,31,-1,1,1.6583067120341,0.633852481416231,0.393514307135844,1
62,32,1,1,1.83271235138973,2.32541765880511,1.02608529297343,1
62,33,-1,1,1.6583067120341,0.633852481416231,0.770677642108979,1
62,34,-1,1,1.6583067120341,0.633852481416231,1.00491658544722,1
62,35,1,1,1.83271235138973,2.32541765880511,0.426206390520732,1
62,36,1,1,1.83271235138973,2.32541765880511,0.95709857446182,1
62,37,1,1,1.83271235138973,2.32541765880511,0.476961621962631,1
62,38,1,1,1.83271235138973,2.32541765880511,0.570370801037469,1
62,39,1,1,1.83271235138973,2.32541765880511,1.16677908635941,1
62,40,-1,1,1.6583067120341,0.633852481416231,0.471978851169251,1
62,41,-1,1,1.6583067120341,0.633852481416231,0.37668423300138,1
62,42,1,1,1.83271235138973,2.32541765880511,0.542346941605628,1
62,43,-1,1,1.6583067120341,0.633852481416231,0.639005091800205,1
62,44,1,1,1.83271235138973,2.32541765880511,0.333146777068518,1
62,45,-1,1,1.6583067120341,0.633852481416231,0.41905935696325,1
62,46,-1,1,1.6583067120341,0.633852481416231,0.401686094520736,1
62,47,1,1,1.83271235138973,2.32541765880511,0.912183443784287,1
62,48,-1,1,1.6583067120341,0.633852481416231,1.04146506282245,1
62,49,-1,1,1.6583067120341,0.633852481416231,0.368817613393203,1
62,50,-1,1,1.6583067120341,0.633852481416231,0.357344073717202,1
62,51,1,1,1.83271235138973,2.32541765880511,0.539654865642588,1
62,52,1,1,1.83271235138973,2.32541765880511,0.607623060791861,1
62,53,1,1,1.83271235138973,2.32541765880511,0.643200912130571,1
62,54,1,1,1.83271235138973,2.32541765880511,0.421328700376166,1
62,55,-1,1,1.6583067120341,0.633852481416231,0.699155603667784,1
62,56,-1,1,1.6583067120341,0.633852481416231,1.12195208498084,1
62,57,1,1,1.83271235138973,2.32541765880511,1.0693384878311,1
62,58,-1,1,1.6583067120341,0.633852481416231,0.503524937434618,1
62,59,-1,1,1.6583067120341,0.633852481416231,0.51831158128525,1
62,60,-1,1,1.6583067120341,0.633852481416231,0.532033780832048,-1
62,61,-1,-1,1.5805881565771,0.661821112245272,0.949171362366513,1
62,62,1,1,1.83271235138973,2.32541765880511,0.518523522305939,1
62,63,-1,1,1.6583067120341,0.633852481416231,1.06968583439248,1
62,64,1,1,1.83271235138973,2.32541765880511,0.620346490399696,-1
62,65,1,-1,1.74682006410381,1.17890874753338,0.526432120285135,1
62,66,-1,1,1.6583067120341,0.633852481416231,1.42266822976715,1
62,67,-1,1,1.6583067120341,0.633852481416231,0.402912382827276,-1
62,68,-1,-1,1.5805881565771,0.661821112245272,1.19115668640206,1
62,69,1,1,1.83271235138973,2.32541765880511,0.371997024220227,1
62,70,1,1,1.83271235138973,2.32541765880511,0.424380203318807,1
62,71,-1,1,1.6583067120341,0.633852481416231,0.626716336801992,-1
62,72,1,-1,1.74682006410381,1.17890874753338,0.69593412936812,-1
62,73,-1,-1,1.5805881565771,0.661821112245272,2.00658475886676,1
62,74,-1,1,1.6583067120341,0.633852481416231,1.20686325025231,-1
62,75,-1,-1,1.5805881565771,0.661821112245272,0.907790425931685,-1
62,76,-1,-1,1.5805881565771,0.661821112245272,1.40239312966308,1
62,77,-1,1,1.6583067120341,0.633852481416231,0.475238388822174,-1
62,78,-1,-1,1.5805881565771,0.661821112245272,0.651225524625192,-1
62,79,1,-1,1.74682006410381,1.17890874753338,0.756811571083874,1
62,80,-1,1,1.6583067120341,0.633852481416231,0.518093141472016,1
62,81,1,1,1.83271235138973,2.32541765880511,1.0170000622557,1
62,82,1,1,1.83271235138973,2.32541765880511,0.375394169825273,1
62,83,1,1,1.83271235138973,2.32541765880511,0.878912287660834,1
62,84,-1,1,1.6583067120341,0.633852481416231,0.685335694616318,-1
62,85,-1,-1,1.5805881565771,0.661821112245272,0.370191297231249,1
62,86,1,1,1.83271235138973,2.32541765880511,0.365312175755609,1
62,87,1,1,1.83271235138973,2.32541765880511,0.380237887781515,1
62,88,1,1,1.83271235138973,2.32541765880511,0.478956590574518,1
62,89,-1,1,1.6583067120341,0.633852481416231,0.642194746565279,1
62,90,1,1,1.83271235138973,2.32541765880511,0.605847415248022,1
62,91,1,1,1.83271235138973,2.32541765880511,0.358993931478461,1
62,92,1,1,1.83271235138973,2.32541765880511,0.518640163142335,1
62,93,1,1,1.83271235138973,2.32541765880511,0.93526769467923,1
62,94,1,1,1.83271235138973,2.32541765880511,0.556898738957674,1
62,95,-1,1,1.6583067120341,0.633852481416231,1.11780829604142,1
62,96,1,1,1.83271235138973,2.32541765880511,0.766344290987337,1
62,97,-1,1,1.6583067120341,0.633852481416231,0.397001454002446,1
62,98,1,1,1.83271235138973,2.32541765880511,0.319204494222572,1
62,99,1,1,1.83271235138973,2.32541765880511,0.493307613851477,1
62,100,-1,1,1.6583067120341,0.633852481416231,0.603610427485291,1
62,101,-1,1,1.6583067120341,0.633852481416231,0.281041231281403,-1
63,2,-1,1,1.659598530672,-0.173094630387236,1.51363008279411,1
63,3,1,1,1.83414003177977,3.87451396124542,0.288279076772125,1
63,4,1,1,1.83414003177977,3.87451396124542,0.274693408527653,1
63,5,-1,1,1.659598530672,-0.173094630387236,0.998436198682475,-1
63,6,1,-1,1.74818083452071,1.48621514807392,0.43130784246309,1
63,7,-1,1,1.659598530672,-0.173094630387236,0.351435464704127,1
63,8,1,1,1.83414003177977,3.87451396124542,0.489026546656081,1
63,9,1,1,1.83414003177977,3.87451396124542,0.322867813159324,1
63,10,-1,1,1.659598530672,-0.173094630387236,0.4578743802973,1
63,11,-1,1,1.659598530672,-0.173094630387236,0.668296319368177,-1
63,12,-1,-1,1.58181943256767,-0.387634478932109,3.69523255598996,-1
63,13,1,-1,1.74818083452071,1.48621514807392,1.20840504604722,1
63,14,1,1,1.83414003177977,3.87451396124542,0.274533201915951,1
63,15,-1,1,1.659598530672,-0.173094630387236,1.42510908987737,-1
63,16,-1,-1,1.58181943256767,-0.387634478932109,1.33294798562863,-1
63,17,-1,-1,1.58181943256767,-0.387634478932109,1.0499278485413,-1
63,18,-1,-1,1.58181943256767,-0.387634478932109,0.653473780052406,-1
63,19,1,-1,1.74818083452071,1.48621514807392,0.951630524221508,1
63,20,-1,1,1.659598530672,-0.173094630387236,0.313753047307257,1
63,21,-1,1,1.659598530672,-0.173094630387236,1.19812224921842,1
63,22,1,1,1.83414003177977,3.87451396124542,0.352930675535601,1
63,23,-1,1,1.659598530672,-0.173094630387236,1.27997097232837,-1
63,24,-1,-1,1.58181943256767,-0.387634478932109,1.35866817003116,1
63,25,1,1,1.83414003177977,3.87451396124542,0.452463229529502,1
63,26,1,1,1.83414003177977,3.87451396124542,0.414667139025315,1
63,27,-1,1,1.659598530672,-0.173094630387236,1.81460703748741,-1
63,28,-1,-1,1.58181943256767,-0.387634478932109,0.337274161264361,-1
63,29,-1,-1,1.58181943256767,-0.387634478932109,0.332323279563339,-1
63,30,1,-1,1.74818083452071,1.48621514807392,2.17108910397901,1
63,31,1,1,1.83414003177977,3.87451396124542,0.292309738621542,1
63,32,-1,1,1.659598530672,-0.173094630387236,1.11233546417015,1
63,33,-1,1,1.659598530672,-0.173094630387236,0.381906740473358,-1
63,34,1,-1,1.74818083452071,1.48621514807392,1.49145956947934,1
63,35,-1,1,1.659598530672,-0.173094630387236,1.81374317836284,1
63,36,-1,1,1.659598530672,-0.173094630387236,0.557562136055112,1
63,37,1,1,1.83414003177977,3.87451396124542,1.01617186399796,1
63,38,-1,1,1.659598530672,-0.173094630387236,0.807463931407523,1
63,39,-1,1,1.659598530672,-0.173094630387236,0.449674379354422,1
63,40,-1,1,1.659598530672,-0.173094630387236,1.79478451175102,1
63,41,-1,1,1.659598530672,-0.173094630387236,0.346699237439749,-1
63,42,-1,-1,1.58181943256767,-0.387634478932109,2.02726600598643,1
63,43,1,1,1.83414003177977,3.87451396124542,0.595168098514806,1
63,44,1,1,1.83414003177977,3.87451396124542,0.316852802726582,1
63,45,1,1,1.83414003177977,3.87451396124542,0.371874799188993,1
63,46,-1,1,1.659598530672,-0.173094630387236,0.911124674064632,-1
63,47,-1,-1,1.58181943256767,-0.387634478932109,1.04988823158258,-1
63,48,1,-1,1.74818083452071,1.48621514807392,0.357006217831871,1
63,49,-1,1,1.659598530672,-0.173094630387236,0.848594513453265,-1
63,50,-1,-1,1.58181943256767,-0.387634478932109,0.749612153245695,1
63,51,-1,1,1.659598530672,-0.173094630387236,0.623189528964049,1
63,52,1,1,1.83414003177977,3.87451396124542,0.411785905689388,1
63,53,-1,1,1.659598530672,-0.173094630387236,0.562042275897738,-1
63,54,1,-1,1.74818083452071,1.48621514807392,0.527297282257917,1
63,55,-1,1,1.659598530672,-0.173094630387236,0.749323497232797,1
63,56,1,1,1.83414003177977,3.87451396124542,0.446151881122922,1
63,57,-1,1,1.659598530672,-0.173094630387236,0.387339930656421,1
63,58,-1,1,1.659598530672,-0.173094630387236,1.76288494631492,1
63,59,1,1,1.83414003177977,3.87451396124542,0.641483754856491,1
63,60,1,1,1.83414003177977,3.87451396124542,0.49358446629879,1
63,61,-1,1,1.659598530672,-0.173094630387236,1.74504158467598,1
63,62,1,1,1.83414003177977,3.87451396124542,0.627774370173253,1
63,63,1,1,1.83414003177977,3.87451396124542,0.33252949403865,1
63,64,1,1,1.83414003177977,3.87451396124542,0.474210004480475,1
63,65,1,1,1.83414003177977,3.87451396124542,0.325255729559031,1
63,66,1,1,1.83414003177977,3.87451396124542,0.433291194113333,1
63,67,1,1,1.83414003177977,3.87451396124542,0.402283455714662,1
63,68,1,1,1.83414003177977,3.87451396124542,0.443863216655341,1
63,69,-1,1,1.659598530672,-0.173094630387236,0.542610892658371,-1
63,70,-1,-1,1.58181943256767,-0.387634478932109,0.460490017124439,-1
63,71,1,-1,1.74818083452071,1.48621514807392,0.435022978465744,1
63,72,-1,1,1.659598530672,-0.173094630387236,0.70886395909392,1
63,73,-1,1,1.659598530672,-0.173094630387236,0.508315915899585,1
63,74,1,1,1.83414003177977,3.87451396124542,0.447199461275394,1
63,75,1,1,1.83414003177977,3.87451396124542,0.271118899087062,1
63,76,1,1,1.83414003177977,3.87451396124542,0.294089293892208,1
63,77,-1,1,1.659598530672,-0.173094630387236,0.596405940036406,1
63,78,1,1,1.83414003177977,3.87451396124542,0.303105567846144,1
63,79,1,1,1.83414003177977,3.87451396124542,0.80732072390035,1
63,80,-1,1,1.659598530672,-0.173094630387236,1.04225063551865,-1
63,81,1,-1,1.74818083452071,1.48621514807392,0.769788532220306,1
63,82,1,1,1.83414003177977,3.87451396124542,0.386342059051891,1
63,83,-1,1,1.659598530672,-0.173094630387236,0.348317130099522,1
63,84,1,1,1.83414003177977,3.87451396124542,0.62484007765648,1
63,85,1,1,1.83414003177977,3.87451396124542,0.260490442685715,1
63,86,-1,1,1.659598530672,-0.173094630387236,1.31214518043707,-1
63,87,-1,-1,1.58181943256767,-0.387634478932109,1.90364954562465,1
63,88,1,1,1.83414003177977,3.87451396124542,0.426257029203777,1
63,89,1,1,1.83414003177977,3.87451396124542,0.428806785428157,1
63,90,1,1,1.83414003177977,3.87451396124542,0.296526781518013,1
63,91,-1,1,1.659598530672,-0.173094630387236,0.336721558953791,-1
63,92,1,-1,1.74818083452071,1.48621514807392,0.389571482017484,-1
63,93,-1,-1,1.58181943256767,-0.387634478932109,1.13158129321698,1
63,94,-1,1,1.659598530672,-0.173094630387236,1.02449550417774,1
63,95,1,1,1.83414003177977,3.87451396124542,0.350476220069102,1
63,96,-1,1,1.659598530672,-0.173094630387236,0.879083515745009,-1
63,97,1,-1,1.74818083452071,1.48621514807392,0.714051390018563,1
63,98,-1,1,1.659598530672,-0.173094630387236,0.555652827601844,1
63,99,1,1,1.83414003177977,3.87451396124542,0.282933052949602,1
63,100,1,1,1.83414003177977,3.87451396124542,0.462463051391077,1
63,101,1,1,1.83414003177977,3.87451396124542,0.31219148934714,1
64,2,1,1,2.22827013085852,3.01392015109146,0.371297009475946,1
64,3,1,1,2.22827013085852,3.01392015109146,0.432662866522373,1
64,4,1,1,2.22827013085852,3.01392015109146,0.54272628802039,1
64,5,1,1,2.22827013085852,3.01392015109146,0.552508469085991,1
64,6,1,1,2.22827013085852,3.01392015109146,0.820338221343605,1
64,7,1,1,2.22827013085852,3.01392015109146,0.433030641579896,1
64,8,1,1,2.22827013085852,3.01392015109146,0.488685407685553,1
64,9,-1,1,2.01622219189267,0.792554908504404,0.597631563233488,1
64,10,-1,1,2.01622219189267,0.792554908504404,0.604747177841233,1
64,11,-1,1,2.01622219189267,0.792554908504404,0.488303529244547,1
64,12,-1,1,2.01622219189267,0.792554908504404,0.340963387557613,1
64,13,-1,1,2.01622219189267,0.792554908504404,0.602718242936193,1
64,14,1,1,2.22827013085852,3.01392015109146,0.496788064262553,1
64,15,1,1,2.22827013085852,3.01392015109146,0.413955336892845,1
64,16,-1,1,2.01622219189267,0.792554908504404,1.3273974081122,1
64,17,-1,1,2.01622219189267,0.792554908504404,0.695602329689191,1
64,18,1,1,2.22827013085852,3.01392015109146,0.525429365078785,1
64,19,1,1,2.22827013085852,3.01392015109146,0.517140650912128,1
64,20,-1,1,2.01622219189267,0.792554908504404,0.970640193251213,1
64,21,-1,1,2.01622219189267,0.792554908504404,2.30778964053433,-1
64,22,1,-1,2.12383954845686,1.60878468298951,0.851922289533795,1
64,23,1,1,2.22827013085852,3.01392015109146,0.614947835709672,1
64,24,-1,1,2.01622219189267,0.792554908504404,1.64833167185664,1
64,25,1,1,2.22827013085852,3.01392015109146,0.422805333194865,1
64,26,-1,1,2.01622219189267,0.792554908504404,1.08038345829726,1
64,27,1,1,2.22827013085852,3.01392015109146,1.3137240809126,1
64,28,1,1,2.22827013085852,3.01392015109146,0.763544744959072,1
64,29,1,1,2.22827013085852,3.01392015109146,0.420882801854518,1
64,30,1,1,2.22827013085852,3.01392015109146,0.480902034322321,1
64,31,-1,1,2.01622219189267,0.792554908504404,0.407916359518576,1
64,32,-1,1,2.01622219189267,0.792554908504404,0.534934830704468,-1
64,33,1,-1,2.12383954845686,1.60878468298951,1.87827666139326,1
64,34,-1,1,2.01622219189267,0.792554908504404,0.670195356675911,1
64,35,1,1,2.22827013085852,3.01392015109146,0.50017790854579,-1
64,36,-1,-1,1.92172949334837,-0.615259742585376,1.25843297362459,-1
64,37,1,-1,2.12383954845686,1.60878468298951,1.03942749118736,1
64,38,1,1,2.22827013085852,3.01392015109146,0.393584530832438,1
64,39,1,1,2.22827013085852,3.01392015109146,0.479137341203439,1
64,40,1,1,2.22827013085852,3.01392015109146,0.680085113551094,1
64,41,-1,1,2.01622219189267,0.792554908504404,1.19664564498795,1
64,42,-1,1,2.01622219189267,0.792554908504404,0.953827963408763,1
64,43,1,1,2.22827013085852,3.01392015109146,0.635794446494056,1
64,44,-1,1,2.01622219189267,0.792554908504404,0.890941782206558,1
64,45,-1,1,2.01622219189267,0.792554908504404,1.13743805228169,-1
64,46,-1,-1,1.92172949334837,-0.615259742585376,0.579960746714045,-1
64,47,1,-1,2.12383954845686,1.60878468298951,0.742796984725357,1
64,48,-1,1,2.01622219189267,0.792554908504404,0.699086589963002,1
64,49,-1,1,2.01622219189267,0.792554908504404,1.16506745126813,1
64,50,1,1,2.22827013085852,3.01392015109146,0.476882530455343,1
64,51,-1,1,2.01622219189267,0.792554908504404,3.46865145053269,1
64,52,1,1,2.22827013085852,3.01392015109146,0.525660975101174,1
64,53,-1,1,2.01622219189267,0.792554908504404,1.09903086692656,1
64,54,1,1,2.22827013085852,3.01392015109146,0.414182639943359,1
64,55,-1,1,2.01622219189267,0.792554908504404,0.510870290143607,-1
64,56,1,-1,2.12383954845686,1.60878468298951,0.407123689931054,-1
64,57,-1,-1,1.92172949334837,-0.615259742585376,0.849564329770139,-1
64,58,-1,-1,1.92172949334837,-0.615259742585376,0.657625214275,-1
64,59,-1,-1,1.92172949334837,-0.615259742585376,1.29016303347569,-1
64,60,-1,-1,1.92172949334837,-0.615259742585376,0.700494031422143,-1
64,61,-1,-1,1.92172949334837,-0.615259742585376,0.6547996461569,-1
64,62,1,-1,2.12383954845686,1.60878468298951,0.638194939185594,1
64,63,-1,1,2.01622219189267,0.792554908504404,0.597568456965373,1
64,64,-1,1,2.01622219189267,0.792554908504404,2.58004685760355,1
64,65,1,1,2.22827013085852,3.01392015109146,0.886594707473459,1
64,66,1,1,2.22827013085852,3.01392015109146,0.860203468535615,1
64,67,1,1,2.22827013085852,3.01392015109146,0.753824983637132,1
64,68,-1,1,2.01622219189267,0.792554908504404,1.30847612128558,1
64,69,1,1,2.22827013085852,3.01392015109146,0.41954174397487,1
64,70,1,1,2.22827013085852,3.01392015109146,0.487169078623757,1
64,71,1,1,2.22827013085852,3.01392015109146,0.467115457267474,1
64,72,-1,1,2.01622219189267,0.792554908504404,0.793081956065926,1
64,73,-1,1,2.01622219189267,0.792554908504404,1.10230639918013,-1
64,74,-1,-1,1.92172949334837,-0.615259742585376,1.36320288000592,1
64,75,-1,1,2.01622219189267,0.792554908504404,0.692514612015915,-1
64,76,-1,-1,1.92172949334837,-0.615259742585376,2.35549040840152,-1
64,77,1,-1,2.12383954845686,1.60878468298951,0.57794892779899,1
64,78,-1,1,2.01622219189267,0.792554908504404,0.505277535278283,1
64,79,1,1,2.22827013085852,3.01392015109146,0.460962430003076,1
64,80,1,1,2.22827013085852,3.01392015109146,0.356135626169821,1
64,81,1,1,2.22827013085852,3.01392015109146,0.659453710697184,1
64,82,-1,1,2.01622219189267,0.792554908504404,0.610192188855132,1
64,83,-1,1,2.01622219189267,0.792554908504404,0.785764771756267,1
64,84,-1,1,2.01622219189267,0.792554908504404,1.28264450380452,-1
64,85,1,-1,2.12383954845686,1.60878468298951,0.711980872932078,1
64,86,-1,1,2.01622219189267,0.792554908504404,1.83017438568697,1
64,87,-1,1,2.01622219189267,0.792554908504404,1.21222585524549,-1
64,88,1,-1,2.12383954845686,1.60878468298951,0.604475544940411,1
64,89,1,1,2.22827013085852,3.01392015109146,0.372984570424783,1
64,90,1,1,2.22827013085852,3.01392015109146,0.481151582610382,1
64,91,1,1,2.22827013085852,3.01392015109146,0.540903444244091,1
64,92,-1,1,2.01622219189267,0.792554908504404,0.65104840962917,1
64,93,1,1,2.22827013085852,3.01392015109146,0.778177906065764,1
64,94,-1,1,2.01622219189267,0.792554908504404,0.489816107646728,1
64,95,1,1,2.22827013085852,3.01392015109146,0.510929050459588,1
64,96,1,1,2.22827013085852,3.01392015109146,0.449760497352323,1
64,97,1,1,2.22827013085852,3.01392015109146,0.433449352260435,1
64,98,-1,1,2.01622219189267,0.792554908504404,0.856893455037502,1
64,99,-1,1,2.01622219189267,0.792554908504404,0.536446633906955,1
64,100,-1,1,2.01622219189267,0.792554908504404,0.954725645035015,1
64,101,-1,1,2.01622219189267,0.792554908504404,1.15311196059759,1
65,2,1,1,1.75670416585589,2.36836664568463,0.648765727151833,1
65,3,1,1,1.75670416585589,2.36836664568463,0.650783158247184,1
65,4,1,1,1.75670416585589,2.36836664568463,0.365068080676229,1
65,5,-1,1,1.58953166168605,0.911422546335208,0.697575056546809,1
65,6,1,1,1.75670416585589,2.36836664568463,0.434809482052506,1
65,7,-1,1,1.58953166168605,0.911422546335208,0.327739143284464,1
65,8,1,1,1.75670416585589,2.36836664568463,0.379881056200001,1
65,9,1,1,1.75670416585589,2.36836664568463,0.611991827129665,1
65,10,-1,1,1.58953166168605,0.911422546335208,1.55941436641875,1
65,11,-1,1,1.58953166168605,0.911422546335208,0.379903528120707,1
65,12,-1,1,1.58953166168605,0.911422546335208,0.722756208865989,1
65,13,-1,1,1.58953166168605,0.911422546335208,0.273249235748886,1
65,14,-1,1,1.58953166168605,0.911422546335208,1.6723113587587,1
65,15,1,1,1.75670416585589,2.36836664568463,0.597024927457639,1
65,16,-1,1,1.58953166168605,0.911422546335208,0.349002302741409,1
65,17,-1,1,1.58953166168605,0.911422546335208,0.682095482905852,1
65,18,1,1,1.75670416585589,2.36836664568463,0.508256721841504,1
65,19,-1,1,1.58953166168605,0.911422546335208,0.460932727773015,-1
65,20,1,-1,1.67437409437705,2.48577485283116,1.0050329712618,1
65,21,1,1,1.75670416585589,2.36836664568463,0.808684967568183,1
65,22,1,1,1.75670416585589,2.36836664568463,0.482774747576913,1
65,23,1,1,1.75670416585589,2.36836664568463,0.397042480638518,1
65,24,1,1,1.75670416585589,2.36836664568463,0.492135097131069,1
65,25,-1,1,1.58953166168605,0.911422546335208,0.471537337668,1
65,26,-1,1,1.58953166168605,0.911422546335208,0.390326252455024,1
65,27,1,1,1.75670416585589,2.36836664568463,0.333633305933754,1
65,28,-1,1,1.58953166168605,0.911422546335208,0.517340582377123,-1
65,29,-1,-1,1.51503633238243,-0.965564044851001,0.575553112472034,-1
65,30,-1,-1,1.51503633238243,-0.965564044851001,0.643710998893668,-1
65,31,-1,-1,1.51503633238243,-0.965564044851001,1.66766292725933,-1
65,32,1,-1,1.67437409437705,2.48577485283116,0.561582378315459,1
65,33,-1,1,1.58953166168605,0.911422546335208,0.557872369717438,1
65,34,1,1,1.75670416585589,2.36836664568463,0.578581923081356,1
65,35,1,1,1.75670416585589,2.36836664568463,2.06145960744051,1
65,36,-1,1,1.58953166168605,0.911422546335208,1.66941375099171,1
65,37,1,1,1.75670416585589,2.36836664568463,1.11307807596024,-1
65,38,1,-1,1.67437409437705,2.48577485283116,0.427367206923267,1
65,39,1,1,1.75670416585589,2.36836664568463,0.688418716551532,1
65,40,1,1,1.75670416585589,2.36836664568463,0.366370049833461,1
65,41,-1,1,1.58953166168605,0.911422546335208,0.902918774239629,1
65,42,1,1,1.75670416585589,2.36836664568463,0.336693914374325,1
65,43,-1,1,1.58953166168605,0.911422546335208,0.522508712838354,1
65,44,-1,1,1.58953166168605,0.911422546335208,0.958625191941657,-1
65,45,1,-1,1.67437409437705,2.48577485283116,0.57369286393598,1
65,46,-1,1,1.58953166168605,0.911422546335208,0.473402950538445,-1
65,47,1,-1,1.67437409437705,2.48577485283116,0.441909140050059,1
65,48,-1,1,1.58953166168605,0.911422546335208,0.906511661457725,1
65,49,-1,1,1.58953166168605,0.911422546335208,0.89980691521138,-1
65,50,1,-1,1.67437409437705,2.48577485283116,0.626530574626377,1
65,51,1,1,1.75670416585589,2.36836664568463,0.831880239143325,1
65,52,1,1,1.75670416585589,2.36836664568463,0.646961893026499,1
65,53,-1,1,1.58953166168605,0.911422546335208,0.420810378290127,1
65,54,1,1,1.75670416585589,2.36836664568463,0.612538222178087,1
65,55,-1,1,1.58953166168605,0.911422546335208,1.32134659813883,1
65,56,-1,1,1.58953166168605,0.911422546335208,0.287382536837264,1
65,57,1,1,1.75670416585589,2.36836664568463,0.490204326584171,1
65,58,1,1,1.75670416585589,2.36836664568463,0.440100287966727,1
65,59,1,1,1.75670416585589,2.36836664568463,1.58194371956754,1
65,60,1,1,1.75670416585589,2.36836664568463,1.2549503546983,-1
65,61,-1,-1,1.51503633238243,-0.965564044851001,0.386770720015186,-1
65,62,1,-1,1.67437409437705,2.48577485283116,0.376206639505654,1
65,63,1,1,1.75670416585589,2.36836664568463,0.650817708446795,1
65,64,-1,1,1.58953166168605,0.911422546335208,0.414875627796984,-1
65,65,1,-1,1.67437409437705,2.48577485283116,0.474569056031734,1
65,66,1,1,1.75670416585589,2.36836664568463,0.886034557631374,1
65,67,-1,1,1.58953166168605,0.911422546335208,0.529369686503681,1
65,68,-1,1,1.58953166168605,0.911422546335208,0.670390343423394,1
65,69,-1,1,1.58953166168605,0.911422546335208,0.367217611061463,1
65,70,-1,1,1.58953166168605,0.911422546335208,0.889103612571975,-1
65,71,1,-1,1.67437409437705,2.48577485283116,0.372338794494858,-1
65,72,1,-1,1.67437409437705,2.48577485283116,0.352581850971342,1
65,73,1,1,1.75670416585589,2.36836664568463,0.394146471332196,1
65,74,-1,1,1.58953166168605,0.911422546335208,0.436909402185316,1
65,75,-1,1,1.58953166168605,0.911422546335208,0.449538621110746,1
65,76,1,1,1.75670416585589,2.36836664568463,0.658248688212312,1
65,77,1,1,1.75670416585589,2.36836664568463,0.523740229989323,1
65,78,1,1,1.75670416585589,2.36836664568463,0.486698622734524,1
65,79,-1,1,1.58953166168605,0.911422546335208,0.462192974532929,1
65,80,1,1,1.75670416585589,2.36836664568463,0.900803123593004,1
65,81,-1,1,1.58953166168605,0.911422546335208,0.380979616943659,-1
65,82,-1,-1,1.51503633238243,-0.965564044851001,0.826742324244486,-1
65,83,-1,-1,1.51503633238243,-0.965564044851001,0.709370747445769,-1
65,84,-1,-1,1.51503633238243,-0.965564044851001,0.425656625128023,-1
65,85,-1,-1,1.51503633238243,-0.965564044851001,0.358386047448726,-1
65,86,-1,-1,1.51503633238243,-0.965564044851001,0.801296194184221,-1
65,87,-1,-1,1.51503633238243,-0.965564044851001,0.320681751020718,-1
65,88,-1,-1,1.51503633238243,-0.965564044851001,0.465881680618174,-1
65,89,1,-1,1.67437409437705,2.48577485283116,0.52659529497271,1
65,90,1,1,1.75670416585589,2.36836664568463,0.454465473365612,1
65,91,1,1,1.75670416585589,2.36836664568463,0.755551158341119,1
65,92,1,1,1.75670416585589,2.36836664568463,0.54967348717627,1
65,93,-1,1,1.58953166168605,0.911422546335208,0.717049318210537,1
65,94,1,1,1.75670416585589,2.36836664568463,0.464916683120642,1
65,95,-1,1,1.58953166168605,0.911422546335208,0.688556362086791,1
65,96,-1,1,1.58953166168605,0.911422546335208,1.45340738938443,1
65,97,-1,1,1.58953166168605,0.911422546335208,0.732217882730283,1
65,98,1,1,1.75670416585589,2.36836664568463,0.371602524450084,1
65,99,1,1,1.75670416585589,2.36836664568463,0.643743696860333,1
65,100,-1,1,1.58953166168605,0.911422546335208,0.713524855377008,-1
65,101,-1,-1,1.51503633238243,-0.965564044851001,1.64109371651845,-1
66,2,1,1,2.45651358595508,2.53026992893978,0.394422815240128,1
66,3,1,1,2.45651358595508,2.53026992893978,0.666651011041307,1
66,4,1,1,2.45651358595508,2.53026992893978,1.28320020538922,1
66,5,-1,1,2.22274541048585,0.0274392480262417,0.358867319120477,1
66,6,-1,1,2.22274541048585,0.0274392480262417,0.394544115282025,1
66,7,1,1,2.45651358595508,2.53026992893978,0.384065897118396,1
66,8,-1,1,2.22274541048585,0.0274392480262417,3.00879212738393,1
66,9,-1,1,2.22274541048585,0.0274392480262417,0.673212709356398,-1
66,10,1,-1,2.34138609718871,1.74692524367647,0.684028681156888,1
66,11,-1,1,2.22274541048585,0.0274392480262417,1.11007099249278,1
66,12,-1,1,2.22274541048585,0.0274392480262417,1.36878731324687,1
66,13,1,1,2.45651358595508,2.53026992893978,0.497756554583568,1
66,14,-1,1,2.22274541048585,0.0274392480262417,0.942753516678485,-1
66,15,1,-1,2.34138609718871,1.74692524367647,0.437153813661447,1
66,16,-1,1,2.22274541048585,0.0274392480262417,1.72545863504454,1
66,17,-1,1,2.22274541048585,0.0274392480262417,1.04754506380605,1
66,18,1,1,2.45651358595508,2.53026992893978,1.26491478853909,1
66,19,-1,1,2.22274541048585,0.0274392480262417,2.51102358101806,-1
66,20,1,-1,2.34138609718871,1.74692524367647,0.4560894636993,1
66,21,1,1,2.45651358595508,2.53026992893978,1.02579083252029,1
66,22,1,1,2.45651358595508,2.53026992893978,0.520703217876838,1
66,23,-1,1,2.22274541048585,0.0274392480262417,0.400131631191782,1
66,24,1,1,2.45651358595508,2.53026992893978,0.607611199332928,1
66,25,1,1,2.45651358595508,2.53026992893978,0.369492292616508,1
66,26,-1,1,2.22274541048585,0.0274392480262417,2.32101142633285,1
66,27,-1,1,2.22274541048585,0.0274392480262417,1.18222427678759,-1
66,28,-1,-1,2.11857375080552,0.495365579357506,1.13570607051645,1
66,29,1,1,2.45651358595508,2.53026992893978,0.800283158547605,1
66,30,-1,1,2.22274541048585,0.0274392480262417,1.18904954498802,1
66,31,1,1,2.45651358595508,2.53026992893978,0.839325719991119,1
66,32,-1,1,2.22274541048585,0.0274392480262417,1.09030761720769,-1
66,33,1,-1,2.34138609718871,1.74692524367647,1.01365225014842,1
66,34,-1,1,2.22274541048585,0.0274392480262417,0.532943875056542,-1
66,35,1,-1,2.34138609718871,1.74692524367647,0.696315678587673,1
66,36,1,1,2.45651358595508,2.53026992893978,0.464960019337763,1
66,37,1,1,2.45651358595508,2.53026992893978,0.360033678816092,1
66,38,-1,1,2.22274541048585,0.0274392480262417,1.14461648216642,-1
66,39,-1,-1,2.11857375080552,0.495365579357506,3.13131889450247,1
66,40,-1,1,2.22274541048585,0.0274392480262417,1.27876781010106,1
66,41,1,1,2.45651358595508,2.53026992893978,0.691923549177747,1
66,42,-1,1,2.22274541048585,0.0274392480262417,0.672111168010644,-1
66,43,-1,-1,2.11857375080552,0.495365579357506,0.716895858716256,-1
66,44,-1,-1,2.11857375080552,0.495365579357506,0.309290605418248,1
66,45,1,1,2.45651358595508,2.53026992893978,0.702484203451594,1
66,46,1,1,2.45651358595508,2.53026992893978,0.615834079670813,1
66,47,1,1,2.45651358595508,2.53026992893978,0.534049372075009,1
66,48,1,1,2.45651358595508,2.53026992893978,0.555106672790893,1
66,49,1,1,2.45651358595508,2.53026992893978,0.412106340995923,1
66,50,1,1,2.45651358595508,2.53026992893978,0.418218013435145,1
66,51,1,1,2.45651358595508,2.53026992893978,0.605392498589543,1
66,52,-1,1,2.22274541048585,0.0274392480262417,0.475519062834188,1
66,53,-1,1,2.22274541048585,0.0274392480262417,2.68601026387195,-1
66,54,-1,-1,2.11857375080552,0.495365579357506,0.327238247463839,1
66,55,1,1,2.45651358595508,2.53026992893978,0.37377869075487,1
66,56,-1,1,2.22274541048585,0.0274392480262417,2.36551922311374,-1
66,57,1,-1,2.34138609718871,1.74692524367647,0.381097798562324,1
66,58,1,1,2.45651358595508,2.53026992893978,0.672382322929678,1
66,59,-1,1,2.22274541048585,0.0274392480262417,0.346551304600605,-1
66,60,-1,-1,2.11857375080552,0.495365579357506,2.09849057634062,-1
66,61,1,-1,2.34138609718871,1.74692524367647,0.939388378303635,1
66,62,-1,1,2.22274541048585,0.0274392480262417,1.65572262767781,-1
66,63,-1,-1,2.11857375080552,0.495365579357506,0.388422669623364,1
66,64,-1,1,2.22274541048585,0.0274392480262417,1.23973304373059,-1
66,65,-1,-1,2.11857375080552,0.495365579357506,0.817065334614819,1
66,66,-1,1,2.22274541048585,0.0274392480262417,1.00818276081139,-1
66,67,-1,-1,2.11857375080552,0.495365579357506,1.36869201050949,1
66,68,-1,1,2.22274541048585,0.0274392480262417,1.89971422895617,-1
66,69,1,-1,2.34138609718871,1.74692524367647,0.391069858774128,1
66,70,1,1,2.45651358595508,2.53026992893978,0.538773958976928,1
66,71,1,1,2.45651358595508,2.53026992893978,0.762392380244104,1
66,72,-1,1,2.22274541048585,0.0274392480262417,0.951474969155253,1
66,73,1,1,2.45651358595508,2.53026992893978,0.675565732573297,1
66,74,-1,1,2.22274541048585,0.0274392480262417,0.813234628016489,-1
66,75,1,-1,2.34138609718871,1.74692524367647,0.83417072473008,1
66,76,-1,1,2.22274541048585,0.0274392480262417,0.614914580683552,-1
66,77,1,-1,2.34138609718871,1.74692524367647,0.531329919772358,1
66,78,-1,1,2.22274541048585,0.0274392480262417,2.31574990011314,-1
66,79,1,-1,2.34138609718871,1.74692524367647,0.437950360714529,-1
66,80,1,-1,2.34138609718871,1.74692524367647,0.601884553497184,1
66,81,1,1,2.45651358595508,2.53026992893978,1.03388911079206,1
66,82,1,1,2.45651358595508,2.53026992893978,0.92835228314726,1
66,83,-1,1,2.22274541048585,0.0274392480262417,1.09755632896025,-1
66,84,1,-1,2.34138609718871,1.74692524367647,1.31729856256206,1
66,85,1,1,2.45651358595508,2.53026992893978,1.16944965641095,1
66,86,-1,1,2.22274541048585,0.0274392480262417,0.708935314791363,-1
66,87,1,-1,2.34138609718871,1.74692524367647,0.576056941555913,1
66,88,1,1,2.45651358595508,2.53026992893978,0.809437638911836,1
66,89,1,1,2.45651358595508,2.53026992893978,0.347745341031953,1
66,90,1,1,2.45651358595508,2.53026992893978,0.526621305000164,1
66,91,1,1,2.45651358595508,2.53026992893978,0.594415738257133,1
66,92,1,1,2.45651358595508,2.53026992893978,1.40624209210995,1
66,93,-1,1,2.22274541048585,0.0274392480262417,0.813714382481916,1
66,94,-1,1,2.22274541048585,0.0274392480262417,0.610784295774798,-1
66,95,-1,-1,2.11857375080552,0.495365579357506,1.23159090868961,1
66,96,-1,1,2.22274541048585,0.0274392480262417,0.749293291967769,-1
66,97,-1,-1,2.11857375080552,0.495365579357506,4.79061103697301,-1
66,98,-1,-1,2.11857375080552,0.495365579357506,0.35963370700556,-1
66,99,-1,-1,2.11857375080552,0.495365579357506,0.556833795936145,-1
66,100,-1,-1,2.11857375080552,0.495365579357506,0.441761595644975,1
66,101,1,1,2.45651358595508,2.53026992893978,0.365503169282611,1
67,2,-1,1,1.56185089625953,-0.0830982304908516,0.631998953871017,-1
67,3,-1,-1,1.48865285960224,-0.178173279508903,0.366978665407192,1
67,4,-1,1,1.56185089625953,-0.0830982304908516,0.39825486694822,1
67,5,-1,1,1.56185089625953,-0.0830982304908516,0.347462387602116,-1
67,6,-1,-1,1.48865285960224,-0.178173279508903,1.80339786107678,1
67,7,1,1,1.72611218891642,4.1044123172502,0.405830449514233,1
67,8,1,1,1.72611218891642,4.1044123172502,0.509531002596233,1
67,9,1,1,1.72611218891642,4.1044123172502,0.557688125874483,1
67,10,1,1,1.72611218891642,4.1044123172502,0.356281721491952,1
67,11,1,1,1.72611218891642,4.1044123172502,0.47682030012588,1
67,12,-1,1,1.56185089625953,-0.0830982304908516,0.946598417375946,1
67,13,-1,1,1.56185089625953,-0.0830982304908516,0.567183973194659,1
67,14,-1,1,1.56185089625953,-0.0830982304908516,0.695356137119388,-1
67,15,-1,-1,1.48865285960224,-0.178173279508903,0.417938800965508,1
67,16,1,1,1.72611218891642,4.1044123172502,0.415744530984627,1
67,17,1,1,1.72611218891642,4.1044123172502,0.593185163154305,1
67,18,1,1,1.72611218891642,4.1044123172502,0.341049240562825,1
67,19,-1,1,1.56185089625953,-0.0830982304908516,0.52782838251259,-1
67,20,1,-1,1.64521584754255,0.956859192749552,0.494822923848307,1
67,21,1,1,1.72611218891642,4.1044123172502,0.415794923789172,1
67,22,-1,1,1.56185089625953,-0.0830982304908516,0.909169187360784,-1
67,23,1,-1,1.64521584754255,0.956859192749552,0.46486738667873,-1
67,24,1,-1,1.64521584754255,0.956859192749552,0.92894605638178,1
67,25,-1,1,1.56185089625953,-0.0830982304908516,0.632839886308149,1
67,26,-1,1,1.56185089625953,-0.0830982304908516,0.517147068612234,-1
67,27,-1,-1,1.48865285960224,-0.178173279508903,0.430576589676698,1
67,28,1,1,1.72611218891642,4.1044123172502,0.528469893569316,1
67,29,1,1,1.72611218891642,4.1044123172502,0.77066885153141,1
67,30,1,1,1.72611218891642,4.1044123172502,0.559016845770035,1
67,31,1,1,1.72611218891642,4.1044123172502,0.61480649889923,1
67,32,1,1,1.72611218891642,4.1044123172502,0.394696773034246,1
67,33,-1,1,1.56185089625953,-0.0830982304908516,0.551236852632299,1
67,34,1,1,1.72611218891642,4.1044123172502,0.407046550057356,1
67,35,1,1,1.72611218891642,4.1044123172502,0.484829394604497,1
67,36,-1,1,1.56185089625953,-0.0830982304908516,1.65892689932742,1
67,37,1,1,1.72611218891642,4.1044123172502,0.535746013194985,1
67,38,1,1,1.72611218891642,4.1044123172502,0.527604353951622,1
67,39,-1,1,1.56185089625953,-0.0830982304908516,0.620084111607469,-1
67,40,1,-1,1.64521584754255,0.956859192749552,1.07370694458032,1
67,41,1,1,1.72611218891642,4.1044123172502,0.587832107558946,1
67,42,-1,1,1.56185089625953,-0.0830982304908516,0.67010768276812,-1
67,43,-1,-1,1.48865285960224,-0.178173279508903,1.12758601852682,1
67,44,1,1,1.72611218891642,4.1044123172502,0.331220705192787,1
67,45,-1,1,1.56185089625953,-0.0830982304908516,0.395402020908845,-1
67,46,-1,-1,1.48865285960224,-0.178173279508903,0.398600806889354,1
67,47,-1,1,1.56185089625953,-0.0830982304908516,1.33426936802327,1
67,48,-1,1,1.56185089625953,-0.0830982304908516,0.749068858793981,-1
67,49,-1,-1,1.48865285960224,-0.178173279508903,0.429300622998192,-1
67,50,1,-1,1.64521584754255,0.956859192749552,0.477932591775838,1
67,51,1,1,1.72611218891642,4.1044123172502,0.39032629063178,1
67,52,-1,1,1.56185089625953,-0.0830982304908516,0.589203301937268,1
67,53,1,1,1.72611218891642,4.1044123172502,0.437001675222986,1
67,54,-1,1,1.56185089625953,-0.0830982304908516,1.49687191630158,-1
67,55,-1,-1,1.48865285960224,-0.178173279508903,0.583301470774178,-1
67,56,1,-1,1.64521584754255,0.956859192749552,1.6274158549116,-1
67,57,1,-1,1.64521584754255,0.956859192749552,0.870720192277644,1
67,58,-1,1,1.56185089625953,-0.0830982304908516,0.763587285054782,-1
67,59,1,-1,1.64521584754255,0.956859192749552,0.642721120731749,1
67,60,-1,1,1.56185089625953,-0.0830982304908516,0.718657526127451,-1
67,61,1,-1,1.64521584754255,0.956859192749552,0.561720210433706,1
67,62,-1,1,1.56185089625953,-0.0830982304908516,0.631889110920255,-1
67,63,-1,-1,1.48865285960224,-0.178173279508903,0.498745486598366,-1
67,64,-1,-1,1.48865285960224,-0.178173279508903,1.12328562827562,1
67,65,-1,1,1.56185089625953,-0.0830982304908516,1.43180370792125,-1
67,66,-1,-1,1.48865285960224,-0.178173279508903,0.782038480626787,-1
67,67,1,-1,1.64521584754255,0.956859192749552,0.831166497794356,1
67,68,1,1,1.72611218891642,4.1044123172502,0.436132712728756,1
67,69,-1,1,1.56185089625953,-0.0830982304908516,1.66533879384464,-1
67,70,1,-1,1.64521584754255,0.956859192749552,0.430468099062416,1
67,71,1,1,1.72611218891642,4.1044123172502,0.438228741884242,1
67,72,1,1,1.72611218891642,4.1044123172502,0.465758140716484,1
67,73,-1,1,1.56185089625953,-0.0830982304908516,0.778873153502606,-1
67,74,-1,-1,1.48865285960224,-0.178173279508903,1.36440201375798,1
67,75,1,1,1.72611218891642,4.1044123172502,0.403833016855415,1
67,76,1,1,1.72611218891642,4.1044123172502,0.432849652965581,1
67,77,-1,1,1.56185089625953,-0.0830982304908516,0.677726738451319,1
67,78,1,1,1.72611218891642,4.1044123172502,0.37948826181524,1
67,79,1,1,1.72611218891642,4.1044123172502,0.439268569454116,1
67,80,-1,1,1.56185089625953,-0.0830982304908516,0.430947899364168,1
67,81,1,1,1.72611218891642,4.1044123172502,0.447637606259874,1
67,82,1,1,1.72611218891642,4.1044123172502,0.478844632989067,1
67,83,-1,1,1.56185089625953,-0.0830982304908516,1.91932957835498,-1
67,84,1,-1,1.64521584754255,0.956859192749552,1.19705509532539,1
67,85,-1,1,1.56185089625953,-0.0830982304908516,0.701407466103796,1
67,86,-1,1,1.56185089625953,-0.0830982304908516,0.426099902826783,-1
67,87,1,-1,1.64521584754255,0.956859192749552,0.521780940728759,1
67,88,1,1,1.72611218891642,4.1044123172502,0.454241142637259,1
67,89,-1,1,1.56185089625953,-0.0830982304908516,0.479434431844894,1
67,90,-1,1,1.56185089625953,-0.0830982304908516,0.368438973065356,1
67,91,1,1,1.72611218891642,4.1044123172502,0.731450403489314,1
67,92,1,1,1.72611218891642,4.1044123172502,0.464399894800511,1
67,93,-1,1,1.56185089625953,-0.0830982304908516,1.59477661143903,1
67,94,1,1,1.72611218891642,4.1044123172502,0.484959501669975,1
67,95,-1,1,1.56185089625953,-0.0830982304908516,1.4811754635175,-1
67,96,1,-1,1.64521584754255,0.956859192749552,0.588864298010771,1
67,97,-1,1,1.56185089625953,-0.0830982304908516,0.509005933227985,1
67,98,-1,1,1.56185089625953,-0.0830982304908516,0.867402592668753,-1
67,99,1,-1,1.64521584754255,0.956859192749552,0.590644596108453,1
67,100,-1,1,1.56185089625953,-0.0830982304908516,0.410711648422098,1
67,101,-1,1,1.56185089625953,-0.0830982304908516,1.21035261570763,-1
68,2,1,1,2.13846412166149,3.18362163296161,0.843033739076117,1
68,3,-1,1,1.93496235440672,0.786930185453844,0.74425070223212,1
68,4,1,1,2.13846412166149,3.18362163296161,0.574304588714427,1
68,5,-1,1,1.93496235440672,0.786930185453844,0.609514516996294,-1
68,6,1,-1,2.03824240680859,1.09807654882671,0.578131675102155,1
68,7,1,1,2.13846412166149,3.18362163296161,0.542513584531476,1
68,8,-1,1,1.93496235440672,0.786930185453844,0.506459050907708,1
68,9,1,1,2.13846412166149,3.18362163296161,0.640032236690802,1
68,10,-1,1,1.93496235440672,0.786930185453844,1.45134170109276,1
68,11,1,1,2.13846412166149,3.18362163296161,0.409293066020706,1
68,12,-1,1,1.93496235440672,0.786930185453844,1.0308540297279,1
68,13,-1,1,1.93496235440672,0.786930185453844,0.707387351846046,1
68,14,1,1,2.13846412166149,3.18362163296161,0.425299120546602,1
68,15,-1,1,1.93496235440672,0.786930185453844,0.789908793407026,1
68,16,1,1,2.13846412166149,3.18362163296161,0.377350281168864,1
68,17,-1,1,1.93496235440672,0.786930185453844,0.319906206609267,1
68,18,-1,1,1.93496235440672,0.786930185453844,0.6071887456062,-1
68,19,1,-1,2.03824240680859,1.09807654882671,1.32498940331533,1
68,20,1,1,2.13846412166149,3.18362163296161,0.751676669470577,1
68,21,-1,1,1.93496235440672,0.786930185453844,1.59438814481369,-1
68,22,-1,-1,1.84427799670808,-0.268628367242165,1.53672324184485,-1
68,23,1,-1,2.03824240680859,1.09807654882671,0.881252255632245,1
68,24,-1,1,1.93496235440672,0.786930185453844,0.526758739613011,1
68,25,-1,1,1.93496235440672,0.786930185453844,1.15573501771938,1
68,26,1,1,2.13846412166149,3.18362163296161,0.736102400606696,1
68,27,1,1,2.13846412166149,3.18362163296161,0.434172386094542,1
68,28,-1,1,1.93496235440672,0.786930185453844,0.41054566332784,1
68,29,1,1,2.13846412166149,3.18362163296161,0.337885245373144,1
68,30,-1,1,1.93496235440672,0.786930185453844,0.838440842984518,-1
68,31,1,-1,2.03824240680859,1.09807654882671,0.459087526546754,1
68,32,1,1,2.13846412166149,3.18362163296161,0.561015045880737,1
68,33,1,1,2.13846412166149,3.18362163296161,0.331428517046461,1
68,34,1,1,2.13846412166149,3.18362163296161,0.557604061215082,1
68,35,1,1,2.13846412166149,3.18362163296161,0.591018986358748,1
68,36,1,1,2.13846412166149,3.18362163296161,0.377435895097023,1
68,37,-1,1,1.93496235440672,0.786930185453844,0.592282830490997,1
68,38,1,1,2.13846412166149,3.18362163296161,1.18191102298274,1
68,39,-1,1,1.93496235440672,0.786930185453844,0.715540505461787,1
68,40,-1,1,1.93496235440672,0.786930185453844,0.408226470704702,1
68,41,1,1,2.13846412166149,3.18362163296161,0.465157102258027,1
68,42,-1,1,1.93496235440672,0.786930185453844,0.43351372788724,1
68,43,-1,1,1.93496235440672,0.786930185453844,0.625599679099519,1
68,44,-1,1,1.93496235440672,0.786930185453844,1.85696565240912,-1
68,45,-1,-1,1.84427799670808,-0.268628367242165,0.591718349484851,-1
68,46,1,-1,2.03824240680859,1.09807654882671,0.606862833121742,1
68,47,-1,1,1.93496235440672,0.786930185453844,1.17438769910595,1
68,48,-1,1,1.93496235440672,0.786930185453844,1.50286477951804,1
68,49,-1,1,1.93496235440672,0.786930185453844,0.48177599171358,1
68,50,-1,1,1.93496235440672,0.786930185453844,1.16583224303103,1
68,51,-1,1,1.93496235440672,0.786930185453844,0.582832971557258,1
68,52,-1,1,1.93496235440672,0.786930185453844,0.380116233944742,1
68,53,1,1,2.13846412166149,3.18362163296161,0.867140280524569,1
68,54,1,1,2.13846412166149,3.18362163296161,0.357707133922872,1
68,55,1,1,2.13846412166149,3.18362163296161,0.692550089126086,1
68,56,-1,1,1.93496235440672,0.786930185453844,1.34530020706859,1
68,57,1,1,2.13846412166149,3.18362163296161,0.852218955183404,1
68,58,1,1,2.13846412166149,3.18362163296161,0.361514517222617,1
68,59,-1,1,1.93496235440672,0.786930185453844,2.22255240635672,1
68,60,1,1,2.13846412166149,3.18362163296161,0.800635703251681,1
68,61,-1,1,1.93496235440672,0.786930185453844,0.643983572652552,-1
68,62,1,-1,2.03824240680859,1.09807654882671,0.826688647645209,1
68,63,1,1,2.13846412166149,3.18362163296161,0.65716718854934,1
68,64,-1,1,1.93496235440672,0.786930185453844,0.457259271312106,-1
68,65,1,-1,2.03824240680859,1.09807654882671,1.28401138465795,1
68,66,-1,1,1.93496235440672,0.786930185453844,0.477512583155204,1
68,67,1,1,2.13846412166149,3.18362163296161,0.325623008776159,1
68,68,1,1,2.13846412166149,3.18362163296161,0.416754083190586,1
68,69,-1,1,1.93496235440672,0.786930185453844,0.545649580194932,1
68,70,-1,1,1.93496235440672,0.786930185453844,0.304126934774376,1
68,71,-1,1,1.93496235440672,0.786930185453844,1.71691993152906,1
68,72,-1,1,1.93496235440672,0.786930185453844,0.653667271230557,1
68,73,-1,1,1.93496235440672,0.786930185453844,1.00830433826932,-1
68,74,1,-1,2.03824240680859,1.09807654882671,1.58384621610668,1
68,75,1,1,2.13846412166149,3.18362163296161,0.58954005093566,1
68,76,-1,1,1.93496235440672,0.786930185453844,0.912618979331004,1
68,77,-1,1,1.93496235440672,0.786930185453844,0.426344693434136,-1
68,78,1,-1,2.03824240680859,1.09807654882671,0.481266757875696,1
68,79,-1,1,1.93496235440672,0.786930185453844,1.22039055702778,1
68,80,-1,1,1.93496235440672,0.786930185453844,0.58762831951764,1
68,81,-1,1,1.93496235440672,0.786930185453844,0.55251103246924,1
68,82,1,1,2.13846412166149,3.18362163296161,0.982579266789822,1
68,83,1,1,2.13846412166149,3.18362163296161,0.338840792377736,1
68,84,-1,1,1.93496235440672,0.786930185453844,0.51823507797796,1
68,85,1,1,2.13846412166149,3.18362163296161,0.6613464970807,1
68,86,-1,1,1.93496235440672,0.786930185453844,0.518324851857236,1
68,87,1,1,2.13846412166149,3.18362163296161,0.731990324644845,1
68,88,1,1,2.13846412166149,3.18362163296161,0.35127954430797,1
68,89,1,1,2.13846412166149,3.18362163296161,0.850071445764008,1
68,90,1,1,2.13846412166149,3.18362163296161,0.382821384896334,1
68,91,-1,1,1.93496235440672,0.786930185453844,0.770525856519991,1
68,92,-1,1,1.93496235440672,0.786930185453844,1.44869555696752,1
68,93,1,1,2.13846412166149,3.18362163296161,0.465123030258656,1
68,94,-1,1,1.93496235440672,0.786930185453844,0.650464309654844,1
68,95,1,1,2.13846412166149,3.18362163296161,0.406771397181969,1
68,96,-1,1,1.93496235440672,0.786930185453844,1.21716403799622,1
68,97,-1,1,1.93496235440672,0.786930185453844,0.600304250264594,1
68,98,1,1,2.13846412166149,3.18362163296161,0.506720210131781,1
68,99,1,1,2.13846412166149,3.18362163296161,1.15995348517035,1
68,100,1,1,2.13846412166149,3.18362163296161,0.59534499335633,1
68,101,1,1,2.13846412166149,3.18362163296161,0.369647958973881,1
69,2,1,1,2.02727571471586,1.56840068123851,1.09818011038336,1
69,3,-1,1,1.8343549233505,2.24965760800181,0.626488427674392,1
69,4,1,1,2.02727571471586,1.56840068123851,1.82147750979923,1
69,5,-1,1,1.8343549233505,2.24965760800181,0.586407745600201,1
69,6,-1,1,1.8343549233505,2.24965760800181,0.393881176757752,1
69,7,-1,1,1.8343549233505,2.24965760800181,0.754837317298907,1
69,8,-1,1,1.8343549233505,2.24965760800181,0.787159879065277,1
69,9,-1,1,1.8343549233505,2.24965760800181,0.410009042272754,1
69,10,-1,1,1.8343549233505,2.24965760800181,1.28844286869812,1
69,11,-1,1,1.8343549233505,2.24965760800181,0.428094778062053,1
69,12,1,1,2.02727571471586,1.56840068123851,0.515676093567282,1
69,13,1,1,2.02727571471586,1.56840068123851,0.950921608604301,1
69,14,1,1,2.02727571471586,1.56840068123851,0.671007783917619,1
69,15,-1,1,1.8343549233505,2.24965760800181,0.818907135688006,1
69,16,-1,1,1.8343549233505,2.24965760800181,0.39192479530955,1
69,17,-1,1,1.8343549233505,2.24965760800181,0.520005869248658,1
69,18,1,1,2.02727571471586,1.56840068123851,0.415240537023282,1
69,19,1,1,2.02727571471586,1.56840068123851,0.377118218281501,1
69,20,-1,1,1.8343549233505,2.24965760800181,0.40418825099306,1
69,21,1,1,2.02727571471586,1.56840068123851,0.356712064413536,1
69,22,1,1,2.02727571471586,1.56840068123851,1.73711679144298,1
69,23,-1,1,1.8343549233505,2.24965760800181,0.401179395927503,1
69,24,1,1,2.02727571471586,1.56840068123851,0.865734414982583,1
69,25,-1,1,1.8343549233505,2.24965760800181,0.511604902179876,1
69,26,-1,1,1.8343549233505,2.24965760800181,0.402392151006523,1
69,27,1,1,2.02727571471586,1.56840068123851,0.31522365427669,1
69,28,-1,1,1.8343549233505,2.24965760800181,0.583508245671464,1
69,29,1,1,2.02727571471586,1.56840068123851,0.795769780624703,1
69,30,-1,1,1.8343549233505,2.24965760800181,0.460641717272041,1
69,31,1,1,2.02727571471586,1.56840068123851,0.520974092330745,1
69,32,-1,1,1.8343549233505,2.24965760800181,0.272052808865929,1
69,33,-1,1,1.8343549233505,2.24965760800181,0.321951345084588,1
69,34,1,1,2.02727571471586,1.56840068123851,1.09461283510039,1
69,35,1,1,2.02727571471586,1.56840068123851,0.785528714607542,1
69,36,-1,1,1.8343549233505,2.24965760800181,0.36951459932183,1
69,37,1,1,2.02727571471586,1.56840068123851,0.627553420122892,1
69,38,1,1,2.02727571471586,1.56840068123851,0.588250096984452,1
69,39,1,1,2.02727571471586,1.56840068123851,0.622401995934903,1
69,40,1,1,2.02727571471586,1.56840068123851,0.248003895682903,1
69,41,1,1,2.02727571471586,1.56840068123851,0.502973622243842,1
69,42,-1,1,1.8343549233505,2.24965760800181,0.580921133558857,1
69,43,1,1,2.02727571471586,1.56840068123851,0.996777617444545,1
69,44,1,1,2.02727571471586,1.56840068123851,0.889782271464685,1
69,45,1,1,2.02727571471586,1.56840068123851,0.849319036207763,1
69,46,-1,1,1.8343549233505,2.24965760800181,0.850764329245543,1
69,47,-1,1,1.8343549233505,2.24965760800181,0.468973872466728,1
69,48,1,1,2.02727571471586,1.56840068123851,0.5691808006606,-1
69,49,1,-1,1.93226497941738,-0.118877777991661,0.532522139862446,1
69,50,-1,1,1.8343549233505,2.24965760800181,0.353228912738816,1
69,51,-1,1,1.8343549233505,2.24965760800181,0.996102497246914,-1
69,52,-1,-1,1.74838565493733,1.10081948875134,0.371637508619464,1
69,53,1,1,2.02727571471586,1.56840068123851,0.970040619168809,1
69,54,-1,1,1.8343549233505,2.24965760800181,0.423740761546729,1
69,55,-1,1,1.8343549233505,2.24965760800181,0.599292200887557,1
69,56,-1,1,1.8343549233505,2.24965760800181,1.1836070874686,1
69,57,1,1,2.02727571471586,1.56840068123851,0.613883675726512,1
69,58,1,1,2.02727571471586,1.56840068123851,1.15618448328187,1
69,59,1,1,2.02727571471586,1.56840068123851,0.608769897710514,1
69,60,1,1,2.02727571471586,1.56840068123851,0.442177120637397,1
69,61,1,1,2.02727571471586,1.56840068123851,1.85306437969112,1
69,62,1,1,2.02727571471586,1.56840068123851,1.88812834234775,1
69,63,1,1,2.02727571471586,1.56840068123851,0.725934718983685,1
69,64,1,1,2.02727571471586,1.56840068123851,0.663641179216338,1
69,65,1,1,2.02727571471586,1.56840068123851,1.40818318084874,1
69,66,-1,1,1.8343549233505,2.24965760800181,1.35975507200258,1
69,67,-1,1,1.8343549233505,2.24965760800181,0.398641154567635,1
69,68,-1,1,1.8343549233505,2.24965760800181,0.547359507225544,1
69,69,-1,1,1.8343549233505,2.24965760800181,0.38154091047881,1
69,70,-1,1,1.8343549233505,2.24965760800181,0.334858433892215,1
69,71,-1,1,1.8343549233505,2.24965760800181,0.324066110245045,1
69,72,-1,1,1.8343549233505,2.24965760800181,0.545968107414357,1
69,73,1,1,2.02727571471586,1.56840068123851,0.516782238691615,1
69,74,1,1,2.02727571471586,1.56840068123851,0.942824854010913,1
69,75,-1,1,1.8343549233505,2.24965760800181,1.24983668034212,1
69,76,-1,1,1.8343549233505,2.24965760800181,0.488632541813556,1
69,77,-1,1,1.8343549233505,2.24965760800181,0.415486233419675,1
69,78,1,1,2.02727571471586,1.56840068123851,2.53918705754609,1
69,79,1,1,2.02727571471586,1.56840068123851,0.868050158000154,1
69,80,-1,1,1.8343549233505,2.24965760800181,0.804684936960465,1
69,81,-1,1,1.8343549233505,2.24965760800181,0.458670769189297,1
69,82,1,1,2.02727571471586,1.56840068123851,1.00973445345821,1
69,83,-1,1,1.8343549233505,2.24965760800181,0.450995984006941,1
69,84,-1,1,1.8343549233505,2.24965760800181,0.439651634463942,1
69,85,1,1,2.02727571471586,1.56840068123851,0.833723177496389,1
69,86,-1,1,1.8343549233505,2.24965760800181,0.428575149333779,1
69,87,-1,1,1.8343549233505,2.24965760800181,0.302090021779599,1
69,88,1,1,2.02727571471586,1.56840068123851,1.49286934673801,1
69,89,1,1,2.02727571471586,1.56840068123851,0.464571650858694,1
69,90,1,1,2.02727571471586,1.56840068123851,1.40366705033507,1
69,91,-1,1,1.8343549233505,2.24965760800181,0.466619547961582,1
69,92,1,1,2.02727571471586,1.56840068123851,0.953053863733668,1
69,93,1,1,2.02727571471586,1.56840068123851,0.780279967407635,1
69,94,-1,1,1.8343549233505,2.24965760800181,0.382944596537037,1
69,95,-1,1,1.8343549233505,2.24965760800181,0.71793500746904,1
69,96,-1,1,1.8343549233505,2.24965760800181,0.689344185308551,1
69,97,1,1,2.02727571471586,1.56840068123851,1.64317993593978,1
69,98,1,1,2.02727571471586,1.56840068123851,0.388297955081978,-1
69,99,-1,-1,1.74838565493733,1.10081948875134,0.39716840817579,1
69,100,1,1,2.02727571471586,1.56840068123851,0.783996343234088,1
69,101,1,1,2.02727571471586,1.56840068123851,0.769506950420434,1
70,2,1,1,1.99641208915721,3.49852854751114,0.929912468668183,1
70,3,-1,1,1.80642836008878,0.70508477045524,0.861752228501297,1
70,4,1,1,1.99641208915721,3.49852854751114,0.761471053396065,1
70,5,-1,1,1.80642836008878,0.70508477045524,0.96661418657792,-1
70,6,1,-1,1.90284781510572,0.176051500466302,0.970552290220246,1
70,7,1,1,1.99641208915721,3.49852854751114,0.555137772375996,1
70,8,-1,1,1.80642836008878,0.70508477045524,0.762659164994667,1
70,9,1,1,1.99641208915721,3.49852854751114,0.591217214436242,1
70,10,-1,1,1.80642836008878,0.70508477045524,0.505619231604369,1
70,11,1,1,1.99641208915721,3.49852854751114,0.551652879798224,1
70,12,1,1,1.99641208915721,3.49852854751114,0.547434727922,1
70,13,-1,1,1.80642836008878,0.70508477045524,0.639479646415534,1
70,14,1,1,1.99641208915721,3.49852854751114,0.616612937824992,1
70,15,1,1,1.99641208915721,3.49852854751114,0.585426579735573,1
70,16,-1,1,1.80642836008878,0.70508477045524,1.18419991302043,1
70,17,1,1,1.99641208915721,3.49852854751114,0.341930571524744,1
70,18,-1,1,1.80642836008878,0.70508477045524,0.692109981157884,1
70,19,-1,1,1.80642836008878,0.70508477045524,1.04773766088709,1
70,20,-1,1,1.80642836008878,0.70508477045524,1.21435269623135,1
70,21,-1,1,1.80642836008878,0.70508477045524,0.547433428813779,1
70,22,-1,1,1.80642836008878,0.70508477045524,0.654831904548839,1
70,23,-1,1,1.80642836008878,0.70508477045524,0.986389201989599,1
70,24,-1,1,1.80642836008878,0.70508477045524,3.19590579783344,1
70,25,1,1,1.99641208915721,3.49852854751114,0.806029148386558,1
70,26,1,1,1.99641208915721,3.49852854751114,0.54882757882593,1
70,27,1,1,1.99641208915721,3.49852854751114,0.780884490237393,1
70,28,-1,1,1.80642836008878,0.70508477045524,0.340044747436182,1
70,29,-1,1,1.80642836008878,0.70508477045524,0.329527978484989,1
70,30,-1,1,1.80642836008878,0.70508477045524,1.44444032681116,1
70,31,-1,1,1.80642836008878,0.70508477045524,0.639244963306756,-1
70,32,1,-1,1.90284781510572,0.176051500466302,0.338312241538428,-1
70,33,1,-1,1.90284781510572,0.176051500466302,0.77627651982595,1
70,34,-1,1,1.80642836008878,0.70508477045524,0.612421517730676,1
70,35,1,1,1.99641208915721,3.49852854751114,0.436820457159348,1
70,36,1,1,1.99641208915721,3.49852854751114,0.367025603675108,1
70,37,-1,1,1.80642836008878,0.70508477045524,0.790396042617751,-1
70,38,-1,-1,1.72176790393563,0.420335181567317,0.745169529864929,1
70,39,-1,1,1.80642836008878,0.70508477045524,0.770777213563072,1
70,40,-1,1,1.80642836008878,0.70508477045524,0.828563181602587,-1
70,41,1,-1,1.90284781510572,0.176051500466302,2.84634498087888,-1
70,42,-1,-1,1.72176790393563,0.420335181567317,0.736637146243541,1
70,43,-1,1,1.80642836008878,0.70508477045524,0.600651854020656,1
70,44,1,1,1.99641208915721,3.49852854751114,0.385051177985621,1
70,45,-1,1,1.80642836008878,0.70508477045524,0.918866559462585,1
70,46,1,1,1.99641208915721,3.49852854751114,0.615560861946741,1
70,47,-1,1,1.80642836008878,0.70508477045524,2.9222739426061,1
70,48,1,1,1.99641208915721,3.49852854751114,0.566456374470095,1
70,49,1,1,1.99641208915721,3.49852854751114,0.903759368839841,1
70,50,-1,1,1.80642836008878,0.70508477045524,0.497136083377235,1
70,51,1,1,1.99641208915721,3.49852854751114,0.500359144144584,1
70,52,1,1,1.99641208915721,3.49852854751114,0.562932766512687,1
70,53,1,1,1.99641208915721,3.49852854751114,0.363328217955544,1
70,54,1,1,1.99641208915721,3.49852854751114,0.558781163515546,1
70,55,-1,1,1.80642836008878,0.70508477045524,0.568536908233221,1
70,56,-1,1,1.80642836008878,0.70508477045524,0.360022183262992,1
70,57,1,1,1.99641208915721,3.49852854751114,0.771781622482514,1
70,58,-1,1,1.80642836008878,0.70508477045524,0.699764743925892,1
70,59,-1,1,1.80642836008878,0.70508477045524,0.481144536903956,-1
70,60,-1,-1,1.72176790393563,0.420335181567317,1.15508909507817,-1
70,61,1,-1,1.90284781510572,0.176051500466302,0.974538535657726,-1
70,62,-1,-1,1.72176790393563,0.420335181567317,0.704898855743688,-1
70,63,1,-1,1.90284781510572,0.176051500466302,0.664993547732866,1
70,64,1,1,1.99641208915721,3.49852854751114,0.842824014877454,1
70,65,1,1,1.99641208915721,3.49852854751114,0.542933420481533,1
70,66,1,1,1.99641208915721,3.49852854751114,0.439311684455223,1
70,67,1,1,1.99641208915721,3.49852854751114,0.386301239119214,1
70,68,-1,1,1.80642836008878,0.70508477045524,0.616198323789473,1
70,69,1,1,1.99641208915721,3.49852854751114,0.534632888212264,1
70,70,1,1,1.99641208915721,3.49852854751114,0.446613071475949,1
70,71,-1,1,1.80642836008878,0.70508477045524,0.461902339245087,1
70,72,1,1,1.99641208915721,3.49852854751114,0.486382744934927,1
70,73,1,1,1.99641208915721,3.49852854751114,0.772872733769301,1
70,74,-1,1,1.80642836008878,0.70508477045524,1.15202693175644,1
70,75,1,1,1.99641208915721,3.49852854751114,0.692737159082349,1
70,76,1,1,1.99641208915721,3.49852854751114,0.351499927383209,1
70,77,-1,1,1.80642836008878,0.70508477045524,2.27388356301014,1
70,78,-1,1,1.80642836008878,0.70508477045524,1.04580836526637,-1
70,79,-1,-1,1.72176790393563,0.420335181567317,2.66213259716021,1
70,80,-1,1,1.80642836008878,0.70508477045524,0.775289282052727,1
70,81,1,1,1.99641208915721,3.49852854751114,0.7806228498811,1
70,82,-1,1,1.80642836008878,0.70508477045524,0.988670328862721,1
70,83,-1,1,1.80642836008878,0.70508477045524,0.499216384170294,1
70,84,-1,1,1.80642836008878,0.70508477045524,0.421851224893082,1
70,85,-1,1,1.80642836008878,0.70508477045524,1.91534247078216,-1
70,86,1,-1,1.90284781510572,0.176051500466302,1.79312317687728,-1
70,87,1,-1,1.90284781510572,0.176051500466302,0.916061494862268,1
70,88,1,1,1.99641208915721,3.49852854751114,0.426662357290728,1
70,89,1,1,1.99641208915721,3.49852854751114,0.333565276712323,1
70,90,-1,1,1.80642836008878,0.70508477045524,0.946115781698218,1
70,91,1,1,1.99641208915721,3.49852854751114,0.54052856427445,1
70,92,-1,1,1.80642836008878,0.70508477045524,0.494579303846242,-1
70,93,-1,-1,1.72176790393563,0.420335181567317,0.513913101378521,1
70,94,1,1,1.99641208915721,3.49852854751114,0.449181935925648,1
70,95,-1,1,1.80642836008878,0.70508477045524,1.28412562442402,1
70,96,1,1,1.99641208915721,3.49852854751114,0.754298445571327,1
70,97,-1,1,1.80642836008878,0.70508477045524,0.486607564232311,1
70,98,1,1,1.99641208915721,3.49852854751114,0.517242761868452,1
70,99,-1,1,1.80642836008878,0.70508477045524,0.407174655069775,1
70,100,1,1,1.99641208915721,3.49852854751114,0.394545138708585,1
70,101,1,1,1.99641208915721,3.49852854751114,0.840689016458448,1
71,2,-1,1,1.79281535105014,0.515826287225489,0.39794078114784,1
71,3,-1,1,1.79281535105014,0.515826287225489,0.707835009957287,1
71,4,-1,1,1.79281535105014,0.515826287225489,0.549530771706515,-1
71,5,1,-1,1.8885082016018,0.843436582723087,0.921523288967355,1
71,6,1,1,1.9813673874602,2.9506397377832,0.755778944464954,1
71,7,1,1,1.9813673874602,2.9506397377832,0.44545728181479,1
71,8,-1,1,1.79281535105014,0.515826287225489,1.48877283915989,1
71,9,1,1,1.9813673874602,2.9506397377832,0.422786315600705,1
71,10,1,1,1.9813673874602,2.9506397377832,0.742406802849757,1
71,11,-1,1,1.79281535105014,0.515826287225489,0.785199644268195,1
71,12,-1,1,1.79281535105014,0.515826287225489,1.65755634585726,-1
71,13,-1,-1,1.70879288507711,0.490097392268225,1.27443425887761,1
71,14,-1,1,1.79281535105014,0.515826287225489,0.430919521576616,-1
71,15,-1,-1,1.70879288507711,0.490097392268225,0.779067221356883,-1
71,16,-1,-1,1.70879288507711,0.490097392268225,0.484272226058983,1
71,17,1,1,1.9813673874602,2.9506397377832,0.827192417527054,1
71,18,-1,1,1.79281535105014,0.515826287225489,0.470563030816537,1
71,19,-1,1,1.79281535105014,0.515826287225489,0.465210118273009,1
71,20,-1,1,1.79281535105014,0.515826287225489,0.701298320106104,1
71,21,-1,1,1.79281535105014,0.515826287225489,0.415836556677642,1
71,22,-1,1,1.79281535105014,0.515826287225489,0.790592310063207,-1
71,23,1,-1,1.8885082016018,0.843436582723087,0.416797954298248,1
71,24,-1,1,1.79281535105014,0.515826287225489,0.657023495044138,1
71,25,1,1,1.9813673874602,2.9506397377832,0.43149993358654,1
71,26,1,1,1.9813673874602,2.9506397377832,0.41652177050157,1
71,27,-1,1,1.79281535105014,0.515826287225489,0.730447022338916,1
71,28,-1,1,1.79281535105014,0.515826287225489,0.92445159352627,-1
71,29,1,-1,1.8885082016018,0.843436582723087,1.52659052675138,1
71,30,1,1,1.9813673874602,2.9506397377832,0.627785892587282,1
71,31,1,1,1.9813673874602,2.9506397377832,0.475928748194245,1
71,32,-1,1,1.79281535105014,0.515826287225489,0.703012118000101,1
71,33,-1,1,1.79281535105014,0.515826287225489,1.30626637198911,1
71,34,-1,1,1.79281535105014,0.515826287225489,0.57683604719465,1
71,35,1,1,1.9813673874602,2.9506397377832,0.475035481722298,1
71,36,-1,1,1.79281535105014,0.515826287225489,0.877064503354882,1
71,37,1,1,1.9813673874602,2.9506397377832,0.30072913426679,1
71,38,1,1,1.9813673874602,2.9506397377832,0.384605740688239,1
71,39,-1,1,1.79281535105014,0.515826287225489,1.0820461767024,1
71,40,1,1,1.9813673874602,2.9506397377832,0.340393928007808,1
71,41,1,1,1.9813673874602,2.9506397377832,0.73067258140439,1
71,42,1,1,1.9813673874602,2.9506397377832,0.711105309198927,1
71,43,-1,1,1.79281535105014,0.515826287225489,1.67124482481257,1
71,44,1,1,1.9813673874602,2.9506397377832,0.579760045520512,1
71,45,1,1,1.9813673874602,2.9506397377832,0.540193596527982,1
71,46,1,1,1.9813673874602,2.9506397377832,0.441209526751741,1
71,47,1,1,1.9813673874602,2.9506397377832,0.555648275733148,1
71,48,-1,1,1.79281535105014,0.515826287225489,1.12333510432968,1
71,49,-1,1,1.79281535105014,0.515826287225489,1.56641528539062,-1
71,50,1,-1,1.8885082016018,0.843436582723087,0.502776981023538,1
71,51,1,1,1.9813673874602,2.9506397377832,0.486090580927487,1
71,52,1,1,1.9813673874602,2.9506397377832,0.433692671036344,1
71,53,-1,1,1.79281535105014,0.515826287225489,0.877539561647435,1
71,54,1,1,1.9813673874602,2.9506397377832,0.347795909928449,1
71,55,-1,1,1.79281535105014,0.515826287225489,0.484293155094343,-1
71,56,1,-1,1.8885082016018,0.843436582723087,1.59840148949063,1
71,57,1,1,1.9813673874602,2.9506397377832,0.418966162374922,1
71,58,1,1,1.9813673874602,2.9506397377832,0.486626586902488,1
71,59,1,1,1.9813673874602,2.9506397377832,0.526951856515857,1
71,60,-1,1,1.79281535105014,0.515826287225489,0.347740064796505,1
71,61,1,1,1.9813673874602,2.9506397377832,0.492801967901272,-1
71,62,1,-1,1.8885082016018,0.843436582723087,0.426453346341321,1
71,63,-1,1,1.79281535105014,0.515826287225489,0.699315165485733,1
71,64,1,1,1.9813673874602,2.9506397377832,0.488884165791509,1
71,65,-1,1,1.79281535105014,0.515826287225489,0.754473480402542,-1
71,66,-1,-1,1.70879288507711,0.490097392268225,0.369834913732624,1
71,67,1,1,1.9813673874602,2.9506397377832,0.571047652725548,1
71,68,1,1,1.9813673874602,2.9506397377832,0.906980623720302,1
71,69,-1,1,1.79281535105014,0.515826287225489,0.65009541545263,1
71,70,1,1,1.9813673874602,2.9506397377832,1.41487364587572,1
71,71,-1,1,1.79281535105014,0.515826287225489,0.603400145869339,1
71,72,-1,1,1.79281535105014,0.515826287225489,0.780430154240108,1
71,73,1,1,1.9813673874602,2.9506397377832,0.534582155018902,1
71,74,-1,1,1.79281535105014,0.515826287225489,1.08212354536656,1
71,75,-1,1,1.79281535105014,0.515826287225489,0.599623056464481,1
71,76,-1,1,1.79281535105014,0.515826287225489,0.407129410545735,1
71,77,-1,1,1.79281535105014,0.515826287225489,1.13424366975809,1
71,78,-1,1,1.79281535105014,0.515826287225489,0.541521382415895,1
71,79,1,1,1.9813673874602,2.9506397377832,0.413274106938596,1
71,80,1,1,1.9813673874602,2.9506397377832,0.388360962025756,1
71,81,1,1,1.9813673874602,2.9506397377832,0.44170243959236,1
71,82,1,1,1.9813673874602,2.9506397377832,0.423386506435204,1
71,83,-1,1,1.79281535105014,0.515826287225489,0.37303481891902,1
71,84,-1,1,1.79281535105014,0.515826287225489,0.492858961347726,1
71,85,-1,1,1.79281535105014,0.515826287225489,1.24092230681333,1
71,86,-1,1,1.79281535105014,0.515826287225489,1.54929588079816,1
71,87,1,1,1.9813673874602,2.9506397377832,0.57188983199918,1
71,88,1,1,1.9813673874602,2.9506397377832,0.346928654286835,1
71,89,1,1,1.9813673874602,2.9506397377832,0.386516793936898,1
71,90,1,1,1.9813673874602,2.9506397377832,0.52554233394365,1
71,91,1,1,1.9813673874602,2.9506397377832,0.597819196188298,1
71,92,1,1,1.9813673874602,2.9506397377832,0.559446814194223,1
71,93,-1,1,1.79281535105014,0.515826287225489,0.726888491279054,-1
71,94,-1,-1,1.70879288507711,0.490097392268225,0.523109185646005,1
71,95,1,1,1.9813673874602,2.9506397377832,0.328821472067917,1
71,96,1,1,1.9813673874602,2.9506397377832,0.927183886332105,1
71,97,-1,1,1.79281535105014,0.515826287225489,0.925371170643895,-1
71,98,1,-1,1.8885082016018,0.843436582723087,0.654341438614203,1
71,99,-1,1,1.79281535105014,0.515826287225489,0.320042515557198,1
71,100,-1,1,1.79281535105014,0.515826287225489,0.378743124526451,1
71,101,-1,1,1.79281535105014,0.515826287225489,1.65246741456331,1
72,2,-1,1,1.58878064230508,2.40461929839872,0.413976496938658,1
72,3,-1,1,1.58878064230508,2.40461929839872,0.52068828853291,1
72,4,-1,1,1.58878064230508,2.40461929839872,0.415872874655406,1
72,5,1,1,1.75587416107713,1.83606759455467,0.389544259533169,1
72,6,1,1,1.75587416107713,1.83606759455467,0.661238020097609,1
72,7,1,1,1.75587416107713,1.83606759455467,0.652197820458814,1
72,8,-1,1,1.58878064230508,2.40461929839872,0.397099649731414,1
72,9,-1,1,1.58878064230508,2.40461929839872,0.386254052291868,1
72,10,-1,1,1.58878064230508,2.40461929839872,0.466987857032705,1
72,11,-1,1,1.58878064230508,2.40461929839872,0.538974963329744,1
72,12,1,1,1.75587416107713,1.83606759455467,0.846840502681885,1
72,13,1,1,1.75587416107713,1.83606759455467,1.08640490435859,1
72,14,1,1,1.75587416107713,1.83606759455467,0.416202390853363,1
72,15,1,1,1.75587416107713,1.83606759455467,0.781563431690926,1
72,16,-1,1,1.58878064230508,2.40461929839872,0.43084530384552,1
72,17,-1,1,1.58878064230508,2.40461929839872,0.435211886600651,1
72,18,1,1,1.75587416107713,1.83606759455467,0.503442988052611,1
72,19,1,1,1.75587416107713,1.83606759455467,1.11197182324036,1
72,20,1,1,1.75587416107713,1.83606759455467,0.937110229527026,1
72,21,1,1,1.75587416107713,1.83606759455467,0.448757408418679,1
72,22,1,1,1.75587416107713,1.83606759455467,0.278110939212945,1
72,23,1,1,1.75587416107713,1.83606759455467,0.558130066326118,1
72,24,1,1,1.75587416107713,1.83606759455467,0.956714680238775,1
72,25,1,1,1.75587416107713,1.83606759455467,0.664667127641569,1
72,26,-1,1,1.58878064230508,2.40461929839872,0.511056099461161,1
72,27,-1,1,1.58878064230508,2.40461929839872,0.561323631386457,1
72,28,-1,1,1.58878064230508,2.40461929839872,0.354850923524357,1
72,29,1,1,1.75587416107713,1.83606759455467,0.690727468115423,1
72,30,1,1,1.75587416107713,1.83606759455467,0.572592113108739,1
72,31,-1,1,1.58878064230508,2.40461929839872,0.712254152641181,1
72,32,1,1,1.75587416107713,1.83606759455467,0.718192782020642,1
72,33,1,1,1.75587416107713,1.83606759455467,1.42259901494543,1
72,34,1,1,1.75587416107713,1.83606759455467,1.97870005117512,1
72,35,-1,1,1.58878064230508,2.40461929839872,0.496367561546579,1
72,36,1,1,1.75587416107713,1.83606759455467,0.644130196349005,1
72,37,1,1,1.75587416107713,1.83606759455467,0.710833015993666,1
72,38,-1,1,1.58878064230508,2.40461929839872,0.35052357741879,1
72,39,1,1,1.75587416107713,1.83606759455467,0.370685426966964,1
72,40,-1,1,1.58878064230508,2.40461929839872,0.450271561024793,1
72,41,-1,1,1.58878064230508,2.40461929839872,1.01110378675368,1
72,42,-1,1,1.58878064230508,2.40461929839872,0.286916114914026,1
72,43,1,1,1.75587416107713,1.83606759455467,0.501461748213717,1
72,44,-1,1,1.58878064230508,2.40461929839872,0.628035914296897,1
72,45,1,1,1.75587416107713,1.83606759455467,0.691147177322422,1
72,46,-1,1,1.58878064230508,2.40461929839872,0.301055453152908,1
72,47,-1,1,1.58878064230508,2.40461929839872,0.676462715336875,1
72,48,-1,1,1.58878064230508,2.40461929839872,0.449042615026026,1
72,49,1,1,1.75587416107713,1.83606759455467,0.56210973185465,1
72,50,1,1,1.75587416107713,1.83606759455467,0.380709228073961,1
72,51,1,1,1.75587416107713,1.83606759455467,0.608184444744736,1
72,52,1,1,1.75587416107713,1.83606759455467,0.488547353204499,1
72,53,-1,1,1.58878064230508,2.40461929839872,0.507269358739252,1
72,54,-1,1,1.58878064230508,2.40461929839872,0.358349162786553,1
72,55,-1,1,1.58878064230508,2.40461929839872,0.265770984173526,1
72,56,1,1,1.75587416107713,1.83606759455467,0.639990654896518,1
72,57,1,1,1.75587416107713,1.83606759455467,0.477461466388604,1
72,58,1,1,1.75587416107713,1.83606759455467,1.05267056645373,1
72,59,-1,1,1.58878064230508,2.40461929839872,0.462024484933622,1
72,60,-1,1,1.58878064230508,2.40461929839872,0.345764638043299,1
72,61,1,1,1.75587416107713,1.83606759455467,0.768656971324865,1
72,62,1,1,1.75587416107713,1.83606759455467,1.01299493491419,1
72,63,-1,1,1.58878064230508,2.40461929839872,0.832652258906089,1
72,64,1,1,1.75587416107713,1.83606759455467,0.357314082527738,1
72,65,1,1,1.75587416107713,1.83606759455467,0.461503635072728,1
72,66,1,1,1.75587416107713,1.83606759455467,1.32323162833622,1
72,67,-1,1,1.58878064230508,2.40461929839872,0.484487645288366,1
72,68,1,1,1.75587416107713,1.83606759455467,0.429364057831685,1
72,69,1,1,1.75587416107713,1.83606759455467,0.358144417876694,1
72,70,-1,1,1.58878064230508,2.40461929839872,0.368970885683088,1
72,71,1,1,1.75587416107713,1.83606759455467,0.42382700943572,1
72,72,1,1,1.75587416107713,1.83606759455467,0.580410650683205,1
72,73,-1,1,1.58878064230508,2.40461929839872,1.17779856461046,1
72,74,1,1,1.75587416107713,1.83606759455467,0.785890508116967,1
72,75,1,1,1.75587416107713,1.83606759455467,0.557432727635083,1
72,76,-1,1,1.58878064230508,2.40461929839872,0.413357907776753,1
72,77,1,1,1.75587416107713,1.83606759455467,0.952141077605683,1
72,78,-1,1,1.58878064230508,2.40461929839872,0.426581590110977,1
72,79,1,1,1.75587416107713,1.83606759455467,0.532722746187566,1
72,80,-1,1,1.58878064230508,2.40461929839872,0.730332069085156,1
72,81,1,1,1.75587416107713,1.83606759455467,0.591625154556816,1
72,82,-1,1,1.58878064230508,2.40461929839872,0.603031669828736,1
72,83,-1,1,1.58878064230508,2.40461929839872,0.433482675663979,1
72,84,-1,1,1.58878064230508,2.40461929839872,0.32602183218367,1
72,85,-1,1,1.58878064230508,2.40461929839872,0.307793667523487,1
72,86,-1,1,1.58878064230508,2.40461929839872,0.437309089481096,1
72,87,-1,1,1.58878064230508,2.40461929839872,0.23387627307557,1
72,88,-1,1,1.58878064230508,2.40461929839872,0.392372280318476,1
72,89,1,1,1.75587416107713,1.83606759455467,0.699675472853941,1
72,90,-1,1,1.58878064230508,2.40461929839872,0.288984018320105,1
72,91,-1,1,1.58878064230508,2.40461929839872,0.792731441294799,1
72,92,-1,1,1.58878064230508,2.40461929839872,0.395993626843913,1
72,93,-1,1,1.58878064230508,2.40461929839872,0.592690041296046,1
72,94,-1,1,1.58878064230508,2.40461929839872,0.280742447130323,1
72,95,-1,1,1.58878064230508,2.40461929839872,0.46024454157394,1
72,96,-1,1,1.58878064230508,2.40461929839872,0.323028468441203,1
72,97,-1,1,1.58878064230508,2.40461929839872,0.401445960340605,1
72,98,1,1,1.75587416107713,1.83606759455467,0.914766022085079,1
72,99,-1,1,1.58878064230508,2.40461929839872,0.870675168427517,1
72,100,1,1,1.75587416107713,1.83606759455467,0.331841575579823,1
72,101,1,1,1.75587416107713,1.83606759455467,0.479694301525272,1
73,2,1,1,1.74148562256936,3.74287177528127,0.578047190869752,1
73,3,1,1,1.74148562256936,3.74287177528127,0.389843976502049,1
73,4,1,1,1.74148562256936,3.74287177528127,0.382981347648781,1
73,5,-1,1,1.57576135427241,-0.202529605846134,0.510285303580144,-1
73,6,-1,-1,1.50191138712804,-0.469986248290932,0.360119531857768,-1
73,7,-1,-1,1.50191138712804,-0.469986248290932,0.739765553377332,1
73,8,-1,1,1.57576135427241,-0.202529605846134,0.758564435192825,-1
73,9,-1,-1,1.50191138712804,-0.469986248290932,1.15501906322701,1
73,10,1,1,1.74148562256936,3.74287177528127,0.407746676925604,1
73,11,1,1,1.74148562256936,3.74287177528127,0.331187150421425,1
73,12,-1,1,1.57576135427241,-0.202529605846134,0.45542594283681,-1
73,13,-1,-1,1.50191138712804,-0.469986248290932,0.393847875872195,-1
73,14,1,-1,1.65986878658056,1.72964407885579,0.395141038925281,1
73,15,1,1,1.74148562256936,3.74287177528127,0.276065527074576,1
73,16,1,1,1.74148562256936,3.74287177528127,0.295234927554743,1
73,17,1,1,1.74148562256936,3.74287177528127,0.334071149304239,1
73,18,-1,1,1.57576135427241,-0.202529605846134,0.557341425984448,-1
73,19,-1,-1,1.50191138712804,-0.469986248290932,0.982947452827025,1
73,20,-1,1,1.57576135427241,-0.202529605846134,0.528056333549195,-1
73,21,-1,-1,1.50191138712804,-0.469986248290932,0.954065879839879,-1
73,22,-1,-1,1.50191138712804,-0.469986248290932,1.88723000903609,1
73,23,1,1,1.74148562256936,3.74287177528127,0.286358360006587,1
73,24,1,1,1.74148562256936,3.74287177528127,0.481800567175391,1
73,25,1,1,1.74148562256936,3.74287177528127,0.614876166908668,1
73,26,1,1,1.74148562256936,3.74287177528127,0.325659598006063,1
73,27,-1,1,1.57576135427241,-0.202529605846134,0.925077050076345,-1
73,28,1,-1,1.65986878658056,1.72964407885579,0.9847063634472,1
73,29,-1,1,1.57576135427241,-0.202529605846134,0.51202227555326,-1
73,30,-1,-1,1.50191138712804,-0.469986248290932,0.339231856884869,-1
73,31,-1,-1,1.50191138712804,-0.469986248290932,0.391753400145208,1
73,32,-1,1,1.57576135427241,-0.202529605846134,1.82669987439331,-1
73,33,1,-1,1.65986878658056,1.72964407885579,0.367818496799822,1
73,34,1,1,1.74148562256936,3.74287177528127,0.303981504707219,1
73,35,-1,1,1.57576135427241,-0.202529605846134,0.679775046085444,-1
73,36,-1,-1,1.50191138712804,-0.469986248290932,1.81152500887889,1
73,37,-1,1,1.57576135427241,-0.202529605846134,0.520759643698998,-1
73,38,1,-1,1.65986878658056,1.72964407885579,1.66271199652037,1
73,39,1,1,1.74148562256936,3.74287177528127,0.307044659586933,1
73,40,1,1,1.74148562256936,3.74287177528127,0.515614797258077,1
73,41,-1,1,1.57576135427241,-0.202529605846134,0.458607643348024,-1
73,42,-1,-1,1.50191138712804,-0.469986248290932,0.387621466753801,-1
73,43,1,-1,1.65986878658056,1.72964407885579,0.45772304314339,1
73,44,-1,1,1.57576135427241,-0.202529605846134,0.359007827583932,-1
73,45,1,-1,1.65986878658056,1.72964407885579,1.2811940127005,1
73,46,-1,1,1.57576135427241,-0.202529605846134,0.348166108095916,-1
73,47,1,-1,1.65986878658056,1.72964407885579,0.788448265793753,1
73,48,1,1,1.74148562256936,3.74287177528127,0.622197484932391,1
73,49,1,1,1.74148562256936,3.74287177528127,0.439669332993191,1
73,50,1,1,1.74148562256936,3.74287177528127,0.516377034713478,1
73,51,-1,1,1.57576135427241,-0.202529605846134,0.527340543089176,1
73,52,1,1,1.74148562256936,3.74287177528127,0.311265354784263,1
73,53,1,1,1.74148562256936,3.74287177528127,0.64990002872384,1
73,54,-1,1,1.57576135427241,-0.202529605846134,0.443786013684953,-1
73,55,-1,-1,1.50191138712804,-0.469986248290932,0.412078654509781,-1
73,56,1,-1,1.65986878658056,1.72964407885579,0.358226341423796,1
73,57,-1,1,1.57576135427241,-0.202529605846134,1.18277881388853,-1
73,58,1,-1,1.65986878658056,1.72964407885579,1.25146811254007,1
73,59,1,1,1.74148562256936,3.74287177528127,0.60265531523988,1
73,60,1,1,1.74148562256936,3.74287177528127,0.365439522137686,1
73,61,1,1,1.74148562256936,3.74287177528127,0.425177754308555,1
73,62,-1,1,1.57576135427241,-0.202529605846134,0.292877084896109,-1
73,63,-1,-1,1.50191138712804,-0.469986248290932,0.771270002272196,-1
73,64,-1,-1,1.50191138712804,-0.469986248290932,1.31029472656944,-1
73,65,-1,-1,1.50191138712804,-0.469986248290932,0.561983860756138,1
73,66,1,1,1.74148562256936,3.74287177528127,0.284902194350482,1
73,67,1,1,1.74148562256936,3.74287177528127,0.510522965120153,1
73,68,-1,1,1.57576135427241,-0.202529605846134,1.37243296687309,1
73,69,1,1,1.74148562256936,3.74287177528127,0.298554481882019,1
73,70,-1,1,1.57576135427241,-0.202529605846134,1.52684712055206,1
73,71,-1,1,1.57576135427241,-0.202529605846134,0.547564590279375,1
73,72,-1,1,1.57576135427241,-0.202529605846134,0.442243837810479,-1
73,73,1,-1,1.65986878658056,1.72964407885579,0.54470458614759,-1
73,74,-1,-1,1.50191138712804,-0.469986248290932,0.545353050055156,-1
73,75,-1,-1,1.50191138712804,-0.469986248290932,0.299640583770809,1
73,76,1,1,1.74148562256936,3.74287177528127,0.359864215312408,1
73,77,-1,1,1.57576135427241,-0.202529605846134,0.398283796163464,-1
73,78,-1,-1,1.50191138712804,-0.469986248290932,0.599554249646325,1
73,79,-1,1,1.57576135427241,-0.202529605846134,1.10511530938642,-1
73,80,1,-1,1.65986878658056,1.72964407885579,0.455137665158334,1
73,81,-1,1,1.57576135427241,-0.202529605846134,2.01260424475837,-1
73,82,-1,-1,1.50191138712804,-0.469986248290932,0.406812959510947,-1
73,83,1,-1,1.65986878658056,1.72964407885579,0.613899132459891,1
73,84,1,1,1.74148562256936,3.74287177528127,0.398758388408786,1
73,85,-1,1,1.57576135427241,-0.202529605846134,0.445069797579799,-1
73,86,1,-1,1.65986878658056,1.72964407885579,0.29210910670637,1
73,87,1,1,1.74148562256936,3.74287177528127,0.295321630811603,1
73,88,1,1,1.74148562256936,3.74287177528127,0.370977250815986,1
73,89,-1,1,1.57576135427241,-0.202529605846134,0.629944828515286,1
73,90,1,1,1.74148562256936,3.74287177528127,0.412245894854188,1
73,91,1,1,1.74148562256936,3.74287177528127,0.539522419210427,1
73,92,-1,1,1.57576135427241,-0.202529605846134,0.813593766486735,1
73,93,-1,1,1.57576135427241,-0.202529605846134,0.960856997710746,1
73,94,1,1,1.74148562256936,3.74287177528127,0.476203269575065,1
73,95,-1,1,1.57576135427241,-0.202529605846134,1.28788130921306,1
73,96,1,1,1.74148562256936,3.74287177528127,0.294596846386508,1
73,97,-1,1,1.57576135427241,-0.202529605846134,0.359815546497225,-1
73,98,1,-1,1.65986878658056,1.72964407885579,0.677925856794511,1
73,99,1,1,1.74148562256936,3.74287177528127,0.587559097048023,1
73,100,-1,1,1.57576135427241,-0.202529605846134,0.398413059295633,-1
73,101,1,-1,1.65986878658056,1.72964407885579,0.831689916996995,1
74,2,1,1,2.88044781856215,3.41470244603552,0.394509734627729,1
74,3,1,1,2.88044781856215,3.41470244603552,0.671733659238242,1
74,4,1,1,2.88044781856215,3.41470244603552,0.565342591495654,1
74,5,1,1,2.88044781856215,3.41470244603552,0.772532535397135,1
74,6,-1,1,2.60633696693509,1.40469361217349,1.53675162512164,1
74,7,-1,1,2.60633696693509,1.40469361217349,0.62169171266713,1
74,8,1,1,2.88044781856215,3.41470244603552,0.46265267094777,1
74,9,1,1,2.88044781856215,3.41470244603552,0.60671180828425,1
74,10,1,1,2.88044781856215,3.41470244603552,0.723832770007647,1
74,11,-1,1,2.60633696693509,1.40469361217349,1.90427185628515,1
74,12,1,1,2.88044781856215,3.41470244603552,0.689383284744058,1
74,13,1,1,2.88044781856215,3.41470244603552,1.02897546685581,1
74,14,1,1,2.88044781856215,3.41470244603552,0.645678073937524,1
74,15,1,1,2.88044781856215,3.41470244603552,0.509699486552087,1
74,16,-1,1,2.60633696693509,1.40469361217349,0.748938969873759,1
74,17,-1,1,2.60633696693509,1.40469361217349,0.524515367774404,1
74,18,1,1,2.88044781856215,3.41470244603552,0.477159997302573,1
74,19,1,1,2.88044781856215,3.41470244603552,0.375839583832732,1
74,20,-1,1,2.60633696693509,1.40469361217349,0.550785233494378,1
74,21,1,1,2.88044781856215,3.41470244603552,0.420981706545341,1
74,22,-1,1,2.60633696693509,1.40469361217349,1.49055448496408,1
74,23,-1,1,2.60633696693509,1.40469361217349,0.852532185391978,1
74,24,1,1,2.88044781856215,3.41470244603552,0.664854243194214,1
74,25,-1,1,2.60633696693509,1.40469361217349,2.38932337230693,1
74,26,1,1,2.88044781856215,3.41470244603552,1.48141674001657,1
74,27,-1,1,2.60633696693509,1.40469361217349,1.19123305953849,1
74,28,1,1,2.88044781856215,3.41470244603552,0.815312240128978,1
74,29,1,1,2.88044781856215,3.41470244603552,1.0491956922986,1
74,30,-1,1,2.60633696693509,1.40469361217349,0.680546461196569,1
74,31,-1,1,2.60633696693509,1.40469361217349,2.59062597973405,-1
74,32,1,-1,2.74545213778528,0.379340556524391,1.62747854112883,-1
74,33,1,-1,2.74545213778528,0.379340556524391,1.87572528197486,-1
74,34,1,-1,2.74545213778528,0.379340556524391,0.942928008522944,-1
74,35,1,-1,2.74545213778528,0.379340556524391,1.05007478773805,1
74,36,-1,1,2.60633696693509,1.40469361217349,0.41174479410179,1
74,37,-1,1,2.60633696693509,1.40469361217349,1.6270496916122,1
74,38,1,1,2.88044781856215,3.41470244603552,0.935162870800184,1
74,39,-1,1,2.60633696693509,1.40469361217349,1.13837562698221,1
74,40,-1,1,2.60633696693509,1.40469361217349,0.765148076033205,1
74,41,-1,1,2.60633696693509,1.40469361217349,1.08901945529914,1
74,42,-1,1,2.60633696693509,1.40469361217349,0.597605464022004,-1
74,43,-1,-1,2.48418782369494,-0.398736614733399,1.07349110368834,-1
74,44,-1,-1,2.48418782369494,-0.398736614733399,6.55125477224464,-1
74,45,1,-1,2.74545213778528,0.379340556524391,2.37915225138977,1
74,46,-1,1,2.60633696693509,1.40469361217349,0.546244562267741,1
74,47,-1,1,2.60633696693509,1.40469361217349,0.731332539422101,1
74,48,-1,1,2.60633696693509,1.40469361217349,0.78722506272636,1
74,49,-1,1,2.60633696693509,1.40469361217349,0.624118257388915,1
74,50,1,1,2.88044781856215,3.41470244603552,0.874493219666378,1
74,51,1,1,2.88044781856215,3.41470244603552,0.757963056238187,1
74,52,1,1,2.88044781856215,3.41470244603552,0.466889595684037,1
74,53,1,1,2.88044781856215,3.41470244603552,0.478942581793776,1
74,54,-1,1,2.60633696693509,1.40469361217349,1.54840388485328,1
74,55,-1,1,2.60633696693509,1.40469361217349,0.671688422804189,1
74,56,-1,1,2.60633696693509,1.40469361217349,0.989531540326465,1
74,57,-1,1,2.60633696693509,1.40469361217349,1.76326038075754,1
74,58,1,1,2.88044781856215,3.41470244603552,0.552260676649198,1
74,59,-1,1,2.60633696693509,1.40469361217349,0.715235432501537,1
74,60,1,1,2.88044781856215,3.41470244603552,0.735680229159892,1
74,61,1,1,2.88044781856215,3.41470244603552,0.849448588836752,1
74,62,-1,1,2.60633696693509,1.40469361217349,0.976173509444433,1
74,63,1,1,2.88044781856215,3.41470244603552,0.723432809426996,1
74,64,-1,1,2.60633696693509,1.40469361217349,0.968836688712372,1
74,65,-1,1,2.60633696693509,1.40469361217349,1.37878437833938,1
74,66,-1,1,2.60633696693509,1.40469361217349,0.8549561653483,1
74,67,-1,1,2.60633696693509,1.40469361217349,0.671136529729451,1
74,68,-1,1,2.60633696693509,1.40469361217349,0.581639889637054,1
74,69,-1,1,2.60633696693509,1.40469361217349,3.54730984741248,1
74,70,1,1,2.88044781856215,3.41470244603552,0.699576131569875,1
74,71,-1,1,2.60633696693509,1.40469361217349,0.837290778278764,1
74,72,1,1,2.88044781856215,3.41470244603552,1.10533408355789,1
74,73,1,1,2.88044781856215,3.41470244603552,0.584459796963562,1
74,74,1,1,2.88044781856215,3.41470244603552,0.65618498768777,1
74,75,-1,1,2.60633696693509,1.40469361217349,0.558954886888595,1
74,76,1,1,2.88044781856215,3.41470244603552,0.539160839234985,1
74,77,-1,1,2.60633696693509,1.40469361217349,1.25437803201281,1
74,78,-1,1,2.60633696693509,1.40469361217349,0.615257952093533,1
74,79,-1,1,2.60633696693509,1.40469361217349,1.46163661032782,1
74,80,-1,1,2.60633696693509,1.40469361217349,1.07967204847493,1
74,81,1,1,2.88044781856215,3.41470244603552,0.830621054831813,1
74,82,-1,1,2.60633696693509,1.40469361217349,2.3583907552277,1
74,83,1,1,2.88044781856215,3.41470244603552,0.736847434586582,1
74,84,1,1,2.88044781856215,3.41470244603552,0.510568935953938,1
74,85,-1,1,2.60633696693509,1.40469361217349,0.508288758019027,1
74,86,1,1,2.88044781856215,3.41470244603552,0.542069613683837,1
74,87,1,1,2.88044781856215,3.41470244603552,0.904932989534171,1
74,88,1,1,2.88044781856215,3.41470244603552,0.697652293726969,1
74,89,-1,1,2.60633696693509,1.40469361217349,1.25046595212139,1
74,90,-1,1,2.60633696693509,1.40469361217349,0.6390181906746,1
74,91,-1,1,2.60633696693509,1.40469361217349,2.25693412972426,1
74,92,1,1,2.88044781856215,3.41470244603552,0.804038453650514,1
74,93,-1,1,2.60633696693509,1.40469361217349,1.28167185974562,1
74,94,1,1,2.88044781856215,3.41470244603552,0.451270488524387,1
74,95,-1,1,2.60633696693509,1.40469361217349,0.562637291163218,1
74,96,1,1,2.88044781856215,3.41470244603552,0.608086026328158,1
74,97,1,1,2.88044781856215,3.41470244603552,0.645287450462871,1
74,98,1,1,2.88044781856215,3.41470244603552,0.983157070435648,1
74,99,-1,1,2.60633696693509,1.40469361217349,0.403469635888216,1
74,100,1,1,2.88044781856215,3.41470244603552,0.449664025322272,1
74,101,1,1,2.88044781856215,3.41470244603552,0.350641850182438,1
75,2,-1,1,1.89242742889722,1.10025701909708,0.376555804019447,1
75,3,1,1,2.09145575898588,3.08104764559317,0.762313267121061,1
75,4,-1,1,1.89242742889722,1.10025701909708,0.470567512646482,1
75,5,1,1,2.09145575898588,3.08104764559317,0.523889430969453,1
75,6,-1,1,1.89242742889722,1.10025701909708,0.320115838772274,1
75,7,1,1,2.09145575898588,3.08104764559317,0.407410955939377,-1
75,8,1,-1,1.99343714806726,0.709169361365601,0.472852671348261,1
75,9,1,1,2.09145575898588,3.08104764559317,0.624473266728309,1
75,10,1,1,2.09145575898588,3.08104764559317,0.654145561004603,1
75,11,-1,1,1.89242742889722,1.10025701909708,1.16988165639829,1
75,12,1,1,2.09145575898588,3.08104764559317,0.461681347503039,1
75,13,-1,1,1.89242742889722,1.10025701909708,0.750964503852964,1
75,14,-1,1,1.89242742889722,1.10025701909708,0.99244667541219,-1
75,15,1,-1,1.99343714806726,0.709169361365601,0.584454037806552,1
75,16,-1,1,1.89242742889722,1.10025701909708,0.833189232142415,-1
75,17,-1,-1,1.80373652207415,-0.0904740260558428,0.589559766295876,1
75,18,-1,1,1.89242742889722,1.10025701909708,1.85898086970559,1
75,19,-1,1,1.89242742889722,1.10025701909708,1.60910804076839,1
75,20,-1,1,1.89242742889722,1.10025701909708,5.09795971538226,1
75,21,1,1,2.09145575898588,3.08104764559317,0.702604392476909,1
75,22,-1,1,1.89242742889722,1.10025701909708,0.49973713284096,-1
75,23,-1,-1,1.80373652207415,-0.0904740260558428,1.12475203469858,-1
75,24,-1,-1,1.80373652207415,-0.0904740260558428,0.634657624498277,1
75,25,-1,1,1.89242742889722,1.10025701909708,0.658210534450236,1
75,26,1,1,2.09145575898588,3.08104764559317,0.48352106821705,1
75,27,-1,1,1.89242742889722,1.10025701909708,0.568534179865733,1
75,28,1,1,2.09145575898588,3.08104764559317,0.400060873424304,1
75,29,1,1,2.09145575898588,3.08104764559317,0.791453129891019,1
75,30,1,1,2.09145575898588,3.08104764559317,0.401848369939479,1
75,31,1,1,2.09145575898588,3.08104764559317,0.699179483333247,1
75,32,-1,1,1.89242742889722,1.10025701909708,0.490948033424377,-1
75,33,-1,-1,1.80373652207415,-0.0904740260558428,0.49420605358361,-1
75,34,-1,-1,1.80373652207415,-0.0904740260558428,0.54701917862265,1
75,35,1,1,2.09145575898588,3.08104764559317,0.387868635464778,1
75,36,1,1,2.09145575898588,3.08104764559317,0.396002043768654,1
75,37,-1,1,1.89242742889722,1.10025701909708,0.449528553492234,1
75,38,1,1,2.09145575898588,3.08104764559317,0.689383262399656,1
75,39,-1,1,1.89242742889722,1.10025701909708,0.547160202794108,1
75,40,-1,1,1.89242742889722,1.10025701909708,0.47354890150626,1
75,41,-1,1,1.89242742889722,1.10025701909708,0.668476369211346,1
75,42,-1,1,1.89242742889722,1.10025701909708,2.18755346383882,-1
75,43,-1,-1,1.80373652207415,-0.0904740260558428,2.06899599178767,-1
75,44,1,-1,1.99343714806726,0.709169361365601,1.69541113730102,1
75,45,1,1,2.09145575898588,3.08104764559317,0.751552298991784,1
75,46,1,1,2.09145575898588,3.08104764559317,0.405211323615436,1
75,47,1,1,2.09145575898588,3.08104764559317,0.471295982329982,1
75,48,1,1,2.09145575898588,3.08104764559317,0.420162311573091,1
75,49,-1,1,1.89242742889722,1.10025701909708,0.59751908324943,1
75,50,1,1,2.09145575898588,3.08104764559317,0.573696666879465,1
75,51,-1,1,1.89242742889722,1.10025701909708,0.43311342963088,1
75,52,-1,1,1.89242742889722,1.10025701909708,2.01213901456735,1
75,53,-1,1,1.89242742889722,1.10025701909708,0.81902845480782,1
75,54,-1,1,1.89242742889722,1.10025701909708,0.977563332696503,-1
75,55,1,-1,1.99343714806726,0.709169361365601,1.10472247580701,-1
75,56,1,-1,1.99343714806726,0.709169361365601,0.883107914822069,-1
75,57,1,-1,1.99343714806726,0.709169361365601,0.651529674879545,-1
75,58,-1,-1,1.80373652207415,-0.0904740260558428,0.577611938052275,1
75,59,-1,1,1.89242742889722,1.10025701909708,1.72126869980078,-1
75,60,-1,-1,1.80373652207415,-0.0904740260558428,0.36721345016265,-1
75,61,1,-1,1.99343714806726,0.709169361365601,3.73636633191478,-1
75,62,1,-1,1.99343714806726,0.709169361365601,1.09320729976663,1
75,63,1,1,2.09145575898588,3.08104764559317,0.481950308918679,1
75,64,-1,1,1.89242742889722,1.10025701909708,1.34251859333656,1
75,65,-1,1,1.89242742889722,1.10025701909708,0.390940392061853,-1
75,66,-1,-1,1.80373652207415,-0.0904740260558428,0.441461093723093,1
75,67,-1,1,1.89242742889722,1.10025701909708,2.28592608797209,1
75,68,-1,1,1.89242742889722,1.10025701909708,0.59892456354471,1
75,69,-1,1,1.89242742889722,1.10025701909708,0.437371866802546,1
75,70,1,1,2.09145575898588,3.08104764559317,0.384091919202667,1
75,71,1,1,2.09145575898588,3.08104764559317,0.581687309927487,1
75,72,-1,1,1.89242742889722,1.10025701909708,1.27969904750217,-1
75,73,1,-1,1.99343714806726,0.709169361365601,1.20815881210421,-1
75,74,-1,-1,1.80373652207415,-0.0904740260558428,0.92275451232522,-1
75,75,1,-1,1.99343714806726,0.709169361365601,1.40983892282876,1
75,76,-1,1,1.89242742889722,1.10025701909708,0.327258341416463,1
75,77,-1,1,1.89242742889722,1.10025701909708,1.04436481350691,1
75,78,-1,1,1.89242742889722,1.10025701909708,0.978171281590126,1
75,79,1,1,2.09145575898588,3.08104764559317,0.804865044184131,1
75,80,1,1,2.09145575898588,3.08104764559317,0.647088000690022,1
75,81,-1,1,1.89242742889722,1.10025701909708,1.09184083468442,1
75,82,-1,1,1.89242742889722,1.10025701909708,2.32842565238968,1
75,83,1,1,2.09145575898588,3.08104764559317,0.567620028711097,1
75,84,1,1,2.09145575898588,3.08104764559317,0.440771436111417,1
75,85,1,1,2.09145575898588,3.08104764559317,0.689538320894511,1
75,86,1,1,2.09145575898588,3.08104764559317,0.384129430814842,1
75,87,1,1,2.09145575898588,3.08104764559317,0.554669405540787,1
75,88,1,1,2.09145575898588,3.08104764559317,0.490418024808342,1
75,89,1,1,2.09145575898588,3.08104764559317,0.694468356286077,1
75,90,-1,1,1.89242742889722,1.10025701909708,1.67798979121797,1
75,91,-1,1,1.89242742889722,1.10025701909708,2.32667875530618,1
75,92,1,1,2.09145575898588,3.08104764559317,0.459508095728756,1
75,93,1,1,2.09145575898588,3.08104764559317,0.521698635562172,1
75,94,1,1,2.09145575898588,3.08104764559317,0.57834025573952,1
75,95,1,1,2.09145575898588,3.08104764559317,0.798659356132088,1
75,96,1,1,2.09145575898588,3.08104764559317,0.635879434944838,1
75,97,-1,1,1.89242742889722,1.10025701909708,2.03260720370051,1
75,98,1,1,2.09145575898588,3.08104764559317,0.471432036671734,1
75,99,-1,1,1.89242742889722,1.10025701909708,0.532377043460569,1
75,100,1,1,2.09145575898588,3.08104764559317,0.687606186465267,1
75,101,1,1,2.09145575898588,3.08104764559317,0.474996379702475,1
76,2,1,1,2.19320342328349,2.64868572312872,0.337741342368872,1
76,3,1,1,2.19320342328349,2.64868572312872,1.17428062200485,1
76,4,-1,1,1.98449252275146,0.516210101186528,1.89460943146652,1
76,5,1,1,2.19320342328349,2.64868572312872,0.318040196613981,1
76,6,-1,1,1.98449252275146,0.516210101186528,0.982709553658266,-1
76,7,1,-1,2.09041628466554,0.834372385991555,0.910611235931415,1
76,8,1,1,2.19320342328349,2.64868572312872,0.920181339872484,1
76,9,1,1,2.19320342328349,2.64868572312872,0.492537467895206,1
76,10,-1,1,1.98449252275146,0.516210101186528,1.43606412883311,1
76,11,-1,1,1.98449252275146,0.516210101186528,1.19035587605075,1
76,12,1,1,2.19320342328349,2.64868572312872,0.59017896941821,1
76,13,-1,1,1.98449252275146,0.516210101186528,2.61682355280302,1
76,14,-1,1,1.98449252275146,0.516210101186528,0.296827065064642,1
76,15,1,1,2.19320342328349,2.64868572312872,0.435336919658484,1
76,16,1,1,2.19320342328349,2.64868572312872,0.592948081894631,1
76,17,-1,1,1.98449252275146,0.516210101186528,0.369269987736566,-1
76,18,1,-1,2.09041628466554,0.834372385991555,0.844447228710703,1
76,19,1,1,2.19320342328349,2.64868572312872,0.532613863922003,1
76,20,-1,1,1.98449252275146,0.516210101186528,0.948618219650374,1
76,21,1,1,2.19320342328349,2.64868572312872,0.563118583947052,1
76,22,-1,1,1.98449252275146,0.516210101186528,0.403909479743473,1
76,23,-1,1,1.98449252275146,0.516210101186528,0.782910881644413,1
76,24,-1,1,1.98449252275146,0.516210101186528,0.802677242703531,1
76,25,1,1,2.19320342328349,2.64868572312872,0.670600441228009,1
76,26,1,1,2.19320342328349,2.64868572312872,0.711086721294238,1
76,27,1,1,2.19320342328349,2.64868572312872,0.619167824362591,1
76,28,1,1,2.19320342328349,2.64868572312872,0.662427884508724,1
76,29,1,1,2.19320342328349,2.64868572312872,0.612311104704279,1
76,30,1,1,2.19320342328349,2.64868572312872,0.425380398627818,1
76,31,1,1,2.19320342328349,2.64868572312872,0.896829602064371,1
76,32,1,1,2.19320342328349,2.64868572312872,0.520491636651109,1
76,33,1,1,2.19320342328349,2.64868572312872,0.576569939364442,1
76,34,1,1,2.19320342328349,2.64868572312872,0.404912197656777,1
76,35,-1,1,1.98449252275146,0.516210101186528,0.638527028106434,1
76,36,-1,1,1.98449252275146,0.516210101186528,0.62068219798119,1
76,37,-1,1,1.98449252275146,0.516210101186528,1.86764463507146,-1
76,38,-1,-1,1.89148687363709,0.800731789693196,0.307044327707668,1
76,39,-1,1,1.98449252275146,0.516210101186528,0.718697247591649,1
76,40,1,1,2.19320342328349,2.64868572312872,0.578366773899165,1
76,41,-1,1,1.98449252275146,0.516210101186528,1.67690505877563,1
76,42,1,1,2.19320342328349,2.64868572312872,0.514253631391017,1
76,43,-1,1,1.98449252275146,0.516210101186528,1.31317493725283,-1
76,44,-1,-1,1.89148687363709,0.800731789693196,0.918314254029508,1
76,45,1,1,2.19320342328349,2.64868572312872,0.572321071461104,1
76,46,-1,1,1.98449252275146,0.516210101186528,0.388323145533813,1
76,47,1,1,2.19320342328349,2.64868572312872,0.565062272261016,1
76,48,-1,1,1.98449252275146,0.516210101186528,1.04075004073016,-1
76,49,1,-1,2.09041628466554,0.834372385991555,0.324316466189939,-1
76,50,1,-1,2.09041628466554,0.834372385991555,1.23462522444819,-1
76,51,1,-1,2.09041628466554,0.834372385991555,0.320991125511874,1
76,52,-1,1,1.98449252275146,0.516210101186528,0.469079130219155,-1
76,53,1,-1,2.09041628466554,0.834372385991555,2.86789274763156,-1
76,54,-1,-1,1.89148687363709,0.800731789693196,1.04771169437832,1
76,55,1,1,2.19320342328349,2.64868572312872,0.532970162100852,1
76,56,1,1,2.19320342328349,2.64868572312872,0.770420153570958,1
76,57,-1,1,1.98449252275146,0.516210101186528,1.21916133828529,-1
76,58,-1,-1,1.89148687363709,0.800731789693196,0.702817482904959,1
76,59,1,1,2.19320342328349,2.64868572312872,0.762970661835855,1
76,60,-1,1,1.98449252275146,0.516210101186528,0.801013114488531,1
76,61,1,1,2.19320342328349,2.64868572312872,0.397718722955423,1
76,62,-1,1,1.98449252275146,0.516210101186528,0.628832102393185,-1
76,63,-1,-1,1.89148687363709,0.800731789693196,0.559101604556813,1
76,64,-1,1,1.98449252275146,0.516210101186528,0.544427489280419,-1
76,65,-1,-1,1.89148687363709,0.800731789693196,0.749181451379795,1
76,66,-1,1,1.98449252275146,0.516210101186528,1.5599641462282,1
76,67,1,1,2.19320342328349,2.64868572312872,0.677364654177984,1
76,68,-1,1,1.98449252275146,0.516210101186528,0.865657022930998,1
76,69,-1,1,1.98449252275146,0.516210101186528,0.806851323538276,-1
76,70,1,-1,2.09041628466554,0.834372385991555,0.461556165925615,-1
76,71,-1,-1,1.89148687363709,0.800731789693196,0.572138786976214,1
76,72,-1,1,1.98449252275146,0.516210101186528,0.90353000581201,1
76,73,1,1,2.19320342328349,2.64868572312872,0.481545065653821,1
76,74,-1,1,1.98449252275146,0.516210101186528,0.34210605114656,1
76,75,1,1,2.19320342328349,2.64868572312872,0.624815907263589,1
76,76,-1,1,1.98449252275146,0.516210101186528,0.332888268611252,-1
76,77,1,-1,2.09041628466554,0.834372385991555,1.75953630770012,-1
76,78,1,-1,2.09041628466554,0.834372385991555,2.10938899153369,-1
76,79,-1,-1,1.89148687363709,0.800731789693196,0.724765421012698,1
76,80,1,1,2.19320342328349,2.64868572312872,0.534148756504793,1
76,81,1,1,2.19320342328349,2.64868572312872,0.540427140934633,1
76,82,1,1,2.19320342328349,2.64868572312872,0.419239611491437,1
76,83,-1,1,1.98449252275146,0.516210101186528,0.483225897161473,1
76,84,1,1,2.19320342328349,2.64868572312872,1.01180175601004,1
76,85,-1,1,1.98449252275146,0.516210101186528,1.12684865764249,1
76,86,1,1,2.19320342328349,2.64868572312872,0.475756470756175,1
76,87,-1,1,1.98449252275146,0.516210101186528,0.618170928120602,1
76,88,1,1,2.19320342328349,2.64868572312872,0.411044853718266,1
76,89,-1,1,1.98449252275146,0.516210101186528,0.990154495666263,1
76,90,-1,1,1.98449252275146,0.516210101186528,0.675526890028409,-1
76,91,-1,-1,1.89148687363709,0.800731789693196,1.3062996964371,1
76,92,-1,1,1.98449252275146,0.516210101186528,1.18911959504656,1
76,93,-1,1,1.98449252275146,0.516210101186528,0.895610619386811,-1
76,94,1,-1,2.09041628466554,0.834372385991555,0.525652243894674,1
76,95,-1,1,1.98449252275146,0.516210101186528,0.728997522319896,-1
76,96,-1,-1,1.89148687363709,0.800731789693196,1.06430923847228,1
76,97,1,1,2.19320342328349,2.64868572312872,0.366278137743768,1
76,98,-1,1,1.98449252275146,0.516210101186528,0.924783912505482,-1
76,99,-1,-1,1.89148687363709,0.800731789693196,0.606860757204272,1
76,100,1,1,2.19320342328349,2.64868572312872,0.369695415444013,1
76,101,1,1,2.19320342328349,2.64868572312872,0.538494411747117,1
77,2,-1,1,1.67795232831919,0.969725027673482,0.634527185196157,1
77,3,-1,1,1.67795232831919,0.969725027673482,0.314731499658798,1
77,4,-1,1,1.67795232831919,0.969725027673482,0.496750488086826,1
77,5,1,1,1.85442411517569,2.65621155421374,0.537781440079686,1
77,6,-1,1,1.67795232831919,0.969725027673482,0.754560383143254,-1
77,7,1,-1,1.76751427974526,0.56691292816786,0.547634602498795,-1
77,8,1,-1,1.76751427974526,0.56691292816786,0.482452433247522,1
77,9,1,1,1.85442411517569,2.65621155421374,0.455978203099143,1
77,10,1,1,1.85442411517569,2.65621155421374,0.670373679213854,1
77,11,-1,1,1.67795232831919,0.969725027673482,1.80507350237835,-1
77,12,1,-1,1.76751427974526,0.56691292816786,1.57133599465494,1
77,13,-1,1,1.67795232831919,0.969725027673482,1.80477814020629,1
77,14,-1,1,1.67795232831919,0.969725027673482,0.799851328350899,-1
77,15,1,-1,1.76751427974526,0.56691292816786,0.530598666719479,1
77,16,1,1,1.85442411517569,2.65621155421374,0.498106043346897,1
77,17,-1,1,1.67795232831919,0.969725027673482,0.46410390480767,1
77,18,-1,1,1.67795232831919,0.969725027673482,1.032784334985,1
77,19,-1,1,1.67795232831919,0.969725027673482,0.751674239285487,1
77,20,-1,1,1.67795232831919,0.969725027673482,0.469382097131341,1
77,21,-1,1,1.67795232831919,0.969725027673482,0.863120499020259,1
77,22,-1,1,1.67795232831919,0.969725027673482,1.16995264883299,1
77,23,1,1,1.85442411517569,2.65621155421374,0.599714493240258,1
77,24,-1,1,1.67795232831919,0.969725027673482,1.04063434760255,1
77,25,1,1,1.85442411517569,2.65621155421374,0.597735805102737,1
77,26,1,1,1.85442411517569,2.65621155421374,0.977247984515491,1
77,27,1,1,1.85442411517569,2.65621155421374,0.995322446143146,-1
77,28,1,-1,1.76751427974526,0.56691292816786,0.548410325005454,1
77,29,-1,1,1.67795232831919,0.969725027673482,0.356845645246812,1
77,30,1,1,1.85442411517569,2.65621155421374,0.411525244294298,1
77,31,-1,1,1.67795232831919,0.969725027673482,1.00483173975975,1
77,32,-1,1,1.67795232831919,0.969725027673482,0.753874383996464,1
77,33,-1,1,1.67795232831919,0.969725027673482,1.04702348205489,1
77,34,1,1,1.85442411517569,2.65621155421374,0.542471453574217,1
77,35,1,1,1.85442411517569,2.65621155421374,0.451825876764221,1
77,36,-1,1,1.67795232831919,0.969725027673482,0.774598162194135,1
77,37,-1,1,1.67795232831919,0.969725027673482,1.14337084614224,1
77,38,-1,1,1.67795232831919,0.969725027673482,0.476034135333986,1
77,39,-1,1,1.67795232831919,0.969725027673482,0.385079228320713,1
77,40,-1,1,1.67795232831919,0.969725027673482,0.621177636829274,1
77,41,1,1,1.85442411517569,2.65621155421374,0.321387101662672,1
77,42,1,1,1.85442411517569,2.65621155421374,0.476041349008425,1
77,43,1,1,1.85442411517569,2.65621155421374,0.686299656833871,1
77,44,1,1,1.85442411517569,2.65621155421374,0.823500335543364,1
77,45,1,1,1.85442411517569,2.65621155421374,0.498573874815283,1
77,46,-1,1,1.67795232831919,0.969725027673482,0.57601509922205,1
77,47,1,1,1.85442411517569,2.65621155421374,0.694275980564898,1
77,48,-1,1,1.67795232831919,0.969725027673482,0.729602229638832,-1
77,49,1,-1,1.76751427974526,0.56691292816786,0.453478500380648,1
77,50,-1,1,1.67795232831919,0.969725027673482,1.26838678156438,1
77,51,-1,1,1.67795232831919,0.969725027673482,0.68549429292885,1
77,52,1,1,1.85442411517569,2.65621155421374,0.406758344187126,1
77,53,-1,1,1.67795232831919,0.969725027673482,0.583948611427709,1
77,54,1,1,1.85442411517569,2.65621155421374,0.433266812140488,1
77,55,-1,1,1.67795232831919,0.969725027673482,0.535122038628524,1
77,56,1,1,1.85442411517569,2.65621155421374,2.70216030293621,1
77,57,-1,1,1.67795232831919,0.969725027673482,0.609294831231701,1
77,58,-1,1,1.67795232831919,0.969725027673482,0.387195370657255,1
77,59,-1,1,1.67795232831919,0.969725027673482,0.805406513935121,-1
77,60,-1,-1,1.59931305722639,0.607150489944915,0.375452622479693,1
77,61,-1,1,1.67795232831919,0.969725027673482,0.73439232848689,1
77,62,1,1,1.85442411517569,2.65621155421374,0.572659902665403,1
77,63,1,1,1.85442411517569,2.65621155421374,0.435952740572705,1
77,64,1,1,1.85442411517569,2.65621155421374,0.489993811844635,1
77,65,-1,1,1.67795232831919,0.969725027673482,0.485670110089102,1
77,66,1,1,1.85442411517569,2.65621155421374,1.60837086459853,-1
77,67,1,-1,1.76751427974526,0.56691292816786,0.49824691095666,1
77,68,1,1,1.85442411517569,2.65621155421374,0.578425876906935,1
77,69,1,1,1.85442411517569,2.65621155421374,0.573910038120182,1
77,70,-1,1,1.67795232831919,0.969725027673482,0.578531942795369,1
77,71,-1,1,1.67795232831919,0.969725027673482,0.526384114691669,1
77,72,-1,1,1.67795232831919,0.969725027673482,1.88664447520468,1
77,73,1,1,1.85442411517569,2.65621155421374,1.24576189812953,1
77,74,-1,1,1.67795232831919,0.969725027673482,1.23758175861478,1
77,75,1,1,1.85442411517569,2.65621155421374,0.398869613001298,1
77,76,1,1,1.85442411517569,2.65621155421374,1.13199638966815,1
77,77,1,1,1.85442411517569,2.65621155421374,0.356426006677017,1
77,78,-1,1,1.67795232831919,0.969725027673482,0.46925171966631,1
77,79,-1,1,1.67795232831919,0.969725027673482,1.42176070688538,1
77,80,1,1,1.85442411517569,2.65621155421374,0.611567428131569,1
77,81,-1,1,1.67795232831919,0.969725027673482,0.830949409510335,1
77,82,-1,1,1.67795232831919,0.969725027673482,0.55248243026877,1
77,83,-1,1,1.67795232831919,0.969725027673482,1.0296638635269,-1
77,84,1,-1,1.76751427974526,0.56691292816786,2.32582196278807,-1
77,85,1,-1,1.76751427974526,0.56691292816786,1.20285623998624,1
77,86,-1,1,1.67795232831919,0.969725027673482,1.15272739144819,1
77,87,1,1,1.85442411517569,2.65621155421374,0.30721666113673,1
77,88,1,1,1.85442411517569,2.65621155421374,0.477193644190368,1
77,89,-1,1,1.67795232831919,0.969725027673482,0.399821510617734,1
77,90,1,1,1.85442411517569,2.65621155421374,0.357223017952745,1
77,91,-1,1,1.67795232831919,0.969725027673482,0.327718191148679,1
77,92,1,1,1.85442411517569,2.65621155421374,0.38095020447196,1
77,93,1,1,1.85442411517569,2.65621155421374,0.904303931194828,1
77,94,-1,1,1.67795232831919,0.969725027673482,0.718865711642906,1
77,95,1,1,1.85442411517569,2.65621155421374,0.374486421240881,1
77,96,1,1,1.85442411517569,2.65621155421374,0.595259822533257,1
77,97,1,1,1.85442411517569,2.65621155421374,0.442045938110942,1
77,98,1,1,1.85442411517569,2.65621155421374,0.386681167162226,1
77,99,-1,1,1.67795232831919,0.969725027673482,1.0902116855927,1
77,100,1,1,1.85442411517569,2.65621155421374,0.641957241728265,1
77,101,-1,1,1.67795232831919,0.969725027673482,0.73555497624057,1
78,2,1,1,1.73915501468328,3.57059733765382,0.232065531776609,-1
78,3,1,-1,1.65764740545991,0.12805528586241,0.919214069865616,-1
78,4,-1,-1,1.49990139837035,0.334958161773103,0.685170251784489,1
78,5,-1,1,1.57365253305031,0.766389214710666,0.321438033339236,1
78,6,1,1,1.73915501468328,3.57059733765382,0.271166361456289,1
78,7,1,1,1.73915501468328,3.57059733765382,0.407308393010154,1
78,8,1,1,1.73915501468328,3.57059733765382,0.362259528327538,1
78,9,1,1,1.73915501468328,3.57059733765382,0.313996330948022,1
78,10,1,1,1.73915501468328,3.57059733765382,0.416097685099351,1
78,11,-1,1,1.57365253305031,0.766389214710666,2.61073422072224,1
78,12,1,1,1.73915501468328,3.57059733765382,0.326891968045602,1
78,13,-1,1,1.57365253305031,0.766389214710666,0.477983659577273,-1
78,14,-1,-1,1.49990139837035,0.334958161773103,0.840491115553729,1
78,15,-1,1,1.57365253305031,0.766389214710666,0.526520035059923,1
78,16,1,1,1.73915501468328,3.57059733765382,0.368840482972711,1
78,17,1,1,1.73915501468328,3.57059733765382,0.305486354797703,1
78,18,-1,1,1.57365253305031,0.766389214710666,0.635480690670429,1
78,19,-1,1,1.57365253305031,0.766389214710666,0.346502510235688,1
78,20,-1,1,1.57365253305031,0.766389214710666,0.892877002085033,1
78,21,1,1,1.73915501468328,3.57059733765382,0.355594499591766,1
78,22,1,1,1.73915501468328,3.57059733765382,0.529011123154313,1
78,23,1,1,1.73915501468328,3.57059733765382,0.29152737834761,1
78,24,1,1,1.73915501468328,3.57059733765382,0.33873100253137,1
78,25,1,1,1.73915501468328,3.57059733765382,0.89703274083132,1
78,26,1,1,1.73915501468328,3.57059733765382,0.334559426018003,1
78,27,-1,1,1.57365253305031,0.766389214710666,0.447383780372422,1
78,28,-1,1,1.57365253305031,0.766389214710666,1.92466850752333,-1
78,29,-1,-1,1.49990139837035,0.334958161773103,0.602047553157103,-1
78,30,1,-1,1.65764740545991,0.12805528586241,0.470249861164213,1
78,31,-1,1,1.57365253305031,0.766389214710666,1.13414899162001,-1
78,32,-1,-1,1.49990139837035,0.334958161773103,0.346546876416707,1
78,33,-1,1,1.57365253305031,0.766389214710666,0.32764395465747,-1
78,34,-1,-1,1.49990139837035,0.334958161773103,0.757209670044186,1
78,35,1,1,1.73915501468328,3.57059733765382,0.268524605944476,1
78,36,-1,1,1.57365253305031,0.766389214710666,0.379448461223954,1
78,37,1,1,1.73915501468328,3.57059733765382,0.359119955133761,1
78,38,1,1,1.73915501468328,3.57059733765382,0.351131738671031,1
78,39,1,1,1.73915501468328,3.57059733765382,0.366121810185329,1
78,40,-1,1,1.57365253305031,0.766389214710666,0.416840290540562,1
78,41,-1,1,1.57365253305031,0.766389214710666,0.361006029894842,1
78,42,-1,1,1.57365253305031,0.766389214710666,0.59268271546358,1
78,43,1,1,1.73915501468328,3.57059733765382,0.370682972178636,1
78,44,-1,1,1.57365253305031,0.766389214710666,1.66444634180541,-1
78,45,-1,-1,1.49990139837035,0.334958161773103,0.487352564940111,-1
78,46,1,-1,1.65764740545991,0.12805528586241,1.2666705799206,-1
78,47,1,-1,1.65764740545991,0.12805528586241,0.417386935948866,1
78,48,-1,1,1.57365253305031,0.766389214710666,0.306527558918413,1
78,49,-1,1,1.57365253305031,0.766389214710666,0.395794635316459,1
78,50,1,1,1.73915501468328,3.57059733765382,0.518188952616063,1
78,51,-1,1,1.57365253305031,0.766389214710666,1.08544531056567,1
78,52,1,1,1.73915501468328,3.57059733765382,0.263186437210396,1
78,53,-1,1,1.57365253305031,0.766389214710666,0.619981779789804,1
78,54,-1,1,1.57365253305031,0.766389214710666,0.904963988424636,1
78,55,1,1,1.73915501468328,3.57059733765382,0.592810410070929,1
78,56,1,1,1.73915501468328,3.57059733765382,0.430512698475407,1
78,57,1,1,1.73915501468328,3.57059733765382,0.407038751080046,1
78,58,-1,1,1.57365253305031,0.766389214710666,1.03717278920938,-1
78,59,1,-1,1.65764740545991,0.12805528586241,1.73073524925355,-1
78,60,-1,-1,1.49990139837035,0.334958161773103,0.697429288654267,1
78,61,-1,1,1.57365253305031,0.766389214710666,0.527352927736979,1
78,62,1,1,1.73915501468328,3.57059733765382,0.328156802617857,1
78,63,-1,1,1.57365253305031,0.766389214710666,0.321357117989254,-1
78,64,-1,-1,1.49990139837035,0.334958161773103,0.261653603893136,1
78,65,-1,1,1.57365253305031,0.766389214710666,1.13228828063315,1
78,66,1,1,1.73915501468328,3.57059733765382,0.315941638809776,1
78,67,-1,1,1.57365253305031,0.766389214710666,0.644396094729406,1
78,68,-1,1,1.57365253305031,0.766389214710666,0.236981086332608,1
78,69,-1,1,1.57365253305031,0.766389214710666,0.336461384037733,1
78,70,-1,1,1.57365253305031,0.766389214710666,0.289019029769272,1
78,71,-1,1,1.57365253305031,0.766389214710666,2.21672523411706,-1
78,72,-1,-1,1.49990139837035,0.334958161773103,0.703275075007997,1
78,73,1,1,1.73915501468328,3.57059733765382,0.408403407094343,1
78,74,1,1,1.73915501468328,3.57059733765382,0.489754005786745,1
78,75,1,1,1.73915501468328,3.57059733765382,0.496019515209671,1
78,76,-1,1,1.57365253305031,0.766389214710666,0.713398190577568,1
78,77,-1,1,1.57365253305031,0.766389214710666,0.664997873942943,1
78,78,-1,1,1.57365253305031,0.766389214710666,0.773702771199361,-1
78,79,1,-1,1.65764740545991,0.12805528586241,2.44112204317546,-1
78,80,1,-1,1.65764740545991,0.12805528586241,0.907192433375719,-1
78,81,-1,-1,1.49990139837035,0.334958161773103,0.308926836450873,1
78,82,1,1,1.73915501468328,3.57059733765382,0.645948302709394,1
78,83,-1,1,1.57365253305031,0.766389214710666,0.380359438478182,-1
78,84,1,-1,1.65764740545991,0.12805528586241,0.45952090527889,1
78,85,1,1,1.73915501468328,3.57059733765382,0.436151344832538,1
78,86,1,1,1.73915501468328,3.57059733765382,0.355477410861386,1
78,87,-1,1,1.57365253305031,0.766389214710666,0.435762942478058,1
78,88,-1,1,1.57365253305031,0.766389214710666,0.569347335220955,-1
78,89,1,-1,1.65764740545991,0.12805528586241,1.91012743138069,1
78,90,1,1,1.73915501468328,3.57059733765382,0.943257327369304,1
78,91,1,1,1.73915501468328,3.57059733765382,0.412550593276562,1
78,92,1,1,1.73915501468328,3.57059733765382,0.209585658896048,1
78,93,-1,1,1.57365253305031,0.766389214710666,0.371310170490716,1
78,94,1,1,1.73915501468328,3.57059733765382,0.571398466374942,1
78,95,-1,1,1.57365253305031,0.766389214710666,0.723694528537138,1
78,96,-1,1,1.57365253305031,0.766389214710666,0.71674025969313,-1
78,97,1,-1,1.65764740545991,0.12805528586241,1.23314687619613,-1
78,98,1,-1,1.65764740545991,0.12805528586241,1.19128060531939,-1
78,99,-1,-1,1.49990139837035,0.334958161773103,0.387395943087483,-1
78,100,1,-1,1.65764740545991,0.12805528586241,0.425982600735917,-1
78,101,1,-1,1.65764740545991,0.12805528586241,0.465208909715849,-1
79,2,-1,1,1.49508676192604,0.669816895884127,0.869586064652843,-1
79,3,1,-1,1.57488812796574,0.921042643651702,0.605843398754796,1
79,4,1,1,1.65232640928055,3.5052725497946,0.278153998454687,1
79,5,-1,1,1.49508676192604,0.669816895884127,1.09867375574912,1
79,6,1,1,1.65232640928055,3.5052725497946,0.388252636121579,1
79,7,-1,1,1.49508676192604,0.669816895884127,0.882319528902247,1
79,8,1,1,1.65232640928055,3.5052725497946,0.416548015023471,1
79,9,-1,1,1.49508676192604,0.669816895884127,0.560968209062331,1
79,10,1,1,1.65232640928055,3.5052725497946,0.719027095397897,1
79,11,-1,1,1.49508676192604,0.669816895884127,0.505107171685331,-1
79,12,1,-1,1.57488812796574,0.921042643651702,0.43615541583473,1
79,13,-1,1,1.49508676192604,0.669816895884127,0.416784436664232,-1
79,14,-1,-1,1.42501770740401,-0.296132089330428,0.311311280735499,1
79,15,-1,1,1.49508676192604,0.669816895884127,1.89091330656826,1
79,16,-1,1,1.49508676192604,0.669816895884127,1.1717166323829,-1
79,17,1,-1,1.57488812796574,0.921042643651702,0.445681916839145,1
79,18,-1,1,1.49508676192604,0.669816895884127,0.526091106771652,1
79,19,-1,1,1.49508676192604,0.669816895884127,0.364956444506772,1
79,20,-1,1,1.49508676192604,0.669816895884127,0.443774474008861,1
79,21,1,1,1.65232640928055,3.5052725497946,0.328741303894528,1
79,22,1,1,1.65232640928055,3.5052725497946,0.42017047778221,1
79,23,1,1,1.65232640928055,3.5052725497946,0.827264447071558,1
79,24,1,1,1.65232640928055,3.5052725497946,0.622585920621593,1
79,25,-1,1,1.49508676192604,0.669816895884127,1.62924774393568,1
79,26,-1,1,1.49508676192604,0.669816895884127,0.485755621735629,1
79,27,-1,1,1.49508676192604,0.669816895884127,0.390239778124053,1
79,28,1,1,1.65232640928055,3.5052725497946,0.299755869564148,1
79,29,1,1,1.65232640928055,3.5052725497946,0.422185323339076,1
79,30,-1,1,1.49508676192604,0.669816895884127,0.477524281470186,1
79,31,1,1,1.65232640928055,3.5052725497946,0.389978650515718,1
79,32,1,1,1.65232640928055,3.5052725497946,0.542023823158712,1
79,33,-1,1,1.49508676192604,0.669816895884127,0.437200608164486,1
79,34,1,1,1.65232640928055,3.5052725497946,0.439551337378125,1
79,35,-1,1,1.49508676192604,0.669816895884127,0.345696831597339,-1
79,36,1,-1,1.57488812796574,0.921042643651702,0.750898999760319,1
79,37,-1,1,1.49508676192604,0.669816895884127,0.522912588062292,1
79,38,-1,1,1.49508676192604,0.669816895884127,0.629590498902133,1
79,39,1,1,1.65232640928055,3.5052725497946,0.374466409908022,1
79,40,-1,1,1.49508676192604,0.669816895884127,0.453544044256354,1
79,41,1,1,1.65232640928055,3.5052725497946,0.648434362521941,1
79,42,1,1,1.65232640928055,3.5052725497946,0.527770996213052,1
79,43,1,1,1.65232640928055,3.5052725497946,0.30958302795195,1
79,44,-1,1,1.49508676192604,0.669816895884127,1.45664758328391,1
79,45,-1,1,1.49508676192604,0.669816895884127,0.533332410600784,-1
79,46,1,-1,1.57488812796574,0.921042643651702,0.624605146069856,1
79,47,1,1,1.65232640928055,3.5052725497946,0.343531200136125,1
79,48,1,1,1.65232640928055,3.5052725497946,0.37104136953442,1
79,49,1,1,1.65232640928055,3.5052725497946,0.906717686164487,1
79,50,1,1,1.65232640928055,3.5052725497946,1.01048830974961,1
79,51,1,1,1.65232640928055,3.5052725497946,0.41616846273525,1
79,52,-1,1,1.49508676192604,0.669816895884127,0.493880941241167,1
79,53,-1,1,1.49508676192604,0.669816895884127,0.397222682976251,1
79,54,1,1,1.65232640928055,3.5052725497946,0.374942639378351,1
79,55,1,1,1.65232640928055,3.5052725497946,0.444765778099037,1
79,56,-1,1,1.49508676192604,0.669816895884127,0.578479102725812,1
79,57,-1,1,1.49508676192604,0.669816895884127,0.413522615994634,1
79,58,-1,1,1.49508676192604,0.669816895884127,0.620751443021289,-1
79,59,-1,-1,1.42501770740401,-0.296132089330428,0.546020763551589,-1
79,60,-1,-1,1.42501770740401,-0.296132089330428,0.327529939449725,-1
79,61,-1,-1,1.42501770740401,-0.296132089330428,0.538259878079256,-1
79,62,1,-1,1.57488812796574,0.921042643651702,0.779397652872558,1
79,63,-1,1,1.49508676192604,0.669816895884127,0.26474559711,1
79,64,1,1,1.65232640928055,3.5052725497946,0.41885805781834,1
79,65,-1,1,1.49508676192604,0.669816895884127,3.23357283791152,1
79,66,1,1,1.65232640928055,3.5052725497946,0.410098685024567,1
79,67,-1,1,1.49508676192604,0.669816895884127,0.348464042333154,1
79,68,1,1,1.65232640928055,3.5052725497946,0.503172798222408,1
79,69,-1,1,1.49508676192604,0.669816895884127,0.271560143979149,1
79,70,1,1,1.65232640928055,3.5052725497946,0.579562890024547,1
79,71,-1,1,1.49508676192604,0.669816895884127,0.941191241578524,1
79,72,1,1,1.65232640928055,3.5052725497946,0.284707667372443,1
79,73,1,1,1.65232640928055,3.5052725497946,0.364364821260557,1
79,74,1,1,1.65232640928055,3.5052725497946,0.465125531093818,1
79,75,1,1,1.65232640928055,3.5052725497946,0.466944676094564,1
79,76,1,1,1.65232640928055,3.5052725497946,0.554676297682817,1
79,77,-1,1,1.49508676192604,0.669816895884127,0.752767320786011,1
79,78,-1,1,1.49508676192604,0.669816895884127,0.324941081311419,-1
79,79,-1,-1,1.42501770740401,-0.296132089330428,0.377373479288154,-1
79,80,1,-1,1.57488812796574,0.921042643651702,0.812296625130642,1
79,81,-1,1,1.49508676192604,0.669816895884127,0.333425271027456,1
79,82,1,1,1.65232640928055,3.5052725497946,0.456797124650381,1
79,83,-1,1,1.49508676192604,0.669816895884127,0.383984108832825,1
79,84,1,1,1.65232640928055,3.5052725497946,0.390858294047242,1
79,85,-1,1,1.49508676192604,0.669816895884127,0.699811268679764,-1
79,86,1,-1,1.57488812796574,0.921042643651702,0.651911675201919,1
79,87,1,1,1.65232640928055,3.5052725497946,0.361826947800925,1
79,88,-1,1,1.49508676192604,0.669816895884127,0.775452434476182,1
79,89,1,1,1.65232640928055,3.5052725497946,0.308516099653133,1
79,90,-1,1,1.49508676192604,0.669816895884127,0.640269357408108,1
79,91,1,1,1.65232640928055,3.5052725497946,0.531477148017573,1
79,92,1,1,1.65232640928055,3.5052725497946,0.338594407902144,1
79,93,1,1,1.65232640928055,3.5052725497946,0.739824760259258,1
79,94,-1,1,1.49508676192604,0.669816895884127,0.702623778456839,-1
79,95,-1,-1,1.42501770740401,-0.296132089330428,0.325048597596223,1
79,96,-1,1,1.49508676192604,0.669816895884127,0.760408834335206,1
79,97,1,1,1.65232640928055,3.5052725497946,0.5911742494908,1
79,98,1,1,1.65232640928055,3.5052725497946,0.403333141530012,1
79,99,-1,1,1.49508676192604,0.669816895884127,0.306212029182046,1
79,100,-1,1,1.49508676192604,0.669816895884127,0.33587640809689,1
79,101,-1,1,1.49508676192604,0.669816895884127,0.40719717125696,-1
80,2,1,1,1.59017205073246,3.31779840092052,0.334760713648611,1
80,3,-1,1,1.4388471726177,-0.978046217226768,0.42610827142986,1
80,4,1,1,1.59017205073246,3.31779840092052,0.504568683187499,1
80,5,-1,1,1.4388471726177,-0.978046217226768,0.433772981443577,-1
80,6,-1,-1,1.37141385466287,-0.965903864499245,0.403367540950187,1
80,7,-1,1,1.4388471726177,-0.978046217226768,0.735228240429192,1
80,8,-1,1,1.4388471726177,-0.978046217226768,0.391276940369813,-1
80,9,1,-1,1.51564670881943,3.42615168080549,0.479643606174021,1
80,10,-1,1,1.4388471726177,-0.978046217226768,0.761126893313501,-1
80,11,-1,-1,1.37141385466287,-0.965903864499245,0.889106995772017,-1
80,12,1,-1,1.51564670881943,3.42615168080549,0.48934359192524,1
80,13,1,1,1.59017205073246,3.31779840092052,0.4027906421224,1
80,14,1,1,1.59017205073246,3.31779840092052,0.390697022723992,1
80,15,-1,1,1.4388471726177,-0.978046217226768,0.785085901688609,-1
80,16,-1,-1,1.37141385466287,-0.965903864499245,0.345270247632456,-1
80,17,1,-1,1.51564670881943,3.42615168080549,0.488277628067876,1
80,18,-1,1,1.4388471726177,-0.978046217226768,0.847072967648756,-1
80,19,-1,-1,1.37141385466287,-0.965903864499245,1.69918529465952,-1
80,20,1,-1,1.51564670881943,3.42615168080549,0.408605531775124,1
80,21,-1,1,1.4388471726177,-0.978046217226768,0.968586422748209,-1
80,22,-1,-1,1.37141385466287,-0.965903864499245,2.04946276532185,-1
80,23,-1,-1,1.37141385466287,-0.965903864499245,0.418530815471043,-1
80,24,1,-1,1.51564670881943,3.42615168080549,1.21329627946707,1
80,25,-1,1,1.4388471726177,-0.978046217226768,0.536102485294879,1
80,26,-1,1,1.4388471726177,-0.978046217226768,0.437469758634614,-1
80,27,-1,-1,1.37141385466287,-0.965903864499245,0.401447388960561,1
80,28,1,1,1.59017205073246,3.31779840092052,0.379267713384311,1
80,29,1,1,1.59017205073246,3.31779840092052,0.447281513490021,1
80,30,1,1,1.59017205073246,3.31779840092052,0.406216095103115,1
80,31,-1,1,1.4388471726177,-0.978046217226768,0.575667235197895,-1
80,32,1,-1,1.51564670881943,3.42615168080549,0.458006538648496,1
80,33,1,1,1.59017205073246,3.31779840092052,0.457323363484684,1
80,34,1,1,1.59017205073246,3.31779840092052,0.320378821449034,1
80,35,-1,1,1.4388471726177,-0.978046217226768,0.391004265677237,-1
80,36,-1,-1,1.37141385466287,-0.965903864499245,0.543535355597207,-1
80,37,1,-1,1.51564670881943,3.42615168080549,0.4945672640054,1
80,38,1,1,1.59017205073246,3.31779840092052,0.582448034516472,1
80,39,1,1,1.59017205073246,3.31779840092052,0.57154831118232,1
80,40,-1,1,1.4388471726177,-0.978046217226768,2.05418986357004,-1
80,41,1,-1,1.51564670881943,3.42615168080549,0.415076502596567,1
80,42,-1,1,1.4388471726177,-0.978046217226768,0.724958030485857,-1
80,43,1,-1,1.51564670881943,3.42615168080549,0.307842702403648,1
80,44,-1,1,1.4388471726177,-0.978046217226768,0.883024625302075,-1
80,45,1,-1,1.51564670881943,3.42615168080549,0.97835627112633,1
80,46,-1,1,1.4388471726177,-0.978046217226768,0.478862051042208,-1
80,47,-1,-1,1.37141385466287,-0.965903864499245,0.396872473169179,-1
80,48,-1,-1,1.37141385466287,-0.965903864499245,0.44732683925759,-1
80,49,1,-1,1.51564670881943,3.42615168080549,0.583382852036529,1
80,50,1,1,1.59017205073246,3.31779840092052,0.520349487267073,1
80,51,1,1,1.59017205073246,3.31779840092052,0.887845503980125,1
80,52,1,1,1.59017205073246,3.31779840092052,0.578700824012777,1
80,53,-1,1,1.4388471726177,-0.978046217226768,0.524103880955016,-1
80,54,1,-1,1.51564670881943,3.42615168080549,0.550572345791873,1
80,55,1,1,1.59017205073246,3.31779840092052,0.541789936749399,1
80,56,1,1,1.59017205073246,3.31779840092052,0.404641156128533,1
80,57,-1,1,1.4388471726177,-0.978046217226768,0.605164702110784,-1
80,58,1,-1,1.51564670881943,3.42615168080549,0.386615357726777,1
80,59,-1,1,1.4388471726177,-0.978046217226768,1.8820811005062,-1
80,60,1,-1,1.51564670881943,3.42615168080549,0.373292428284104,1
80,61,-1,1,1.4388471726177,-0.978046217226768,0.647169755682052,-1
80,62,1,-1,1.51564670881943,3.42615168080549,0.548844397500808,1
80,63,-1,1,1.4388471726177,-0.978046217226768,0.491332098125667,-1
80,64,1,-1,1.51564670881943,3.42615168080549,0.426859204160471,1
80,65,-1,1,1.4388471726177,-0.978046217226768,1.35702998444942,-1
80,66,1,-1,1.51564670881943,3.42615168080549,0.397009745469127,1
80,67,1,1,1.59017205073246,3.31779840092052,0.401021745255206,1
80,68,-1,1,1.4388471726177,-0.978046217226768,0.420471471057039,-1
80,69,1,-1,1.51564670881943,3.42615168080549,0.504168479227482,1
80,70,1,1,1.59017205073246,3.31779840092052,0.560811137524197,1
80,71,-1,1,1.4388471726177,-0.978046217226768,0.389399690672828,-1
80,72,1,-1,1.51564670881943,3.42615168080549,0.33338324062207,1
80,73,-1,1,1.4388471726177,-0.978046217226768,1.39264617159897,-1
80,74,-1,-1,1.37141385466287,-0.965903864499245,0.60286535951731,-1
80,75,-1,-1,1.37141385466287,-0.965903864499245,0.825166890786423,-1
80,76,-1,-1,1.37141385466287,-0.965903864499245,0.643696090713303,-1
80,77,1,-1,1.51564670881943,3.42615168080549,0.5018723574445,1
80,78,-1,1,1.4388471726177,-0.978046217226768,0.679215097065087,-1
80,79,-1,-1,1.37141385466287,-0.965903864499245,0.509461861320486,-1
80,80,-1,-1,1.37141385466287,-0.965903864499245,0.848725711559347,-1
80,81,-1,-1,1.37141385466287,-0.965903864499245,0.608093072115805,-1
80,82,-1,-1,1.37141385466287,-0.965903864499245,0.350385048005678,-1
80,83,1,-1,1.51564670881943,3.42615168080549,0.609850889513581,1
80,84,1,1,1.59017205073246,3.31779840092052,0.480069301897855,1
80,85,1,1,1.59017205073246,3.31779840092052,0.644813348396403,1
80,86,1,1,1.59017205073246,3.31779840092052,0.45755531111272,1
80,87,1,1,1.59017205073246,3.31779840092052,0.566714455900717,1
80,88,-1,1,1.4388471726177,-0.978046217226768,0.943130623300036,-1
80,89,-1,-1,1.37141385466287,-0.965903864499245,0.96384889614612,-1
80,90,-1,-1,1.37141385466287,-0.965903864499245,0.370690758306253,-1
80,91,1,-1,1.51564670881943,3.42615168080549,0.422608895516328,1
80,92,-1,1,1.4388471726177,-0.978046217226768,0.628579259998492,-1
80,93,1,-1,1.51564670881943,3.42615168080549,0.350368905376877,1
80,94,1,1,1.59017205073246,3.31779840092052,0.530090779139497,1
80,95,-1,1,1.4388471726177,-0.978046217226768,0.782220579099257,-1
80,96,1,-1,1.51564670881943,3.42615168080549,0.341852019152233,1
80,97,1,1,1.59017205073246,3.31779840092052,0.61948524742573,1
80,98,-1,1,1.4388471726177,-0.978046217226768,0.429929170606007,-1
80,99,1,-1,1.51564670881943,3.42615168080549,0.405822169313553,1
80,100,-1,1,1.4388471726177,-0.978046217226768,0.802437133971259,-1
80,101,1,-1,1.51564670881943,3.42615168080549,0.645815984589948,1
81,2,-1,1,1.9264602152619,0.459383730816637,0.349266272265337,-1
81,3,1,-1,2.02928645967397,0.965534299163358,0.361603411115816,1
81,4,1,1,2.12906780473721,3.61837664546234,0.406602152631013,1
81,5,1,1,2.12906780473721,3.61837664546234,0.31867253718573,1
81,6,1,1,2.12906780473721,3.61837664546234,0.473211273575532,1
81,7,-1,1,1.9264602152619,0.459383730816637,0.664433080516435,-1
81,8,1,-1,2.02928645967397,0.965534299163358,0.385490948071989,1
81,9,1,1,2.12906780473721,3.61837664546234,0.503745749320033,1
81,10,-1,1,1.9264602152619,0.459383730816637,1.88542245972273,1
81,11,-1,1,1.9264602152619,0.459383730816637,0.807765787468607,1
81,12,1,1,2.12906780473721,3.61837664546234,0.613436129785695,1
81,13,1,1,2.12906780473721,3.61837664546234,0.349567665241725,1
81,14,-1,1,1.9264602152619,0.459383730816637,1.19069170434954,1
81,15,1,1,2.12906780473721,3.61837664546234,0.567107470490333,1
81,16,-1,1,1.9264602152619,0.459383730816637,0.788421829870593,1
81,17,1,1,2.12906780473721,3.61837664546234,0.615037965102923,1
81,18,1,1,2.12906780473721,3.61837664546234,0.479135190858708,1
81,19,-1,1,1.9264602152619,0.459383730816637,1.37989222570547,-1
81,20,-1,-1,1.83617432062672,-0.243294675442335,0.636606669953821,-1
81,21,-1,-1,1.83617432062672,-0.243294675442335,0.652957825673977,-1
81,22,1,-1,2.02928645967397,0.965534299163358,0.622571733172166,1
81,23,-1,1,1.9264602152619,0.459383730816637,1.29736318846665,1
81,24,1,1,2.12906780473721,3.61837664546234,0.332949210487316,1
81,25,1,1,2.12906780473721,3.61837664546234,0.620731615649047,1
81,26,1,1,2.12906780473721,3.61837664546234,0.64662023281408,1
81,27,1,1,2.12906780473721,3.61837664546234,0.402051211884381,1
81,28,-1,1,1.9264602152619,0.459383730816637,0.537465305094255,1
81,29,-1,1,1.9264602152619,0.459383730816637,0.876574373153494,1
81,30,-1,1,1.9264602152619,0.459383730816637,0.555711248825483,1
81,31,-1,1,1.9264602152619,0.459383730816637,0.762736417635977,1
81,32,1,1,2.12906780473721,3.61837664546234,0.406573878008684,1
81,33,-1,1,1.9264602152619,0.459383730816637,0.824408927629787,-1
81,34,1,-1,2.02928645967397,0.965534299163358,0.509850421863434,1
81,35,1,1,2.12906780473721,3.61837664546234,0.649238384385041,1
81,36,-1,1,1.9264602152619,0.459383730816637,2.21072695642441,-1
81,37,1,-1,2.02928645967397,0.965534299163358,0.991367591382537,1
81,38,1,1,2.12906780473721,3.61837664546234,0.422857040546528,1
81,39,-1,1,1.9264602152619,0.459383730816637,0.801861373259176,1
81,40,-1,1,1.9264602152619,0.459383730816637,0.34731656845859,1
81,41,-1,1,1.9264602152619,0.459383730816637,0.577261921887453,1
81,42,1,1,2.12906780473721,3.61837664546234,0.564180290284389,1
81,43,1,1,2.12906780473721,3.61837664546234,0.51169534003092,1
81,44,1,1,2.12906780473721,3.61837664546234,0.401614378978164,1
81,45,1,1,2.12906780473721,3.61837664546234,0.351582468641541,1
81,46,1,1,2.12906780473721,3.61837664546234,0.549987062118683,1
81,47,1,1,2.12906780473721,3.61837664546234,0.344932510223594,1
81,48,-1,1,1.9264602152619,0.459383730816637,1.12180643850921,1
81,49,-1,1,1.9264602152619,0.459383730816637,0.813296358692256,1
81,50,-1,1,1.9264602152619,0.459383730816637,0.646389523508233,-1
81,51,-1,-1,1.83617432062672,-0.243294675442335,0.3428922803151,-1
81,52,-1,-1,1.83617432062672,-0.243294675442335,0.901414069214572,1
81,53,-1,1,1.9264602152619,0.459383730816637,0.459516011753792,1
81,54,1,1,2.12906780473721,3.61837664546234,0.386012756510171,1
81,55,-1,1,1.9264602152619,0.459383730816637,1.38313095190621,1
81,56,1,1,2.12906780473721,3.61837664546234,0.716826977783042,1
81,57,-1,1,1.9264602152619,0.459383730816637,0.467653448694408,1
81,58,-1,1,1.9264602152619,0.459383730816637,1.3046519312635,1
81,59,-1,1,1.9264602152619,0.459383730816637,0.940163683461345,1
81,60,1,1,2.12906780473721,3.61837664546234,0.50272618934862,1
81,61,-1,1,1.9264602152619,0.459383730816637,1.0826445492527,1
81,62,1,1,2.12906780473721,3.61837664546234,0.495217596251193,1
81,63,-1,1,1.9264602152619,0.459383730816637,0.35889401508288,-1
81,64,-1,-1,1.83617432062672,-0.243294675442335,2.02037115413578,-1
81,65,1,-1,2.02928645967397,0.965534299163358,1.85197115384249,1
81,66,1,1,2.12906780473721,3.61837664546234,0.812097178110326,1
81,67,1,1,2.12906780473721,3.61837664546234,0.581011545466144,1
81,68,-1,1,1.9264602152619,0.459383730816637,0.786312050469406,1
81,69,-1,1,1.9264602152619,0.459383730816637,0.749343393823133,1
81,70,1,1,2.12906780473721,3.61837664546234,0.653580083883616,1
81,71,-1,1,1.9264602152619,0.459383730816637,1.66804675795491,-1
81,72,1,-1,2.02928645967397,0.965534299163358,0.419642257968742,1
81,73,1,1,2.12906780473721,3.61837664546234,0.410420782814261,1
81,74,-1,1,1.9264602152619,0.459383730816637,0.527027866882366,1
81,75,-1,1,1.9264602152619,0.459383730816637,0.61567902274716,1
81,76,-1,1,1.9264602152619,0.459383730816637,1.01633050548786,1
81,77,1,1,2.12906780473721,3.61837664546234,0.440969937845252,1
81,78,1,1,2.12906780473721,3.61837664546234,0.35541925884197,1
81,79,1,1,2.12906780473721,3.61837664546234,0.492523016972339,1
81,80,-1,1,1.9264602152619,0.459383730816637,1.56533474132306,-1
81,81,-1,-1,1.83617432062672,-0.243294675442335,0.355220153423634,-1
81,82,1,-1,2.02928645967397,0.965534299163358,0.514463593213365,1
81,83,1,1,2.12906780473721,3.61837664546234,0.745839305279951,1
81,84,-1,1,1.9264602152619,0.459383730816637,0.999809656582977,1
81,85,1,1,2.12906780473721,3.61837664546234,0.50229929523223,1
81,86,-1,1,1.9264602152619,0.459383730816637,1.45529144176879,1
81,87,1,1,2.12906780473721,3.61837664546234,0.453228540946873,1
81,88,1,1,2.12906780473721,3.61837664546234,0.431911524012975,1
81,89,-1,1,1.9264602152619,0.459383730816637,0.591138651322007,1
81,90,1,1,2.12906780473721,3.61837664546234,0.355494013901559,1
81,91,-1,1,1.9264602152619,0.459383730816637,0.896254343920784,1
81,92,1,1,2.12906780473721,3.61837664546234,0.387184628952625,1
81,93,1,1,2.12906780473721,3.61837664546234,0.508160978176197,1
81,94,-1,1,1.9264602152619,0.459383730816637,1.05633842194752,-1
81,95,1,-1,2.02928645967397,0.965534299163358,0.523686836450571,1
81,96,-1,1,1.9264602152619,0.459383730816637,2.29714256343234,1
81,97,-1,1,1.9264602152619,0.459383730816637,1.20051023287303,1
81,98,1,1,2.12906780473721,3.61837664546234,0.331866181926821,1
81,99,-1,1,1.9264602152619,0.459383730816637,0.604040285076357,1
81,100,-1,1,1.9264602152619,0.459383730816637,0.738388922651007,-1
81,101,-1,-1,1.83617432062672,-0.243294675442335,1.54613751268145,1
82,2,1,1,2.28081797096725,2.58861973451698,1.2544047031126,1
82,3,1,1,2.28081797096725,2.58861973451698,0.508677034939932,1
82,4,-1,1,2.06376944386002,0.276938181398223,1.00615469666772,-1
82,5,1,-1,2.17392467030244,0.195052857112095,0.876324774114156,-1
82,6,1,-1,2.17392467030244,0.195052857112095,0.747221184231742,-1
82,7,-1,-1,1.96704838568114,1.7393892269727,0.696524184777796,1
82,8,1,1,2.28081797096725,2.58861973451698,0.55095537281823,1
82,9,-1,1,2.06376944386002,0.276938181398223,0.819955797794399,-1
82,10,-1,-1,1.96704838568114,1.7393892269727,0.629916518297078,1
82,11,-1,1,2.06376944386002,0.276938181398223,0.916934102108194,-1
82,12,1,-1,2.17392467030244,0.195052857112095,0.8022129979015,-1
82,13,1,-1,2.17392467030244,0.195052857112095,1.29695827497297,-1
82,14,1,-1,2.17392467030244,0.195052857112095,1.35385841616077,1
82,15,1,1,2.28081797096725,2.58861973451698,0.480209859332688,1
82,16,1,1,2.28081797096725,2.58861973451698,0.404970883055892,1
82,17,-1,1,2.06376944386002,0.276938181398223,1.45668781354981,-1
82,18,-1,-1,1.96704838568114,1.7393892269727,0.661632916001057,1
82,19,1,1,2.28081797096725,2.58861973451698,0.417320766948487,1
82,20,1,1,2.28081797096725,2.58861973451698,0.461330010145141,1
82,21,1,1,2.28081797096725,2.58861973451698,0.826780704833369,1
82,22,-1,1,2.06376944386002,0.276938181398223,0.571744307510972,-1
82,23,1,-1,2.17392467030244,0.195052857112095,0.720155831956952,-1
82,24,1,-1,2.17392467030244,0.195052857112095,0.90100946980954,1
82,25,1,1,2.28081797096725,2.58861973451698,0.625310935508488,1
82,26,1,1,2.28081797096725,2.58861973451698,0.628427554230024,1
82,27,-1,1,2.06376944386002,0.276938181398223,1.05288904297009,1
82,28,-1,1,2.06376944386002,0.276938181398223,0.515008325517894,-1
82,29,-1,-1,1.96704838568114,1.7393892269727,0.890625622224033,1
82,30,1,1,2.28081797096725,2.58861973451698,1.22551549872725,1
82,31,-1,1,2.06376944386002,0.276938181398223,1.64126620512739,1
82,32,-1,1,2.06376944386002,0.276938181398223,0.763660342623044,1
82,33,1,1,2.28081797096725,2.58861973451698,0.843772516762843,1
82,34,-1,1,2.06376944386002,0.276938181398223,1.05773808559465,-1
82,35,1,-1,2.17392467030244,0.195052857112095,0.798678066936819,1
82,36,-1,1,2.06376944386002,0.276938181398223,0.738392971466519,1
82,37,1,1,2.28081797096725,2.58861973451698,0.432035136120982,1
82,38,-1,1,2.06376944386002,0.276938181398223,0.624572639275232,-1
82,39,-1,-1,1.96704838568114,1.7393892269727,0.831714106263282,1
82,40,-1,1,2.06376944386002,0.276938181398223,0.477146293647526,1
82,41,1,1,2.28081797096725,2.58861973451698,0.531248285997212,1
82,42,1,1,2.28081797096725,2.58861973451698,0.325391373074257,1
82,43,1,1,2.28081797096725,2.58861973451698,0.493633575884094,1
82,44,1,1,2.28081797096725,2.58861973451698,1.05842669645167,1
82,45,-1,1,2.06376944386002,0.276938181398223,1.10738096149435,-1
82,46,-1,-1,1.96704838568114,1.7393892269727,0.847392829582372,1
82,47,-1,1,2.06376944386002,0.276938181398223,1.56812521434474,1
82,48,1,1,2.28081797096725,2.58861973451698,0.518037499014118,1
82,49,-1,1,2.06376944386002,0.276938181398223,0.653514517473413,-1
82,50,-1,-1,1.96704838568114,1.7393892269727,0.822346830784672,1
82,51,1,1,2.28081797096725,2.58861973451698,0.57663512895469,1
82,52,-1,1,2.06376944386002,0.276938181398223,0.803319398136102,-1
82,53,-1,-1,1.96704838568114,1.7393892269727,1.3885051789673,1
82,54,1,1,2.28081797096725,2.58861973451698,0.862044432271668,1
82,55,1,1,2.28081797096725,2.58861973451698,0.3645368601379,1
82,56,-1,1,2.06376944386002,0.276938181398223,0.971468188348841,-1
82,57,-1,-1,1.96704838568114,1.7393892269727,0.861892223661312,1
82,58,1,1,2.28081797096725,2.58861973451698,0.653749862317722,1
82,59,-1,1,2.06376944386002,0.276938181398223,0.389181221420384,1
82,60,-1,1,2.06376944386002,0.276938181398223,1.03009315122466,-1
82,61,1,-1,2.17392467030244,0.195052857112095,1.38351470989263,-1
82,62,1,-1,2.17392467030244,0.195052857112095,0.528524321708766,1
82,63,-1,1,2.06376944386002,0.276938181398223,0.76355959553638,-1
82,64,-1,-1,1.96704838568114,1.7393892269727,0.62971037477684,1
82,65,1,1,2.28081797096725,2.58861973451698,1.88801583193474,1
82,66,-1,1,2.06376944386002,0.276938181398223,2.15441358661031,1
82,67,-1,1,2.06376944386002,0.276938181398223,0.835369675924644,1
82,68,-1,1,2.06376944386002,0.276938181398223,0.574623558649876,-1
82,69,-1,-1,1.96704838568114,1.7393892269727,1.00694471189339,1
82,70,1,1,2.28081797096725,2.58861973451698,0.430806586323914,1
82,71,1,1,2.28081797096725,2.58861973451698,0.598283957060837,1
82,72,1,1,2.28081797096725,2.58861973451698,0.525010350680623,1
82,73,1,1,2.28081797096725,2.58861973451698,0.502725464648806,1
82,74,1,1,2.28081797096725,2.58861973451698,0.729234662016811,1
82,75,-1,1,2.06376944386002,0.276938181398223,0.917624902087149,1
82,76,1,1,2.28081797096725,2.58861973451698,0.408596608722114,1
82,77,1,1,2.28081797096725,2.58861973451698,0.535329168053328,1
82,78,1,1,2.28081797096725,2.58861973451698,0.578517638534425,1
82,79,-1,1,2.06376944386002,0.276938181398223,0.746717982649597,1
82,80,-1,1,2.06376944386002,0.276938181398223,1.4438262682646,-1
82,81,-1,-1,1.96704838568114,1.7393892269727,0.357067989184256,1
82,82,1,1,2.28081797096725,2.58861973451698,0.992032214843068,1
82,83,1,1,2.28081797096725,2.58861973451698,0.664228360755793,1
82,84,1,1,2.28081797096725,2.58861973451698,0.372537321581853,1
82,85,-1,1,2.06376944386002,0.276938181398223,0.83689335608798,-1
82,86,-1,-1,1.96704838568114,1.7393892269727,1.69370780686324,1
82,87,-1,1,2.06376944386002,0.276938181398223,1.07059335361917,1
82,88,-1,1,2.06376944386002,0.276938181398223,2.68685496184127,1
82,89,-1,1,2.06376944386002,0.276938181398223,1.82058493884524,-1
82,90,1,-1,2.17392467030244,0.195052857112095,0.922339573175691,1
82,91,-1,1,2.06376944386002,0.276938181398223,1.37391563042531,-1
82,92,1,-1,2.17392467030244,0.195052857112095,1.03522580998932,1
82,93,-1,1,2.06376944386002,0.276938181398223,1.05724935864247,-1
82,94,1,-1,2.17392467030244,0.195052857112095,0.918987110284754,1
82,95,1,1,2.28081797096725,2.58861973451698,1.81602987550117,1
82,96,-1,1,2.06376944386002,0.276938181398223,1.11463811760266,1
82,97,1,1,2.28081797096725,2.58861973451698,0.747023712404086,1
82,98,-1,1,2.06376944386002,0.276938181398223,1.23231450713264,-1
82,99,-1,-1,1.96704838568114,1.7393892269727,0.380546167320028,1
82,100,-1,1,2.06376944386002,0.276938181398223,0.396068972870369,-1
82,101,1,-1,2.17392467030244,0.195052857112095,0.303422760299665,-1
83,2,-1,1,1.85888312800928,-0.175074157533016,2.89476060111236,-1
83,3,-1,-1,1.77176431553396,-0.40882539615248,0.98268370096612,1
83,4,1,1,2.05438357317735,2.58934899909268,0.970543393052927,1
83,5,1,1,2.05438357317735,2.58934899909268,0.491770763084365,1
83,6,1,1,2.05438357317735,2.58934899909268,0.488158420757931,1
83,7,-1,1,1.85888312800928,-0.175074157533016,0.57543516602315,-1
83,8,-1,-1,1.77176431553396,-0.40882539615248,0.501385372082873,1
83,9,-1,1,1.85888312800928,-0.175074157533016,0.355294951720149,-1
83,10,-1,-1,1.77176431553396,-0.40882539615248,0.336173153212431,1
83,11,1,1,2.05438357317735,2.58934899909268,0.434461306295573,1
83,12,1,1,2.05438357317735,2.58934899909268,0.821522650143582,1
83,13,1,1,2.05438357317735,2.58934899909268,0.311914046848733,1
83,14,-1,1,1.85888312800928,-0.175074157533016,0.396262779139214,-1
83,15,1,-1,1.95810239521234,2.79455055459282,0.39428849281352,1
83,16,-1,1,1.85888312800928,-0.175074157533016,1.89789536034549,1
83,17,1,1,2.05438357317735,2.58934899909268,0.277673735025137,1
83,18,1,1,2.05438357317735,2.58934899909268,0.410419413896408,1
83,19,1,1,2.05438357317735,2.58934899909268,0.381444453846383,1
83,20,1,1,2.05438357317735,2.58934899909268,0.41674369187961,1
83,21,1,1,2.05438357317735,2.58934899909268,1.21220053304561,1
83,22,-1,1,1.85888312800928,-0.175074157533016,1.75682226750304,-1
83,23,1,-1,1.95810239521234,2.79455055459282,1.28439121224749,1
83,24,1,1,2.05438357317735,2.58934899909268,0.421025668066519,1
83,25,-1,1,1.85888312800928,-0.175074157533016,0.861019349137323,1
83,26,1,1,2.05438357317735,2.58934899909268,0.801417944429653,1
83,27,1,1,2.05438357317735,2.58934899909268,0.626199389010709,1
83,28,-1,1,1.85888312800928,-0.175074157533016,1.68199973302592,-1
83,29,1,-1,1.95810239521234,2.79455055459282,0.895019951897308,1
83,30,-1,1,1.85888312800928,-0.175074157533016,1.08996515595054,1
83,31,-1,1,1.85888312800928,-0.175074157533016,0.928698126055291,-1
83,32,1,-1,1.95810239521234,2.79455055459282,0.469996720566109,1
83,33,-1,1,1.85888312800928,-0.175074157533016,0.743005211069826,-1
83,34,-1,-1,1.77176431553396,-0.40882539615248,0.823098856491436,-1
83,35,1,-1,1.95810239521234,2.79455055459282,0.689813624926533,1
83,36,1,1,2.05438357317735,2.58934899909268,0.635319149202373,1
83,37,-1,1,1.85888312800928,-0.175074157533016,1.2118491729616,-1
83,38,-1,-1,1.77176431553396,-0.40882539615248,0.282184356116712,1
83,39,-1,1,1.85888312800928,-0.175074157533016,1.8286075631037,1
83,40,1,1,2.05438357317735,2.58934899909268,0.420840833094138,1
83,41,-1,1,1.85888312800928,-0.175074157533016,0.6112527089745,1
83,42,1,1,2.05438357317735,2.58934899909268,0.410060058666374,1
83,43,1,1,2.05438357317735,2.58934899909268,1.43093319524302,1
83,44,-1,1,1.85888312800928,-0.175074157533016,2.01587794444291,-1
83,45,1,-1,1.95810239521234,2.79455055459282,0.732880335055021,1
83,46,-1,1,1.85888312800928,-0.175074157533016,1.0791705664145,1
83,47,-1,1,1.85888312800928,-0.175074157533016,0.742078835520911,1
83,48,-1,1,1.85888312800928,-0.175074157533016,3.08058927163596,1
83,49,1,1,2.05438357317735,2.58934899909268,0.505175158777186,1
83,50,1,1,2.05438357317735,2.58934899909268,0.853492492486495,1
83,51,-1,1,1.85888312800928,-0.175074157533016,1.74668114194867,-1
83,52,1,-1,1.95810239521234,2.79455055459282,0.366274496818354,1
83,53,-1,1,1.85888312800928,-0.175074157533016,1.00906280808985,-1
83,54,-1,-1,1.77176431553396,-0.40882539615248,0.394030835341489,1
83,55,1,1,2.05438357317735,2.58934899909268,0.244434555151241,1
83,56,-1,1,1.85888312800928,-0.175074157533016,0.645807370051127,-1
83,57,1,-1,1.95810239521234,2.79455055459282,0.683119177828762,1
83,58,-1,1,1.85888312800928,-0.175074157533016,0.494497125653143,-1
83,59,-1,-1,1.77176431553396,-0.40882539615248,0.404008526380595,1
83,60,-1,1,1.85888312800928,-0.175074157533016,0.839022324739152,-1
83,61,-1,-1,1.77176431553396,-0.40882539615248,1.13320596317439,-1
83,62,1,-1,1.95810239521234,2.79455055459282,0.298942493130797,1
83,63,1,1,2.05438357317735,2.58934899909268,0.23664250893036,1
83,64,-1,1,1.85888312800928,-0.175074157533016,0.565508769060083,1
83,65,-1,1,1.85888312800928,-0.175074157533016,0.749145646571285,-1
83,66,1,-1,1.95810239521234,2.79455055459282,0.580576286256365,1
83,67,-1,1,1.85888312800928,-0.175074157533016,2.07730288014294,-1
83,68,1,-1,1.95810239521234,2.79455055459282,0.72187480764864,1
83,69,-1,1,1.85888312800928,-0.175074157533016,0.914062195227428,1
83,70,1,1,2.05438357317735,2.58934899909268,0.38659083787759,1
83,71,1,1,2.05438357317735,2.58934899909268,0.726114268453353,1
83,72,1,1,2.05438357317735,2.58934899909268,0.449806128937564,1
83,73,1,1,2.05438357317735,2.58934899909268,0.445623971048705,1
83,74,-1,1,1.85888312800928,-0.175074157533016,1.14346938155681,1
83,75,-1,1,1.85888312800928,-0.175074157533016,1.38925219960385,-1
83,76,-1,-1,1.77176431553396,-0.40882539615248,0.558612824695483,1
83,77,1,1,2.05438357317735,2.58934899909268,0.358967372697784,1
83,78,1,1,2.05438357317735,2.58934899909268,0.365317269301292,1
83,79,-1,1,1.85888312800928,-0.175074157533016,0.343412697365348,-1
83,80,-1,-1,1.77176431553396,-0.40882539615248,1.0593709108396,-1
83,81,-1,-1,1.77176431553396,-0.40882539615248,0.532951392785884,-1
83,82,-1,-1,1.77176431553396,-0.40882539615248,0.45992146962597,1
83,83,1,1,2.05438357317735,2.58934899909268,0.484864395500407,1
83,84,1,1,2.05438357317735,2.58934899909268,0.329178136632995,1
83,85,1,1,2.05438357317735,2.58934899909268,0.287732616972067,1
83,86,1,1,2.05438357317735,2.58934899909268,0.38272355888505,1
83,87,-1,1,1.85888312800928,-0.175074157533016,0.68455873549201,-1
83,88,-1,-1,1.77176431553396,-0.40882539615248,0.357690706953035,1
83,89,1,1,2.05438357317735,2.58934899909268,0.622114956239884,1
83,90,1,1,2.05438357317735,2.58934899909268,1.19784001959678,1
83,91,-1,1,1.85888312800928,-0.175074157533016,1.09369774515244,1
83,92,-1,1,1.85888312800928,-0.175074157533016,6.71807948640769,-1
83,93,1,-1,1.95810239521234,2.79455055459282,1.04608124067202,1
83,94,-1,1,1.85888312800928,-0.175074157533016,2.81303418369792,1
83,95,-1,1,1.85888312800928,-0.175074157533016,0.273030446606605,-1
83,96,1,-1,1.95810239521234,2.79455055459282,0.51960380875645,1
83,97,1,1,2.05438357317735,2.58934899909268,0.287818939117972,1
83,98,-1,1,1.85888312800928,-0.175074157533016,0.752842662566261,1
83,99,1,1,2.05438357317735,2.58934899909268,0.39336547185251,1
83,100,1,1,2.05438357317735,2.58934899909268,0.818498777975912,1
83,101,-1,1,1.85888312800928,-0.175074157533016,2.2767016754422,-1
84,2,-1,1,1.68253716940189,1.22763346235667,0.471494834419717,1
84,3,1,1,1.85949114820429,3.63961089616764,0.820937091349092,1
84,4,-1,1,1.68253716940189,1.22763346235667,0.968194048796969,1
84,5,-1,1,1.68253716940189,1.22763346235667,0.872465829239051,-1
84,6,-1,-1,1.60368302417069,-0.72524431903766,0.325541184779601,-1
84,7,1,-1,1.77234384012505,0.657999960513357,1.33012908508277,1
84,8,1,1,1.85949114820429,3.63961089616764,0.530846772025891,1
84,9,1,1,1.85949114820429,3.63961089616764,0.536524348366854,1
84,10,1,1,1.85949114820429,3.63961089616764,0.444836450121832,1
84,11,1,1,1.85949114820429,3.63961089616764,0.42484937831799,1
84,12,-1,1,1.68253716940189,1.22763346235667,1.69713362535307,1
84,13,1,1,1.85949114820429,3.63961089616764,0.974388704465716,1
84,14,-1,1,1.68253716940189,1.22763346235667,0.37595526828698,1
84,15,1,1,1.85949114820429,3.63961089616764,0.509229867590275,1
84,16,1,1,1.85949114820429,3.63961089616764,0.374886520776758,1
84,17,1,1,1.85949114820429,3.63961089616764,0.611651713446064,1
84,18,-1,1,1.68253716940189,1.22763346235667,0.691950144901174,-1
84,19,-1,-1,1.60368302417069,-0.72524431903766,0.939472525055104,1
84,20,-1,1,1.68253716940189,1.22763346235667,1.12417946959937,-1
84,21,-1,-1,1.60368302417069,-0.72524431903766,0.776078173371611,-1
84,22,-1,-1,1.60368302417069,-0.72524431903766,0.43345821868039,-1
84,23,-1,-1,1.60368302417069,-0.72524431903766,0.617466760719093,1
84,24,1,1,1.85949114820429,3.63961089616764,0.566062167932418,1
84,25,1,1,1.85949114820429,3.63961089616764,0.437229802051476,1
84,26,1,1,1.85949114820429,3.63961089616764,0.369162247908059,1
84,27,1,1,1.85949114820429,3.63961089616764,0.4445016651612,1
84,28,-1,1,1.68253716940189,1.22763346235667,0.908969252503859,1
84,29,-1,1,1.68253716940189,1.22763346235667,0.319276045756706,1
84,30,1,1,1.85949114820429,3.63961089616764,0.730386126635724,1
84,31,-1,1,1.68253716940189,1.22763346235667,0.602947889119549,1
84,32,-1,1,1.68253716940189,1.22763346235667,0.703879777181015,1
84,33,-1,1,1.68253716940189,1.22763346235667,0.399910006473432,1
84,34,-1,1,1.68253716940189,1.22763346235667,0.576449707576031,1
84,35,-1,1,1.68253716940189,1.22763346235667,0.334439205477144,-1
84,36,1,-1,1.77234384012505,0.657999960513357,0.943513395384143,-1
84,37,-1,-1,1.60368302417069,-0.72524431903766,0.439502184187982,1
84,38,1,1,1.85949114820429,3.63961089616764,0.344114661753721,1
84,39,-1,1,1.68253716940189,1.22763346235667,0.484429176497072,-1
84,40,-1,-1,1.60368302417069,-0.72524431903766,0.557135020551853,-1
84,41,-1,-1,1.60368302417069,-0.72524431903766,0.475167896952807,-1
84,42,1,-1,1.77234384012505,0.657999960513357,0.883805507738562,1
84,43,1,1,1.85949114820429,3.63961089616764,0.422242320061764,1
84,44,1,1,1.85949114820429,3.63961089616764,0.413410336394633,1
84,45,1,1,1.85949114820429,3.63961089616764,0.681092141080089,1
84,46,1,1,1.85949114820429,3.63961089616764,0.380237635335063,1
84,47,1,1,1.85949114820429,3.63961089616764,0.361722178468625,1
84,48,1,1,1.85949114820429,3.63961089616764,0.431439450137002,1
84,49,-1,1,1.68253716940189,1.22763346235667,1.26255139571212,1
84,50,-1,1,1.68253716940189,1.22763346235667,0.685833310270263,1
84,51,1,1,1.85949114820429,3.63961089616764,0.440878824013212,1
84,52,-1,1,1.68253716940189,1.22763346235667,0.356465027907203,1
84,53,1,1,1.85949114820429,3.63961089616764,0.390761601127031,1
84,54,1,1,1.85949114820429,3.63961089616764,0.451305286621575,1
84,55,1,1,1.85949114820429,3.63961089616764,0.491801105116482,1
84,56,1,1,1.85949114820429,3.63961089616764,0.326775960085117,1
84,57,-1,1,1.68253716940189,1.22763346235667,0.340202170816927,1
84,58,-1,1,1.68253716940189,1.22763346235667,0.782773048841331,1
84,59,1,1,1.85949114820429,3.63961089616764,0.632179227688776,1
84,60,-1,1,1.68253716940189,1.22763346235667,1.34475155067182,1
84,61,1,1,1.85949114820429,3.63961089616764,0.499356221438833,1
84,62,1,1,1.85949114820429,3.63961089616764,0.381259186023994,1
84,63,1,1,1.85949114820429,3.63961089616764,0.736515559580995,1
84,64,1,1,1.85949114820429,3.63961089616764,0.524612532416011,1
84,65,1,1,1.85949114820429,3.63961089616764,0.300412248813387,1
84,66,1,1,1.85949114820429,3.63961089616764,0.323198344309671,1
84,67,1,1,1.85949114820429,3.63961089616764,0.724715551561929,1
84,68,-1,1,1.68253716940189,1.22763346235667,0.543348922992079,1
84,69,-1,1,1.68253716940189,1.22763346235667,1.30204371777465,1
84,70,-1,1,1.68253716940189,1.22763346235667,0.326540036191612,1
84,71,1,1,1.85949114820429,3.63961089616764,0.313319480151236,1
84,72,-1,1,1.68253716940189,1.22763346235667,0.413674373489342,1
84,73,-1,1,1.68253716940189,1.22763346235667,0.648774016972266,1
84,74,-1,1,1.68253716940189,1.22763346235667,0.324041745663407,-1
84,75,1,-1,1.77234384012505,0.657999960513357,2.88491676636851,-1
84,76,1,-1,1.77234384012505,0.657999960513357,0.476366765787646,1
84,77,-1,1,1.68253716940189,1.22763346235667,0.949981069755426,1
84,78,1,1,1.85949114820429,3.63961089616764,0.364949641578239,1
84,79,-1,1,1.68253716940189,1.22763346235667,2.12086030937567,1
84,80,-1,1,1.68253716940189,1.22763346235667,0.570200705763521,1
84,81,-1,1,1.68253716940189,1.22763346235667,1.31686677181526,-1
84,82,-1,-1,1.60368302417069,-0.72524431903766,0.550637544393631,-1
84,83,-1,-1,1.60368302417069,-0.72524431903766,0.765918333027652,-1
84,84,-1,-1,1.60368302417069,-0.72524431903766,0.867043258802409,-1
84,85,-1,-1,1.60368302417069,-0.72524431903766,1.05424670765068,1
84,86,-1,1,1.68253716940189,1.22763346235667,0.639196397726926,1
84,87,-1,1,1.68253716940189,1.22763346235667,0.49729460056167,1
84,88,1,1,1.85949114820429,3.63961089616764,0.451430405616348,1
84,89,1,1,1.85949114820429,3.63961089616764,0.358051978735581,1
84,90,-1,1,1.68253716940189,1.22763346235667,0.550656324781,1
84,91,-1,1,1.68253716940189,1.22763346235667,0.662586364156507,1
84,92,1,1,1.85949114820429,3.63961089616764,0.437652052939587,1
84,93,-1,1,1.68253716940189,1.22763346235667,0.537840561587678,1
84,94,1,1,1.85949114820429,3.63961089616764,0.877843725876949,1
84,95,-1,1,1.68253716940189,1.22763346235667,0.578353819492927,1
84,96,1,1,1.85949114820429,3.63961089616764,0.580197169652981,1
84,97,-1,1,1.68253716940189,1.22763346235667,0.930941583048595,1
84,98,1,1,1.85949114820429,3.63961089616764,0.643143722196712,1
84,99,1,1,1.85949114820429,3.63961089616764,0.836907830326406,1
84,100,1,1,1.85949114820429,3.63961089616764,0.326632524243648,1
84,101,1,1,1.85949114820429,3.63961089616764,0.392782001444008,1
85,2,1,1,1.86705258992739,2.37965022941568,0.554068709425484,1
85,3,-1,1,1.68937904480725,0.549750563709749,0.308517707956762,1
85,4,1,1,1.86705258992739,2.37965022941568,0.565837955054658,1
85,5,1,1,1.86705258992739,2.37965022941568,0.855852721546046,1
85,6,1,1,1.86705258992739,2.37965022941568,0.500499763530435,1
85,7,-1,1,1.68937904480725,0.549750563709749,1.80201233492011,-1
85,8,1,-1,1.77955090571035,1.23098329993213,1.09954852208519,1
85,9,-1,1,1.68937904480725,0.549750563709749,0.376670943898229,1
85,10,-1,1,1.68937904480725,0.549750563709749,1.031172451598,1
85,11,1,1,1.86705258992739,2.37965022941568,2.03104887334587,1
85,12,1,1,1.86705258992739,2.37965022941568,0.676431434830588,1
85,13,1,1,1.86705258992739,2.37965022941568,0.316801464184441,1
85,14,1,1,1.86705258992739,2.37965022941568,0.745238338305264,1
85,15,-1,1,1.68937904480725,0.549750563709749,0.262920106133176,1
85,16,-1,1,1.68937904480725,0.549750563709749,0.545032598312685,1
85,17,-1,1,1.68937904480725,0.549750563709749,0.626564154552653,1
85,18,-1,1,1.68937904480725,0.549750563709749,1.83941620895722,-1
85,19,1,-1,1.77955090571035,1.23098329993213,0.75024135381748,1
85,20,1,1,1.86705258992739,2.37965022941568,0.538230671357874,1
85,21,1,1,1.86705258992739,2.37965022941568,0.397812228774002,1
85,22,-1,1,1.68937904480725,0.549750563709749,0.673752960531256,1
85,23,1,1,1.86705258992739,2.37965022941568,0.841142864815195,1
85,24,1,1,1.86705258992739,2.37965022941568,0.675809763115097,1
85,25,-1,1,1.68937904480725,0.549750563709749,0.740327157678868,1
85,26,-1,1,1.68937904480725,0.549750563709749,0.338453354348856,1
85,27,1,1,1.86705258992739,2.37965022941568,0.470082759814238,1
85,28,-1,1,1.68937904480725,0.549750563709749,0.409252568442871,1
85,29,1,1,1.86705258992739,2.37965022941568,0.442510582627005,1
85,30,1,1,1.86705258992739,2.37965022941568,0.935849215500385,1
85,31,1,1,1.86705258992739,2.37965022941568,0.586388690035895,1
85,32,1,1,1.86705258992739,2.37965022941568,0.340311241715628,1
85,33,1,1,1.86705258992739,2.37965022941568,0.547295379140959,1
85,34,-1,1,1.68937904480725,0.549750563709749,0.517041499778528,1
85,35,1,1,1.86705258992739,2.37965022941568,0.325567173155336,1
85,36,1,1,1.86705258992739,2.37965022941568,0.33920734864427,1
85,37,1,1,1.86705258992739,2.37965022941568,0.343434859325196,1
85,38,-1,1,1.68937904480725,0.549750563709749,0.699187360126229,1
85,39,-1,1,1.68937904480725,0.549750563709749,1.08567598081631,1
85,40,-1,1,1.68937904480725,0.549750563709749,0.683405215550049,-1
85,41,1,-1,1.77955090571035,1.23098329993213,2.75289396897413,1
85,42,1,1,1.86705258992739,2.37965022941568,0.577580458681879,1
85,43,1,1,1.86705258992739,2.37965022941568,0.718966823847809,1
85,44,1,1,1.86705258992739,2.37965022941568,0.766176950168189,1
85,45,1,1,1.86705258992739,2.37965022941568,0.34007895668904,1
85,46,1,1,1.86705258992739,2.37965022941568,0.479543670223302,1
85,47,-1,1,1.68937904480725,0.549750563709749,0.465930260321856,1
85,48,-1,1,1.68937904480725,0.549750563709749,1.14743080892595,-1
85,49,-1,-1,1.61020424678651,0.639615906942439,0.670644230143059,1
85,50,-1,1,1.68937904480725,0.549750563709749,0.989684485652528,1
85,51,-1,1,1.68937904480725,0.549750563709749,0.61447687862304,1
85,52,-1,1,1.68937904480725,0.549750563709749,1.30421668896027,-1
85,53,1,-1,1.77955090571035,1.23098329993213,0.584395194570351,1
85,54,1,1,1.86705258992739,2.37965022941568,0.319494106016306,1
85,55,-1,1,1.68937904480725,0.549750563709749,0.615100991667187,1
85,56,-1,1,1.68937904480725,0.549750563709749,0.774173684792818,1
85,57,-1,1,1.68937904480725,0.549750563709749,0.454346087427105,1
85,58,-1,1,1.68937904480725,0.549750563709749,0.495824544267907,1
85,59,1,1,1.86705258992739,2.37965022941568,0.593606315229893,1
85,60,1,1,1.86705258992739,2.37965022941568,0.801671488245099,1
85,61,-1,1,1.68937904480725,0.549750563709749,0.784781977260663,1
85,62,1,1,1.86705258992739,2.37965022941568,0.871216662773528,1
85,63,-1,1,1.68937904480725,0.549750563709749,0.564596421377321,-1
85,64,1,-1,1.77955090571035,1.23098329993213,0.525491674167604,1
85,65,-1,1,1.68937904480725,0.549750563709749,0.619691719899529,1
85,66,1,1,1.86705258992739,2.37965022941568,0.386537091384422,1
85,67,1,1,1.86705258992739,2.37965022941568,0.785753726864213,1
85,68,-1,1,1.68937904480725,0.549750563709749,1.12515415484243,1
85,69,1,1,1.86705258992739,2.37965022941568,0.474029224678979,1
85,70,-1,1,1.68937904480725,0.549750563709749,0.63605333292024,-1
85,71,-1,-1,1.61020424678651,0.639615906942439,0.295112080582571,1
85,72,-1,1,1.68937904480725,0.549750563709749,2.34894493967302,1
85,73,-1,1,1.68937904480725,0.549750563709749,3.43779145632014,1
85,74,-1,1,1.68937904480725,0.549750563709749,1.20170155762277,1
85,75,1,1,1.86705258992739,2.37965022941568,0.366622849550883,1
85,76,1,1,1.86705258992739,2.37965022941568,0.488559387181994,1
85,77,-1,1,1.68937904480725,0.549750563709749,0.708021494023988,1
85,78,1,1,1.86705258992739,2.37965022941568,0.409597732643741,1
85,79,-1,1,1.68937904480725,0.549750563709749,0.760011035747326,1
85,80,1,1,1.86705258992739,2.37965022941568,0.447484387015874,1
85,81,-1,1,1.68937904480725,0.549750563709749,0.870224726444761,1
85,82,-1,1,1.68937904480725,0.549750563709749,0.324076344026171,-1
85,83,1,-1,1.77955090571035,1.23098329993213,0.774385577509082,-1
85,84,1,-1,1.77955090571035,1.23098329993213,0.30150740723056,1
85,85,1,1,1.86705258992739,2.37965022941568,0.533003120463214,1
85,86,-1,1,1.68937904480725,0.549750563709749,0.358168168378401,1
85,87,1,1,1.86705258992739,2.37965022941568,0.682533145226999,1
85,88,-1,1,1.68937904480725,0.549750563709749,0.32418837528896,1
85,89,1,1,1.86705258992739,2.37965022941568,1.1280327248409,1
85,90,1,1,1.86705258992739,2.37965022941568,0.769443903679249,1
85,91,-1,1,1.68937904480725,0.549750563709749,0.976262990166776,-1
85,92,-1,-1,1.61020424678651,0.639615906942439,0.326714013045534,-1
85,93,-1,-1,1.61020424678651,0.639615906942439,0.651112557330411,1
85,94,-1,1,1.68937904480725,0.549750563709749,0.808619853127276,1
85,95,-1,1,1.68937904480725,0.549750563709749,0.470313089159706,-1
85,96,1,-1,1.77955090571035,1.23098329993213,0.795502041622212,1
85,97,-1,1,1.68937904480725,0.549750563709749,0.386124580830095,1
85,98,-1,1,1.68937904480725,0.549750563709749,0.744159739744156,-1
85,99,-1,-1,1.61020424678651,0.639615906942439,0.527276840991067,1
85,100,-1,1,1.68937904480725,0.549750563709749,0.496864107356299,-1
85,101,1,-1,1.77955090571035,1.23098329993213,0.913481103898296,1
86,2,1,1,1.92692277780854,3.16793324646906,0.545575452469105,1
86,3,-1,1,1.74355183102696,0.944148184615811,0.998290947204919,1
86,4,-1,1,1.74355183102696,0.944148184615811,0.419753109728174,1
86,5,1,1,1.92692277780854,3.16793324646906,0.392656694339862,1
86,6,1,1,1.92692277780854,3.16793324646906,0.315969920791138,1
86,7,-1,1,1.74355183102696,0.944148184615811,1.26955016114531,1
86,8,1,1,1.92692277780854,3.16793324646906,0.462056140052936,1
86,9,1,1,1.92692277780854,3.16793324646906,0.465636036863064,1
86,10,1,1,1.92692277780854,3.16793324646906,0.275130620279958,1
86,11,-1,1,1.74355183102696,0.944148184615811,0.420619457711802,1
86,12,1,1,1.92692277780854,3.16793324646906,0.427444015717972,1
86,13,-1,1,1.74355183102696,0.944148184615811,0.664332186313719,1
86,14,-1,1,1.74355183102696,0.944148184615811,0.391110674878849,1
86,15,-1,1,1.74355183102696,0.944148184615811,0.415638659165327,-1
86,16,-1,-1,1.66183815967264,0.414550109724287,0.893377230538367,1
86,17,1,1,1.92692277780854,3.16793324646906,0.549464045689689,1
86,18,-1,1,1.74355183102696,0.944148184615811,0.630029917501549,1
86,19,1,1,1.92692277780854,3.16793324646906,0.325033934971744,1
86,20,-1,1,1.74355183102696,0.944148184615811,0.403633417508593,1
86,21,1,1,1.92692277780854,3.16793324646906,0.633164234139572,1
86,22,-1,1,1.74355183102696,0.944148184615811,0.684345477700673,1
86,23,-1,1,1.74355183102696,0.944148184615811,1.49992081352287,1
86,24,1,1,1.92692277780854,3.16793324646906,0.494424452099025,1
86,25,1,1,1.92692277780854,3.16793324646906,0.914710254197197,1
86,26,-1,1,1.74355183102696,0.944148184615811,0.345882392084527,1
86,27,1,1,1.92692277780854,3.16793324646906,0.527487531657869,1
86,28,1,1,1.92692277780854,3.16793324646906,0.509297645002922,1
86,29,-1,1,1.74355183102696,0.944148184615811,0.269764245574627,1
86,30,-1,1,1.74355183102696,0.944148184615811,0.371266294386762,1
86,31,1,1,1.92692277780854,3.16793324646906,0.254970082098067,1
86,32,1,1,1.92692277780854,3.16793324646906,0.488739583020116,1
86,33,1,1,1.92692277780854,3.16793324646906,0.473119649809283,1
86,34,1,1,1.92692277780854,3.16793324646906,0.561323107508409,1
86,35,1,1,1.92692277780854,3.16793324646906,0.397975123365465,1
86,36,-1,1,1.74355183102696,0.944148184615811,0.531799323934461,-1
86,37,1,-1,1.83661520461856,0.273368459190837,0.826378397587351,1
86,38,1,1,1.92692277780854,3.16793324646906,0.280686040004812,1
86,39,1,1,1.92692277780854,3.16793324646906,0.410798594280286,1
86,40,1,1,1.92692277780854,3.16793324646906,0.696952144698563,1
86,41,-1,1,1.74355183102696,0.944148184615811,0.308852452297235,-1
86,42,-1,-1,1.66183815967264,0.414550109724287,0.822367461507294,-1
86,43,-1,-1,1.66183815967264,0.414550109724287,0.84873845235491,-1
86,44,-1,-1,1.66183815967264,0.414550109724287,0.415585979586961,1
86,45,-1,1,1.74355183102696,0.944148184615811,0.754852548097353,1
86,46,1,1,1.92692277780854,3.16793324646906,0.531560933328448,1
86,47,-1,1,1.74355183102696,0.944148184615811,0.631343585871398,1
86,48,1,1,1.92692277780854,3.16793324646906,0.561275154701064,1
86,49,-1,1,1.74355183102696,0.944148184615811,2.24328729749577,1
86,50,-1,1,1.74355183102696,0.944148184615811,0.563819900177733,1
86,51,1,1,1.92692277780854,3.16793324646906,0.344180000651154,1
86,52,1,1,1.92692277780854,3.16793324646906,0.362134504553887,1
86,53,1,1,1.92692277780854,3.16793324646906,0.306710682409816,1
86,54,-1,1,1.74355183102696,0.944148184615811,0.509413736534604,1
86,55,1,1,1.92692277780854,3.16793324646906,0.392152369389624,1
86,56,1,1,1.92692277780854,3.16793324646906,0.377065791314266,1
86,57,1,1,1.92692277780854,3.16793324646906,0.487107754353357,1
86,58,-1,1,1.74355183102696,0.944148184615811,0.602430657272351,1
86,59,1,1,1.92692277780854,3.16793324646906,0.702291446839546,1
86,60,-1,1,1.74355183102696,0.944148184615811,0.809290327895838,1
86,61,1,1,1.92692277780854,3.16793324646906,0.418557282071927,1
86,62,-1,1,1.74355183102696,0.944148184615811,0.420058346795756,1
86,63,1,1,1.92692277780854,3.16793324646906,0.431810052983563,1
86,64,-1,1,1.74355183102696,0.944148184615811,0.432844555634833,1
86,65,1,1,1.92692277780854,3.16793324646906,0.617486181418204,1
86,66,1,1,1.92692277780854,3.16793324646906,0.290511369497357,1
86,67,-1,1,1.74355183102696,0.944148184615811,1.81096307915089,1
86,68,-1,1,1.74355183102696,0.944148184615811,1.79080833490876,1
86,69,-1,1,1.74355183102696,0.944148184615811,0.302661612075526,1
86,70,1,1,1.92692277780854,3.16793324646906,0.377942124402968,1
86,71,-1,1,1.74355183102696,0.944148184615811,0.513351053929946,1
86,72,-1,1,1.74355183102696,0.944148184615811,0.864319101652817,-1
86,73,1,-1,1.83661520461856,0.273368459190837,0.496001469900686,1
86,74,1,1,1.92692277780854,3.16793324646906,0.312129337068209,1
86,75,1,1,1.92692277780854,3.16793324646906,0.418013608258657,1
86,76,1,1,1.92692277780854,3.16793324646906,0.416689757994462,1
86,77,-1,1,1.74355183102696,0.944148184615811,0.710147484010781,1
86,78,-1,1,1.74355183102696,0.944148184615811,0.41441462624119,1
86,79,1,1,1.92692277780854,3.16793324646906,0.358143518544349,1
86,80,-1,1,1.74355183102696,0.944148184615811,0.333273273971925,1
86,81,1,1,1.92692277780854,3.16793324646906,0.484045919640252,1
86,82,-1,1,1.74355183102696,0.944148184615811,0.474462867678551,1
86,83,1,1,1.92692277780854,3.16793324646906,0.569647030686769,1
86,84,-1,1,1.74355183102696,0.944148184615811,1.28064077595387,1
86,85,1,1,1.92692277780854,3.16793324646906,0.331797787774351,1
86,86,-1,1,1.74355183102696,0.944148184615811,0.84885477557904,1
86,87,1,1,1.92692277780854,3.16793324646906,0.361809947367565,1
86,88,-1,1,1.74355183102696,0.944148184615811,0.405119833804276,1
86,89,-1,1,1.74355183102696,0.944148184615811,0.398824431474634,1
86,90,-1,1,1.74355183102696,0.944148184615811,0.911205386118949,1
86,91,1,1,1.92692277780854,3.16793324646906,0.494130072536916,1
86,92,1,1,1.92692277780854,3.16793324646906,0.516310251629091,1
86,93,-1,1,1.74355183102696,0.944148184615811,0.386614403289615,1
86,94,1,1,1.92692277780854,3.16793324646906,0.349031882529593,1
86,95,-1,1,1.74355183102696,0.944148184615811,0.829569288634259,-1
86,96,-1,-1,1.66183815967264,0.414550109724287,2.38253928810175,1
86,97,1,1,1.92692277780854,3.16793324646906,0.6,1
86,98,-1,1,1.74355183102696,0.944148184615811,0.956442946235698,1
86,99,-1,1,1.74355183102696,0.944148184615811,1.53445710632568,-1
86,100,-1,-1,1.66183815967264,0.414550109724287,0.86409728799336,-1
86,101,-1,-1,1.66183815967264,0.414550109724287,0.432340468572149,1
87,2,-1,1,1.64084451579305,1.95638201080469,0.428598771234036,1
87,3,-1,1,1.64084451579305,1.95638201080469,0.775429668235392,-1
87,4,-1,-1,1.56394434734319,0.909069612884739,0.711628681418144,1
87,5,-1,1,1.64084451579305,1.95638201080469,0.520262194668402,1
87,6,1,1,1.8134136399384,1.93893903592013,0.926291932553498,1
87,7,1,1,1.8134136399384,1.93893903592013,0.458361036798687,1
87,8,-1,1,1.64084451579305,1.95638201080469,0.719493241201584,1
87,9,-1,1,1.64084451579305,1.95638201080469,0.399049270649979,1
87,10,1,1,1.8134136399384,1.93893903592013,1.21863915879313,-1
87,11,1,-1,1.72842581017249,-0.00439065960956175,1.30782730237454,1
87,12,-1,1,1.64084451579305,1.95638201080469,0.762000194701076,1
87,13,1,1,1.8134136399384,1.93893903592013,0.670668096066794,1
87,14,1,1,1.8134136399384,1.93893903592013,0.42461984897435,1
87,15,-1,1,1.64084451579305,1.95638201080469,0.498350755811209,1
87,16,-1,1,1.64084451579305,1.95638201080469,0.590415178097847,1
87,17,-1,1,1.64084451579305,1.95638201080469,0.390593768998064,1
87,18,-1,1,1.64084451579305,1.95638201080469,0.412170439330151,1
87,19,1,1,1.8134136399384,1.93893903592013,1.04582142857406,1
87,20,1,1,1.8134136399384,1.93893903592013,0.641232973395351,1
87,21,1,1,1.8134136399384,1.93893903592013,0.673164326777071,1
87,22,-1,1,1.64084451579305,1.95638201080469,0.716084657136696,1
87,23,-1,1,1.64084451579305,1.95638201080469,0.665155298169502,1
87,24,1,1,1.8134136399384,1.93893903592013,1.120058404518,1
87,25,-1,1,1.64084451579305,1.95638201080469,0.566624426594746,1
87,26,1,1,1.8134136399384,1.93893903592013,0.73808174062499,1
87,27,-1,1,1.64084451579305,1.95638201080469,0.589656804941585,1
87,28,1,1,1.8134136399384,1.93893903592013,0.41720941069787,1
87,29,1,1,1.8134136399384,1.93893903592013,0.746094346464564,1
87,30,1,1,1.8134136399384,1.93893903592013,0.34661380141932,1
87,31,-1,1,1.64084451579305,1.95638201080469,1.2442221529376,1
87,32,-1,1,1.64084451579305,1.95638201080469,0.633115516285657,1
87,33,-1,1,1.64084451579305,1.95638201080469,0.627234259859466,1
87,34,1,1,1.8134136399384,1.93893903592013,0.348175234920355,1
87,35,-1,1,1.64084451579305,1.95638201080469,0.656204370219946,1
87,36,1,1,1.8134136399384,1.93893903592013,0.455409207393193,1
87,37,-1,1,1.64084451579305,1.95638201080469,1.03336545026883,1
87,38,-1,1,1.64084451579305,1.95638201080469,0.737786029748644,1
87,39,1,1,1.8134136399384,1.93893903592013,0.710318197973853,1
87,40,-1,1,1.64084451579305,1.95638201080469,0.65779783874456,1
87,41,1,1,1.8134136399384,1.93893903592013,0.391594661177277,1
87,42,-1,1,1.64084451579305,1.95638201080469,0.522136089351656,1
87,43,-1,1,1.64084451579305,1.95638201080469,0.549065069830522,1
87,44,-1,1,1.64084451579305,1.95638201080469,3.41782504742176,1
87,45,1,1,1.8134136399384,1.93893903592013,0.405203953444721,1
87,46,1,1,1.8134136399384,1.93893903592013,1.25794716797031,1
87,47,-1,1,1.64084451579305,1.95638201080469,0.330868816022332,1
87,48,1,1,1.8134136399384,1.93893903592013,0.668216850879162,1
87,49,1,1,1.8134136399384,1.93893903592013,0.839704232651975,1
87,50,1,1,1.8134136399384,1.93893903592013,0.437135863687891,1
87,51,1,1,1.8134136399384,1.93893903592013,0.27999509721724,1
87,52,-1,1,1.64084451579305,1.95638201080469,0.682626901047211,1
87,53,1,1,1.8134136399384,1.93893903592013,0.893033096274872,1
87,54,1,1,1.8134136399384,1.93893903592013,0.953514123530318,1
87,55,1,1,1.8134136399384,1.93893903592013,0.63825253184937,1
87,56,1,1,1.8134136399384,1.93893903592013,0.605057827824506,-1
87,57,1,-1,1.72842581017249,-0.00439065960956175,0.560111569806191,1
87,58,-1,1,1.64084451579305,1.95638201080469,0.413870809325671,1
87,59,-1,1,1.64084451579305,1.95638201080469,0.341007714043629,1
87,60,1,1,1.8134136399384,1.93893903592013,0.815007411670683,1
87,61,1,1,1.8134136399384,1.93893903592013,0.421566173000629,1
87,62,-1,1,1.64084451579305,1.95638201080469,1.43459272506044,1
87,63,1,1,1.8134136399384,1.93893903592013,0.462816560064405,1
87,64,1,1,1.8134136399384,1.93893903592013,0.438942772270136,1
87,65,-1,1,1.64084451579305,1.95638201080469,0.577238010938673,1
87,66,-1,1,1.64084451579305,1.95638201080469,0.691282265815129,1
87,67,-1,1,1.64084451579305,1.95638201080469,1.24524655976399,1
87,68,-1,1,1.64084451579305,1.95638201080469,1.07281473986106,1
87,69,-1,1,1.64084451579305,1.95638201080469,0.512867080428562,1
87,70,1,1,1.8134136399384,1.93893903592013,0.653896620175274,1
87,71,1,1,1.8134136399384,1.93893903592013,1.10082100276139,1
87,72,-1,1,1.64084451579305,1.95638201080469,0.630687998863019,1
87,73,1,1,1.8134136399384,1.93893903592013,1.21494560021333,1
87,74,1,1,1.8134136399384,1.93893903592013,0.665197306411756,1
87,75,-1,1,1.64084451579305,1.95638201080469,0.386241410918614,1
87,76,1,1,1.8134136399384,1.93893903592013,0.450801911452449,1
87,77,-1,1,1.64084451579305,1.95638201080469,0.598542981372133,1
87,78,-1,1,1.64084451579305,1.95638201080469,0.717481561861951,1
87,79,1,1,1.8134136399384,1.93893903592013,0.447189347230724,1
87,80,-1,1,1.64084451579305,1.95638201080469,0.726860239861663,1
87,81,1,1,1.8134136399384,1.93893903592013,0.384623304098614,1
87,82,-1,1,1.64084451579305,1.95638201080469,0.541459494851248,1
87,83,-1,1,1.64084451579305,1.95638201080469,1.93257913078461,1
87,84,-1,1,1.64084451579305,1.95638201080469,0.856844503693595,1
87,85,1,1,1.8134136399384,1.93893903592013,0.962324650380415,1
87,86,1,1,1.8134136399384,1.93893903592013,0.496100984669377,1
87,87,-1,1,1.64084451579305,1.95638201080469,0.918082615890079,1
87,88,-1,1,1.64084451579305,1.95638201080469,0.339584461265028,1
87,89,1,1,1.8134136399384,1.93893903592013,0.513563698249212,1
87,90,1,1,1.8134136399384,1.93893903592013,0.622774924520039,1
87,91,1,1,1.8134136399384,1.93893903592013,0.855142178219491,1
87,92,-1,1,1.64084451579305,1.95638201080469,0.658585530138343,1
87,93,-1,1,1.64084451579305,1.95638201080469,0.361659952993665,1
87,94,1,1,1.8134136399384,1.93893903592013,0.440826079322001,1
87,95,1,1,1.8134136399384,1.93893903592013,0.818588632177345,1
87,96,-1,1,1.64084451579305,1.95638201080469,0.402047982255128,1
87,97,-1,1,1.64084451579305,1.95638201080469,1.43799953513187,1
87,98,-1,1,1.64084451579305,1.95638201080469,0.763311972866019,1
87,99,1,1,1.8134136399384,1.93893903592013,0.864836428345211,1
87,100,1,1,1.8134136399384,1.93893903592013,0.67847477344239,1
87,101,1,1,1.8134136399384,1.93893903592013,0.474801048614803,1
88,2,-1,1,1.84348256401689,0.706997180179363,0.58629182039393,1
88,3,1,1,2.03736331773099,3.31711448392605,0.660419672361433,1
88,4,1,1,2.03736331773099,3.31711448392605,0.309531973648939,1
88,5,1,1,2.03736331773099,3.31711448392605,0.443055048530265,1
88,6,-1,1,1.84348256401689,0.706997180179363,0.906939662859763,1
88,7,-1,1,1.84348256401689,0.706997180179363,1.27032551013451,-1
88,8,1,-1,1.94187981468173,0.996335440803284,0.845373546675816,1
88,9,-1,1,1.84348256401689,0.706997180179363,0.771518298591215,1
88,10,1,1,2.03736331773099,3.31711448392605,0.51456612418225,1
88,11,1,1,2.03736331773099,3.31711448392605,0.448841830459306,1
88,12,-1,1,1.84348256401689,0.706997180179363,0.979206030264381,1
88,13,-1,1,1.84348256401689,0.706997180179363,1.08538580907386,-1
88,14,-1,-1,1.75708551765276,-0.220447104908696,0.483480356108638,-1
88,15,1,-1,1.94187981468173,0.996335440803284,3.21982452894982,-1
88,16,-1,-1,1.75708551765276,-0.220447104908696,1.27233726248755,1
88,17,1,1,2.03736331773099,3.31711448392605,0.342244654890151,1
88,18,1,1,2.03736331773099,3.31711448392605,0.402156850816506,1
88,19,1,1,2.03736331773099,3.31711448392605,0.456359909143239,1
88,20,-1,1,1.84348256401689,0.706997180179363,0.642676119930219,1
88,21,-1,1,1.84348256401689,0.706997180179363,0.744873095340594,1
88,22,-1,1,1.84348256401689,0.706997180179363,0.508330916305203,1
88,23,-1,1,1.84348256401689,0.706997180179363,0.46511701239711,1
88,24,-1,1,1.84348256401689,0.706997180179363,1.30105587242392,-1
88,25,1,-1,1.94187981468173,0.996335440803284,0.550541668417322,1
88,26,1,1,2.03736331773099,3.31711448392605,0.37011856892118,1
88,27,1,1,2.03736331773099,3.31711448392605,0.603656360740076,1
88,28,-1,1,1.84348256401689,0.706997180179363,0.541212598198317,-1
88,29,1,-1,1.94187981468173,0.996335440803284,1.24607338993167,1
88,30,-1,1,1.84348256401689,0.706997180179363,0.58327909760076,-1
88,31,1,-1,1.94187981468173,0.996335440803284,0.557743323257503,1
88,32,-1,1,1.84348256401689,0.706997180179363,1.01883328069433,-1
88,33,-1,-1,1.75708551765276,-0.220447104908696,0.831118579103226,1
88,34,-1,1,1.84348256401689,0.706997180179363,1.13730602868318,1
88,35,-1,1,1.84348256401689,0.706997180179363,0.666195031153335,1
88,36,1,1,2.03736331773099,3.31711448392605,0.421200832812128,1
88,37,1,1,2.03736331773099,3.31711448392605,0.451820567948741,1
88,38,1,1,2.03736331773099,3.31711448392605,0.678554385434724,1
88,39,-1,1,1.84348256401689,0.706997180179363,2.22183064446392,1
88,40,1,1,2.03736331773099,3.31711448392605,0.458016700861954,1
88,41,-1,1,1.84348256401689,0.706997180179363,1.01543458333451,1
88,42,1,1,2.03736331773099,3.31711448392605,0.466527084127469,1
88,43,1,1,2.03736331773099,3.31711448392605,0.474074674398265,1
88,44,-1,1,1.84348256401689,0.706997180179363,2.65363354462456,1
88,45,-1,1,1.84348256401689,0.706997180179363,2.39213586953764,1
88,46,1,1,2.03736331773099,3.31711448392605,0.492055978474842,1
88,47,-1,1,1.84348256401689,0.706997180179363,2.13754993077782,1
88,48,1,1,2.03736331773099,3.31711448392605,0.381968988862984,1
88,49,1,1,2.03736331773099,3.31711448392605,0.340620336214473,1
88,50,-1,1,1.84348256401689,0.706997180179363,0.607389143653888,1
88,51,1,1,2.03736331773099,3.31711448392605,0.350694559054747,1
88,52,1,1,2.03736331773099,3.31711448392605,1.17415016765155,1
88,53,-1,1,1.84348256401689,0.706997180179363,0.420824410270779,-1
88,54,1,-1,1.94187981468173,0.996335440803284,0.301238182949899,1
88,55,-1,1,1.84348256401689,0.706997180179363,1.92800632323243,1
88,56,-1,1,1.84348256401689,0.706997180179363,0.870564662248039,1
88,57,1,1,2.03736331773099,3.31711448392605,0.305015895231914,1
88,58,-1,1,1.84348256401689,0.706997180179363,0.424834711045804,1
88,59,-1,1,1.84348256401689,0.706997180179363,0.60075943267143,-1
88,60,-1,-1,1.75708551765276,-0.220447104908696,3.15780600064682,-1
88,61,-1,-1,1.75708551765276,-0.220447104908696,0.458048845752491,1
88,62,1,1,2.03736331773099,3.31711448392605,0.477211373090051,1
88,63,-1,1,1.84348256401689,0.706997180179363,0.543867994517972,1
88,64,1,1,2.03736331773099,3.31711448392605,0.726126686908257,1
88,65,-1,1,1.84348256401689,0.706997180179363,3.54401847344242,1
88,66,-1,1,1.84348256401689,0.706997180179363,0.716950921517873,1
88,67,-1,1,1.84348256401689,0.706997180179363,1.43195605655773,1
88,68,1,1,2.03736331773099,3.31711448392605,0.739714103113516,1
88,69,1,1,2.03736331773099,3.31711448392605,0.75852358043651,1
88,70,-1,1,1.84348256401689,0.706997180179363,1.32758764763216,-1
88,71,-1,-1,1.75708551765276,-0.220447104908696,0.881552921366698,-1
88,72,1,-1,1.94187981468173,0.996335440803284,1.15812879973175,-1
88,73,-1,-1,1.75708551765276,-0.220447104908696,0.845225147172224,-1
88,74,1,-1,1.94187981468173,0.996335440803284,1.71340363325564,1
88,75,1,1,2.03736331773099,3.31711448392605,0.351794532783768,1
88,76,1,1,2.03736331773099,3.31711448392605,0.379767958635533,1
88,77,1,1,2.03736331773099,3.31711448392605,1.17346790346635,1
88,78,1,1,2.03736331773099,3.31711448392605,0.42616384142033,1
88,79,-1,1,1.84348256401689,0.706997180179363,0.446257265226856,1
88,80,-1,1,1.84348256401689,0.706997180179363,0.545464364133529,1
88,81,1,1,2.03736331773099,3.31711448392605,0.353616057299603,1
88,82,-1,1,1.84348256401689,0.706997180179363,0.378700564358944,1
88,83,-1,1,1.84348256401689,0.706997180179363,2.07637353914709,-1
88,84,1,-1,1.94187981468173,0.996335440803284,1.25012258229608,1
88,85,1,1,2.03736331773099,3.31711448392605,0.817751273571562,1
88,86,-1,1,1.84348256401689,0.706997180179363,1.65199588940754,1
88,87,1,1,2.03736331773099,3.31711448392605,0.535100167943428,1
88,88,1,1,2.03736331773099,3.31711448392605,0.701225522975294,1
88,89,-1,1,1.84348256401689,0.706997180179363,0.48344676207197,1
88,90,-1,1,1.84348256401689,0.706997180179363,1.38630257691098,-1
88,91,1,-1,1.94187981468173,0.996335440803284,0.238665798346861,1
88,92,1,1,2.03736331773099,3.31711448392605,0.284877820501004,1
88,93,-1,1,1.84348256401689,0.706997180179363,1.44576194935499,1
88,94,1,1,2.03736331773099,3.31711448392605,1.11096235217978,1
88,95,1,1,2.03736331773099,3.31711448392605,0.448378008814746,1
88,96,1,1,2.03736331773099,3.31711448392605,0.532107437187105,1
88,97,1,1,2.03736331773099,3.31711448392605,0.38461941424956,1
88,98,-1,1,1.84348256401689,0.706997180179363,1.6170090476432,1
88,99,-1,1,1.84348256401689,0.706997180179363,0.45736562518137,1
88,100,1,1,2.03736331773099,3.31711448392605,0.483115737409754,1
88,101,-1,1,1.84348256401689,0.706997180179363,0.327260067588937,-1
89,2,-1,1,1.65073734774406,0.38958172205658,1.18759771226772,-1
89,3,1,-1,1.73884667937444,0.538318635296912,0.733597070238837,1
89,4,1,1,1.82434691010806,2.64318521399551,0.612789449850689,1
89,5,-1,1,1.65073734774406,0.38958172205658,0.843136901057391,-1
89,6,1,-1,1.73884667937444,0.538318635296912,0.960176773376032,1
89,7,1,1,1.82434691010806,2.64318521399551,0.273340784986551,1
89,8,1,1,1.82434691010806,2.64318521399551,0.842363435464251,1
89,9,1,1,1.82434691010806,2.64318521399551,0.693892069300394,1
89,10,-1,1,1.65073734774406,0.38958172205658,1.33081665877519,-1
89,11,1,-1,1.73884667937444,0.538318635296912,0.427443477048369,1
89,12,1,1,1.82434691010806,2.64318521399551,0.353426373383643,1
89,13,-1,1,1.65073734774406,0.38958172205658,1.01869740594781,1
89,14,-1,1,1.65073734774406,0.38958172205658,0.62035916826529,1
89,15,-1,1,1.65073734774406,0.38958172205658,2.89492549074169,1
89,16,1,1,1.82434691010806,2.64318521399551,1.00833555386944,1
89,17,1,1,1.82434691010806,2.64318521399551,0.647980167753896,1
89,18,1,1,1.82434691010806,2.64318521399551,0.416969804856565,1
89,19,1,1,1.82434691010806,2.64318521399551,0.585126443695466,1
89,20,1,1,1.82434691010806,2.64318521399551,0.434015016031558,1
89,21,-1,1,1.65073734774406,0.38958172205658,0.869956843634577,1
89,22,-1,1,1.65073734774406,0.38958172205658,0.599603184165785,1
89,23,1,1,1.82434691010806,2.64318521399551,0.387528232691999,1
89,24,1,1,1.82434691010806,2.64318521399551,0.538590233909091,1
89,25,1,1,1.82434691010806,2.64318521399551,0.442546319717464,1
89,26,-1,1,1.65073734774406,0.38958172205658,1.77500234109083,-1
89,27,1,-1,1.73884667937444,0.538318635296912,0.536932112264358,1
89,28,-1,1,1.65073734774406,0.38958172205658,0.438075516984153,1
89,29,-1,1,1.65073734774406,0.38958172205658,0.468623949102477,1
89,30,-1,1,1.65073734774406,0.38958172205658,2.96301816773469,1
89,31,-1,1,1.65073734774406,0.38958172205658,0.719217198146561,1
89,32,-1,1,1.65073734774406,0.38958172205658,0.292544130994908,1
89,33,1,1,1.82434691010806,2.64318521399551,1.42480976941173,1
89,34,-1,1,1.65073734774406,0.38958172205658,1.93267778592901,1
89,35,1,1,1.82434691010806,2.64318521399551,0.898238294007754,1
89,36,1,1,1.82434691010806,2.64318521399551,0.407700190650681,1
89,37,-1,1,1.65073734774406,0.38958172205658,1.4933312530641,1
89,38,1,1,1.82434691010806,2.64318521399551,0.499524737276614,1
89,39,1,1,1.82434691010806,2.64318521399551,0.52396448901739,1
89,40,-1,1,1.65073734774406,0.38958172205658,0.93503888960289,1
89,41,1,1,1.82434691010806,2.64318521399551,1.03869084867125,1
89,42,-1,1,1.65073734774406,0.38958172205658,0.641027850598818,-1
89,43,1,-1,1.73884667937444,0.538318635296912,0.483393516233343,-1
89,44,1,-1,1.73884667937444,0.538318635296912,0.65762884084029,1
89,45,1,1,1.82434691010806,2.64318521399551,0.356399935472659,1
89,46,1,1,1.82434691010806,2.64318521399551,0.398056320122214,1
89,47,1,1,1.82434691010806,2.64318521399551,0.625736820821457,1
89,48,-1,1,1.65073734774406,0.38958172205658,0.584757325978112,-1
89,49,1,-1,1.73884667937444,0.538318635296912,0.310805302900862,1
89,50,1,1,1.82434691010806,2.64318521399551,0.737640844657698,1
89,51,-1,1,1.65073734774406,0.38958172205658,0.54735916054326,1
89,52,1,1,1.82434691010806,2.64318521399551,0.561465517654111,1
89,53,-1,1,1.65073734774406,0.38958172205658,0.444690932627232,-1
89,54,1,-1,1.73884667937444,0.538318635296912,0.492971049969571,-1
89,55,1,-1,1.73884667937444,0.538318635296912,1.11501494207142,1
89,56,1,1,1.82434691010806,2.64318521399551,0.624999033416997,1
89,57,1,1,1.82434691010806,2.64318521399551,0.378504732419536,1
89,58,-1,1,1.65073734774406,0.38958172205658,0.466379270280427,1
89,59,1,1,1.82434691010806,2.64318521399551,0.447915638467814,1
89,60,-1,1,1.65073734774406,0.38958172205658,0.570445541469986,1
89,61,-1,1,1.65073734774406,0.38958172205658,0.234197569823236,1
89,62,-1,1,1.65073734774406,0.38958172205658,0.481878979134828,1
89,63,-1,1,1.65073734774406,0.38958172205658,0.372878971888649,-1
89,64,-1,-1,1.57337353972557,1.228914428651,0.234405423729039,1
89,65,1,1,1.82434691010806,2.64318521399551,0.494834654587859,1
89,66,-1,1,1.65073734774406,0.38958172205658,0.415477434075948,1
89,67,-1,1,1.65073734774406,0.38958172205658,0.658610577327541,1
89,68,1,1,1.82434691010806,2.64318521399551,0.93107467981843,1
89,69,-1,1,1.65073734774406,0.38958172205658,0.366168059801867,1
89,70,1,1,1.82434691010806,2.64318521399551,0.899290224822883,1
89,71,-1,1,1.65073734774406,0.38958172205658,0.522158993500016,-1
89,72,-1,-1,1.57337353972557,1.228914428651,0.283581515245078,1
89,73,-1,1,1.65073734774406,0.38958172205658,1.84395096379588,-1
89,74,1,-1,1.73884667937444,0.538318635296912,0.57493046355759,1
89,75,-1,1,1.65073734774406,0.38958172205658,0.544048829772187,1
89,76,1,1,1.82434691010806,2.64318521399551,0.321153826712404,1
89,77,-1,1,1.65073734774406,0.38958172205658,1.41626136906384,1
89,78,-1,1,1.65073734774406,0.38958172205658,0.635425470462848,1
89,79,-1,1,1.65073734774406,0.38958172205658,1.10922798263972,-1
89,80,1,-1,1.73884667937444,0.538318635296912,0.885220016412136,1
89,81,1,1,1.82434691010806,2.64318521399551,0.875252753390174,1
89,82,1,1,1.82434691010806,2.64318521399551,0.732912112850593,1
89,83,1,1,1.82434691010806,2.64318521399551,0.986806097841532,1
89,84,-1,1,1.65073734774406,0.38958172205658,0.4928977186453,-1
89,85,-1,-1,1.57337353972557,1.228914428651,0.444991123885426,-1
89,86,1,-1,1.73884667937444,0.538318635296912,0.696982834406905,-1
89,87,-1,-1,1.57337353972557,1.228914428651,0.765231296945551,1
89,88,1,1,1.82434691010806,2.64318521399551,0.721029465305903,1
89,89,1,1,1.82434691010806,2.64318521399551,0.683551117285049,1
89,90,-1,1,1.65073734774406,0.38958172205658,1.13121934456317,1
89,91,-1,1,1.65073734774406,0.38958172205658,0.731780599107367,-1
89,92,-1,-1,1.57337353972557,1.228914428651,0.947476633738874,1
89,93,-1,1,1.65073734774406,0.38958172205658,0.576858262690175,-1
89,94,1,-1,1.73884667937444,0.538318635296912,0.268484395990576,1
89,95,-1,1,1.65073734774406,0.38958172205658,0.651279200552468,1
89,96,-1,1,1.65073734774406,0.38958172205658,0.368851237739205,1
89,97,-1,1,1.65073734774406,0.38958172205658,0.624893853066787,1
89,98,1,1,1.82434691010806,2.64318521399551,0.782449670785331,1
89,99,-1,1,1.65073734774406,0.38958172205658,0.479003469905281,1
89,100,-1,1,1.65073734774406,0.38958172205658,0.471306024046861,-1
89,101,-1,-1,1.57337353972557,1.228914428651,0.462799725383673,1
90,2,-1,1,1.98896705665024,-0.22153463847888,0.451896947455827,1
90,3,-1,1,1.98896705665024,-0.22153463847888,0.497324293391718,1
90,4,-1,1,1.98896705665024,-0.22153463847888,0.780994896238351,-1
90,5,-1,-1,1.89575170307744,1.06940388000441,0.997298777702317,1
90,6,1,1,2.19814854802036,3.66830971703541,0.398627551943921,1
90,7,1,1,2.19814854802036,3.66830971703541,0.485226472542979,1
90,8,-1,1,1.98896705665024,-0.22153463847888,0.97333860584624,1
90,9,1,1,2.19814854802036,3.66830971703541,0.403677623216226,1
90,10,-1,1,1.98896705665024,-0.22153463847888,0.462861070816874,1
90,11,-1,1,1.98896705665024,-0.22153463847888,0.543097535527426,-1
90,12,1,-1,2.09512965013357,0.283821041439056,2.49806160328479,-1
90,13,-1,-1,1.89575170307744,1.06940388000441,0.457137898143769,-1
90,14,1,-1,2.09512965013357,0.283821041439056,1.48302990971785,1
90,15,1,1,2.19814854802036,3.66830971703541,0.534314446764488,1
90,16,-1,1,1.98896705665024,-0.22153463847888,1.29246905456365,-1
90,17,1,-1,2.09512965013357,0.283821041439056,0.983049781356988,1
90,18,-1,1,1.98896705665024,-0.22153463847888,0.58640185335452,-1
90,19,1,-1,2.09512965013357,0.283821041439056,0.434589179311925,-1
90,20,1,-1,2.09512965013357,0.283821041439056,0.762175087761342,-1
90,21,-1,-1,1.89575170307744,1.06940388000441,0.765790422076808,1
90,22,1,1,2.19814854802036,3.66830971703541,0.51099548871706,1
90,23,1,1,2.19814854802036,3.66830971703541,0.543058250318379,1
90,24,-1,1,1.98896705665024,-0.22153463847888,0.725301918984671,1
90,25,-1,1,1.98896705665024,-0.22153463847888,1.37283448673617,-1
90,26,1,-1,2.09512965013357,0.283821041439056,0.94485830957978,-1
90,27,1,-1,2.09512965013357,0.283821041439056,4.59062847090452,1
90,28,-1,1,1.98896705665024,-0.22153463847888,1.22883116282332,1
90,29,1,1,2.19814854802036,3.66830971703541,0.767945966798482,1
90,30,-1,1,1.98896705665024,-0.22153463847888,0.743976284196993,-1
90,31,1,-1,2.09512965013357,0.283821041439056,1.20539783956076,1
90,32,1,1,2.19814854802036,3.66830971703541,0.551140859541213,1
90,33,1,1,2.19814854802036,3.66830971703541,0.530365273331452,1
90,34,-1,1,1.98896705665024,-0.22153463847888,1.22853741049593,1
90,35,1,1,2.19814854802036,3.66830971703541,0.52188377657373,1
90,36,-1,1,1.98896705665024,-0.22153463847888,0.757378789100616,1
90,37,-1,1,1.98896705665024,-0.22153463847888,2.3302917832878,-1
90,38,-1,-1,1.89575170307744,1.06940388000441,0.650866410945546,1
90,39,1,1,2.19814854802036,3.66830971703541,0.978336750279434,1
90,40,-1,1,1.98896705665024,-0.22153463847888,0.991925314917514,1
90,41,1,1,2.19814854802036,3.66830971703541,0.637131042861164,1
90,42,-1,1,1.98896705665024,-0.22153463847888,1.84403095491317,1
90,43,-1,1,1.98896705665024,-0.22153463847888,0.508581186469971,-1
90,44,1,-1,2.09512965013357,0.283821041439056,0.978435723160724,1
90,45,1,1,2.19814854802036,3.66830971703541,0.861029925032367,1
90,46,-1,1,1.98896705665024,-0.22153463847888,0.57344706874464,-1
90,47,1,-1,2.09512965013357,0.283821041439056,0.602913733502714,1
90,48,1,1,2.19814854802036,3.66830971703541,0.578508106644212,1
90,49,-1,1,1.98896705665024,-0.22153463847888,1.47062928251684,1
90,50,-1,1,1.98896705665024,-0.22153463847888,1.18035990649831,-1
90,51,-1,-1,1.89575170307744,1.06940388000441,0.688615996401966,1
90,52,1,1,2.19814854802036,3.66830971703541,0.642774107294535,1
90,53,-1,1,1.98896705665024,-0.22153463847888,1.85353364733239,-1
90,54,1,-1,2.09512965013357,0.283821041439056,1.08291862498612,-1
90,55,1,-1,2.09512965013357,0.283821041439056,0.482360457849811,1
90,56,-1,1,1.98896705665024,-0.22153463847888,0.378098685861613,-1
90,57,1,-1,2.09512965013357,0.283821041439056,3.71824070483744,1
90,58,-1,1,1.98896705665024,-0.22153463847888,1.06662742355237,1
90,59,1,1,2.19814854802036,3.66830971703541,0.616955245415084,1
90,60,1,1,2.19814854802036,3.66830971703541,0.804998475860509,1
90,61,-1,1,1.98896705665024,-0.22153463847888,1.23875068505693,-1
90,62,1,-1,2.09512965013357,0.283821041439056,1.59199056243034,-1
90,63,-1,-1,1.89575170307744,1.06940388000441,1.0669266112559,1
90,64,1,1,2.19814854802036,3.66830971703541,0.562154988904407,1
90,65,1,1,2.19814854802036,3.66830971703541,0.497129329051147,1
90,66,1,1,2.19814854802036,3.66830971703541,0.643359269907506,1
90,67,1,1,2.19814854802036,3.66830971703541,0.78003735612432,1
90,68,1,1,2.19814854802036,3.66830971703541,0.408715003110873,1
90,69,1,1,2.19814854802036,3.66830971703541,0.420514802695036,1
90,70,1,1,2.19814854802036,3.66830971703541,0.683779401129709,1
90,71,-1,1,1.98896705665024,-0.22153463847888,0.37618646380189,1
90,72,-1,1,1.98896705665024,-0.22153463847888,0.423595994698405,-1
90,73,1,-1,2.09512965013357,0.283821041439056,1.1654562005007,-1
90,74,1,-1,2.09512965013357,0.283821041439056,1.82965786661007,1
90,75,-1,1,1.98896705665024,-0.22153463847888,0.453654798379494,-1
90,76,-1,-1,1.89575170307744,1.06940388000441,1.65327746240678,1
90,77,-1,1,1.98896705665024,-0.22153463847888,0.976700656231698,-1
90,78,1,-1,2.09512965013357,0.283821041439056,0.537916639111347,1
90,79,-1,1,1.98896705665024,-0.22153463847888,0.649554508662707,1
90,80,1,1,2.19814854802036,3.66830971703541,0.713027292601069,1
90,81,-1,1,1.98896705665024,-0.22153463847888,2.32079636198869,1
90,82,1,1,2.19814854802036,3.66830971703541,0.403058872426667,1
90,83,-1,1,1.98896705665024,-0.22153463847888,1.22514552858294,1
90,84,-1,1,1.98896705665024,-0.22153463847888,0.43168422484032,-1
90,85,-1,-1,1.89575170307744,1.06940388000441,0.640133567323829,1
90,86,-1,1,1.98896705665024,-0.22153463847888,1.37110365805843,-1
90,87,1,-1,2.09512965013357,0.283821041439056,0.38681391016407,1
90,88,-1,1,1.98896705665024,-0.22153463847888,1.90678997809675,1
90,89,1,1,2.19814854802036,3.66830971703541,0.558203296150702,1
90,90,1,1,2.19814854802036,3.66830971703541,0.824910419703567,1
90,91,-1,1,1.98896705665024,-0.22153463847888,1.75695215923755,-1
90,92,-1,-1,1.89575170307744,1.06940388000441,0.371662203469732,-1
90,93,1,-1,2.09512965013357,0.283821041439056,1.80061708346439,1
90,94,-1,1,1.98896705665024,-0.22153463847888,1.18394585368516,-1
90,95,-1,-1,1.89575170307744,1.06940388000441,0.914394077821315,1
90,96,-1,1,1.98896705665024,-0.22153463847888,2.62890488373086,-1
90,97,-1,-1,1.89575170307744,1.06940388000441,2.21687271702082,1
90,98,1,1,2.19814854802036,3.66830971703541,0.667525674323668,1
90,99,-1,1,1.98896705665024,-0.22153463847888,0.548598978896165,-1
90,100,1,-1,2.09512965013357,0.283821041439056,1.19166440387899,-1
90,101,1,-1,2.09512965013357,0.283821041439056,0.772185127430683,1
91,2,1,1,2.06999841902698,3.59512923805716,0.453321662821353,1
91,3,1,1,2.06999841902698,3.59512923805716,0.411728456034878,1
91,4,1,1,2.06999841902698,3.59512923805716,0.407939464880047,1
91,5,1,1,2.06999841902698,3.59512923805716,0.779716722399868,1
91,6,-1,1,1.87301202481089,0.768687269636463,1.75827248000678,1
91,7,1,1,2.06999841902698,3.59512923805716,0.479998324189409,1
91,8,-1,1,1.87301202481089,0.768687269636463,0.664918883063583,1
91,9,1,1,2.06999841902698,3.59512923805716,0.335987801993591,1
91,10,-1,1,1.87301202481089,0.768687269636463,0.477356941239333,-1
91,11,1,-1,1.97298543237163,0.558905774306725,1.45428688967716,1
91,12,1,1,2.06999841902698,3.59512923805716,0.697123132926276,1
91,13,-1,1,1.87301202481089,0.768687269636463,0.504244985083073,1
91,14,-1,1,1.87301202481089,0.768687269636463,0.980725586400218,1
91,15,1,1,2.06999841902698,3.59512923805716,0.390625798867446,1
91,16,1,1,2.06999841902698,3.59512923805716,0.483163031366905,1
91,17,1,1,2.06999841902698,3.59512923805716,1.17302908657219,1
91,18,-1,1,1.87301202481089,0.768687269636463,1.03390512808506,1
91,19,-1,1,1.87301202481089,0.768687269636463,2.27909380642204,1
91,20,1,1,2.06999841902698,3.59512923805716,0.482162978992055,1
91,21,-1,1,1.87301202481089,0.768687269636463,0.371491323816304,1
91,22,1,1,2.06999841902698,3.59512923805716,0.322508335281837,1
91,23,-1,1,1.87301202481089,0.768687269636463,1.97068633362874,1
91,24,1,1,2.06999841902698,3.59512923805716,0.482095321405897,1
91,25,1,1,2.06999841902698,3.59512923805716,0.316428126598435,1
91,26,1,1,2.06999841902698,3.59512923805716,0.521756374817949,1
91,27,-1,1,1.87301202481089,0.768687269636463,0.527545531963105,1
91,28,-1,1,1.87301202481089,0.768687269636463,0.465215526089029,1
91,29,-1,1,1.87301202481089,0.768687269636463,0.510282747816199,1
91,30,-1,1,1.87301202481089,0.768687269636463,0.430969053769334,1
91,31,-1,1,1.87301202481089,0.768687269636463,0.469003922241075,1
91,32,1,1,2.06999841902698,3.59512923805716,0.674860461506301,1
91,33,-1,1,1.87301202481089,0.768687269636463,1.33826999575971,-1
91,34,1,-1,1.97298543237163,0.558905774306725,0.539267373968664,1
91,35,-1,1,1.87301202481089,0.768687269636463,1.17263372927394,1
91,36,-1,1,1.87301202481089,0.768687269636463,0.876574916886778,1
91,37,-1,1,1.87301202481089,0.768687269636463,0.462627595913086,-1
91,38,1,-1,1.97298543237163,0.558905774306725,1.6400859096536,-1
91,39,1,-1,1.97298543237163,0.558905774306725,2.28700978093962,1
91,40,1,1,2.06999841902698,3.59512923805716,0.43808958459717,1
91,41,1,1,2.06999841902698,3.59512923805716,0.408615297237251,1
91,42,1,1,2.06999841902698,3.59512923805716,0.60135093730383,1
91,43,-1,1,1.87301202481089,0.768687269636463,1.71676166214808,1
91,44,1,1,2.06999841902698,3.59512923805716,0.462329614014701,1
91,45,1,1,2.06999841902698,3.59512923805716,0.658499225791352,1
91,46,-1,1,1.87301202481089,0.768687269636463,1.2379444953646,1
91,47,1,1,2.06999841902698,3.59512923805716,1.06333104848216,1
91,48,-1,1,1.87301202481089,0.768687269636463,0.805205834043816,1
91,49,-1,1,1.87301202481089,0.768687269636463,2.46364849304811,1
91,50,-1,1,1.87301202481089,0.768687269636463,0.479503954744898,1
91,51,-1,1,1.87301202481089,0.768687269636463,0.922602810569903,-1
91,52,-1,-1,1.78523104444971,-0.122722282000351,0.572506597385956,1
91,53,1,1,2.06999841902698,3.59512923805716,0.347018474527408,1
91,54,-1,1,1.87301202481089,0.768687269636463,1.30101535509406,1
91,55,-1,1,1.87301202481089,0.768687269636463,0.496646865667352,1
91,56,-1,1,1.87301202481089,0.768687269636463,0.413419418137215,1
91,57,1,1,2.06999841902698,3.59512923805716,0.403233661111611,1
91,58,-1,1,1.87301202481089,0.768687269636463,1.26711900685567,1
91,59,1,1,2.06999841902698,3.59512923805716,0.364131954870151,1
91,60,-1,1,1.87301202481089,0.768687269636463,0.448112038038026,1
91,61,1,1,2.06999841902698,3.59512923805716,0.469049298856137,1
91,62,-1,1,1.87301202481089,0.768687269636463,0.381012843205804,-1
91,63,1,-1,1.97298543237163,0.558905774306725,1.04998327053405,1
91,64,1,1,2.06999841902698,3.59512923805716,0.375951992526207,1
91,65,-1,1,1.87301202481089,0.768687269636463,0.650513226311784,-1
91,66,-1,-1,1.78523104444971,-0.122722282000351,0.949263809146776,-1
91,67,1,-1,1.97298543237163,0.558905774306725,1.19507057478249,-1
91,68,-1,-1,1.78523104444971,-0.122722282000351,0.771287689450135,1
91,69,-1,1,1.87301202481089,0.768687269636463,1.58232392893578,1
91,70,-1,1,1.87301202481089,0.768687269636463,1.14912951993836,1
91,71,1,1,2.06999841902698,3.59512923805716,0.487386503267588,1
91,72,-1,1,1.87301202481089,0.768687269636463,0.958705084355063,1
91,73,-1,1,1.87301202481089,0.768687269636463,0.802948412009964,1
91,74,1,1,2.06999841902698,3.59512923805716,0.699817950198587,1
91,75,-1,1,1.87301202481089,0.768687269636463,0.406068169552895,1
91,76,-1,1,1.87301202481089,0.768687269636463,0.960663216945314,1
91,77,1,1,2.06999841902698,3.59512923805716,0.753761250605386,1
91,78,-1,1,1.87301202481089,0.768687269636463,1.18741953283069,1
91,79,-1,1,1.87301202481089,0.768687269636463,0.836060183191778,1
91,80,1,1,2.06999841902698,3.59512923805716,0.339208192741677,1
91,81,-1,1,1.87301202481089,0.768687269636463,0.618558928094908,1
91,82,-1,1,1.87301202481089,0.768687269636463,0.761791805275858,1
91,83,1,1,2.06999841902698,3.59512923805716,0.964108450085111,1
91,84,-1,1,1.87301202481089,0.768687269636463,0.838770744255756,-1
91,85,1,-1,1.97298543237163,0.558905774306725,0.593714079082902,1
91,86,1,1,2.06999841902698,3.59512923805716,0.460203192211805,1
91,87,-1,1,1.87301202481089,0.768687269636463,0.968728919549486,-1
91,88,1,-1,1.97298543237163,0.558905774306725,0.502838281713987,1
91,89,1,1,2.06999841902698,3.59512923805716,0.300337940702734,1
91,90,1,1,2.06999841902698,3.59512923805716,0.318770934421026,1
91,91,-1,1,1.87301202481089,0.768687269636463,1.00202742054322,1
91,92,1,1,2.06999841902698,3.59512923805716,0.815352257654897,1
91,93,1,1,2.06999841902698,3.59512923805716,0.653962258671549,1
91,94,-1,1,1.87301202481089,0.768687269636463,0.530403031464458,1
91,95,-1,1,1.87301202481089,0.768687269636463,0.430326283909352,1
91,96,1,1,2.06999841902698,3.59512923805716,0.407113167084706,1
91,97,1,1,2.06999841902698,3.59512923805716,0.378672702144287,1
91,98,-1,1,1.87301202481089,0.768687269636463,1.68397118140597,-1
91,99,1,-1,1.97298543237163,0.558905774306725,0.409253516228665,1
91,100,1,1,2.06999841902698,3.59512923805716,0.746151992831773,1
91,101,1,1,2.06999841902698,3.59512923805716,0.380058702473441,1
92,2,1,1,1.92883393361238,1.51695849930152,0.527006455359224,1
92,3,1,1,1.92883393361238,1.51695849930152,2.08320894142853,1
92,4,1,1,1.92883393361238,1.51695849930152,0.467930994272894,1
92,5,-1,1,1.74528111630997,1.87870199615397,1.30536781445511,1
92,6,-1,1,1.74528111630997,1.87870199615397,0.514825256381197,1
92,7,-1,1,1.74528111630997,1.87870199615397,0.387579138893043,1
92,8,1,1,1.92883393361238,1.51695849930152,0.878396913412523,1
92,9,1,1,1.92883393361238,1.51695849930152,0.386511053996689,1
92,10,-1,1,1.74528111630997,1.87870199615397,0.862395461809339,1
92,11,-1,1,1.74528111630997,1.87870199615397,1.55548250329252,1
92,12,1,1,1.92883393361238,1.51695849930152,0.323173754111289,1
92,13,-1,1,1.74528111630997,1.87870199615397,1.62466116659995,1
92,14,1,1,1.92883393361238,1.51695849930152,0.91094535519471,1
92,15,-1,1,1.74528111630997,1.87870199615397,0.484494571694825,1
92,16,-1,1,1.74528111630997,1.87870199615397,0.398934610875852,1
92,17,-1,1,1.74528111630997,1.87870199615397,0.499984214495026,1
92,18,1,1,1.92883393361238,1.51695849930152,1.06172588461739,1
92,19,1,1,1.92883393361238,1.51695849930152,0.575451862259421,1
92,20,-1,1,1.74528111630997,1.87870199615397,0.646990879922467,1
92,21,-1,1,1.74528111630997,1.87870199615397,0.31317234217905,1
92,22,-1,1,1.74528111630997,1.87870199615397,0.438731879674725,1
92,23,-1,1,1.74528111630997,1.87870199615397,1.00688897085974,1
92,24,-1,1,1.74528111630997,1.87870199615397,0.40318030586237,1
92,25,-1,1,1.74528111630997,1.87870199615397,0.749330141055635,1
92,26,1,1,1.92883393361238,1.51695849930152,1.5351221656626,1
92,27,1,1,1.92883393361238,1.51695849930152,1.72756630533453,1
92,28,-1,1,1.74528111630997,1.87870199615397,0.565334884103768,1
92,29,-1,1,1.74528111630997,1.87870199615397,0.679624892110845,1
92,30,1,1,1.92883393361238,1.51695849930152,0.433087922406462,1
92,31,1,1,1.92883393361238,1.51695849930152,1.00061484582184,1
92,32,-1,1,1.74528111630997,1.87870199615397,1.45070777734559,1
92,33,1,1,1.92883393361238,1.51695849930152,0.771394137427931,1
92,34,-1,1,1.74528111630997,1.87870199615397,1.15707133931277,1
92,35,1,1,1.92883393361238,1.51695849930152,0.422199098733068,1
92,36,1,1,1.92883393361238,1.51695849930152,1.01383233465513,1
92,37,1,1,1.92883393361238,1.51695849930152,1.26789430659753,1
92,38,-1,1,1.74528111630997,1.87870199615397,0.922136572079073,1
92,39,1,1,1.92883393361238,1.51695849930152,0.693233262914806,1
92,40,-1,1,1.74528111630997,1.87870199615397,0.480606832755121,1
92,41,-1,1,1.74528111630997,1.87870199615397,0.494053570251038,1
92,42,1,1,1.92883393361238,1.51695849930152,0.605427200055571,1
92,43,1,1,1.92883393361238,1.51695849930152,0.756456928843896,1
92,44,-1,1,1.74528111630997,1.87870199615397,0.709867907037997,1
92,45,-1,1,1.74528111630997,1.87870199615397,1.28281256085936,1
92,46,1,1,1.92883393361238,1.51695849930152,3.22507845126833,1
92,47,-1,1,1.74528111630997,1.87870199615397,1.30041144580906,1
92,48,-1,1,1.74528111630997,1.87870199615397,0.467090952617801,1
92,49,-1,1,1.74528111630997,1.87870199615397,0.427925957824243,1
92,50,1,1,1.92883393361238,1.51695849930152,0.59467496024366,1
92,51,1,1,1.92883393361238,1.51695849930152,0.657569588722693,1
92,52,1,1,1.92883393361238,1.51695849930152,1.44250046612993,1
92,53,1,1,1.92883393361238,1.51695849930152,0.47996727039756,1
92,54,-1,1,1.74528111630997,1.87870199615397,0.442990432948959,1
92,55,1,1,1.92883393361238,1.51695849930152,1.13454259495218,1
92,56,-1,1,1.74528111630997,1.87870199615397,0.65967837616768,1
92,57,1,1,1.92883393361238,1.51695849930152,0.908063778435766,1
92,58,-1,1,1.74528111630997,1.87870199615397,1.34694762023659,1
92,59,-1,1,1.74528111630997,1.87870199615397,1.07595391261718,1
92,60,-1,1,1.74528111630997,1.87870199615397,0.381538418597528,1
92,61,1,1,1.92883393361238,1.51695849930152,0.600857075355304,1
92,62,1,1,1.92883393361238,1.51695849930152,0.470037314143398,1
92,63,1,1,1.92883393361238,1.51695849930152,0.857588977562874,1
92,64,1,1,1.92883393361238,1.51695849930152,1.77407914830658,1
92,65,-1,1,1.74528111630997,1.87870199615397,0.422267292416556,1
92,66,-1,1,1.74528111630997,1.87870199615397,0.541983776628647,1
92,67,1,1,1.92883393361238,1.51695849930152,0.678872370410965,1
92,68,1,1,1.92883393361238,1.51695849930152,0.74840959225339,1
92,69,-1,1,1.74528111630997,1.87870199615397,0.349342961066571,1
92,70,-1,1,1.74528111630997,1.87870199615397,0.431689094599941,1
92,71,1,1,1.92883393361238,1.51695849930152,0.799721171083529,1
92,72,1,1,1.92883393361238,1.51695849930152,0.57138088916806,1
92,73,-1,1,1.74528111630997,1.87870199615397,0.552481504028634,1
92,74,1,1,1.92883393361238,1.51695849930152,0.965462310955595,1
92,75,1,1,1.92883393361238,1.51695849930152,0.710402230494078,1
92,76,-1,1,1.74528111630997,1.87870199615397,0.328157338217224,1
92,77,-1,1,1.74528111630997,1.87870199615397,0.474267581319344,1
92,78,-1,1,1.74528111630997,1.87870199615397,0.394880899073499,1
92,79,-1,1,1.74528111630997,1.87870199615397,0.734731002084939,1
92,80,1,1,1.92883393361238,1.51695849930152,0.427693080191598,1
92,81,-1,1,1.74528111630997,1.87870199615397,0.652820736005566,1
92,82,-1,1,1.74528111630997,1.87870199615397,0.370975909762702,1
92,83,1,1,1.92883393361238,1.51695849930152,1.50102078785478,1
92,84,-1,1,1.74528111630997,1.87870199615397,0.458938105407346,1
92,85,1,1,1.92883393361238,1.51695849930152,0.710871738432199,1
92,86,1,1,1.92883393361238,1.51695849930152,0.715762880267409,-1
92,87,1,-1,1.83843679178757,1.02337410786943,1.56786504804265,1
92,88,1,1,1.92883393361238,1.51695849930152,0.604755940272757,1
92,89,-1,1,1.74528111630997,1.87870199615397,0.548806353258023,1
92,90,1,1,1.92883393361238,1.51695849930152,0.486059335057217,1
92,91,1,1,1.92883393361238,1.51695849930152,0.74535178931356,1
92,92,1,1,1.92883393361238,1.51695849930152,0.768124706748358,1
92,93,-1,1,1.74528111630997,1.87870199615397,0.694241092410702,1
92,94,1,1,1.92883393361238,1.51695849930152,0.848852637526728,1
92,95,-1,1,1.74528111630997,1.87870199615397,0.280940572035722,1
92,96,-1,1,1.74528111630997,1.87870199615397,0.448640697221608,1
92,97,1,1,1.92883393361238,1.51695849930152,0.485784047463451,1
92,98,-1,1,1.74528111630997,1.87870199615397,1.17440891490388,1
92,99,1,1,1.92883393361238,1.51695849930152,0.485321779781993,1
92,100,1,1,1.92883393361238,1.51695849930152,0.754596912281179,1
92,101,-1,1,1.74528111630997,1.87870199615397,0.47712593872178,1
93,2,1,1,1.56003423145743,2.30212342730175,0.439583652552896,1
93,3,1,1,1.56003423145743,2.30212342730175,0.525136313089434,-1
93,4,-1,-1,1.34542206158359,0.335019836091915,1.46886849438195,1
93,5,-1,1,1.41157734603966,0.485273020087138,0.64512365033009,-1
93,6,-1,-1,1.34542206158359,0.335019836091915,0.44016813374857,1
93,7,-1,1,1.41157734603966,0.485273020087138,1.46782138973797,-1
93,8,1,-1,1.48692133499957,1.6775837165192,0.618105196185966,1
93,9,-1,1,1.41157734603966,0.485273020087138,0.576431207268098,1
93,10,1,1,1.56003423145743,2.30212342730175,0.394885278402879,1
93,11,1,1,1.56003423145743,2.30212342730175,0.406808798629571,1
93,12,1,1,1.56003423145743,2.30212342730175,0.71060714910938,1
93,13,-1,1,1.41157734603966,0.485273020087138,1.78888931832055,1
93,14,-1,1,1.41157734603966,0.485273020087138,0.577110618465637,1
93,15,-1,1,1.41157734603966,0.485273020087138,0.863740965982236,1
93,16,1,1,1.56003423145743,2.30212342730175,0.620977774362549,1
93,17,1,1,1.56003423145743,2.30212342730175,0.380725767436271,1
93,18,1,1,1.56003423145743,2.30212342730175,0.456098414152029,1
93,19,-1,1,1.41157734603966,0.485273020087138,0.784456032366362,-1
93,20,1,-1,1.48692133499957,1.6775837165192,0.431721397617597,1
93,21,1,1,1.56003423145743,2.30212342730175,0.360957027793362,1
93,22,1,1,1.56003423145743,2.30212342730175,0.52220599861283,-1
93,23,1,-1,1.48692133499957,1.6775837165192,0.983248101798083,1
93,24,1,1,1.56003423145743,2.30212342730175,0.71989110347203,1
93,25,1,1,1.56003423145743,2.30212342730175,0.355280877725105,1
93,26,1,1,1.56003423145743,2.30212342730175,0.853142740898208,1
93,27,1,1,1.56003423145743,2.30212342730175,0.588381957669306,-1
93,28,-1,-1,1.34542206158359,0.335019836091915,0.379047500989822,-1
93,29,-1,-1,1.34542206158359,0.335019836091915,0.355490563030875,1
93,30,1,1,1.56003423145743,2.30212342730175,1.05062507270967,1
93,31,1,1,1.56003423145743,2.30212342730175,0.377380876110529,1
93,32,-1,1,1.41157734603966,0.485273020087138,0.698757844990648,1
93,33,1,1,1.56003423145743,2.30212342730175,0.350029018788259,1
93,34,1,1,1.56003423145743,2.30212342730175,0.71253147167021,1
93,35,-1,1,1.41157734603966,0.485273020087138,0.678989166365886,1
93,36,-1,1,1.41157734603966,0.485273020087138,0.654940328077683,-1
93,37,1,-1,1.48692133499957,1.6775837165192,0.466874243892519,1
93,38,-1,1,1.41157734603966,0.485273020087138,0.594675778015226,1
93,39,-1,1,1.41157734603966,0.485273020087138,0.565180908108372,1
93,40,-1,1,1.41157734603966,0.485273020087138,1.34382046478041,1
93,41,1,1,1.56003423145743,2.30212342730175,0.435936459801897,1
93,42,1,1,1.56003423145743,2.30212342730175,0.350500149235971,1
93,43,-1,1,1.41157734603966,0.485273020087138,1.49094918347074,1
93,44,-1,1,1.41157734603966,0.485273020087138,1.47245029457717,1
93,45,1,1,1.56003423145743,2.30212342730175,0.314353153506881,1
93,46,1,1,1.56003423145743,2.30212342730175,0.455358988677896,1
93,47,1,1,1.56003423145743,2.30212342730175,0.460121194856106,1
93,48,1,1,1.56003423145743,2.30212342730175,0.396207836729813,1
93,49,-1,1,1.41157734603966,0.485273020087138,0.390756423010298,1
93,50,-1,1,1.41157734603966,0.485273020087138,0.628608146344715,-1
93,51,-1,-1,1.34542206158359,0.335019836091915,0.274849806840477,1
93,52,1,1,1.56003423145743,2.30212342730175,0.699493659442593,1
93,53,-1,1,1.41157734603966,0.485273020087138,0.644457392063003,1
93,54,-1,1,1.41157734603966,0.485273020087138,0.489220119629329,1
93,55,-1,1,1.41157734603966,0.485273020087138,0.61377210997849,1
93,56,-1,1,1.41157734603966,0.485273020087138,1.96142666744307,-1
93,57,1,-1,1.48692133499957,1.6775837165192,0.643420906288978,1
93,58,1,1,1.56003423145743,2.30212342730175,0.813724890439004,1
93,59,-1,1,1.41157734603966,0.485273020087138,0.714715414950056,-1
93,60,-1,-1,1.34542206158359,0.335019836091915,0.300297294939962,1
93,61,1,1,1.56003423145743,2.30212342730175,0.381548276272966,1
93,62,1,1,1.56003423145743,2.30212342730175,0.68902997260749,1
93,63,-1,1,1.41157734603966,0.485273020087138,0.390654560706272,-1
93,64,-1,-1,1.34542206158359,0.335019836091915,0.346057383631435,1
93,65,1,1,1.56003423145743,2.30212342730175,0.42630926667517,1
93,66,-1,1,1.41157734603966,0.485273020087138,0.714508167434596,1
93,67,1,1,1.56003423145743,2.30212342730175,0.516160937629313,1
93,68,1,1,1.56003423145743,2.30212342730175,0.365236105915096,1
93,69,-1,1,1.41157734603966,0.485273020087138,1.13304624133501,1
93,70,-1,1,1.41157734603966,0.485273020087138,0.728721909279237,-1
93,71,-1,-1,1.34542206158359,0.335019836091915,0.375842372625808,1
93,72,-1,1,1.41157734603966,0.485273020087138,0.371160828659586,1
93,73,-1,1,1.41157734603966,0.485273020087138,0.465143946893993,1
93,74,-1,1,1.41157734603966,0.485273020087138,0.45766041101861,1
93,75,1,1,1.56003423145743,2.30212342730175,0.320138765549202,1
93,76,-1,1,1.41157734603966,0.485273020087138,0.504101011939112,1
93,77,1,1,1.56003423145743,2.30212342730175,0.307682225641938,1
93,78,-1,1,1.41157734603966,0.485273020087138,0.428135123646109,1
93,79,1,1,1.56003423145743,2.30212342730175,0.436646956801363,1
93,80,1,1,1.56003423145743,2.30212342730175,0.406220850136229,1
93,81,-1,1,1.41157734603966,0.485273020087138,0.358391833213666,-1
93,82,1,-1,1.48692133499957,1.6775837165192,0.447014502899351,1
93,83,1,1,1.56003423145743,2.30212342730175,0.509772722058186,1
93,84,-1,1,1.41157734603966,0.485273020087138,0.389708830548957,1
93,85,-1,1,1.41157734603966,0.485273020087138,0.830723230982687,-1
93,86,1,-1,1.48692133499957,1.6775837165192,0.651779290966365,1
93,87,1,1,1.56003423145743,2.30212342730175,1.00484056394188,1
93,88,-1,1,1.41157734603966,0.485273020087138,1.30654335404087,1
93,89,-1,1,1.41157734603966,0.485273020087138,0.349087129904114,1
93,90,-1,1,1.41157734603966,0.485273020087138,0.341757539906934,1
93,91,1,1,1.56003423145743,2.30212342730175,0.279283722239983,1
93,92,1,1,1.56003423145743,2.30212342730175,0.290855378633214,1
93,93,-1,1,1.41157734603966,0.485273020087138,0.319634623271568,-1
93,94,-1,-1,1.34542206158359,0.335019836091915,0.378787880366634,1
93,95,1,1,1.56003423145743,2.30212342730175,0.517944454707786,1
93,96,-1,1,1.41157734603966,0.485273020087138,0.653221143376093,1
93,97,-1,1,1.41157734603966,0.485273020087138,0.468798089830678,-1
93,98,1,-1,1.48692133499957,1.6775837165192,0.653160540765745,1
93,99,1,1,1.56003423145743,2.30212342730175,0.54753651048883,1
93,100,1,1,1.56003423145743,2.30212342730175,0.728722722659128,1
93,101,-1,1,1.41157734603966,0.485273020087138,1.81685823420319,1
94,2,-1,1,1.59880354287536,0.798321592610494,0.963785912885332,1
94,3,-1,1,1.59880354287536,0.798321592610494,0.467430423416573,-1
94,4,-1,-1,1.52387367561372,-0.133510272613539,1.93856705034179,-1
94,5,1,-1,1.68414086910933,1.42079585107099,0.788287795021062,1
94,6,-1,1,1.59880354287536,0.798321592610494,0.529611963450743,-1
94,7,1,-1,1.68414086910933,1.42079585107099,1.46601965878884,1
94,8,1,1,1.76695117930215,2.71439282893205,0.413535523812316,1
94,9,-1,1,1.59880354287536,0.798321592610494,0.937397719629376,1
94,10,1,1,1.76695117930215,2.71439282893205,0.629585034204166,1
94,11,-1,1,1.59880354287536,0.798321592610494,0.760763707401603,1
94,12,-1,1,1.59880354287536,0.798321592610494,0.470267201203775,1
94,13,-1,1,1.59880354287536,0.798321592610494,1.01461581351571,1
94,14,-1,1,1.59880354287536,0.798321592610494,0.539072671281795,1
94,15,1,1,1.76695117930215,2.71439282893205,0.381134412656331,1
94,16,-1,1,1.59880354287536,0.798321592610494,0.39092899799565,1
94,17,1,1,1.76695117930215,2.71439282893205,0.681636361813069,1
94,18,-1,1,1.59880354287536,0.798321592610494,0.389839116286943,1
94,19,1,1,1.76695117930215,2.71439282893205,0.535362864606726,1
94,20,-1,1,1.59880354287536,0.798321592610494,0.71251689777121,1
94,21,1,1,1.76695117930215,2.71439282893205,0.651924942568739,1
94,22,-1,1,1.59880354287536,0.798321592610494,1.30730277339101,1
94,23,1,1,1.76695117930215,2.71439282893205,0.699708848244631,1
94,24,-1,1,1.59880354287536,0.798321592610494,1.02053899290521,1
94,25,1,1,1.76695117930215,2.71439282893205,0.409919493410311,1
94,26,1,1,1.76695117930215,2.71439282893205,0.427044018232342,1
94,27,1,1,1.76695117930215,2.71439282893205,0.751037087903988,1
94,28,1,1,1.76695117930215,2.71439282893205,0.444545527536886,1
94,29,-1,1,1.59880354287536,0.798321592610494,0.834111718663999,1
94,30,-1,1,1.59880354287536,0.798321592610494,0.571441731972344,1
94,31,1,1,1.76695117930215,2.71439282893205,0.758905891824371,1
94,32,1,1,1.76695117930215,2.71439282893205,0.479021071976285,1
94,33,1,1,1.76695117930215,2.71439282893205,0.509919785707555,1
94,34,-1,1,1.59880354287536,0.798321592610494,0.810095081531591,1
94,35,-1,1,1.59880354287536,0.798321592610494,0.607461359882817,1
94,36,1,1,1.76695117930215,2.71439282893205,0.560642255295153,1
94,37,-1,1,1.59880354287536,0.798321592610494,0.715083466990711,1
94,38,-1,1,1.59880354287536,0.798321592610494,0.475441119085596,1
94,39,1,1,1.76695117930215,2.71439282893205,0.542397290253235,1
94,40,1,1,1.76695117930215,2.71439282893205,0.55130976414974,1
94,41,1,1,1.76695117930215,2.71439282893205,1.35949850663937,1
94,42,1,1,1.76695117930215,2.71439282893205,0.477448150773807,1
94,43,-1,1,1.59880354287536,0.798321592610494,0.717110085462092,1
94,44,1,1,1.76695117930215,2.71439282893205,0.343397838914236,1
94,45,1,1,1.76695117930215,2.71439282893205,0.537919716771377,1
94,46,-1,1,1.59880354287536,0.798321592610494,0.372629665316022,1
94,47,-1,1,1.59880354287536,0.798321592610494,0.738164450884119,1
94,48,-1,1,1.59880354287536,0.798321592610494,0.307135014159766,1
94,49,-1,1,1.59880354287536,0.798321592610494,1.39215368253322,1
94,50,1,1,1.76695117930215,2.71439282893205,1.37149080346175,1
94,51,1,1,1.76695117930215,2.71439282893205,0.588952262666392,1
94,52,1,1,1.76695117930215,2.71439282893205,0.42220247939242,1
94,53,-1,1,1.59880354287536,0.798321592610494,0.509267616138154,1
94,54,-1,1,1.59880354287536,0.798321592610494,1.51596042125176,-1
94,55,1,-1,1.68414086910933,1.42079585107099,0.591399583129984,1
94,56,-1,1,1.59880354287536,0.798321592610494,1.97859853259221,1
94,57,-1,1,1.59880354287536,0.798321592610494,0.66120644278152,1
94,58,-1,1,1.59880354287536,0.798321592610494,0.486825237660314,1
94,59,-1,1,1.59880354287536,0.798321592610494,0.850280853969372,1
94,60,-1,1,1.59880354287536,0.798321592610494,1.4698938117981,1
94,61,-1,1,1.59880354287536,0.798321592610494,0.880645703436285,-1
94,62,1,-1,1.68414086910933,1.42079585107099,0.47188301352347,1
94,63,-1,1,1.59880354287536,0.798321592610494,0.677321223387026,1
94,64,1,1,1.76695117930215,2.71439282893205,0.887096159907056,1
94,65,1,1,1.76695117930215,2.71439282893205,0.478077290021361,1
94,66,1,1,1.76695117930215,2.71439282893205,0.31440771704771,1
94,67,-1,1,1.59880354287536,0.798321592610494,1.12361960434316,1
94,68,1,1,1.76695117930215,2.71439282893205,0.406236964572509,1
94,69,1,1,1.76695117930215,2.71439282893205,0.84881032195523,1
94,70,1,1,1.76695117930215,2.71439282893205,0.419566996970463,1
94,71,-1,1,1.59880354287536,0.798321592610494,0.633040646370375,1
94,72,1,1,1.76695117930215,2.71439282893205,0.414913618823945,1
94,73,-1,1,1.59880354287536,0.798321592610494,0.687140679732451,1
94,74,-1,1,1.59880354287536,0.798321592610494,0.336563205222243,1
94,75,1,1,1.76695117930215,2.71439282893205,0.506926159699163,1
94,76,1,1,1.76695117930215,2.71439282893205,0.467242343012946,1
94,77,1,1,1.76695117930215,2.71439282893205,0.594199785529674,1
94,78,1,1,1.76695117930215,2.71439282893205,2.54663854666381,1
94,79,-1,1,1.59880354287536,0.798321592610494,1.10043340827947,-1
94,80,1,-1,1.68414086910933,1.42079585107099,0.787515542962377,1
94,81,-1,1,1.59880354287536,0.798321592610494,0.75474923397263,1
94,82,-1,1,1.59880354287536,0.798321592610494,1.10308013808009,1
94,83,-1,1,1.59880354287536,0.798321592610494,0.361266363702996,-1
94,84,1,-1,1.68414086910933,1.42079585107099,0.363406759994055,1
94,85,1,1,1.76695117930215,2.71439282893205,0.632766631580218,1
94,86,1,1,1.76695117930215,2.71439282893205,0.47083033520241,1
94,87,-1,1,1.59880354287536,0.798321592610494,0.503635274207464,1
94,88,1,1,1.76695117930215,2.71439282893205,0.611529011954181,1
94,89,1,1,1.76695117930215,2.71439282893205,0.884955601504963,1
94,90,-1,1,1.59880354287536,0.798321592610494,0.553137942308646,1
94,91,-1,1,1.59880354287536,0.798321592610494,0.633689971843904,1
94,92,1,1,1.76695117930215,2.71439282893205,1.02326395735558,1
94,93,-1,1,1.59880354287536,0.798321592610494,0.700560295484392,1
94,94,1,1,1.76695117930215,2.71439282893205,0.432153149790516,1
94,95,1,1,1.76695117930215,2.71439282893205,0.397565743147406,1
94,96,-1,1,1.59880354287536,0.798321592610494,0.68048030122641,1
94,97,-1,1,1.59880354287536,0.798321592610494,0.64047946703252,1
94,98,1,1,1.76695117930215,2.71439282893205,0.560539204510063,1
94,99,1,1,1.76695117930215,2.71439282893205,0.320348260330039,1
94,100,-1,1,1.59880354287536,0.798321592610494,0.607929234763218,-1
94,101,-1,-1,1.52387367561372,-0.133510272613539,0.717479560744101,1
95,2,1,1,2.05426045939423,2.94504087823442,0.462431272872697,1
95,3,-1,1,1.85877173005164,0.179411210043301,0.637466385638446,-1
95,4,-1,-1,1.77165813837673,0.0675043509703771,0.569403093910089,1
95,5,-1,1,1.85877173005164,0.179411210043301,0.663277763572688,1
95,6,-1,1,1.85877173005164,0.179411210043301,0.67651450845539,-1
95,7,1,-1,1.957985051306,1.6080435607519,0.897357732277158,1
95,8,1,1,2.05426045939423,2.94504087823442,0.571772082583872,1
95,9,1,1,2.05426045939423,2.94504087823442,0.536520966282179,1
95,10,1,1,2.05426045939423,2.94504087823442,0.484089644102152,1
95,11,1,1,2.05426045939423,2.94504087823442,0.408235931385896,1
95,12,-1,1,1.85877173005164,0.179411210043301,0.55076683190661,1
95,13,-1,1,1.85877173005164,0.179411210043301,0.896312609147183,1
95,14,1,1,2.05426045939423,2.94504087823442,0.785243852480688,1
95,15,1,1,2.05426045939423,2.94504087823442,0.590908637893265,1
95,16,-1,1,1.85877173005164,0.179411210043301,0.703869806698042,-1
95,17,1,-1,1.957985051306,1.6080435607519,1.16071991306454,1
95,18,1,1,2.05426045939423,2.94504087823442,0.351390848159742,1
95,19,1,1,2.05426045939423,2.94504087823442,0.590002210275101,1
95,20,-1,1,1.85877173005164,0.179411210043301,1.21888764554927,1
95,21,-1,1,1.85877173005164,0.179411210043301,2.39673849283533,-1
95,22,1,-1,1.957985051306,1.6080435607519,0.912976746131742,1
95,23,-1,1,1.85877173005164,0.179411210043301,1.19127093643573,-1
95,24,1,-1,1.957985051306,1.6080435607519,0.54040254418351,1
95,25,1,1,2.05426045939423,2.94504087823442,1.71681543231306,1
95,26,-1,1,1.85877173005164,0.179411210043301,1.42246265190991,1
95,27,1,1,2.05426045939423,2.94504087823442,0.374179817678128,1
95,28,-1,1,1.85877173005164,0.179411210043301,0.47003321752416,-1
95,29,-1,-1,1.77165813837673,0.0675043509703771,1.83658199899521,1
95,30,-1,1,1.85877173005164,0.179411210043301,1.71066896360802,1
95,31,1,1,2.05426045939423,2.94504087823442,0.480226791968519,1
95,32,-1,1,1.85877173005164,0.179411210043301,1.58254938261764,-1
95,33,-1,-1,1.77165813837673,0.0675043509703771,0.463621818167968,-1
95,34,-1,-1,1.77165813837673,0.0675043509703771,1.00444546729979,-1
95,35,-1,-1,1.77165813837673,0.0675043509703771,1.95535128821469,-1
95,36,1,-1,1.957985051306,1.6080435607519,0.500574106630814,1
95,37,-1,1,1.85877173005164,0.179411210043301,0.964208252353656,1
95,38,1,1,2.05426045939423,2.94504087823442,0.701697765750654,1
95,39,1,1,2.05426045939423,2.94504087823442,0.444557333653533,1
95,40,1,1,2.05426045939423,2.94504087823442,0.668985266069369,1
95,41,-1,1,1.85877173005164,0.179411210043301,0.276311350540508,1
95,42,-1,1,1.85877173005164,0.179411210043301,0.841509849450498,-1
95,43,-1,-1,1.77165813837673,0.0675043509703771,3.47694869010665,-1
95,44,1,-1,1.957985051306,1.6080435607519,0.611790596172485,-1
95,45,1,-1,1.957985051306,1.6080435607519,0.692569686678781,1
95,46,-1,1,1.85877173005164,0.179411210043301,0.389990929716274,-1
95,47,1,-1,1.957985051306,1.6080435607519,1.58185218367975,1
95,48,1,1,2.05426045939423,2.94504087823442,0.633494098119955,1
95,49,-1,1,1.85877173005164,0.179411210043301,0.635563272128397,1
95,50,1,1,2.05426045939423,2.94504087823442,0.400408657151122,1
95,51,1,1,2.05426045939423,2.94504087823442,0.603625764869143,1
95,52,1,1,2.05426045939423,2.94504087823442,0.493579007979023,1
95,53,1,1,2.05426045939423,2.94504087823442,0.562913767027505,1
95,54,-1,1,1.85877173005164,0.179411210043301,1.59149620518563,-1
95,55,1,-1,1.957985051306,1.6080435607519,1.49616365867483,1
95,56,1,1,2.05426045939423,2.94504087823442,0.467311838361939,1
95,57,-1,1,1.85877173005164,0.179411210043301,1.33038330397405,1
95,58,1,1,2.05426045939423,2.94504087823442,0.487589037595677,1
95,59,1,1,2.05426045939423,2.94504087823442,0.498771511710382,1
95,60,1,1,2.05426045939423,2.94504087823442,0.450255600634365,1
95,61,-1,1,1.85877173005164,0.179411210043301,0.719607887585897,1
95,62,-1,1,1.85877173005164,0.179411210043301,0.554651200143683,-1
95,63,1,-1,1.957985051306,1.6080435607519,0.409886158389335,1
95,64,-1,1,1.85877173005164,0.179411210043301,0.5118926782572,1
95,65,1,1,2.05426045939423,2.94504087823442,0.981813648207165,1
95,66,1,1,2.05426045939423,2.94504087823442,1.84413713792366,1
95,67,1,1,2.05426045939423,2.94504087823442,1.0737563708967,1
95,68,-1,1,1.85877173005164,0.179411210043301,1.09489044640791,-1
95,69,1,-1,1.957985051306,1.6080435607519,0.552675604446196,1
95,70,-1,1,1.85877173005164,0.179411210043301,1.18667711332978,-1
95,71,-1,-1,1.77165813837673,0.0675043509703771,0.859692024178678,1
95,72,-1,1,1.85877173005164,0.179411210043301,0.718103437508818,1
95,73,-1,1,1.85877173005164,0.179411210043301,1.37107420857406,-1
95,74,1,-1,1.957985051306,1.6080435607519,1.12527085843511,1
95,75,1,1,2.05426045939423,2.94504087823442,0.618166422136516,1
95,76,-1,1,1.85877173005164,0.179411210043301,2.66202055571324,-1
95,77,1,-1,1.957985051306,1.6080435607519,0.848582554963908,1
95,78,-1,1,1.85877173005164,0.179411210043301,0.811702090477399,1
95,79,1,1,2.05426045939423,2.94504087823442,0.678665791463615,1
95,80,-1,1,1.85877173005164,0.179411210043301,1.10116206141719,-1
95,81,-1,-1,1.77165813837673,0.0675043509703771,1.0919271127233,-1
95,82,-1,-1,1.77165813837673,0.0675043509703771,1.28339785889886,-1
95,83,-1,-1,1.77165813837673,0.0675043509703771,1.93856905299435,1
95,84,1,1,2.05426045939423,2.94504087823442,0.948214061484104,1
95,85,-1,1,1.85877173005164,0.179411210043301,0.684520699477547,1
95,86,-1,1,1.85877173005164,0.179411210043301,1.35817392595251,1
95,87,1,1,2.05426045939423,2.94504087823442,0.509450085235518,1
95,88,-1,1,1.85877173005164,0.179411210043301,1.71969447210392,-1
95,89,1,-1,1.957985051306,1.6080435607519,0.562746282568895,1
95,90,1,1,2.05426045939423,2.94504087823442,0.375626049945409,1
95,91,-1,1,1.85877173005164,0.179411210043301,0.374077784158447,1
95,92,-1,1,1.85877173005164,0.179411210043301,0.668063877779568,-1
95,93,1,-1,1.957985051306,1.6080435607519,0.416820097744156,1
95,94,1,1,2.05426045939423,2.94504087823442,0.40486947212093,1
95,95,-1,1,1.85877173005164,0.179411210043301,1.19256640590375,1
95,96,-1,1,1.85877173005164,0.179411210043301,0.637208422222918,1
95,97,-1,1,1.85877173005164,0.179411210043301,1.08298669440019,1
95,98,1,1,2.05426045939423,2.94504087823442,0.877966664966619,1
95,99,1,1,2.05426045939423,2.94504087823442,0.523153656592315,1
95,100,-1,1,1.85877173005164,0.179411210043301,0.876955870006007,1
95,101,-1,1,1.85877173005164,0.179411210043301,1.00026338008108,1
96,2,-1,-1,1.69784262108221,0.21414732717159,2.54916886719805,-1
96,3,1,-1,1.87640628828939,1.24401150093958,0.845487675450441,1
96,4,-1,1,1.78132665539864,0.815829820167809,0.7392921448506,1
96,5,1,1,1.96867041513953,2.52601135172102,0.531363646830244,1
96,6,1,1,1.96867041513953,2.52601135172102,0.418536565680844,-1
96,7,1,-1,1.87640628828939,1.24401150093958,0.894424972161168,1
96,8,-1,1,1.78132665539864,0.815829820167809,0.474632542675883,1
96,9,-1,1,1.78132665539864,0.815829820167809,1.02710206423809,1
96,10,1,1,1.96867041513953,2.52601135172102,0.373091149044908,1
96,11,1,1,1.96867041513953,2.52601135172102,1.22526106805991,1
96,12,-1,1,1.78132665539864,0.815829820167809,0.513635223495761,1
96,13,-1,1,1.78132665539864,0.815829820167809,0.492082184329955,-1
96,14,-1,-1,1.69784262108221,0.21414732717159,0.460605842768218,1
96,15,1,1,1.96867041513953,2.52601135172102,0.362352874541146,1
96,16,1,1,1.96867041513953,2.52601135172102,0.587779912627046,1
96,17,-1,1,1.78132665539864,0.815829820167809,0.48759325634742,1
96,18,1,1,1.96867041513953,2.52601135172102,0.502251210864513,1
96,19,1,1,1.96867041513953,2.52601135172102,0.435202589789331,1
96,20,-1,1,1.78132665539864,0.815829820167809,0.47197645362011,1
96,21,-1,1,1.78132665539864,0.815829820167809,0.824039945054666,1
96,22,1,1,1.96867041513953,2.52601135172102,0.594926597688021,1
96,23,-1,1,1.78132665539864,0.815829820167809,1.00860142740997,1
96,24,1,1,1.96867041513953,2.52601135172102,0.532762553707374,1
96,25,-1,1,1.78132665539864,0.815829820167809,0.478032137362452,1
96,26,1,1,1.96867041513953,2.52601135172102,0.622698910300147,-1
96,27,1,-1,1.87640628828939,1.24401150093958,0.372102299083793,1
96,28,1,1,1.96867041513953,2.52601135172102,0.426579027740613,1
96,29,1,1,1.96867041513953,2.52601135172102,0.67119441860519,1
96,30,-1,1,1.78132665539864,0.815829820167809,0.735041999783894,-1
96,31,-1,-1,1.69784262108221,0.21414732717159,0.420542706420596,1
96,32,1,1,1.96867041513953,2.52601135172102,1.34994410077793,1
96,33,-1,1,1.78132665539864,0.815829820167809,0.361711834311901,1
96,34,-1,1,1.78132665539864,0.815829820167809,1.02972933572434,1
96,35,1,1,1.96867041513953,2.52601135172102,0.425922779347648,1
96,36,-1,1,1.78132665539864,0.815829820167809,0.347218323315906,1
96,37,-1,1,1.78132665539864,0.815829820167809,0.427259248216271,1
96,38,1,1,1.96867041513953,2.52601135172102,0.535833209567781,1
96,39,-1,1,1.78132665539864,0.815829820167809,0.643045636399841,1
96,40,1,1,1.96867041513953,2.52601135172102,0.943405017823252,1
96,41,-1,1,1.78132665539864,0.815829820167809,1.98466248576467,1
96,42,-1,1,1.78132665539864,0.815829820167809,1.2304624240775,-1
96,43,1,-1,1.87640628828939,1.24401150093958,0.676141322063513,1
96,44,1,1,1.96867041513953,2.52601135172102,0.329882974514269,1
96,45,1,1,1.96867041513953,2.52601135172102,0.508278767518011,1
96,46,-1,1,1.78132665539864,0.815829820167809,0.552296546960092,-1
96,47,1,-1,1.87640628828939,1.24401150093958,0.828004038444132,-1
96,48,-1,-1,1.69784262108221,0.21414732717159,0.376253594208652,1
96,49,1,1,1.96867041513953,2.52601135172102,0.723399811765373,1
96,50,1,1,1.96867041513953,2.52601135172102,0.378996263170047,1
96,51,-1,1,1.78132665539864,0.815829820167809,0.666643429602023,1
96,52,1,1,1.96867041513953,2.52601135172102,0.57830528962056,1
96,53,1,1,1.96867041513953,2.52601135172102,1.95256577303689,1
96,54,-1,1,1.78132665539864,0.815829820167809,1.01851577226426,1
96,55,-1,1,1.78132665539864,0.815829820167809,0.551879007082849,1
96,56,1,1,1.96867041513953,2.52601135172102,0.3829384351458,-1
96,57,-1,-1,1.69784262108221,0.21414732717159,0.627760045978351,1
96,58,1,1,1.96867041513953,2.52601135172102,0.321190617375191,1
96,59,1,1,1.96867041513953,2.52601135172102,0.460788080894675,1
96,60,1,1,1.96867041513953,2.52601135172102,0.584089664251622,1
96,61,-1,1,1.78132665539864,0.815829820167809,3.10848857704765,1
96,62,-1,1,1.78132665539864,0.815829820167809,0.606895131216206,1
96,63,1,1,1.96867041513953,2.52601135172102,0.40776867934467,1
96,64,1,1,1.96867041513953,2.52601135172102,0.31844688118694,1
96,65,1,1,1.96867041513953,2.52601135172102,0.344611469844316,1
96,66,-1,1,1.78132665539864,0.815829820167809,0.317220466724937,1
96,67,1,1,1.96867041513953,2.52601135172102,1.09933663108686,1
96,68,1,1,1.96867041513953,2.52601135172102,0.375368722153582,1
96,69,-1,1,1.78132665539864,0.815829820167809,0.308215140344614,1
96,70,-1,1,1.78132665539864,0.815829820167809,1.10964411026549,1
96,71,-1,1,1.78132665539864,0.815829820167809,1.23003473831163,-1
96,72,1,-1,1.87640628828939,1.24401150093958,0.489023762172631,1
96,73,-1,1,1.78132665539864,0.815829820167809,0.645523750169135,1
96,74,1,1,1.96867041513953,2.52601135172102,0.331251051609435,1
96,75,-1,1,1.78132665539864,0.815829820167809,1.66096034117756,1
96,76,-1,1,1.78132665539864,0.815829820167809,0.95227290208914,1
96,77,-1,1,1.78132665539864,0.815829820167809,0.468702454802001,-1
96,78,-1,-1,1.69784262108221,0.21414732717159,0.67235556286557,1
96,79,-1,1,1.78132665539864,0.815829820167809,0.859890615682992,1
96,80,-1,1,1.78132665539864,0.815829820167809,1.0076317061693,-1
96,81,-1,-1,1.69784262108221,0.21414732717159,0.69518512782544,1
96,82,-1,1,1.78132665539864,0.815829820167809,1.23475576762917,-1
96,83,1,-1,1.87640628828939,1.24401150093958,1.33252020719829,1
96,84,-1,1,1.78132665539864,0.815829820167809,0.72717584695874,1
96,85,-1,1,1.78132665539864,0.815829820167809,0.421669870589015,1
96,86,-1,1,1.78132665539864,0.815829820167809,0.473984552991019,-1
96,87,1,-1,1.87640628828939,1.24401150093958,1.25431735920574,1
96,88,-1,1,1.78132665539864,0.815829820167809,0.501553527826796,1
96,89,1,1,1.96867041513953,2.52601135172102,0.540373365004759,1
96,90,-1,1,1.78132665539864,0.815829820167809,0.486431209001134,1
96,91,-1,1,1.78132665539864,0.815829820167809,0.908076517078583,1
96,92,-1,1,1.78132665539864,0.815829820167809,0.563078882666377,1
96,93,1,1,1.96867041513953,2.52601135172102,0.560655872511315,1
96,94,1,1,1.96867041513953,2.52601135172102,0.75736911149779,1
96,95,1,1,1.96867041513953,2.52601135172102,0.327330607194343,1
96,96,1,1,1.96867041513953,2.52601135172102,1.46346261875002,1
96,97,1,1,1.96867041513953,2.52601135172102,0.565302828187128,1
96,98,1,1,1.96867041513953,2.52601135172102,0.651660195194757,1
96,99,1,1,1.96867041513953,2.52601135172102,0.951850552200539,1
96,100,-1,1,1.78132665539864,0.815829820167809,0.624514150988121,1
96,101,1,1,1.96867041513953,2.52601135172102,0.618103831851882,1
97,2,1,1,2.45167096818377,1.52360600635362,0.412331044487083,1
97,3,-1,1,2.21836362872512,0.638708278078409,1.07096367715979,-1
97,4,1,-1,2.33677043457297,1.70362767792532,0.68023350613959,1
97,5,1,1,2.45167096818377,1.52360600635362,0.44269897516252,1
97,6,1,1,2.45167096818377,1.52360600635362,0.47414094342974,1
97,7,-1,1,2.21836362872512,0.638708278078409,1.12881397881857,1
97,8,-1,1,2.21836362872512,0.638708278078409,1.0952873522263,1
97,9,-1,1,2.21836362872512,0.638708278078409,1.7009388059655,1
97,10,-1,1,2.21836362872512,0.638708278078409,0.765538007127264,1
97,11,1,1,2.45167096818377,1.52360600635362,0.86317670756124,1
97,12,1,1,2.45167096818377,1.52360600635362,2.96124561923385,1
97,13,-1,1,2.21836362872512,0.638708278078409,0.98783525712277,1
97,14,1,1,2.45167096818377,1.52360600635362,1.4594022709962,1
97,15,1,1,2.45167096818377,1.52360600635362,0.351484590593027,1
97,16,-1,1,2.21836362872512,0.638708278078409,0.39798225571369,-1
97,17,-1,-1,2.11439732656177,0.93405803764265,1.02809862012224,-1
97,18,1,-1,2.33677043457297,1.70362767792532,1.22009848197171,1
97,19,-1,1,2.21836362872512,0.638708278078409,0.880952669053175,1
97,20,1,1,2.45167096818377,1.52360600635362,0.885919771376268,1
97,21,1,1,2.45167096818377,1.52360600635362,0.565048109129181,1
97,22,-1,1,2.21836362872512,0.638708278078409,0.566721074957216,1
97,23,1,1,2.45167096818377,1.52360600635362,0.715359879647289,1
97,24,-1,1,2.21836362872512,0.638708278078409,1.29250930531461,1
97,25,-1,1,2.21836362872512,0.638708278078409,0.451944116263964,1
97,26,1,1,2.45167096818377,1.52360600635362,0.401979954829404,1
97,27,1,1,2.45167096818377,1.52360600635362,0.982041715424579,1
97,28,-1,1,2.21836362872512,0.638708278078409,2.24820377688384,1
97,29,-1,1,2.21836362872512,0.638708278078409,0.825007282388111,-1
97,30,1,-1,2.33677043457297,1.70362767792532,0.886129785475151,1
97,31,1,1,2.45167096818377,1.52360600635362,1.77273591113765,1
97,32,-1,1,2.21836362872512,0.638708278078409,0.825778885217973,1
97,33,-1,1,2.21836362872512,0.638708278078409,1.49915059884841,1
97,34,-1,1,2.21836362872512,0.638708278078409,0.521182502524553,1
97,35,1,1,2.45167096818377,1.52360600635362,0.90476734462141,1
97,36,-1,1,2.21836362872512,0.638708278078409,0.45539418613538,1
97,37,1,1,2.45167096818377,1.52360600635362,0.644263728146897,1
97,38,-1,1,2.21836362872512,0.638708278078409,1.10096879420911,1
97,39,1,1,2.45167096818377,1.52360600635362,0.40812508127291,1
97,40,1,1,2.45167096818377,1.52360600635362,0.978520436458362,1
97,41,1,1,2.45167096818377,1.52360600635362,0.948248045308416,-1
97,42,-1,-1,2.11439732656177,0.93405803764265,0.858133849934216,-1
97,43,-1,-1,2.11439732656177,0.93405803764265,0.638882470444671,1
97,44,1,1,2.45167096818377,1.52360600635362,0.535224620893138,1
97,45,-1,1,2.21836362872512,0.638708278078409,1.79000119130101,-1
97,46,1,-1,2.33677043457297,1.70362767792532,0.799801150761459,1
97,47,-1,1,2.21836362872512,0.638708278078409,1.83099300887044,1
97,48,-1,1,2.21836362872512,0.638708278078409,0.398972864605363,1
97,49,-1,1,2.21836362872512,0.638708278078409,0.533114275422774,1
97,50,1,1,2.45167096818377,1.52360600635362,1.08498166252546,-1
97,51,-1,-1,2.11439732656177,0.93405803764265,0.779231766382928,-1
97,52,1,-1,2.33677043457297,1.70362767792532,0.517085190052103,1
97,53,-1,1,2.21836362872512,0.638708278078409,0.797159778727162,1
97,54,-1,1,2.21836362872512,0.638708278078409,0.572478690174014,1
97,55,1,1,2.45167096818377,1.52360600635362,0.45646054920388,1
97,56,-1,1,2.21836362872512,0.638708278078409,0.731941108555536,1
97,57,1,1,2.45167096818377,1.52360600635362,3.11156963603515,1
97,58,1,1,2.45167096818377,1.52360600635362,1.80780538856545,1
97,59,1,1,2.45167096818377,1.52360600635362,1.5645340738268,1
97,60,-1,1,2.21836362872512,0.638708278078409,1.71934395148019,1
97,61,1,1,2.45167096818377,1.52360600635362,0.830364001213685,1
97,62,-1,1,2.21836362872512,0.638708278078409,0.670779991386538,1
97,63,-1,1,2.21836362872512,0.638708278078409,1.7076452574445,-1
97,64,-1,-1,2.11439732656177,0.93405803764265,0.993809339924797,1
97,65,-1,1,2.21836362872512,0.638708278078409,0.829414757404117,1
97,66,-1,1,2.21836362872512,0.638708278078409,0.910093635768559,1
97,67,1,1,2.45167096818377,1.52360600635362,1.67976678551379,1
97,68,1,1,2.45167096818377,1.52360600635362,0.890322260997429,1
97,69,-1,1,2.21836362872512,0.638708278078409,0.660190623956978,1
97,70,-1,1,2.21836362872512,0.638708278078409,0.675539917627082,1
97,71,1,1,2.45167096818377,1.52360600635362,1.25354880128713,1
97,72,1,1,2.45167096818377,1.52360600635362,0.692176813400193,1
97,73,1,1,2.45167096818377,1.52360600635362,0.549274880698108,1
97,74,1,1,2.45167096818377,1.52360600635362,1.08991206198137,1
97,75,-1,1,2.21836362872512,0.638708278078409,1.14087722609678,-1
97,76,1,-1,2.33677043457297,1.70362767792532,0.423416268716018,1
97,77,-1,1,2.21836362872512,0.638708278078409,1.11927416415731,1
97,78,-1,1,2.21836362872512,0.638708278078409,0.49395164755263,1
97,79,-1,1,2.21836362872512,0.638708278078409,0.533270886992555,1
97,80,1,1,2.45167096818377,1.52360600635362,1.58867232816937,1
97,81,1,1,2.45167096818377,1.52360600635362,0.835293012275399,1
97,82,1,1,2.45167096818377,1.52360600635362,1.17368119906945,1
97,83,-1,1,2.21836362872512,0.638708278078409,0.564318990839221,1
97,84,-1,1,2.21836362872512,0.638708278078409,0.470659995232283,1
97,85,1,1,2.45167096818377,1.52360600635362,1.54617867715388,1
97,86,1,1,2.45167096818377,1.52360600635362,5.61399485128174,-1
97,87,-1,-1,2.11439732656177,0.93405803764265,1.52122877666846,1
97,88,1,1,2.45167096818377,1.52360600635362,0.730953412273355,1
97,89,1,1,2.45167096818377,1.52360600635362,2.1797120181703,1
97,90,-1,1,2.21836362872512,0.638708278078409,1.9227083689677,1
97,91,1,1,2.45167096818377,1.52360600635362,0.804031270161314,1
97,92,-1,1,2.21836362872512,0.638708278078409,1.77254096709243,1
97,93,1,1,2.45167096818377,1.52360600635362,0.508684135351108,1
97,94,-1,1,2.21836362872512,0.638708278078409,0.396658327525355,1
97,95,1,1,2.45167096818377,1.52360600635362,0.942981896547547,1
97,96,-1,1,2.21836362872512,0.638708278078409,1.90417926304878,-1
97,97,-1,-1,2.11439732656177,0.93405803764265,0.695905840375692,1
97,98,1,1,2.45167096818377,1.52360600635362,0.660920055232808,1
97,99,1,1,2.45167096818377,1.52360600635362,0.291116030259848,1
97,100,-1,1,2.21836362872512,0.638708278078409,0.941801292501575,1
97,101,1,1,2.45167096818377,1.52360600635362,0.753404164090963,1
98,2,1,1,1.67052158075736,2.68765311917362,0.284065517834919,1
98,3,1,1,1.67052158075736,2.68765311917362,0.599034489141925,1
98,4,1,1,1.67052158075736,2.68765311917362,0.347057102949885,1
98,5,-1,1,1.51155043390584,0.0990665414751154,0.606053703097171,1
98,6,1,1,1.67052158075736,2.68765311917362,0.684066564418885,-1
98,7,-1,-1,1.44070978942731,0.443701367680576,0.428754242484804,-1
98,8,1,-1,1.59223056066196,1.56957897167069,1.27661355704775,1
98,9,-1,1,1.51155043390584,0.0990665414751154,0.936622828256909,-1
98,10,1,-1,1.59223056066196,1.56957897167069,0.461808766980282,1
98,11,-1,1,1.51155043390584,0.0990665414751154,0.34424844552967,-1
98,12,-1,-1,1.44070978942731,0.443701367680576,0.376119696591732,1
98,13,1,1,1.67052158075736,2.68765311917362,0.621220282444353,1
98,14,-1,1,1.51155043390584,0.0990665414751154,0.28549974264805,1
98,15,-1,1,1.51155043390584,0.0990665414751154,0.659533575264176,-1
98,16,1,-1,1.59223056066196,1.56957897167069,0.37070879915871,1
98,17,-1,1,1.51155043390584,0.0990665414751154,0.497114017284144,1
98,18,-1,1,1.51155043390584,0.0990665414751154,0.537987466844196,-1
98,19,-1,-1,1.44070978942731,0.443701367680576,1.56315750496861,-1
98,20,-1,-1,1.44070978942731,0.443701367680576,0.821529951775877,1
98,21,-1,1,1.51155043390584,0.0990665414751154,0.27058764143971,1
98,22,1,1,1.67052158075736,2.68765311917362,0.384307463385089,1
98,23,1,1,1.67052158075736,2.68765311917362,0.791217669898977,1
98,24,-1,1,1.51155043390584,0.0990665414751154,0.486511260056942,1
98,25,-1,1,1.51155043390584,0.0990665414751154,0.857910551031452,1
98,26,1,1,1.67052158075736,2.68765311917362,0.332652650525229,1
98,27,-1,1,1.51155043390584,0.0990665414751154,0.91972456102476,-1
98,28,-1,-1,1.44070978942731,0.443701367680576,0.800205375233473,1
98,29,-1,1,1.51155043390584,0.0990665414751154,0.339244378005095,1
98,30,1,1,1.67052158075736,2.68765311917362,0.533610210804337,1
98,31,-1,1,1.51155043390584,0.0990665414751154,0.605037049567192,1
98,32,-1,1,1.51155043390584,0.0990665414751154,1.20485525262975,-1
98,33,1,-1,1.59223056066196,1.56957897167069,1.24084702581224,1
98,34,1,1,1.67052158075736,2.68765311917362,0.42354900865196,1
98,35,-1,1,1.51155043390584,0.0990665414751154,0.466182590174466,-1
98,36,1,-1,1.59223056066196,1.56957897167069,0.385439749393723,1
98,37,1,1,1.67052158075736,2.68765311917362,0.304456694989187,1
98,38,-1,1,1.51155043390584,0.0990665414751154,0.63329667279448,-1
98,39,1,-1,1.59223056066196,1.56957897167069,0.606970569852688,1
98,40,-1,1,1.51155043390584,0.0990665414751154,0.740889152893655,1
98,41,1,1,1.67052158075736,2.68765311917362,0.512231494502973,1
98,42,1,1,1.67052158075736,2.68765311917362,0.477595727453297,1
98,43,-1,1,1.51155043390584,0.0990665414751154,1.45935135406707,-1
98,44,1,-1,1.59223056066196,1.56957897167069,1.76796745193305,1
98,45,1,1,1.67052158075736,2.68765311917362,0.618318978885138,1
98,46,-1,1,1.51155043390584,0.0990665414751154,0.663429349931128,1
98,47,1,1,1.67052158075736,2.68765311917362,0.368822191944352,1
98,48,1,1,1.67052158075736,2.68765311917362,0.687821172124391,1
98,49,1,1,1.67052158075736,2.68765311917362,0.69738357981431,1
98,50,1,1,1.67052158075736,2.68765311917362,1.06915317342458,-1
98,51,1,-1,1.59223056066196,1.56957897167069,1.67846406604776,-1
98,52,-1,-1,1.44070978942731,0.443701367680576,0.698604440974563,-1
98,53,-1,-1,1.44070978942731,0.443701367680576,0.361885580772641,-1
98,54,1,-1,1.59223056066196,1.56957897167069,0.382810458783278,-1
98,55,-1,-1,1.44070978942731,0.443701367680576,0.463548194142995,1
98,56,-1,1,1.51155043390584,0.0990665414751154,0.461718960155681,-1
98,57,-1,-1,1.44070978942731,0.443701367680576,0.440267034993594,1
98,58,1,1,1.67052158075736,2.68765311917362,0.313645164593901,1
98,59,-1,1,1.51155043390584,0.0990665414751154,1,1
98,60,1,1,1.67052158075736,2.68765311917362,0.637941349314498,1
98,61,1,1,1.67052158075736,2.68765311917362,0.470838495904539,1
98,62,1,1,1.67052158075736,2.68765311917362,0.982728810945257,1
98,63,-1,1,1.51155043390584,0.0990665414751154,1.09087040187093,1
98,64,1,1,1.67052158075736,2.68765311917362,0.482548956378611,1
98,65,-1,1,1.51155043390584,0.0990665414751154,1.123287610937,1
98,66,1,1,1.67052158075736,2.68765311917362,0.39688437347695,1
98,67,-1,1,1.51155043390584,0.0990665414751154,0.636819482398997,-1
98,68,-1,-1,1.44070978942731,0.443701367680576,0.260571246495087,-1
98,69,-1,-1,1.44070978942731,0.443701367680576,0.383846692067366,-1
98,70,-1,-1,1.44070978942731,0.443701367680576,0.349154599053882,1
98,71,1,1,1.67052158075736,2.68765311917362,0.317684749760117,1
98,72,-1,1,1.51155043390584,0.0990665414751154,0.308763120163698,1
98,73,-1,1,1.51155043390584,0.0990665414751154,0.663395964721922,1
98,74,1,1,1.67052158075736,2.68765311917362,0.9580721231068,1
98,75,-1,1,1.51155043390584,0.0990665414751154,0.273819801099009,1
98,76,-1,1,1.51155043390584,0.0990665414751154,0.302922754961027,-1
98,77,-1,-1,1.44070978942731,0.443701367680576,1.16415456003,-1
98,78,1,-1,1.59223056066196,1.56957897167069,0.399950099942576,1
98,79,1,1,1.67052158075736,2.68765311917362,0.304964576041415,1
98,80,1,1,1.67052158075736,2.68765311917362,0.292615174564092,1
98,81,1,1,1.67052158075736,2.68765311917362,0.380677530585532,1
98,82,1,1,1.67052158075736,2.68765311917362,0.550702999751487,1
98,83,-1,1,1.51155043390584,0.0990665414751154,0.375374019077494,-1
98,84,-1,-1,1.44070978942731,0.443701367680576,1.79746082084794,1
98,85,1,1,1.67052158075736,2.68765311917362,0.431517019909374,1
98,86,1,1,1.67052158075736,2.68765311917362,1.07397579218138,1
98,87,1,1,1.67052158075736,2.68765311917362,0.439170100778416,1
98,88,-1,1,1.51155043390584,0.0990665414751154,1.02701398735533,-1
98,89,-1,-1,1.44070978942731,0.443701367680576,1.28881570032758,1
98,90,1,1,1.67052158075736,2.68765311917362,0.858668987121341,1
98,91,1,1,1.67052158075736,2.68765311917362,0.325087113364865,1
98,92,-1,1,1.51155043390584,0.0990665414751154,0.939403655659714,-1
98,93,-1,-1,1.44070978942731,0.443701367680576,0.449189979175236,1
98,94,1,1,1.67052158075736,2.68765311917362,0.26549135112303,1
98,95,-1,1,1.51155043390584,0.0990665414751154,2.26499279258831,-1
98,96,1,-1,1.59223056066196,1.56957897167069,1.27171698513725,1
98,97,-1,1,1.51155043390584,0.0990665414751154,1.12496707372811,1
98,98,1,1,1.67052158075736,2.68765311917362,0.538461907257765,1
98,99,1,1,1.67052158075736,2.68765311917362,0.365892595557861,1
98,100,-1,1,1.51155043390584,0.0990665414751154,0.276431393123058,1
98,101,1,1,1.67052158075736,2.68765311917362,0.409160838211927,1
99,2,1,1,1.957514734878,1.83255658071124,0.32794292320311,1
99,3,1,1,1.957514734878,1.83255658071124,0.50546805189029,1
99,4,-1,1,1.77123257847436,0.690911670284785,0.366591080538439,1
99,5,1,1,1.957514734878,1.83255658071124,1.8459421795263,1
99,6,1,1,1.957514734878,1.83255658071124,0.356688313236811,1
99,7,1,1,1.957514734878,1.83255658071124,0.495042388507819,1
99,8,1,1,1.957514734878,1.83255658071124,0.570029015229763,1
99,9,-1,1,1.77123257847436,0.690911670284785,0.871525323182196,1
99,10,1,1,1.957514734878,1.83255658071124,0.552056174223649,1
99,11,1,1,1.957514734878,1.83255658071124,1.13608102670533,1
99,12,-1,1,1.77123257847436,0.690911670284785,0.59063717514698,1
99,13,-1,1,1.77123257847436,0.690911670284785,0.356485484571889,1
99,14,-1,1,1.77123257847436,0.690911670284785,0.746503273080345,-1
99,15,-1,-1,1.68822161531632,0.887721352734582,0.525338661306379,1
99,16,1,1,1.957514734878,1.83255658071124,0.45635410976664,1
99,17,-1,1,1.77123257847436,0.690911670284785,0.342761469921024,1
99,18,1,1,1.957514734878,1.83255658071124,0.458343067582079,1
99,19,-1,1,1.77123257847436,0.690911670284785,1.20590493828788,-1
99,20,1,-1,1.86577343251429,1.38881039626939,0.456903958432269,1
99,21,-1,1,1.77123257847436,0.690911670284785,1.37360745268192,-1
99,22,-1,-1,1.68822161531632,0.887721352734582,0.660886363583787,-1
99,23,-1,-1,1.68822161531632,0.887721352734582,0.697680262168531,1
99,24,-1,1,1.77123257847436,0.690911670284785,0.636475445905531,1
99,25,-1,1,1.77123257847436,0.690911670284785,3.28061924823566,1
99,26,-1,1,1.77123257847436,0.690911670284785,0.851440949676284,1
99,27,-1,1,1.77123257847436,0.690911670284785,0.571348603861954,-1
99,28,1,-1,1.86577343251429,1.38881039626939,0.459071327024131,-1
99,29,1,-1,1.86577343251429,1.38881039626939,0.534981750076041,1
99,30,1,1,1.957514734878,1.83255658071124,1.36149321341783,1
99,31,1,1,1.957514734878,1.83255658071124,0.420664008790729,1
99,32,-1,1,1.77123257847436,0.690911670284785,0.948148711607442,1
99,33,-1,1,1.77123257847436,0.690911670284785,0.361291100321479,1
99,34,-1,1,1.77123257847436,0.690911670284785,1.74026860545377,1
99,35,-1,1,1.77123257847436,0.690911670284785,0.970207380965273,1
99,36,1,1,1.957514734878,1.83255658071124,0.571860882753705,-1
99,37,-1,-1,1.68822161531632,0.887721352734582,1.90888078001815,1
99,38,1,1,1.957514734878,1.83255658071124,0.624915951189458,1
99,39,1,1,1.957514734878,1.83255658071124,1.31502951040909,1
99,40,-1,1,1.77123257847436,0.690911670284785,1.01855540103186,1
99,41,1,1,1.957514734878,1.83255658071124,0.863868868921838,1
99,42,1,1,1.957514734878,1.83255658071124,0.34656483056925,1
99,43,-1,1,1.77123257847436,0.690911670284785,1.58661796300378,1
99,44,1,1,1.957514734878,1.83255658071124,1.46797172512519,1
99,45,1,1,1.957514734878,1.83255658071124,0.772026840796213,1
99,46,-1,1,1.77123257847436,0.690911670284785,1.6464684566027,1
99,47,1,1,1.957514734878,1.83255658071124,0.530933131987051,1
99,48,-1,1,1.77123257847436,0.690911670284785,0.933059435179658,1
99,49,-1,1,1.77123257847436,0.690911670284785,0.944092215303146,1
99,50,-1,1,1.77123257847436,0.690911670284785,0.786026896812208,1
99,51,1,1,1.957514734878,1.83255658071124,0.722228574695858,1
99,52,-1,1,1.77123257847436,0.690911670284785,0.431031739462225,1
99,53,1,1,1.957514734878,1.83255658071124,0.619916057943303,1
99,54,1,1,1.957514734878,1.83255658071124,0.568589882396995,1
99,55,-1,1,1.77123257847436,0.690911670284785,0.420700182403874,1
99,56,-1,1,1.77123257847436,0.690911670284785,0.838115268943321,1
99,57,1,1,1.957514734878,1.83255658071124,0.840163181964107,1
99,58,1,1,1.957514734878,1.83255658071124,0.542734390256237,1
99,59,1,1,1.957514734878,1.83255658071124,0.326010248168791,1
99,60,1,1,1.957514734878,1.83255658071124,0.433558761606047,1
99,61,1,1,1.957514734878,1.83255658071124,0.476303822968282,1
99,62,-1,1,1.77123257847436,0.690911670284785,0.602776077109321,1
99,63,1,1,1.957514734878,1.83255658071124,0.959444317594694,-1
99,64,-1,-1,1.68822161531632,0.887721352734582,0.511128130962881,-1
99,65,-1,-1,1.68822161531632,0.887721352734582,0.856922377252036,1
99,66,-1,1,1.77123257847436,0.690911670284785,0.560006763115668,1
99,67,-1,1,1.77123257847436,0.690911670284785,2.06189373874157,1
99,68,1,1,1.957514734878,1.83255658071124,0.395160113704776,1
99,69,-1,1,1.77123257847436,0.690911670284785,3.83453335819449,-1
99,70,-1,-1,1.68822161531632,0.887721352734582,1.39027053551413,-1
99,71,-1,-1,1.68822161531632,0.887721352734582,0.551195710668113,1
99,72,1,1,1.957514734878,1.83255658071124,0.57727173659546,1
99,73,1,1,1.957514734878,1.83255658071124,0.375594626038483,1
99,74,-1,1,1.77123257847436,0.690911670284785,0.545625929784183,1
99,75,-1,1,1.77123257847436,0.690911670284785,0.573530916552427,1
99,76,1,1,1.957514734878,1.83255658071124,0.819647843301395,1
99,77,-1,1,1.77123257847436,0.690911670284785,0.872221819522907,1
99,78,1,1,1.957514734878,1.83255658071124,0.65989580395088,1
99,79,1,1,1.957514734878,1.83255658071124,2.70027259867535,1
99,80,1,1,1.957514734878,1.83255658071124,0.552078945753115,1
99,81,-1,1,1.77123257847436,0.690911670284785,0.459370912782097,1
99,82,1,1,1.957514734878,1.83255658071124,0.389750226429129,1
99,83,-1,1,1.77123257847436,0.690911670284785,0.384663835446245,1
99,84,1,1,1.957514734878,1.83255658071124,0.653451428288556,1
99,85,-1,1,1.77123257847436,0.690911670284785,0.805497449522105,1
99,86,-1,1,1.77123257847436,0.690911670284785,0.415155714023301,1
99,87,-1,1,1.77123257847436,0.690911670284785,0.810675086101706,1
99,88,-1,1,1.77123257847436,0.690911670284785,0.340864018091189,1
99,89,-1,1,1.77123257847436,0.690911670284785,0.905365049364652,1
99,90,1,1,1.957514734878,1.83255658071124,0.480317487514088,1
99,91,1,1,1.957514734878,1.83255658071124,0.572793738760733,1
99,92,-1,1,1.77123257847436,0.690911670284785,3.8294328843782,1
99,93,-1,1,1.77123257847436,0.690911670284785,0.670439324990883,1
99,94,1,1,1.957514734878,1.83255658071124,0.759721379778993,1
99,95,1,1,1.957514734878,1.83255658071124,1.53243269274345,1
99,96,-1,1,1.77123257847436,0.690911670284785,0.517773213974434,1
99,97,1,1,1.957514734878,1.83255658071124,0.430514621975407,-1
99,98,1,-1,1.86577343251429,1.38881039626939,0.657618500271991,-1
99,99,1,-1,1.86577343251429,1.38881039626939,2.57534287462448,-1
99,100,1,-1,1.86577343251429,1.38881039626939,0.891065396356196,1
99,101,1,1,1.957514734878,1.83255658071124,0.30805378283825,1
100,2,1,1,2.10735477950006,2.36155509505772,0.500486377845447,1
100,3,-1,1,1.90681345756857,0.968585671447965,0.536302940824054,1
100,4,1,1,2.10735477950006,2.36155509505772,0.43601181619349,1
100,5,1,1,2.10735477950006,2.36155509505772,0.817215845887411,1
100,6,1,1,2.10735477950006,2.36155509505772,0.592048263697987,1
100,7,-1,1,1.90681345756857,0.968585671447965,1.08810740217132,-1
100,8,-1,-1,1.81744833206268,0.98775576156248,0.736835725684897,-1
100,9,1,-1,2.00859104170077,0.48210347193183,3.19845363572248,1
100,10,1,1,2.10735477950006,2.36155509505772,0.429271437863117,1
100,11,-1,1,1.90681345756857,0.968585671447965,0.560335264159867,1
100,12,1,1,2.10735477950006,2.36155509505772,0.316069898239946,1
100,13,-1,1,1.90681345756857,0.968585671447965,0.662656683191373,-1
100,14,1,-1,2.00859104170077,0.48210347193183,0.584815799795429,1
100,15,-1,1,1.90681345756857,0.968585671447965,0.848098690142659,1
100,16,-1,1,1.90681345756857,0.968585671447965,0.511756364910863,1
100,17,1,1,2.10735477950006,2.36155509505772,0.481405678669827,1
100,18,-1,1,1.90681345756857,0.968585671447965,0.425173098869636,1
100,19,1,1,2.10735477950006,2.36155509505772,0.45448136472822,1
100,20,-1,1,1.90681345756857,0.968585671447965,0.363625275569059,1
100,21,-1,1,1.90681345756857,0.968585671447965,0.794282102242234,-1
100,22,1,-1,2.00859104170077,0.48210347193183,0.808553242397681,1
100,23,1,1,2.10735477950006,2.36155509505772,0.40294878186764,1
100,24,-1,1,1.90681345756857,0.968585671447965,1.83995675450392,1
100,25,-1,1,1.90681345756857,0.968585671447965,0.95039664555909,1
100,26,-1,1,1.90681345756857,0.968585671447965,1.11914793487587,1
100,27,-1,1,1.90681345756857,0.968585671447965,0.363240692613091,1
100,28,1,1,2.10735477950006,2.36155509505772,0.64515883531022,1
100,29,1,1,2.10735477950006,2.36155509505772,0.97379859353383,1
100,30,1,1,2.10735477950006,2.36155509505772,1.25735467278032,1
100,31,-1,1,1.90681345756857,0.968585671447965,0.375031615548499,1
100,32,-1,1,1.90681345756857,0.968585671447965,0.411265524543287,1
100,33,-1,1,1.90681345756857,0.968585671447965,1.36659928868654,1
100,34,1,1,2.10735477950006,2.36155509505772,0.649458427981827,1
100,35,1,1,2.10735477950006,2.36155509505772,0.285369570091533,1
100,36,1,1,2.10735477950006,2.36155509505772,0.864592196543641,1
100,37,-1,1,1.90681345756857,0.968585671447965,1.72364215425433,-1
100,38,-1,-1,1.81744833206268,0.98775576156248,0.630556801407152,-1
100,39,1,-1,2.00859104170077,0.48210347193183,0.405884965808065,1
100,40,-1,1,1.90681345756857,0.968585671447965,0.603356419108263,1
100,41,-1,1,1.90681345756857,0.968585671447965,0.914100522579915,1
100,42,1,1,2.10735477950006,2.36155509505772,0.796276837300555,1
100,43,-1,1,1.90681345756857,0.968585671447965,1.07301902013664,1
100,44,1,1,2.10735477950006,2.36155509505772,2.30326951160831,1
100,45,-1,1,1.90681345756857,0.968585671447965,0.736564229168559,1
100,46,1,1,2.10735477950006,2.36155509505772,0.568755600900308,1
100,47,-1,1,1.90681345756857,0.968585671447965,0.86449665305625,1
100,48,1,1,2.10735477950006,2.36155509505772,0.799462011949404,1
100,49,-1,1,1.90681345756857,0.968585671447965,0.738812242638884,1
100,50,1,1,2.10735477950006,2.36155509505772,0.546464667042048,1
100,51,-1,1,1.90681345756857,0.968585671447965,1.04634213746573,-1
100,52,-1,-1,1.81744833206268,0.98775576156248,0.45510740347802,1
100,53,1,1,2.10735477950006,2.36155509505772,0.903382882695321,1
100,54,-1,1,1.90681345756857,0.968585671447965,0.971590889507559,-1
100,55,1,-1,2.00859104170077,0.48210347193183,1.62129304003225,1
100,56,1,1,2.10735477950006,2.36155509505772,0.34656498232683,1
100,57,-1,1,1.90681345756857,0.968585671447965,0.46374475067283,1
100,58,1,1,2.10735477950006,2.36155509505772,0.431064664872923,1
100,59,-1,1,1.90681345756857,0.968585671447965,0.946870587584757,-1
100,60,-1,-1,1.81744833206268,0.98775576156248,0.721266618412489,1
100,61,-1,1,1.90681345756857,0.968585671447965,1.59427247225582,1
100,62,1,1,2.10735477950006,2.36155509505772,0.509268279516658,1
100,63,1,1,2.10735477950006,2.36155509505772,0.474688195172111,1
100,64,1,1,2.10735477950006,2.36155509505772,0.417938204336484,1
100,65,1,1,2.10735477950006,2.36155509505772,0.808178632134478,1
100,66,1,1,2.10735477950006,2.36155509505772,1.75340668865271,1
100,67,1,1,2.10735477950006,2.36155509505772,0.507120996353019,1
100,68,-1,1,1.90681345756857,0.968585671447965,0.715988497362733,1
100,69,1,1,2.10735477950006,2.36155509505772,1.44577948151357,1
100,70,1,1,2.10735477950006,2.36155509505772,0.626106550443621,1
100,71,-1,1,1.90681345756857,0.968585671447965,0.394868349705723,1
100,72,1,1,2.10735477950006,2.36155509505772,0.684008225995822,1
100,73,-1,1,1.90681345756857,0.968585671447965,1.43525750736915,1
100,74,1,1,2.10735477950006,2.36155509505772,0.502195744089145,1
100,75,1,1,2.10735477950006,2.36155509505772,0.594666751472812,1
100,76,1,1,2.10735477950006,2.36155509505772,0.447343331275627,1
100,77,-1,1,1.90681345756857,0.968585671447965,0.408609525743187,1
100,78,-1,1,1.90681345756857,0.968585671447965,1.34396053402597,-1
100,79,-1,-1,1.81744833206268,0.98775576156248,2.21609209796637,-1
100,80,1,-1,2.00859104170077,0.48210347193183,0.774608197713394,1
100,81,1,1,2.10735477950006,2.36155509505772,0.475500439926984,1
100,82,-1,1,1.90681345756857,0.968585671447965,1.1891291142331,1
100,83,-1,1,1.90681345756857,0.968585671447965,0.397854731790486,1
100,84,-1,1,1.90681345756857,0.968585671447965,0.697921536344026,1
100,85,1,1,2.10735477950006,2.36155509505772,0.525368841179273,1
100,86,-1,1,1.90681345756857,0.968585671447965,1.52423350577537,-1
100,87,-1,-1,1.81744833206268,0.98775576156248,0.578940851598603,1
100,88,-1,1,1.90681345756857,0.968585671447965,0.409535919081655,1
100,89,1,1,2.10735477950006,2.36155509505772,0.802931251896518,1
100,90,-1,1,1.90681345756857,0.968585671447965,1.23552945459835,1
100,91,-1,1,1.90681345756857,0.968585671447965,0.503464144697954,-1
100,92,-1,-1,1.81744833206268,0.98775576156248,1.05526753397885,1
100,93,1,1,2.10735477950006,2.36155509505772,0.929049328593718,1
100,94,1,1,2.10735477950006,2.36155509505772,0.491750717895621,1
100,95,-1,1,1.90681345756857,0.968585671447965,0.896618548494676,1
100,96,1,1,2.10735477950006,2.36155509505772,0.777559402891572,1
100,97,-1,1,1.90681345756857,0.968585671447965,0.832246084515793,1
100,98,-1,1,1.90681345756857,0.968585671447965,0.391461343377251,-1
100,99,1,-1,2.00859104170077,0.48210347193183,0.958232150496657,-1
100,100,1,-1,2.00859104170077,0.48210347193183,1.23513824339869,1
100,101,1,1,2.10735477950006,2.36155509505772,0.357366524436528,1
