"subj","trial","condition","resp_type","a","v","rt","acc"
1,2,1,1,1.44047122146379,3.13786748689583,0.389023273956799,1
1,3,1,1,1.44047122146379,3.13786748689583,0.460976104131248,1
1,4,-1,1,1.3033922607844,2.24908648892788,0.894705326712065,1
1,5,-1,1,1.3033922607844,2.24908648892788,0.378883532366013,1
1,6,1,1,1.44047122146379,3.13786748689583,0.463926716758901,1
1,7,-1,1,1.3033922607844,2.24908648892788,0.427075444358027,1
1,8,-1,1,1.3033922607844,2.24908648892788,0.726214070132805,1
1,9,-1,1,1.3033922607844,2.24908648892788,0.453659779961351,1
1,10,1,1,1.44047122146379,3.13786748689583,0.447447168607088,1
1,11,-1,1,1.3033922607844,2.24908648892788,1.17920223720806,1
1,12,1,1,1.44047122146379,3.13786748689583,0.424907790824562,1
1,13,-1,1,1.3033922607844,2.24908648892788,0.50242850524183,1
1,14,-1,1,1.3033922607844,2.24908648892788,0.408806442773393,1
1,15,1,1,1.44047122146379,3.13786748689583,0.403489442800608,1
1,16,-1,1,1.3033922607844,2.24908648892788,0.422721118575058,1
1,17,-1,1,1.3033922607844,2.24908648892788,0.443741048843422,1
1,18,-1,1,1.3033922607844,2.24908648892788,0.774559388204403,1
1,19,-1,1,1.3033922607844,2.24908648892788,0.398371906449723,1
1,20,1,1,1.44047122146379,3.13786748689583,0.405801003820155,1
1,21,1,1,1.44047122146379,3.13786748689583,0.388109465522784,1
1,22,-1,1,1.3033922607844,2.24908648892788,0.419371708027388,1
1,23,-1,1,1.3033922607844,2.24908648892788,0.548888987477032,1
1,24,1,1,1.44047122146379,3.13786748689583,0.406073028393372,1
1,25,-1,1,1.3033922607844,2.24908648892788,0.709551956540037,-1
1,26,-1,-1,1.24230720156895,0.885791470403345,0.326444381895083,1
1,27,1,1,1.44047122146379,3.13786748689583,0.540361358065396,1
1,28,1,1,1.44047122146379,3.13786748689583,0.444656907221574,1
1,29,1,1,1.44047122146379,3.13786748689583,0.43129704791454,1
1,30,1,1,1.44047122146379,3.13786748689583,0.560235820907395,1
1,31,1,1,1.44047122146379,3.13786748689583,0.592072778856857,1
1,32,-1,1,1.3033922607844,2.24908648892788,0.359891595741334,1
1,33,-1,1,1.3033922607844,2.24908648892788,0.733741623977299,1
1,34,1,1,1.44047122146379,3.13786748689583,0.591552524265486,1
1,35,-1,1,1.3033922607844,2.24908648892788,0.471975291768916,1
1,36,-1,1,1.3033922607844,2.24908648892788,0.617951941509124,1
1,37,-1,1,1.3033922607844,2.24908648892788,0.46452965128957,1
1,38,1,1,1.44047122146379,3.13786748689583,0.413625376878973,1
1,39,-1,1,1.3033922607844,2.24908648892788,0.530465469674814,-1
1,40,-1,-1,1.24230720156895,0.885791470403345,0.338028961433688,1
1,41,1,1,1.44047122146379,3.13786748689583,1.05956575369057,1
1,42,-1,1,1.3033922607844,2.24908648892788,0.46582764316047,1
1,43,-1,1,1.3033922607844,2.24908648892788,1.12596605753612,1
1,44,-1,1,1.3033922607844,2.24908648892788,0.608635402119102,1
1,45,1,1,1.44047122146379,3.13786748689583,0.381062441806128,1
1,46,1,1,1.44047122146379,3.13786748689583,0.508200241296801,1
1,47,1,1,1.44047122146379,3.13786748689583,0.304726805346199,1
1,48,-1,1,1.3033922607844,2.24908648892788,0.362698815312555,1
1,49,1,1,1.44047122146379,3.13786748689583,0.708771492843575,1
1,50,-1,1,1.3033922607844,2.24908648892788,0.362077663670895,1
1,51,1,1,1.44047122146379,3.13786748689583,0.630624949037474,1
1,52,1,1,1.44047122146379,3.13786748689583,0.408118414730497,1
1,53,-1,1,1.3033922607844,2.24908648892788,0.441543516206474,1
1,54,1,1,1.44047122146379,3.13786748689583,0.527102830448305,1
1,55,1,1,1.44047122146379,3.13786748689583,0.48772014614537,1
1,56,1,1,1.44047122146379,3.13786748689583,0.488548043967071,1
1,57,1,1,1.44047122146379,3.13786748689583,0.69555078540037,1
1,58,1,1,1.44047122146379,3.13786748689583,0.363992640728199,1
1,59,1,1,1.44047122146379,3.13786748689583,0.777996941585866,1
1,60,1,1,1.44047122146379,3.13786748689583,0.452677314687169,1
1,61,1,1,1.44047122146379,3.13786748689583,0.378294093620531,1
1,62,1,1,1.44047122146379,3.13786748689583,0.772025757143392,1
1,63,1,1,1.44047122146379,3.13786748689583,0.437555075973655,1
1,64,-1,1,1.3033922607844,2.24908648892788,0.470308158484171,1
1,65,1,1,1.44047122146379,3.13786748689583,0.495559503800841,1
1,66,-1,1,1.3033922607844,2.24908648892788,0.520249506512142,1
1,67,1,1,1.44047122146379,3.13786748689583,0.319070926648573,1
1,68,-1,1,1.3033922607844,2.24908648892788,0.404321087800628,1
1,69,-1,1,1.3033922607844,2.24908648892788,0.815845220702588,1
1,70,1,1,1.44047122146379,3.13786748689583,0.706096279763472,1
1,71,-1,1,1.3033922607844,2.24908648892788,0.357394493537936,1
1,72,1,1,1.44047122146379,3.13786748689583,0.399108040412956,1
1,73,-1,1,1.3033922607844,2.24908648892788,0.583471484900518,1
1,74,-1,1,1.3033922607844,2.24908648892788,0.82136578104207,1
1,75,1,1,1.44047122146379,3.13786748689583,0.368372035164762,1
1,76,1,1,1.44047122146379,3.13786748689583,0.413193802546681,1
1,77,-1,1,1.3033922607844,2.24908648892788,0.628816048665611,1
1,78,-1,1,1.3033922607844,2.24908648892788,0.356374981733151,1
1,79,-1,1,1.3033922607844,2.24908648892788,0.434142464159135,1
1,80,-1,1,1.3033922607844,2.24908648892788,0.325038328233593,1
1,81,1,1,1.44047122146379,3.13786748689583,0.390454497362608,1
1,82,1,1,1.44047122146379,3.13786748689583,0.598992708740259,1
1,83,-1,1,1.3033922607844,2.24908648892788,0.464399266553654,1
1,84,-1,1,1.3033922607844,2.24908648892788,0.372794775582811,1
1,85,1,1,1.44047122146379,3.13786748689583,0.436837289452291,1
1,86,1,1,1.44047122146379,3.13786748689583,0.312547838587891,1
1,87,-1,1,1.3033922607844,2.24908648892788,0.793985573241999,1
1,88,-1,1,1.3033922607844,2.24908648892788,0.497086006773845,-1
1,89,-1,-1,1.24230720156895,0.885791470403345,0.374987023716312,-1
1,90,1,-1,1.37296179048994,0.927254553772945,0.462872122552971,1
1,91,-1,1,1.3033922607844,2.24908648892788,0.404808070144643,1
1,92,-1,1,1.3033922607844,2.24908648892788,0.341707991235466,1
1,93,-1,1,1.3033922607844,2.24908648892788,0.539356287566726,1
1,94,1,1,1.44047122146379,3.13786748689583,0.395589733183887,1
1,95,1,1,1.44047122146379,3.13786748689583,0.599030069841407,1
1,96,1,1,1.44047122146379,3.13786748689583,0.296090412799084,1
1,97,1,1,1.44047122146379,3.13786748689583,0.460584240941957,1
1,98,1,1,1.44047122146379,3.13786748689583,0.591093522508615,1
1,99,1,1,1.44047122146379,3.13786748689583,0.436365682714663,1
1,100,-1,1,1.3033922607844,2.24908648892788,0.899738738984059,1
1,101,-1,1,1.3033922607844,2.24908648892788,0.364034380102695,1
2,2,-1,1,1.24975767082973,1.6962007635406,0.268322354610948,1
2,3,-1,1,1.24975767082973,1.6962007635406,0.433290356126362,1
2,4,1,1,1.38119583244297,3.22245907066225,0.383625830508934,1
2,5,1,1,1.38119583244297,3.22245907066225,0.45470432909268,1
2,6,-1,1,1.24975767082973,1.6962007635406,0.424887859063927,1
2,7,-1,1,1.24975767082973,1.6962007635406,0.705831552141991,1
2,8,-1,1,1.24975767082973,1.6962007635406,0.42264916408371,1
2,9,-1,1,1.24975767082973,1.6962007635406,0.359208952586811,1
2,10,1,1,1.38119583244297,3.22245907066225,0.778793462813571,1
2,11,1,1,1.38119583244297,3.22245907066225,0.541701555300467,1
2,12,-1,1,1.24975767082973,1.6962007635406,0.710052258290656,1
2,13,1,1,1.38119583244297,3.22245907066225,0.53312366899912,1
2,14,1,1,1.38119583244297,3.22245907066225,0.300898728204672,1
2,15,1,1,1.38119583244297,3.22245907066225,0.503304243441478,1
2,16,-1,1,1.24975767082973,1.6962007635406,0.381767098216351,1
2,17,1,1,1.38119583244297,3.22245907066225,0.279177519061729,1
2,18,-1,1,1.24975767082973,1.6962007635406,0.220396126583583,1
2,19,1,1,1.38119583244297,3.22245907066225,0.324634657262887,1
2,20,-1,1,1.24975767082973,1.6962007635406,0.936233075664747,1
2,21,1,1,1.38119583244297,3.22245907066225,0.346491971504592,1
2,22,1,1,1.38119583244297,3.22245907066225,0.413116671270882,1
2,23,-1,1,1.24975767082973,1.6962007635406,0.439212634095586,-1
2,24,1,-1,1.31646441447203,1.08367799256005,0.368963136463403,1
2,25,1,1,1.38119583244297,3.22245907066225,0.482526848833885,1
2,26,1,1,1.38119583244297,3.22245907066225,0.259713816437782,1
2,27,-1,1,1.24975767082973,1.6962007635406,0.292388846503425,1
2,28,1,1,1.38119583244297,3.22245907066225,0.274099527090619,1
2,29,1,1,1.38119583244297,3.22245907066225,0.30185329766692,1
2,30,-1,1,1.24975767082973,1.6962007635406,0.275699974158366,1
2,31,-1,1,1.24975767082973,1.6962007635406,0.28472130878579,1
2,32,1,1,1.38119583244297,3.22245907066225,0.358282789542059,1
2,33,1,1,1.38119583244297,3.22245907066225,0.324641510944234,1
2,34,-1,1,1.24975767082973,1.6962007635406,0.519848388696664,1
2,35,1,1,1.38119583244297,3.22245907066225,0.701873600111268,1
2,36,-1,1,1.24975767082973,1.6962007635406,1.04838095491086,1
2,37,1,1,1.38119583244297,3.22245907066225,0.367533821614124,1
2,38,-1,1,1.24975767082973,1.6962007635406,0.347278170541069,1
2,39,1,1,1.38119583244297,3.22245907066225,0.330800875365538,1
2,40,1,1,1.38119583244297,3.22245907066225,0.406570996487327,1
2,41,-1,1,1.24975767082973,1.6962007635406,0.286784666211134,1
2,42,1,1,1.38119583244297,3.22245907066225,0.382734899851499,1
2,43,1,1,1.38119583244297,3.22245907066225,0.347562012917592,1
2,44,1,1,1.38119583244297,3.22245907066225,0.284788057277467,1
2,45,1,1,1.38119583244297,3.22245907066225,0.706119262744711,1
2,46,1,1,1.38119583244297,3.22245907066225,0.319998319577817,1
2,47,-1,1,1.24975767082973,1.6962007635406,0.815793372521583,1
2,48,1,1,1.38119583244297,3.22245907066225,0.42182325569278,1
2,49,1,1,1.38119583244297,3.22245907066225,0.356767561484604,1
2,50,-1,1,1.24975767082973,1.6962007635406,0.595549689608004,1
2,51,1,1,1.38119583244297,3.22245907066225,0.348275881048314,1
2,52,-1,1,1.24975767082973,1.6962007635406,0.281530644702773,1
2,53,1,1,1.38119583244297,3.22245907066225,0.265604176817826,1
2,54,1,1,1.38119583244297,3.22245907066225,0.548476497537127,1
2,55,-1,1,1.24975767082973,1.6962007635406,0.316514544318023,1
2,56,-1,1,1.24975767082973,1.6962007635406,0.830049034109771,-1
2,57,-1,-1,1.1911862617271,1.1976621732371,0.443249902629144,1
2,58,-1,1,1.24975767082973,1.6962007635406,0.412033774307486,1
2,59,-1,1,1.24975767082973,1.6962007635406,0.58278737284333,1
2,60,-1,1,1.24975767082973,1.6962007635406,0.411257823331118,1
2,61,-1,1,1.24975767082973,1.6962007635406,1.3920648237302,1
2,62,1,1,1.38119583244297,3.22245907066225,0.44890817185557,1
2,63,1,1,1.38119583244297,3.22245907066225,0.548363827965216,1
2,64,1,1,1.38119583244297,3.22245907066225,0.308744236028394,1
2,65,-1,1,1.24975767082973,1.6962007635406,0.425651279610295,1
2,66,1,1,1.38119583244297,3.22245907066225,0.240937212421156,1
2,67,-1,1,1.24975767082973,1.6962007635406,0.533234699384546,1
2,68,-1,1,1.24975767082973,1.6962007635406,0.64638520379375,-1
2,69,1,-1,1.31646441447203,1.08367799256005,0.434257617365533,-1
2,70,1,-1,1.31646441447203,1.08367799256005,0.382481986059794,1
2,71,-1,1,1.24975767082973,1.6962007635406,0.391181852463986,1
2,72,1,1,1.38119583244297,3.22245907066225,0.41077787057692,1
2,73,1,1,1.38119583244297,3.22245907066225,0.288320861495961,1
2,74,1,1,1.38119583244297,3.22245907066225,0.474378967791873,1
2,75,-1,1,1.24975767082973,1.6962007635406,0.314126159804764,1
2,76,1,1,1.38119583244297,3.22245907066225,0.270117358354375,1
2,77,-1,1,1.24975767082973,1.6962007635406,0.405668488654375,-1
2,78,-1,-1,1.1911862617271,1.1976621732371,0.355111741193166,1
2,79,-1,1,1.24975767082973,1.6962007635406,0.77861582906354,1
2,80,1,1,1.38119583244297,3.22245907066225,0.364367199372705,1
2,81,-1,1,1.24975767082973,1.6962007635406,0.77903080751775,1
2,82,-1,1,1.24975767082973,1.6962007635406,0.579185902298517,1
2,83,-1,1,1.24975767082973,1.6962007635406,0.373830519168479,1
2,84,1,1,1.38119583244297,3.22245907066225,0.396574700996676,1
2,85,-1,1,1.24975767082973,1.6962007635406,0.295955503067661,1
2,86,-1,1,1.24975767082973,1.6962007635406,0.519289210028063,1
2,87,-1,1,1.24975767082973,1.6962007635406,1.37363733654099,-1
2,88,1,-1,1.31646441447203,1.08367799256005,0.673865650255141,1
2,89,-1,1,1.24975767082973,1.6962007635406,1.05407412701056,1
2,90,-1,1,1.24975767082973,1.6962007635406,0.387681910688725,1
2,91,-1,1,1.24975767082973,1.6962007635406,0.435022045378297,1
2,92,1,1,1.38119583244297,3.22245907066225,0.288541209905702,1
2,93,-1,1,1.24975767082973,1.6962007635406,0.427340077642007,1
2,94,1,1,1.38119583244297,3.22245907066225,0.31807469639804,1
2,95,1,1,1.38119583244297,3.22245907066225,0.264632460651213,1
2,96,-1,1,1.24975767082973,1.6962007635406,0.317896358265179,-1
2,97,-1,-1,1.1911862617271,1.1976621732371,0.344852475025108,-1
2,98,1,-1,1.31646441447203,1.08367799256005,0.594610999467203,-1
2,99,-1,-1,1.1911862617271,1.1976621732371,0.482354129152493,1
2,100,1,1,1.38119583244297,3.22245907066225,0.22954962551993,1
2,101,-1,1,1.24975767082973,1.6962007635406,0.45589795025051,1
3,2,1,1,1.82338356177494,3.21325756956505,0.612564118774095,1
3,3,-1,1,1.64986567412565,1.81381103703944,0.38999065149619,1
3,4,1,1,1.82338356177494,3.21325756956505,0.350494690517625,1
3,5,-1,1,1.64986567412565,1.81381103703944,0.686345189367333,1
3,6,1,1,1.82338356177494,3.21325756956505,0.50396905762612,1
3,7,-1,1,1.64986567412565,1.81381103703944,0.396529895048915,-1
3,8,1,-1,1.73792847952942,1.23879737312783,0.570193328559796,1
3,9,1,1,1.82338356177494,3.21325756956505,0.370950506096577,1
3,10,-1,1,1.64986567412565,1.81381103703944,0.431945142986602,1
3,11,-1,1,1.64986567412565,1.81381103703944,0.484346884322892,1
3,12,1,1,1.82338356177494,3.21325756956505,0.584529875481278,1
3,13,1,1,1.82338356177494,3.21325756956505,0.592969011712048,1
3,14,-1,1,1.64986567412565,1.81381103703944,0.389169846784866,1
3,15,1,1,1.82338356177494,3.21325756956505,0.503657154924975,1
3,16,-1,1,1.64986567412565,1.81381103703944,0.699675948236491,1
3,17,1,1,1.82338356177494,3.21325756956505,1.19597678923933,1
3,18,1,1,1.82338356177494,3.21325756956505,0.660794944312509,1
3,19,1,1,1.82338356177494,3.21325756956505,0.542714497570869,1
3,20,1,1,1.82338356177494,3.21325756956505,0.566313059949557,1
3,21,-1,1,1.64986567412565,1.81381103703944,0.592265479598675,1
3,22,1,1,1.82338356177494,3.21325756956505,1.16454073652846,1
3,23,1,1,1.82338356177494,3.21325756956505,0.857570031866087,1
3,24,-1,1,1.64986567412565,1.81381103703944,0.516337728429387,1
3,25,1,1,1.82338356177494,3.21325756956505,0.723241319828787,1
3,26,-1,1,1.64986567412565,1.81381103703944,0.441094440672062,1
3,27,1,1,1.82338356177494,3.21325756956505,0.675628321789921,1
3,28,-1,1,1.64986567412565,1.81381103703944,0.71933443889092,1
3,29,-1,1,1.64986567412565,1.81381103703944,0.653931218264776,1
3,30,1,1,1.82338356177494,3.21325756956505,0.413385952136036,1
3,31,1,1,1.82338356177494,3.21325756956505,0.470169537965574,1
3,32,1,1,1.82338356177494,3.21325756956505,0.332879097524365,1
3,33,1,1,1.82338356177494,3.21325756956505,0.651917362934225,1
3,34,1,1,1.82338356177494,3.21325756956505,0.769974233846623,1
3,35,1,1,1.82338356177494,3.21325756956505,0.424793435582334,1
3,36,-1,1,1.64986567412565,1.81381103703944,0.760548890779549,1
3,37,-1,1,1.64986567412565,1.81381103703944,0.529873434939028,-1
3,38,-1,-1,1.57254271814856,0.934134020267673,0.427765282151079,1
3,39,-1,1,1.64986567412565,1.81381103703944,0.356612145643473,1
3,40,-1,1,1.64986567412565,1.81381103703944,0.556450284083344,1
3,41,-1,1,1.64986567412565,1.81381103703944,0.487200648809271,1
3,42,-1,1,1.64986567412565,1.81381103703944,1.04852476485264,1
3,43,1,1,1.82338356177494,3.21325756956505,0.515257686513279,1
3,44,1,1,1.82338356177494,3.21325756956505,0.473528314907648,1
3,45,-1,1,1.64986567412565,1.81381103703944,0.544428718492904,1
3,46,-1,1,1.64986567412565,1.81381103703944,0.669122756617146,1
3,47,1,1,1.82338356177494,3.21325756956505,0.763103430158179,1
3,48,-1,1,1.64986567412565,1.81381103703944,1.5912807358903,1
3,49,-1,1,1.64986567412565,1.81381103703944,0.402436708743865,1
3,50,-1,1,1.64986567412565,1.81381103703944,0.390511512928067,1
3,51,-1,1,1.64986567412565,1.81381103703944,0.427880995691223,1
3,52,1,1,1.82338356177494,3.21325756956505,0.410767039298233,1
3,53,1,1,1.82338356177494,3.21325756956505,0.530926027845678,1
3,54,1,1,1.82338356177494,3.21325756956505,0.420548141281124,1
3,55,1,1,1.82338356177494,3.21325756956505,0.466887413357915,1
3,56,-1,1,1.64986567412565,1.81381103703944,0.613442987587155,1
3,57,-1,1,1.64986567412565,1.81381103703944,0.70347920064587,1
3,58,1,1,1.82338356177494,3.21325756956505,0.681231265009656,1
3,59,-1,1,1.64986567412565,1.81381103703944,0.526733361783678,1
3,60,-1,1,1.64986567412565,1.81381103703944,0.445010623719529,1
3,61,1,1,1.82338356177494,3.21325756956505,0.3622643826716,1
3,62,1,1,1.82338356177494,3.21325756956505,0.410730965724061,1
3,63,1,1,1.82338356177494,3.21325756956505,0.456267594162091,1
3,64,1,1,1.82338356177494,3.21325756956505,0.631138506845119,1
3,65,1,1,1.82338356177494,3.21325756956505,0.387563387416382,1
3,66,1,1,1.82338356177494,3.21325756956505,0.95686867717761,1
3,67,1,1,1.82338356177494,3.21325756956505,0.442428605451459,1
3,68,1,1,1.82338356177494,3.21325756956505,0.43485949085777,1
3,69,1,1,1.82338356177494,3.21325756956505,0.531878083525587,1
3,70,-1,1,1.64986567412565,1.81381103703944,0.513053336751219,1
3,71,1,1,1.82338356177494,3.21325756956505,0.449469032285525,1
3,72,1,1,1.82338356177494,3.21325756956505,0.4563664613708,1
3,73,1,1,1.82338356177494,3.21325756956505,0.562200839842164,1
3,74,-1,1,1.64986567412565,1.81381103703944,0.427697248454066,1
3,75,1,1,1.82338356177494,3.21325756956505,0.469090708583368,1
3,76,-1,1,1.64986567412565,1.81381103703944,0.418531360016899,1
3,77,-1,1,1.64986567412565,1.81381103703944,0.491887489170911,1
3,78,-1,1,1.64986567412565,1.81381103703944,0.585030369541608,1
3,79,-1,1,1.64986567412565,1.81381103703944,0.403693478772679,1
3,80,-1,1,1.64986567412565,1.81381103703944,0.640254909069724,1
3,81,-1,1,1.64986567412565,1.81381103703944,1.01440691022015,1
3,82,1,1,1.82338356177494,3.21325756956505,0.586914975525057,1
3,83,-1,1,1.64986567412565,1.81381103703944,0.417680827251027,1
3,84,-1,1,1.64986567412565,1.81381103703944,0.505964226649594,1
3,85,1,1,1.82338356177494,3.21325756956505,0.319067192224931,1
3,86,-1,1,1.64986567412565,1.81381103703944,0.597765669865318,1
3,87,-1,1,1.64986567412565,1.81381103703944,0.821714404918447,1
3,88,-1,1,1.64986567412565,1.81381103703944,1.23395820322867,1
3,89,-1,1,1.64986567412565,1.81381103703944,0.974990792066633,1
3,90,-1,1,1.64986567412565,1.81381103703944,0.470702861626849,1
3,91,-1,1,1.64986567412565,1.81381103703944,0.439271258991397,1
3,92,1,1,1.82338356177494,3.21325756956505,0.350917393588573,1
3,93,-1,1,1.64986567412565,1.81381103703944,0.446421037321777,1
3,94,-1,1,1.64986567412565,1.81381103703944,0.479526857794911,1
3,95,1,1,1.82338356177494,3.21325756956505,0.949048441057491,1
3,96,-1,1,1.64986567412565,1.81381103703944,0.549641570041475,1
3,97,1,1,1.82338356177494,3.21325756956505,0.592273923463441,1
3,98,-1,1,1.64986567412565,1.81381103703944,0.326340474927423,1
3,99,1,1,1.82338356177494,3.21325756956505,0.677328139473174,1
3,100,-1,1,1.64986567412565,1.81381103703944,0.715693087876565,1
3,101,1,1,1.82338356177494,3.21325756956505,0.871611863004418,1
4,2,1,1,1.77323501001741,3.84859709348803,0.365956371479588,1
4,3,-1,1,1.60448938803513,1.38113730231296,0.726154493389366,1
4,4,1,1,1.77323501001741,3.84859709348803,0.406878357919494,1
4,5,1,1,1.77323501001741,3.84859709348803,0.394595575792857,1
4,6,-1,1,1.60448938803513,1.38113730231296,0.532193972702718,-1
4,7,1,-1,1.69013020047631,1.91767385375094,1.85707924973139,1
4,8,1,1,1.77323501001741,3.84859709348803,0.687738472177673,1
4,9,-1,1,1.60448938803513,1.38113730231296,0.476015823221032,1
4,10,-1,1,1.60448938803513,1.38113730231296,0.323053185627152,1
4,11,1,1,1.77323501001741,3.84859709348803,0.359849905075959,1
4,12,1,1,1.77323501001741,3.84859709348803,0.317086208072325,1
4,13,-1,1,1.60448938803513,1.38113730231296,0.36001651174645,1
4,14,1,1,1.77323501001741,3.84859709348803,0.31644387431427,1
4,15,-1,1,1.60448938803513,1.38113730231296,0.800097420725742,-1
4,16,-1,-1,1.52929304674359,0.0525917504480655,0.703493755772929,1
4,17,-1,1,1.60448938803513,1.38113730231296,1.01722507456852,1
4,18,1,1,1.77323501001741,3.84859709348803,0.41020316106558,1
4,19,-1,1,1.60448938803513,1.38113730231296,0.499851156197004,1
4,20,-1,1,1.60448938803513,1.38113730231296,0.501349383627626,1
4,21,1,1,1.77323501001741,3.84859709348803,0.308705269638781,1
4,22,-1,1,1.60448938803513,1.38113730231296,0.697744668055665,-1
4,23,1,-1,1.69013020047631,1.91767385375094,0.564111417273997,1
4,24,1,1,1.77323501001741,3.84859709348803,0.425671042900727,1
4,25,-1,1,1.60448938803513,1.38113730231296,0.790004098827864,1
4,26,1,1,1.77323501001741,3.84859709348803,0.245722671808574,1
4,27,-1,1,1.60448938803513,1.38113730231296,0.526500416317477,-1
4,28,1,-1,1.69013020047631,1.91767385375094,0.521909022128012,1
4,29,1,1,1.77323501001741,3.84859709348803,0.651676531075681,1
4,30,-1,1,1.60448938803513,1.38113730231296,0.65249389839099,1
4,31,-1,1,1.60448938803513,1.38113730231296,1.21109457698992,1
4,32,1,1,1.77323501001741,3.84859709348803,0.433544334661957,1
4,33,1,1,1.77323501001741,3.84859709348803,0.435563400257763,1
4,34,-1,1,1.60448938803513,1.38113730231296,0.987113117652311,1
4,35,1,1,1.77323501001741,3.84859709348803,0.521597648862935,1
4,36,-1,1,1.60448938803513,1.38113730231296,0.561896657753068,1
4,37,1,1,1.77323501001741,3.84859709348803,0.432946684113079,1
4,38,1,1,1.77323501001741,3.84859709348803,0.333525331045081,1
4,39,-1,1,1.60448938803513,1.38113730231296,0.516455018140415,1
4,40,1,1,1.77323501001741,3.84859709348803,0.485363983141742,1
4,41,1,1,1.77323501001741,3.84859709348803,0.526623649719494,1
4,42,1,1,1.77323501001741,3.84859709348803,0.446222055218737,1
4,43,1,1,1.77323501001741,3.84859709348803,0.353698747155633,1
4,44,-1,1,1.60448938803513,1.38113730231296,0.53069445989248,1
4,45,1,1,1.77323501001741,3.84859709348803,0.728669984504502,1
4,46,1,1,1.77323501001741,3.84859709348803,0.315885921040071,1
4,47,1,1,1.77323501001741,3.84859709348803,0.324881042815966,1
4,48,1,1,1.77323501001741,3.84859709348803,0.399309972589967,1
4,49,1,1,1.77323501001741,3.84859709348803,0.522715042789998,1
4,50,-1,1,1.60448938803513,1.38113730231296,0.350880695993967,1
4,51,1,1,1.77323501001741,3.84859709348803,0.321834346122671,1
4,52,-1,1,1.60448938803513,1.38113730231296,0.315889314838892,1
4,53,-1,1,1.60448938803513,1.38113730231296,0.37394009936605,1
4,54,1,1,1.77323501001741,3.84859709348803,0.615969593446708,1
4,55,-1,1,1.60448938803513,1.38113730231296,0.557545996072866,1
4,56,1,1,1.77323501001741,3.84859709348803,0.389845163519726,1
4,57,1,1,1.77323501001741,3.84859709348803,0.359901290325564,1
4,58,1,1,1.77323501001741,3.84859709348803,0.865798659009648,1
4,59,-1,1,1.60448938803513,1.38113730231296,0.673029881883876,1
4,60,-1,1,1.60448938803513,1.38113730231296,1.01218959989108,1
4,61,-1,1,1.60448938803513,1.38113730231296,0.298267264451076,1
4,62,-1,1,1.60448938803513,1.38113730231296,0.402936985337548,1
4,63,1,1,1.77323501001741,3.84859709348803,0.527449244677549,1
4,64,-1,1,1.60448938803513,1.38113730231296,0.626097860030238,1
4,65,-1,1,1.60448938803513,1.38113730231296,1.49997435542375,1
4,66,-1,1,1.60448938803513,1.38113730231296,0.252580815840666,1
4,67,1,1,1.77323501001741,3.84859709348803,0.282247338591723,1
4,68,-1,1,1.60448938803513,1.38113730231296,0.389129905486131,1
4,69,1,1,1.77323501001741,3.84859709348803,0.270382344131504,1
4,70,-1,1,1.60448938803513,1.38113730231296,0.933830760890072,1
4,71,1,1,1.77323501001741,3.84859709348803,0.546807444353549,1
4,72,-1,1,1.60448938803513,1.38113730231296,1.32887542562466,1
4,73,-1,1,1.60448938803513,1.38113730231296,0.799751243655142,1
4,74,1,1,1.77323501001741,3.84859709348803,0.660182843513853,1
4,75,-1,1,1.60448938803513,1.38113730231296,0.867021931609932,-1
4,76,1,-1,1.69013020047631,1.91767385375094,0.542974156700598,1
4,77,-1,1,1.60448938803513,1.38113730231296,1.03902892996698,-1
4,78,-1,-1,1.52929304674359,0.0525917504480655,0.306675707273655,1
4,79,1,1,1.77323501001741,3.84859709348803,0.368203364862459,1
4,80,-1,1,1.60448938803513,1.38113730231296,1.03077224526646,1
4,81,-1,1,1.60448938803513,1.38113730231296,0.597585734016273,1
4,82,-1,1,1.60448938803513,1.38113730231296,0.606323656757705,1
4,83,1,1,1.77323501001741,3.84859709348803,0.355001222514157,1
4,84,-1,1,1.60448938803513,1.38113730231296,0.450063809185578,-1
4,85,1,-1,1.69013020047631,1.91767385375094,0.38633264087601,1
4,86,1,1,1.77323501001741,3.84859709348803,0.35927582750939,1
4,87,-1,1,1.60448938803513,1.38113730231296,0.851985821427009,1
4,88,1,1,1.77323501001741,3.84859709348803,0.361544291756282,1
4,89,1,1,1.77323501001741,3.84859709348803,0.480338982849035,1
4,90,-1,1,1.60448938803513,1.38113730231296,0.396873727151782,1
4,91,1,1,1.77323501001741,3.84859709348803,0.396072854998529,1
4,92,1,1,1.77323501001741,3.84859709348803,0.339864355934539,1
4,93,-1,1,1.60448938803513,1.38113730231296,0.396620610684439,1
4,94,-1,1,1.60448938803513,1.38113730231296,0.335664615282534,1
4,95,-1,1,1.60448938803513,1.38113730231296,0.401796104930205,1
4,96,-1,1,1.60448938803513,1.38113730231296,0.754554855959009,1
4,97,-1,1,1.60448938803513,1.38113730231296,1.5260926238404,1
4,98,-1,1,1.60448938803513,1.38113730231296,0.486549120013403,1
4,99,1,1,1.77323501001741,3.84859709348803,0.352564528339318,1
4,100,-1,1,1.60448938803513,1.38113730231296,1.7260422222545,1
4,101,1,1,1.77323501001741,3.84859709348803,0.396408782588087,1
5,2,1,1,2.13457132617272,4.31477329401959,0.402166353237794,1
5,3,-1,1,1.93144000738772,-0.046991718932303,1.49278978733966,-1
5,4,-1,-1,1.84092072875446,0.394891554867549,0.343963492564783,1
5,5,1,1,2.13457132617272,4.31477329401959,0.387287115726609,1
5,6,-1,1,1.93144000738772,-0.046991718932303,1.09184075476622,-1
5,7,-1,-1,1.84092072875446,0.394891554867549,1.21371698399391,-1
5,8,-1,-1,1.84092072875446,0.394891554867549,1.06738341124955,-1
5,9,1,-1,2.03453205190206,2.53732687004517,0.355460599054613,1
5,10,1,1,2.13457132617272,4.31477329401959,0.482026327260795,1
5,11,-1,1,1.93144000738772,-0.046991718932303,2.17192973326781,1
5,12,-1,1,1.93144000738772,-0.046991718932303,0.975254833658221,-1
5,13,1,-1,2.03453205190206,2.53732687004517,0.51393588742484,1
5,14,-1,1,1.93144000738772,-0.046991718932303,1.42174933163291,-1
5,15,-1,-1,1.84092072875446,0.394891554867549,1.3790013244053,-1
5,16,-1,-1,1.84092072875446,0.394891554867549,1.5157183757167,-1
5,17,-1,-1,1.84092072875446,0.394891554867549,0.769849391239365,1
5,18,-1,1,1.93144000738772,-0.046991718932303,0.544006429601493,-1
5,19,1,-1,2.03453205190206,2.53732687004517,0.567733476180483,1
5,20,1,1,2.13457132617272,4.31477329401959,0.494301479976338,1
5,21,-1,1,1.93144000738772,-0.046991718932303,0.706048662731095,-1
5,22,-1,-1,1.84092072875446,0.394891554867549,0.498123676703418,1
5,23,1,1,2.13457132617272,4.31477329401959,0.624338013490004,1
5,24,-1,1,1.93144000738772,-0.046991718932303,0.510591852037084,1
5,25,-1,1,1.93144000738772,-0.046991718932303,1.62225425065245,1
5,26,1,1,2.13457132617272,4.31477329401959,0.416202665515998,1
5,27,-1,1,1.93144000738772,-0.046991718932303,0.759467797829842,-1
5,28,-1,-1,1.84092072875446,0.394891554867549,1.50012338953285,1
5,29,-1,1,1.93144000738772,-0.046991718932303,1.23749919567548,-1
5,30,-1,-1,1.84092072875446,0.394891554867549,1.41309711175464,1
5,31,1,1,2.13457132617272,4.31477329401959,0.486528873012212,1
5,32,1,1,2.13457132617272,4.31477329401959,0.554463159945876,1
5,33,-1,1,1.93144000738772,-0.046991718932303,0.932176915601194,-1
5,34,-1,-1,1.84092072875446,0.394891554867549,1.75416028265604,1
5,35,-1,1,1.93144000738772,-0.046991718932303,0.841951061322805,-1
5,36,1,-1,2.03453205190206,2.53732687004517,0.357043858557509,1
5,37,-1,1,1.93144000738772,-0.046991718932303,0.63696442073642,-1
5,38,1,-1,2.03453205190206,2.53732687004517,0.333469899563097,1
5,39,1,1,2.13457132617272,4.31477329401959,0.45479389020146,1
5,40,1,1,2.13457132617272,4.31477329401959,0.360396136623558,1
5,41,1,1,2.13457132617272,4.31477329401959,0.528973578125189,1
5,42,1,1,2.13457132617272,4.31477329401959,0.269000517100623,1
5,43,-1,1,1.93144000738772,-0.046991718932303,1.17178253681133,-1
5,44,-1,-1,1.84092072875446,0.394891554867549,0.499982705797274,1
5,45,-1,1,1.93144000738772,-0.046991718932303,1.12271501335801,1
5,46,1,1,2.13457132617272,4.31477329401959,0.721039954091573,1
5,47,1,1,2.13457132617272,4.31477329401959,0.364020762765893,1
5,48,1,1,2.13457132617272,4.31477329401959,0.62147797510831,1
5,49,1,1,2.13457132617272,4.31477329401959,0.380378842373839,1
5,50,-1,1,1.93144000738772,-0.046991718932303,1.45080077648302,-1
5,51,1,-1,2.03453205190206,2.53732687004517,0.298892468222261,1
5,52,-1,1,1.93144000738772,-0.046991718932303,1.05107345957637,1
5,53,1,1,2.13457132617272,4.31477329401959,0.498353008367505,1
5,54,1,1,2.13457132617272,4.31477329401959,0.361182583527233,1
5,55,1,1,2.13457132617272,4.31477329401959,0.468648676185993,1
5,56,1,1,2.13457132617272,4.31477329401959,0.595575389534698,1
5,57,-1,1,1.93144000738772,-0.046991718932303,1.37105376966044,-1
5,58,1,-1,2.03453205190206,2.53732687004517,0.610672249526983,1
5,59,1,1,2.13457132617272,4.31477329401959,0.359620917460447,1
5,60,1,1,2.13457132617272,4.31477329401959,0.37585339182301,1
5,61,-1,1,1.93144000738772,-0.046991718932303,0.434390386874499,-1
5,62,1,-1,2.03453205190206,2.53732687004517,0.534133949551604,1
5,63,1,1,2.13457132617272,4.31477329401959,0.302153785083543,1
5,64,1,1,2.13457132617272,4.31477329401959,0.338328071022007,1
5,65,-1,1,1.93144000738772,-0.046991718932303,1.30678369845835,1
5,66,-1,1,1.93144000738772,-0.046991718932303,1.98361325467038,-1
5,67,1,-1,2.03453205190206,2.53732687004517,0.366929312753323,1
5,68,1,1,2.13457132617272,4.31477329401959,0.577070102333209,1
5,69,1,1,2.13457132617272,4.31477329401959,0.439884760671675,1
5,70,-1,1,1.93144000738772,-0.046991718932303,0.637950754950142,1
5,71,-1,1,1.93144000738772,-0.046991718932303,1.8028191326595,1
5,72,1,1,2.13457132617272,4.31477329401959,0.323979028183655,1
5,73,1,1,2.13457132617272,4.31477329401959,0.534016942936202,1
5,74,1,1,2.13457132617272,4.31477329401959,0.282472467155537,1
5,75,1,1,2.13457132617272,4.31477329401959,0.378675751333824,1
5,76,1,1,2.13457132617272,4.31477329401959,0.481760800908261,1
5,77,1,1,2.13457132617272,4.31477329401959,0.43826729658025,1
5,78,-1,1,1.93144000738772,-0.046991718932303,0.441122340016139,-1
5,79,1,-1,2.03453205190206,2.53732687004517,0.324575618342354,1
5,80,-1,1,1.93144000738772,-0.046991718932303,1.03392214891076,-1
5,81,-1,-1,1.84092072875446,0.394891554867549,0.718725165944735,1
5,82,-1,1,1.93144000738772,-0.046991718932303,1.05071229304054,1
5,83,-1,1,1.93144000738772,-0.046991718932303,0.951060643674018,1
5,84,1,1,2.13457132617272,4.31477329401959,0.372667408487971,1
5,85,1,1,2.13457132617272,4.31477329401959,0.394127764328066,1
5,86,-1,1,1.93144000738772,-0.046991718932303,0.856689894337771,-1
5,87,-1,-1,1.84092072875446,0.394891554867549,1.94953301939167,-1
5,88,-1,-1,1.84092072875446,0.394891554867549,1.0754164739887,-1
5,89,-1,-1,1.84092072875446,0.394891554867549,1.20681959137144,1
5,90,1,1,2.13457132617272,4.31477329401959,0.285350127329294,1
5,91,1,1,2.13457132617272,4.31477329401959,0.407179617320995,1
5,92,-1,1,1.93144000738772,-0.046991718932303,1.33676006806052,1
5,93,1,1,2.13457132617272,4.31477329401959,0.548192933755058,1
5,94,-1,1,1.93144000738772,-0.046991718932303,0.848402658529687,-1
5,95,1,-1,2.03453205190206,2.53732687004517,0.384914401556723,1
5,96,-1,1,1.93144000738772,-0.046991718932303,0.643456471851041,-1
5,97,-1,-1,1.84092072875446,0.394891554867549,1.27267537460756,-1
5,98,-1,-1,1.84092072875446,0.394891554867549,3.43634566671347,-1
5,99,1,-1,2.03453205190206,2.53732687004517,0.901701260890691,1
5,100,1,1,2.13457132617272,4.31477329401959,0.373092480522712,1
5,101,-1,1,1.93144000738772,-0.046991718932303,0.415669090786068,1
6,2,1,1,2.06748842296295,3.66173696613646,0.564944061732351,1
6,3,-1,1,1.87074088645303,0.781308532285247,2.48051211712888,1
6,4,-1,1,1.87074088645303,0.781308532285247,0.432550431539791,1
6,5,-1,1,1.87074088645303,0.781308532285247,1.13272230503509,1
6,6,1,1,2.06748842296295,3.66173696613646,0.357338918820334,1
6,7,1,1,2.06748842296295,3.66173696613646,0.364974199917134,1
6,8,1,1,2.06748842296295,3.66173696613646,1.08017353243526,1
6,9,1,1,2.06748842296295,3.66173696613646,0.297059335362344,1
6,10,-1,1,1.87074088645303,0.781308532285247,0.895376947968084,1
6,11,1,1,2.06748842296295,3.66173696613646,0.428748700113183,1
6,12,-1,1,1.87074088645303,0.781308532285247,0.466915678080581,1
6,13,-1,1,1.87074088645303,0.781308532285247,0.603486872545987,1
6,14,-1,1,1.87074088645303,0.781308532285247,1.48660723940377,1
6,15,1,1,2.06748842296295,3.66173696613646,0.406401168454296,1
6,16,1,1,2.06748842296295,3.66173696613646,0.406504880055761,1
6,17,1,1,2.06748842296295,3.66173696613646,0.520836816241749,1
6,18,1,1,2.06748842296295,3.66173696613646,0.526754117772307,1
6,19,1,1,2.06748842296295,3.66173696613646,0.72056341136264,1
6,20,1,1,2.06748842296295,3.66173696613646,0.360137743729748,1
6,21,-1,1,1.87074088645303,0.781308532285247,0.537168306284546,1
6,22,-1,1,1.87074088645303,0.781308532285247,0.954072765142049,1
6,23,1,1,2.06748842296295,3.66173696613646,0.541604247958607,1
6,24,1,1,2.06748842296295,3.66173696613646,0.475285264546978,1
6,25,-1,1,1.87074088645303,0.781308532285247,1.20040027329199,1
6,26,-1,1,1.87074088645303,0.781308532285247,0.556789902834332,1
6,27,1,1,2.06748842296295,3.66173696613646,0.504250381158528,1
6,28,-1,1,1.87074088645303,0.781308532285247,0.4004597261806,1
6,29,-1,1,1.87074088645303,0.781308532285247,1.73387208350741,-1
6,30,1,-1,1.97059307031757,2.0923864417494,0.804153828041532,1
6,31,-1,1,1.87074088645303,0.781308532285247,1.07436739504544,-1
6,32,1,-1,1.97059307031757,2.0923864417494,0.507017670201498,1
6,33,1,1,2.06748842296295,3.66173696613646,0.429404681188992,1
6,34,-1,1,1.87074088645303,0.781308532285247,0.843977034947614,-1
6,35,1,-1,1.97059307031757,2.0923864417494,0.517066159755293,1
6,36,1,1,2.06748842296295,3.66173696613646,0.48651289650026,1
6,37,1,1,2.06748842296295,3.66173696613646,0.45241541460295,1
6,38,1,1,2.06748842296295,3.66173696613646,0.583492221698516,1
6,39,1,1,2.06748842296295,3.66173696613646,0.611452939354345,1
6,40,1,1,2.06748842296295,3.66173696613646,0.505520218792481,1
6,41,-1,1,1.87074088645303,0.781308532285247,1.01651374131559,1
6,42,-1,1,1.87074088645303,0.781308532285247,0.88211934412723,-1
6,43,-1,-1,1.78306634574571,0.664568059828895,0.977905830097393,1
6,44,1,1,2.06748842296295,3.66173696613646,0.473711957584857,1
6,45,-1,1,1.87074088645303,0.781308532285247,2.49387932774039,1
6,46,1,1,2.06748842296295,3.66173696613646,0.363904987816566,1
6,47,-1,1,1.87074088645303,0.781308532285247,0.638015183202922,1
6,48,1,1,2.06748842296295,3.66173696613646,0.523175115039501,1
6,49,-1,1,1.87074088645303,0.781308532285247,0.951865534254436,-1
6,50,1,-1,1.97059307031757,2.0923864417494,0.454854372435191,1
6,51,-1,1,1.87074088645303,0.781308532285247,0.6010417849957,1
6,52,-1,1,1.87074088645303,0.781308532285247,0.371527691459328,1
6,53,-1,1,1.87074088645303,0.781308532285247,0.352211013661899,-1
6,54,1,-1,1.97059307031757,2.0923864417494,0.48445153741959,1
6,55,1,1,2.06748842296295,3.66173696613646,0.405377868844199,1
6,56,-1,1,1.87074088645303,0.781308532285247,0.905519768350099,1
6,57,-1,1,1.87074088645303,0.781308532285247,0.325341321500395,1
6,58,1,1,2.06748842296295,3.66173696613646,0.644376759048755,1
6,59,1,1,2.06748842296295,3.66173696613646,0.607016865619807,1
6,60,-1,1,1.87074088645303,0.781308532285247,1.16398678201407,1
6,61,-1,1,1.87074088645303,0.781308532285247,1.15562811707509,-1
6,62,1,-1,1.97059307031757,2.0923864417494,0.749351286419805,1
6,63,1,1,2.06748842296295,3.66173696613646,0.533615632364428,1
6,64,1,1,2.06748842296295,3.66173696613646,0.465619253608267,1
6,65,1,1,2.06748842296295,3.66173696613646,0.386661357109371,1
6,66,-1,1,1.87074088645303,0.781308532285247,2.59675030443511,-1
6,67,1,-1,1.97059307031757,2.0923864417494,0.587876298525221,1
6,68,1,1,2.06748842296295,3.66173696613646,0.637017503561618,1
6,69,-1,1,1.87074088645303,0.781308532285247,0.492915057541013,1
6,70,-1,1,1.87074088645303,0.781308532285247,0.598318367719609,1
6,71,-1,1,1.87074088645303,0.781308532285247,1.70408568343307,1
6,72,1,1,2.06748842296295,3.66173696613646,0.703206813224861,1
6,73,-1,1,1.87074088645303,0.781308532285247,1.22279298364513,1
6,74,-1,1,1.87074088645303,0.781308532285247,1.37705775282058,1
6,75,1,1,2.06748842296295,3.66173696613646,0.655366511436328,1
6,76,1,1,2.06748842296295,3.66173696613646,0.388034216824757,1
6,77,-1,1,1.87074088645303,0.781308532285247,0.685506646536203,1
6,78,1,1,2.06748842296295,3.66173696613646,0.339915758658324,1
6,79,-1,1,1.87074088645303,0.781308532285247,0.361031113341162,1
6,80,-1,1,1.87074088645303,0.781308532285247,0.555868076385501,1
6,81,1,1,2.06748842296295,3.66173696613646,0.580243429964524,1
6,82,-1,1,1.87074088645303,0.781308532285247,0.434573538839996,-1
6,83,1,-1,1.97059307031757,2.0923864417494,0.638520991223753,1
6,84,-1,1,1.87074088645303,0.781308532285247,0.486500285732401,-1
6,85,-1,-1,1.78306634574571,0.664568059828895,1.99194760268422,1
6,86,-1,1,1.87074088645303,0.781308532285247,0.830119223364776,1
6,87,1,1,2.06748842296295,3.66173696613646,0.366448309733685,1
6,88,-1,1,1.87074088645303,0.781308532285247,0.810121553719927,1
6,89,-1,1,1.87074088645303,0.781308532285247,1.69432910737167,-1
6,90,-1,-1,1.78306634574571,0.664568059828895,0.669980252187285,1
6,91,1,1,2.06748842296295,3.66173696613646,0.469902592924398,1
6,92,1,1,2.06748842296295,3.66173696613646,0.658792623249145,1
6,93,-1,1,1.87074088645303,0.781308532285247,1.25411528469485,1
6,94,1,1,2.06748842296295,3.66173696613646,0.364977300957119,1
6,95,-1,1,1.87074088645303,0.781308532285247,1.00664194719771,1
6,96,-1,1,1.87074088645303,0.781308532285247,1.13013979611789,1
6,97,-1,1,1.87074088645303,0.781308532285247,0.731116668107294,1
6,98,1,1,2.06748842296295,3.66173696613646,0.442148238151834,1
6,99,1,1,2.06748842296295,3.66173696613646,0.445146927865279,1
6,100,-1,1,1.87074088645303,0.781308532285247,0.599856876908747,-1
6,101,-1,-1,1.78306634574571,0.664568059828895,0.419666319277259,-1
7,2,-1,1,1.44934249552014,1.20894677695716,0.336254882077648,-1
7,3,-1,-1,1.38141730152747,2.07603239325572,0.985875738925414,1
7,4,-1,1,1.44934249552014,1.20894677695716,0.685137000133122,1
7,5,1,1,1.60177117638004,2.03469088426464,0.608036070697841,1
7,6,1,1,1.60177117638004,2.03469088426464,0.798674187728991,1
7,7,1,1,1.60177117638004,2.03469088426464,0.532856281071672,-1
7,8,1,-1,1.5267022273747,1.88032994552247,0.455797858565721,1
7,9,-1,1,1.44934249552014,1.20894677695716,0.585378988783688,1
7,10,1,1,1.60177117638004,2.03469088426464,0.431582321660899,1
7,11,1,1,1.60177117638004,2.03469088426464,1.32004265086161,1
7,12,-1,1,1.44934249552014,1.20894677695716,0.276322603413298,1
7,13,-1,1,1.44934249552014,1.20894677695716,1.22712569996404,-1
7,14,-1,-1,1.38141730152747,2.07603239325572,0.537595553652277,-1
7,15,-1,-1,1.38141730152747,2.07603239325572,0.488518644315129,1
7,16,-1,1,1.44934249552014,1.20894677695716,0.514302021061918,1
7,17,1,1,1.60177117638004,2.03469088426464,0.699195727282991,1
7,18,1,1,1.60177117638004,2.03469088426464,0.398501315309172,1
7,19,1,1,1.60177117638004,2.03469088426464,0.732330778239786,1
7,20,-1,1,1.44934249552014,1.20894677695716,0.708288913163851,1
7,21,-1,1,1.44934249552014,1.20894677695716,0.516059696788739,1
7,22,-1,1,1.44934249552014,1.20894677695716,1.19047108758997,1
7,23,1,1,1.60177117638004,2.03469088426464,0.49510368593352,1
7,24,-1,1,1.44934249552014,1.20894677695716,0.347621796076559,-1
7,25,-1,-1,1.38141730152747,2.07603239325572,1.37543698535802,-1
7,26,-1,-1,1.38141730152747,2.07603239325572,0.343365266923201,1
7,27,1,1,1.60177117638004,2.03469088426464,0.960554139137599,1
7,28,-1,1,1.44934249552014,1.20894677695716,1.16120750950162,1
7,29,-1,1,1.44934249552014,1.20894677695716,1.0230358788343,-1
7,30,1,-1,1.5267022273747,1.88032994552247,0.495394169304928,1
7,31,-1,1,1.44934249552014,1.20894677695716,0.597714501723811,1
7,32,-1,1,1.44934249552014,1.20894677695716,0.736658219062884,1
7,33,-1,1,1.44934249552014,1.20894677695716,0.477220783210311,-1
7,34,1,-1,1.5267022273747,1.88032994552247,0.743823797612072,1
7,35,-1,1,1.44934249552014,1.20894677695716,0.673016032816691,1
7,36,1,1,1.60177117638004,2.03469088426464,0.912074334909947,1
7,37,1,1,1.60177117638004,2.03469088426464,0.329421793041447,1
7,38,-1,1,1.44934249552014,1.20894677695716,0.381449448305488,1
7,39,1,1,1.60177117638004,2.03469088426464,0.66977111852893,-1
7,40,-1,-1,1.38141730152747,2.07603239325572,0.558508452900962,1
7,41,1,1,1.60177117638004,2.03469088426464,0.354271229971449,1
7,42,-1,1,1.44934249552014,1.20894677695716,0.660761374544268,1
7,43,1,1,1.60177117638004,2.03469088426464,0.363795324536061,1
7,44,1,1,1.60177117638004,2.03469088426464,1.87330575413866,1
7,45,1,1,1.60177117638004,2.03469088426464,0.754760283871574,-1
7,46,-1,-1,1.38141730152747,2.07603239325572,0.426166620371258,1
7,47,-1,1,1.44934249552014,1.20894677695716,0.604157090226589,1
7,48,1,1,1.60177117638004,2.03469088426464,0.3651231345119,1
7,49,1,1,1.60177117638004,2.03469088426464,0.73571512274243,1
7,50,-1,1,1.44934249552014,1.20894677695716,0.894408985359385,1
7,51,1,1,1.60177117638004,2.03469088426464,0.436202282633369,1
7,52,1,1,1.60177117638004,2.03469088426464,0.430181751898684,1
7,53,1,1,1.60177117638004,2.03469088426464,0.521737669595454,1
7,54,1,1,1.60177117638004,2.03469088426464,0.615040211213941,1
7,55,-1,1,1.44934249552014,1.20894677695716,1,1
7,56,-1,1,1.44934249552014,1.20894677695716,0.364715987241002,1
7,57,1,1,1.60177117638004,2.03469088426464,0.382544513636382,1
7,58,-1,1,1.44934249552014,1.20894677695716,0.322493149583067,1
7,59,1,1,1.60177117638004,2.03469088426464,0.403676757954151,1
7,60,-1,1,1.44934249552014,1.20894677695716,0.440255359803329,1
7,61,1,1,1.60177117638004,2.03469088426464,0.362836370441629,1
7,62,1,1,1.60177117638004,2.03469088426464,0.372150218197544,-1
7,63,1,-1,1.5267022273747,1.88032994552247,0.747178246746921,1
7,64,1,1,1.60177117638004,2.03469088426464,0.357567880745382,1
7,65,1,1,1.60177117638004,2.03469088426464,0.536895026335558,1
7,66,-1,1,1.44934249552014,1.20894677695716,0.756455943602991,1
7,67,-1,1,1.44934249552014,1.20894677695716,0.449124740638506,-1
7,68,-1,-1,1.38141730152747,2.07603239325572,0.510925504495046,1
7,69,1,1,1.60177117638004,2.03469088426464,0.337652583403419,1
7,70,1,1,1.60177117638004,2.03469088426464,0.361655831719163,1
7,71,-1,1,1.44934249552014,1.20894677695716,1.03368035905435,1
7,72,-1,1,1.44934249552014,1.20894677695716,0.538670546275237,1
7,73,1,1,1.60177117638004,2.03469088426464,0.629522487267069,1
7,74,1,1,1.60177117638004,2.03469088426464,0.38520879820135,1
7,75,1,1,1.60177117638004,2.03469088426464,0.451063045271353,1
7,76,1,1,1.60177117638004,2.03469088426464,0.469727460902425,1
7,77,-1,1,1.44934249552014,1.20894677695716,0.392389809684382,1
7,78,-1,1,1.44934249552014,1.20894677695716,0.723124549653859,1
7,79,-1,1,1.44934249552014,1.20894677695716,0.460183397994346,1
7,80,-1,1,1.44934249552014,1.20894677695716,0.546539663699352,1
7,81,-1,1,1.44934249552014,1.20894677695716,0.472542955170128,1
7,82,1,1,1.60177117638004,2.03469088426464,0.609339100854914,1
7,83,1,1,1.60177117638004,2.03469088426464,0.359115290578386,1
7,84,1,1,1.60177117638004,2.03469088426464,0.445187808532401,1
7,85,-1,1,1.44934249552014,1.20894677695716,0.323917236696897,1
7,86,1,1,1.60177117638004,2.03469088426464,0.805094365049347,1
7,87,-1,1,1.44934249552014,1.20894677695716,0.684727230682324,1
7,88,1,1,1.60177117638004,2.03469088426464,0.570479531090516,1
7,89,1,1,1.60177117638004,2.03469088426464,0.545879795176014,1
7,90,-1,1,1.44934249552014,1.20894677695716,0.585789657085404,1
7,91,-1,1,1.44934249552014,1.20894677695716,0.637827218630104,1
7,92,-1,1,1.44934249552014,1.20894677695716,0.779740869944509,1
7,93,1,1,1.60177117638004,2.03469088426464,0.98870180293101,1
7,94,1,1,1.60177117638004,2.03469088426464,0.361270418229641,1
7,95,-1,1,1.44934249552014,1.20894677695716,0.688549182934283,1
7,96,1,1,1.60177117638004,2.03469088426464,1.21686030164689,1
7,97,1,1,1.60177117638004,2.03469088426464,0.380967950627671,1
7,98,-1,1,1.44934249552014,1.20894677695716,0.371298610634952,1
7,99,-1,1,1.44934249552014,1.20894677695716,0.716073628181812,1
7,100,-1,1,1.44934249552014,1.20894677695716,0.863327391049498,1
7,101,1,1,1.60177117638004,2.03469088426464,0.546520590547014,1
8,2,-1,1,2.15792308194237,1.86096066856279,0.506620236898764,1
8,3,1,1,2.38487383360688,2.74837016800289,0.83278436382801,1
8,4,1,1,2.38487383360688,2.74837016800289,0.657545034611746,1
8,5,-1,1,2.15792308194237,1.86096066856279,0.391004610333932,1
8,6,-1,1,2.15792308194237,1.86096066856279,0.500969986575768,1
8,7,1,1,2.38487383360688,2.74837016800289,0.450284097247286,1
8,8,1,1,2.38487383360688,2.74837016800289,0.405850292542763,1
8,9,-1,1,2.15792308194237,1.86096066856279,2.12259762268194,1
8,10,-1,1,2.15792308194237,1.86096066856279,0.558959901190338,1
8,11,-1,1,2.15792308194237,1.86096066856279,1.20662785620743,1
8,12,1,1,2.38487383360688,2.74837016800289,1.26789268595691,1
8,13,-1,1,2.15792308194237,1.86096066856279,2.15255091656385,-1
8,14,1,-1,2.27310382872777,1.62208300840353,0.946775589045993,1
8,15,1,1,2.38487383360688,2.74837016800289,0.404952190504849,1
8,16,1,1,2.38487383360688,2.74837016800289,0.883154504166525,1
8,17,1,1,2.38487383360688,2.74837016800289,0.335410213207567,1
8,18,-1,1,2.15792308194237,1.86096066856279,0.712079576131292,1
8,19,1,1,2.38487383360688,2.74837016800289,0.697829256642841,1
8,20,-1,1,2.15792308194237,1.86096066856279,2.29551248573962,1
8,21,1,1,2.38487383360688,2.74837016800289,0.45698449276526,1
8,22,1,1,2.38487383360688,2.74837016800289,0.651387498761747,1
8,23,-1,1,2.15792308194237,1.86096066856279,0.924274916120481,1
8,24,-1,1,2.15792308194237,1.86096066856279,0.396237843303578,1
8,25,1,1,2.38487383360688,2.74837016800289,0.640842386492624,1
8,26,1,1,2.38487383360688,2.74837016800289,0.433573871536566,1
8,27,1,1,2.38487383360688,2.74837016800289,1.23733125255132,1
8,28,-1,1,2.15792308194237,1.86096066856279,0.631365851185547,1
8,29,1,1,2.38487383360688,2.74837016800289,0.594623594892146,1
8,30,1,1,2.38487383360688,2.74837016800289,0.639302093761827,1
8,31,1,1,2.38487383360688,2.74837016800289,0.759839943033949,1
8,32,1,1,2.38487383360688,2.74837016800289,0.360631900218419,1
8,33,-1,1,2.15792308194237,1.86096066856279,0.490648536412197,1
8,34,1,1,2.38487383360688,2.74837016800289,0.531366881808332,1
8,35,-1,1,2.15792308194237,1.86096066856279,1.16105292871007,1
8,36,1,1,2.38487383360688,2.74837016800289,0.523314635844556,1
8,37,1,1,2.38487383360688,2.74837016800289,0.721157130257697,1
8,38,1,1,2.38487383360688,2.74837016800289,0.371442696054615,1
8,39,-1,1,2.15792308194237,1.86096066856279,0.634273345851396,1
8,40,-1,1,2.15792308194237,1.86096066856279,0.452584429778289,1
8,41,-1,1,2.15792308194237,1.86096066856279,1.43522412841295,1
8,42,1,1,2.38487383360688,2.74837016800289,0.533388350127194,1
8,43,-1,1,2.15792308194237,1.86096066856279,0.747572159136955,1
8,44,-1,1,2.15792308194237,1.86096066856279,1.25896075048776,1
8,45,1,1,2.38487383360688,2.74837016800289,0.419250834626157,1
8,46,1,1,2.38487383360688,2.74837016800289,0.433704888774645,1
8,47,1,1,2.38487383360688,2.74837016800289,0.576333442138503,1
8,48,-1,1,2.15792308194237,1.86096066856279,0.337395626666519,1
8,49,-1,1,2.15792308194237,1.86096066856279,0.46085934154691,1
8,50,1,1,2.38487383360688,2.74837016800289,1.15377595815271,1
8,51,1,1,2.38487383360688,2.74837016800289,0.387960637392871,1
8,52,1,1,2.38487383360688,2.74837016800289,0.360798994682824,1
8,53,-1,1,2.15792308194237,1.86096066856279,0.684099138257963,1
8,54,1,1,2.38487383360688,2.74837016800289,0.424410782077301,1
8,55,1,1,2.38487383360688,2.74837016800289,0.419330695720548,1
8,56,-1,1,2.15792308194237,1.86096066856279,0.613298159640619,1
8,57,-1,1,2.15792308194237,1.86096066856279,0.359612281032399,1
8,58,1,1,2.38487383360688,2.74837016800289,0.508270482081844,1
8,59,-1,1,2.15792308194237,1.86096066856279,0.507094635032731,1
8,60,-1,1,2.15792308194237,1.86096066856279,0.565754396969772,-1
8,61,1,-1,2.27310382872777,1.62208300840353,0.568409895377614,1
8,62,1,1,2.38487383360688,2.74837016800289,0.925340993708591,1
8,63,-1,1,2.15792308194237,1.86096066856279,0.384380059661198,1
8,64,1,1,2.38487383360688,2.74837016800289,0.575048888799764,1
8,65,-1,1,2.15792308194237,1.86096066856279,0.257154068523001,1
8,66,-1,1,2.15792308194237,1.86096066856279,1.56869147164708,1
8,67,-1,1,2.15792308194237,1.86096066856279,0.548877611607918,1
8,68,1,1,2.38487383360688,2.74837016800289,0.969645751821795,1
8,69,1,1,2.38487383360688,2.74837016800289,1.55312060105141,1
8,70,-1,1,2.15792308194237,1.86096066856279,1.96233195110417,1
8,71,1,1,2.38487383360688,2.74837016800289,0.448445214384861,1
8,72,-1,1,2.15792308194237,1.86096066856279,0.450063216965897,1
8,73,1,1,2.38487383360688,2.74837016800289,0.788700562346213,1
8,74,-1,1,2.15792308194237,1.86096066856279,0.942336917765794,1
8,75,1,1,2.38487383360688,2.74837016800289,0.323214779637101,1
8,76,-1,1,2.15792308194237,1.86096066856279,0.853149641069487,1
8,77,-1,1,2.15792308194237,1.86096066856279,1.29142451376396,1
8,78,1,1,2.38487383360688,2.74837016800289,0.376579423367808,1
8,79,1,1,2.38487383360688,2.74837016800289,0.846193484149096,1
8,80,1,1,2.38487383360688,2.74837016800289,0.676525127348504,1
8,81,1,1,2.38487383360688,2.74837016800289,0.598433509299209,1
8,82,-1,1,2.15792308194237,1.86096066856279,0.476661626633953,1
8,83,-1,1,2.15792308194237,1.86096066856279,0.377274795848109,1
8,84,-1,1,2.15792308194237,1.86096066856279,0.492469911013132,1
8,85,-1,1,2.15792308194237,1.86096066856279,1.0824156265292,1
8,86,1,1,2.38487383360688,2.74837016800289,0.70682065896476,1
8,87,-1,1,2.15792308194237,1.86096066856279,0.767073933368903,1
8,88,1,1,2.38487383360688,2.74837016800289,0.618957305771568,1
8,89,-1,1,2.15792308194237,1.86096066856279,0.677472211977354,1
8,90,-1,1,2.15792308194237,1.86096066856279,0.803419310802463,1
8,91,-1,1,2.15792308194237,1.86096066856279,0.327847202857632,1
8,92,-1,1,2.15792308194237,1.86096066856279,0.489987145231472,1
8,93,-1,1,2.15792308194237,1.86096066856279,1.08428113262731,1
8,94,-1,1,2.15792308194237,1.86096066856279,1.83283840046553,1
8,95,1,1,2.38487383360688,2.74837016800289,0.793960366413003,1
8,96,-1,1,2.15792308194237,1.86096066856279,0.7137481446496,1
8,97,1,1,2.38487383360688,2.74837016800289,0.347454313856308,1
8,98,-1,1,2.15792308194237,1.86096066856279,0.555437429817105,1
8,99,-1,1,2.15792308194237,1.86096066856279,0.979253300339657,1
8,100,1,1,2.38487383360688,2.74837016800289,0.853694165768778,1
8,101,-1,1,2.15792308194237,1.86096066856279,0.573769320528592,1
9,2,1,1,1.88429650836461,2.18827362897957,1.16961338037952,1
9,3,1,1,1.88429650836461,2.18827362897957,0.358964209886923,1
9,4,-1,1,1.70498198744281,2.33058090598954,0.47561281343952,1
9,5,-1,1,1.70498198744281,2.33058090598954,0.400889051262289,1
9,6,-1,1,1.70498198744281,2.33058090598954,0.407308415381931,1
9,7,-1,1,1.70498198744281,2.33058090598954,0.798794746699388,1
9,8,1,1,1.88429650836461,2.18827362897957,0.468851553642575,1
9,9,1,1,1.88429650836461,2.18827362897957,0.307008687072441,1
9,10,-1,1,1.70498198744281,2.33058090598954,0.668163661491989,1
9,11,1,1,1.88429650836461,2.18827362897957,0.497957679824534,1
9,12,-1,1,1.70498198744281,2.33058090598954,1.57212923371117,1
9,13,1,1,1.88429650836461,2.18827362897957,0.382223874882553,1
9,14,-1,1,1.70498198744281,2.33058090598954,0.778370487823876,1
9,15,1,1,1.88429650836461,2.18827362897957,0.869453738429586,1
9,16,-1,1,1.70498198744281,2.33058090598954,0.503434522852988,1
9,17,-1,1,1.70498198744281,2.33058090598954,0.422662428967083,1
9,18,1,1,1.88429650836461,2.18827362897957,0.406573913318901,1
9,19,1,1,1.88429650836461,2.18827362897957,0.624378918724114,1
9,20,-1,1,1.70498198744281,2.33058090598954,0.795574052905544,-1
9,21,-1,-1,1.62507593859029,1.45337655371456,0.757052111113652,1
9,22,-1,1,1.70498198744281,2.33058090598954,0.464598587235154,1
9,23,1,1,1.88429650836461,2.18827362897957,0.540585423304742,1
9,24,-1,1,1.70498198744281,2.33058090598954,0.520481365156303,1
9,25,1,1,1.88429650836461,2.18827362897957,0.586618908437084,1
9,26,-1,1,1.70498198744281,2.33058090598954,0.295438840072889,1
9,27,-1,1,1.70498198744281,2.33058090598954,0.636357385138533,1
9,28,-1,1,1.70498198744281,2.33058090598954,0.585365029552607,1
9,29,1,1,1.88429650836461,2.18827362897957,0.444200298755327,1
9,30,1,1,1.88429650836461,2.18827362897957,0.450437953396259,1
9,31,1,1,1.88429650836461,2.18827362897957,0.432914654663126,1
9,32,1,1,1.88429650836461,2.18827362897957,1.26856421341897,1
9,33,1,1,1.88429650836461,2.18827362897957,0.350572416862592,1
9,34,-1,1,1.70498198744281,2.33058090598954,0.4223064952042,1
9,35,1,1,1.88429650836461,2.18827362897957,0.751452879682252,1
9,36,1,1,1.88429650836461,2.18827362897957,0.523056134554162,1
9,37,-1,1,1.70498198744281,2.33058090598954,0.379646944658508,1
9,38,-1,1,1.70498198744281,2.33058090598954,0.314316063850886,1
9,39,1,1,1.88429650836461,2.18827362897957,0.378245308993837,1
9,40,1,1,1.88429650836461,2.18827362897957,0.730714207538612,1
9,41,-1,1,1.70498198744281,2.33058090598954,0.560543935157447,1
9,42,-1,1,1.70498198744281,2.33058090598954,0.439395847349379,1
9,43,1,1,1.88429650836461,2.18827362897957,0.428074074990414,1
9,44,1,1,1.88429650836461,2.18827362897957,0.699152413387446,1
9,45,-1,1,1.70498198744281,2.33058090598954,0.552396932135117,1
9,46,1,1,1.88429650836461,2.18827362897957,0.83046262719201,1
9,47,1,1,1.88429650836461,2.18827362897957,0.606451189434356,-1
9,48,-1,-1,1.62507593859029,1.45337655371456,0.435781908261584,1
9,49,-1,1,1.70498198744281,2.33058090598954,0.677312719640636,1
9,50,-1,1,1.70498198744281,2.33058090598954,0.641630216787944,1
9,51,1,1,1.88429650836461,2.18827362897957,0.498408600404758,1
9,52,1,1,1.88429650836461,2.18827362897957,0.379127404676351,1
9,53,1,1,1.88429650836461,2.18827362897957,0.65261481592059,1
9,54,-1,1,1.70498198744281,2.33058090598954,0.351374846957205,1
9,55,-1,1,1.70498198744281,2.33058090598954,0.719652891013619,1
9,56,-1,1,1.70498198744281,2.33058090598954,0.399924005872251,1
9,57,-1,1,1.70498198744281,2.33058090598954,0.380734982926622,1
9,58,-1,1,1.70498198744281,2.33058090598954,1.53451439214375,1
9,59,-1,1,1.70498198744281,2.33058090598954,0.48849311871648,1
9,60,-1,1,1.70498198744281,2.33058090598954,0.476176465298295,1
9,61,1,1,1.88429650836461,2.18827362897957,0.397154081400576,1
9,62,-1,1,1.70498198744281,2.33058090598954,0.792767399104178,1
9,63,1,1,1.88429650836461,2.18827362897957,0.763864842834586,1
9,64,1,1,1.88429650836461,2.18827362897957,0.704332472270042,1
9,65,1,1,1.88429650836461,2.18827362897957,0.575030358554694,1
9,66,-1,1,1.70498198744281,2.33058090598954,0.347118846830173,1
9,67,-1,1,1.70498198744281,2.33058090598954,0.690952109514434,1
9,68,1,1,1.88429650836461,2.18827362897957,0.347196257375824,1
9,69,1,1,1.88429650836461,2.18827362897957,0.490558225379832,1
9,70,-1,1,1.70498198744281,2.33058090598954,0.509421670901034,1
9,71,1,1,1.88429650836461,2.18827362897957,0.523460266810897,1
9,72,1,1,1.88429650836461,2.18827362897957,0.435959557952448,1
9,73,1,1,1.88429650836461,2.18827362897957,0.406868957451833,1
9,74,-1,1,1.70498198744281,2.33058090598954,0.753131479613628,1
9,75,-1,1,1.70498198744281,2.33058090598954,0.845916353140629,1
9,76,1,1,1.88429650836461,2.18827362897957,0.52930668300238,1
9,77,-1,1,1.70498198744281,2.33058090598954,0.590414717191427,1
9,78,-1,1,1.70498198744281,2.33058090598954,0.47546192954875,1
9,79,1,1,1.88429650836461,2.18827362897957,0.452921467630091,1
9,80,1,1,1.88429650836461,2.18827362897957,0.529573044794376,1
9,81,1,1,1.88429650836461,2.18827362897957,0.532426270592551,1
9,82,-1,1,1.70498198744281,2.33058090598954,0.578912151882107,1
9,83,1,1,1.88429650836461,2.18827362897957,0.71356965274071,1
9,84,1,1,1.88429650836461,2.18827362897957,0.402159569641376,1
9,85,1,1,1.88429650836461,2.18827362897957,0.96455947582332,1
9,86,1,1,1.88429650836461,2.18827362897957,1.66387329767875,1
9,87,1,1,1.88429650836461,2.18827362897957,0.986649542406504,1
9,88,-1,1,1.70498198744281,2.33058090598954,0.742465026081519,1
9,89,-1,1,1.70498198744281,2.33058090598954,0.66750976333851,1
9,90,1,1,1.88429650836461,2.18827362897957,0.558135233965768,1
9,91,-1,1,1.70498198744281,2.33058090598954,0.534989585379474,1
9,92,1,1,1.88429650836461,2.18827362897957,0.725677598224163,1
9,93,1,1,1.88429650836461,2.18827362897957,0.654045886709177,1
9,94,-1,1,1.70498198744281,2.33058090598954,0.5698070118408,1
9,95,-1,1,1.70498198744281,2.33058090598954,0.542793081834912,1
9,96,-1,1,1.70498198744281,2.33058090598954,0.465587630440634,1
9,97,-1,1,1.70498198744281,2.33058090598954,0.449649462155287,1
9,98,1,1,1.88429650836461,2.18827362897957,0.450027130804527,1
9,99,-1,1,1.70498198744281,2.33058090598954,0.80195546100369,1
9,100,1,1,1.88429650836461,2.18827362897957,0.50153947443562,1
9,101,-1,1,1.70498198744281,2.33058090598954,0.562107230492642,1
10,2,-1,1,1.58709960362627,1.98363962344572,0.367219840702287,1
10,3,-1,1,1.58709960362627,1.98363962344572,0.516535644695763,1
10,4,1,1,1.75401632601714,3.24289063466871,0.487014220539182,1
10,5,1,1,1.75401632601714,3.24289063466871,0.596497528727427,1
10,6,-1,1,1.58709960362627,1.98363962344572,0.536575719750414,1
10,7,1,1,1.75401632601714,3.24289063466871,0.50512354292303,1
10,8,-1,1,1.58709960362627,1.98363962344572,0.388834262014781,1
10,9,1,1,1.75401632601714,3.24289063466871,0.441063951305837,1
10,10,1,1,1.75401632601714,3.24289063466871,0.306672222280481,1
10,11,1,1,1.75401632601714,3.24289063466871,0.499262309417008,1
10,12,-1,1,1.58709960362627,1.98363962344572,0.600702242936454,1
10,13,-1,1,1.58709960362627,1.98363962344572,1.70740047836163,1
10,14,-1,1,1.58709960362627,1.98363962344572,0.54420637049399,1
10,15,1,1,1.75401632601714,3.24289063466871,0.402659049189941,1
10,16,-1,1,1.58709960362627,1.98363962344572,0.586818979707709,1
10,17,-1,1,1.58709960362627,1.98363962344572,0.667955191754226,1
10,18,-1,1,1.58709960362627,1.98363962344572,0.462402964626183,1
10,19,-1,1,1.58709960362627,1.98363962344572,0.399335426868074,1
10,20,-1,1,1.58709960362627,1.98363962344572,0.427143236487125,1
10,21,1,1,1.75401632601714,3.24289063466871,0.53692984223912,1
10,22,-1,1,1.58709960362627,1.98363962344572,0.528495980456308,1
10,23,1,1,1.75401632601714,3.24289063466871,0.504975673778847,1
10,24,-1,1,1.58709960362627,1.98363962344572,1.17972412040536,1
10,25,1,1,1.75401632601714,3.24289063466871,0.493024332747142,1
10,26,1,1,1.75401632601714,3.24289063466871,0.695746948567009,1
10,27,1,1,1.75401632601714,3.24289063466871,0.745216146862232,1
10,28,1,1,1.75401632601714,3.24289063466871,0.597005556197543,1
10,29,1,1,1.75401632601714,3.24289063466871,0.475483816574409,1
10,30,-1,1,1.58709960362627,1.98363962344572,0.586341232127194,1
10,31,-1,1,1.58709960362627,1.98363962344572,0.657135339232064,1
10,32,1,1,1.75401632601714,3.24289063466871,0.400918253564085,1
10,33,-1,1,1.58709960362627,1.98363962344572,0.868308802525936,1
10,34,-1,1,1.58709960362627,1.98363962344572,0.426107500180243,1
10,35,-1,1,1.58709960362627,1.98363962344572,0.903726024251931,1
10,36,-1,1,1.58709960362627,1.98363962344572,0.429917680830185,1
10,37,1,1,1.75401632601714,3.24289063466871,0.903043288090606,1
10,38,1,1,1.75401632601714,3.24289063466871,0.641551622001161,1
10,39,1,1,1.75401632601714,3.24289063466871,0.571032689339517,1
10,40,-1,1,1.58709960362627,1.98363962344572,0.442579668471226,1
10,41,1,1,1.75401632601714,3.24289063466871,0.48633682115329,1
10,42,1,1,1.75401632601714,3.24289063466871,0.442764272598699,1
10,43,-1,1,1.58709960362627,1.98363962344572,0.640663369999315,1
10,44,1,1,1.75401632601714,3.24289063466871,0.541767459782579,1
10,45,1,1,1.75401632601714,3.24289063466871,1.118640916667,1
10,46,1,1,1.75401632601714,3.24289063466871,0.440065816441085,1
10,47,-1,1,1.58709960362627,1.98363962344572,0.468531735857875,1
10,48,-1,1,1.58709960362627,1.98363962344572,0.508786735567384,1
10,49,-1,1,1.58709960362627,1.98363962344572,0.3457017736412,1
10,50,-1,1,1.58709960362627,1.98363962344572,0.745211551901884,1
10,51,1,1,1.75401632601714,3.24289063466871,0.42626588805555,1
10,52,-1,1,1.58709960362627,1.98363962344572,0.527081189035589,1
10,53,1,1,1.75401632601714,3.24289063466871,0.844878397107773,1
10,54,1,1,1.75401632601714,3.24289063466871,0.787954256678538,1
10,55,-1,1,1.58709960362627,1.98363962344572,1.3863776586353,1
10,56,-1,1,1.58709960362627,1.98363962344572,0.49910406362439,1
10,57,-1,1,1.58709960362627,1.98363962344572,0.698150356356301,1
10,58,1,1,1.75401632601714,3.24289063466871,0.520159273065179,1
10,59,-1,1,1.58709960362627,1.98363962344572,0.490086120996709,1
10,60,1,1,1.75401632601714,3.24289063466871,0.618270569719654,1
10,61,1,1,1.75401632601714,3.24289063466871,0.761611451041406,1
10,62,1,1,1.75401632601714,3.24289063466871,0.393539727696586,1
10,63,-1,1,1.58709960362627,1.98363962344572,0.540501514356698,1
10,64,1,1,1.75401632601714,3.24289063466871,0.460038924825981,1
10,65,-1,1,1.58709960362627,1.98363962344572,0.727169595606048,1
10,66,1,1,1.75401632601714,3.24289063466871,0.285851869662679,1
10,67,1,1,1.75401632601714,3.24289063466871,0.660069465779644,1
10,68,-1,1,1.58709960362627,1.98363962344572,0.72103230166402,1
10,69,1,1,1.75401632601714,3.24289063466871,0.465715877178999,-1
10,70,-1,-1,1.51271825567351,0.966148102265489,0.507696394733183,1
10,71,1,1,1.75401632601714,3.24289063466871,0.607990682718358,1
10,72,-1,1,1.58709960362627,1.98363962344572,0.854050547439079,1
10,73,1,1,1.75401632601714,3.24289063466871,0.427185877832641,1
10,74,1,1,1.75401632601714,3.24289063466871,0.620823399976038,1
10,75,-1,1,1.58709960362627,1.98363962344572,0.361166843878223,1
10,76,-1,1,1.58709960362627,1.98363962344572,0.49739287707605,1
10,77,-1,1,1.58709960362627,1.98363962344572,1.62236829649486,1
10,78,-1,1,1.58709960362627,1.98363962344572,1.27266757584228,-1
10,79,1,-1,1.67181222341249,1.00732163962008,0.423913006672673,1
10,80,-1,1,1.58709960362627,1.98363962344572,0.363109113366469,1
10,81,1,1,1.75401632601714,3.24289063466871,0.377638310745951,1
10,82,1,1,1.75401632601714,3.24289063466871,0.526867342304216,1
10,83,-1,1,1.58709960362627,1.98363962344572,0.365302731062061,1
10,84,-1,1,1.58709960362627,1.98363962344572,0.458700061916483,1
10,85,1,1,1.75401632601714,3.24289063466871,0.497452279428613,1
10,86,1,1,1.75401632601714,3.24289063466871,0.596354837390758,1
10,87,-1,1,1.58709960362627,1.98363962344572,0.503004719608025,1
10,88,-1,1,1.58709960362627,1.98363962344572,0.830428220433234,1
10,89,1,1,1.75401632601714,3.24289063466871,0.488585124449212,1
10,90,-1,1,1.58709960362627,1.98363962344572,0.415588521312218,1
10,91,1,1,1.75401632601714,3.24289063466871,0.45452593900599,1
10,92,1,1,1.75401632601714,3.24289063466871,0.589415813361709,1
10,93,-1,1,1.58709960362627,1.98363962344572,0.452665812503617,1
10,94,-1,1,1.58709960362627,1.98363962344572,0.521641790660517,1
10,95,1,1,1.75401632601714,3.24289063466871,0.392999521826943,1
10,96,1,1,1.75401632601714,3.24289063466871,0.674110883944824,1
10,97,-1,1,1.58709960362627,1.98363962344572,0.589938855817396,1
10,98,1,1,1.75401632601714,3.24289063466871,0.671526877424656,1
10,99,-1,1,1.58709960362627,1.98363962344572,0.595736009024439,1
10,100,1,1,1.75401632601714,3.24289063466871,0.402771838171513,1
10,101,1,1,1.75401632601714,3.24289063466871,0.361930864665501,1
11,2,1,1,1.634253696541,3.08446974554099,0.542574020511402,1
11,3,-1,1,1.47873389519388,2.37379892332054,0.248396059136492,1
11,4,-1,1,1.47873389519388,2.37379892332054,0.391339252405174,1
11,5,1,1,1.634253696541,3.08446974554099,0.385585988709118,1
11,6,-1,1,1.47873389519388,2.37379892332054,0.386036755024061,1
11,7,-1,1,1.47873389519388,2.37379892332054,0.441857027265159,1
11,8,-1,1,1.47873389519388,2.37379892332054,0.64639551478988,1
11,9,-1,1,1.47873389519388,2.37379892332054,0.467565224529069,1
11,10,1,1,1.634253696541,3.08446974554099,0.802057475490971,1
11,11,-1,1,1.47873389519388,2.37379892332054,0.342334075035455,1
11,12,1,1,1.634253696541,3.08446974554099,0.518925081867196,1
11,13,-1,1,1.47873389519388,2.37379892332054,0.501389148045245,1
11,14,1,1,1.634253696541,3.08446974554099,0.29109898624748,-1
11,15,1,-1,1.55766241482954,0.507790555862058,3.22335388441502,-1
11,16,1,-1,1.55766241482954,0.507790555862058,0.466602804195837,-1
11,17,1,-1,1.55766241482954,0.507790555862058,0.711012557462856,-1
11,18,1,-1,1.55766241482954,0.507790555862058,0.350574858002851,1
11,19,-1,1,1.47873389519388,2.37379892332054,0.492788155346904,1
11,20,1,1,1.634253696541,3.08446974554099,0.322667137549341,1
11,21,1,1,1.634253696541,3.08446974554099,0.401036094840282,1
11,22,-1,1,1.47873389519388,2.37379892332054,0.871874406679816,1
11,23,-1,1,1.47873389519388,2.37379892332054,0.763445699543028,1
11,24,1,1,1.634253696541,3.08446974554099,0.444626145122655,1
11,25,1,1,1.634253696541,3.08446974554099,0.676740311860683,1
11,26,1,1,1.634253696541,3.08446974554099,0.519444236131087,1
11,27,-1,1,1.47873389519388,2.37379892332054,0.734323456664151,1
11,28,-1,1,1.47873389519388,2.37379892332054,0.737081273214131,1
11,29,1,1,1.634253696541,3.08446974554099,0.384089011932324,1
11,30,1,1,1.634253696541,3.08446974554099,0.463987466087683,1
11,31,1,1,1.634253696541,3.08446974554099,0.364060665179292,1
11,32,1,1,1.634253696541,3.08446974554099,0.389361870242076,1
11,33,1,1,1.634253696541,3.08446974554099,0.75242892984669,1
11,34,1,1,1.634253696541,3.08446974554099,0.366387938199603,1
11,35,1,1,1.634253696541,3.08446974554099,0.310874417617087,1
11,36,-1,1,1.47873389519388,2.37379892332054,0.433152222354959,1
11,37,-1,1,1.47873389519388,2.37379892332054,0.43928170308442,1
11,38,1,1,1.634253696541,3.08446974554099,0.391242419151432,1
11,39,1,1,1.634253696541,3.08446974554099,0.524776000190835,1
11,40,1,1,1.634253696541,3.08446974554099,0.307836823458522,1
11,41,1,1,1.634253696541,3.08446974554099,0.294783653894861,1
11,42,1,1,1.634253696541,3.08446974554099,0.451638527365176,1
11,43,-1,1,1.47873389519388,2.37379892332054,0.530409047197836,1
11,44,-1,1,1.47873389519388,2.37379892332054,0.59249884006825,1
11,45,1,1,1.634253696541,3.08446974554099,0.685430582273744,1
11,46,-1,1,1.47873389519388,2.37379892332054,0.352219879962426,1
11,47,1,1,1.634253696541,3.08446974554099,0.481562342021193,1
11,48,-1,1,1.47873389519388,2.37379892332054,0.391572061982598,1
11,49,-1,1,1.47873389519388,2.37379892332054,0.419850038535037,-1
11,50,1,-1,1.55766241482954,0.507790555862058,0.527857196563388,-1
11,51,-1,-1,1.40943123760601,1.23394077527641,0.685825711817479,1
11,52,1,1,1.634253696541,3.08446974554099,0.816168619650727,1
11,53,-1,1,1.47873389519388,2.37379892332054,0.34010567251622,1
11,54,1,1,1.634253696541,3.08446974554099,0.336342782427753,1
11,55,-1,1,1.47873389519388,2.37379892332054,0.679937082152447,1
11,56,-1,1,1.47873389519388,2.37379892332054,0.390187809592959,1
11,57,1,1,1.634253696541,3.08446974554099,0.718177069657666,1
11,58,-1,1,1.47873389519388,2.37379892332054,0.727380409532544,1
11,59,-1,1,1.47873389519388,2.37379892332054,0.267409844844368,1
11,60,1,1,1.634253696541,3.08446974554099,0.323837655712314,1
11,61,-1,1,1.47873389519388,2.37379892332054,0.567894040437947,1
11,62,1,1,1.634253696541,3.08446974554099,0.484381151394424,1
11,63,-1,1,1.47873389519388,2.37379892332054,0.500925500414623,1
11,64,-1,1,1.47873389519388,2.37379892332054,0.444994573210523,1
11,65,-1,1,1.47873389519388,2.37379892332054,0.35955361874714,1
11,66,1,1,1.634253696541,3.08446974554099,0.369976735670064,1
11,67,-1,1,1.47873389519388,2.37379892332054,0.381111857415975,1
11,68,-1,1,1.47873389519388,2.37379892332054,0.885588678009812,1
11,69,1,1,1.634253696541,3.08446974554099,0.391337955813465,1
11,70,1,1,1.634253696541,3.08446974554099,0.431442765224306,1
11,71,-1,1,1.47873389519388,2.37379892332054,0.369529306841289,1
11,72,-1,1,1.47873389519388,2.37379892332054,0.594081007616175,1
11,73,-1,1,1.47873389519388,2.37379892332054,0.800974750870097,1
11,74,1,1,1.634253696541,3.08446974554099,0.425225216727603,1
11,75,-1,1,1.47873389519388,2.37379892332054,0.315018746235217,1
11,76,-1,1,1.47873389519388,2.37379892332054,0.457011229787987,1
11,77,1,1,1.634253696541,3.08446974554099,0.423877490841616,1
11,78,-1,1,1.47873389519388,2.37379892332054,0.730816393754583,1
11,79,-1,1,1.47873389519388,2.37379892332054,0.437453591602757,1
11,80,-1,1,1.47873389519388,2.37379892332054,0.448571789443335,1
11,81,1,1,1.634253696541,3.08446974554099,0.375308449234276,1
11,82,-1,1,1.47873389519388,2.37379892332054,0.425974012727759,1
11,83,-1,1,1.47873389519388,2.37379892332054,0.429039720827896,-1
11,84,1,-1,1.55766241482954,0.507790555862058,0.321762890118368,1
11,85,-1,1,1.47873389519388,2.37379892332054,0.572143393955935,1
11,86,1,1,1.634253696541,3.08446974554099,1.2275695459041,1
11,87,-1,1,1.47873389519388,2.37379892332054,0.516584206273519,1
11,88,1,1,1.634253696541,3.08446974554099,0.813277304132929,1
11,89,-1,1,1.47873389519388,2.37379892332054,0.773195378101401,1
11,90,1,1,1.634253696541,3.08446974554099,0.686976212259707,1
11,91,1,1,1.634253696541,3.08446974554099,0.496515499618503,1
11,92,1,1,1.634253696541,3.08446974554099,0.434223259786497,-1
11,93,-1,-1,1.40943123760601,1.23394077527641,0.725031177368753,-1
11,94,-1,-1,1.40943123760601,1.23394077527641,0.420937489610078,-1
11,95,1,-1,1.55766241482954,0.507790555862058,0.714879808436405,1
11,96,-1,1,1.47873389519388,2.37379892332054,0.681732195345577,1
11,97,1,1,1.634253696541,3.08446974554099,0.413506299144843,1
11,98,-1,1,1.47873389519388,2.37379892332054,0.613718054263032,1
11,99,1,1,1.634253696541,3.08446974554099,0.373556379864679,1
11,100,1,1,1.634253696541,3.08446974554099,0.485506596663841,1
11,101,-1,1,1.47873389519388,2.37379892332054,0.525705337343308,1
12,2,-1,1,2.10521777817642,1.37364426227241,0.39211724323377,1
12,3,-1,1,2.10521777817642,1.37364426227241,0.426425198561228,1
12,4,-1,1,2.10521777817642,1.37364426227241,0.534939002947219,-1
12,5,1,-1,2.21758534023892,1.14120881126975,0.596596647464287,1
12,6,1,1,2.32662546465641,3.3359387942854,0.408714424226214,1
12,7,-1,1,2.10521777817642,1.37364426227241,0.59106731299622,1
12,8,1,1,2.32662546465641,3.3359387942854,0.65649620288893,1
12,9,1,1,2.32662546465641,3.3359387942854,0.424374555663028,1
12,10,-1,1,2.10521777817642,1.37364426227241,0.401608427676215,1
12,11,-1,1,2.10521777817642,1.37364426227241,0.768234344045975,1
12,12,1,1,2.32662546465641,3.3359387942854,0.400434625507139,1
12,13,-1,1,2.10521777817642,1.37364426227241,1.31675268152318,1
12,14,-1,1,2.10521777817642,1.37364426227241,0.825931606934796,1
12,15,-1,1,2.10521777817642,1.37364426227241,1.68888471371777,1
12,16,-1,1,2.10521777817642,1.37364426227241,0.79059271179299,1
12,17,1,1,2.32662546465641,3.3359387942854,0.588302789602729,1
12,18,1,1,2.32662546465641,3.3359387942854,0.513711047898707,1
12,19,-1,1,2.10521777817642,1.37364426227241,0.474153183705639,1
12,20,1,1,2.32662546465641,3.3359387942854,0.77169347599157,1
12,21,1,1,2.32662546465641,3.3359387942854,0.548167907972896,1
12,22,-1,1,2.10521777817642,1.37364426227241,0.883605472219787,1
12,23,-1,1,2.10521777817642,1.37364426227241,0.712374201173264,1
12,24,1,1,2.32662546465641,3.3359387942854,0.483782269100401,1
12,25,-1,1,2.10521777817642,1.37364426227241,1.14597418113087,1
12,26,1,1,2.32662546465641,3.3359387942854,0.498395986614554,1
12,27,1,1,2.32662546465641,3.3359387942854,0.4931393283751,1
12,28,1,1,2.32662546465641,3.3359387942854,0.445525284714384,1
12,29,-1,1,2.10521777817642,1.37364426227241,0.548110971780445,1
12,30,-1,1,2.10521777817642,1.37364426227241,0.496453526547947,1
12,31,1,1,2.32662546465641,3.3359387942854,0.475953149109421,1
12,32,1,1,2.32662546465641,3.3359387942854,0.59256652324472,1
12,33,-1,1,2.10521777817642,1.37364426227241,0.877992743372609,1
12,34,-1,1,2.10521777817642,1.37364426227241,0.60801753962967,1
12,35,-1,1,2.10521777817642,1.37364426227241,1.18674240493525,1
12,36,1,1,2.32662546465641,3.3359387942854,0.428608686281992,1
12,37,1,1,2.32662546465641,3.3359387942854,0.501447088978115,1
12,38,-1,1,2.10521777817642,1.37364426227241,0.71020884031293,1
12,39,-1,1,2.10521777817642,1.37364426227241,0.559681868270462,1
12,40,1,1,2.32662546465641,3.3359387942854,0.374757398108082,1
12,41,1,1,2.32662546465641,3.3359387942854,0.487278286940315,1
12,42,-1,1,2.10521777817642,1.37364426227241,0.474273018393652,1
12,43,1,1,2.32662546465641,3.3359387942854,0.497313517762926,1
12,44,-1,1,2.10521777817642,1.37364426227241,0.653767961666764,1
12,45,-1,1,2.10521777817642,1.37364426227241,0.3613386736731,1
12,46,1,1,2.32662546465641,3.3359387942854,0.449607017795459,1
12,47,1,1,2.32662546465641,3.3359387942854,0.254450252963641,1
12,48,-1,1,2.10521777817642,1.37364426227241,0.425115370934219,1
12,49,1,1,2.32662546465641,3.3359387942854,0.46189180162671,1
12,50,-1,1,2.10521777817642,1.37364426227241,0.624757449087265,1
12,51,1,1,2.32662546465641,3.3359387942854,0.354007374760377,1
12,52,-1,1,2.10521777817642,1.37364426227241,0.357403883087911,1
12,53,1,1,2.32662546465641,3.3359387942854,0.515387139386083,1
12,54,1,1,2.32662546465641,3.3359387942854,0.59867386319265,1
12,55,1,1,2.32662546465641,3.3359387942854,0.83660533485711,1
12,56,-1,1,2.10521777817642,1.37364426227241,0.345009616611198,1
12,57,1,1,2.32662546465641,3.3359387942854,0.712962044886164,1
12,58,1,1,2.32662546465641,3.3359387942854,0.924833861811602,1
12,59,-1,1,2.10521777817642,1.37364426227241,0.415016809113828,-1
12,60,1,-1,2.21758534023892,1.14120881126975,0.753366803988763,1
12,61,1,1,2.32662546465641,3.3359387942854,1,1
12,62,-1,1,2.10521777817642,1.37364426227241,0.75428640524336,1
12,63,-1,1,2.10521777817642,1.37364426227241,2.18474495277137,1
12,64,-1,1,2.10521777817642,1.37364426227241,0.628664407074955,1
12,65,-1,1,2.10521777817642,1.37364426227241,0.98391863927785,1
12,66,-1,1,2.10521777817642,1.37364426227241,0.817910247599902,1
12,67,-1,1,2.10521777817642,1.37364426227241,0.721291598364037,1
12,68,1,1,2.32662546465641,3.3359387942854,0.311353895178242,1
12,69,1,1,2.32662546465641,3.3359387942854,0.677162675467948,1
12,70,1,1,2.32662546465641,3.3359387942854,0.64515159635519,1
12,71,-1,1,2.10521777817642,1.37364426227241,0.362321971904532,1
12,72,-1,1,2.10521777817642,1.37364426227241,1.15959591715954,1
12,73,-1,1,2.10521777817642,1.37364426227241,0.489836061933949,1
12,74,-1,1,2.10521777817642,1.37364426227241,0.42881760762947,1
12,75,1,1,2.32662546465641,3.3359387942854,0.512475580198779,1
12,76,1,1,2.32662546465641,3.3359387942854,0.466545145812116,1
12,77,-1,1,2.10521777817642,1.37364426227241,1.38140574224452,1
12,78,-1,1,2.10521777817642,1.37364426227241,1.42391606230164,1
12,79,-1,1,2.10521777817642,1.37364426227241,0.55332486341164,1
12,80,1,1,2.32662546465641,3.3359387942854,0.468663187490723,1
12,81,1,1,2.32662546465641,3.3359387942854,0.63260656328368,1
12,82,1,1,2.32662546465641,3.3359387942854,1.05291651361864,1
12,83,1,1,2.32662546465641,3.3359387942854,0.604895811227341,1
12,84,-1,1,2.10521777817642,1.37364426227241,0.729635317651817,1
12,85,-1,1,2.10521777817642,1.37364426227241,0.558423027187998,1
12,86,1,1,2.32662546465641,3.3359387942854,0.568946743930615,1
12,87,1,1,2.32662546465641,3.3359387942854,0.549262400147848,1
12,88,-1,1,2.10521777817642,1.37364426227241,0.891913087835156,1
12,89,-1,1,2.10521777817642,1.37364426227241,1.07373685634475,1
12,90,1,1,2.32662546465641,3.3359387942854,0.389508385148612,1
12,91,-1,1,2.10521777817642,1.37364426227241,1.53577169044923,1
12,92,1,1,2.32662546465641,3.3359387942854,0.483410621358687,1
12,93,1,1,2.32662546465641,3.3359387942854,0.493832407407916,1
12,94,1,1,2.32662546465641,3.3359387942854,0.548743495970162,1
12,95,-1,1,2.10521777817642,1.37364426227241,0.949996427190918,1
12,96,1,1,2.32662546465641,3.3359387942854,1.55187940553948,1
12,97,1,1,2.32662546465641,3.3359387942854,0.413620858888067,1
12,98,-1,1,2.10521777817642,1.37364426227241,1.28912889419386,1
12,99,-1,1,2.10521777817642,1.37364426227241,0.756181364167461,1
12,100,1,1,2.32662546465641,3.3359387942854,0.545482268853759,1
12,101,1,1,2.32662546465641,3.3359387942854,0.506061079785426,1
13,2,1,1,1.77908510094657,3.80216556676956,0.59284024014838,1
13,3,1,1,1.77908510094657,3.80216556676956,0.45684453852754,1
13,4,-1,1,1.60978276920674,1.16110583986062,1.01770504422649,1
13,5,1,1,1.77908510094657,3.80216556676956,0.589837468781817,1
13,6,-1,1,1.60978276920674,1.16110583986062,0.781835208225161,1
13,7,1,1,1.77908510094657,3.80216556676956,0.379470875878416,1
13,8,-1,1,1.60978276920674,1.16110583986062,0.582123073145858,1
13,9,-1,1,1.60978276920674,1.16110583986062,0.738602846000008,1
13,10,1,1,1.77908510094657,3.80216556676956,0.555847869727608,1
13,11,1,1,1.77908510094657,3.80216556676956,0.420689132567979,1
13,12,-1,1,1.60978276920674,1.16110583986062,0.636533486884944,1
13,13,-1,1,1.60978276920674,1.16110583986062,0.372681011709595,1
13,14,1,1,1.77908510094657,3.80216556676956,0.524577828481863,1
13,15,1,1,1.77908510094657,3.80216556676956,0.461975911728348,1
13,16,-1,1,1.60978276920674,1.16110583986062,1.73927860965111,1
13,17,1,1,1.77908510094657,3.80216556676956,0.455910184669822,1
13,18,1,1,1.77908510094657,3.80216556676956,0.46837649052396,1
13,19,-1,1,1.60978276920674,1.16110583986062,0.658605067217696,-1
13,20,-1,-1,1.53433834718613,0.465139872402009,0.673689232890361,-1
13,21,-1,-1,1.53433834718613,0.465139872402009,0.509852875575069,1
13,22,1,1,1.77908510094657,3.80216556676956,0.429481191056285,1
13,23,-1,1,1.60978276920674,1.16110583986062,0.680713941118913,1
13,24,-1,1,1.60978276920674,1.16110583986062,0.992048743952549,1
13,25,-1,1,1.60978276920674,1.16110583986062,0.774810425261626,1
13,26,-1,1,1.60978276920674,1.16110583986062,0.546769554596231,-1
13,27,1,-1,1.69570611979837,1.77158872096781,0.451346447351983,1
13,28,-1,1,1.60978276920674,1.16110583986062,0.626732291391624,1
13,29,1,1,1.77908510094657,3.80216556676956,0.402524187957539,1
13,30,1,1,1.77908510094657,3.80216556676956,0.963037937555651,1
13,31,1,1,1.77908510094657,3.80216556676956,0.399288040432928,1
13,32,-1,1,1.60978276920674,1.16110583986062,0.401345929814866,-1
13,33,1,-1,1.69570611979837,1.77158872096781,0.609395330748352,1
13,34,-1,1,1.60978276920674,1.16110583986062,0.95345701378045,1
13,35,1,1,1.77908510094657,3.80216556676956,0.468508463569476,1
13,36,-1,1,1.60978276920674,1.16110583986062,0.475434248152555,1
13,37,1,1,1.77908510094657,3.80216556676956,0.569458567674525,1
13,38,1,1,1.77908510094657,3.80216556676956,0.575308118376477,1
13,39,-1,1,1.60978276920674,1.16110583986062,0.503648385403064,-1
13,40,-1,-1,1.53433834718613,0.465139872402009,0.97147971796669,1
13,41,1,1,1.77908510094657,3.80216556676956,0.347065144296065,1
13,42,-1,1,1.60978276920674,1.16110583986062,1.34993606072467,1
13,43,1,1,1.77908510094657,3.80216556676956,0.492019367369649,1
13,44,1,1,1.77908510094657,3.80216556676956,0.549417332407533,1
13,45,-1,1,1.60978276920674,1.16110583986062,0.588811338441451,1
13,46,-1,1,1.60978276920674,1.16110583986062,0.70303953474079,1
13,47,1,1,1.77908510094657,3.80216556676956,0.636878236306036,1
13,48,-1,1,1.60978276920674,1.16110583986062,0.577830966444989,-1
13,49,-1,-1,1.53433834718613,0.465139872402009,0.548687018760241,-1
13,50,1,-1,1.69570611979837,1.77158872096781,0.420658259374792,1
13,51,1,1,1.77908510094657,3.80216556676956,0.63734030103379,1
13,52,-1,1,1.60978276920674,1.16110583986062,0.632973503677297,1
13,53,-1,1,1.60978276920674,1.16110583986062,0.452575995961775,1
13,54,1,1,1.77908510094657,3.80216556676956,0.361081391898249,1
13,55,-1,1,1.60978276920674,1.16110583986062,0.865790093970767,1
13,56,1,1,1.77908510094657,3.80216556676956,0.346508238863954,1
13,57,1,1,1.77908510094657,3.80216556676956,0.43008145941415,1
13,58,1,1,1.77908510094657,3.80216556676956,0.328986943754546,1
13,59,1,1,1.77908510094657,3.80216556676956,0.342476961405348,1
13,60,-1,1,1.60978276920674,1.16110583986062,0.570132912667228,1
13,61,-1,1,1.60978276920674,1.16110583986062,0.636385880316975,1
13,62,1,1,1.77908510094657,3.80216556676956,0.417354792454291,1
13,63,-1,1,1.60978276920674,1.16110583986062,0.462629924541224,1
13,64,-1,1,1.60978276920674,1.16110583986062,0.361374032629507,-1
13,65,-1,-1,1.53433834718613,0.465139872402009,0.54805360964585,1
13,66,1,1,1.77908510094657,3.80216556676956,0.386664436591146,1
13,67,1,1,1.77908510094657,3.80216556676956,0.497983614487888,1
13,68,1,1,1.77908510094657,3.80216556676956,0.5495679729991,1
13,69,1,1,1.77908510094657,3.80216556676956,0.488744031891425,1
13,70,-1,1,1.60978276920674,1.16110583986062,0.708457167933464,1
13,71,-1,1,1.60978276920674,1.16110583986062,0.906688938338189,1
13,72,-1,1,1.60978276920674,1.16110583986062,0.529475624592024,1
13,73,1,1,1.77908510094657,3.80216556676956,0.324554569855604,1
13,74,1,1,1.77908510094657,3.80216556676956,0.57681665538672,1
13,75,-1,1,1.60978276920674,1.16110583986062,0.768509516914866,1
13,76,-1,1,1.60978276920674,1.16110583986062,1.19350632756311,1
13,77,1,1,1.77908510094657,3.80216556676956,0.426150037135165,1
13,78,1,1,1.77908510094657,3.80216556676956,0.440353466730293,1
13,79,1,1,1.77908510094657,3.80216556676956,0.612289496512565,1
13,80,-1,1,1.60978276920674,1.16110583986062,0.861407117461083,1
13,81,-1,1,1.60978276920674,1.16110583986062,1.18685838286398,1
13,82,1,1,1.77908510094657,3.80216556676956,0.436672310964623,1
13,83,1,1,1.77908510094657,3.80216556676956,0.429833299124706,1
13,84,-1,1,1.60978276920674,1.16110583986062,1.16760014649663,1
13,85,-1,1,1.60978276920674,1.16110583986062,0.40155135049537,1
13,86,-1,1,1.60978276920674,1.16110583986062,0.806465144473344,1
13,87,1,1,1.77908510094657,3.80216556676956,0.65939324002271,1
13,88,1,1,1.77908510094657,3.80216556676956,0.445663309063326,1
13,89,-1,1,1.60978276920674,1.16110583986062,0.453602421648373,1
13,90,-1,1,1.60978276920674,1.16110583986062,0.895073975287614,1
13,91,1,1,1.77908510094657,3.80216556676956,0.534711264771777,1
13,92,-1,1,1.60978276920674,1.16110583986062,0.615196939205648,1
13,93,-1,1,1.60978276920674,1.16110583986062,0.425701517089631,1
13,94,1,1,1.77908510094657,3.80216556676956,0.445622318618917,1
13,95,-1,1,1.60978276920674,1.16110583986062,1.08598248448369,1
13,96,1,1,1.77908510094657,3.80216556676956,0.43789185289187,1
13,97,1,1,1.77908510094657,3.80216556676956,0.354834305766453,1
13,98,1,1,1.77908510094657,3.80216556676956,0.51702455048154,1
13,99,-1,1,1.60978276920674,1.16110583986062,0.443188700530529,1
13,100,1,1,1.77908510094657,3.80216556676956,0.532323307942078,1
13,101,-1,1,1.60978276920674,1.16110583986062,1.19591402060659,1
14,2,1,1,1.66785059300169,3.30733947250408,0.442617899779781,1
14,3,-1,1,1.50913362424139,0.667825416628347,0.318627029398121,-1
14,4,-1,-1,1.4384062464792,0.293669807743023,0.626296727521469,1
14,5,1,1,1.66785059300169,3.30733947250408,0.39815080545489,1
14,6,1,1,1.66785059300169,3.30733947250408,0.38327057044334,1
14,7,-1,1,1.50913362424139,0.667825416628347,1.56134432349004,1
14,8,-1,1,1.50913362424139,0.667825416628347,0.415979846164655,1
14,9,-1,1,1.50913362424139,0.667825416628347,0.394186621243571,-1
14,10,-1,-1,1.4384062464792,0.293669807743023,1.52749444534255,1
14,11,-1,1,1.50913362424139,0.667825416628347,0.798194335283939,1
14,12,1,1,1.66785059300169,3.30733947250408,0.608727963550246,1
14,13,-1,1,1.50913362424139,0.667825416628347,0.783278411345998,1
14,14,1,1,1.66785059300169,3.30733947250408,1.30162385241757,1
14,15,1,1,1.66785059300169,3.30733947250408,0.386574376314631,1
14,16,1,1,1.66785059300169,3.30733947250408,0.47223193742136,1
14,17,-1,1,1.50913362424139,0.667825416628347,0.389847978734896,-1
14,18,1,-1,1.58968475198716,2.93116530312455,0.396256826726771,1
14,19,-1,1,1.50913362424139,0.667825416628347,0.418314336262782,-1
14,20,-1,-1,1.4384062464792,0.293669807743023,1.96589983706496,1
14,21,1,1,1.66785059300169,3.30733947250408,0.651545532722383,1
14,22,1,1,1.66785059300169,3.30733947250408,0.622930286855875,1
14,23,-1,1,1.50913362424139,0.667825416628347,1.85350085378025,1
14,24,1,1,1.66785059300169,3.30733947250408,0.821721742167249,1
14,25,1,1,1.66785059300169,3.30733947250408,0.480930775356822,1
14,26,1,1,1.66785059300169,3.30733947250408,0.662712403558755,1
14,27,1,1,1.66785059300169,3.30733947250408,0.537221690307266,1
14,28,-1,1,1.50913362424139,0.667825416628347,0.854437084084736,1
14,29,-1,1,1.50913362424139,0.667825416628347,0.786756469620744,1
14,30,1,1,1.66785059300169,3.30733947250408,0.321216948640183,1
14,31,-1,1,1.50913362424139,0.667825416628347,2.10964354594328,1
14,32,1,1,1.66785059300169,3.30733947250408,0.441714724219798,1
14,33,-1,1,1.50913362424139,0.667825416628347,0.468619786941759,-1
14,34,1,-1,1.58968475198716,2.93116530312455,0.6639301132461,1
14,35,1,1,1.66785059300169,3.30733947250408,0.474032796946692,1
14,36,-1,1,1.50913362424139,0.667825416628347,0.434272321885416,1
14,37,1,1,1.66785059300169,3.30733947250408,0.82615938881697,1
14,38,-1,1,1.50913362424139,0.667825416628347,2.22977496588236,-1
14,39,1,-1,1.58968475198716,2.93116530312455,0.435594342237524,1
14,40,1,1,1.66785059300169,3.30733947250408,0.44326273219474,1
14,41,-1,1,1.50913362424139,0.667825416628347,0.410372123607214,1
14,42,1,1,1.66785059300169,3.30733947250408,0.404436299931629,1
14,43,-1,1,1.50913362424139,0.667825416628347,0.460121452979329,-1
14,44,1,-1,1.58968475198716,2.93116530312455,0.481293383240077,1
14,45,1,1,1.66785059300169,3.30733947250408,0.549208762784926,1
14,46,1,1,1.66785059300169,3.30733947250408,0.453436500527593,1
14,47,-1,1,1.50913362424139,0.667825416628347,0.885961924148416,-1
14,48,-1,-1,1.4384062464792,0.293669807743023,0.501079493784607,-1
14,49,-1,-1,1.4384062464792,0.293669807743023,0.783992136109734,1
14,50,1,1,1.66785059300169,3.30733947250408,0.617504659604557,1
14,51,1,1,1.66785059300169,3.30733947250408,0.644944673582435,1
14,52,-1,1,1.50913362424139,0.667825416628347,0.583436085251464,1
14,53,1,1,1.66785059300169,3.30733947250408,0.588454881701188,1
14,54,1,1,1.66785059300169,3.30733947250408,0.475720988583624,1
14,55,1,1,1.66785059300169,3.30733947250408,0.325971703106555,1
14,56,1,1,1.66785059300169,3.30733947250408,0.61396401697457,1
14,57,-1,1,1.50913362424139,0.667825416628347,0.560949747885847,1
14,58,1,1,1.66785059300169,3.30733947250408,0.474514502526113,1
14,59,-1,1,1.50913362424139,0.667825416628347,0.563282876936669,-1
14,60,1,-1,1.58968475198716,2.93116530312455,0.337527179653655,1
14,61,1,1,1.66785059300169,3.30733947250408,0.753089141793765,1
14,62,1,1,1.66785059300169,3.30733947250408,0.817551218920128,1
14,63,-1,1,1.50913362424139,0.667825416628347,0.450772408027497,-1
14,64,-1,-1,1.4384062464792,0.293669807743023,0.590367462788957,-1
14,65,-1,-1,1.4384062464792,0.293669807743023,1.03324041180812,-1
14,66,1,-1,1.58968475198716,2.93116530312455,0.491245973459981,1
14,67,-1,1,1.50913362424139,0.667825416628347,1.02401870631178,1
14,68,-1,1,1.50913362424139,0.667825416628347,1.04356988281141,1
14,69,1,1,1.66785059300169,3.30733947250408,0.412389863816435,1
14,70,-1,1,1.50913362424139,0.667825416628347,0.650836957245946,1
14,71,1,1,1.66785059300169,3.30733947250408,0.47162425212781,1
14,72,-1,1,1.50913362424139,0.667825416628347,0.649417649545937,-1
14,73,1,-1,1.58968475198716,2.93116530312455,0.647494695960597,1
14,74,1,1,1.66785059300169,3.30733947250408,0.468466207632052,1
14,75,-1,1,1.50913362424139,0.667825416628347,0.630177944036426,1
14,76,-1,1,1.50913362424139,0.667825416628347,0.740591954355433,1
14,77,1,1,1.66785059300169,3.30733947250408,0.317684869955306,1
14,78,-1,1,1.50913362424139,0.667825416628347,0.431686734272186,1
14,79,1,1,1.66785059300169,3.30733947250408,0.334022786239772,1
14,80,-1,1,1.50913362424139,0.667825416628347,0.432161840684164,1
14,81,-1,1,1.50913362424139,0.667825416628347,2.2584248561161,-1
14,82,-1,-1,1.4384062464792,0.293669807743023,0.728912804026623,1
14,83,1,1,1.66785059300169,3.30733947250408,0.75881917709763,1
14,84,1,1,1.66785059300169,3.30733947250408,0.393144740017435,1
14,85,-1,1,1.50913362424139,0.667825416628347,0.329357886873702,1
14,86,-1,1,1.50913362424139,0.667825416628347,0.529352610878567,1
14,87,1,1,1.66785059300169,3.30733947250408,0.472433607070184,1
14,88,1,1,1.66785059300169,3.30733947250408,0.354136827794846,1
14,89,-1,1,1.50913362424139,0.667825416628347,0.57988717806113,1
14,90,-1,1,1.50913362424139,0.667825416628347,0.610482013729172,1
14,91,-1,1,1.50913362424139,0.667825416628347,0.765940567868151,1
14,92,1,1,1.66785059300169,3.30733947250408,0.422055292071393,1
14,93,-1,1,1.50913362424139,0.667825416628347,0.97588989206234,1
14,94,-1,1,1.50913362424139,0.667825416628347,0.495674762905044,-1
14,95,-1,-1,1.4384062464792,0.293669807743023,0.32477570502738,1
14,96,1,1,1.66785059300169,3.30733947250408,0.394554808193592,1
14,97,1,1,1.66785059300169,3.30733947250408,0.558099562222152,1
14,98,-1,1,1.50913362424139,0.667825416628347,0.436599411966252,1
14,99,-1,1,1.50913362424139,0.667825416628347,1.01417459317643,-1
14,100,-1,-1,1.4384062464792,0.293669807743023,0.419755276774592,1
14,101,1,1,1.66785059300169,3.30733947250408,0.445970940331885,1
15,2,-1,1,1.96013405717891,1.85120551582431,0.470320386440507,1
15,3,1,1,2.16628315552376,2.51079542616765,0.694057380252372,1
15,4,-1,1,1.96013405717891,1.85120551582431,0.381987074351414,1
15,5,-1,1,1.96013405717891,1.85120551582431,0.619576745205978,-1
15,6,1,-1,2.06475766790657,2.31532284418766,0.585500952438542,1
15,7,1,1,2.16628315552376,2.51079542616765,0.54458125262649,1
15,8,1,1,2.16628315552376,2.51079542616765,1.06828094598153,1
15,9,-1,1,1.96013405717891,1.85120551582431,1.19149526779962,1
15,10,-1,1,1.96013405717891,1.85120551582431,2.05737228751562,1
15,11,1,1,2.16628315552376,2.51079542616765,0.824762144671047,1
15,12,-1,1,1.96013405717891,1.85120551582431,0.844554006537979,1
15,13,1,1,2.16628315552376,2.51079542616765,0.667381182885527,1
15,14,-1,1,1.96013405717891,1.85120551582431,0.95370856210894,1
15,15,-1,1,1.96013405717891,1.85120551582431,0.661314110820844,1
15,16,1,1,2.16628315552376,2.51079542616765,0.617432003755648,1
15,17,-1,1,1.96013405717891,1.85120551582431,0.661379199408004,1
15,18,1,1,2.16628315552376,2.51079542616765,0.551474517997106,1
15,19,-1,1,1.96013405717891,1.85120551582431,0.467774831365724,1
15,20,-1,1,1.96013405717891,1.85120551582431,0.367608172977951,1
15,21,-1,1,1.96013405717891,1.85120551582431,0.617751690484836,1
15,22,-1,1,1.96013405717891,1.85120551582431,0.45926253347075,1
15,23,1,1,2.16628315552376,2.51079542616765,0.457866822347775,1
15,24,-1,1,1.96013405717891,1.85120551582431,0.861546274360293,1
15,25,1,1,2.16628315552376,2.51079542616765,0.577575650359445,1
15,26,1,1,2.16628315552376,2.51079542616765,0.483575929388401,1
15,27,-1,1,1.96013405717891,1.85120551582431,0.398861463842461,1
15,28,-1,1,1.96013405717891,1.85120551582431,1.1768517004673,1
15,29,-1,1,1.96013405717891,1.85120551582431,0.574738727179541,1
15,30,1,1,2.16628315552376,2.51079542616765,0.473466835768941,1
15,31,-1,1,1.96013405717891,1.85120551582431,0.534161535999563,1
15,32,-1,1,1.96013405717891,1.85120551582431,2.28763461540331,1
15,33,1,1,2.16628315552376,2.51079542616765,0.500511526768892,1
15,34,-1,1,1.96013405717891,1.85120551582431,0.558987353928654,1
15,35,-1,1,1.96013405717891,1.85120551582431,0.885328211623776,1
15,36,1,1,2.16628315552376,2.51079542616765,0.814065772245313,1
15,37,1,1,2.16628315552376,2.51079542616765,0.545983871738867,1
15,38,-1,1,1.96013405717891,1.85120551582431,0.45114606270696,1
15,39,1,1,2.16628315552376,2.51079542616765,0.739318412250847,1
15,40,1,1,2.16628315552376,2.51079542616765,0.419827483228521,1
15,41,1,1,2.16628315552376,2.51079542616765,0.31412700940945,1
15,42,-1,1,1.96013405717891,1.85120551582431,0.401983944803045,1
15,43,1,1,2.16628315552376,2.51079542616765,0.872810239217804,1
15,44,1,1,2.16628315552376,2.51079542616765,0.779495723834111,1
15,45,1,1,2.16628315552376,2.51079542616765,1.22926438002319,1
15,46,-1,1,1.96013405717891,1.85120551582431,0.879365077516406,1
15,47,-1,1,1.96013405717891,1.85120551582431,0.465641195967263,1
15,48,-1,1,1.96013405717891,1.85120551582431,0.323659427649926,1
15,49,-1,1,1.96013405717891,1.85120551582431,0.596116611257153,1
15,50,1,1,2.16628315552376,2.51079542616765,0.384444519535669,1
15,51,-1,1,1.96013405717891,1.85120551582431,3.43862041491694,1
15,52,1,1,2.16628315552376,2.51079542616765,0.7785288496251,1
15,53,-1,1,1.96013405717891,1.85120551582431,0.462759216490929,1
15,54,1,1,2.16628315552376,2.51079542616765,0.639019575864996,1
15,55,1,1,2.16628315552376,2.51079542616765,0.472255323572528,1
15,56,-1,1,1.96013405717891,1.85120551582431,1.32699265848328,-1
15,57,-1,-1,1.86826999709853,0.52267621382038,0.439728346486572,1
15,58,1,1,2.16628315552376,2.51079542616765,0.81295686954264,1
15,59,-1,1,1.96013405717891,1.85120551582431,0.432918102937212,1
15,60,1,1,2.16628315552376,2.51079542616765,0.527118510780188,1
15,61,-1,1,1.96013405717891,1.85120551582431,0.630983327015571,1
15,62,-1,1,1.96013405717891,1.85120551582431,0.441186510953347,1
15,63,1,1,2.16628315552376,2.51079542616765,1.6319606775114,1
15,64,-1,1,1.96013405717891,1.85120551582431,1.56708516799852,1
15,65,-1,1,1.96013405717891,1.85120551582431,0.494239069266174,1
15,66,1,1,2.16628315552376,2.51079542616765,0.424312170170625,1
15,67,1,1,2.16628315552376,2.51079542616765,0.697984200635825,1
15,68,-1,1,1.96013405717891,1.85120551582431,0.509250273949136,1
15,69,1,1,2.16628315552376,2.51079542616765,0.652894461712322,1
15,70,1,1,2.16628315552376,2.51079542616765,0.672224098429275,1
15,71,1,1,2.16628315552376,2.51079542616765,0.494122364530549,1
15,72,1,1,2.16628315552376,2.51079542616765,0.71518361131041,1
15,73,1,1,2.16628315552376,2.51079542616765,0.850069480894512,1
15,74,-1,1,1.96013405717891,1.85120551582431,0.593600140279953,1
15,75,1,1,2.16628315552376,2.51079542616765,0.885550819015288,1
15,76,1,1,2.16628315552376,2.51079542616765,0.660377333045676,1
15,77,-1,1,1.96013405717891,1.85120551582431,0.948295530931869,1
15,78,1,1,2.16628315552376,2.51079542616765,0.590643391082165,1
15,79,-1,1,1.96013405717891,1.85120551582431,0.421137948998898,1
15,80,1,1,2.16628315552376,2.51079542616765,0.328261900866373,1
15,81,1,1,2.16628315552376,2.51079542616765,0.643107569456994,1
15,82,-1,1,1.96013405717891,1.85120551582431,0.543553876242922,1
15,83,-1,1,1.96013405717891,1.85120551582431,0.452873713581006,1
15,84,1,1,2.16628315552376,2.51079542616765,0.861362080914372,1
15,85,-1,1,1.96013405717891,1.85120551582431,0.374168724872545,1
15,86,1,1,2.16628315552376,2.51079542616765,0.463170828755772,1
15,87,1,1,2.16628315552376,2.51079542616765,0.478782342574752,1
15,88,-1,1,1.96013405717891,1.85120551582431,0.534997324769244,1
15,89,1,1,2.16628315552376,2.51079542616765,0.678304532743305,1
15,90,1,1,2.16628315552376,2.51079542616765,0.608702189341348,1
15,91,1,1,2.16628315552376,2.51079542616765,0.979869838437277,1
15,92,-1,1,1.96013405717891,1.85120551582431,0.496164819920718,1
15,93,1,1,2.16628315552376,2.51079542616765,1.03002758110738,1
15,94,-1,1,1.96013405717891,1.85120551582431,1.3306343639003,1
15,95,1,1,2.16628315552376,2.51079542616765,0.522552757664095,1
15,96,1,1,2.16628315552376,2.51079542616765,0.642510700513637,1
15,97,-1,1,1.96013405717891,1.85120551582431,0.463473350408184,1
15,98,-1,1,1.96013405717891,1.85120551582431,1.04965754974181,1
15,99,-1,1,1.96013405717891,1.85120551582431,1.70130075457464,1
15,100,-1,1,1.96013405717891,1.85120551582431,0.467459520746533,1
15,101,1,1,2.16628315552376,2.51079542616765,2.25229873120468,1
16,2,1,1,2.2452306849798,2.75391181897649,0.500814071940335,1
16,3,-1,1,2.03156873589223,2.43343135187513,0.445742940098691,1
16,4,-1,1,2.03156873589223,2.43343135187513,2.43185385451005,1
16,5,-1,1,2.03156873589223,2.43343135187513,0.653906769575691,1
16,6,-1,1,2.03156873589223,2.43343135187513,0.627242591550309,1
16,7,1,1,2.2452306849798,2.75391181897649,0.508000136372258,1
16,8,-1,1,2.03156873589223,2.43343135187513,0.559184463418028,1
16,9,-1,1,2.03156873589223,2.43343135187513,0.450759167076277,1
16,10,-1,1,2.03156873589223,2.43343135187513,0.786622997366489,1
16,11,-1,1,2.03156873589223,2.43343135187513,0.556698298100564,1
16,12,1,1,2.2452306849798,2.75391181897649,0.435576703970917,1
16,13,-1,1,2.03156873589223,2.43343135187513,0.51107452060579,1
16,14,-1,1,2.03156873589223,2.43343135187513,1.23334898686125,1
16,15,-1,1,2.03156873589223,2.43343135187513,0.472126467256202,1
16,16,1,1,2.2452306849798,2.75391181897649,0.713833440210784,1
16,17,-1,1,2.03156873589223,2.43343135187513,0.583140804115604,1
16,18,1,1,2.2452306849798,2.75391181897649,0.563351612006599,1
16,19,-1,1,2.03156873589223,2.43343135187513,0.653461396179476,1
16,20,1,1,2.2452306849798,2.75391181897649,0.559692023398885,1
16,21,1,1,2.2452306849798,2.75391181897649,0.950815044681195,1
16,22,-1,1,2.03156873589223,2.43343135187513,0.411560057291999,1
16,23,1,1,2.2452306849798,2.75391181897649,0.902745478529743,1
16,24,-1,1,2.03156873589223,2.43343135187513,0.512007269808163,1
16,25,-1,1,2.03156873589223,2.43343135187513,0.551865978691289,1
16,26,-1,1,2.03156873589223,2.43343135187513,0.778889786720109,1
16,27,1,1,2.2452306849798,2.75391181897649,0.635176250221451,1
16,28,1,1,2.2452306849798,2.75391181897649,0.429686233792788,1
16,29,-1,1,2.03156873589223,2.43343135187513,0.596109206439068,1
16,30,1,1,2.2452306849798,2.75391181897649,0.706428172518551,1
16,31,1,1,2.2452306849798,2.75391181897649,0.376159664234886,1
16,32,1,1,2.2452306849798,2.75391181897649,0.689174836266323,1
16,33,1,1,2.2452306849798,2.75391181897649,0.382344201258592,1
16,34,-1,1,2.03156873589223,2.43343135187513,1.54666630803531,1
16,35,-1,1,2.03156873589223,2.43343135187513,0.95690415969626,1
16,36,1,1,2.2452306849798,2.75391181897649,0.578423204335537,1
16,37,1,1,2.2452306849798,2.75391181897649,1.32773166695087,1
16,38,-1,1,2.03156873589223,2.43343135187513,0.766921782780791,1
16,39,1,1,2.2452306849798,2.75391181897649,0.317861811307395,1
16,40,1,1,2.2452306849798,2.75391181897649,0.62845815849832,1
16,41,1,1,2.2452306849798,2.75391181897649,2.3511434677481,1
16,42,-1,1,2.03156873589223,2.43343135187513,0.760759215022683,1
16,43,-1,1,2.03156873589223,2.43343135187513,0.940383654345138,1
16,44,1,1,2.2452306849798,2.75391181897649,1.09770004561208,1
16,45,-1,1,2.03156873589223,2.43343135187513,0.719191296753962,1
16,46,1,1,2.2452306849798,2.75391181897649,0.745119627869163,1
16,47,1,1,2.2452306849798,2.75391181897649,0.627363937386768,1
16,48,-1,1,2.03156873589223,2.43343135187513,0.448785518783505,1
16,49,1,1,2.2452306849798,2.75391181897649,0.627509098047566,1
16,50,-1,1,2.03156873589223,2.43343135187513,0.506116881101009,1
16,51,-1,1,2.03156873589223,2.43343135187513,0.493704916040483,1
16,52,1,1,2.2452306849798,2.75391181897649,0.673238692302977,1
16,53,1,1,2.2452306849798,2.75391181897649,0.571088711693495,1
16,54,-1,1,2.03156873589223,2.43343135187513,0.558433185424168,1
16,55,-1,1,2.03156873589223,2.43343135187513,0.568772751266039,1
16,56,1,1,2.2452306849798,2.75391181897649,0.9967989177452,1
16,57,-1,1,2.03156873589223,2.43343135187513,0.508573836184378,1
16,58,-1,1,2.03156873589223,2.43343135187513,0.620094240846103,1
16,59,-1,1,2.03156873589223,2.43343135187513,0.419813177379776,1
16,60,1,1,2.2452306849798,2.75391181897649,0.509681445354838,1
16,61,1,1,2.2452306849798,2.75391181897649,0.50877016882871,1
16,62,1,1,2.2452306849798,2.75391181897649,0.557424697522295,1
16,63,-1,1,2.03156873589223,2.43343135187513,0.558177233705495,1
16,64,1,1,2.2452306849798,2.75391181897649,0.68142432656341,1
16,65,1,1,2.2452306849798,2.75391181897649,0.733924473604443,1
16,66,1,1,2.2452306849798,2.75391181897649,0.656944565013207,1
16,67,-1,1,2.03156873589223,2.43343135187513,0.525794143783205,1
16,68,1,1,2.2452306849798,2.75391181897649,1.46470273658367,-1
16,69,1,-1,2.14000522563742,0.968472297462244,1.40196942441448,-1
16,70,1,-1,2.14000522563742,0.968472297462244,0.430984069363763,1
16,71,-1,1,2.03156873589223,2.43343135187513,0.422627518360075,1
16,72,-1,1,2.03156873589223,2.43343135187513,0.764338842982237,1
16,73,-1,1,2.03156873589223,2.43343135187513,0.789492456915703,1
16,74,-1,1,2.03156873589223,2.43343135187513,0.444920876044689,1
16,75,1,1,2.2452306849798,2.75391181897649,0.643838359797488,1
16,76,1,1,2.2452306849798,2.75391181897649,0.58792663690112,1
16,77,-1,1,2.03156873589223,2.43343135187513,0.61483839573974,1
16,78,1,1,2.2452306849798,2.75391181897649,0.449583522766568,1
16,79,1,1,2.2452306849798,2.75391181897649,0.577322517004353,1
16,80,-1,1,2.03156873589223,2.43343135187513,0.512293338613168,1
16,81,1,1,2.2452306849798,2.75391181897649,0.408193639482073,1
16,82,1,1,2.2452306849798,2.75391181897649,0.663851531575317,1
16,83,-1,1,2.03156873589223,2.43343135187513,0.562911101739602,1
16,84,-1,1,2.03156873589223,2.43343135187513,0.546249904817248,1
16,85,1,1,2.2452306849798,2.75391181897649,0.64992509202296,1
16,86,1,1,2.2452306849798,2.75391181897649,0.498407425739982,1
16,87,-1,1,2.03156873589223,2.43343135187513,0.559467819538502,1
16,88,-1,1,2.03156873589223,2.43343135187513,1.95979607695677,1
16,89,1,1,2.2452306849798,2.75391181897649,0.634895185948847,1
16,90,1,1,2.2452306849798,2.75391181897649,0.641088512521277,1
16,91,1,1,2.2452306849798,2.75391181897649,0.61348666373269,1
16,92,-1,1,2.03156873589223,2.43343135187513,0.749788273933602,1
16,93,-1,1,2.03156873589223,2.43343135187513,0.323296241659429,1
16,94,-1,1,2.03156873589223,2.43343135187513,0.745305064923379,1
16,95,1,1,2.2452306849798,2.75391181897649,0.378245518062202,1
16,96,-1,1,2.03156873589223,2.43343135187513,0.654835521694011,1
16,97,-1,1,2.03156873589223,2.43343135187513,0.606337056731315,1
16,98,-1,1,2.03156873589223,2.43343135187513,0.468051388276911,1
16,99,1,1,2.2452306849798,2.75391181897649,0.63481175248373,1
16,100,1,1,2.2452306849798,2.75391181897649,0.412307511851391,1
16,101,1,1,2.2452306849798,2.75391181897649,0.583592857558308,1
17,2,-1,1,1.60418636705341,0.86707195107489,1.56831778593108,-1
17,3,-1,-1,1.52900422720773,0.29902134133734,1.55893149335342,-1
17,4,-1,-1,1.52900422720773,0.29902134133734,0.364595198967199,-1
17,5,-1,-1,1.52900422720773,0.29902134133734,0.849702737995404,1
17,6,-1,1,1.60418636705341,0.86707195107489,0.656014513936147,-1
17,7,1,-1,1.68981100552471,2.30900807126267,0.804569708910691,1
17,8,-1,1,1.60418636705341,0.86707195107489,0.477016040743748,1
17,9,-1,1,1.60418636705341,0.86707195107489,0.874401293656119,1
17,10,-1,1,1.60418636705341,0.86707195107489,0.308020589152261,1
17,11,1,1,1.77290012004086,3.7248986363251,0.445365932506457,1
17,12,1,1,1.77290012004086,3.7248986363251,0.846228539174194,1
17,13,1,1,1.77290012004086,3.7248986363251,0.444881908264487,1
17,14,-1,1,1.60418636705341,0.86707195107489,0.60402660463984,1
17,15,1,1,1.77290012004086,3.7248986363251,0.394585585265376,1
17,16,1,1,1.77290012004086,3.7248986363251,0.853088863819034,1
17,17,-1,1,1.60418636705341,0.86707195107489,0.3123009996251,1
17,18,1,1,1.77290012004086,3.7248986363251,0.403403607917578,1
17,19,1,1,1.77290012004086,3.7248986363251,0.474128947980942,1
17,20,1,1,1.77290012004086,3.7248986363251,0.536138910201963,1
17,21,-1,1,1.60418636705341,0.86707195107489,0.38660404549415,1
17,22,-1,1,1.60418636705341,0.86707195107489,0.577959916009439,1
17,23,-1,1,1.60418636705341,0.86707195107489,0.540712663203842,1
17,24,1,1,1.77290012004086,3.7248986363251,0.646881128594644,1
17,25,1,1,1.77290012004086,3.7248986363251,0.39785834920638,1
17,26,-1,1,1.60418636705341,0.86707195107489,0.557897487045062,-1
17,27,1,-1,1.68981100552471,2.30900807126267,0.343517769188252,1
17,28,1,1,1.77290012004086,3.7248986363251,0.44018740491244,1
17,29,-1,1,1.60418636705341,0.86707195107489,0.653835417194104,1
17,30,1,1,1.77290012004086,3.7248986363251,0.41502408724163,1
17,31,-1,1,1.60418636705341,0.86707195107489,0.502349897857482,1
17,32,-1,1,1.60418636705341,0.86707195107489,0.413587401371507,1
17,33,-1,1,1.60418636705341,0.86707195107489,0.509972063219807,1
17,34,1,1,1.77290012004086,3.7248986363251,0.37955517015602,1
17,35,-1,1,1.60418636705341,0.86707195107489,0.787446272832116,1
17,36,-1,1,1.60418636705341,0.86707195107489,0.950241120116184,1
17,37,-1,1,1.60418636705341,0.86707195107489,0.425861682068131,1
17,38,1,1,1.77290012004086,3.7248986363251,0.445711507009749,1
17,39,1,1,1.77290012004086,3.7248986363251,0.353266088016478,1
17,40,-1,1,1.60418636705341,0.86707195107489,1.33466791173168,1
17,41,-1,1,1.60418636705341,0.86707195107489,0.717615157557793,1
17,42,1,1,1.77290012004086,3.7248986363251,0.470799006136807,1
17,43,1,1,1.77290012004086,3.7248986363251,0.390020803679255,1
17,44,1,1,1.77290012004086,3.7248986363251,0.421598637750259,1
17,45,1,1,1.77290012004086,3.7248986363251,0.310779034573021,1
17,46,-1,1,1.60418636705341,0.86707195107489,0.434277428865318,1
17,47,1,1,1.77290012004086,3.7248986363251,0.447879793137193,1
17,48,-1,1,1.60418636705341,0.86707195107489,0.603354668170516,1
17,49,1,1,1.77290012004086,3.7248986363251,0.441165193862848,1
17,50,1,1,1.77290012004086,3.7248986363251,0.375878796880152,1
17,51,1,1,1.77290012004086,3.7248986363251,0.581905403425654,1
17,52,-1,1,1.60418636705341,0.86707195107489,1.5782628156497,-1
17,53,1,-1,1.68981100552471,2.30900807126267,0.432052171904393,1
17,54,1,1,1.77290012004086,3.7248986363251,0.470735771259736,1
17,55,-1,1,1.60418636705341,0.86707195107489,0.613575551876471,1
17,56,-1,1,1.60418636705341,0.86707195107489,0.995982260386849,1
17,57,-1,1,1.60418636705341,0.86707195107489,0.580758713218662,1
17,58,1,1,1.77290012004086,3.7248986363251,0.493761802921017,1
17,59,1,1,1.77290012004086,3.7248986363251,0.296572100029658,1
17,60,1,1,1.77290012004086,3.7248986363251,0.492273465819275,1
17,61,-1,1,1.60418636705341,0.86707195107489,1.08317583799514,-1
17,62,1,-1,1.68981100552471,2.30900807126267,0.522246337951265,1
17,63,-1,1,1.60418636705341,0.86707195107489,0.654117018878544,1
17,64,1,1,1.77290012004086,3.7248986363251,0.374366330620759,1
17,65,1,1,1.77290012004086,3.7248986363251,0.358211290845058,1
17,66,-1,1,1.60418636705341,0.86707195107489,1.8851849595429,1
17,67,-1,1,1.60418636705341,0.86707195107489,0.465193002183289,-1
17,68,-1,-1,1.52900422720773,0.29902134133734,0.374937473152098,1
17,69,1,1,1.77290012004086,3.7248986363251,0.429921571619419,1
17,70,-1,1,1.60418636705341,0.86707195107489,1.02177699330634,1
17,71,1,1,1.77290012004086,3.7248986363251,0.2671779434173,1
17,72,1,1,1.77290012004086,3.7248986363251,0.32353636819173,1
17,73,-1,1,1.60418636705341,0.86707195107489,1.49345559232465,-1
17,74,-1,-1,1.52900422720773,0.29902134133734,0.447785671391597,1
17,75,-1,1,1.60418636705341,0.86707195107489,2.16782730835596,1
17,76,1,1,1.77290012004086,3.7248986363251,0.448457164858557,1
17,77,1,1,1.77290012004086,3.7248986363251,0.520038624249769,1
17,78,1,1,1.77290012004086,3.7248986363251,0.353573400793481,1
17,79,-1,1,1.60418636705341,0.86707195107489,0.463205148883826,1
17,80,-1,1,1.60418636705341,0.86707195107489,0.35238764781462,1
17,81,1,1,1.77290012004086,3.7248986363251,0.325760543395774,1
17,82,1,1,1.77290012004086,3.7248986363251,0.466172956618445,1
17,83,-1,1,1.60418636705341,0.86707195107489,0.582268867468857,1
17,84,1,1,1.77290012004086,3.7248986363251,0.348750214607732,1
17,85,1,1,1.77290012004086,3.7248986363251,0.299192257948889,1
17,86,-1,1,1.60418636705341,0.86707195107489,1.10072782802454,1
17,87,-1,1,1.60418636705341,0.86707195107489,0.426540759286973,1
17,88,1,1,1.77290012004086,3.7248986363251,0.347452094104197,1
17,89,-1,1,1.60418636705341,0.86707195107489,1.88201816016813,1
17,90,1,1,1.77290012004086,3.7248986363251,0.510841137059061,1
17,91,1,1,1.77290012004086,3.7248986363251,0.375511010617836,1
17,92,-1,1,1.60418636705341,0.86707195107489,0.453313146340686,-1
17,93,-1,-1,1.52900422720773,0.29902134133734,0.716285102273584,1
17,94,1,1,1.77290012004086,3.7248986363251,0.349715164041991,1
17,95,-1,1,1.60418636705341,0.86707195107489,0.99670627980413,1
17,96,1,1,1.77290012004086,3.7248986363251,0.297355075108035,1
17,97,1,1,1.77290012004086,3.7248986363251,0.398366297728457,1
17,98,-1,1,1.60418636705341,0.86707195107489,0.465338104224168,1
17,99,-1,1,1.60418636705341,0.86707195107489,0.887332237613844,1
17,100,1,1,1.77290012004086,3.7248986363251,0.479796186294417,1
17,101,-1,1,1.60418636705341,0.86707195107489,0.651064645082614,1
18,2,-1,1,1.451039839616,1.44346034872483,0.35197046905732,1
18,3,-1,1,1.451039839616,1.44346034872483,0.371388795098844,1
18,4,1,1,1.60364703171276,2.62273432736273,0.873407784124285,1
18,5,-1,1,1.451039839616,1.44346034872483,0.449563202801691,1
18,6,1,1,1.60364703171276,2.62273432736273,0.481065200947595,1
18,7,-1,1,1.451039839616,1.44346034872483,0.455157931032299,-1
18,8,-1,-1,1.38303509753354,0.673860643836266,0.736716562012168,1
18,9,-1,1,1.451039839616,1.44346034872483,0.857581829512539,1
18,10,-1,1,1.451039839616,1.44346034872483,0.371926797043545,1
18,11,-1,1,1.451039839616,1.44346034872483,0.45722579151577,1
18,12,-1,1,1.451039839616,1.44346034872483,1.01015976867614,-1
18,13,-1,-1,1.38303509753354,0.673860643836266,0.633166283626032,-1
18,14,-1,-1,1.38303509753354,0.673860643836266,0.373120031801865,1
18,15,1,1,1.60364703171276,2.62273432736273,0.605619446258823,1
18,16,-1,1,1.451039839616,1.44346034872483,0.280114414338757,1
18,17,1,1,1.60364703171276,2.62273432736273,0.466554506916388,1
18,18,1,1,1.60364703171276,2.62273432736273,0.50963642503384,1
18,19,1,1,1.60364703171276,2.62273432736273,0.475454424785319,1
18,20,-1,1,1.451039839616,1.44346034872483,0.45532598003158,1
18,21,1,1,1.60364703171276,2.62273432736273,0.400015029649392,1
18,22,-1,1,1.451039839616,1.44346034872483,0.644355365133054,1
18,23,1,1,1.60364703171276,2.62273432736273,0.557029331844006,1
18,24,1,1,1.60364703171276,2.62273432736273,0.351956604969027,1
18,25,1,1,1.60364703171276,2.62273432736273,0.436517662331542,1
18,26,1,1,1.60364703171276,2.62273432736273,0.465902192573477,1
18,27,-1,1,1.451039839616,1.44346034872483,0.496628026879375,1
18,28,-1,1,1.451039839616,1.44346034872483,0.438023992633275,1
18,29,1,1,1.60364703171276,2.62273432736273,0.283382960243593,1
18,30,1,1,1.60364703171276,2.62273432736273,0.604660363132156,1
18,31,1,1,1.60364703171276,2.62273432736273,0.760189958667879,1
18,32,1,1,1.60364703171276,2.62273432736273,0.389285913489885,1
18,33,1,1,1.60364703171276,2.62273432736273,0.402524406396765,1
18,34,1,1,1.60364703171276,2.62273432736273,0.571913729066653,1
18,35,-1,1,1.451039839616,1.44346034872483,0.804632005769229,1
18,36,-1,1,1.451039839616,1.44346034872483,0.61820919873312,-1
18,37,1,-1,1.52849016847198,2.45994468007617,0.634202776405457,-1
18,38,1,-1,1.52849016847198,2.45994468007617,0.612818123370008,1
18,39,1,1,1.60364703171276,2.62273432736273,0.382184145997096,1
18,40,-1,1,1.451039839616,1.44346034872483,0.341285098298196,1
18,41,1,1,1.60364703171276,2.62273432736273,0.989793291414033,1
18,42,-1,1,1.451039839616,1.44346034872483,0.383636860640831,1
18,43,-1,1,1.451039839616,1.44346034872483,0.863149504291936,1
18,44,1,1,1.60364703171276,2.62273432736273,0.461698848106193,1
18,45,1,1,1.60364703171276,2.62273432736273,0.364033357923324,1
18,46,-1,1,1.451039839616,1.44346034872483,0.620734750058565,1
18,47,-1,1,1.451039839616,1.44346034872483,0.360921705755006,1
18,48,-1,1,1.451039839616,1.44346034872483,1.47895107590122,1
18,49,-1,1,1.451039839616,1.44346034872483,0.501780281191604,1
18,50,-1,1,1.451039839616,1.44346034872483,0.463743413640093,1
18,51,-1,1,1.451039839616,1.44346034872483,0.666524680791941,1
18,52,1,1,1.60364703171276,2.62273432736273,0.974000604622105,1
18,53,-1,1,1.451039839616,1.44346034872483,0.798002136158221,1
18,54,-1,1,1.451039839616,1.44346034872483,0.610964399177012,1
18,55,-1,1,1.451039839616,1.44346034872483,0.520578393481426,1
18,56,1,1,1.60364703171276,2.62273432736273,0.652054201478693,1
18,57,1,1,1.60364703171276,2.62273432736273,0.345227044154246,1
18,58,1,1,1.60364703171276,2.62273432736273,0.442160978992867,1
18,59,-1,1,1.451039839616,1.44346034872483,0.370153858548037,1
18,60,1,1,1.60364703171276,2.62273432736273,0.739526607668479,1
18,61,1,1,1.60364703171276,2.62273432736273,0.482860365908892,1
18,62,1,1,1.60364703171276,2.62273432736273,0.615984838830443,1
18,63,1,1,1.60364703171276,2.62273432736273,0.557284010391902,1
18,64,-1,1,1.451039839616,1.44346034872483,0.607487864744715,1
18,65,1,1,1.60364703171276,2.62273432736273,0.591071055838149,1
18,66,-1,1,1.451039839616,1.44346034872483,0.36723790184215,1
18,67,1,1,1.60364703171276,2.62273432736273,0.417814319138383,1
18,68,1,1,1.60364703171276,2.62273432736273,0.303710785953859,1
18,69,-1,1,1.451039839616,1.44346034872483,0.465873793909964,1
18,70,1,1,1.60364703171276,2.62273432736273,0.596136480815982,1
18,71,-1,1,1.451039839616,1.44346034872483,0.434770870086117,1
18,72,-1,1,1.451039839616,1.44346034872483,0.57880475245313,1
18,73,-1,1,1.451039839616,1.44346034872483,0.378762732318839,1
18,74,-1,1,1.451039839616,1.44346034872483,0.390411882465358,-1
18,75,1,-1,1.52849016847198,2.45994468007617,0.847686301620491,1
18,76,1,1,1.60364703171276,2.62273432736273,1.01985527099073,1
18,77,1,1,1.60364703171276,2.62273432736273,0.440307501469513,1
18,78,1,1,1.60364703171276,2.62273432736273,0.397514394214049,1
18,79,-1,1,1.451039839616,1.44346034872483,0.399985141912616,1
18,80,1,1,1.60364703171276,2.62273432736273,0.385015755368353,1
18,81,-1,1,1.451039839616,1.44346034872483,0.590206080998301,1
18,82,-1,1,1.451039839616,1.44346034872483,0.433569438206839,1
18,83,1,1,1.60364703171276,2.62273432736273,0.854632804903011,1
18,84,1,1,1.60364703171276,2.62273432736273,0.598377077235007,1
18,85,1,1,1.60364703171276,2.62273432736273,0.315356065938456,1
18,86,-1,1,1.451039839616,1.44346034872483,0.839797265605037,1
18,87,-1,1,1.451039839616,1.44346034872483,1.04151659131562,1
18,88,-1,1,1.451039839616,1.44346034872483,0.448850053715963,1
18,89,1,1,1.60364703171276,2.62273432736273,0.383279006584987,1
18,90,1,1,1.60364703171276,2.62273432736273,0.744567906933856,1
18,91,1,1,1.60364703171276,2.62273432736273,0.566392674431589,1
18,92,-1,1,1.451039839616,1.44346034872483,0.607642694936836,1
18,93,-1,1,1.451039839616,1.44346034872483,0.660736041561077,1
18,94,1,1,1.60364703171276,2.62273432736273,0.965769989102211,1
18,95,-1,1,1.451039839616,1.44346034872483,0.508788023437625,1
18,96,-1,1,1.451039839616,1.44346034872483,0.38129287339867,-1
18,97,-1,-1,1.38303509753354,0.673860643836266,0.387261700182221,-1
18,98,1,-1,1.52849016847198,2.45994468007617,0.544172528174252,1
18,99,1,1,1.60364703171276,2.62273432736273,0.377452799864737,1
18,100,-1,1,1.451039839616,1.44346034872483,0.503592911541224,1
18,101,1,1,1.60364703171276,2.62273432736273,0.424682371659967,1
19,2,-1,1,1.77952205584812,1.10943221365039,1.67714518163303,-1
19,3,-1,-1,1.69612259627846,1.02075968611293,0.385196237031175,1
19,4,1,1,1.96667602419753,4.13696408327272,0.417060651370255,1
19,5,-1,1,1.77952205584812,1.10943221365039,0.357299061371125,1
19,6,1,1,1.96667602419753,4.13696408327272,0.312697422321517,1
19,7,1,1,1.96667602419753,4.13696408327272,0.689601586280519,1
19,8,-1,1,1.77952205584812,1.10943221365039,0.402947091439915,1
19,9,1,1,1.96667602419753,4.13696408327272,0.48629162239991,1
19,10,-1,1,1.77952205584812,1.10943221365039,0.490403927557871,1
19,11,1,1,1.96667602419753,4.13696408327272,0.521880350344583,1
19,12,1,1,1.96667602419753,4.13696408327272,0.297820742759339,1
19,13,-1,1,1.77952205584812,1.10943221365039,0.313351967702302,1
19,14,-1,1,1.77952205584812,1.10943221365039,0.308340095640345,1
19,15,-1,1,1.77952205584812,1.10943221365039,1.30114245020831,1
19,16,1,1,1.96667602419753,4.13696408327272,0.397076716250721,1
19,17,-1,1,1.77952205584812,1.10943221365039,0.530621103498658,1
19,18,-1,1,1.77952205584812,1.10943221365039,0.858463791756662,1
19,19,-1,1,1.77952205584812,1.10943221365039,0.792466794897096,1
19,20,1,1,1.96667602419753,4.13696408327272,0.42834701412557,1
19,21,1,1,1.96667602419753,4.13696408327272,0.305963920681953,1
19,22,1,1,1.96667602419753,4.13696408327272,0.597264953615751,1
19,23,-1,1,1.77952205584812,1.10943221365039,1.24671574262726,1
19,24,1,1,1.96667602419753,4.13696408327272,0.51880863280701,1
19,25,-1,1,1.77952205584812,1.10943221365039,0.347789193193719,1
19,26,1,1,1.96667602419753,4.13696408327272,0.654313155202828,1
19,27,1,1,1.96667602419753,4.13696408327272,0.758977962981663,1
19,28,1,1,1.96667602419753,4.13696408327272,0.433897306873234,1
19,29,1,1,1.96667602419753,4.13696408327272,0.628274639137072,1
19,30,-1,1,1.77952205584812,1.10943221365039,0.912590113170922,1
19,31,1,1,1.96667602419753,4.13696408327272,0.310409536869682,1
19,32,-1,1,1.77952205584812,1.10943221365039,0.663387464815221,1
19,33,-1,1,1.77952205584812,1.10943221365039,1.86561488863747,1
19,34,-1,1,1.77952205584812,1.10943221365039,0.629364307462223,1
19,35,-1,1,1.77952205584812,1.10943221365039,0.775933202718975,-1
19,36,1,-1,1.87450536689792,0.93284401696396,1.35260853844891,-1
19,37,1,-1,1.87450536689792,0.93284401696396,0.601752434689683,1
19,38,-1,1,1.77952205584812,1.10943221365039,0.46935129229304,1
19,39,1,1,1.96667602419753,4.13696408327272,0.370270694615454,1
19,40,-1,1,1.77952205584812,1.10943221365039,0.398905433591918,1
19,41,-1,1,1.77952205584812,1.10943221365039,0.929725029834597,1
19,42,-1,1,1.77952205584812,1.10943221365039,0.545083855900144,1
19,43,-1,1,1.77952205584812,1.10943221365039,0.797606127127922,1
19,44,-1,1,1.77952205584812,1.10943221365039,0.275163106656176,-1
19,45,-1,-1,1.69612259627846,1.02075968611293,0.420361849027483,1
19,46,-1,1,1.77952205584812,1.10943221365039,0.872951878276768,1
19,47,1,1,1.96667602419753,4.13696408327272,0.594389571454009,1
19,48,-1,1,1.77952205584812,1.10943221365039,0.954923296486206,1
19,49,1,1,1.96667602419753,4.13696408327272,0.37996388979204,1
19,50,1,1,1.96667602419753,4.13696408327272,2.08211565559908,1
19,51,-1,1,1.77952205584812,1.10943221365039,0.605030092634137,1
19,52,-1,1,1.77952205584812,1.10943221365039,0.861186796603403,-1
19,53,1,-1,1.87450536689792,0.93284401696396,0.458676464114644,1
19,54,1,1,1.96667602419753,4.13696408327272,0.345300258676551,1
19,55,-1,1,1.77952205584812,1.10943221365039,1.14263600046795,1
19,56,-1,1,1.77952205584812,1.10943221365039,0.6450524789714,1
19,57,1,1,1.96667602419753,4.13696408327272,0.322381125996571,1
19,58,-1,1,1.77952205584812,1.10943221365039,1.06754300857951,1
19,59,-1,1,1.77952205584812,1.10943221365039,2.1642185474825,1
19,60,-1,1,1.77952205584812,1.10943221365039,0.506350157089786,1
19,61,1,1,1.96667602419753,4.13696408327272,0.436666914111839,1
19,62,1,1,1.96667602419753,4.13696408327272,0.484598044999035,1
19,63,1,1,1.96667602419753,4.13696408327272,0.2835086630857,1
19,64,-1,1,1.77952205584812,1.10943221365039,1.25844383822198,1
19,65,-1,1,1.77952205584812,1.10943221365039,2.84402129945467,-1
19,66,1,-1,1.87450536689792,0.93284401696396,0.544807814339689,1
19,67,1,1,1.96667602419753,4.13696408327272,0.539239097257613,1
19,68,1,1,1.96667602419753,4.13696408327272,0.330420568938344,1
19,69,1,1,1.96667602419753,4.13696408327272,0.537049815414476,1
19,70,-1,1,1.77952205584812,1.10943221365039,0.482455303318834,1
19,71,1,1,1.96667602419753,4.13696408327272,0.371503925311868,1
19,72,1,1,1.96667602419753,4.13696408327272,0.478821581322565,1
19,73,1,1,1.96667602419753,4.13696408327272,0.36000830084324,1
19,74,1,1,1.96667602419753,4.13696408327272,0.42697004124394,1
19,75,-1,1,1.77952205584812,1.10943221365039,1.38421041455829,1
19,76,1,1,1.96667602419753,4.13696408327272,0.382015850845983,1
19,77,1,1,1.96667602419753,4.13696408327272,0.373768241570115,1
19,78,1,1,1.96667602419753,4.13696408327272,0.387687950461904,1
19,79,-1,1,1.77952205584812,1.10943221365039,0.868069953887235,-1
19,80,1,-1,1.87450536689792,0.93284401696396,0.547639975971834,1
19,81,-1,1,1.77952205584812,1.10943221365039,0.432367886379578,1
19,82,-1,1,1.77952205584812,1.10943221365039,1.4864073019927,1
19,83,-1,1,1.77952205584812,1.10943221365039,0.622489160092897,1
19,84,-1,1,1.77952205584812,1.10943221365039,0.763779040483301,1
19,85,-1,1,1.77952205584812,1.10943221365039,0.510355755276302,1
19,86,1,1,1.96667602419753,4.13696408327272,0.383017609359426,1
19,87,1,1,1.96667602419753,4.13696408327272,0.528178409618107,1
19,88,1,1,1.96667602419753,4.13696408327272,0.382999012821046,1
19,89,1,1,1.96667602419753,4.13696408327272,0.385795730541414,1
19,90,1,1,1.96667602419753,4.13696408327272,0.447580966449225,1
19,91,1,1,1.96667602419753,4.13696408327272,0.523589120637849,1
19,92,-1,1,1.77952205584812,1.10943221365039,1.0266855877736,1
19,93,-1,1,1.77952205584812,1.10943221365039,1.13166469986796,1
19,94,1,1,1.96667602419753,4.13696408327272,0.42761783469992,1
19,95,1,1,1.96667602419753,4.13696408327272,0.428624646003948,1
19,96,1,1,1.96667602419753,4.13696408327272,0.344672975155266,1
19,97,-1,1,1.77952205584812,1.10943221365039,0.427205815826029,-1
19,98,-1,-1,1.69612259627846,1.02075968611293,0.607576900964267,1
19,99,1,1,1.96667602419753,4.13696408327272,0.409954203094823,1
19,100,-1,1,1.77952205584812,1.10943221365039,0.454301054935527,1
19,101,-1,1,1.77952205584812,1.10943221365039,1.06797171348896,-1
20,2,-1,1,1.83912790354412,0.106430341683946,0.430767369042991,-1
20,3,-1,-1,1.75293494362492,-0.122367410101909,1.03885405214293,-1
20,4,-1,-1,1.75293494362492,-0.122367410101909,1.25124516704473,-1
20,5,-1,-1,1.75293494362492,-0.122367410101909,1.17542176444582,1
20,6,-1,1,1.83912790354412,0.106430341683946,0.557985738850328,-1
20,7,-1,-1,1.75293494362492,-0.122367410101909,0.820261696636774,-1
20,8,1,-1,1.93729272097283,2.80955282225163,0.470669021787506,1
20,9,-1,1,1.83912790354412,0.106430341683946,0.622972862162392,1
20,10,-1,1,1.83912790354412,0.106430341683946,0.898567047969658,1
20,11,1,1,2.0325506736184,4.40638424616634,0.639579233539172,1
20,12,-1,1,1.83912790354412,0.106430341683946,2.68758140418498,1
20,13,1,1,2.0325506736184,4.40638424616634,0.342093033336177,1
20,14,-1,1,1.83912790354412,0.106430341683946,0.71496331420438,-1
20,15,1,-1,1.93729272097283,2.80955282225163,0.45752528257842,1
20,16,-1,1,1.83912790354412,0.106430341683946,0.425245918275303,1
20,17,-1,1,1.83912790354412,0.106430341683946,1.06847532553106,-1
20,18,-1,-1,1.75293494362492,-0.122367410101909,0.621385718213481,1
20,19,1,1,2.0325506736184,4.40638424616634,0.536694165286491,1
20,20,1,1,2.0325506736184,4.40638424616634,0.419501895931819,1
20,21,1,1,2.0325506736184,4.40638424616634,0.444621293951746,1
20,22,1,1,2.0325506736184,4.40638424616634,0.57323043034764,1
20,23,-1,1,1.83912790354412,0.106430341683946,0.653309579665676,-1
20,24,-1,-1,1.75293494362492,-0.122367410101909,0.381127867375227,1
20,25,-1,1,1.83912790354412,0.106430341683946,2.32530973461613,-1
20,26,-1,-1,1.75293494362492,-0.122367410101909,0.901779018475511,-1
20,27,1,-1,1.93729272097283,2.80955282225163,0.347650629589249,1
20,28,1,1,2.0325506736184,4.40638424616634,0.47366426168765,1
20,29,-1,1,1.83912790354412,0.106430341683946,0.99055596305881,-1
20,30,1,-1,1.93729272097283,2.80955282225163,0.448843527679775,1
20,31,-1,1,1.83912790354412,0.106430341683946,1.04785288875145,1
20,32,1,1,2.0325506736184,4.40638424616634,0.621512415185611,1
20,33,-1,1,1.83912790354412,0.106430341683946,0.738119070199309,-1
20,34,-1,-1,1.75293494362492,-0.122367410101909,1.38988672203683,1
20,35,1,1,2.0325506736184,4.40638424616634,0.456238996830117,1
20,36,-1,1,1.83912790354412,0.106430341683946,1.56369733975642,1
20,37,1,1,2.0325506736184,4.40638424616634,0.42282094358295,1
20,38,-1,1,1.83912790354412,0.106430341683946,1.56476784764166,1
20,39,1,1,2.0325506736184,4.40638424616634,0.414395853287955,1
20,40,1,1,2.0325506736184,4.40638424616634,0.363726831494733,1
20,41,-1,1,1.83912790354412,0.106430341683946,0.569596928488787,1
20,42,1,1,2.0325506736184,4.40638424616634,0.371550350846134,1
20,43,-1,1,1.83912790354412,0.106430341683946,0.903109378811977,1
20,44,1,1,2.0325506736184,4.40638424616634,0.411492118366768,1
20,45,1,1,2.0325506736184,4.40638424616634,0.393893741834712,1
20,46,-1,1,1.83912790354412,0.106430341683946,0.560837403835626,-1
20,47,1,-1,1.93729272097283,2.80955282225163,0.494603710233554,1
20,48,1,1,2.0325506736184,4.40638424616634,0.310029429890864,1
20,49,-1,1,1.83912790354412,0.106430341683946,1.52378607557536,-1
20,50,1,-1,1.93729272097283,2.80955282225163,0.529565881081688,1
20,51,-1,1,1.83912790354412,0.106430341683946,0.466177968552023,1
20,52,-1,1,1.83912790354412,0.106430341683946,0.44082243215985,-1
20,53,1,-1,1.93729272097283,2.80955282225163,1.16141783969821,1
20,54,1,1,2.0325506736184,4.40638424616634,0.391546051734586,1
20,55,-1,1,1.83912790354412,0.106430341683946,0.49134177012071,1
20,56,1,1,2.0325506736184,4.40638424616634,0.595618949847485,1
20,57,-1,1,1.83912790354412,0.106430341683946,1.75037099447278,1
20,58,1,1,2.0325506736184,4.40638424616634,0.283341578593145,1
20,59,-1,1,1.83912790354412,0.106430341683946,1.70365929638089,-1
20,60,1,-1,1.93729272097283,2.80955282225163,0.400016505557843,1
20,61,1,1,2.0325506736184,4.40638424616634,0.487649614836687,1
20,62,1,1,2.0325506736184,4.40638424616634,0.561715754024055,1
20,63,1,1,2.0325506736184,4.40638424616634,0.392013476354672,1
20,64,-1,1,1.83912790354412,0.106430341683946,1.19171737583616,1
20,65,1,1,2.0325506736184,4.40638424616634,0.601993016587767,1
20,66,1,1,2.0325506736184,4.40638424616634,0.414553412201857,1
20,67,1,1,2.0325506736184,4.40638424616634,0.538553729028048,1
20,68,1,1,2.0325506736184,4.40638424616634,0.389450628336633,1
20,69,-1,1,1.83912790354412,0.106430341683946,0.590794008671382,-1
20,70,1,-1,1.93729272097283,2.80955282225163,0.352685878932627,1
20,71,1,1,2.0325506736184,4.40638424616634,0.356436902121127,1
20,72,1,1,2.0325506736184,4.40638424616634,0.385599783027778,1
20,73,-1,1,1.83912790354412,0.106430341683946,1.17734315029436,1
20,74,-1,1,1.83912790354412,0.106430341683946,2.17210100555766,1
20,75,1,1,2.0325506736184,4.40638424616634,0.312550797763255,1
20,76,1,1,2.0325506736184,4.40638424616634,0.377420416145024,1
20,77,1,1,2.0325506736184,4.40638424616634,0.398556761355914,1
20,78,1,1,2.0325506736184,4.40638424616634,0.425755329982013,1
20,79,1,1,2.0325506736184,4.40638424616634,0.442305929743788,1
20,80,1,1,2.0325506736184,4.40638424616634,0.296794070560324,1
20,81,-1,1,1.83912790354412,0.106430341683946,0.70058291168988,1
20,82,-1,1,1.83912790354412,0.106430341683946,0.591790022374335,1
20,83,-1,1,1.83912790354412,0.106430341683946,0.387896926776762,-1
20,84,-1,-1,1.75293494362492,-0.122367410101909,0.656900698388437,1
20,85,-1,1,1.83912790354412,0.106430341683946,1.19289104557768,-1
20,86,-1,-1,1.75293494362492,-0.122367410101909,0.743060049638129,1
20,87,1,1,2.0325506736184,4.40638424616634,0.466594391191678,1
20,88,1,1,2.0325506736184,4.40638424616634,0.402364010873252,1
20,89,-1,1,1.83912790354412,0.106430341683946,0.751204255006006,-1
20,90,-1,-1,1.75293494362492,-0.122367410101909,2.49117931028082,-1
20,91,1,-1,1.93729272097283,2.80955282225163,0.556393101708391,1
20,92,1,1,2.0325506736184,4.40638424616634,0.412994835498244,1
20,93,1,1,2.0325506736184,4.40638424616634,0.72748928250033,1
20,94,-1,1,1.83912790354412,0.106430341683946,0.675351296047024,-1
20,95,-1,-1,1.75293494362492,-0.122367410101909,0.489803851210962,1
20,96,1,1,2.0325506736184,4.40638424616634,0.388002732855362,1
20,97,-1,1,1.83912790354412,0.106430341683946,1.05169967923528,-1
20,98,-1,-1,1.75293494362492,-0.122367410101909,0.861237226748344,-1
20,99,-1,-1,1.75293494362492,-0.122367410101909,1.46807304583246,1
20,100,-1,1,1.83912790354412,0.106430341683946,1.32570122773898,1
20,101,1,1,2.0325506736184,4.40638424616634,0.28030152178456,1
21,2,-1,1,1.85041657177126,0.579192905963311,0.457025764276961,1
21,3,1,1,2.04502658144684,4.13045755518173,0.73883232825248,1
21,4,-1,1,1.85041657177126,0.579192905963311,0.612241292150203,-1
21,5,-1,-1,1.76369455472332,0.429159611677298,0.710510057288372,-1
21,6,-1,-1,1.76369455472332,0.429159611677298,2.35676289905561,1
21,7,-1,1,1.85041657177126,0.579192905963311,0.545462880100346,-1
21,8,-1,-1,1.76369455472332,0.429159611677298,0.737177324425476,1
21,9,1,1,2.04502658144684,4.13045755518173,0.707134766265997,1
21,10,1,1,2.04502658144684,4.13045755518173,0.528286310766281,1
21,11,-1,1,1.85041657177126,0.579192905963311,1.12352438542463,-1
21,12,-1,-1,1.76369455472332,0.429159611677298,0.788339584931397,1
21,13,-1,1,1.85041657177126,0.579192905963311,3.16449356947092,1
21,14,1,1,2.04502658144684,4.13045755518173,0.389921445603055,1
21,15,-1,1,1.85041657177126,0.579192905963311,0.814957104074632,1
21,16,-1,1,1.85041657177126,0.579192905963311,0.68929199672741,1
21,17,-1,1,1.85041657177126,0.579192905963311,0.572974009719363,1
21,18,1,1,2.04502658144684,4.13045755518173,0.378716514722826,1
21,19,1,1,2.04502658144684,4.13045755518173,0.323800078049747,1
21,20,1,1,2.04502658144684,4.13045755518173,0.299715301808289,1
21,21,-1,1,1.85041657177126,0.579192905963311,0.831126113854429,1
21,22,-1,1,1.85041657177126,0.579192905963311,0.491070498828182,1
21,23,1,1,2.04502658144684,4.13045755518173,0.668249197769554,1
21,24,-1,1,1.85041657177126,0.579192905963311,0.506217279399089,-1
21,25,-1,-1,1.76369455472332,0.429159611677298,1.18019660038369,1
21,26,1,1,2.04502658144684,4.13045755518173,0.327277953664163,1
21,27,-1,1,1.85041657177126,0.579192905963311,0.683458688231099,-1
21,28,-1,-1,1.76369455472332,0.429159611677298,0.46207576041608,-1
21,29,1,-1,1.94918393024859,2.06118992717767,0.681337016245669,1
21,30,-1,1,1.85041657177126,0.579192905963311,0.74157470469355,1
21,31,1,1,2.04502658144684,4.13045755518173,0.712420678254394,1
21,32,-1,1,1.85041657177126,0.579192905963311,1.54115967130939,1
21,33,1,1,2.04502658144684,4.13045755518173,0.482456529276703,1
21,34,1,1,2.04502658144684,4.13045755518173,0.265568236559278,1
21,35,1,1,2.04502658144684,4.13045755518173,0.536632294672077,1
21,36,1,1,2.04502658144684,4.13045755518173,0.380652074931783,1
21,37,-1,1,1.85041657177126,0.579192905963311,0.773989090081589,1
21,38,-1,1,1.85041657177126,0.579192905963311,2.34412334142247,-1
21,39,1,-1,1.94918393024859,2.06118992717767,0.40369201949321,1
21,40,-1,1,1.85041657177126,0.579192905963311,0.679405139062812,1
21,41,-1,1,1.85041657177126,0.579192905963311,0.854162963672738,1
21,42,1,1,2.04502658144684,4.13045755518173,0.534501393184184,1
21,43,1,1,2.04502658144684,4.13045755518173,0.39710549573458,1
21,44,1,1,2.04502658144684,4.13045755518173,0.399580402566609,1
21,45,1,1,2.04502658144684,4.13045755518173,0.339815117780181,1
21,46,-1,1,1.85041657177126,0.579192905963311,0.932767765198186,1
21,47,1,1,2.04502658144684,4.13045755518173,0.549262613206496,1
21,48,1,1,2.04502658144684,4.13045755518173,0.50579387425599,1
21,49,1,1,2.04502658144684,4.13045755518173,0.340835067958812,1
21,50,1,1,2.04502658144684,4.13045755518173,0.33470251160918,1
21,51,-1,1,1.85041657177126,0.579192905963311,1.10014965742407,1
21,52,-1,1,1.85041657177126,0.579192905963311,0.589944988497175,1
21,53,1,1,2.04502658144684,4.13045755518173,0.482915144639075,1
21,54,1,1,2.04502658144684,4.13045755518173,0.459097302890009,1
21,55,-1,1,1.85041657177126,0.579192905963311,0.702910163079918,1
21,56,1,1,2.04502658144684,4.13045755518173,0.394286136375409,1
21,57,1,1,2.04502658144684,4.13045755518173,0.406147744602459,1
21,58,1,1,2.04502658144684,4.13045755518173,0.43795697855583,1
21,59,1,1,2.04502658144684,4.13045755518173,0.413910944086858,1
21,60,-1,1,1.85041657177126,0.579192905963311,0.445981176341621,-1
21,61,-1,-1,1.76369455472332,0.429159611677298,0.553434849298302,-1
21,62,-1,-1,1.76369455472332,0.429159611677298,0.704505703734146,1
21,63,1,1,2.04502658144684,4.13045755518173,0.363012125750864,1
21,64,1,1,2.04502658144684,4.13045755518173,0.585055602656975,1
21,65,-1,1,1.85041657177126,0.579192905963311,1.12038602984418,1
21,66,1,1,2.04502658144684,4.13045755518173,0.371559549036521,1
21,67,1,1,2.04502658144684,4.13045755518173,0.469893388399534,1
21,68,-1,1,1.85041657177126,0.579192905963311,0.854898595965264,1
21,69,-1,1,1.85041657177126,0.579192905963311,0.802106762105719,1
21,70,-1,1,1.85041657177126,0.579192905963311,1.18933563874073,1
21,71,1,1,2.04502658144684,4.13045755518173,0.636070710445711,1
21,72,-1,1,1.85041657177126,0.579192905963311,0.484113381902368,1
21,73,1,1,2.04502658144684,4.13045755518173,0.322877332673642,1
21,74,1,1,2.04502658144684,4.13045755518173,0.832909766987039,1
21,75,1,1,2.04502658144684,4.13045755518173,0.538736585891654,1
21,76,1,1,2.04502658144684,4.13045755518173,0.465711475646531,1
21,77,1,1,2.04502658144684,4.13045755518173,0.466495613988299,1
21,78,-1,1,1.85041657177126,0.579192905963311,1.51697156839495,1
21,79,-1,1,1.85041657177126,0.579192905963311,1.74111580796933,-1
21,80,-1,-1,1.76369455472332,0.429159611677298,1.05521272492662,1
21,81,1,1,2.04502658144684,4.13045755518173,0.983940859131237,1
21,82,1,1,2.04502658144684,4.13045755518173,0.274471236617653,1
21,83,-1,1,1.85041657177126,0.579192905963311,1.28895459545121,1
21,84,-1,1,1.85041657177126,0.579192905963311,0.634169632900607,-1
21,85,1,-1,1.94918393024859,2.06118992717767,0.51456253770245,1
21,86,1,1,2.04502658144684,4.13045755518173,0.385821937185485,1
21,87,-1,1,1.85041657177126,0.579192905963311,1.11804373799783,1
21,88,1,1,2.04502658144684,4.13045755518173,0.46075759649473,1
21,89,-1,1,1.85041657177126,0.579192905963311,1.64492704465656,-1
21,90,1,-1,1.94918393024859,2.06118992717767,0.613338141029971,1
21,91,1,1,2.04502658144684,4.13045755518173,0.86966741571461,1
21,92,-1,1,1.85041657177126,0.579192905963311,0.77031180618693,-1
21,93,-1,-1,1.76369455472332,0.429159611677298,0.345501888300176,1
21,94,1,1,2.04502658144684,4.13045755518173,0.650446000250758,1
21,95,-1,1,1.85041657177126,0.579192905963311,0.92307438377736,-1
21,96,-1,-1,1.76369455472332,0.429159611677298,1.90572062539586,1
21,97,-1,1,1.85041657177126,0.579192905963311,1.6083235984816,-1
21,98,-1,-1,1.76369455472332,0.429159611677298,1.05938104728147,-1
21,99,1,-1,1.94918393024859,2.06118992717767,2.50626451161438,-1
21,100,1,-1,1.94918393024859,2.06118992717767,0.456779888108574,1
21,101,-1,1,1.85041657177126,0.579192905963311,0.368533271685681,1
22,2,-1,1,1.75205604946986,1.33601126314748,0.525069001613187,1
22,3,-1,1,1.75205604946986,1.33601126314748,0.717835637039217,1
22,4,-1,1,1.75205604946986,1.33601126314748,0.469350513962724,1
22,5,1,1,1.9363213927126,2.91047642546914,0.615663947382787,1
22,6,1,1,1.9363213927126,2.91047642546914,0.915285715559274,1
22,7,-1,1,1.75205604946986,1.33601126314748,0.727926376619357,1
22,8,-1,1,1.75205604946986,1.33601126314748,0.67845398681558,-1
22,9,-1,-1,1.66994381760326,0.635091312176354,3.35919312330338,1
22,10,1,1,1.9363213927126,2.91047642546914,0.475690119357549,1
22,11,-1,1,1.75205604946986,1.33601126314748,0.488149806090548,1
22,12,1,1,1.9363213927126,2.91047642546914,0.531894179385678,1
22,13,-1,1,1.75205604946986,1.33601126314748,0.436362894925672,1
22,14,-1,1,1.75205604946986,1.33601126314748,0.39693389713999,-1
22,15,-1,-1,1.66994381760326,0.635091312176354,0.39556523729911,-1
22,16,1,-1,1.84557334203535,2.31842099920703,0.542543762512072,1
22,17,1,1,1.9363213927126,2.91047642546914,0.463797571748435,1
22,18,1,1,1.9363213927126,2.91047642546914,0.391578958678273,1
22,19,-1,1,1.75205604946986,1.33601126314748,0.768878880533715,1
22,20,-1,1,1.75205604946986,1.33601126314748,0.7669024358102,1
22,21,-1,1,1.75205604946986,1.33601126314748,0.429545820411902,1
22,22,1,1,1.9363213927126,2.91047642546914,0.456145191623019,1
22,23,-1,1,1.75205604946986,1.33601126314748,0.682403940465901,1
22,24,1,1,1.9363213927126,2.91047642546914,0.738591010793067,1
22,25,1,1,1.9363213927126,2.91047642546914,0.450670930604381,1
22,26,-1,1,1.75205604946986,1.33601126314748,1.4885063714146,1
22,27,1,1,1.9363213927126,2.91047642546914,0.717567760400392,1
22,28,1,1,1.9363213927126,2.91047642546914,0.751396351589826,1
22,29,-1,1,1.75205604946986,1.33601126314748,0.54247523674139,-1
22,30,1,-1,1.84557334203535,2.31842099920703,0.561447965690405,1
22,31,1,1,1.9363213927126,2.91047642546914,0.582576545674521,1
22,32,1,1,1.9363213927126,2.91047642546914,0.545411478925625,1
22,33,1,1,1.9363213927126,2.91047642546914,0.485491792938499,1
22,34,1,1,1.9363213927126,2.91047642546914,0.45557704434164,1
22,35,-1,1,1.75205604946986,1.33601126314748,1.03182924951849,1
22,36,1,1,1.9363213927126,2.91047642546914,0.497736348069086,1
22,37,-1,1,1.75205604946986,1.33601126314748,1.65660556337365,1
22,38,1,1,1.9363213927126,2.91047642546914,0.588237082096136,1
22,39,-1,1,1.75205604946986,1.33601126314748,0.460443710497473,1
22,40,1,1,1.9363213927126,2.91047642546914,0.42729356521396,1
22,41,-1,1,1.75205604946986,1.33601126314748,0.410485752068551,1
22,42,-1,1,1.75205604946986,1.33601126314748,1.2700809735215,-1
22,43,1,-1,1.84557334203535,2.31842099920703,0.376950355607168,1
22,44,-1,1,1.75205604946986,1.33601126314748,0.349140455985636,1
22,45,-1,1,1.75205604946986,1.33601126314748,0.60289233328228,-1
22,46,-1,-1,1.66994381760326,0.635091312176354,0.438085119470198,1
22,47,-1,1,1.75205604946986,1.33601126314748,0.826458403777297,1
22,48,1,1,1.9363213927126,2.91047642546914,0.430139730412499,1
22,49,-1,1,1.75205604946986,1.33601126314748,0.966989824881021,1
22,50,-1,1,1.75205604946986,1.33601126314748,0.959181998187771,1
22,51,1,1,1.9363213927126,2.91047642546914,0.440036604094074,1
22,52,1,1,1.9363213927126,2.91047642546914,0.467669026557882,1
22,53,1,1,1.9363213927126,2.91047642546914,0.445569702338116,1
22,54,1,1,1.9363213927126,2.91047642546914,0.619091584315128,1
22,55,-1,1,1.75205604946986,1.33601126314748,0.321950904681784,1
22,56,-1,1,1.75205604946986,1.33601126314748,0.944891710618643,1
22,57,-1,1,1.75205604946986,1.33601126314748,0.390276154304118,1
22,58,-1,1,1.75205604946986,1.33601126314748,1.72982481038103,1
22,59,1,1,1.9363213927126,2.91047642546914,0.881494909601689,1
22,60,-1,1,1.75205604946986,1.33601126314748,0.571645178104137,1
22,61,1,1,1.9363213927126,2.91047642546914,0.445240228885903,1
22,62,1,1,1.9363213927126,2.91047642546914,1.18360683621425,1
22,63,1,1,1.9363213927126,2.91047642546914,0.861706414467572,1
22,64,1,1,1.9363213927126,2.91047642546914,0.656218416014247,1
22,65,-1,1,1.75205604946986,1.33601126314748,0.999361073629713,1
22,66,1,1,1.9363213927126,2.91047642546914,0.462292037101031,1
22,67,-1,1,1.75205604946986,1.33601126314748,1.14954357864734,1
22,68,-1,1,1.75205604946986,1.33601126314748,0.64107648583296,1
22,69,-1,1,1.75205604946986,1.33601126314748,0.715914802694398,1
22,70,1,1,1.9363213927126,2.91047642546914,0.39633965535203,-1
22,71,1,-1,1.84557334203535,2.31842099920703,0.728157966099217,1
22,72,1,1,1.9363213927126,2.91047642546914,0.408860834882002,1
22,73,-1,1,1.75205604946986,1.33601126314748,0.61680440838372,1
22,74,-1,1,1.75205604946986,1.33601126314748,0.76711983330762,1
22,75,1,1,1.9363213927126,2.91047642546914,0.715343697973674,1
22,76,-1,1,1.75205604946986,1.33601126314748,0.415768463845765,1
22,77,-1,1,1.75205604946986,1.33601126314748,0.392618509388015,1
22,78,1,1,1.9363213927126,2.91047642546914,0.390475264553603,1
22,79,1,1,1.9363213927126,2.91047642546914,0.632056329918019,1
22,80,-1,1,1.75205604946986,1.33601126314748,0.566803022769088,-1
22,81,1,-1,1.84557334203535,2.31842099920703,0.455415122305934,1
22,82,-1,1,1.75205604946986,1.33601126314748,0.93335963046328,1
22,83,-1,1,1.75205604946986,1.33601126314748,0.39278734829801,-1
22,84,-1,-1,1.66994381760326,0.635091312176354,1.05551806368962,1
22,85,-1,1,1.75205604946986,1.33601126314748,0.376127970633844,1
22,86,-1,1,1.75205604946986,1.33601126314748,0.528653908229469,1
22,87,-1,1,1.75205604946986,1.33601126314748,1.57927019466511,1
22,88,1,1,1.9363213927126,2.91047642546914,0.719224385405154,1
22,89,-1,1,1.75205604946986,1.33601126314748,0.591932036434118,1
22,90,1,1,1.9363213927126,2.91047642546914,0.44223282047845,1
22,91,1,1,1.9363213927126,2.91047642546914,0.385284492907767,1
22,92,1,1,1.9363213927126,2.91047642546914,0.432111551332238,1
22,93,-1,1,1.75205604946986,1.33601126314748,0.437229448481026,1
22,94,1,1,1.9363213927126,2.91047642546914,0.337564918813749,1
22,95,1,1,1.9363213927126,2.91047642546914,0.41644674405852,1
22,96,1,1,1.9363213927126,2.91047642546914,0.859175586133506,1
22,97,1,1,1.9363213927126,2.91047642546914,1.15865879028187,1
22,98,1,1,1.9363213927126,2.91047642546914,0.479476402717114,1
22,99,-1,1,1.75205604946986,1.33601126314748,0.967015008564884,1
22,100,1,1,1.9363213927126,2.91047642546914,0.630741551362962,1
22,101,1,1,1.9363213927126,2.91047642546914,0.418634533489609,1
23,2,1,1,2.36812813526959,3.46478063532127,0.471417225775799,1
23,3,1,1,2.36812813526959,3.46478063532127,0.457561478740077,1
23,4,1,1,2.36812813526959,3.46478063532127,1.20546566105212,1
23,5,1,1,2.36812813526959,3.46478063532127,0.467852462459963,1
23,6,1,1,2.36812813526959,3.46478063532127,0.69258552315749,1
23,7,-1,1,2.14277094749565,0.507842497413968,0.922822166647516,1
23,8,-1,1,2.14277094749565,0.507842497413968,2.24948572214732,1
23,9,1,1,2.36812813526959,3.46478063532127,0.469004614735956,1
23,10,-1,1,2.14277094749565,0.507842497413968,0.594689695811196,-1
23,11,-1,-1,2.04234738802618,1.43151448838784,0.864916266440605,1
23,12,-1,1,2.14277094749565,0.507842497413968,0.390430798082765,1
23,13,-1,1,2.14277094749565,0.507842497413968,1.02773696022589,-1
23,14,1,-1,2.2571429378543,1.79586237887692,0.668208279526721,1
23,15,1,1,2.36812813526959,3.46478063532127,0.583240629905852,1
23,16,-1,1,2.14277094749565,0.507842497413968,1.49770643948151,1
23,17,1,1,2.36812813526959,3.46478063532127,0.737396840379584,1
23,18,-1,1,2.14277094749565,0.507842497413968,1.15722126060273,-1
23,19,1,-1,2.2571429378543,1.79586237887692,0.856632688797551,1
23,20,-1,1,2.14277094749565,0.507842497413968,1.7187811888338,-1
23,21,-1,-1,2.04234738802618,1.43151448838784,0.57285494268887,1
23,22,-1,1,2.14277094749565,0.507842497413968,0.512561280494322,1
23,23,1,1,2.36812813526959,3.46478063532127,0.442745899328935,1
23,24,1,1,2.36812813526959,3.46478063532127,0.548559396603563,1
23,25,-1,1,2.14277094749565,0.507842497413968,0.739099163752096,-1
23,26,1,-1,2.2571429378543,1.79586237887692,1.42779749810389,1
23,27,1,1,2.36812813526959,3.46478063532127,0.475557559488215,1
23,28,-1,1,2.14277094749565,0.507842497413968,1.05942199495954,-1
23,29,1,-1,2.2571429378543,1.79586237887692,0.7273768354354,1
23,30,1,1,2.36812813526959,3.46478063532127,0.676133610750237,1
23,31,-1,1,2.14277094749565,0.507842497413968,1.64922812700618,1
23,32,-1,1,2.14277094749565,0.507842497413968,0.785611634989691,1
23,33,-1,1,2.14277094749565,0.507842497413968,3.66848478679696,1
23,34,1,1,2.36812813526959,3.46478063532127,0.537124252675913,1
23,35,-1,1,2.14277094749565,0.507842497413968,2.46212353461693,1
23,36,1,1,2.36812813526959,3.46478063532127,0.475218418909028,1
23,37,1,1,2.36812813526959,3.46478063532127,0.407076039264637,1
23,38,1,1,2.36812813526959,3.46478063532127,0.472587537713872,1
23,39,1,1,2.36812813526959,3.46478063532127,0.354854000284021,1
23,40,-1,1,2.14277094749565,0.507842497413968,1.22057818478337,-1
23,41,-1,-1,2.04234738802618,1.43151448838784,0.712226429640243,1
23,42,-1,1,2.14277094749565,0.507842497413968,0.416711637531437,1
23,43,-1,1,2.14277094749565,0.507842497413968,1.37611216615127,-1
23,44,1,-1,2.2571429378543,1.79586237887692,0.457903666952767,1
23,45,-1,1,2.14277094749565,0.507842497413968,0.468523119973878,1
23,46,-1,1,2.14277094749565,0.507842497413968,0.818574856946046,1
23,47,-1,1,2.14277094749565,0.507842497413968,1.28192270627797,-1
23,48,1,-1,2.2571429378543,1.79586237887692,1.67289448565209,1
23,49,1,1,2.36812813526959,3.46478063532127,0.51519279914459,1
23,50,-1,1,2.14277094749565,0.507842497413968,2.64443668936928,-1
23,51,1,-1,2.2571429378543,1.79586237887692,0.505389059878941,1
23,52,-1,1,2.14277094749565,0.507842497413968,2.27042773533616,-1
23,53,-1,-1,2.04234738802618,1.43151448838784,0.854313246807924,1
23,54,-1,1,2.14277094749565,0.507842497413968,2.55509616879161,1
23,55,-1,1,2.14277094749565,0.507842497413968,1.64528289435945,-1
23,56,1,-1,2.2571429378543,1.79586237887692,0.664668068501344,1
23,57,-1,1,2.14277094749565,0.507842497413968,0.907135292179124,1
23,58,1,1,2.36812813526959,3.46478063532127,0.358084826700886,1
23,59,1,1,2.36812813526959,3.46478063532127,0.77159272392453,1
23,60,-1,1,2.14277094749565,0.507842497413968,2.22146151012916,-1
23,61,-1,-1,2.04234738802618,1.43151448838784,1.04551149698442,1
23,62,-1,1,2.14277094749565,0.507842497413968,1.66088485058602,1
23,63,-1,1,2.14277094749565,0.507842497413968,0.6065871667573,1
23,64,1,1,2.36812813526959,3.46478063532127,0.432590268631255,1
23,65,1,1,2.36812813526959,3.46478063532127,0.79815173795943,1
23,66,1,1,2.36812813526959,3.46478063532127,0.452164318563766,1
23,67,1,1,2.36812813526959,3.46478063532127,0.588287200730205,1
23,68,-1,1,2.14277094749565,0.507842497413968,2.70455242514394,1
23,69,-1,1,2.14277094749565,0.507842497413968,0.608717224000537,1
23,70,1,1,2.36812813526959,3.46478063532127,0.315289866068228,1
23,71,-1,1,2.14277094749565,0.507842497413968,1.76626232746762,1
23,72,-1,1,2.14277094749565,0.507842497413968,2.48210024348544,-1
23,73,1,-1,2.2571429378543,1.79586237887692,1.24729109182431,1
23,74,-1,1,2.14277094749565,0.507842497413968,0.717003907583764,1
23,75,1,1,2.36812813526959,3.46478063532127,0.46431031103712,1
23,76,1,1,2.36812813526959,3.46478063532127,0.504605808544031,1
23,77,1,1,2.36812813526959,3.46478063532127,0.53100959068727,1
23,78,-1,1,2.14277094749565,0.507842497413968,1.3927110340683,1
23,79,1,1,2.36812813526959,3.46478063532127,0.417625959320751,1
23,80,1,1,2.36812813526959,3.46478063532127,0.675086520716614,1
23,81,1,1,2.36812813526959,3.46478063532127,0.383969254808821,1
23,82,1,1,2.36812813526959,3.46478063532127,0.612169359786829,1
23,83,1,1,2.36812813526959,3.46478063532127,0.491243128348084,1
23,84,-1,1,2.14277094749565,0.507842497413968,3.0644972863097,1
23,85,-1,1,2.14277094749565,0.507842497413968,2.22988171599908,1
23,86,1,1,2.36812813526959,3.46478063532127,0.750412225905082,1
23,87,-1,1,2.14277094749565,0.507842497413968,1.29913569092839,1
23,88,1,1,2.36812813526959,3.46478063532127,0.564435290700402,1
23,89,1,1,2.36812813526959,3.46478063532127,0.699409772537887,1
23,90,1,1,2.36812813526959,3.46478063532127,0.893904865731526,1
23,91,-1,1,2.14277094749565,0.507842497413968,1.92413896901877,1
23,92,-1,1,2.14277094749565,0.507842497413968,0.876288324142342,1
23,93,1,1,2.36812813526959,3.46478063532127,0.541616591032526,1
23,94,1,1,2.36812813526959,3.46478063532127,0.505974602125716,1
23,95,-1,1,2.14277094749565,0.507842497413968,0.47323050378626,-1
23,96,1,-1,2.2571429378543,1.79586237887692,3.66782355660352,-1
23,97,-1,-1,2.04234738802618,1.43151448838784,0.508638582689428,1
23,98,-1,1,2.14277094749565,0.507842497413968,0.5954009566648,1
23,99,-1,1,2.14277094749565,0.507842497413968,1.63525684386538,1
23,100,-1,1,2.14277094749565,0.507842497413968,0.899903222561312,1
23,101,1,1,2.36812813526959,3.46478063532127,0.57480960314622,1
24,2,1,1,1.76239520064242,3.16234262537337,0.544481264777854,1
24,3,-1,1,1.59468112290826,2.22300648540536,0.940627821267799,1
24,4,-1,1,1.59468112290826,2.22300648540536,0.809889886631781,1
24,5,1,1,1.76239520064242,3.16234262537337,0.382237033561097,1
24,6,1,1,1.76239520064242,3.16234262537337,0.504229830398809,1
24,7,1,1,1.76239520064242,3.16234262537337,0.373547458199714,1
24,8,-1,1,1.59468112290826,2.22300648540536,1.21268997598994,1
24,9,-1,1,1.59468112290826,2.22300648540536,0.756613431439044,1
24,10,1,1,1.76239520064242,3.16234262537337,0.726052321661189,1
24,11,1,1,1.76239520064242,3.16234262537337,0.658065228928128,1
24,12,1,1,1.76239520064242,3.16234262537337,0.62845121183167,1
24,13,1,1,1.76239520064242,3.16234262537337,0.82037081339438,1
24,14,-1,1,1.59468112290826,2.22300648540536,0.655881957683846,1
24,15,-1,1,1.59468112290826,2.22300648540536,0.588575412292784,-1
24,16,1,-1,1.67979841191553,0.618332925976797,1.15718423023384,1
24,17,-1,1,1.59468112290826,2.22300648540536,0.54988862246422,1
24,18,-1,1,1.59468112290826,2.22300648540536,0.433914668935564,1
24,19,-1,1,1.59468112290826,2.22300648540536,0.77688957474772,1
24,20,1,1,1.76239520064242,3.16234262537337,0.445445499761701,1
24,21,1,1,1.76239520064242,3.16234262537337,0.453120164464046,1
24,22,1,1,1.76239520064242,3.16234262537337,0.843429250245033,1
24,23,-1,1,1.59468112290826,2.22300648540536,1.34357454100696,1
24,24,-1,1,1.59468112290826,2.22300648540536,0.619960991791777,1
24,25,-1,1,1.59468112290826,2.22300648540536,1.04975083492379,1
24,26,-1,1,1.59468112290826,2.22300648540536,0.434551529770559,-1
24,27,1,-1,1.67979841191553,0.618332925976797,1.06899716864418,1
24,28,-1,1,1.59468112290826,2.22300648540536,0.660736906889121,1
24,29,1,1,1.76239520064242,3.16234262537337,0.387123442897668,1
24,30,1,1,1.76239520064242,3.16234262537337,0.485647189069146,1
24,31,1,1,1.76239520064242,3.16234262537337,0.603268114218898,1
24,32,1,1,1.76239520064242,3.16234262537337,0.423305980837489,1
24,33,1,1,1.76239520064242,3.16234262537337,0.446237179456934,1
24,34,-1,1,1.59468112290826,2.22300648540536,0.666818257301256,1
24,35,1,1,1.76239520064242,3.16234262537337,0.322530841591179,1
24,36,-1,1,1.59468112290826,2.22300648540536,0.394202630316165,1
24,37,-1,1,1.59468112290826,2.22300648540536,0.542620026282643,1
24,38,-1,1,1.59468112290826,2.22300648540536,1.06310983592082,1
24,39,-1,1,1.59468112290826,2.22300648540536,0.571528615793797,1
24,40,-1,1,1.59468112290826,2.22300648540536,0.347087787758242,1
24,41,-1,1,1.59468112290826,2.22300648540536,0.677309269896024,-1
24,42,-1,-1,1.51994445785856,1.19631796324448,1.09944559503032,-1
24,43,-1,-1,1.51994445785856,1.19631796324448,0.450139053637349,1
24,44,1,1,1.76239520064242,3.16234262537337,0.387517565832023,1
24,45,1,1,1.76239520064242,3.16234262537337,0.407023694154224,1
24,46,1,1,1.76239520064242,3.16234262537337,0.516226467756264,1
24,47,1,1,1.76239520064242,3.16234262537337,0.436515004330055,1
24,48,-1,1,1.59468112290826,2.22300648540536,0.450953407763704,1
24,49,-1,1,1.59468112290826,2.22300648540536,0.481618152133761,1
24,50,1,1,1.76239520064242,3.16234262537337,0.49406360511142,1
24,51,-1,1,1.59468112290826,2.22300648540536,0.561591902488663,1
24,52,-1,1,1.59468112290826,2.22300648540536,0.34512013135165,1
24,53,1,1,1.76239520064242,3.16234262537337,0.81486822280228,1
24,54,-1,1,1.59468112290826,2.22300648540536,0.474359118009902,1
24,55,1,1,1.76239520064242,3.16234262537337,0.492771421362859,1
24,56,1,1,1.76239520064242,3.16234262537337,0.520271302740305,1
24,57,1,1,1.76239520064242,3.16234262537337,0.584810097734303,1
24,58,-1,1,1.59468112290826,2.22300648540536,0.462329671176877,-1
24,59,-1,-1,1.51994445785856,1.19631796324448,0.326666143808762,1
24,60,-1,1,1.59468112290826,2.22300648540536,0.474122235635187,1
24,61,-1,1,1.59468112290826,2.22300648540536,0.409144548780885,1
24,62,1,1,1.76239520064242,3.16234262537337,0.8545794936933,1
24,63,1,1,1.76239520064242,3.16234262537337,0.794145057974866,1
24,64,-1,1,1.59468112290826,2.22300648540536,0.301649901673239,1
24,65,-1,1,1.59468112290826,2.22300648540536,0.508956074512015,1
24,66,-1,1,1.59468112290826,2.22300648540536,0.441610253248475,1
24,67,-1,1,1.59468112290826,2.22300648540536,0.356130138461861,1
24,68,1,1,1.76239520064242,3.16234262537337,0.60573324742149,1
24,69,1,1,1.76239520064242,3.16234262537337,0.343812575941841,1
24,70,-1,1,1.59468112290826,2.22300648540536,0.540529896986936,1
24,71,-1,1,1.59468112290826,2.22300648540536,0.426109535068989,1
24,72,-1,1,1.59468112290826,2.22300648540536,0.371109259528958,1
24,73,1,1,1.76239520064242,3.16234262537337,0.370215789905037,1
24,74,1,1,1.76239520064242,3.16234262537337,0.439874906748488,1
24,75,1,1,1.76239520064242,3.16234262537337,0.65723880124867,1
24,76,-1,1,1.59468112290826,2.22300648540536,0.647019997436163,1
24,77,-1,1,1.59468112290826,2.22300648540536,0.721139596981555,1
24,78,1,1,1.76239520064242,3.16234262537337,0.366029588204177,1
24,79,1,1,1.76239520064242,3.16234262537337,0.616694139298653,1
24,80,-1,1,1.59468112290826,2.22300648540536,0.591688300915525,1
24,81,-1,1,1.59468112290826,2.22300648540536,0.673318806809897,1
24,82,1,1,1.76239520064242,3.16234262537337,0.536092720371416,1
24,83,-1,1,1.59468112290826,2.22300648540536,2.61111107890292,1
24,84,1,1,1.76239520064242,3.16234262537337,0.586443269755966,1
24,85,1,1,1.76239520064242,3.16234262537337,0.384517752044611,1
24,86,1,1,1.76239520064242,3.16234262537337,0.455014898902213,1
24,87,1,1,1.76239520064242,3.16234262537337,0.413694630610685,1
24,88,1,1,1.76239520064242,3.16234262537337,0.385329711158097,1
24,89,-1,1,1.59468112290826,2.22300648540536,0.72701708955946,1
24,90,-1,1,1.59468112290826,2.22300648540536,0.7,1
24,91,-1,1,1.59468112290826,2.22300648540536,0.475614197951968,1
24,92,-1,1,1.59468112290826,2.22300648540536,0.647434199702053,1
24,93,1,1,1.76239520064242,3.16234262537337,0.463251695363582,1
24,94,1,1,1.76239520064242,3.16234262537337,0.383542560430055,1
24,95,1,1,1.76239520064242,3.16234262537337,0.410468893724211,1
24,96,1,1,1.76239520064242,3.16234262537337,0.327504626291272,1
24,97,-1,1,1.59468112290826,2.22300648540536,0.889913550361073,1
24,98,1,1,1.76239520064242,3.16234262537337,0.409575525410148,1
24,99,1,1,1.76239520064242,3.16234262537337,0.310526882845881,1
24,100,-1,1,1.59468112290826,2.22300648540536,0.590733664296492,1
24,101,1,1,1.76239520064242,3.16234262537337,0.542123034449088,1
25,2,-1,1,1.68366294696025,0.466391066855073,0.88781429918919,1
25,3,-1,1,1.68366294696025,0.466391066855073,0.821249845029713,-1
25,4,1,-1,1.7735297068965,2.25654024744725,0.720271577165868,1
25,5,1,1,1.86073532482202,3.93708519365245,0.356670932669537,1
25,6,1,1,1.86073532482202,3.93708519365245,0.491974209977437,1
25,7,-1,1,1.68366294696025,0.466391066855073,1.07272953737539,-1
25,8,1,-1,1.7735297068965,2.25654024744725,0.39678216436809,1
25,9,1,1,1.86073532482202,3.93708519365245,0.272046746179713,1
25,10,1,1,1.86073532482202,3.93708519365245,0.413084409634122,1
25,11,-1,1,1.68366294696025,0.466391066855073,1.67380386793729,1
25,12,1,1,1.86073532482202,3.93708519365245,0.45160140317476,1
25,13,1,1,1.86073532482202,3.93708519365245,0.410550150143696,1
25,14,1,1,1.86073532482202,3.93708519365245,0.262536094084223,1
25,15,1,1,1.86073532482202,3.93708519365245,1.17226918691527,1
25,16,-1,1,1.68366294696025,0.466391066855073,0.687116618989374,1
25,17,-1,1,1.68366294696025,0.466391066855073,1.1612680632371,1
25,18,1,1,1.86073532482202,3.93708519365245,0.59401214997391,1
25,19,-1,1,1.68366294696025,0.466391066855073,0.726070132408973,-1
25,20,1,-1,1.7735297068965,2.25654024744725,1.58249057325355,1
25,21,-1,1,1.68366294696025,0.466391066855073,0.515861722069449,1
25,22,1,1,1.86073532482202,3.93708519365245,0.410153651189323,1
25,23,1,1,1.86073532482202,3.93708519365245,0.768096589908396,1
25,24,1,1,1.86073532482202,3.93708519365245,0.427828948165771,1
25,25,-1,1,1.68366294696025,0.466391066855073,2.8235399831587,-1
25,26,1,-1,1.7735297068965,2.25654024744725,0.651450529490585,1
25,27,-1,1,1.68366294696025,0.466391066855073,0.621048646710953,1
25,28,1,1,1.86073532482202,3.93708519365245,0.42720122365968,1
25,29,-1,1,1.68366294696025,0.466391066855073,1.05676253850969,1
25,30,1,1,1.86073532482202,3.93708519365245,0.563842836166135,1
25,31,1,1,1.86073532482202,3.93708519365245,0.697338856790989,1
25,32,-1,1,1.68366294696025,0.466391066855073,0.933352472513447,-1
25,33,-1,-1,1.6047560407983,0.539983492045235,0.334122847890191,1
25,34,1,1,1.86073532482202,3.93708519365245,0.372052120089852,1
25,35,-1,1,1.68366294696025,0.466391066855073,0.49843352884718,1
25,36,-1,1,1.68366294696025,0.466391066855073,0.486855917339956,1
25,37,1,1,1.86073532482202,3.93708519365245,0.409327368671548,1
25,38,1,1,1.86073532482202,3.93708519365245,0.36503937331089,1
25,39,1,1,1.86073532482202,3.93708519365245,0.356871160071003,1
25,40,-1,1,1.68366294696025,0.466391066855073,0.488340034030454,1
25,41,-1,1,1.68366294696025,0.466391066855073,0.449468818946121,1
25,42,-1,1,1.68366294696025,0.466391066855073,1.02765622692933,1
25,43,1,1,1.86073532482202,3.93708519365245,0.432943275045085,1
25,44,-1,1,1.68366294696025,0.466391066855073,0.367511990676207,-1
25,45,1,-1,1.7735297068965,2.25654024744725,0.466617131071591,1
25,46,-1,1,1.68366294696025,0.466391066855073,0.643612314023524,1
25,47,1,1,1.86073532482202,3.93708519365245,0.376824873854205,1
25,48,-1,1,1.68366294696025,0.466391066855073,0.525791379775303,1
25,49,-1,1,1.68366294696025,0.466391066855073,1.10146418604732,-1
25,50,1,-1,1.7735297068965,2.25654024744725,0.773339619236861,1
25,51,-1,1,1.68366294696025,0.466391066855073,1.40596189642408,1
25,52,1,1,1.86073532482202,3.93708519365245,0.412212713489256,1
25,53,-1,1,1.68366294696025,0.466391066855073,0.56100647430253,1
25,54,-1,1,1.68366294696025,0.466391066855073,0.649530160765882,1
25,55,1,1,1.86073532482202,3.93708519365245,0.575176428663732,1
25,56,-1,1,1.68366294696025,0.466391066855073,1.40485221748028,-1
25,57,1,-1,1.7735297068965,2.25654024744725,0.655245147956601,1
25,58,-1,1,1.68366294696025,0.466391066855073,0.540002916803622,1
25,59,-1,1,1.68366294696025,0.466391066855073,0.589253163083122,1
25,60,1,1,1.86073532482202,3.93708519365245,0.318257643766993,1
25,61,-1,1,1.68366294696025,0.466391066855073,0.637146644549907,-1
25,62,1,-1,1.7735297068965,2.25654024744725,0.325464203170091,1
25,63,-1,1,1.68366294696025,0.466391066855073,0.434337885410849,1
25,64,-1,1,1.68366294696025,0.466391066855073,1.55037490802746,-1
25,65,1,-1,1.7735297068965,2.25654024744725,0.345827676388036,1
25,66,1,1,1.86073532482202,3.93708519365245,0.556175265963722,1
25,67,-1,1,1.68366294696025,0.466391066855073,0.861388921234541,1
25,68,1,1,1.86073532482202,3.93708519365245,0.406871503918514,1
25,69,1,1,1.86073532482202,3.93708519365245,0.557396345167904,1
25,70,-1,1,1.68366294696025,0.466391066855073,1.47285585715607,1
25,71,-1,1,1.68366294696025,0.466391066855073,0.631236235952151,-1
25,72,1,-1,1.7735297068965,2.25654024744725,0.38476850362277,1
25,73,1,1,1.86073532482202,3.93708519365245,0.391038072531602,1
25,74,-1,1,1.68366294696025,0.466391066855073,2.75526087091762,1
25,75,-1,1,1.68366294696025,0.466391066855073,0.962316807037342,-1
25,76,1,-1,1.7735297068965,2.25654024744725,0.875176858576413,1
25,77,-1,1,1.68366294696025,0.466391066855073,0.545943013394773,1
25,78,-1,1,1.68366294696025,0.466391066855073,0.377028207087472,1
25,79,1,1,1.86073532482202,3.93708519365245,0.541655101883415,1
25,80,1,1,1.86073532482202,3.93708519365245,0.504658072045739,1
25,81,-1,1,1.68366294696025,0.466391066855073,0.488201870621701,1
25,82,-1,1,1.68366294696025,0.466391066855073,0.875517518640164,1
25,83,-1,1,1.68366294696025,0.466391066855073,0.847578223855841,-1
25,84,-1,-1,1.6047560407983,0.539983492045235,0.407896482439004,-1
25,85,-1,-1,1.6047560407983,0.539983492045235,1.64365676374631,1
25,86,-1,1,1.68366294696025,0.466391066855073,0.487949883408955,1
25,87,1,1,1.86073532482202,3.93708519365245,0.664928150365309,1
25,88,1,1,1.86073532482202,3.93708519365245,0.372064089888654,1
25,89,1,1,1.86073532482202,3.93708519365245,0.457700180622397,1
25,90,1,1,1.86073532482202,3.93708519365245,0.693521767241996,1
25,91,-1,1,1.68366294696025,0.466391066855073,0.453302894051541,-1
25,92,-1,-1,1.6047560407983,0.539983492045235,0.371254543486444,-1
25,93,1,-1,1.7735297068965,2.25654024744725,0.473121203073411,1
25,94,1,1,1.86073532482202,3.93708519365245,0.405687648667537,1
25,95,-1,1,1.68366294696025,0.466391066855073,1.05065296638924,1
25,96,-1,1,1.68366294696025,0.466391066855073,1.81533963783016,-1
25,97,1,-1,1.7735297068965,2.25654024744725,0.279274986820823,1
25,98,1,1,1.86073532482202,3.93708519365245,0.29108196355078,1
25,99,-1,1,1.68366294696025,0.466391066855073,0.562054726808624,1
25,100,1,1,1.86073532482202,3.93708519365245,0.566148926389077,1
25,101,-1,1,1.68366294696025,0.466391066855073,2.20118918417014,-1
26,2,1,1,1.91359200511959,4.12268565956071,0.372214490586699,1
26,3,-1,1,1.73148964908666,0.579944505238968,0.330664458322002,1
26,4,-1,1,1.73148964908666,0.579944505238968,0.490378698126768,1
26,5,1,1,1.91359200511959,4.12268565956071,0.42101231313619,1
26,6,-1,1,1.73148964908666,0.579944505238968,0.596925273360003,1
26,7,1,1,1.91359200511959,4.12268565956071,0.684180662097226,1
26,8,-1,1,1.73148964908666,0.579944505238968,1.26390932543441,1
26,9,-1,1,1.73148964908666,0.579944505238968,0.707855135992942,1
26,10,1,1,1.91359200511959,4.12268565956071,0.333851762081662,1
26,11,-1,1,1.73148964908666,0.579944505238968,0.668357550811444,1
26,12,1,1,1.91359200511959,4.12268565956071,0.276424457509262,1
26,13,-1,1,1.73148964908666,0.579944505238968,0.711456979167844,1
26,14,1,1,1.91359200511959,4.12268565956071,0.45733602630535,1
26,15,1,1,1.91359200511959,4.12268565956071,0.311115996577734,1
26,16,1,1,1.91359200511959,4.12268565956071,0.344091344813489,1
26,17,-1,1,1.73148964908666,0.579944505238968,0.553152506305305,1
26,18,1,1,1.91359200511959,4.12268565956071,0.432567011582682,1
26,19,1,1,1.91359200511959,4.12268565956071,0.36173122640055,1
26,20,-1,1,1.73148964908666,0.579944505238968,0.47043769855721,1
26,21,1,1,1.91359200511959,4.12268565956071,0.484489868484135,1
26,22,-1,1,1.73148964908666,0.579944505238968,0.617512866367053,1
26,23,1,1,1.91359200511959,4.12268565956071,0.312031251003226,1
26,24,-1,1,1.73148964908666,0.579944505238968,0.404476081434878,1
26,25,-1,1,1.73148964908666,0.579944505238968,1.65196089101802,-1
26,26,1,-1,1.82390919476087,2.34610051297646,0.502532940025288,1
26,27,-1,1,1.73148964908666,0.579944505238968,1.07080209678732,1
26,28,1,1,1.91359200511959,4.12268565956071,0.444855669701353,1
26,29,1,1,1.91359200511959,4.12268565956071,0.446363010549063,1
26,30,-1,1,1.73148964908666,0.579944505238968,0.803546785714947,1
26,31,-1,1,1.73148964908666,0.579944505238968,0.712077536152863,-1
26,32,1,-1,1.82390919476087,2.34610051297646,0.601858831816246,1
26,33,-1,1,1.73148964908666,0.579944505238968,0.675542120240254,1
26,34,-1,1,1.73148964908666,0.579944505238968,0.814337138268418,1
26,35,-1,1,1.73148964908666,0.579944505238968,0.491807216173385,-1
26,36,-1,-1,1.65034128651947,0.151269322223866,0.92996007073623,-1
26,37,-1,-1,1.65034128651947,0.151269322223866,0.782316866778156,-1
26,38,1,-1,1.82390919476087,2.34610051297646,1.13680954709633,1
26,39,1,1,1.91359200511959,4.12268565956071,0.354514210525772,1
26,40,-1,1,1.73148964908666,0.579944505238968,1.62715003963079,1
26,41,1,1,1.91359200511959,4.12268565956071,0.334336250472583,1
26,42,1,1,1.91359200511959,4.12268565956071,0.353745169421458,1
26,43,1,1,1.91359200511959,4.12268565956071,0.368039117111933,1
26,44,1,1,1.91359200511959,4.12268565956071,0.355512102225041,1
26,45,-1,1,1.73148964908666,0.579944505238968,1.34286708162881,1
26,46,-1,1,1.73148964908666,0.579944505238968,0.497165669695417,-1
26,47,1,-1,1.82390919476087,2.34610051297646,0.380517460723579,1
26,48,-1,1,1.73148964908666,0.579944505238968,0.433165516980205,-1
26,49,1,-1,1.82390919476087,2.34610051297646,0.48574144778279,1
26,50,1,1,1.91359200511959,4.12268565956071,0.333201904506692,1
26,51,1,1,1.91359200511959,4.12268565956071,0.31429072004021,1
26,52,1,1,1.91359200511959,4.12268565956071,0.424403527628274,1
26,53,1,1,1.91359200511959,4.12268565956071,0.419320368649705,1
26,54,1,1,1.91359200511959,4.12268565956071,0.487937468376923,1
26,55,1,1,1.91359200511959,4.12268565956071,0.406473504169296,1
26,56,1,1,1.91359200511959,4.12268565956071,0.48304314205773,1
26,57,-1,1,1.73148964908666,0.579944505238968,0.677276820994034,1
26,58,-1,1,1.73148964908666,0.579944505238968,0.664620153860571,1
26,59,1,1,1.91359200511959,4.12268565956071,0.253453178376381,1
26,60,-1,1,1.73148964908666,0.579944505238968,0.668140751423294,1
26,61,1,1,1.91359200511959,4.12268565956071,0.367363646107935,1
26,62,1,1,1.91359200511959,4.12268565956071,0.267934562506474,1
26,63,-1,1,1.73148964908666,0.579944505238968,0.377489085663874,1
26,64,1,1,1.91359200511959,4.12268565956071,0.328501015239583,1
26,65,-1,1,1.73148964908666,0.579944505238968,1.07503707250837,1
26,66,1,1,1.91359200511959,4.12268565956071,0.353187553448353,1
26,67,-1,1,1.73148964908666,0.579944505238968,1.60835377736448,1
26,68,-1,1,1.73148964908666,0.579944505238968,0.440894969433315,-1
26,69,1,-1,1.82390919476087,2.34610051297646,0.550314752305818,1
26,70,1,1,1.91359200511959,4.12268565956071,0.28973452560291,1
26,71,-1,1,1.73148964908666,0.579944505238968,1.30656972357999,1
26,72,-1,1,1.73148964908666,0.579944505238968,0.551884736208221,1
26,73,-1,1,1.73148964908666,0.579944505238968,0.666722374394256,1
26,74,1,1,1.91359200511959,4.12268565956071,0.470257468397023,1
26,75,1,1,1.91359200511959,4.12268565956071,0.357032796002034,1
26,76,-1,1,1.73148964908666,0.579944505238968,0.97324079559457,1
26,77,-1,1,1.73148964908666,0.579944505238968,0.924576648759517,1
26,78,1,1,1.91359200511959,4.12268565956071,0.440000381452852,1
26,79,1,1,1.91359200511959,4.12268565956071,0.567816365935843,1
26,80,-1,1,1.73148964908666,0.579944505238968,0.354868875228335,1
26,81,-1,1,1.73148964908666,0.579944505238968,0.583564026469243,-1
26,82,-1,-1,1.65034128651947,0.151269322223866,0.703424082295348,1
26,83,1,1,1.91359200511959,4.12268565956071,0.536964223605883,1
26,84,-1,1,1.73148964908666,0.579944505238968,0.753431055245136,1
26,85,-1,1,1.73148964908666,0.579944505238968,1.85189299290175,1
26,86,-1,1,1.73148964908666,0.579944505238968,0.69830281348917,1
26,87,1,1,1.91359200511959,4.12268565956071,0.466407528535208,1
26,88,-1,1,1.73148964908666,0.579944505238968,1.13818773650575,1
26,89,-1,1,1.73148964908666,0.579944505238968,0.369365113472502,-1
26,90,-1,-1,1.65034128651947,0.151269322223866,1.34289744667342,1
26,91,1,1,1.91359200511959,4.12268565956071,0.430928980246561,1
26,92,-1,1,1.73148964908666,0.579944505238968,0.595743839271816,-1
26,93,-1,-1,1.65034128651947,0.151269322223866,0.737652536468341,-1
26,94,-1,-1,1.65034128651947,0.151269322223866,0.492857678191284,-1
26,95,1,-1,1.82390919476087,2.34610051297646,0.473902153562893,1
26,96,1,1,1.91359200511959,4.12268565956071,0.407201406976307,1
26,97,1,1,1.91359200511959,4.12268565956071,0.66335240618071,1
26,98,-1,1,1.73148964908666,0.579944505238968,1.53829534490777,1
26,99,1,1,1.91359200511959,4.12268565956071,0.610436505187602,1
26,100,-1,1,1.73148964908666,0.579944505238968,0.840883834028468,1
26,101,1,1,1.91359200511959,4.12268565956071,0.442497941206784,1
27,2,-1,1,1.48852859716927,1.99175381143787,1.10053452716826,1
27,3,1,1,1.64507851631542,3.55916192336961,0.313036197687705,1
27,4,-1,1,1.48852859716927,1.99175381143787,0.363018220444598,1
27,5,-1,1,1.48852859716927,1.99175381143787,1.14367066520766,1
27,6,-1,1,1.48852859716927,1.99175381143787,0.424444382660105,1
27,7,-1,1,1.48852859716927,1.99175381143787,0.823972807990385,-1
27,8,1,-1,1.56797991629556,0.187742699965745,0.433198033937076,1
27,9,1,1,1.64507851631542,3.55916192336961,0.419439813966561,1
27,10,-1,1,1.48852859716927,1.99175381143787,0.451275614321633,1
27,11,-1,1,1.48852859716927,1.99175381143787,0.377699379250236,1
27,12,-1,1,1.48852859716927,1.99175381143787,0.35214736579374,1
27,13,1,1,1.64507851631542,3.55916192336961,0.476360413787017,1
27,14,-1,1,1.48852859716927,1.99175381143787,0.268073495321324,1
27,15,1,1,1.64507851631542,3.55916192336961,0.563288027131913,1
27,16,1,1,1.64507851631542,3.55916192336961,0.419310868168202,1
27,17,1,1,1.64507851631542,3.55916192336961,0.490288819463242,1
27,18,-1,1,1.48852859716927,1.99175381143787,0.757591508393645,1
27,19,-1,1,1.48852859716927,1.99175381143787,0.361038412755757,1
27,20,1,1,1.64507851631542,3.55916192336961,0.400709483126398,1
27,21,1,1,1.64507851631542,3.55916192336961,0.32446761959607,1
27,22,-1,1,1.48852859716927,1.99175381143787,0.336793054590354,-1
27,23,1,-1,1.56797991629556,0.187742699965745,0.820407960868515,1
27,24,1,1,1.64507851631542,3.55916192336961,0.520068001249124,1
27,25,-1,1,1.48852859716927,1.99175381143787,1.22729017223858,1
27,26,1,1,1.64507851631542,3.55916192336961,0.506457694388329,1
27,27,-1,1,1.48852859716927,1.99175381143787,0.756676324390023,1
27,28,1,1,1.64507851631542,3.55916192336961,0.436324411866056,1
27,29,-1,1,1.48852859716927,1.99175381143787,0.423316984542199,1
27,30,-1,1,1.48852859716927,1.99175381143787,0.54852120275285,1
27,31,-1,1,1.48852859716927,1.99175381143787,0.40672650659974,1
27,32,1,1,1.64507851631542,3.55916192336961,0.44391976266076,1
27,33,1,1,1.64507851631542,3.55916192336961,0.28822202875994,1
27,34,1,1,1.64507851631542,3.55916192336961,0.635917814588035,1
27,35,1,1,1.64507851631542,3.55916192336961,1.05851432163121,1
27,36,1,1,1.64507851631542,3.55916192336961,0.583334256767736,1
27,37,1,1,1.64507851631542,3.55916192336961,0.29495665634904,1
27,38,-1,1,1.48852859716927,1.99175381143787,0.799462733913388,1
27,39,-1,1,1.48852859716927,1.99175381143787,0.400613092486783,1
27,40,-1,1,1.48852859716927,1.99175381143787,1.41710266799462,1
27,41,1,1,1.64507851631542,3.55916192336961,0.598676583744988,1
27,42,1,1,1.64507851631542,3.55916192336961,0.634504396686238,1
27,43,1,1,1.64507851631542,3.55916192336961,0.785892279040688,1
27,44,1,1,1.64507851631542,3.55916192336961,0.390188025997205,1
27,45,-1,1,1.48852859716927,1.99175381143787,0.382377690567728,1
27,46,-1,1,1.48852859716927,1.99175381143787,0.928305982683356,1
27,47,-1,1,1.48852859716927,1.99175381143787,0.885200807470438,1
27,48,1,1,1.64507851631542,3.55916192336961,0.551695059689273,1
27,49,1,1,1.64507851631542,3.55916192336961,0.436388353491149,1
27,50,1,1,1.64507851631542,3.55916192336961,0.379847011293196,1
27,51,1,1,1.64507851631542,3.55916192336961,0.349603881673199,1
27,52,-1,1,1.48852859716927,1.99175381143787,0.413182744325926,1
27,53,1,1,1.64507851631542,3.55916192336961,0.480103351416665,1
27,54,1,1,1.64507851631542,3.55916192336961,0.623427959833392,1
27,55,1,1,1.64507851631542,3.55916192336961,0.399670767571491,1
27,56,1,1,1.64507851631542,3.55916192336961,0.397847754639516,1
27,57,-1,1,1.48852859716927,1.99175381143787,0.367463558384484,1
27,58,-1,1,1.48852859716927,1.99175381143787,0.364996264095452,1
27,59,-1,1,1.48852859716927,1.99175381143787,1.00704387050314,1
27,60,-1,1,1.48852859716927,1.99175381143787,0.722866728616587,1
27,61,-1,1,1.48852859716927,1.99175381143787,0.6624936574587,1
27,62,-1,1,1.48852859716927,1.99175381143787,0.437611977776222,1
27,63,-1,1,1.48852859716927,1.99175381143787,0.524507175823214,1
27,64,1,1,1.64507851631542,3.55916192336961,0.451294591175771,1
27,65,-1,1,1.48852859716927,1.99175381143787,0.341525826170065,1
27,66,-1,1,1.48852859716927,1.99175381143787,0.673528927020606,-1
27,67,1,-1,1.56797991629556,0.187742699965745,0.372136798192611,1
27,68,1,1,1.64507851631542,3.55916192336961,0.326812693133683,1
27,69,-1,1,1.48852859716927,1.99175381143787,0.738900912519679,1
27,70,-1,1,1.48852859716927,1.99175381143787,0.989260915948583,1
27,71,-1,1,1.48852859716927,1.99175381143787,0.430708276227021,1
27,72,-1,1,1.48852859716927,1.99175381143787,0.495680250578848,1
27,73,1,1,1.64507851631542,3.55916192336961,0.37144477391326,1
27,74,1,1,1.64507851631542,3.55916192336961,0.630088979263984,1
27,75,1,1,1.64507851631542,3.55916192336961,0.396201171386742,1
27,76,-1,1,1.48852859716927,1.99175381143787,1.08519858901892,1
27,77,1,1,1.64507851631542,3.55916192336961,0.35017853450515,1
27,78,1,1,1.64507851631542,3.55916192336961,0.441674404922511,1
27,79,-1,1,1.48852859716927,1.99175381143787,0.319661800064816,1
27,80,-1,1,1.48852859716927,1.99175381143787,1.03153367436903,1
27,81,1,1,1.64507851631542,3.55916192336961,0.378237273311852,1
27,82,-1,1,1.48852859716927,1.99175381143787,0.583325203770865,1
27,83,1,1,1.64507851631542,3.55916192336961,0.283948230783666,1
27,84,1,1,1.64507851631542,3.55916192336961,0.606060570990717,1
27,85,-1,1,1.48852859716927,1.99175381143787,0.2908601527882,-1
27,86,1,-1,1.56797991629556,0.187742699965745,0.790962317149643,1
27,87,1,1,1.64507851631542,3.55916192336961,0.622143319556177,1
27,88,1,1,1.64507851631542,3.55916192336961,0.345245790016033,1
27,89,-1,1,1.48852859716927,1.99175381143787,0.464268922260836,1
27,90,-1,1,1.48852859716927,1.99175381143787,0.844540019232005,1
27,91,1,1,1.64507851631542,3.55916192336961,0.327416562254725,1
27,92,-1,1,1.48852859716927,1.99175381143787,0.658475306669638,1
27,93,1,1,1.64507851631542,3.55916192336961,0.405458636472853,1
27,94,-1,1,1.48852859716927,1.99175381143787,0.39247845732428,1
27,95,-1,1,1.48852859716927,1.99175381143787,0.444199565861599,1
27,96,1,1,1.64507851631542,3.55916192336961,0.398845439857853,1
27,97,-1,1,1.48852859716927,1.99175381143787,0.755235765248195,1
27,98,-1,1,1.48852859716927,1.99175381143787,0.329151495130392,1
27,99,-1,1,1.48852859716927,1.99175381143787,0.348757375929744,1
27,100,1,1,1.64507851631542,3.55916192336961,0.487599016235236,1
27,101,1,1,1.64507851631542,3.55916192336961,0.571782817453966,1
28,2,-1,1,2.06604650281127,0.946855405650401,0.493886508006238,1
28,3,-1,1,2.06604650281127,0.946855405650401,0.691025370235716,1
28,4,1,1,2.28333451029891,3.34655004154783,0.443674572621017,1
28,5,-1,1,2.06604650281127,0.946855405650401,0.633992299048797,1
28,6,-1,1,2.06604650281127,0.946855405650401,1.55351793510036,1
28,7,-1,1,2.06604650281127,0.946855405650401,0.496809360105874,1
28,8,-1,1,2.06604650281127,0.946855405650401,0.299852020474688,1
28,9,-1,1,2.06604650281127,0.946855405650401,1.06101371316951,-1
28,10,-1,-1,1.96921872750274,0.964171057989113,2.84651863236215,1
28,11,1,1,2.28333451029891,3.34655004154783,0.46963229528755,1
28,12,-1,1,2.06604650281127,0.946855405650401,0.735913962881269,1
28,13,1,1,2.28333451029891,3.34655004154783,0.445812339887032,1
28,14,-1,1,2.06604650281127,0.946855405650401,0.472230327382925,1
28,15,-1,1,2.06604650281127,0.946855405650401,0.778638869278263,1
28,16,-1,1,2.06604650281127,0.946855405650401,0.690852432640083,1
28,17,1,1,2.28333451029891,3.34655004154783,0.870773715118748,1
28,18,1,1,2.28333451029891,3.34655004154783,0.479597419107835,1
28,19,1,1,2.28333451029891,3.34655004154783,0.428164832065844,1
28,20,1,1,2.28333451029891,3.34655004154783,0.894233467331825,1
28,21,-1,1,2.06604650281127,0.946855405650401,1.14705464960733,1
28,22,1,1,2.28333451029891,3.34655004154783,0.680869455605497,1
28,23,1,1,2.28333451029891,3.34655004154783,0.375732403685281,1
28,24,-1,1,2.06604650281127,0.946855405650401,0.556991559219962,1
28,25,-1,1,2.06604650281127,0.946855405650401,0.973899462387077,-1
28,26,-1,-1,1.96921872750274,0.964171057989113,1.27797126506718,-1
28,27,-1,-1,1.96921872750274,0.964171057989113,0.814304927560829,-1
28,28,-1,-1,1.96921872750274,0.964171057989113,0.760133512714933,1
28,29,1,1,2.28333451029891,3.34655004154783,0.405879486687952,1
28,30,1,1,2.28333451029891,3.34655004154783,0.471041100526802,1
28,31,1,1,2.28333451029891,3.34655004154783,0.824430986481996,1
28,32,1,1,2.28333451029891,3.34655004154783,0.411481457317912,1
28,33,1,1,2.28333451029891,3.34655004154783,0.520952064679146,1
28,34,1,1,2.28333451029891,3.34655004154783,0.80644539609043,1
28,35,-1,1,2.06604650281127,0.946855405650401,1.40964727423946,1
28,36,-1,1,2.06604650281127,0.946855405650401,0.913068523499295,1
28,37,-1,1,2.06604650281127,0.946855405650401,1.04995558144496,1
28,38,-1,1,2.06604650281127,0.946855405650401,2.27963413875503,1
28,39,1,1,2.28333451029891,3.34655004154783,0.81991343046395,1
28,40,1,1,2.28333451029891,3.34655004154783,0.484990940214876,1
28,41,1,1,2.28333451029891,3.34655004154783,0.40677279677242,1
28,42,-1,1,2.06604650281127,0.946855405650401,1.36856630948317,1
28,43,-1,1,2.06604650281127,0.946855405650401,1.10140000170429,1
28,44,1,1,2.28333451029891,3.34655004154783,0.499209380353711,1
28,45,-1,1,2.06604650281127,0.946855405650401,1.57515807408586,-1
28,46,1,-1,2.17632326896596,1.94242349481265,0.925171981206745,-1
28,47,-1,-1,1.96921872750274,0.964171057989113,0.869359998458428,1
28,48,1,1,2.28333451029891,3.34655004154783,0.397307526225804,1
28,49,1,1,2.28333451029891,3.34655004154783,0.455536455115503,1
28,50,-1,1,2.06604650281127,0.946855405650401,0.630601308464404,1
28,51,1,1,2.28333451029891,3.34655004154783,0.477015163421871,1
28,52,1,1,2.28333451029891,3.34655004154783,0.447269342254932,1
28,53,-1,1,2.06604650281127,0.946855405650401,0.453409784655683,1
28,54,1,1,2.28333451029891,3.34655004154783,0.579011232999913,1
28,55,1,1,2.28333451029891,3.34655004154783,0.459969442000747,1
28,56,1,1,2.28333451029891,3.34655004154783,1.11767779445814,1
28,57,-1,1,2.06604650281127,0.946855405650401,0.662252772154064,1
28,58,-1,1,2.06604650281127,0.946855405650401,0.552562534391395,1
28,59,1,1,2.28333451029891,3.34655004154783,0.457860215566262,1
28,60,1,1,2.28333451029891,3.34655004154783,0.7705881723175,1
28,61,-1,1,2.06604650281127,0.946855405650401,3.09749426584064,1
28,62,1,1,2.28333451029891,3.34655004154783,0.494286519253895,1
28,63,-1,1,2.06604650281127,0.946855405650401,3.63238337996048,1
28,64,1,1,2.28333451029891,3.34655004154783,0.856252402655139,1
28,65,1,1,2.28333451029891,3.34655004154783,0.460977541282891,1
28,66,1,1,2.28333451029891,3.34655004154783,0.685764410228314,1
28,67,1,1,2.28333451029891,3.34655004154783,0.539391299163532,1
28,68,1,1,2.28333451029891,3.34655004154783,0.454757090043909,1
28,69,1,1,2.28333451029891,3.34655004154783,0.509948927567724,1
28,70,-1,1,2.06604650281127,0.946855405650401,4.61140598258817,1
28,71,-1,1,2.06604650281127,0.946855405650401,0.918855028740238,1
28,72,-1,1,2.06604650281127,0.946855405650401,0.744068454481396,1
28,73,-1,1,2.06604650281127,0.946855405650401,0.939236625447405,1
28,74,-1,1,2.06604650281127,0.946855405650401,0.595866176413219,1
28,75,-1,1,2.06604650281127,0.946855405650401,2.21020804548581,1
28,76,1,1,2.28333451029891,3.34655004154783,0.694914147845711,1
28,77,-1,1,2.06604650281127,0.946855405650401,0.976611341819945,1
28,78,-1,1,2.06604650281127,0.946855405650401,0.819185907024763,1
28,79,1,1,2.28333451029891,3.34655004154783,0.952521898590543,1
28,80,-1,1,2.06604650281127,0.946855405650401,0.468851066140163,1
28,81,1,1,2.28333451029891,3.34655004154783,0.364870219016996,1
28,82,-1,1,2.06604650281127,0.946855405650401,0.603312638157981,1
28,83,1,1,2.28333451029891,3.34655004154783,1.3061683409682,1
28,84,1,1,2.28333451029891,3.34655004154783,0.390775981275112,1
28,85,-1,1,2.06604650281127,0.946855405650401,0.911809008233254,1
28,86,-1,1,2.06604650281127,0.946855405650401,1.55517347055132,-1
28,87,-1,-1,1.96921872750274,0.964171057989113,1.57201013064427,-1
28,88,1,-1,2.17632326896596,1.94242349481265,0.793817086769953,1
28,89,1,1,2.28333451029891,3.34655004154783,0.500468555022071,1
28,90,1,1,2.28333451029891,3.34655004154783,0.541465913774396,1
28,91,1,1,2.28333451029891,3.34655004154783,1.14130249400101,1
28,92,-1,1,2.06604650281127,0.946855405650401,0.841935808913168,-1
28,93,-1,-1,1.96921872750274,0.964171057989113,0.465998415881811,1
28,94,-1,1,2.06604650281127,0.946855405650401,0.748921823729533,1
28,95,1,1,2.28333451029891,3.34655004154783,0.58546124980982,1
28,96,-1,1,2.06604650281127,0.946855405650401,0.620616961460526,1
28,97,1,1,2.28333451029891,3.34655004154783,0.86543897394234,1
28,98,1,1,2.28333451029891,3.34655004154783,0.572132566790986,1
28,99,1,1,2.28333451029891,3.34655004154783,0.553660081239626,1
28,100,-1,1,2.06604650281127,0.946855405650401,0.846351343987732,1
28,101,1,1,2.28333451029891,3.34655004154783,0.46260773656877,1
29,2,1,1,1.77585284448786,3.2315239741267,0.829647610663987,1
29,3,-1,1,1.60685810261821,1.05881296486534,0.395994042146384,1
29,4,1,1,1.77585284448786,3.2315239741267,0.42052588034159,1
29,5,-1,1,1.60685810261821,1.05881296486534,1.26273285367683,1
29,6,-1,1,1.60685810261821,1.05881296486534,0.356232182283038,1
29,7,-1,1,1.60685810261821,1.05881296486534,0.383969079055282,1
29,8,-1,1,1.60685810261821,1.05881296486534,0.362712646685014,1
29,9,-1,1,1.60685810261821,1.05881296486534,0.821664823647959,-1
29,10,1,-1,1.69262534695908,2.00672755675499,0.490064851344276,1
29,11,-1,1,1.60685810261821,1.05881296486534,1.24759508463345,1
29,12,1,1,1.77585284448786,3.2315239741267,0.467117452475947,1
29,13,-1,1,1.60685810261821,1.05881296486534,0.360909452616319,-1
29,14,1,-1,1.69262534695908,2.00672755675499,0.436718086528068,1
29,15,1,1,1.77585284448786,3.2315239741267,0.506811843654824,1
29,16,-1,1,1.60685810261821,1.05881296486534,0.282009105971495,1
29,17,-1,1,1.60685810261821,1.05881296486534,0.343780175300967,1
29,18,-1,1,1.60685810261821,1.05881296486534,0.457753111738645,1
29,19,1,1,1.77585284448786,3.2315239741267,0.293758739402624,1
29,20,1,1,1.77585284448786,3.2315239741267,0.356481427077661,1
29,21,-1,1,1.60685810261821,1.05881296486534,0.499063816499357,-1
29,22,-1,-1,1.53155074864467,0.902935504252967,0.377936574611448,1
29,23,-1,1,1.60685810261821,1.05881296486534,0.381889439057158,1
29,24,-1,1,1.60685810261821,1.05881296486534,1.3160446708494,1
29,25,-1,1,1.60685810261821,1.05881296486534,0.466499353340748,1
29,26,-1,1,1.60685810261821,1.05881296486534,1.51684525693618,1
29,27,1,1,1.77585284448786,3.2315239741267,0.409400121202743,1
29,28,1,1,1.77585284448786,3.2315239741267,0.507378962995302,1
29,29,-1,1,1.60685810261821,1.05881296486534,0.375577723473208,-1
29,30,-1,-1,1.53155074864467,0.902935504252967,0.806985157604422,1
29,31,1,1,1.77585284448786,3.2315239741267,0.398799245326604,1
29,32,1,1,1.77585284448786,3.2315239741267,0.543359104289064,1
29,33,-1,1,1.60685810261821,1.05881296486534,0.466934530687742,1
29,34,1,1,1.77585284448786,3.2315239741267,0.640123082489714,1
29,35,-1,1,1.60685810261821,1.05881296486534,0.489249882969081,1
29,36,1,1,1.77585284448786,3.2315239741267,0.385206663230606,1
29,37,1,1,1.77585284448786,3.2315239741267,0.662404630209697,1
29,38,-1,1,1.60685810261821,1.05881296486534,0.477897059952412,1
29,39,-1,1,1.60685810261821,1.05881296486534,0.636781662046202,1
29,40,1,1,1.77585284448786,3.2315239741267,0.390330230355835,1
29,41,1,1,1.77585284448786,3.2315239741267,0.611002028581097,1
29,42,-1,1,1.60685810261821,1.05881296486534,1.49385457770165,-1
29,43,1,-1,1.69262534695908,2.00672755675499,0.472702021248247,1
29,44,1,1,1.77585284448786,3.2315239741267,0.55931529181628,1
29,45,-1,1,1.60685810261821,1.05881296486534,0.675039297739451,1
29,46,-1,1,1.60685810261821,1.05881296486534,0.46107940827137,-1
29,47,1,-1,1.69262534695908,2.00672755675499,1.62427434905187,1
29,48,1,1,1.77585284448786,3.2315239741267,0.47428115529555,1
29,49,1,1,1.77585284448786,3.2315239741267,1.13762999227745,1
29,50,-1,1,1.60685810261821,1.05881296486534,0.995605383069063,1
29,51,-1,1,1.60685810261821,1.05881296486534,1.32467512797351,1
29,52,1,1,1.77585284448786,3.2315239741267,0.413125912973381,1
29,53,1,1,1.77585284448786,3.2315239741267,0.49730117347932,1
29,54,-1,1,1.60685810261821,1.05881296486534,0.435251076888153,1
29,55,-1,1,1.60685810261821,1.05881296486534,0.304603488747446,1
29,56,1,1,1.77585284448786,3.2315239741267,0.402790608992474,1
29,57,-1,1,1.60685810261821,1.05881296486534,1.20647875130103,1
29,58,-1,1,1.60685810261821,1.05881296486534,1.67432393815966,1
29,59,-1,1,1.60685810261821,1.05881296486534,0.474577376720446,1
29,60,-1,1,1.60685810261821,1.05881296486534,0.479036465763523,1
29,61,1,1,1.77585284448786,3.2315239741267,0.402449707666293,1
29,62,1,1,1.77585284448786,3.2315239741267,0.380259984272035,1
29,63,-1,1,1.60685810261821,1.05881296486534,0.657148242550345,-1
29,64,1,-1,1.69262534695908,2.00672755675499,0.498651872939448,1
29,65,1,1,1.77585284448786,3.2315239741267,0.74644988534797,1
29,66,-1,1,1.60685810261821,1.05881296486534,0.792726475460792,1
29,67,1,1,1.77585284448786,3.2315239741267,0.589124585108345,1
29,68,-1,1,1.60685810261821,1.05881296486534,0.950792165606799,1
29,69,1,1,1.77585284448786,3.2315239741267,0.605387750746003,1
29,70,1,1,1.77585284448786,3.2315239741267,0.694396747450199,1
29,71,-1,1,1.60685810261821,1.05881296486534,0.430577359023949,1
29,72,1,1,1.77585284448786,3.2315239741267,0.509153034663664,1
29,73,1,1,1.77585284448786,3.2315239741267,0.560827504223409,1
29,74,1,1,1.77585284448786,3.2315239741267,0.42936039096668,1
29,75,1,1,1.77585284448786,3.2315239741267,0.314186528145544,1
29,76,1,1,1.77585284448786,3.2315239741267,0.383232818801237,1
29,77,1,1,1.77585284448786,3.2315239741267,0.409899099644912,1
29,78,1,1,1.77585284448786,3.2315239741267,0.56713885596658,1
29,79,-1,1,1.60685810261821,1.05881296486534,0.373529386405541,1
29,80,-1,1,1.60685810261821,1.05881296486534,1.02595373567865,-1
29,81,1,-1,1.69262534695908,2.00672755675499,1.3558619589057,1
29,82,-1,1,1.60685810261821,1.05881296486534,1.20844660877161,1
29,83,1,1,1.77585284448786,3.2315239741267,0.412366991995698,1
29,84,-1,1,1.60685810261821,1.05881296486534,0.796174748335013,1
29,85,1,1,1.77585284448786,3.2315239741267,0.447609968275327,1
29,86,1,1,1.77585284448786,3.2315239741267,0.813300963337493,1
29,87,-1,1,1.60685810261821,1.05881296486534,0.386183011615856,-1
29,88,-1,-1,1.53155074864467,0.902935504252967,0.337590932185072,1
29,89,1,1,1.77585284448786,3.2315239741267,0.49491034759691,1
29,90,1,1,1.77585284448786,3.2315239741267,0.334852423617103,1
29,91,-1,1,1.60685810261821,1.05881296486534,0.380637733770303,1
29,92,1,1,1.77585284448786,3.2315239741267,0.629308691316131,-1
29,93,1,-1,1.69262534695908,2.00672755675499,0.791758846449329,1
29,94,-1,1,1.60685810261821,1.05881296486534,0.41686383828183,1
29,95,1,1,1.77585284448786,3.2315239741267,0.612182291713016,1
29,96,-1,1,1.60685810261821,1.05881296486534,0.387826950292292,1
29,97,1,1,1.77585284448786,3.2315239741267,0.391595091962399,1
29,98,1,1,1.77585284448786,3.2315239741267,0.434259373515117,1
29,99,-1,1,1.60685810261821,1.05881296486534,0.764965778035497,1
29,100,-1,1,1.60685810261821,1.05881296486534,0.564860380852028,1
29,101,-1,1,1.60685810261821,1.05881296486534,0.731507367462997,1
30,2,1,1,1.29851734350105,2.70720208609983,0.588174161398283,1
30,3,1,1,1.29851734350105,2.70720208609983,0.485280120697375,1
30,4,1,1,1.29851734350105,2.70720208609983,0.289632748955524,1
30,5,-1,1,1.1749470803684,0.691999713319718,0.779676226033415,-1
30,6,-1,-1,1.11988176032719,0.841965753408876,0.495656560104594,1
30,7,1,1,1.29851734350105,2.70720208609983,0.660741631219126,1
30,8,-1,1,1.1749470803684,0.691999713319718,0.835610584481165,1
30,9,-1,1,1.1749470803684,0.691999713319718,0.760770425940837,-1
30,10,1,-1,1.23766075319698,2.95883244717158,0.240514696633203,1
30,11,1,1,1.29851734350105,2.70720208609983,0.963085340206749,1
30,12,-1,1,1.1749470803684,0.691999713319718,0.63737419954041,1
30,13,1,1,1.29851734350105,2.70720208609983,0.337993424238117,1
30,14,-1,1,1.1749470803684,0.691999713319718,0.337785306384567,1
30,15,1,1,1.29851734350105,2.70720208609983,0.292146394304773,1
30,16,1,1,1.29851734350105,2.70720208609983,0.264507969588317,1
30,17,1,1,1.29851734350105,2.70720208609983,0.26636908774769,1
30,18,1,1,1.29851734350105,2.70720208609983,0.295316413276751,1
30,19,1,1,1.29851734350105,2.70720208609983,0.303342980991567,1
30,20,-1,1,1.1749470803684,0.691999713319718,1.32191152686122,1
30,21,-1,1,1.1749470803684,0.691999713319718,0.714911252710622,1
30,22,1,1,1.29851734350105,2.70720208609983,0.39834637578665,1
30,23,-1,1,1.1749470803684,0.691999713319718,0.311595847026228,1
30,24,1,1,1.29851734350105,2.70720208609983,0.422811541730548,1
30,25,1,1,1.29851734350105,2.70720208609983,0.593361416453171,1
30,26,1,1,1.29851734350105,2.70720208609983,0.320712756568798,1
30,27,-1,1,1.1749470803684,0.691999713319718,0.314797756437192,1
30,28,-1,1,1.1749470803684,0.691999713319718,1.11923518796933,1
30,29,-1,1,1.1749470803684,0.691999713319718,0.260910943278896,1
30,30,-1,1,1.1749470803684,0.691999713319718,0.273990874716038,-1
30,31,-1,-1,1.11988176032719,0.841965753408876,0.263203986928935,-1
30,32,-1,-1,1.11988176032719,0.841965753408876,0.259358545291794,1
30,33,1,1,1.29851734350105,2.70720208609983,0.264848671718775,1
30,34,-1,1,1.1749470803684,0.691999713319718,0.759713538942833,1
30,35,-1,1,1.1749470803684,0.691999713319718,0.306968552927958,1
30,36,1,1,1.29851734350105,2.70720208609983,0.364605329215593,1
30,37,-1,1,1.1749470803684,0.691999713319718,0.30281942213238,1
30,38,-1,1,1.1749470803684,0.691999713319718,0.583152427252501,1
30,39,-1,1,1.1749470803684,0.691999713319718,0.375187167911058,1
30,40,-1,1,1.1749470803684,0.691999713319718,0.626487632323188,-1
30,41,-1,-1,1.11988176032719,0.841965753408876,0.389032762893066,1
30,42,-1,1,1.1749470803684,0.691999713319718,0.267614898724894,1
30,43,1,1,1.29851734350105,2.70720208609983,0.362731033806865,1
30,44,1,1,1.29851734350105,2.70720208609983,0.528962356859102,1
30,45,-1,1,1.1749470803684,0.691999713319718,0.562055102396796,1
30,46,-1,1,1.1749470803684,0.691999713319718,0.49046626244686,1
30,47,-1,1,1.1749470803684,0.691999713319718,0.456153102913363,1
30,48,1,1,1.29851734350105,2.70720208609983,0.542182613393868,1
30,49,1,1,1.29851734350105,2.70720208609983,0.432241357614733,1
30,50,-1,1,1.1749470803684,0.691999713319718,1.861733670911,1
30,51,1,1,1.29851734350105,2.70720208609983,0.265169801640776,1
30,52,1,1,1.29851734350105,2.70720208609983,0.444573628006473,-1
30,53,-1,-1,1.11988176032719,0.841965753408876,0.721503948845518,1
30,54,1,1,1.29851734350105,2.70720208609983,0.440280707986928,-1
30,55,1,-1,1.23766075319698,2.95883244717158,0.286162882413726,1
30,56,-1,1,1.1749470803684,0.691999713319718,0.340753049278806,1
30,57,1,1,1.29851734350105,2.70720208609983,0.482281766489483,1
30,58,-1,1,1.1749470803684,0.691999713319718,0.255409094308949,-1
30,59,1,-1,1.23766075319698,2.95883244717158,0.410407418510046,1
30,60,1,1,1.29851734350105,2.70720208609983,0.647485046165596,1
30,61,-1,1,1.1749470803684,0.691999713319718,0.292712839468499,1
30,62,1,1,1.29851734350105,2.70720208609983,0.243500516260293,1
30,63,1,1,1.29851734350105,2.70720208609983,0.2196473622975,1
30,64,-1,1,1.1749470803684,0.691999713319718,0.925589915714048,1
30,65,-1,1,1.1749470803684,0.691999713319718,0.482878109872464,-1
30,66,-1,-1,1.11988176032719,0.841965753408876,0.498561469119632,1
30,67,-1,1,1.1749470803684,0.691999713319718,0.317439645930433,1
30,68,1,1,1.29851734350105,2.70720208609983,0.36426148019385,1
30,69,-1,1,1.1749470803684,0.691999713319718,0.290569230822625,1
30,70,1,1,1.29851734350105,2.70720208609983,0.33472176234977,1
30,71,-1,1,1.1749470803684,0.691999713319718,0.480307974252485,1
30,72,-1,1,1.1749470803684,0.691999713319718,0.316226536612481,1
30,73,1,1,1.29851734350105,2.70720208609983,0.429476400839877,1
30,74,-1,1,1.1749470803684,0.691999713319718,0.601357083912873,1
30,75,1,1,1.29851734350105,2.70720208609983,0.36445260798522,1
30,76,-1,1,1.1749470803684,0.691999713319718,0.335944897741432,-1
30,77,1,-1,1.23766075319698,2.95883244717158,0.397795264828992,1
30,78,-1,1,1.1749470803684,0.691999713319718,0.277280138963354,1
30,79,1,1,1.29851734350105,2.70720208609983,0.515170073880541,1
30,80,-1,1,1.1749470803684,0.691999713319718,0.684525455487786,1
30,81,1,1,1.29851734350105,2.70720208609983,0.505530305338657,1
30,82,-1,1,1.1749470803684,0.691999713319718,0.328656674115122,1
30,83,-1,1,1.1749470803684,0.691999713319718,0.299603941242385,1
30,84,1,1,1.29851734350105,2.70720208609983,0.397924049908382,1
30,85,-1,1,1.1749470803684,0.691999713319718,0.279073673114224,1
30,86,1,1,1.29851734350105,2.70720208609983,0.490981207857494,1
30,87,1,1,1.29851734350105,2.70720208609983,0.622704039197641,1
30,88,1,1,1.29851734350105,2.70720208609983,0.986538305451725,1
30,89,1,1,1.29851734350105,2.70720208609983,0.318870093428885,1
30,90,-1,1,1.1749470803684,0.691999713319718,0.566661353858256,1
30,91,1,1,1.29851734350105,2.70720208609983,0.346388457309174,1
30,92,1,1,1.29851734350105,2.70720208609983,0.265624584897543,1
30,93,1,1,1.29851734350105,2.70720208609983,0.33226891197577,1
30,94,1,1,1.29851734350105,2.70720208609983,0.373518217774289,1
30,95,-1,1,1.1749470803684,0.691999713319718,0.595262356880727,1
30,96,1,1,1.29851734350105,2.70720208609983,0.550076790759106,1
30,97,-1,1,1.1749470803684,0.691999713319718,0.563140100062438,1
30,98,-1,1,1.1749470803684,0.691999713319718,0.3228285923722,-1
30,99,-1,-1,1.11988176032719,0.841965753408876,0.902748987769857,1
30,100,1,1,1.29851734350105,2.70720208609983,0.416560621884351,1
30,101,1,1,1.29851734350105,2.70720208609983,0.297032193911776,1
31,2,1,1,2.04842578834267,4.16187659626948,0.597941987305045,1
31,3,1,1,2.04842578834267,4.16187659626948,0.397822914950989,1
31,4,-1,1,1.85349230136226,0.443573944429455,0.685421478673838,1
31,5,1,1,2.04842578834267,4.16187659626948,0.4213712315143,1
31,6,1,1,2.04842578834267,4.16187659626948,0.618340000649415,1
31,7,-1,1,1.85349230136226,0.443573944429455,0.563219896252558,-1
31,8,-1,-1,1.76662613651641,-0.186760187376011,1.73571240836575,1
31,9,-1,1,1.85349230136226,0.443573944429455,0.46818844901171,1
31,10,1,1,2.04842578834267,4.16187659626948,0.354422776712096,1
31,11,1,1,2.04842578834267,4.16187659626948,0.514737542361152,1
31,12,-1,1,1.85349230136226,0.443573944429455,0.349960718398206,1
31,13,1,1,2.04842578834267,4.16187659626948,0.71326922979239,1
31,14,1,1,2.04842578834267,4.16187659626948,0.429970253401338,1
31,15,-1,1,1.85349230136226,0.443573944429455,0.403411945747405,1
31,16,1,1,2.04842578834267,4.16187659626948,0.454475335711214,1
31,17,1,1,2.04842578834267,4.16187659626948,0.471820330065185,1
31,18,-1,1,1.85349230136226,0.443573944429455,0.586508194640988,1
31,19,1,1,2.04842578834267,4.16187659626948,0.620837742564571,1
31,20,-1,1,1.85349230136226,0.443573944429455,0.577371422790973,-1
31,21,1,-1,1.95242382919028,2.78130964667707,0.488307901794882,-1
31,22,1,-1,1.95242382919028,2.78130964667707,0.850923376591285,1
31,23,1,1,2.04842578834267,4.16187659626948,0.389282171173754,1
31,24,-1,1,1.85349230136226,0.443573944429455,1.48494981974745,1
31,25,1,1,2.04842578834267,4.16187659626948,0.34148780069347,1
31,26,-1,1,1.85349230136226,0.443573944429455,1.32314378923929,1
31,27,1,1,2.04842578834267,4.16187659626948,0.345227339775603,1
31,28,1,1,2.04842578834267,4.16187659626948,0.662462742076095,1
31,29,-1,1,1.85349230136226,0.443573944429455,1.51853133761907,1
31,30,-1,1,1.85349230136226,0.443573944429455,1.13180315566815,1
31,31,-1,1,1.85349230136226,0.443573944429455,0.495511955194603,-1
31,32,-1,-1,1.76662613651641,-0.186760187376011,1.87081423100333,1
31,33,-1,1,1.85349230136226,0.443573944429455,1.470366856904,-1
31,34,1,-1,1.95242382919028,2.78130964667707,1.20716353362255,1
31,35,1,1,2.04842578834267,4.16187659626948,0.461254788568751,1
31,36,1,1,2.04842578834267,4.16187659626948,0.379106049401204,1
31,37,-1,1,1.85349230136226,0.443573944429455,1.29632119303035,1
31,38,1,1,2.04842578834267,4.16187659626948,0.450059077758369,1
31,39,1,1,2.04842578834267,4.16187659626948,0.571232246284433,1
31,40,-1,1,1.85349230136226,0.443573944429455,1.17534724736193,1
31,41,-1,1,1.85349230136226,0.443573944429455,0.497914293110957,1
31,42,1,1,2.04842578834267,4.16187659626948,0.46796733852271,1
31,43,-1,1,1.85349230136226,0.443573944429455,0.664255197818386,1
31,44,-1,1,1.85349230136226,0.443573944429455,0.986409681518692,1
31,45,-1,1,1.85349230136226,0.443573944429455,3.32416938022293,1
31,46,-1,1,1.85349230136226,0.443573944429455,1.0762856649469,1
31,47,-1,1,1.85349230136226,0.443573944429455,0.365738761768464,-1
31,48,-1,-1,1.76662613651641,-0.186760187376011,1.15348567940322,1
31,49,1,1,2.04842578834267,4.16187659626948,0.315956310533974,1
31,50,1,1,2.04842578834267,4.16187659626948,0.398879217649613,1
31,51,1,1,2.04842578834267,4.16187659626948,0.451669436924797,1
31,52,-1,1,1.85349230136226,0.443573944429455,0.794824634840867,1
31,53,1,1,2.04842578834267,4.16187659626948,0.437698240473935,1
31,54,-1,1,1.85349230136226,0.443573944429455,2.24788246816183,-1
31,55,1,-1,1.95242382919028,2.78130964667707,0.469668541513276,1
31,56,1,1,2.04842578834267,4.16187659626948,0.980736742773205,1
31,57,1,1,2.04842578834267,4.16187659626948,0.380975194890523,1
31,58,-1,1,1.85349230136226,0.443573944429455,0.500115323359363,1
31,59,-1,1,1.85349230136226,0.443573944429455,0.706382443459022,1
31,60,-1,1,1.85349230136226,0.443573944429455,1.48561903284673,1
31,61,1,1,2.04842578834267,4.16187659626948,0.511438003777967,1
31,62,1,1,2.04842578834267,4.16187659626948,0.528939608523041,1
31,63,-1,1,1.85349230136226,0.443573944429455,1.30284142746028,1
31,64,-1,1,1.85349230136226,0.443573944429455,1.36092259448868,1
31,65,-1,1,1.85349230136226,0.443573944429455,0.633475227882445,1
31,66,-1,1,1.85349230136226,0.443573944429455,0.788409502822268,1
31,67,1,1,2.04842578834267,4.16187659626948,0.485512187889405,1
31,68,1,1,2.04842578834267,4.16187659626948,0.619656731761865,1
31,69,-1,1,1.85349230136226,0.443573944429455,2.20081803569042,-1
31,70,1,-1,1.95242382919028,2.78130964667707,0.666622917813655,1
31,71,1,1,2.04842578834267,4.16187659626948,0.448309679464231,1
31,72,-1,1,1.85349230136226,0.443573944429455,0.462488581429492,-1
31,73,-1,-1,1.76662613651641,-0.186760187376011,0.538563854455882,-1
31,74,1,-1,1.95242382919028,2.78130964667707,0.378465708746245,1
31,75,-1,1,1.85349230136226,0.443573944429455,0.6919711500242,1
31,76,1,1,2.04842578834267,4.16187659626948,0.63715744348764,1
31,77,-1,1,1.85349230136226,0.443573944429455,0.35440537637544,-1
31,78,-1,-1,1.76662613651641,-0.186760187376011,0.708320830797138,-1
31,79,1,-1,1.95242382919028,2.78130964667707,0.481170753381406,1
31,80,-1,1,1.85349230136226,0.443573944429455,1.08479084011776,-1
31,81,1,-1,1.95242382919028,2.78130964667707,1.02000758788417,1
31,82,1,1,2.04842578834267,4.16187659626948,0.415932179571834,1
31,83,-1,1,1.85349230136226,0.443573944429455,0.845503097252783,1
31,84,1,1,2.04842578834267,4.16187659626948,0.362568118093389,1
31,85,-1,1,1.85349230136226,0.443573944429455,0.454182117688391,1
31,86,-1,1,1.85349230136226,0.443573944429455,1.53972934654199,1
31,87,1,1,2.04842578834267,4.16187659626948,0.600668520674917,1
31,88,1,1,2.04842578834267,4.16187659626948,0.30879781729491,1
31,89,1,1,2.04842578834267,4.16187659626948,0.323753023024692,1
31,90,-1,1,1.85349230136226,0.443573944429455,0.786536251862676,1
31,91,1,1,2.04842578834267,4.16187659626948,0.38532784027131,1
31,92,1,1,2.04842578834267,4.16187659626948,0.5292993836531,1
31,93,-1,1,1.85349230136226,0.443573944429455,1.65373898422818,1
31,94,1,1,2.04842578834267,4.16187659626948,0.31545316348565,1
31,95,1,1,2.04842578834267,4.16187659626948,0.382664017176987,1
31,96,-1,1,1.85349230136226,0.443573944429455,0.331361704399692,1
31,97,-1,1,1.85349230136226,0.443573944429455,0.340017731157435,1
31,98,1,1,2.04842578834267,4.16187659626948,0.37684389191391,1
31,99,-1,1,1.85349230136226,0.443573944429455,0.622067634958032,1
31,100,-1,1,1.85349230136226,0.443573944429455,1.42836039735321,-1
31,101,-1,-1,1.76662613651641,-0.186760187376011,0.822205723371117,-1
32,2,1,1,2.3348420395269,4.1963052252825,0.310565876425243,1
32,3,1,1,2.3348420395269,4.1963052252825,0.328786682418618,1
32,4,-1,1,2.11265244256733,0.0669804273885988,0.69042554889335,-1
32,5,1,-1,2.22541683536204,2.03141680027402,0.887596885602885,1
32,6,1,1,2.3348420395269,4.1963052252825,0.578455986686367,1
32,7,1,1,2.3348420395269,4.1963052252825,0.369715838417722,1
32,8,-1,1,2.11265244256733,0.0669804273885988,1.53396504055274,-1
32,9,1,-1,2.22541683536204,2.03141680027402,1.03001601729336,1
32,10,1,1,2.3348420395269,4.1963052252825,0.363560888296439,1
32,11,-1,1,2.11265244256733,0.0669804273885988,1.67577907886541,-1
32,12,1,-1,2.22541683536204,2.03141680027402,0.646098849745506,1
32,13,-1,1,2.11265244256733,0.0669804273885988,0.751817720973518,1
32,14,1,1,2.3348420395269,4.1963052252825,0.338038162781536,1
32,15,-1,1,2.11265244256733,0.0669804273885988,1.74814379235568,-1
32,16,-1,-1,2.01364042336274,0.90529754705488,2.52427997634516,1
32,17,-1,1,2.11265244256733,0.0669804273885988,1.81487265177878,1
32,18,1,1,2.3348420395269,4.1963052252825,0.648516122406453,1
32,19,-1,1,2.11265244256733,0.0669804273885988,1.74229122433178,-1
32,20,-1,-1,2.01364042336274,0.90529754705488,1.29174595004821,1
32,21,-1,1,2.11265244256733,0.0669804273885988,3.02284788783815,1
32,22,-1,1,2.11265244256733,0.0669804273885988,0.770367587318404,-1
32,23,1,-1,2.22541683536204,2.03141680027402,0.327154032848578,1
32,24,1,1,2.3348420395269,4.1963052252825,0.537135682584615,1
32,25,-1,1,2.11265244256733,0.0669804273885988,2.03353029861812,-1
32,26,1,-1,2.22541683536204,2.03141680027402,0.895706628069715,1
32,27,1,1,2.3348420395269,4.1963052252825,0.462736695000658,1
32,28,1,1,2.3348420395269,4.1963052252825,0.406027456215181,1
32,29,-1,1,2.11265244256733,0.0669804273885988,0.387701396350393,-1
32,30,-1,-1,2.01364042336274,0.90529754705488,0.386477653892748,1
32,31,1,1,2.3348420395269,4.1963052252825,0.301448003765143,1
32,32,1,1,2.3348420395269,4.1963052252825,0.520746237755082,1
32,33,-1,1,2.11265244256733,0.0669804273885988,0.571988726910821,1
32,34,-1,1,2.11265244256733,0.0669804273885988,2.01371360187675,-1
32,35,-1,-1,2.01364042336274,0.90529754705488,0.601207594905093,-1
32,36,-1,-1,2.01364042336274,0.90529754705488,0.39872785091063,1
32,37,1,1,2.3348420395269,4.1963052252825,0.441130886556911,1
32,38,1,1,2.3348420395269,4.1963052252825,0.411350748682582,1
32,39,-1,1,2.11265244256733,0.0669804273885988,0.81232667306042,-1
32,40,1,-1,2.22541683536204,2.03141680027402,1.96860714085199,1
32,41,1,1,2.3348420395269,4.1963052252825,0.653901416044207,1
32,42,-1,1,2.11265244256733,0.0669804273885988,5.46542281643898,1
32,43,1,1,2.3348420395269,4.1963052252825,0.791896714694073,1
32,44,1,1,2.3348420395269,4.1963052252825,0.49087776365386,1
32,45,-1,1,2.11265244256733,0.0669804273885988,1.99886369133149,1
32,46,1,1,2.3348420395269,4.1963052252825,0.498664797410247,1
32,47,1,1,2.3348420395269,4.1963052252825,0.454238682547776,1
32,48,1,1,2.3348420395269,4.1963052252825,0.338911465242937,1
32,49,-1,1,2.11265244256733,0.0669804273885988,6.6917971292083,1
32,50,-1,1,2.11265244256733,0.0669804273885988,1.26264090162234,1
32,51,-1,1,2.11265244256733,0.0669804273885988,1.00372957900669,1
32,52,-1,1,2.11265244256733,0.0669804273885988,0.645972001662883,-1
32,53,-1,-1,2.01364042336274,0.90529754705488,0.771594466836868,1
32,54,-1,1,2.11265244256733,0.0669804273885988,0.482214613447397,-1
32,55,-1,-1,2.01364042336274,0.90529754705488,0.70924335845548,1
32,56,1,1,2.3348420395269,4.1963052252825,0.41824298597898,1
32,57,-1,1,2.11265244256733,0.0669804273885988,0.487786094408166,1
32,58,1,1,2.3348420395269,4.1963052252825,0.431095052907746,1
32,59,-1,1,2.11265244256733,0.0669804273885988,0.391564249517903,1
32,60,1,1,2.3348420395269,4.1963052252825,0.3679317083075,1
32,61,-1,1,2.11265244256733,0.0669804273885988,2.13901335423291,-1
32,62,-1,-1,2.01364042336274,0.90529754705488,0.714773808085266,1
32,63,1,1,2.3348420395269,4.1963052252825,0.386841810635409,1
32,64,1,1,2.3348420395269,4.1963052252825,0.455650924132383,1
32,65,-1,1,2.11265244256733,0.0669804273885988,1.4889294303872,-1
32,66,1,-1,2.22541683536204,2.03141680027402,0.393165709357769,1
32,67,1,1,2.3348420395269,4.1963052252825,0.461516201896722,1
32,68,-1,1,2.11265244256733,0.0669804273885988,2.55152893905867,1
32,69,1,1,2.3348420395269,4.1963052252825,0.538484206218155,1
32,70,-1,1,2.11265244256733,0.0669804273885988,5.63798272480826,-1
32,71,-1,-1,2.01364042336274,0.90529754705488,0.678166481209375,1
32,72,1,1,2.3348420395269,4.1963052252825,0.421958892248248,1
32,73,1,1,2.3348420395269,4.1963052252825,0.426892075667435,1
32,74,-1,1,2.11265244256733,0.0669804273885988,1.97557827211009,-1
32,75,1,-1,2.22541683536204,2.03141680027402,2.71332357178712,1
32,76,1,1,2.3348420395269,4.1963052252825,0.58367792549199,1
32,77,1,1,2.3348420395269,4.1963052252825,0.569660956290996,1
32,78,1,1,2.3348420395269,4.1963052252825,0.432824244406714,1
32,79,1,1,2.3348420395269,4.1963052252825,0.344890475251637,1
32,80,-1,1,2.11265244256733,0.0669804273885988,2.90548944498403,-1
32,81,-1,-1,2.01364042336274,0.90529754705488,1.23532191021829,1
32,82,-1,1,2.11265244256733,0.0669804273885988,0.351175432614811,-1
32,83,1,-1,2.22541683536204,2.03141680027402,0.78662541379387,1
32,84,1,1,2.3348420395269,4.1963052252825,0.407655457692388,1
32,85,1,1,2.3348420395269,4.1963052252825,0.581494040091231,1
32,86,-1,1,2.11265244256733,0.0669804273885988,0.714163612257217,1
32,87,-1,1,2.11265244256733,0.0669804273885988,2.00132824935873,1
32,88,1,1,2.3348420395269,4.1963052252825,0.553458400434778,1
32,89,1,1,2.3348420395269,4.1963052252825,0.480698581487425,1
32,90,1,1,2.3348420395269,4.1963052252825,0.432776041487318,1
32,91,-1,1,2.11265244256733,0.0669804273885988,1.83275445700205,-1
32,92,-1,-1,2.01364042336274,0.90529754705488,0.478973447399189,-1
32,93,-1,-1,2.01364042336274,0.90529754705488,0.64541346752433,1
32,94,1,1,2.3348420395269,4.1963052252825,0.511019846333839,1
32,95,-1,1,2.11265244256733,0.0669804273885988,2.55489852201642,1
32,96,1,1,2.3348420395269,4.1963052252825,0.47178088959919,1
32,97,-1,1,2.11265244256733,0.0669804273885988,1.95035684211629,-1
32,98,-1,-1,2.01364042336274,0.90529754705488,0.379453005031739,1
32,99,-1,1,2.11265244256733,0.0669804273885988,0.602367660216525,1
32,100,1,1,2.3348420395269,4.1963052252825,0.322376531377645,1
32,101,-1,1,2.11265244256733,0.0669804273885988,0.80027789097412,1
33,2,1,1,1.99949189944362,2.88500367319126,0.425661702137801,1
33,3,-1,1,1.80921508767638,1.590276157749,0.493762431206821,1
33,4,-1,1,1.80921508767638,1.590276157749,0.424511972404003,1
33,5,-1,1,1.80921508767638,1.590276157749,0.437801322528667,1
33,6,-1,1,1.80921508767638,1.590276157749,0.760964927906796,1
33,7,1,1,1.99949189944362,2.88500367319126,0.557052226142531,1
33,8,1,1,1.99949189944362,2.88500367319126,0.713951005942096,1
33,9,1,1,1.99949189944362,2.88500367319126,1.09221351189108,1
33,10,-1,1,1.80921508767638,1.590276157749,0.575220235595937,1
33,11,-1,1,1.80921508767638,1.590276157749,0.808294010720873,1
33,12,-1,1,1.80921508767638,1.590276157749,0.689345291121866,1
33,13,-1,1,1.80921508767638,1.590276157749,1.04628347049111,1
33,14,1,1,1.99949189944362,2.88500367319126,0.583371939697004,1
33,15,1,1,1.99949189944362,2.88500367319126,0.365656348424066,1
33,16,-1,1,1.80921508767638,1.590276157749,0.612331358973755,1
33,17,1,1,1.99949189944362,2.88500367319126,1.02866972648597,1
33,18,-1,1,1.80921508767638,1.590276157749,0.829207675621473,1
33,19,1,1,1.99949189944362,2.88500367319126,1.37153261109005,1
33,20,1,1,1.99949189944362,2.88500367319126,0.640960969107563,1
33,21,1,1,1.99949189944362,2.88500367319126,0.918316954338143,1
33,22,1,1,1.99949189944362,2.88500367319126,0.80716357534435,1
33,23,-1,1,1.80921508767638,1.590276157749,0.643542578769075,1
33,24,1,1,1.99949189944362,2.88500367319126,0.539045396886412,1
33,25,1,1,1.99949189944362,2.88500367319126,0.454098318060304,1
33,26,1,1,1.99949189944362,2.88500367319126,0.421598543684657,1
33,27,1,1,1.99949189944362,2.88500367319126,0.536012606394914,1
33,28,1,1,1.99949189944362,2.88500367319126,1.19273427065238,1
33,29,1,1,1.99949189944362,2.88500367319126,0.425886688906021,1
33,30,1,1,1.99949189944362,2.88500367319126,0.51018910514758,1
33,31,1,1,1.99949189944362,2.88500367319126,0.404985167215005,1
33,32,1,1,1.99949189944362,2.88500367319126,0.447145960888853,1
33,33,-1,1,1.80921508767638,1.590276157749,0.378910615855292,1
33,34,-1,1,1.80921508767638,1.590276157749,0.855109901093937,1
33,35,1,1,1.99949189944362,2.88500367319126,0.483304417129733,1
33,36,1,1,1.99949189944362,2.88500367319126,0.398138959356588,1
33,37,-1,1,1.80921508767638,1.590276157749,1.50874295863684,1
33,38,1,1,1.99949189944362,2.88500367319126,0.715206140011291,1
33,39,-1,1,1.80921508767638,1.590276157749,0.453634552061745,1
33,40,-1,1,1.80921508767638,1.590276157749,1.14025104848874,1
33,41,1,1,1.99949189944362,2.88500367319126,0.403508930023028,1
33,42,1,1,1.99949189944362,2.88500367319126,1.10192785977255,1
33,43,1,1,1.99949189944362,2.88500367319126,0.642970675688647,1
33,44,-1,1,1.80921508767638,1.590276157749,0.441193157443043,1
33,45,-1,1,1.80921508767638,1.590276157749,1.21640140969317,1
33,46,1,1,1.99949189944362,2.88500367319126,1.21344043113018,1
33,47,1,1,1.99949189944362,2.88500367319126,0.392298272029528,1
33,48,-1,1,1.80921508767638,1.590276157749,0.619439762502271,1
33,49,-1,1,1.80921508767638,1.590276157749,0.909511012426511,1
33,50,-1,1,1.80921508767638,1.590276157749,0.825060856271251,1
33,51,1,1,1.99949189944362,2.88500367319126,0.54291615330925,1
33,52,-1,1,1.80921508767638,1.590276157749,0.729648931011534,1
33,53,1,1,1.99949189944362,2.88500367319126,0.526597831897859,1
33,54,1,1,1.99949189944362,2.88500367319126,0.585010269423247,1
33,55,-1,1,1.80921508767638,1.590276157749,0.916799609989657,1
33,56,-1,1,1.80921508767638,1.590276157749,0.673520008812763,1
33,57,-1,1,1.80921508767638,1.590276157749,1.063187034138,1
33,58,-1,1,1.80921508767638,1.590276157749,0.541143769327461,1
33,59,-1,1,1.80921508767638,1.590276157749,0.503829203762822,1
33,60,1,1,1.99949189944362,2.88500367319126,0.560411830696635,1
33,61,-1,1,1.80921508767638,1.590276157749,1.37323161078159,1
33,62,1,1,1.99949189944362,2.88500367319126,0.625401545617655,1
33,63,1,1,1.99949189944362,2.88500367319126,0.33110417003561,1
33,64,-1,1,1.80921508767638,1.590276157749,0.437621058571683,1
33,65,1,1,1.99949189944362,2.88500367319126,0.494981471957118,1
33,66,1,1,1.99949189944362,2.88500367319126,0.491479426546145,1
33,67,-1,1,1.80921508767638,1.590276157749,0.44267155171685,1
33,68,-1,1,1.80921508767638,1.590276157749,0.90828588895937,1
33,69,-1,1,1.80921508767638,1.590276157749,1.72262977099469,1
33,70,1,1,1.99949189944362,2.88500367319126,1.42338076979159,1
33,71,1,1,1.99949189944362,2.88500367319126,0.455263137291338,1
33,72,-1,1,1.80921508767638,1.590276157749,0.562704610824572,1
33,73,-1,1,1.80921508767638,1.590276157749,0.796831921489116,1
33,74,1,1,1.99949189944362,2.88500367319126,0.554043172674943,1
33,75,1,1,1.99949189944362,2.88500367319126,0.381206897825648,1
33,76,1,1,1.99949189944362,2.88500367319126,0.689404250125533,1
33,77,1,1,1.99949189944362,2.88500367319126,0.567839621262678,1
33,78,-1,1,1.80921508767638,1.590276157749,1.78850539494061,1
33,79,-1,1,1.80921508767638,1.590276157749,1.40862223066137,1
33,80,-1,1,1.80921508767638,1.590276157749,1.05555092988145,-1
33,81,1,-1,1.90578328634749,1.9936383916756,0.409330701235854,1
33,82,1,1,1.99949189944362,2.88500367319126,0.351465771010163,1
33,83,-1,1,1.80921508767638,1.590276157749,0.449429190128251,1
33,84,-1,1,1.80921508767638,1.590276157749,0.860830328473897,1
33,85,-1,1,1.80921508767638,1.590276157749,0.781291521640285,1
33,86,-1,1,1.80921508767638,1.590276157749,1.12269105976368,1
33,87,1,1,1.99949189944362,2.88500367319126,0.975682343245132,1
33,88,-1,1,1.80921508767638,1.590276157749,1.18013955331903,1
33,89,1,1,1.99949189944362,2.88500367319126,0.455797683714211,1
33,90,-1,1,1.80921508767638,1.590276157749,0.500329608370879,1
33,91,-1,1,1.80921508767638,1.590276157749,0.986806444666866,1
33,92,1,1,1.99949189944362,2.88500367319126,0.462181975790491,1
33,93,1,1,1.99949189944362,2.88500367319126,0.526328265677948,1
33,94,-1,1,1.80921508767638,1.590276157749,0.811837906314058,1
33,95,-1,1,1.80921508767638,1.590276157749,0.693821859112835,-1
33,96,-1,-1,1.72442402815475,0.731081777384136,1.28162416091171,1
33,97,-1,1,1.80921508767638,1.590276157749,0.953766523017476,1
33,98,1,1,1.99949189944362,2.88500367319126,0.967291775313914,1
33,99,-1,1,1.80921508767638,1.590276157749,0.487947720434618,1
33,100,-1,1,1.80921508767638,1.590276157749,0.417290808250262,1
33,101,1,1,1.99949189944362,2.88500367319126,1.29443501287719,1
34,2,1,1,1.44173176626018,3.106326514096,0.49421695900405,1
34,3,1,1,1.44173176626018,3.106326514096,0.377445351196411,1
34,4,-1,1,1.30453284888328,0.741945911584964,0.660784823881241,1
34,5,1,1,1.44173176626018,3.106326514096,0.415154471148429,1
34,6,-1,1,1.30453284888328,0.741945911584964,0.462142260987687,-1
34,7,-1,-1,1.24339433462313,0.913336350396569,0.342442316844305,1
34,8,-1,1,1.30453284888328,0.741945911584964,0.507413478252945,1
34,9,-1,1,1.30453284888328,0.741945911584964,0.401227024748041,1
34,10,1,1,1.44173176626018,3.106326514096,0.436164337884137,1
34,11,1,1,1.44173176626018,3.106326514096,0.703602383038559,1
34,12,-1,1,1.30453284888328,0.741945911584964,0.348938601945214,-1
34,13,1,-1,1.3741632583255,2.43839122392246,0.364961275352218,1
34,14,-1,1,1.30453284888328,0.741945911584964,0.613722291327416,1
34,15,1,1,1.44173176626018,3.106326514096,0.686602188344242,1
34,16,-1,1,1.30453284888328,0.741945911584964,0.748472122855252,1
34,17,1,1,1.44173176626018,3.106326514096,0.447051223867407,1
34,18,-1,1,1.30453284888328,0.741945911584964,0.375780309808288,1
34,19,-1,1,1.30453284888328,0.741945911584964,0.750865207786495,1
34,20,1,1,1.44173176626018,3.106326514096,0.549338466353391,1
34,21,1,1,1.44173176626018,3.106326514096,0.427337185400356,1
34,22,1,1,1.44173176626018,3.106326514096,0.351261522196352,1
34,23,-1,1,1.30453284888328,0.741945911584964,0.635591053587438,1
34,24,1,1,1.44173176626018,3.106326514096,0.372989748578774,1
34,25,1,1,1.44173176626018,3.106326514096,0.660433383656393,1
34,26,-1,1,1.30453284888328,0.741945911584964,0.718030434010643,1
34,27,1,1,1.44173176626018,3.106326514096,0.679686956342203,1
34,28,-1,1,1.30453284888328,0.741945911584964,1.2539297654628,1
34,29,1,1,1.44173176626018,3.106326514096,0.322478518186923,1
34,30,-1,1,1.30453284888328,0.741945911584964,0.978767891969913,1
34,31,-1,1,1.30453284888328,0.741945911584964,0.967373325451546,-1
34,32,-1,-1,1.24339433462313,0.913336350396569,1.15143281269099,1
34,33,-1,1,1.30453284888328,0.741945911584964,0.440271297634314,-1
34,34,-1,-1,1.24339433462313,0.913336350396569,0.613027908654919,1
34,35,1,1,1.44173176626018,3.106326514096,0.329287325113792,1
34,36,1,1,1.44173176626018,3.106326514096,0.515794507948276,1
34,37,1,1,1.44173176626018,3.106326514096,0.329968605647417,1
34,38,1,1,1.44173176626018,3.106326514096,0.411070996975688,1
34,39,1,1,1.44173176626018,3.106326514096,0.93476230014604,1
34,40,1,1,1.44173176626018,3.106326514096,0.520385526230484,1
34,41,-1,1,1.30453284888328,0.741945911584964,0.749206704862807,1
34,42,-1,1,1.30453284888328,0.741945911584964,0.528607898181037,1
34,43,-1,1,1.30453284888328,0.741945911584964,0.594294092573234,1
34,44,1,1,1.44173176626018,3.106326514096,0.489170571820949,1
34,45,1,1,1.44173176626018,3.106326514096,0.366640546741691,1
34,46,1,1,1.44173176626018,3.106326514096,0.326786805058262,1
34,47,-1,1,1.30453284888328,0.741945911584964,1.12697965071493,1
34,48,1,1,1.44173176626018,3.106326514096,0.322398591320858,1
34,49,-1,1,1.30453284888328,0.741945911584964,0.450448683468882,1
34,50,1,1,1.44173176626018,3.106326514096,0.488764611105152,1
34,51,1,1,1.44173176626018,3.106326514096,0.525827281778557,1
34,52,-1,1,1.30453284888328,0.741945911584964,0.482134342647643,1
34,53,1,1,1.44173176626018,3.106326514096,1.10859349768195,1
34,54,-1,1,1.30453284888328,0.741945911584964,0.343491996669932,-1
34,55,-1,-1,1.24339433462313,0.913336350396569,0.327643497981015,-1
34,56,1,-1,1.3741632583255,2.43839122392246,0.631070978061568,1
34,57,-1,1,1.30453284888328,0.741945911584964,0.664530177711299,1
34,58,1,1,1.44173176626018,3.106326514096,0.502492117417413,1
34,59,-1,1,1.30453284888328,0.741945911584964,0.420089914356247,1
34,60,-1,1,1.30453284888328,0.741945911584964,0.464396588623336,1
34,61,-1,1,1.30453284888328,0.741945911584964,0.337836962638578,1
34,62,-1,1,1.30453284888328,0.741945911584964,0.634171830371586,-1
34,63,1,-1,1.3741632583255,2.43839122392246,0.769613747173769,1
34,64,-1,1,1.30453284888328,0.741945911584964,0.389299275552585,1
34,65,-1,1,1.30453284888328,0.741945911584964,0.695995465015014,-1
34,66,-1,-1,1.24339433462313,0.913336350396569,0.408744457832961,1
34,67,1,1,1.44173176626018,3.106326514096,0.428455667118868,1
34,68,1,1,1.44173176626018,3.106326514096,0.430846010420111,1
34,69,-1,1,1.30453284888328,0.741945911584964,0.431118214902267,-1
34,70,-1,-1,1.24339433462313,0.913336350396569,0.93353763955365,1
34,71,1,1,1.44173176626018,3.106326514096,0.482255851191183,1
34,72,-1,1,1.30453284888328,0.741945911584964,0.554988275556552,1
34,73,1,1,1.44173176626018,3.106326514096,0.449193518169635,1
34,74,1,1,1.44173176626018,3.106326514096,0.426369204115085,1
34,75,-1,1,1.30453284888328,0.741945911584964,0.31414945247098,-1
34,76,-1,-1,1.24339433462313,0.913336350396569,0.568251301213516,1
34,77,-1,1,1.30453284888328,0.741945911584964,0.405175232853253,1
34,78,1,1,1.44173176626018,3.106326514096,0.372511083442429,1
34,79,-1,1,1.30453284888328,0.741945911584964,0.531566563823232,1
34,80,1,1,1.44173176626018,3.106326514096,0.732122537283334,1
34,81,1,1,1.44173176626018,3.106326514096,0.671306954030439,1
34,82,1,1,1.44173176626018,3.106326514096,0.379376368598663,1
34,83,1,1,1.44173176626018,3.106326514096,0.312436847251761,1
34,84,1,1,1.44173176626018,3.106326514096,0.360459516835897,1
34,85,-1,1,1.30453284888328,0.741945911584964,1.00776789030681,1
34,86,-1,1,1.30453284888328,0.741945911584964,0.686681842893596,1
34,87,-1,1,1.30453284888328,0.741945911584964,0.396670046053099,-1
34,88,-1,-1,1.24339433462313,0.913336350396569,0.408001663905861,1
34,89,-1,1,1.30453284888328,0.741945911584964,0.582633601114678,-1
34,90,-1,-1,1.24339433462313,0.913336350396569,0.399723208577972,1
34,91,1,1,1.44173176626018,3.106326514096,0.343072261856026,1
34,92,1,1,1.44173176626018,3.106326514096,0.380931455558897,1
34,93,1,1,1.44173176626018,3.106326514096,0.334070257755837,1
34,94,1,1,1.44173176626018,3.106326514096,0.396790850059621,1
34,95,1,1,1.44173176626018,3.106326514096,0.692182316836934,1
34,96,1,1,1.44173176626018,3.106326514096,0.344767979499498,1
34,97,-1,1,1.30453284888328,0.741945911584964,0.966523650398795,1
34,98,-1,1,1.30453284888328,0.741945911584964,0.532187611552255,1
34,99,-1,1,1.30453284888328,0.741945911584964,0.822994328964567,1
34,100,1,1,1.44173176626018,3.106326514096,0.42068761623229,1
34,101,1,1,1.44173176626018,3.106326514096,0.361758183959554,1
35,2,-1,1,1.85004683902979,0.951179121852488,1.19078648255355,1
35,3,1,1,2.0446179635735,3.49631832380738,0.394052712828651,1
35,4,1,1,2.0446179635735,3.49631832380738,0.361191370349377,1
35,5,1,1,2.0446179635735,3.49631832380738,0.296053826001871,1
35,6,1,1,2.0446179635735,3.49631832380738,0.862948077524414,1
35,7,-1,1,1.85004683902979,0.951179121852488,1.49949365116433,1
35,8,1,1,2.0446179635735,3.49631832380738,0.537700996599108,1
35,9,1,1,2.0446179635735,3.49631832380738,0.717091560067826,1
35,10,1,1,2.0446179635735,3.49631832380738,0.406965946089111,1
35,11,-1,1,1.85004683902979,0.951179121852488,0.346721944306506,1
35,12,1,1,2.0446179635735,3.49631832380738,0.284844962926721,1
35,13,1,1,2.0446179635735,3.49631832380738,1.32101635682824,1
35,14,1,1,2.0446179635735,3.49631832380738,0.337323343477132,1
35,15,1,1,2.0446179635735,3.49631832380738,0.36818555129085,1
35,16,-1,1,1.85004683902979,0.951179121852488,0.571481048688808,-1
35,17,1,-1,1.94879446274751,2.2208282189126,1.17118659975881,1
35,18,-1,1,1.85004683902979,0.951179121852488,0.708490503091883,1
35,19,1,1,2.0446179635735,3.49631832380738,0.366653600834354,1
35,20,-1,1,1.85004683902979,0.951179121852488,0.473429973348125,-1
35,21,-1,-1,1.76334214995523,0.531674335427525,0.678033365245854,1
35,22,-1,1,1.85004683902979,0.951179121852488,1.05840580624332,1
35,23,1,1,2.0446179635735,3.49631832380738,0.380487271329843,1
35,24,1,1,2.0446179635735,3.49631832380738,0.335337964508079,1
35,25,1,1,2.0446179635735,3.49631832380738,0.364225310060158,1
35,26,1,1,2.0446179635735,3.49631832380738,0.29572289193522,1
35,27,-1,1,1.85004683902979,0.951179121852488,0.371369159597913,1
35,28,-1,1,1.85004683902979,0.951179121852488,0.683654500134855,1
35,29,1,1,2.0446179635735,3.49631832380738,0.515213806292321,1
35,30,-1,1,1.85004683902979,0.951179121852488,1.48088304181894,1
35,31,-1,1,1.85004683902979,0.951179121852488,0.951317484023433,1
35,32,-1,1,1.85004683902979,0.951179121852488,0.65879790557591,1
35,33,-1,1,1.85004683902979,0.951179121852488,1.24326333945537,1
35,34,1,1,2.0446179635735,3.49631832380738,0.514201025953064,1
35,35,-1,1,1.85004683902979,0.951179121852488,0.884137089976513,1
35,36,-1,1,1.85004683902979,0.951179121852488,0.698680513563028,-1
35,37,1,-1,1.94879446274751,2.2208282189126,1.06115176731746,1
35,38,-1,1,1.85004683902979,0.951179121852488,0.646635359213221,-1
35,39,1,-1,1.94879446274751,2.2208282189126,0.708070545065915,1
35,40,1,1,2.0446179635735,3.49631832380738,0.399911230940649,1
35,41,-1,1,1.85004683902979,0.951179121852488,0.436224640304853,1
35,42,1,1,2.0446179635735,3.49631832380738,0.365059630819452,1
35,43,1,1,2.0446179635735,3.49631832380738,0.808506864399165,1
35,44,1,1,2.0446179635735,3.49631832380738,0.341903519337536,1
35,45,1,1,2.0446179635735,3.49631832380738,0.429449437370989,1
35,46,1,1,2.0446179635735,3.49631832380738,0.391225605388716,1
35,47,-1,1,1.85004683902979,0.951179121852488,1.60795221090533,-1
35,48,1,-1,1.94879446274751,2.2208282189126,1.34524416532927,1
35,49,-1,1,1.85004683902979,0.951179121852488,0.878663327577923,1
35,50,1,1,2.0446179635735,3.49631832380738,0.270294877605965,1
35,51,-1,1,1.85004683902979,0.951179121852488,0.550773862972641,1
35,52,-1,1,1.85004683902979,0.951179121852488,0.912467864641438,-1
35,53,-1,-1,1.76334214995523,0.531674335427525,2.22004862914905,1
35,54,1,1,2.0446179635735,3.49631832380738,0.625624682320228,1
35,55,-1,1,1.85004683902979,0.951179121852488,1.07286141021758,1
35,56,-1,1,1.85004683902979,0.951179121852488,0.489428998165237,1
35,57,1,1,2.0446179635735,3.49631832380738,0.523103909621972,1
35,58,1,1,2.0446179635735,3.49631832380738,0.442942946616676,1
35,59,-1,1,1.85004683902979,0.951179121852488,0.366724016376493,1
35,60,-1,1,1.85004683902979,0.951179121852488,0.655329226861055,-1
35,61,-1,-1,1.76334214995523,0.531674335427525,0.743002800838187,-1
35,62,1,-1,1.94879446274751,2.2208282189126,0.490355083955888,1
35,63,-1,1,1.85004683902979,0.951179121852488,0.557917781621804,-1
35,64,-1,-1,1.76334214995523,0.531674335427525,1.39888876326949,1
35,65,-1,1,1.85004683902979,0.951179121852488,0.362199033191245,1
35,66,-1,1,1.85004683902979,0.951179121852488,1.48008575617267,1
35,67,-1,1,1.85004683902979,0.951179121852488,0.785260720354636,1
35,68,-1,1,1.85004683902979,0.951179121852488,0.435278357955111,1
35,69,-1,1,1.85004683902979,0.951179121852488,0.870640323089168,1
35,70,-1,1,1.85004683902979,0.951179121852488,0.57228597090242,1
35,71,-1,1,1.85004683902979,0.951179121852488,1.84059909177378,1
35,72,1,1,2.0446179635735,3.49631832380738,0.460784085217066,1
35,73,1,1,2.0446179635735,3.49631832380738,0.661833759744662,1
35,74,-1,1,1.85004683902979,0.951179121852488,1.29661146067569,1
35,75,1,1,2.0446179635735,3.49631832380738,0.334609147007154,1
35,76,1,1,2.0446179635735,3.49631832380738,0.35725157302192,1
35,77,1,1,2.0446179635735,3.49631832380738,0.437422806556736,1
35,78,1,1,2.0446179635735,3.49631832380738,0.4633176883485,1
35,79,1,1,2.0446179635735,3.49631832380738,0.570157932999753,1
35,80,1,1,2.0446179635735,3.49631832380738,0.496818473087823,1
35,81,1,1,2.0446179635735,3.49631832380738,0.349680470092979,1
35,82,-1,1,1.85004683902979,0.951179121852488,0.996172153078807,1
35,83,-1,1,1.85004683902979,0.951179121852488,0.341254104844372,1
35,84,1,1,2.0446179635735,3.49631832380738,0.374882436666783,1
35,85,1,1,2.0446179635735,3.49631832380738,0.374784090533704,1
35,86,-1,1,1.85004683902979,0.951179121852488,1.60385270594985,1
35,87,1,1,2.0446179635735,3.49631832380738,0.648819044917902,1
35,88,-1,1,1.85004683902979,0.951179121852488,0.409759832337945,1
35,89,-1,1,1.85004683902979,0.951179121852488,0.681934905594515,1
35,90,-1,1,1.85004683902979,0.951179121852488,0.436824992535417,1
35,91,1,1,2.0446179635735,3.49631832380738,0.833394341691618,1
35,92,1,1,2.0446179635735,3.49631832380738,0.401457139703203,1
35,93,1,1,2.0446179635735,3.49631832380738,1.17623810463866,1
35,94,-1,1,1.85004683902979,0.951179121852488,0.479578695657746,-1
35,95,1,-1,1.94879446274751,2.2208282189126,0.680081742532688,1
35,96,-1,1,1.85004683902979,0.951179121852488,0.597234189203946,1
35,97,-1,1,1.85004683902979,0.951179121852488,0.471872045236124,1
35,98,-1,1,1.85004683902979,0.951179121852488,0.76200640192612,1
35,99,-1,1,1.85004683902979,0.951179121852488,0.271185514846662,1
35,100,1,1,2.0446179635735,3.49631832380738,0.693957135494055,-1
35,101,-1,-1,1.76334214995523,0.531674335427525,0.45445422067366,1
36,2,1,1,2.00170020467739,3.30796875237629,0.392896582819131,1
36,3,-1,1,1.81121324488234,1.74191536472481,0.667295434304261,1
36,4,-1,1,1.81121324488234,1.74191536472481,0.429416121565993,1
36,5,-1,1,1.81121324488234,1.74191536472481,0.852023001481527,1
36,6,1,1,2.00170020467739,3.30796875237629,0.299206571004689,1
36,7,1,1,2.00170020467739,3.30796875237629,0.46650908559108,1
36,8,-1,1,1.81121324488234,1.74191536472481,0.880930391523794,1
36,9,1,1,2.00170020467739,3.30796875237629,0.449589544765352,1
36,10,-1,1,1.81121324488234,1.74191536472481,0.356783165023173,1
36,11,1,1,2.00170020467739,3.30796875237629,0.556025236776158,1
36,12,1,1,2.00170020467739,3.30796875237629,0.387631983109807,1
36,13,1,1,2.00170020467739,3.30796875237629,0.331939101245267,1
36,14,1,1,2.00170020467739,3.30796875237629,0.452752510257183,1
36,15,-1,1,1.81121324488234,1.74191536472481,0.738864967540646,1
36,16,-1,1,1.81121324488234,1.74191536472481,0.617674160684893,1
36,17,-1,1,1.81121324488234,1.74191536472481,0.502466665274455,-1
36,18,1,-1,1.90788809667798,0.931852484317285,1.51505234845858,1
36,19,-1,1,1.81121324488234,1.74191536472481,0.458461123006117,1
36,20,-1,1,1.81121324488234,1.74191536472481,0.433961514446961,1
36,21,-1,1,1.81121324488234,1.74191536472481,0.532320011923294,1
36,22,1,1,2.00170020467739,3.30796875237629,0.384868834525638,1
36,23,-1,1,1.81121324488234,1.74191536472481,1.86935039833705,1
36,24,-1,1,1.81121324488234,1.74191536472481,0.65568616828805,1
36,25,-1,1,1.81121324488234,1.74191536472481,0.589289205768436,1
36,26,-1,1,1.81121324488234,1.74191536472481,0.565804671957746,1
36,27,1,1,2.00170020467739,3.30796875237629,0.476194509306992,1
36,28,-1,1,1.81121324488234,1.74191536472481,0.86075019799064,1
36,29,1,1,2.00170020467739,3.30796875237629,0.445389434928721,1
36,30,-1,1,1.81121324488234,1.74191536472481,0.574204444758195,1
36,31,1,1,2.00170020467739,3.30796875237629,0.472472658928213,1
36,32,1,1,2.00170020467739,3.30796875237629,0.238853794287257,1
36,33,-1,1,1.81121324488234,1.74191536472481,0.652906302881891,1
36,34,1,1,2.00170020467739,3.30796875237629,0.739197221423789,1
36,35,1,1,2.00170020467739,3.30796875237629,0.387598017455353,1
36,36,-1,1,1.81121324488234,1.74191536472481,1.12220178037511,1
36,37,-1,1,1.81121324488234,1.74191536472481,0.448129485996522,1
36,38,-1,1,1.81121324488234,1.74191536472481,0.370684865396766,1
36,39,1,1,2.00170020467739,3.30796875237629,0.374537666494572,1
36,40,-1,1,1.81121324488234,1.74191536472481,0.269958338932672,1
36,41,1,1,2.00170020467739,3.30796875237629,0.801131898174625,1
36,42,1,1,2.00170020467739,3.30796875237629,0.642702147791872,1
36,43,1,1,2.00170020467739,3.30796875237629,0.362365862878439,1
36,44,-1,1,1.81121324488234,1.74191536472481,0.273077071761465,1
36,45,1,1,2.00170020467739,3.30796875237629,0.357023382905296,1
36,46,1,1,2.00170020467739,3.30796875237629,0.493726938403588,1
36,47,-1,1,1.81121324488234,1.74191536472481,0.683823207956604,-1
36,48,1,-1,1.90788809667798,0.931852484317285,1.03400614565576,1
36,49,1,1,2.00170020467739,3.30796875237629,0.390535606781278,1
36,50,-1,1,1.81121324488234,1.74191536472481,0.277417050846427,1
36,51,1,1,2.00170020467739,3.30796875237629,0.314982120756646,1
36,52,-1,1,1.81121324488234,1.74191536472481,0.281465508680717,1
36,53,-1,1,1.81121324488234,1.74191536472481,0.542370697308475,1
36,54,1,1,2.00170020467739,3.30796875237629,0.348943624371495,1
36,55,1,1,2.00170020467739,3.30796875237629,0.402631042804363,1
36,56,1,1,2.00170020467739,3.30796875237629,0.381563396218434,1
36,57,1,1,2.00170020467739,3.30796875237629,0.655551313175441,1
36,58,1,1,2.00170020467739,3.30796875237629,0.458920577157656,1
36,59,1,1,2.00170020467739,3.30796875237629,0.386866605876679,1
36,60,1,1,2.00170020467739,3.30796875237629,0.341925327246378,1
36,61,1,1,2.00170020467739,3.30796875237629,0.987185838362039,1
36,62,1,1,2.00170020467739,3.30796875237629,0.434202781206599,1
36,63,-1,1,1.81121324488234,1.74191536472481,0.244417609909134,1
36,64,1,1,2.00170020467739,3.30796875237629,0.627484640222912,1
36,65,1,1,2.00170020467739,3.30796875237629,0.55539175596131,1
36,66,1,1,2.00170020467739,3.30796875237629,0.628985186531322,1
36,67,1,1,2.00170020467739,3.30796875237629,0.44367791581866,1
36,68,1,1,2.00170020467739,3.30796875237629,0.629680092585025,1
36,69,1,1,2.00170020467739,3.30796875237629,0.273795714008217,1
36,70,-1,1,1.81121324488234,1.74191536472481,0.315679176824262,1
36,71,-1,1,1.81121324488234,1.74191536472481,0.31994617616964,1
36,72,1,1,2.00170020467739,3.30796875237629,0.480502415205094,1
36,73,-1,1,1.81121324488234,1.74191536472481,0.264920506889269,1
36,74,-1,1,1.81121324488234,1.74191536472481,1,1
36,75,-1,1,1.81121324488234,1.74191536472481,1.27899274187695,1
36,76,-1,1,1.81121324488234,1.74191536472481,0.798784727335584,1
36,77,-1,1,1.81121324488234,1.74191536472481,0.411179652520542,1
36,78,-1,1,1.81121324488234,1.74191536472481,0.698582524776802,1
36,79,1,1,2.00170020467739,3.30796875237629,0.397725341095378,1
36,80,1,1,2.00170020467739,3.30796875237629,0.308730978080649,1
36,81,-1,1,1.81121324488234,1.74191536472481,0.440641523976156,1
36,82,1,1,2.00170020467739,3.30796875237629,0.42003042737117,1
36,83,1,1,2.00170020467739,3.30796875237629,0.707418743734173,1
36,84,1,1,2.00170020467739,3.30796875237629,0.568062281367006,1
36,85,1,1,2.00170020467739,3.30796875237629,0.329883850230785,1
36,86,-1,1,1.81121324488234,1.74191536472481,0.3544527917008,1
36,87,-1,1,1.81121324488234,1.74191536472481,0.40534461454577,1
36,88,1,1,2.00170020467739,3.30796875237629,0.39494343162654,1
36,89,-1,1,1.81121324488234,1.74191536472481,0.354929936168418,1
36,90,-1,1,1.81121324488234,1.74191536472481,1.12782433687271,1
36,91,-1,1,1.81121324488234,1.74191536472481,0.61948509549527,1
36,92,-1,1,1.81121324488234,1.74191536472481,0.398530920966528,1
36,93,-1,1,1.81121324488234,1.74191536472481,0.613072133825931,1
36,94,-1,1,1.81121324488234,1.74191536472481,0.689626982231353,1
36,95,1,1,2.00170020467739,3.30796875237629,0.252218033746959,1
36,96,-1,1,1.81121324488234,1.74191536472481,0.474641908276714,1
36,97,-1,1,1.81121324488234,1.74191536472481,0.745044696764086,1
36,98,-1,1,1.81121324488234,1.74191536472481,0.612212913696719,1
36,99,-1,1,1.81121324488234,1.74191536472481,0.33011304411774,1
36,100,1,1,2.00170020467739,3.30796875237629,0.318449545973193,1
36,101,-1,1,1.81121324488234,1.74191536472481,1.1717807230311,1
37,2,1,1,2.4198257402871,3.62606781516747,0.495710442714481,1
37,3,1,1,2.4198257402871,3.62606781516747,0.344537810044372,1
37,4,-1,1,2.18954887493834,1.11004543051256,0.480543641299792,1
37,5,-1,1,2.18954887493834,1.11004543051256,1.06576950655787,1
37,6,-1,1,2.18954887493834,1.11004543051256,0.594845567083167,-1
37,7,1,-1,2.30641767190747,1.99008347264436,2.36259953515959,1
37,8,-1,1,2.18954887493834,1.11004543051256,1.5988427101481,1
37,9,1,1,2.4198257402871,3.62606781516747,0.368663554872645,1
37,10,1,1,2.4198257402871,3.62606781516747,0.316668691330336,1
37,11,1,1,2.4198257402871,3.62606781516747,0.77191154845927,1
37,12,1,1,2.4198257402871,3.62606781516747,0.752973030538712,1
37,13,-1,1,2.18954887493834,1.11004543051256,0.676214030525459,-1
37,14,-1,-1,2.08693301116127,0.473803281675608,0.306838069583153,1
37,15,-1,1,2.18954887493834,1.11004543051256,2.25892410983463,1
37,16,1,1,2.4198257402871,3.62606781516747,0.612008137361951,1
37,17,-1,1,2.18954887493834,1.11004543051256,0.726180640116294,1
37,18,-1,1,2.18954887493834,1.11004543051256,0.392156454147097,1
37,19,-1,1,2.18954887493834,1.11004543051256,0.525934889735644,1
37,20,-1,1,2.18954887493834,1.11004543051256,0.749171166634791,1
37,21,-1,1,2.18954887493834,1.11004543051256,0.338891440459121,1
37,22,1,1,2.4198257402871,3.62606781516747,0.411326874510565,1
37,23,1,1,2.4198257402871,3.62606781516747,0.43941307961721,1
37,24,1,1,2.4198257402871,3.62606781516747,0.466856852526732,1
37,25,1,1,2.4198257402871,3.62606781516747,0.358561817919684,1
37,26,-1,1,2.18954887493834,1.11004543051256,2.28297236766464,1
37,27,-1,1,2.18954887493834,1.11004543051256,0.500261919171259,1
37,28,-1,1,2.18954887493834,1.11004543051256,0.625786095509128,1
37,29,1,1,2.4198257402871,3.62606781516747,0.482861363640402,1
37,30,1,1,2.4198257402871,3.62606781516747,0.594323805006472,1
37,31,1,1,2.4198257402871,3.62606781516747,0.588419976710517,1
37,32,1,1,2.4198257402871,3.62606781516747,0.446448323686239,1
37,33,-1,1,2.18954887493834,1.11004543051256,0.58716167428867,1
37,34,-1,1,2.18954887493834,1.11004543051256,0.244209837727003,1
37,35,1,1,2.4198257402871,3.62606781516747,0.38855453004726,1
37,36,-1,1,2.18954887493834,1.11004543051256,0.805032034092163,1
37,37,1,1,2.4198257402871,3.62606781516747,0.332441100367823,1
37,38,1,1,2.4198257402871,3.62606781516747,0.336161482136195,1
37,39,-1,1,2.18954887493834,1.11004543051256,0.525596297392077,1
37,40,1,1,2.4198257402871,3.62606781516747,0.55923883158755,1
37,41,1,1,2.4198257402871,3.62606781516747,0.458911598358499,1
37,42,1,1,2.4198257402871,3.62606781516747,0.324745233126617,1
37,43,1,1,2.4198257402871,3.62606781516747,0.642867982500119,1
37,44,-1,1,2.18954887493834,1.11004543051256,0.564033574394964,1
37,45,1,1,2.4198257402871,3.62606781516747,0.579322729071592,1
37,46,1,1,2.4198257402871,3.62606781516747,0.329228864910479,1
37,47,1,1,2.4198257402871,3.62606781516747,0.471143983763507,1
37,48,1,1,2.4198257402871,3.62606781516747,0.333143373030613,1
37,49,-1,1,2.18954887493834,1.11004543051256,1.31353079894257,-1
37,50,-1,-1,2.08693301116127,0.473803281675608,0.50044570798893,1
37,51,-1,1,2.18954887493834,1.11004543051256,0.396929595603077,1
37,52,-1,1,2.18954887493834,1.11004543051256,1.67262080775036,1
37,53,1,1,2.4198257402871,3.62606781516747,0.567506705192556,1
37,54,1,1,2.4198257402871,3.62606781516747,0.496097758865526,1
37,55,-1,1,2.18954887493834,1.11004543051256,0.588043406007243,1
37,56,1,1,2.4198257402871,3.62606781516747,0.350627268743933,1
37,57,-1,1,2.18954887493834,1.11004543051256,0.576271879910869,1
37,58,-1,1,2.18954887493834,1.11004543051256,0.624405721347214,-1
37,59,1,-1,2.30641767190747,1.99008347264436,0.871931724228693,1
37,60,-1,1,2.18954887493834,1.11004543051256,6.12351315825207,1
37,61,-1,1,2.18954887493834,1.11004543051256,0.681288315771717,1
37,62,1,1,2.4198257402871,3.62606781516747,0.447421255857466,1
37,63,-1,1,2.18954887493834,1.11004543051256,1.10975052488764,1
37,64,1,1,2.4198257402871,3.62606781516747,0.296194484264293,1
37,65,1,1,2.4198257402871,3.62606781516747,0.517286383973521,1
37,66,1,1,2.4198257402871,3.62606781516747,0.321949381910388,1
37,67,1,1,2.4198257402871,3.62606781516747,0.359661762983241,1
37,68,-1,1,2.18954887493834,1.11004543051256,0.877866339615188,1
37,69,-1,1,2.18954887493834,1.11004543051256,1.01299690370902,1
37,70,-1,1,2.18954887493834,1.11004543051256,0.434466526958535,1
37,71,-1,1,2.18954887493834,1.11004543051256,2.07387755788253,1
37,72,-1,1,2.18954887493834,1.11004543051256,1.52339681958052,-1
37,73,-1,-1,2.08693301116127,0.473803281675608,1.08762549056331,-1
37,74,-1,-1,2.08693301116127,0.473803281675608,1.23252414914432,-1
37,75,-1,-1,2.08693301116127,0.473803281675608,0.549729456246061,-1
37,76,1,-1,2.30641767190747,1.99008347264436,0.496952441615811,1
37,77,-1,1,2.18954887493834,1.11004543051256,0.50968351028848,1
37,78,1,1,2.4198257402871,3.62606781516747,0.390146390016496,1
37,79,1,1,2.4198257402871,3.62606781516747,0.420657778780219,1
37,80,-1,1,2.18954887493834,1.11004543051256,0.669228577749245,-1
37,81,-1,-1,2.08693301116127,0.473803281675608,0.517037977139084,1
37,82,1,1,2.4198257402871,3.62606781516747,0.534254872396431,1
37,83,1,1,2.4198257402871,3.62606781516747,0.353705713855066,1
37,84,-1,1,2.18954887493834,1.11004543051256,0.939955823602538,1
37,85,1,1,2.4198257402871,3.62606781516747,0.467488504820684,1
37,86,1,1,2.4198257402871,3.62606781516747,0.954165749442271,1
37,87,-1,1,2.18954887493834,1.11004543051256,0.467401887112654,-1
37,88,1,-1,2.30641767190747,1.99008347264436,0.642846218619603,1
37,89,-1,1,2.18954887493834,1.11004543051256,0.586830812013226,1
37,90,-1,1,2.18954887493834,1.11004543051256,0.407618243464673,1
37,91,1,1,2.4198257402871,3.62606781516747,0.572584613813923,1
37,92,-1,1,2.18954887493834,1.11004543051256,1.58019962320613,1
37,93,-1,1,2.18954887493834,1.11004543051256,1.10628716134364,1
37,94,1,1,2.4198257402871,3.62606781516747,0.921358498160922,1
37,95,1,1,2.4198257402871,3.62606781516747,0.380232127894355,1
37,96,-1,1,2.18954887493834,1.11004543051256,0.404830890837502,1
37,97,-1,1,2.18954887493834,1.11004543051256,2.10679383899151,1
37,98,1,1,2.4198257402871,3.62606781516747,0.418612493286753,1
37,99,1,1,2.4198257402871,3.62606781516747,0.685838238123498,1
37,100,1,1,2.4198257402871,3.62606781516747,0.311778701324056,1
37,101,-1,1,2.18954887493834,1.11004543051256,0.368723597549812,1
38,2,1,1,1.95907923737615,3.06097385686356,0.292581109498653,1
38,3,-1,1,1.77264819887529,0.917960398379269,0.85786235344852,1
38,4,1,1,1.95907923737615,3.06097385686356,0.324997605663702,1
38,5,1,1,1.95907923737615,3.06097385686356,0.382481245319231,1
38,6,1,1,1.95907923737615,3.06097385686356,0.458334341236547,1
38,7,1,1,1.95907923737615,3.06097385686356,0.522407315907612,1
38,8,-1,1,1.77264819887529,0.917960398379269,0.687202381743709,1
38,9,-1,1,1.77264819887529,0.917960398379269,1.31421561109618,1
38,10,-1,1,1.77264819887529,0.917960398379269,0.238294716421798,1
38,11,1,1,1.95907923737615,3.06097385686356,0.469204256330657,1
38,12,1,1,1.95907923737615,3.06097385686356,0.285372598047884,1
38,13,1,1,1.95907923737615,3.06097385686356,0.372286859475452,1
38,14,-1,1,1.77264819887529,0.917960398379269,0.557480256400437,1
38,15,-1,1,1.77264819887529,0.917960398379269,0.527999970332083,1
38,16,-1,1,1.77264819887529,0.917960398379269,0.86292000252942,-1
38,17,1,-1,1.86726461270524,2.49643546557692,0.29595157894829,1
38,18,1,1,1.95907923737615,3.06097385686356,0.808477722305607,1
38,19,-1,1,1.77264819887529,0.917960398379269,0.39215765782017,1
38,20,-1,1,1.77264819887529,0.917960398379269,0.456582945541475,1
38,21,-1,1,1.77264819887529,0.917960398379269,0.719484839675449,1
38,22,-1,1,1.77264819887529,0.917960398379269,2.06999044952797,1
38,23,-1,1,1.77264819887529,0.917960398379269,0.723826270480083,1
38,24,-1,1,1.77264819887529,0.917960398379269,0.833921476632162,1
38,25,-1,1,1.77264819887529,0.917960398379269,0.554688151627423,-1
38,26,1,-1,1.86726461270524,2.49643546557692,0.583651465419891,1
38,27,-1,1,1.77264819887529,0.917960398379269,3.80583803870841,1
38,28,1,1,1.95907923737615,3.06097385686356,0.241889558432396,1
38,29,-1,1,1.77264819887529,0.917960398379269,0.834877875635548,1
38,30,-1,1,1.77264819887529,0.917960398379269,0.637989934462135,-1
38,31,-1,-1,1.68957089095013,0.724630279180247,0.563936815914112,1
38,32,-1,1,1.77264819887529,0.917960398379269,0.413440236234087,-1
38,33,-1,-1,1.68957089095013,0.724630279180247,0.94704198472296,1
38,34,1,1,1.95907923737615,3.06097385686356,0.330545000616435,1
38,35,1,1,1.95907923737615,3.06097385686356,0.379615583043829,1
38,36,1,1,1.95907923737615,3.06097385686356,0.267523895638882,1
38,37,-1,1,1.77264819887529,0.917960398379269,0.480577233639708,1
38,38,1,1,1.95907923737615,3.06097385686356,0.606696668320619,1
38,39,-1,1,1.77264819887529,0.917960398379269,1.25840053433099,1
38,40,-1,1,1.77264819887529,0.917960398379269,0.243591290314684,1
38,41,1,1,1.95907923737615,3.06097385686356,0.450376429844256,1
38,42,-1,1,1.77264819887529,0.917960398379269,0.366713530385726,-1
38,43,1,-1,1.86726461270524,2.49643546557692,0.297284758388001,1
38,44,1,1,1.95907923737615,3.06097385686356,0.256176497378551,1
38,45,1,1,1.95907923737615,3.06097385686356,0.237636677573934,1
38,46,-1,1,1.77264819887529,0.917960398379269,1.7779174798585,1
38,47,1,1,1.95907923737615,3.06097385686356,0.660365183321735,1
38,48,-1,1,1.77264819887529,0.917960398379269,0.382904836488799,1
38,49,1,1,1.95907923737615,3.06097385686356,0.54007971420615,1
38,50,1,1,1.95907923737615,3.06097385686356,0.392872920119946,1
38,51,-1,1,1.77264819887529,0.917960398379269,1.28172462900887,1
38,52,1,1,1.95907923737615,3.06097385686356,0.460032104527911,1
38,53,1,1,1.95907923737615,3.06097385686356,0.339458933462042,1
38,54,1,1,1.95907923737615,3.06097385686356,0.548802023833414,1
38,55,-1,1,1.77264819887529,0.917960398379269,1.73377194923073,1
38,56,-1,1,1.77264819887529,0.917960398379269,1.17795918518779,1
38,57,-1,1,1.77264819887529,0.917960398379269,0.584192889042627,1
38,58,1,1,1.95907923737615,3.06097385686356,0.318752095576642,1
38,59,-1,1,1.77264819887529,0.917960398379269,0.723058883685863,1
38,60,1,1,1.95907923737615,3.06097385686356,1.04559841132038,1
38,61,-1,1,1.77264819887529,0.917960398379269,0.409504652789777,1
38,62,-1,1,1.77264819887529,0.917960398379269,1.00332927957361,1
38,63,1,1,1.95907923737615,3.06097385686356,0.529037079430342,1
38,64,1,1,1.95907923737615,3.06097385686356,0.325937747410524,1
38,65,-1,1,1.77264819887529,0.917960398379269,1.13447835445168,1
38,66,1,1,1.95907923737615,3.06097385686356,0.530823632405364,1
38,67,-1,1,1.77264819887529,0.917960398379269,0.559184231801976,1
38,68,1,1,1.95907923737615,3.06097385686356,0.329321477004286,1
38,69,1,1,1.95907923737615,3.06097385686356,0.344415491089274,1
38,70,1,1,1.95907923737615,3.06097385686356,0.508613211122473,1
38,71,1,1,1.95907923737615,3.06097385686356,0.97775248613205,1
38,72,1,1,1.95907923737615,3.06097385686356,0.456601927219144,1
38,73,-1,1,1.77264819887529,0.917960398379269,0.580703475784635,1
38,74,-1,1,1.77264819887529,0.917960398379269,0.848312949062644,-1
38,75,-1,-1,1.68957089095013,0.724630279180247,0.537537042054809,1
38,76,-1,1,1.77264819887529,0.917960398379269,0.546638964286165,1
38,77,-1,1,1.77264819887529,0.917960398379269,0.354800148281203,1
38,78,1,1,1.95907923737615,3.06097385686356,0.4504935542482,1
38,79,-1,1,1.77264819887529,0.917960398379269,0.490135237210029,-1
38,80,1,-1,1.86726461270524,2.49643546557692,0.411112298995413,1
38,81,1,1,1.95907923737615,3.06097385686356,0.517842012956469,1
38,82,1,1,1.95907923737615,3.06097385686356,0.313603834028858,1
38,83,1,1,1.95907923737615,3.06097385686356,0.463821731168862,1
38,84,-1,1,1.77264819887529,0.917960398379269,1.39988689012005,-1
38,85,-1,-1,1.68957089095013,0.724630279180247,1.52193974883129,-1
38,86,-1,-1,1.68957089095013,0.724630279180247,0.986221122886899,1
38,87,1,1,1.95907923737615,3.06097385686356,0.534861104800723,1
38,88,-1,1,1.77264819887529,0.917960398379269,1.51674968488745,-1
38,89,-1,-1,1.68957089095013,0.724630279180247,2.86154754370116,1
38,90,1,1,1.95907923737615,3.06097385686356,0.350421267318238,1
38,91,1,1,1.95907923737615,3.06097385686356,0.378836322366291,1
38,92,-1,1,1.77264819887529,0.917960398379269,0.576405223699458,1
38,93,-1,1,1.77264819887529,0.917960398379269,1.52485919183384,-1
38,94,-1,-1,1.68957089095013,0.724630279180247,0.356599997693445,-1
38,95,1,-1,1.86726461270524,2.49643546557692,0.346537774540778,1
38,96,1,1,1.95907923737615,3.06097385686356,0.43442064751068,1
38,97,1,1,1.95907923737615,3.06097385686356,0.559213672760345,1
38,98,1,1,1.95907923737615,3.06097385686356,0.514049870174031,1
38,99,-1,1,1.77264819887529,0.917960398379269,2.14396853170171,1
38,100,1,1,1.95907923737615,3.06097385686356,0.500169922603809,1
38,101,1,1,1.95907923737615,3.06097385686356,0.821296470947006,1
39,2,1,1,1.4928936800022,3.24403159101198,0.29446674151851,1
39,3,1,1,1.4928936800022,3.24403159101198,0.343525824451104,1
39,4,1,1,1.4928936800022,3.24403159101198,0.338864451599128,1
39,5,1,1,1.4928936800022,3.24403159101198,0.371372180620942,1
39,6,-1,1,1.35082606281539,1.35224393613976,0.976967244713217,1
39,7,1,1,1.4928936800022,3.24403159101198,0.434324131946009,1
39,8,1,1,1.4928936800022,3.24403159101198,0.50914514480993,1
39,9,1,1,1.4928936800022,3.24403159101198,0.586975262765245,1
39,10,-1,1,1.35082606281539,1.35224393613976,1.3341305530943,1
39,11,-1,1,1.35082606281539,1.35224393613976,0.885368447319159,-1
39,12,1,-1,1.42292740692457,1.99986630019014,0.375088703881586,1
39,13,1,1,1.4928936800022,3.24403159101198,0.374005682754388,1
39,14,1,1,1.4928936800022,3.24403159101198,0.315746658125387,1
39,15,-1,1,1.35082606281539,1.35224393613976,0.324859810205356,-1
39,16,-1,-1,1.28751796093423,0.603858172658117,0.286623339471184,-1
39,17,1,-1,1.42292740692457,1.99986630019014,0.310872473032119,1
39,18,1,1,1.4928936800022,3.24403159101198,0.424935500504419,1
39,19,-1,1,1.35082606281539,1.35224393613976,0.385911914491365,1
39,20,-1,1,1.35082606281539,1.35224393613976,0.530405766864127,1
39,21,-1,1,1.35082606281539,1.35224393613976,0.406618233931276,1
39,22,-1,1,1.35082606281539,1.35224393613976,0.456196625163581,1
39,23,-1,1,1.35082606281539,1.35224393613976,0.556058323547601,1
39,24,-1,1,1.35082606281539,1.35224393613976,0.293443195940259,1
39,25,1,1,1.4928936800022,3.24403159101198,0.448438237704637,1
39,26,-1,1,1.35082606281539,1.35224393613976,1.11133366484586,-1
39,27,-1,-1,1.28751796093423,0.603858172658117,0.294457783823862,1
39,28,-1,1,1.35082606281539,1.35224393613976,0.608555048234727,1
39,29,-1,1,1.35082606281539,1.35224393613976,0.45043106222163,-1
39,30,1,-1,1.42292740692457,1.99986630019014,0.865785581992156,1
39,31,1,1,1.4928936800022,3.24403159101198,0.317308553772559,1
39,32,-1,1,1.35082606281539,1.35224393613976,0.458194763904813,1
39,33,-1,1,1.35082606281539,1.35224393613976,0.581119138268409,1
39,34,1,1,1.4928936800022,3.24403159101198,0.365168453527311,1
39,35,1,1,1.4928936800022,3.24403159101198,0.414026850319098,1
39,36,-1,1,1.35082606281539,1.35224393613976,0.275172942967405,1
39,37,-1,1,1.35082606281539,1.35224393613976,0.297752531202597,1
39,38,1,1,1.4928936800022,3.24403159101198,0.26750367304957,1
39,39,1,1,1.4928936800022,3.24403159101198,0.654464563106038,1
39,40,1,1,1.4928936800022,3.24403159101198,0.876682346056959,1
39,41,1,1,1.4928936800022,3.24403159101198,0.652015720173635,1
39,42,-1,1,1.35082606281539,1.35224393613976,0.436590849437845,1
39,43,-1,1,1.35082606281539,1.35224393613976,0.881346309945955,1
39,44,1,1,1.4928936800022,3.24403159101198,0.485100307586032,1
39,45,-1,1,1.35082606281539,1.35224393613976,0.738625524808737,1
39,46,1,1,1.4928936800022,3.24403159101198,0.352581054439628,1
39,47,-1,1,1.35082606281539,1.35224393613976,0.619828450780937,1
39,48,1,1,1.4928936800022,3.24403159101198,0.655794473270922,1
39,49,1,1,1.4928936800022,3.24403159101198,0.393291963004058,1
39,50,-1,1,1.35082606281539,1.35224393613976,0.999587471002581,1
39,51,-1,1,1.35082606281539,1.35224393613976,0.34459264179774,1
39,52,-1,1,1.35082606281539,1.35224393613976,1.13474885146418,-1
39,53,1,-1,1.42292740692457,1.99986630019014,0.719046096380794,1
39,54,1,1,1.4928936800022,3.24403159101198,0.38530327068134,1
39,55,-1,1,1.35082606281539,1.35224393613976,0.31814840447939,1
39,56,-1,1,1.35082606281539,1.35224393613976,0.520020745059447,1
39,57,-1,1,1.35082606281539,1.35224393613976,0.398256237396565,-1
39,58,1,-1,1.42292740692457,1.99986630019014,0.292494544489121,-1
39,59,-1,-1,1.28751796093423,0.603858172658117,0.801200276068915,-1
39,60,-1,-1,1.28751796093423,0.603858172658117,0.291108462943947,1
39,61,1,1,1.4928936800022,3.24403159101198,0.391894921761812,1
39,62,-1,1,1.35082606281539,1.35224393613976,0.373921582830898,1
39,63,1,1,1.4928936800022,3.24403159101198,0.378800469573876,1
39,64,-1,1,1.35082606281539,1.35224393613976,0.58107980971833,1
39,65,1,1,1.4928936800022,3.24403159101198,0.326780493886856,1
39,66,-1,1,1.35082606281539,1.35224393613976,0.564537261883718,1
39,67,1,1,1.4928936800022,3.24403159101198,0.317025062044752,1
39,68,-1,1,1.35082606281539,1.35224393613976,0.585227071273104,1
39,69,-1,1,1.35082606281539,1.35224393613976,0.704137671437999,1
39,70,1,1,1.4928936800022,3.24403159101198,0.464437884332547,1
39,71,1,1,1.4928936800022,3.24403159101198,0.304272541079664,1
39,72,-1,1,1.35082606281539,1.35224393613976,0.696870255717138,1
39,73,-1,1,1.35082606281539,1.35224393613976,0.35467170309707,1
39,74,1,1,1.4928936800022,3.24403159101198,0.330568178403797,1
39,75,1,1,1.4928936800022,3.24403159101198,0.27751782508178,1
39,76,-1,1,1.35082606281539,1.35224393613976,0.526780827396526,-1
39,77,1,-1,1.42292740692457,1.99986630019014,0.275780707120492,1
39,78,1,1,1.4928936800022,3.24403159101198,0.371527055291301,1
39,79,1,1,1.4928936800022,3.24403159101198,0.383339362934368,1
39,80,-1,1,1.35082606281539,1.35224393613976,0.323384561782881,-1
39,81,-1,-1,1.28751796093423,0.603858172658117,0.391636621076623,1
39,82,-1,1,1.35082606281539,1.35224393613976,0.493246187231691,1
39,83,-1,1,1.35082606281539,1.35224393613976,0.657347101250633,1
39,84,1,1,1.4928936800022,3.24403159101198,0.434445439652247,1
39,85,-1,1,1.35082606281539,1.35224393613976,0.645107478409052,1
39,86,-1,1,1.35082606281539,1.35224393613976,1.1100589645796,1
39,87,-1,1,1.35082606281539,1.35224393613976,0.355852441738404,1
39,88,-1,1,1.35082606281539,1.35224393613976,0.283499087390976,1
39,89,1,1,1.4928936800022,3.24403159101198,0.288755350985814,1
39,90,1,1,1.4928936800022,3.24403159101198,0.354632451205453,1
39,91,1,1,1.4928936800022,3.24403159101198,0.377166306312921,1
39,92,1,1,1.4928936800022,3.24403159101198,0.345768022739517,1
39,93,1,1,1.4928936800022,3.24403159101198,0.417785257943554,1
39,94,-1,1,1.35082606281539,1.35224393613976,0.550408165290646,-1
39,95,1,-1,1.42292740692457,1.99986630019014,0.341907993591829,1
39,96,1,1,1.4928936800022,3.24403159101198,0.315131283532111,1
39,97,1,1,1.4928936800022,3.24403159101198,0.509787672175706,1
39,98,-1,1,1.35082606281539,1.35224393613976,0.99633055585994,-1
39,99,1,-1,1.42292740692457,1.99986630019014,0.29190020138117,1
39,100,-1,1,1.35082606281539,1.35224393613976,0.349464683061562,-1
39,101,1,-1,1.42292740692457,1.99986630019014,0.394397878900908,1
40,2,1,1,2.45102860920145,3.19895026228979,0.740511458185616,1
40,3,-1,1,2.21778239828211,1.80803630360549,0.590928802333715,1
40,4,1,1,2.45102860920145,3.19895026228979,0.372765648666912,1
40,5,1,1,2.45102860920145,3.19895026228979,0.438088768016556,1
40,6,-1,1,2.21778239828211,1.80803630360549,0.275456994057339,1
40,7,-1,1,2.21778239828211,1.80803630360549,0.552522931770879,1
40,8,1,1,2.45102860920145,3.19895026228979,0.602799188704409,1
40,9,-1,1,2.21778239828211,1.80803630360549,1.42957235346034,1
40,10,-1,1,2.21778239828211,1.80803630360549,0.632250025220166,1
40,11,-1,1,2.21778239828211,1.80803630360549,0.745653679164422,1
40,12,1,1,2.45102860920145,3.19895026228979,0.560587877493087,1
40,13,1,1,2.45102860920145,3.19895026228979,0.341440086514261,1
40,14,-1,1,2.21778239828211,1.80803630360549,0.939011004624619,1
40,15,1,1,2.45102860920145,3.19895026228979,0.545169072423092,1
40,16,1,1,2.45102860920145,3.19895026228979,0.407851102914913,1
40,17,-1,1,2.21778239828211,1.80803630360549,0.413493318762442,1
40,18,-1,1,2.21778239828211,1.80803630360549,0.468203396456975,1
40,19,1,1,2.45102860920145,3.19895026228979,0.465482630944696,1
40,20,1,1,2.45102860920145,3.19895026228979,0.393572675198481,1
40,21,-1,1,2.21778239828211,1.80803630360549,1.48215412549121,1
40,22,1,1,2.45102860920145,3.19895026228979,0.490575268448569,1
40,23,1,1,2.45102860920145,3.19895026228979,0.327441983945027,1
40,24,1,1,2.45102860920145,3.19895026228979,0.986915742456969,1
40,25,-1,1,2.21778239828211,1.80803630360549,0.800133153919926,1
40,26,1,1,2.45102860920145,3.19895026228979,0.40638314013894,1
40,27,1,1,2.45102860920145,3.19895026228979,0.423959260459097,1
40,28,-1,1,2.21778239828211,1.80803630360549,1.77339430149825,1
40,29,-1,1,2.21778239828211,1.80803630360549,0.865671469071089,1
40,30,1,1,2.45102860920145,3.19895026228979,0.520956197337329,1
40,31,-1,1,2.21778239828211,1.80803630360549,1.22378480357098,1
40,32,-1,1,2.21778239828211,1.80803630360549,0.583593648423938,1
40,33,1,1,2.45102860920145,3.19895026228979,0.296820912679888,1
40,34,-1,1,2.21778239828211,1.80803630360549,0.431196335541261,1
40,35,-1,1,2.21778239828211,1.80803630360549,0.439770441746715,1
40,36,1,1,2.45102860920145,3.19895026228979,0.461184056083824,1
40,37,-1,1,2.21778239828211,1.80803630360549,0.569234534810078,1
40,38,1,1,2.45102860920145,3.19895026228979,0.515381436589898,1
40,39,-1,1,2.21778239828211,1.80803630360549,0.383370723178744,1
40,40,1,1,2.45102860920145,3.19895026228979,0.423409148624951,1
40,41,1,1,2.45102860920145,3.19895026228979,0.649909404020106,1
40,42,-1,1,2.21778239828211,1.80803630360549,0.423730209225527,1
40,43,1,1,2.45102860920145,3.19895026228979,0.360845924257096,1
40,44,1,1,2.45102860920145,3.19895026228979,0.436456726777025,1
40,45,-1,1,2.21778239828211,1.80803630360549,0.885974408217752,1
40,46,1,1,2.45102860920145,3.19895026228979,0.412050047136289,1
40,47,-1,1,2.21778239828211,1.80803630360549,0.764121081428167,1
40,48,-1,1,2.21778239828211,1.80803630360549,1.02505342027259,1
40,49,1,1,2.45102860920145,3.19895026228979,0.560468410056014,1
40,50,-1,1,2.21778239828211,1.80803630360549,0.440835660214473,1
40,51,1,1,2.45102860920145,3.19895026228979,0.785712991269714,1
40,52,-1,1,2.21778239828211,1.80803630360549,0.669544648682333,1
40,53,1,1,2.45102860920145,3.19895026228979,0.417693958234002,1
40,54,-1,1,2.21778239828211,1.80803630360549,0.657121573525589,1
40,55,-1,1,2.21778239828211,1.80803630360549,2.16121810646396,1
40,56,-1,1,2.21778239828211,1.80803630360549,0.736795182718535,1
40,57,1,1,2.45102860920145,3.19895026228979,1.0032008230526,1
40,58,1,1,2.45102860920145,3.19895026228979,0.366534219049138,1
40,59,-1,1,2.21778239828211,1.80803630360549,2.30882669212436,1
40,60,1,1,2.45102860920145,3.19895026228979,0.914229580907078,1
40,61,1,1,2.45102860920145,3.19895026228979,0.607021007770695,1
40,62,-1,1,2.21778239828211,1.80803630360549,0.666174214982429,1
40,63,1,1,2.45102860920145,3.19895026228979,0.668285525084913,1
40,64,1,1,2.45102860920145,3.19895026228979,0.598545451999947,1
40,65,1,1,2.45102860920145,3.19895026228979,0.487399883528886,1
40,66,-1,1,2.21778239828211,1.80803630360549,0.960444214331409,1
40,67,1,1,2.45102860920145,3.19895026228979,0.864085125311943,1
40,68,-1,1,2.21778239828211,1.80803630360549,0.433410647273419,1
40,69,-1,1,2.21778239828211,1.80803630360549,0.638404689684702,1
40,70,-1,1,2.21778239828211,1.80803630360549,0.924853876906478,1
40,71,-1,1,2.21778239828211,1.80803630360549,0.993762060974915,1
40,72,-1,1,2.21778239828211,1.80803630360549,0.41215663407889,1
40,73,1,1,2.45102860920145,3.19895026228979,0.538597712993481,1
40,74,1,1,2.45102860920145,3.19895026228979,0.888950917400217,1
40,75,-1,1,2.21778239828211,1.80803630360549,0.585077379357243,1
40,76,1,1,2.45102860920145,3.19895026228979,0.344697346659069,1
40,77,-1,1,2.21778239828211,1.80803630360549,0.794550001098276,1
40,78,-1,1,2.21778239828211,1.80803630360549,0.574650874986696,1
40,79,-1,1,2.21778239828211,1.80803630360549,0.530641914958904,1
40,80,-1,1,2.21778239828211,1.80803630360549,0.435010108057592,1
40,81,1,1,2.45102860920145,3.19895026228979,0.755754685402901,1
40,82,1,1,2.45102860920145,3.19895026228979,0.510826348546843,1
40,83,-1,1,2.21778239828211,1.80803630360549,0.425379397774714,1
40,84,-1,1,2.21778239828211,1.80803630360549,0.742143653328534,1
40,85,-1,1,2.21778239828211,1.80803630360549,0.399463291106931,1
40,86,1,1,2.45102860920145,3.19895026228979,0.701388097396343,1
40,87,1,1,2.45102860920145,3.19895026228979,0.385407570629927,1
40,88,1,1,2.45102860920145,3.19895026228979,0.376598999592282,1
40,89,-1,1,2.21778239828211,1.80803630360549,0.414549827680677,1
40,90,1,1,2.45102860920145,3.19895026228979,0.481952041273341,1
40,91,-1,1,2.21778239828211,1.80803630360549,0.938970696371916,-1
40,92,-1,-1,2.11384333618846,0.423780540803981,0.746292044233878,1
40,93,1,1,2.45102860920145,3.19895026228979,0.39900470773858,1
40,94,-1,1,2.21778239828211,1.80803630360549,0.67059488005114,1
40,95,1,1,2.45102860920145,3.19895026228979,0.476631252145805,1
40,96,1,1,2.45102860920145,3.19895026228979,0.689399263489961,1
40,97,1,1,2.45102860920145,3.19895026228979,1.12245774655565,1
40,98,-1,1,2.21778239828211,1.80803630360549,0.911352506869605,1
40,99,1,1,2.45102860920145,3.19895026228979,0.529863437293804,1
40,100,1,1,2.45102860920145,3.19895026228979,0.64180758324463,1
40,101,-1,1,2.21778239828211,1.80803630360549,0.78802056210071,1
41,2,1,1,2.10671430420297,3.19005193918614,0.724381839220398,1
41,3,1,1,2.10671430420297,3.19005193918614,0.51796865494713,1
41,4,1,1,2.10671430420297,3.19005193918614,0.379603736565722,1
41,5,1,1,2.10671430420297,3.19005193918614,0.372949380401315,1
41,6,1,1,2.10671430420297,3.19005193918614,0.506059012205558,1
41,7,1,1,2.10671430420297,3.19005193918614,0.448007954933049,1
41,8,-1,1,1.90623393155443,1.01338743583578,1.19200906072752,-1
41,9,-1,-1,1.81689596623812,0.524340760125699,0.528727961306172,-1
41,10,-1,-1,1.81689596623812,0.524340760125699,2.2932352644515,1
41,11,-1,1,1.90623393155443,1.01338743583578,0.986270318841673,1
41,12,-1,1,1.90623393155443,1.01338743583578,0.522101399303113,1
41,13,1,1,2.10671430420297,3.19005193918614,0.481477320080879,1
41,14,-1,1,1.90623393155443,1.01338743583578,0.79087235605333,-1
41,15,-1,-1,1.81689596623812,0.524340760125699,1.57852171434123,1
41,16,-1,1,1.90623393155443,1.01338743583578,0.36013157561057,-1
41,17,1,-1,2.00798058305532,2.47221986485238,0.283923150749361,1
41,18,1,1,2.10671430420297,3.19005193918614,0.384702360714425,1
41,19,1,1,2.10671430420297,3.19005193918614,0.572651465064407,1
41,20,-1,1,1.90623393155443,1.01338743583578,0.362094080632238,-1
41,21,1,-1,2.00798058305532,2.47221986485238,0.410634017668919,1
41,22,-1,1,1.90623393155443,1.01338743583578,1.3915133109848,-1
41,23,-1,-1,1.81689596623812,0.524340760125699,1.57818565937137,1
41,24,-1,1,1.90623393155443,1.01338743583578,0.649740918698123,1
41,25,1,1,2.10671430420297,3.19005193918614,0.465571581514042,1
41,26,1,1,2.10671430420297,3.19005193918614,0.327444321064645,1
41,27,-1,1,1.90623393155443,1.01338743583578,0.63353333682087,1
41,28,-1,1,1.90623393155443,1.01338743583578,0.783954569089376,1
41,29,-1,1,1.90623393155443,1.01338743583578,1.01199845226394,1
41,30,1,1,2.10671430420297,3.19005193918614,0.506280480966027,1
41,31,1,1,2.10671430420297,3.19005193918614,0.325178494275761,1
41,32,-1,1,1.90623393155443,1.01338743583578,0.456045201314147,1
41,33,-1,1,1.90623393155443,1.01338743583578,0.652668273721149,1
41,34,1,1,2.10671430420297,3.19005193918614,0.411146857695906,1
41,35,-1,1,1.90623393155443,1.01338743583578,1.03332674114508,1
41,36,1,1,2.10671430420297,3.19005193918614,0.314145491989963,1
41,37,-1,1,1.90623393155443,1.01338743583578,0.779768669915456,1
41,38,-1,1,1.90623393155443,1.01338743583578,0.36715484956653,1
41,39,-1,1,1.90623393155443,1.01338743583578,2.09295540962476,1
41,40,1,1,2.10671430420297,3.19005193918614,0.445321595745809,1
41,41,-1,1,1.90623393155443,1.01338743583578,0.39648680810218,1
41,42,1,1,2.10671430420297,3.19005193918614,0.5015552140178,1
41,43,1,1,2.10671430420297,3.19005193918614,0.86408431120739,1
41,44,-1,1,1.90623393155443,1.01338743583578,0.616522315005978,1
41,45,1,1,2.10671430420297,3.19005193918614,0.627914926679765,1
41,46,1,1,2.10671430420297,3.19005193918614,0.433310256705735,1
41,47,1,1,2.10671430420297,3.19005193918614,0.39211411135287,1
41,48,-1,1,1.90623393155443,1.01338743583578,0.442698977655733,1
41,49,-1,1,1.90623393155443,1.01338743583578,0.956658721542821,1
41,50,1,1,2.10671430420297,3.19005193918614,0.462757944882211,1
41,51,-1,1,1.90623393155443,1.01338743583578,0.756357482073915,1
41,52,-1,1,1.90623393155443,1.01338743583578,0.926774587531494,1
41,53,-1,1,1.90623393155443,1.01338743583578,0.470731970641162,1
41,54,1,1,2.10671430420297,3.19005193918614,0.336375620231204,1
41,55,-1,1,1.90623393155443,1.01338743583578,1.02620970995013,1
41,56,1,1,2.10671430420297,3.19005193918614,1.07050604042594,1
41,57,-1,1,1.90623393155443,1.01338743583578,1.65733249354415,1
41,58,1,1,2.10671430420297,3.19005193918614,0.561506456047232,1
41,59,-1,1,1.90623393155443,1.01338743583578,0.506105437537988,1
41,60,1,1,2.10671430420297,3.19005193918614,0.399111121119845,1
41,61,1,1,2.10671430420297,3.19005193918614,0.478352362848264,1
41,62,-1,1,1.90623393155443,1.01338743583578,1.03235847004572,1
41,63,1,1,2.10671430420297,3.19005193918614,0.335630000736251,1
41,64,-1,1,1.90623393155443,1.01338743583578,0.691876253579865,1
41,65,1,1,2.10671430420297,3.19005193918614,0.360639215899395,1
41,66,1,1,2.10671430420297,3.19005193918614,0.263380089184916,1
41,67,1,1,2.10671430420297,3.19005193918614,0.344824425712402,1
41,68,-1,1,1.90623393155443,1.01338743583578,0.348094452170108,1
41,69,-1,1,1.90623393155443,1.01338743583578,3.00523974884983,1
41,70,1,1,2.10671430420297,3.19005193918614,0.415967846080401,1
41,71,1,1,2.10671430420297,3.19005193918614,0.551034072827505,1
41,72,-1,1,1.90623393155443,1.01338743583578,0.827787629319552,1
41,73,-1,1,1.90623393155443,1.01338743583578,1.13305775808787,1
41,74,-1,1,1.90623393155443,1.01338743583578,0.64012223066939,1
41,75,-1,1,1.90623393155443,1.01338743583578,0.447828376058864,1
41,76,1,1,2.10671430420297,3.19005193918614,0.428378066690935,1
41,77,1,1,2.10671430420297,3.19005193918614,0.957245673362208,1
41,78,-1,1,1.90623393155443,1.01338743583578,0.717769607573669,1
41,79,-1,1,1.90623393155443,1.01338743583578,0.714980504718597,-1
41,80,1,-1,2.00798058305532,2.47221986485238,0.377504103591273,1
41,81,-1,1,1.90623393155443,1.01338743583578,0.716169890051131,1
41,82,-1,1,1.90623393155443,1.01338743583578,1.02314365909002,1
41,83,-1,1,1.90623393155443,1.01338743583578,0.566374873419773,1
41,84,1,1,2.10671430420297,3.19005193918614,0.419883848491977,1
41,85,1,1,2.10671430420297,3.19005193918614,0.531665494907617,1
41,86,1,1,2.10671430420297,3.19005193918614,0.325324245830096,1
41,87,1,1,2.10671430420297,3.19005193918614,0.432481439545965,1
41,88,1,1,2.10671430420297,3.19005193918614,0.54374203297584,1
41,89,1,1,2.10671430420297,3.19005193918614,0.451442741115208,1
41,90,-1,1,1.90623393155443,1.01338743583578,0.975729185054036,1
41,91,1,1,2.10671430420297,3.19005193918614,0.677237370947068,1
41,92,-1,1,1.90623393155443,1.01338743583578,0.350924439359515,1
41,93,1,1,2.10671430420297,3.19005193918614,1.00697889104673,1
41,94,1,1,2.10671430420297,3.19005193918614,0.601673868961397,1
41,95,-1,1,1.90623393155443,1.01338743583578,2.9320697825803,-1
41,96,-1,-1,1.81689596623812,0.524340760125699,0.346833886768821,1
41,97,1,1,2.10671430420297,3.19005193918614,0.420224866967059,1
41,98,1,1,2.10671430420297,3.19005193918614,0.329048397600653,1
41,99,-1,1,1.90623393155443,1.01338743583578,0.803771247311469,1
41,100,1,1,2.10671430420297,3.19005193918614,0.402965739803207,1
41,101,-1,1,1.90623393155443,1.01338743583578,0.441070777369996,1
42,2,1,1,2.21361629638659,3.5472021306635,0.389961695657633,1
42,3,1,1,2.21361629638659,3.5472021306635,0.456159654716167,1
42,4,1,1,2.21361629638659,3.5472021306635,0.3925032139486,1
42,5,1,1,2.21361629638659,3.5472021306635,0.340351353738067,1
42,6,1,1,2.21361629638659,3.5472021306635,0.513963502751882,1
42,7,1,1,2.21361629638659,3.5472021306635,0.403541274001525,1
42,8,-1,1,2.00296285414476,1.45156791240507,0.776586259126319,-1
42,9,-1,-1,1.90909157054657,1.24813483895667,0.697189835464284,-1
42,10,-1,-1,1.90909157054657,1.24813483895667,0.348745669873723,1
42,11,-1,1,2.00296285414476,1.45156791240507,0.379750412458035,1
42,12,-1,1,2.00296285414476,1.45156791240507,0.498280757736052,1
42,13,-1,1,2.00296285414476,1.45156791240507,0.63787576792664,1
42,14,1,1,2.21361629638659,3.5472021306635,0.522194175393394,1
42,15,1,1,2.21361629638659,3.5472021306635,0.45366672200784,1
42,16,-1,1,2.00296285414476,1.45156791240507,0.459779372172305,1
42,17,1,1,2.21361629638659,3.5472021306635,0.377673003787686,1
42,18,1,1,2.21361629638659,3.5472021306635,0.4951887137322,1
42,19,-1,1,2.00296285414476,1.45156791240507,0.577012360456071,1
42,20,1,1,2.21361629638659,3.5472021306635,0.591319441422839,1
42,21,1,1,2.21361629638659,3.5472021306635,0.400363419456936,1
42,22,1,1,2.21361629638659,3.5472021306635,0.539542834529756,1
42,23,1,1,2.21361629638659,3.5472021306635,0.451098743163083,1
42,24,1,1,2.21361629638659,3.5472021306635,0.547829357267141,1
42,25,1,1,2.21361629638659,3.5472021306635,0.309507554521481,1
42,26,-1,1,2.00296285414476,1.45156791240507,0.573816329826012,1
42,27,1,1,2.21361629638659,3.5472021306635,0.34294530772713,1
42,28,-1,1,2.00296285414476,1.45156791240507,0.399337025909748,1
42,29,1,1,2.21361629638659,3.5472021306635,0.473883808698304,1
42,30,1,1,2.21361629638659,3.5472021306635,0.331433772726307,1
42,31,-1,1,2.00296285414476,1.45156791240507,0.383342065568373,1
42,32,-1,1,2.00296285414476,1.45156791240507,0.698775746023384,1
42,33,-1,1,2.00296285414476,1.45156791240507,1.63354095120976,1
42,34,-1,1,2.00296285414476,1.45156791240507,0.608704785094914,1
42,35,-1,1,2.00296285414476,1.45156791240507,0.488980754459714,1
42,36,-1,1,2.00296285414476,1.45156791240507,1.19803125192606,1
42,37,1,1,2.21361629638659,3.5472021306635,0.385459627986696,1
42,38,-1,1,2.00296285414476,1.45156791240507,0.748139096357526,-1
42,39,-1,-1,1.90909157054657,1.24813483895667,0.492907651385945,1
42,40,1,1,2.21361629638659,3.5472021306635,0.408766714747736,1
42,41,1,1,2.21361629638659,3.5472021306635,0.561534736010346,1
42,42,-1,1,2.00296285414476,1.45156791240507,1.00432181190813,1
42,43,-1,1,2.00296285414476,1.45156791240507,0.740818533187808,1
42,44,-1,1,2.00296285414476,1.45156791240507,0.774967891334554,1
42,45,-1,1,2.00296285414476,1.45156791240507,0.557389326415901,1
42,46,1,1,2.21361629638659,3.5472021306635,0.525687447249245,1
42,47,-1,1,2.00296285414476,1.45156791240507,1.30570158595308,-1
42,48,-1,-1,1.90909157054657,1.24813483895667,0.730881165515834,1
42,49,1,1,2.21361629638659,3.5472021306635,0.35737592380875,1
42,50,1,1,2.21361629638659,3.5472021306635,0.418890000761846,1
42,51,-1,1,2.00296285414476,1.45156791240507,2.48120976533314,1
42,52,1,1,2.21361629638659,3.5472021306635,0.336400240045604,1
42,53,-1,1,2.00296285414476,1.45156791240507,0.757257639778539,1
42,54,1,1,2.21361629638659,3.5472021306635,0.397752944393874,1
42,55,-1,1,2.00296285414476,1.45156791240507,1.10185867991833,1
42,56,-1,1,2.00296285414476,1.45156791240507,0.593078118289095,1
42,57,-1,1,2.00296285414476,1.45156791240507,1.53458747775215,1
42,58,-1,1,2.00296285414476,1.45156791240507,0.374958540677205,1
42,59,1,1,2.21361629638659,3.5472021306635,0.418423739697936,1
42,60,-1,1,2.00296285414476,1.45156791240507,1.07447882935038,1
42,61,1,1,2.21361629638659,3.5472021306635,0.498087046576153,1
42,62,-1,1,2.00296285414476,1.45156791240507,0.782671611344586,1
42,63,-1,1,2.00296285414476,1.45156791240507,0.801098570656538,1
42,64,-1,1,2.00296285414476,1.45156791240507,0.473952204343681,1
42,65,1,1,2.21361629638659,3.5472021306635,0.352110678613393,1
42,66,-1,1,2.00296285414476,1.45156791240507,0.849561011981992,1
42,67,1,1,2.21361629638659,3.5472021306635,0.376836702731615,1
42,68,1,1,2.21361629638659,3.5472021306635,0.636505893940734,1
42,69,1,1,2.21361629638659,3.5472021306635,0.552003629780968,1
42,70,-1,1,2.00296285414476,1.45156791240507,0.91311754576712,1
42,71,-1,1,2.00296285414476,1.45156791240507,0.591439943167088,1
42,72,1,1,2.21361629638659,3.5472021306635,0.52688241836989,1
42,73,-1,1,2.00296285414476,1.45156791240507,1.38547919679568,1
42,74,-1,1,2.00296285414476,1.45156791240507,0.32757382549069,1
42,75,1,1,2.21361629638659,3.5472021306635,0.387301418103266,1
42,76,-1,1,2.00296285414476,1.45156791240507,0.513842646891156,1
42,77,-1,1,2.00296285414476,1.45156791240507,0.465454927958807,1
42,78,1,1,2.21361629638659,3.5472021306635,0.389034465035736,1
42,79,1,1,2.21361629638659,3.5472021306635,0.482368939123954,1
42,80,1,1,2.21361629638659,3.5472021306635,0.631741952132622,1
42,81,1,1,2.21361629638659,3.5472021306635,0.544252067067274,1
42,82,-1,1,2.00296285414476,1.45156791240507,0.410046491782703,1
42,83,1,1,2.21361629638659,3.5472021306635,0.466426566746746,1
42,84,1,1,2.21361629638659,3.5472021306635,0.295533160408826,1
42,85,-1,1,2.00296285414476,1.45156791240507,0.622604284640694,1
42,86,1,1,2.21361629638659,3.5472021306635,0.479713363915816,1
42,87,-1,1,2.00296285414476,1.45156791240507,0.828179514560319,1
42,88,1,1,2.21361629638659,3.5472021306635,0.475172834304038,1
42,89,1,1,2.21361629638659,3.5472021306635,0.462795347947047,1
42,90,1,1,2.21361629638659,3.5472021306635,0.485929271596225,1
42,91,-1,1,2.00296285414476,1.45156791240507,0.988801021269775,1
42,92,-1,1,2.00296285414476,1.45156791240507,0.970765463633247,1
42,93,1,1,2.21361629638659,3.5472021306635,0.576118212150991,1
42,94,-1,1,2.00296285414476,1.45156791240507,0.68590142496363,1
42,95,1,1,2.21361629638659,3.5472021306635,0.379987727435421,1
42,96,-1,1,2.00296285414476,1.45156791240507,1.13288039677298,1
42,97,1,1,2.21361629638659,3.5472021306635,0.377484910413326,1
42,98,1,1,2.21361629638659,3.5472021306635,0.419811059569672,1
42,99,-1,1,2.00296285414476,1.45156791240507,1.13853754399222,1
42,100,-1,1,2.00296285414476,1.45156791240507,0.472655480201602,1
42,101,1,1,2.21361629638659,3.5472021306635,0.716835100965107,1
43,2,1,1,1.72625927292528,3.78409715976842,0.536217879398683,1
43,3,-1,1,1.56198398337434,0.533801301615523,0.602261055876156,1
43,4,-1,1,1.56198398337434,0.533801301615523,0.441117488002822,1
43,5,-1,1,1.56198398337434,0.533801301615523,0.608313489559933,1
43,6,-1,1,1.56198398337434,0.533801301615523,0.282332306877175,1
43,7,-1,1,1.56198398337434,0.533801301615523,0.44664542909074,1
43,8,-1,1,1.56198398337434,0.533801301615523,0.39563687334578,1
43,9,1,1,1.72625927292528,3.78409715976842,0.39842147483172,1
43,10,-1,1,1.56198398337434,0.533801301615523,1.30288002345895,-1
43,11,1,-1,1.64535603828093,0.951643575768037,2.13314443951637,-1
43,12,-1,-1,1.488779709428,1.93045796284802,0.493539720187984,1
43,13,-1,1,1.56198398337434,0.533801301615523,0.878647738439438,1
43,14,1,1,1.72625927292528,3.78409715976842,0.461476432473138,1
43,15,1,1,1.72625927292528,3.78409715976842,0.989831739744797,1
43,16,1,1,1.72625927292528,3.78409715976842,0.539946531085658,1
43,17,1,1,1.72625927292528,3.78409715976842,0.614532281021084,1
43,18,-1,1,1.56198398337434,0.533801301615523,0.923437737525798,-1
43,19,1,-1,1.64535603828093,0.951643575768037,1.00668036588802,-1
43,20,-1,-1,1.488779709428,1.93045796284802,0.390723648373098,1
43,21,-1,1,1.56198398337434,0.533801301615523,0.397699939398317,1
43,22,1,1,1.72625927292528,3.78409715976842,0.574885146988363,1
43,23,1,1,1.72625927292528,3.78409715976842,0.467502412489644,1
43,24,1,1,1.72625927292528,3.78409715976842,0.460187804352119,1
43,25,-1,1,1.56198398337434,0.533801301615523,0.342938632451561,-1
43,26,1,-1,1.64535603828093,0.951643575768037,0.38847114258149,-1
43,27,1,-1,1.64535603828093,0.951643575768037,0.389782703394446,1
43,28,1,1,1.72625927292528,3.78409715976842,0.849333068677138,1
43,29,1,1,1.72625927292528,3.78409715976842,0.319717452793373,1
43,30,-1,1,1.56198398337434,0.533801301615523,2.02422370781627,-1
43,31,-1,-1,1.488779709428,1.93045796284802,0.359130155168628,1
43,32,1,1,1.72625927292528,3.78409715976842,0.752573695238265,1
43,33,1,1,1.72625927292528,3.78409715976842,0.287642880168305,1
43,34,-1,1,1.56198398337434,0.533801301615523,0.609254368860678,-1
43,35,-1,-1,1.488779709428,1.93045796284802,0.384567264373412,1
43,36,1,1,1.72625927292528,3.78409715976842,0.53961875841004,1
43,37,1,1,1.72625927292528,3.78409715976842,0.437977645199357,1
43,38,1,1,1.72625927292528,3.78409715976842,0.413245310636682,1
43,39,1,1,1.72625927292528,3.78409715976842,0.498161841766715,1
43,40,-1,1,1.56198398337434,0.533801301615523,0.370186715526468,-1
43,41,-1,-1,1.488779709428,1.93045796284802,0.534590267960335,1
43,42,-1,1,1.56198398337434,0.533801301615523,0.624197821079164,-1
43,43,-1,-1,1.488779709428,1.93045796284802,0.542650526595822,1
43,44,1,1,1.72625927292528,3.78409715976842,0.703267537117631,1
43,45,-1,1,1.56198398337434,0.533801301615523,1.48414744362836,1
43,46,1,1,1.72625927292528,3.78409715976842,0.319181638371669,1
43,47,-1,1,1.56198398337434,0.533801301615523,0.903162812157481,1
43,48,-1,1,1.56198398337434,0.533801301615523,1.18565660117194,1
43,49,1,1,1.72625927292528,3.78409715976842,0.710466277233569,1
43,50,-1,1,1.56198398337434,0.533801301615523,0.38021898127708,1
43,51,-1,1,1.56198398337434,0.533801301615523,0.341575837362886,-1
43,52,-1,-1,1.488779709428,1.93045796284802,0.885272891146493,1
43,53,1,1,1.72625927292528,3.78409715976842,0.372301633455292,1
43,54,1,1,1.72625927292528,3.78409715976842,0.548749927566304,1
43,55,-1,1,1.56198398337434,0.533801301615523,0.492008798115499,1
43,56,-1,1,1.56198398337434,0.533801301615523,0.32039652663625,-1
43,57,1,-1,1.64535603828093,0.951643575768037,0.465634583046309,1
43,58,-1,1,1.56198398337434,0.533801301615523,0.857144941087336,1
43,59,-1,1,1.56198398337434,0.533801301615523,0.854047180953049,-1
43,60,1,-1,1.64535603828093,0.951643575768037,0.66460152836895,1
43,61,1,1,1.72625927292528,3.78409715976842,0.373305207052021,1
43,62,-1,1,1.56198398337434,0.533801301615523,0.464678383383666,1
43,63,-1,1,1.56198398337434,0.533801301615523,1.55635402193324,1
43,64,-1,1,1.56198398337434,0.533801301615523,1.37519470971854,1
43,65,-1,1,1.56198398337434,0.533801301615523,0.845609440537841,1
43,66,1,1,1.72625927292528,3.78409715976842,0.308539945702352,1
43,67,1,1,1.72625927292528,3.78409715976842,0.389587649782021,1
43,68,1,1,1.72625927292528,3.78409715976842,0.500273035705157,1
43,69,1,1,1.72625927292528,3.78409715976842,0.420194924213184,1
43,70,-1,1,1.56198398337434,0.533801301615523,0.365801892175973,-1
43,71,1,-1,1.64535603828093,0.951643575768037,0.510051759489124,1
43,72,-1,1,1.56198398337434,0.533801301615523,1.15613988760729,-1
43,73,-1,-1,1.488779709428,1.93045796284802,0.599493416321933,1
43,74,1,1,1.72625927292528,3.78409715976842,0.311129677488245,1
43,75,1,1,1.72625927292528,3.78409715976842,0.506374002904443,1
43,76,1,1,1.72625927292528,3.78409715976842,0.357081976647697,1
43,77,1,1,1.72625927292528,3.78409715976842,0.399324394554547,1
43,78,-1,1,1.56198398337434,0.533801301615523,0.592123353087095,1
43,79,1,1,1.72625927292528,3.78409715976842,0.888351113802046,1
43,80,-1,1,1.56198398337434,0.533801301615523,0.388164232038652,1
43,81,1,1,1.72625927292528,3.78409715976842,0.534621186648508,1
43,82,1,1,1.72625927292528,3.78409715976842,0.439635541606807,1
43,83,-1,1,1.56198398337434,0.533801301615523,0.348001160184336,1
43,84,-1,1,1.56198398337434,0.533801301615523,0.340108618313259,1
43,85,1,1,1.72625927292528,3.78409715976842,0.455934208339878,1
43,86,1,1,1.72625927292528,3.78409715976842,0.428931256287279,1
43,87,1,1,1.72625927292528,3.78409715976842,0.393841218717143,1
43,88,-1,1,1.56198398337434,0.533801301615523,0.697328294122031,1
43,89,1,1,1.72625927292528,3.78409715976842,0.505235571473209,1
43,90,1,1,1.72625927292528,3.78409715976842,0.41287134175626,1
43,91,-1,1,1.56198398337434,0.533801301615523,1.07645419099149,1
43,92,-1,1,1.56198398337434,0.533801301615523,0.306007404828516,-1
43,93,-1,-1,1.488779709428,1.93045796284802,0.511000572238919,1
43,94,1,1,1.72625927292528,3.78409715976842,0.539500021847233,1
43,95,1,1,1.72625927292528,3.78409715976842,0.316806487692221,1
43,96,1,1,1.72625927292528,3.78409715976842,0.874738981412226,1
43,97,-1,1,1.56198398337434,0.533801301615523,0.41911541337891,-1
43,98,-1,-1,1.488779709428,1.93045796284802,0.275561112060542,1
43,99,-1,1,1.56198398337434,0.533801301615523,0.574669339496923,1
43,100,1,1,1.72625927292528,3.78409715976842,0.346562527763402,1
43,101,-1,1,1.56198398337434,0.533801301615523,1.48130578163935,1
44,2,1,1,1.48688253826896,2.96783803370779,1.23319785817074,1
44,3,-1,1,1.34538695685004,1.95824437819594,0.48684699223543,1
44,4,1,1,1.48688253826896,2.96783803370779,0.482883907731028,1
44,5,-1,1,1.34538695685004,1.95824437819594,0.410467944183785,1
44,6,1,1,1.48688253826896,2.96783803370779,0.557361655709365,1
44,7,-1,1,1.34538695685004,1.95824437819594,0.369933549713596,1
44,8,-1,1,1.34538695685004,1.95824437819594,1.0557698718553,1
44,9,1,1,1.48688253826896,2.96783803370779,0.663808189862787,1
44,10,1,1,1.48688253826896,2.96783803370779,0.394379252907966,1
44,11,-1,1,1.34538695685004,1.95824437819594,0.342480676020097,1
44,12,1,1,1.48688253826896,2.96783803370779,0.381915138117025,1
44,13,-1,1,1.34538695685004,1.95824437819594,0.294481289869198,1
44,14,1,1,1.48688253826896,2.96783803370779,0.458606952720426,1
44,15,-1,1,1.34538695685004,1.95824437819594,0.450969724566139,1
44,16,-1,1,1.34538695685004,1.95824437819594,0.305581230562612,1
44,17,-1,1,1.34538695685004,1.95824437819594,0.559649015625699,1
44,18,1,1,1.48688253826896,2.96783803370779,0.459164366069903,1
44,19,-1,1,1.34538695685004,1.95824437819594,0.372856279318912,1
44,20,-1,1,1.34538695685004,1.95824437819594,0.787826334583354,1
44,21,1,1,1.48688253826896,2.96783803370779,0.310884068721276,1
44,22,1,1,1.48688253826896,2.96783803370779,0.363987025452275,1
44,23,1,1,1.48688253826896,2.96783803370779,0.341690740784961,1
44,24,-1,1,1.34538695685004,1.95824437819594,0.638744844500824,1
44,25,-1,1,1.34538695685004,1.95824437819594,0.539495926430237,1
44,26,-1,1,1.34538695685004,1.95824437819594,0.536735745657207,1
44,27,1,1,1.48688253826896,2.96783803370779,0.338257585520577,1
44,28,-1,1,1.34538695685004,1.95824437819594,0.372466289381392,1
44,29,1,1,1.48688253826896,2.96783803370779,0.542558428988439,1
44,30,-1,1,1.34538695685004,1.95824437819594,0.402558759271928,1
44,31,1,1,1.48688253826896,2.96783803370779,0.596342087765491,1
44,32,-1,1,1.34538695685004,1.95824437819594,0.436182697139959,1
44,33,-1,1,1.34538695685004,1.95824437819594,0.814975267000962,-1
44,34,1,-1,1.4171979846397,2.52281683934897,0.778630965772544,1
44,35,1,1,1.48688253826896,2.96783803370779,0.28788242899061,1
44,36,1,1,1.48688253826896,2.96783803370779,0.346393326130025,1
44,37,-1,1,1.34538695685004,1.95824437819594,0.633077323675893,1
44,38,-1,1,1.34538695685004,1.95824437819594,0.349993970984902,1
44,39,-1,1,1.34538695685004,1.95824437819594,0.444387079368236,1
44,40,-1,1,1.34538695685004,1.95824437819594,0.862291535785909,-1
44,41,-1,-1,1.28233376526716,-0.248899251252697,1.15766529685409,1
44,42,-1,1,1.34538695685004,1.95824437819594,0.342474313426462,1
44,43,-1,1,1.34538695685004,1.95824437819594,0.420222358423941,1
44,44,-1,1,1.34538695685004,1.95824437819594,0.745873898756941,1
44,45,1,1,1.48688253826896,2.96783803370779,0.534244776008721,1
44,46,-1,1,1.34538695685004,1.95824437819594,0.380872146248548,1
44,47,-1,1,1.34538695685004,1.95824437819594,0.42323502892367,1
44,48,1,1,1.48688253826896,2.96783803370779,0.705323391494817,1
44,49,-1,1,1.34538695685004,1.95824437819594,0.467401839925987,1
44,50,-1,1,1.34538695685004,1.95824437819594,1.18835896229171,-1
44,51,1,-1,1.4171979846397,2.52281683934897,0.437992886125816,1
44,52,-1,1,1.34538695685004,1.95824437819594,1.34385457691299,1
44,53,1,1,1.48688253826896,2.96783803370779,0.511600873091976,1
44,54,-1,1,1.34538695685004,1.95824437819594,0.401347557903889,1
44,55,-1,1,1.34538695685004,1.95824437819594,0.446429788887714,1
44,56,-1,1,1.34538695685004,1.95824437819594,0.425409025091156,1
44,57,-1,1,1.34538695685004,1.95824437819594,0.419612411052744,1
44,58,1,1,1.48688253826896,2.96783803370779,0.35364088235708,1
44,59,1,1,1.48688253826896,2.96783803370779,0.319759399060923,1
44,60,-1,1,1.34538695685004,1.95824437819594,0.38967238146244,1
44,61,-1,1,1.34538695685004,1.95824437819594,0.435134888550195,-1
44,62,1,-1,1.4171979846397,2.52281683934897,0.301998061914685,1
44,63,1,1,1.48688253826896,2.96783803370779,0.643396929810653,1
44,64,1,1,1.48688253826896,2.96783803370779,0.291738974456267,1
44,65,1,1,1.48688253826896,2.96783803370779,0.364441964787138,1
44,66,-1,1,1.34538695685004,1.95824437819594,0.522389242011843,1
44,67,-1,1,1.34538695685004,1.95824437819594,0.458111029756098,1
44,68,-1,1,1.34538695685004,1.95824437819594,0.816834360043514,1
44,69,1,1,1.48688253826896,2.96783803370779,0.60476560308427,1
44,70,1,1,1.48688253826896,2.96783803370779,0.460696429488451,1
44,71,1,1,1.48688253826896,2.96783803370779,0.529663291764774,1
44,72,1,1,1.48688253826896,2.96783803370779,0.567993604509011,1
44,73,-1,1,1.34538695685004,1.95824437819594,0.423854099790536,-1
44,74,1,-1,1.4171979846397,2.52281683934897,0.396134890428824,1
44,75,-1,1,1.34538695685004,1.95824437819594,0.348613290717005,1
44,76,-1,1,1.34538695685004,1.95824437819594,0.425611307602031,1
44,77,-1,1,1.34538695685004,1.95824437819594,0.517960637389862,1
44,78,1,1,1.48688253826896,2.96783803370779,0.426692816403086,1
44,79,1,1,1.48688253826896,2.96783803370779,0.299414874897742,1
44,80,-1,1,1.34538695685004,1.95824437819594,0.476003305466227,1
44,81,1,1,1.48688253826896,2.96783803370779,0.847755661302474,1
44,82,-1,1,1.34538695685004,1.95824437819594,0.652672309891859,1
44,83,1,1,1.48688253826896,2.96783803370779,0.484280423014467,1
44,84,1,1,1.48688253826896,2.96783803370779,0.292100408514912,1
44,85,1,1,1.48688253826896,2.96783803370779,0.47546583364372,1
44,86,1,1,1.48688253826896,2.96783803370779,0.52012060642766,1
44,87,1,1,1.48688253826896,2.96783803370779,0.389044236044577,1
44,88,-1,1,1.34538695685004,1.95824437819594,0.445929363111552,1
44,89,1,1,1.48688253826896,2.96783803370779,1.23865909080177,1
44,90,-1,1,1.34538695685004,1.95824437819594,0.294238821294489,1
44,91,1,1,1.48688253826896,2.96783803370779,0.42168641171193,1
44,92,1,1,1.48688253826896,2.96783803370779,0.543205541307373,1
44,93,1,1,1.48688253826896,2.96783803370779,0.349350344369473,1
44,94,1,1,1.48688253826896,2.96783803370779,0.539021210885573,1
44,95,1,1,1.48688253826896,2.96783803370779,0.423785025702402,1
44,96,-1,1,1.34538695685004,1.95824437819594,0.821224370408253,1
44,97,1,1,1.48688253826896,2.96783803370779,0.488247952620192,1
44,98,1,1,1.48688253826896,2.96783803370779,0.352142738179846,1
44,99,-1,1,1.34538695685004,1.95824437819594,0.351903864089208,1
44,100,1,1,1.48688253826896,2.96783803370779,0.49015112979331,1
44,101,1,1,1.48688253826896,2.96783803370779,0.391812478725118,-1
45,2,-1,1,1.21277680904672,1.75320460917114,0.560104807812202,1
45,3,-1,1,1.21277680904672,1.75320460917114,0.371841376903442,1
45,4,1,1,1.34032565947502,2.9816232852002,0.361708548042844,1
45,5,1,1,1.34032565947502,2.9816232852002,0.510802442595278,1
45,6,-1,1,1.21277680904672,1.75320460917114,0.470750317107218,1
45,7,1,1,1.34032565947502,2.9816232852002,0.394578531133419,1
45,8,1,1,1.34032565947502,2.9816232852002,0.480392056650607,1
45,9,1,1,1.34032565947502,2.9816232852002,0.594750663484728,1
45,10,-1,1,1.21277680904672,1.75320460917114,0.300109925175037,1
45,11,1,1,1.34032565947502,2.9816232852002,0.387217880453107,1
45,12,1,1,1.34032565947502,2.9816232852002,0.583906367216369,1
45,13,1,1,1.34032565947502,2.9816232852002,0.373159423095263,1
45,14,-1,1,1.21277680904672,1.75320460917114,0.341424189040983,1
45,15,1,1,1.34032565947502,2.9816232852002,0.403348927758718,1
45,16,1,1,1.34032565947502,2.9816232852002,0.325866791963434,1
45,17,-1,1,1.21277680904672,1.75320460917114,0.363273439269464,-1
45,18,1,-1,1.27750967173258,1.98164276969253,0.369481771091652,1
45,19,1,1,1.34032565947502,2.9816232852002,0.375456026622996,1
45,20,1,1,1.34032565947502,2.9816232852002,0.317510832537496,1
45,21,-1,1,1.21277680904672,1.75320460917114,0.558512105333045,1
45,22,-1,1,1.21277680904672,1.75320460917114,0.476017174941777,1
45,23,-1,1,1.21277680904672,1.75320460917114,0.643729011371277,1
45,24,1,1,1.34032565947502,2.9816232852002,0.350972446386186,1
45,25,-1,1,1.21277680904672,1.75320460917114,0.612170969586486,1
45,26,-1,1,1.21277680904672,1.75320460917114,0.334950377763506,-1
45,27,1,-1,1.27750967173258,1.98164276969253,0.351758420165091,1
45,28,1,1,1.34032565947502,2.9816232852002,0.372929511970221,1
45,29,-1,1,1.21277680904672,1.75320460917114,0.457002023557774,1
45,30,-1,1,1.21277680904672,1.75320460917114,0.463670285395601,1
45,31,1,1,1.34032565947502,2.9816232852002,0.615086029041246,1
45,32,-1,1,1.21277680904672,1.75320460917114,0.522678200852442,1
45,33,1,1,1.34032565947502,2.9816232852002,0.35925120925598,1
45,34,-1,1,1.21277680904672,1.75320460917114,0.347656606675286,-1
45,35,-1,-1,1.15593855288647,0.483529335936135,0.291164195687533,1
45,36,-1,1,1.21277680904672,1.75320460917114,0.380754212124574,1
45,37,-1,1,1.21277680904672,1.75320460917114,0.358044776974641,1
45,38,1,1,1.34032565947502,2.9816232852002,0.292963158526728,1
45,39,-1,1,1.21277680904672,1.75320460917114,0.660821417607455,1
45,40,1,1,1.34032565947502,2.9816232852002,0.456455527613326,1
45,41,-1,1,1.21277680904672,1.75320460917114,0.661720633659795,1
45,42,-1,1,1.21277680904672,1.75320460917114,0.464929667553936,1
45,43,1,1,1.34032565947502,2.9816232852002,0.325168518806243,1
45,44,1,1,1.34032565947502,2.9816232852002,0.284666018191372,1
45,45,-1,1,1.21277680904672,1.75320460917114,0.380333257134754,-1
45,46,1,-1,1.27750967173258,1.98164276969253,0.504267809253972,1
45,47,-1,1,1.21277680904672,1.75320460917114,0.32142608819424,1
45,48,-1,1,1.21277680904672,1.75320460917114,0.348802844353988,1
45,49,-1,1,1.21277680904672,1.75320460917114,0.606489959636254,1
45,50,1,1,1.34032565947502,2.9816232852002,0.417412738009438,1
45,51,-1,1,1.21277680904672,1.75320460917114,0.4046764240223,1
45,52,-1,1,1.21277680904672,1.75320460917114,0.294049160377,1
45,53,1,1,1.34032565947502,2.9816232852002,0.410974847416615,1
45,54,-1,1,1.21277680904672,1.75320460917114,0.439471884488174,1
45,55,1,1,1.34032565947502,2.9816232852002,0.403751335977753,1
45,56,-1,1,1.21277680904672,1.75320460917114,0.677043207219083,1
45,57,-1,1,1.21277680904672,1.75320460917114,0.347221799439421,1
45,58,1,1,1.34032565947502,2.9816232852002,0.444872680796107,1
45,59,-1,1,1.21277680904672,1.75320460917114,0.362614020064395,1
45,60,-1,1,1.21277680904672,1.75320460917114,0.375840145461854,1
45,61,1,1,1.34032565947502,2.9816232852002,0.583789110582453,1
45,62,1,1,1.34032565947502,2.9816232852002,0.375879747982471,1
45,63,-1,1,1.21277680904672,1.75320460917114,0.336177212396631,1
45,64,-1,1,1.21277680904672,1.75320460917114,0.338623959518553,1
45,65,1,1,1.34032565947502,2.9816232852002,0.447365923158581,1
45,66,-1,1,1.21277680904672,1.75320460917114,0.376988038254281,1
45,67,-1,1,1.21277680904672,1.75320460917114,0.393318761943521,1
45,68,1,1,1.34032565947502,2.9816232852002,0.299123440609241,1
45,69,1,1,1.34032565947502,2.9816232852002,0.374319546939743,1
45,70,1,1,1.34032565947502,2.9816232852002,0.384536910407018,1
45,71,1,1,1.34032565947502,2.9816232852002,0.475046662359487,1
45,72,-1,1,1.21277680904672,1.75320460917114,0.449977516548758,1
45,73,1,1,1.34032565947502,2.9816232852002,0.288024059186917,1
45,74,-1,1,1.21277680904672,1.75320460917114,0.514978615851637,1
45,75,1,1,1.34032565947502,2.9816232852002,0.35191556596812,1
45,76,-1,1,1.21277680904672,1.75320460917114,0.473621838332902,1
45,77,-1,1,1.21277680904672,1.75320460917114,0.335327261196389,1
45,78,-1,1,1.21277680904672,1.75320460917114,0.59278179239123,1
45,79,-1,1,1.21277680904672,1.75320460917114,0.441864629802275,1
45,80,-1,1,1.21277680904672,1.75320460917114,0.364181267908461,1
45,81,1,1,1.34032565947502,2.9816232852002,0.456705881523327,1
45,82,-1,1,1.21277680904672,1.75320460917114,0.581886090427639,1
45,83,1,1,1.34032565947502,2.9816232852002,1.1550058458583,1
45,84,1,1,1.34032565947502,2.9816232852002,0.405004854322211,1
45,85,-1,1,1.21277680904672,1.75320460917114,0.810414112514572,1
45,86,1,1,1.34032565947502,2.9816232852002,0.410403930233073,1
45,87,1,1,1.34032565947502,2.9816232852002,0.52157163355102,1
45,88,1,1,1.34032565947502,2.9816232852002,0.459006079468378,-1
45,89,1,-1,1.27750967173258,1.98164276969253,0.322396808504091,1
45,90,-1,1,1.21277680904672,1.75320460917114,0.640706986192543,1
45,91,1,1,1.34032565947502,2.9816232852002,0.368878653356221,1
45,92,-1,1,1.21277680904672,1.75320460917114,0.465879187932323,1
45,93,-1,1,1.21277680904672,1.75320460917114,0.407417401942256,1
45,94,-1,1,1.21277680904672,1.75320460917114,0.37756493383755,1
45,95,-1,1,1.21277680904672,1.75320460917114,0.373556334995712,1
45,96,1,1,1.34032565947502,2.9816232852002,0.495428714160272,1
45,97,1,1,1.34032565947502,2.9816232852002,0.418150517312069,1
45,98,1,1,1.34032565947502,2.9816232852002,0.476351478577007,1
45,99,1,1,1.34032565947502,2.9816232852002,0.545205275759593,1
45,100,1,1,1.34032565947502,2.9816232852002,0.342927812035562,1
45,101,1,1,1.34032565947502,2.9816232852002,0.504824572626179,1
46,2,1,1,1.53520405102255,3.53583037036684,0.305653402277596,1
46,3,-1,1,1.38911006968559,0.665931904267951,1.10503741940974,1
46,4,-1,1,1.38911006968559,0.665931904267951,0.836032247302273,-1
46,5,1,-1,1.46325485108785,2.19146646326478,0.302760884354941,1
46,6,1,1,1.53520405102255,3.53583037036684,0.290364847781995,1
46,7,-1,1,1.38911006968559,0.665931904267951,0.594863537538019,1
46,8,1,1,1.53520405102255,3.53583037036684,0.295232727732956,1
46,9,1,1,1.53520405102255,3.53583037036684,0.299227181986621,1
46,10,1,1,1.53520405102255,3.53583037036684,0.287577948020244,1
46,11,1,1,1.53520405102255,3.53583037036684,0.317045997639766,1
46,12,1,1,1.53520405102255,3.53583037036684,0.466745535514532,1
46,13,-1,1,1.38911006968559,0.665931904267951,0.624900871093797,1
46,14,-1,1,1.38911006968559,0.665931904267951,0.894866409685092,1
46,15,1,1,1.53520405102255,3.53583037036684,0.360930453381292,1
46,16,1,1,1.53520405102255,3.53583037036684,0.362998335438584,1
46,17,-1,1,1.38911006968559,0.665931904267951,0.452184726397964,1
46,18,1,1,1.53520405102255,3.53583037036684,0.302491718350723,1
46,19,1,1,1.53520405102255,3.53583037036684,0.40189736299535,1
46,20,-1,1,1.38911006968559,0.665931904267951,1.26404672577134,-1
46,21,1,-1,1.46325485108785,2.19146646326478,0.690270666486439,1
46,22,-1,1,1.38911006968559,0.665931904267951,0.33279415070309,1
46,23,1,1,1.53520405102255,3.53583037036684,0.530808027499296,1
46,24,-1,1,1.38911006968559,0.665931904267951,1.36768152478651,1
46,25,-1,1,1.38911006968559,0.665931904267951,1.34104621389609,1
46,26,1,1,1.53520405102255,3.53583037036684,0.322997374231459,1
46,27,1,1,1.53520405102255,3.53583037036684,0.340359452543958,1
46,28,1,1,1.53520405102255,3.53583037036684,0.451038906554658,1
46,29,1,1,1.53520405102255,3.53583037036684,0.294548441776784,1
46,30,1,1,1.53520405102255,3.53583037036684,0.325015515430575,1
46,31,-1,1,1.38911006968559,0.665931904267951,0.867228183860993,1
46,32,1,1,1.53520405102255,3.53583037036684,0.71765261628114,1
46,33,1,1,1.53520405102255,3.53583037036684,0.428256446536668,1
46,34,1,1,1.53520405102255,3.53583037036684,0.331111683142545,1
46,35,-1,1,1.38911006968559,0.665931904267951,0.30904815499361,1
46,36,-1,1,1.38911006968559,0.665931904267951,0.831135955897461,-1
46,37,-1,-1,1.32400774138692,0.806771262100425,0.836262765703852,-1
46,38,1,-1,1.46325485108785,2.19146646326478,0.374579695000475,1
46,39,-1,1,1.38911006968559,0.665931904267951,0.483644664625215,1
46,40,1,1,1.53520405102255,3.53583037036684,0.467902987751366,1
46,41,1,1,1.53520405102255,3.53583037036684,0.523962236862933,1
46,42,-1,1,1.38911006968559,0.665931904267951,0.368676136632076,1
46,43,-1,1,1.38911006968559,0.665931904267951,0.576469462919733,-1
46,44,1,-1,1.46325485108785,2.19146646326478,0.464374617259686,1
46,45,-1,1,1.38911006968559,0.665931904267951,0.655109004831179,-1
46,46,1,-1,1.46325485108785,2.19146646326478,0.725364156709353,1
46,47,-1,1,1.38911006968559,0.665931904267951,0.760254196395487,1
46,48,1,1,1.53520405102255,3.53583037036684,0.386903077670231,1
46,49,-1,1,1.38911006968559,0.665931904267951,0.508407267447119,1
46,50,-1,1,1.38911006968559,0.665931904267951,0.446272461951676,1
46,51,-1,1,1.38911006968559,0.665931904267951,0.658545208432063,1
46,52,1,1,1.53520405102255,3.53583037036684,0.399048507644742,1
46,53,1,1,1.53520405102255,3.53583037036684,0.437218734465018,1
46,54,1,1,1.53520405102255,3.53583037036684,0.338629112032975,1
46,55,-1,1,1.38911006968559,0.665931904267951,0.416163800596196,-1
46,56,-1,-1,1.32400774138692,0.806771262100425,1.02478043385187,-1
46,57,-1,-1,1.32400774138692,0.806771262100425,0.346179214688518,1
46,58,1,1,1.53520405102255,3.53583037036684,0.487522586568431,1
46,59,1,1,1.53520405102255,3.53583037036684,0.533246386376416,1
46,60,-1,1,1.38911006968559,0.665931904267951,0.604320798033737,1
46,61,1,1,1.53520405102255,3.53583037036684,0.395421051396159,1
46,62,1,1,1.53520405102255,3.53583037036684,0.460252971913253,1
46,63,1,1,1.53520405102255,3.53583037036684,0.407861971773749,1
46,64,-1,1,1.38911006968559,0.665931904267951,0.419717086561816,1
46,65,1,1,1.53520405102255,3.53583037036684,0.383392877620428,1
46,66,-1,1,1.38911006968559,0.665931904267951,0.507471891324658,1
46,67,1,1,1.53520405102255,3.53583037036684,0.330382547423688,1
46,68,-1,1,1.38911006968559,0.665931904267951,0.660468359766964,-1
46,69,-1,-1,1.32400774138692,0.806771262100425,0.816016553750099,-1
46,70,-1,-1,1.32400774138692,0.806771262100425,0.390810258377662,1
46,71,-1,1,1.38911006968559,0.665931904267951,0.555207172821209,-1
46,72,-1,-1,1.32400774138692,0.806771262100425,0.8058760853229,1
46,73,1,1,1.53520405102255,3.53583037036684,0.639806072727935,1
46,74,-1,1,1.38911006968559,0.665931904267951,0.929122279082927,1
46,75,1,1,1.53520405102255,3.53583037036684,0.308288737441312,1
46,76,-1,1,1.38911006968559,0.665931904267951,0.863962395913602,1
46,77,-1,1,1.38911006968559,0.665931904267951,0.35793060906304,1
46,78,-1,1,1.38911006968559,0.665931904267951,0.758252646252056,1
46,79,-1,1,1.38911006968559,0.665931904267951,0.424255634148485,1
46,80,-1,1,1.38911006968559,0.665931904267951,0.328646320979049,1
46,81,1,1,1.53520405102255,3.53583037036684,0.424631204383303,1
46,82,-1,1,1.38911006968559,0.665931904267951,0.720799505845443,1
46,83,-1,1,1.38911006968559,0.665931904267951,0.325698748236136,1
46,84,1,1,1.53520405102255,3.53583037036684,0.379234847921425,1
46,85,1,1,1.53520405102255,3.53583037036684,0.427358769773527,1
46,86,-1,1,1.38911006968559,0.665931904267951,0.51927601246305,1
46,87,1,1,1.53520405102255,3.53583037036684,0.448189895405018,1
46,88,-1,1,1.38911006968559,0.665931904267951,0.639003830781117,1
46,89,1,1,1.53520405102255,3.53583037036684,0.453115884969232,1
46,90,-1,1,1.38911006968559,0.665931904267951,0.564127800577912,1
46,91,-1,1,1.38911006968559,0.665931904267951,0.671397846185055,1
46,92,-1,1,1.38911006968559,0.665931904267951,0.440682861054861,1
46,93,-1,1,1.38911006968559,0.665931904267951,0.710965690041958,1
46,94,1,1,1.53520405102255,3.53583037036684,0.318194691751673,1
46,95,1,1,1.53520405102255,3.53583037036684,0.472731183345795,1
46,96,1,1,1.53520405102255,3.53583037036684,0.33129590170603,1
46,97,-1,1,1.38911006968559,0.665931904267951,0.578740078269391,1
46,98,1,1,1.53520405102255,3.53583037036684,0.440588044028885,1
46,99,-1,1,1.38911006968559,0.665931904267951,0.948068097494922,-1
46,100,1,-1,1.46325485108785,2.19146646326478,0.554172683411335,-1
46,101,-1,-1,1.32400774138692,0.806771262100425,0.447026898113773,1
47,2,1,1,2.40941637310594,4.10755882885494,0.531355697566429,1
47,3,1,1,2.40941637310594,4.10755882885494,0.305717216356558,1
47,4,1,1,2.40941637310594,4.10755882885494,0.393670478075934,1
47,5,-1,1,2.18013009001475,1.11111317316936,2.26730304213582,1
47,6,-1,1,2.18013009001475,1.11111317316936,0.502316431419146,1
47,7,1,1,2.40941637310594,4.10755882885494,0.372264599015043,1
47,8,1,1,2.40941637310594,4.10755882885494,0.632477578239896,1
47,9,1,1,2.40941637310594,4.10755882885494,0.429723749592031,1
47,10,1,1,2.40941637310594,4.10755882885494,0.691796820632965,1
47,11,1,1,2.40941637310594,4.10755882885494,0.319323439533321,1
47,12,1,1,2.40941637310594,4.10755882885494,0.945743707739833,1
47,13,-1,1,2.18013009001475,1.11111317316936,0.793352759200191,1
47,14,-1,1,2.18013009001475,1.11111317316936,1.2735272831352,-1
47,15,1,-1,2.29649615234501,1.66965080673861,0.426859427181586,1
47,16,1,1,2.40941637310594,4.10755882885494,0.554633175648978,1
47,17,-1,1,2.18013009001475,1.11111317316936,0.781685866952745,-1
47,18,-1,-1,2.07795564901738,0.311677191237093,0.843136689487933,-1
47,19,-1,-1,2.07795564901738,0.311677191237093,0.584146947208315,-1
47,20,-1,-1,2.07795564901738,0.311677191237093,1.32988324707708,1
47,21,-1,1,2.18013009001475,1.11111317316936,0.915564895622611,1
47,22,-1,1,2.18013009001475,1.11111317316936,0.480414234195276,1
47,23,1,1,2.40941637310594,4.10755882885494,1.05869817121453,1
47,24,-1,1,2.18013009001475,1.11111317316936,0.579129643386623,1
47,25,1,1,2.40941637310594,4.10755882885494,0.65901344652086,1
47,26,1,1,2.40941637310594,4.10755882885494,0.596252331671623,1
47,27,1,1,2.40941637310594,4.10755882885494,0.458268708303704,1
47,28,1,1,2.40941637310594,4.10755882885494,0.458332885226695,1
47,29,1,1,2.40941637310594,4.10755882885494,0.557628782822894,1
47,30,1,1,2.40941637310594,4.10755882885494,0.56060921552994,1
47,31,-1,1,2.18013009001475,1.11111317316936,0.756567725866881,1
47,32,1,1,2.40941637310594,4.10755882885494,0.484405722240445,1
47,33,1,1,2.40941637310594,4.10755882885494,0.404490598955796,1
47,34,1,1,2.40941637310594,4.10755882885494,0.409492020395818,1
47,35,-1,1,2.18013009001475,1.11111317316936,0.460027903836185,1
47,36,-1,1,2.18013009001475,1.11111317316936,0.312687722405388,1
47,37,-1,1,2.18013009001475,1.11111317316936,0.497791530270379,1
47,38,-1,1,2.18013009001475,1.11111317316936,1.14230201712847,1
47,39,-1,1,2.18013009001475,1.11111317316936,0.740619873692174,1
47,40,1,1,2.40941637310594,4.10755882885494,0.521874596145357,1
47,41,1,1,2.40941637310594,4.10755882885494,0.306983129437043,1
47,42,-1,1,2.18013009001475,1.11111317316936,1.33103292721279,1
47,43,1,1,2.40941637310594,4.10755882885494,0.411230205419644,1
47,44,1,1,2.40941637310594,4.10755882885494,0.563064486131397,1
47,45,-1,1,2.18013009001475,1.11111317316936,1.95436617062417,1
47,46,-1,1,2.18013009001475,1.11111317316936,0.707176701894648,1
47,47,-1,1,2.18013009001475,1.11111317316936,2.79261828642022,1
47,48,1,1,2.40941637310594,4.10755882885494,0.408246754829613,1
47,49,1,1,2.40941637310594,4.10755882885494,0.350603462331401,1
47,50,1,1,2.40941637310594,4.10755882885494,0.452750248300877,1
47,51,1,1,2.40941637310594,4.10755882885494,0.403140260565876,1
47,52,-1,1,2.18013009001475,1.11111317316936,0.351832340087012,1
47,53,-1,1,2.18013009001475,1.11111317316936,0.934145470657424,1
47,54,1,1,2.40941637310594,4.10755882885494,0.335970888258419,1
47,55,1,1,2.40941637310594,4.10755882885494,0.515026854989791,1
47,56,-1,1,2.18013009001475,1.11111317316936,0.553255682706774,1
47,57,1,1,2.40941637310594,4.10755882885494,0.469436584083039,1
47,58,-1,1,2.18013009001475,1.11111317316936,0.569682373551169,1
47,59,1,1,2.40941637310594,4.10755882885494,0.412750089756382,1
47,60,1,1,2.40941637310594,4.10755882885494,0.331040783097158,1
47,61,1,1,2.40941637310594,4.10755882885494,0.530593995846609,1
47,62,-1,1,2.18013009001475,1.11111317316936,0.779509447497315,1
47,63,1,1,2.40941637310594,4.10755882885494,0.41185290525542,1
47,64,-1,1,2.18013009001475,1.11111317316936,0.860926658859899,1
47,65,-1,1,2.18013009001475,1.11111317316936,0.626279392500957,1
47,66,-1,1,2.18013009001475,1.11111317316936,2.06151590456294,1
47,67,-1,1,2.18013009001475,1.11111317316936,0.755960954482172,1
47,68,-1,1,2.18013009001475,1.11111317316936,2.43199233289624,1
47,69,1,1,2.40941637310594,4.10755882885494,0.40776613056863,1
47,70,-1,1,2.18013009001475,1.11111317316936,1.82381675710982,1
47,71,-1,1,2.18013009001475,1.11111317316936,1.45527809944689,1
47,72,1,1,2.40941637310594,4.10755882885494,0.428746023424984,1
47,73,1,1,2.40941637310594,4.10755882885494,0.334657253218326,1
47,74,-1,1,2.18013009001475,1.11111317316936,1.50732699252372,1
47,75,-1,1,2.18013009001475,1.11111317316936,0.558886347806782,1
47,76,-1,1,2.18013009001475,1.11111317316936,1.06618725852343,1
47,77,-1,1,2.18013009001475,1.11111317316936,0.570703501852376,1
47,78,-1,1,2.18013009001475,1.11111317316936,0.479105449690392,1
47,79,-1,1,2.18013009001475,1.11111317316936,0.592067401448951,1
47,80,1,1,2.40941637310594,4.10755882885494,0.462564461820446,1
47,81,-1,1,2.18013009001475,1.11111317316936,0.672094053157948,-1
47,82,-1,-1,2.07795564901738,0.311677191237093,0.667432348841575,1
47,83,1,1,2.40941637310594,4.10755882885494,0.550701498452034,1
47,84,1,1,2.40941637310594,4.10755882885494,0.331512381181349,1
47,85,-1,1,2.18013009001475,1.11111317316936,1.05060076365074,1
47,86,1,1,2.40941637310594,4.10755882885494,0.50168754369787,1
47,87,1,1,2.40941637310594,4.10755882885494,0.808425766998353,1
47,88,1,1,2.40941637310594,4.10755882885494,0.378664966819526,1
47,89,1,1,2.40941637310594,4.10755882885494,0.394912909893511,1
47,90,-1,1,2.18013009001475,1.11111317316936,0.629005147735364,1
47,91,1,1,2.40941637310594,4.10755882885494,0.56994373618758,1
47,92,-1,1,2.18013009001475,1.11111317316936,2.77174037775881,-1
47,93,-1,-1,2.07795564901738,0.311677191237093,0.847546090731522,-1
47,94,-1,-1,2.07795564901738,0.311677191237093,0.768393713128958,1
47,95,1,1,2.40941637310594,4.10755882885494,0.603992542274248,1
47,96,-1,1,2.18013009001475,1.11111317316936,1.03004684185842,1
47,97,1,1,2.40941637310594,4.10755882885494,0.347540407949328,1
47,98,-1,1,2.18013009001475,1.11111317316936,1.26879380113779,1
47,99,-1,1,2.18013009001475,1.11111317316936,0.946750096834725,1
47,100,-1,1,2.18013009001475,1.11111317316936,0.956344189186963,-1
47,101,1,-1,2.29649615234501,1.66965080673861,1.45024041151198,1
48,2,1,1,1.90352136509456,4.94793536062368,0.300753341774972,1
48,3,-1,1,1.72237735716845,-0.518995130368106,1.07737348129171,1
48,4,-1,1,1.72237735716845,-0.518995130368106,0.7831329968768,-1
48,5,1,-1,1.81431052749552,2.82004387039001,0.646113764314423,1
48,6,-1,1,1.72237735716845,-0.518995130368106,1.69403471587439,1
48,7,-1,1,1.72237735716845,-0.518995130368106,0.706684973717018,-1
48,8,-1,-1,1.64165605321451,-0.0489841006455868,0.480535854971369,1
48,9,-1,1,1.72237735716845,-0.518995130368106,0.662471314119144,-1
48,10,-1,-1,1.64165605321451,-0.0489841006455868,0.552519931642325,1
48,11,-1,1,1.72237735716845,-0.518995130368106,0.576346018437437,-1
48,12,1,-1,1.81431052749552,2.82004387039001,0.356296711786932,1
48,13,1,1,1.90352136509456,4.94793536062368,0.364771653082576,1
48,14,-1,1,1.72237735716845,-0.518995130368106,0.997220511389923,-1
48,15,-1,-1,1.64165605321451,-0.0489841006455868,0.761773414374921,1
48,16,1,1,1.90352136509456,4.94793536062368,0.379203489486933,1
48,17,1,1,1.90352136509456,4.94793536062368,0.349413691489626,1
48,18,1,1,1.90352136509456,4.94793536062368,0.306742317566431,1
48,19,-1,1,1.72237735716845,-0.518995130368106,0.578643116788125,-1
48,20,1,-1,1.81431052749552,2.82004387039001,0.320474127179903,1
48,21,1,1,1.90352136509456,4.94793536062368,0.350538187633514,1
48,22,-1,1,1.72237735716845,-0.518995130368106,2.62612409336768,1
48,23,-1,1,1.72237735716845,-0.518995130368106,1.97384013893214,1
48,24,-1,1,1.72237735716845,-0.518995130368106,0.674581174494204,-1
48,25,1,-1,1.81431052749552,2.82004387039001,0.343863276606053,1
48,26,-1,1,1.72237735716845,-0.518995130368106,1.68298469876104,-1
48,27,-1,-1,1.64165605321451,-0.0489841006455868,0.418757011704156,-1
48,28,-1,-1,1.64165605321451,-0.0489841006455868,1.29326568900272,1
48,29,1,1,1.90352136509456,4.94793536062368,0.298235809937172,1
48,30,-1,1,1.72237735716845,-0.518995130368106,1.30984958552263,-1
48,31,1,-1,1.81431052749552,2.82004387039001,0.54040368546966,1
48,32,-1,1,1.72237735716845,-0.518995130368106,1.44958662614907,-1
48,33,1,-1,1.81431052749552,2.82004387039001,0.52650382136512,1
48,34,1,1,1.90352136509456,4.94793536062368,0.385936259534269,1
48,35,1,1,1.90352136509456,4.94793536062368,0.285036374987297,1
48,36,-1,1,1.72237735716845,-0.518995130368106,0.440878463160603,-1
48,37,1,-1,1.81431052749552,2.82004387039001,0.487648661920466,1
48,38,-1,1,1.72237735716845,-0.518995130368106,0.489408392959701,-1
48,39,-1,-1,1.64165605321451,-0.0489841006455868,0.687868351805896,1
48,40,-1,1,1.72237735716845,-0.518995130368106,1.03692034586785,-1
48,41,-1,-1,1.64165605321451,-0.0489841006455868,0.580692803991372,1
48,42,-1,1,1.72237735716845,-0.518995130368106,0.886888683082268,-1
48,43,-1,-1,1.64165605321451,-0.0489841006455868,0.522516614356596,1
48,44,1,1,1.90352136509456,4.94793536062368,0.433226431843048,1
48,45,1,1,1.90352136509456,4.94793536062368,0.435128909574154,1
48,46,1,1,1.90352136509456,4.94793536062368,0.417410083597433,1
48,47,1,1,1.90352136509456,4.94793536062368,0.367801230535352,1
48,48,1,1,1.90352136509456,4.94793536062368,0.414619382418639,1
48,49,-1,1,1.72237735716845,-0.518995130368106,0.434742608108879,-1
48,50,-1,-1,1.64165605321451,-0.0489841006455868,0.848691856948939,-1
48,51,-1,-1,1.64165605321451,-0.0489841006455868,0.722457791981702,1
48,52,1,1,1.90352136509456,4.94793536062368,0.308741361015284,1
48,53,1,1,1.90352136509456,4.94793536062368,0.409467777080845,1
48,54,-1,1,1.72237735716845,-0.518995130368106,0.455969196557775,1
48,55,1,1,1.90352136509456,4.94793536062368,0.430474012032118,1
48,56,1,1,1.90352136509456,4.94793536062368,0.42748552646399,1
48,57,-1,1,1.72237735716845,-0.518995130368106,0.61930624455393,-1
48,58,1,-1,1.81431052749552,2.82004387039001,0.467100073433616,1
48,59,-1,1,1.72237735716845,-0.518995130368106,0.42797997974577,-1
48,60,1,-1,1.81431052749552,2.82004387039001,0.75279286513653,1
48,61,-1,1,1.72237735716845,-0.518995130368106,0.254394054240592,-1
48,62,-1,-1,1.64165605321451,-0.0489841006455868,0.527293152375581,-1
48,63,-1,-1,1.64165605321451,-0.0489841006455868,0.907168492321771,1
48,64,-1,1,1.72237735716845,-0.518995130368106,0.453285757357835,-1
48,65,-1,-1,1.64165605321451,-0.0489841006455868,1.14801035422353,1
48,66,-1,1,1.72237735716845,-0.518995130368106,0.850061188969102,-1
48,67,1,-1,1.81431052749552,2.82004387039001,0.312377358501978,1
48,68,1,1,1.90352136509456,4.94793536062368,0.527672963333319,1
48,69,1,1,1.90352136509456,4.94793536062368,0.369043337745681,1
48,70,-1,1,1.72237735716845,-0.518995130368106,0.39312443724375,1
48,71,1,1,1.90352136509456,4.94793536062368,0.368319657345243,1
48,72,-1,1,1.72237735716845,-0.518995130368106,1.70678595866991,1
48,73,-1,1,1.72237735716845,-0.518995130368106,0.629420865851796,-1
48,74,1,-1,1.81431052749552,2.82004387039001,0.254401042138104,1
48,75,1,1,1.90352136509456,4.94793536062368,0.397618866592257,1
48,76,-1,1,1.72237735716845,-0.518995130368106,0.616002186489341,-1
48,77,1,-1,1.81431052749552,2.82004387039001,0.786540600066374,1
48,78,1,1,1.90352136509456,4.94793536062368,0.279097295346081,1
48,79,1,1,1.90352136509456,4.94793536062368,0.38143404657946,1
48,80,-1,1,1.72237735716845,-0.518995130368106,1.16158455724798,-1
48,81,1,-1,1.81431052749552,2.82004387039001,0.644133141261801,1
48,82,1,1,1.90352136509456,4.94793536062368,0.476897091463488,1
48,83,-1,1,1.72237735716845,-0.518995130368106,0.778064457995356,-1
48,84,-1,-1,1.64165605321451,-0.0489841006455868,0.375036975200841,1
48,85,-1,1,1.72237735716845,-0.518995130368106,2.46643141213235,-1
48,86,1,-1,1.81431052749552,2.82004387039001,0.702342726789515,1
48,87,-1,1,1.72237735716845,-0.518995130368106,1.01818222010091,1
48,88,1,1,1.90352136509456,4.94793536062368,0.367191924972704,1
48,89,-1,1,1.72237735716845,-0.518995130368106,2.00736856913625,-1
48,90,1,-1,1.81431052749552,2.82004387039001,0.316284337573242,1
48,91,1,1,1.90352136509456,4.94793536062368,0.294285174011294,1
48,92,1,1,1.90352136509456,4.94793536062368,0.347709900201328,1
48,93,-1,1,1.72237735716845,-0.518995130368106,0.396711511828305,-1
48,94,1,-1,1.81431052749552,2.82004387039001,0.37003349981084,1
48,95,-1,1,1.72237735716845,-0.518995130368106,0.464909073916979,-1
48,96,1,-1,1.81431052749552,2.82004387039001,0.655543777452478,1
48,97,1,1,1.90352136509456,4.94793536062368,0.26176337806679,1
48,98,1,1,1.90352136509456,4.94793536062368,0.368838617376524,1
48,99,1,1,1.90352136509456,4.94793536062368,0.333579172959618,1
48,100,1,1,1.90352136509456,4.94793536062368,0.430590771061227,1
48,101,1,1,1.90352136509456,4.94793536062368,0.330429957268827,1
49,2,-1,1,1.67252912088235,1.53541206040965,0.481584878111505,1
49,3,1,1,1.8484305440338,4.40037888667952,0.423617343125362,1
49,4,-1,1,1.67252912088235,1.53541206040965,0.67313823154134,1
49,5,1,1,1.8484305440338,4.40037888667952,0.324571620538656,1
49,6,1,1,1.8484305440338,4.40037888667952,0.36323791198507,1
49,7,1,1,1.8484305440338,4.40037888667952,0.37700509394816,1
49,8,1,1,1.8484305440338,4.40037888667952,0.37280313495685,1
49,9,1,1,1.8484305440338,4.40037888667952,0.34137168808391,1
49,10,-1,1,1.67252912088235,1.53541206040965,0.399640915291593,1
49,11,1,1,1.8484305440338,4.40037888667952,0.310023815003671,1
49,12,1,1,1.8484305440338,4.40037888667952,0.38180995583685,1
49,13,-1,1,1.67252912088235,1.53541206040965,0.478888251328393,1
49,14,-1,1,1.67252912088235,1.53541206040965,0.73811900991506,1
49,15,1,1,1.8484305440338,4.40037888667952,0.348021156823579,1
49,16,-1,1,1.67252912088235,1.53541206040965,0.317561021004718,-1
49,17,1,-1,1.76180160458467,1.29039795372936,0.478794394340137,1
49,18,-1,1,1.67252912088235,1.53541206040965,1.05608202477543,1
49,19,-1,1,1.67252912088235,1.53541206040965,0.595420121502746,1
49,20,1,1,1.8484305440338,4.40037888667952,0.34925416125485,1
49,21,1,1,1.8484305440338,4.40037888667952,0.446996101320973,1
49,22,-1,1,1.67252912088235,1.53541206040965,1.26126213544991,1
49,23,1,1,1.8484305440338,4.40037888667952,0.460157185787309,1
49,24,1,1,1.8484305440338,4.40037888667952,0.55840793331816,1
49,25,1,1,1.8484305440338,4.40037888667952,0.366688445127015,1
49,26,1,1,1.8484305440338,4.40037888667952,0.412123540040041,1
49,27,-1,1,1.67252912088235,1.53541206040965,0.479714870436482,1
49,28,-1,1,1.67252912088235,1.53541206040965,0.473195672884298,1
49,29,1,1,1.8484305440338,4.40037888667952,0.417255266807438,1
49,30,-1,1,1.67252912088235,1.53541206040965,0.97323090802176,1
49,31,-1,1,1.67252912088235,1.53541206040965,0.308891780948848,1
49,32,-1,1,1.67252912088235,1.53541206040965,0.463124506095345,1
49,33,-1,1,1.67252912088235,1.53541206040965,1.37104295780437,1
49,34,1,1,1.8484305440338,4.40037888667952,0.256154987546892,1
49,35,1,1,1.8484305440338,4.40037888667952,0.300379339490807,1
49,36,-1,1,1.67252912088235,1.53541206040965,0.568092368772118,-1
49,37,1,-1,1.76180160458467,1.29039795372936,1.13348863757646,1
49,38,-1,1,1.67252912088235,1.53541206040965,0.59824204918137,1
49,39,-1,1,1.67252912088235,1.53541206040965,0.550542544859045,1
49,40,1,1,1.8484305440338,4.40037888667952,0.483480970540269,1
49,41,-1,1,1.67252912088235,1.53541206040965,0.8061771419273,1
49,42,1,1,1.8484305440338,4.40037888667952,0.586674017062277,1
49,43,-1,1,1.67252912088235,1.53541206040965,1.51322744509646,-1
49,44,1,-1,1.76180160458467,1.29039795372936,0.577178608476884,1
49,45,1,1,1.8484305440338,4.40037888667952,0.89382375522413,1
49,46,-1,1,1.67252912088235,1.53541206040965,0.853553481163367,1
49,47,-1,1,1.67252912088235,1.53541206040965,0.821054154988585,-1
49,48,1,-1,1.76180160458467,1.29039795372936,0.515223919461785,1
49,49,1,1,1.8484305440338,4.40037888667952,0.402550051229956,1
49,50,1,1,1.8484305440338,4.40037888667952,0.39099232433743,1
49,51,1,1,1.8484305440338,4.40037888667952,0.303431700202438,1
49,52,1,1,1.8484305440338,4.40037888667952,0.55980100440715,1
49,53,1,1,1.8484305440338,4.40037888667952,0.367589453059176,1
49,54,1,1,1.8484305440338,4.40037888667952,0.646740540083986,1
49,55,1,1,1.8484305440338,4.40037888667952,0.263134603240345,1
49,56,1,1,1.8484305440338,4.40037888667952,0.281114129794623,1
49,57,-1,1,1.67252912088235,1.53541206040965,0.479015862802053,1
49,58,1,1,1.8484305440338,4.40037888667952,0.490634504542328,1
49,59,-1,1,1.67252912088235,1.53541206040965,0.584726789598753,1
49,60,-1,1,1.67252912088235,1.53541206040965,0.665244531857864,1
49,61,1,1,1.8484305440338,4.40037888667952,0.362048508800273,1
49,62,-1,1,1.67252912088235,1.53541206040965,0.629514149831075,1
49,63,1,1,1.8484305440338,4.40037888667952,0.280305610187331,1
49,64,-1,1,1.67252912088235,1.53541206040965,1.00392220594499,1
49,65,-1,1,1.67252912088235,1.53541206040965,1.04641756630189,1
49,66,-1,1,1.67252912088235,1.53541206040965,2.02384774640049,1
49,67,-1,1,1.67252912088235,1.53541206040965,0.459608616380752,1
49,68,1,1,1.8484305440338,4.40037888667952,0.478820277434917,1
49,69,-1,1,1.67252912088235,1.53541206040965,0.71862949616093,1
49,70,1,1,1.8484305440338,4.40037888667952,0.33470126498235,1
49,71,-1,1,1.67252912088235,1.53541206040965,0.379799810037742,1
49,72,-1,1,1.67252912088235,1.53541206040965,0.619195131920424,-1
49,73,-1,-1,1.594144014984,-0.0261889008185284,0.369727531296666,1
49,74,1,1,1.8484305440338,4.40037888667952,0.286388551137404,1
49,75,1,1,1.8484305440338,4.40037888667952,0.275183387560479,1
49,76,-1,1,1.67252912088235,1.53541206040965,0.728344209694913,1
49,77,1,1,1.8484305440338,4.40037888667952,0.441359956980402,1
49,78,-1,1,1.67252912088235,1.53541206040965,0.516896614137493,1
49,79,1,1,1.8484305440338,4.40037888667952,0.709097687859879,1
49,80,1,1,1.8484305440338,4.40037888667952,0.375725807946433,1
49,81,1,1,1.8484305440338,4.40037888667952,0.330133687925312,1
49,82,1,1,1.8484305440338,4.40037888667952,0.40186705875857,1
49,83,-1,1,1.67252912088235,1.53541206040965,1.10066027889228,1
49,84,-1,1,1.67252912088235,1.53541206040965,1.24929190319766,1
49,85,-1,1,1.67252912088235,1.53541206040965,0.735468120010296,1
49,86,-1,1,1.67252912088235,1.53541206040965,0.407918949107108,1
49,87,-1,1,1.67252912088235,1.53541206040965,0.955634264722771,1
49,88,1,1,1.8484305440338,4.40037888667952,0.395099976129397,1
49,89,1,1,1.8484305440338,4.40037888667952,0.299776777710258,1
49,90,-1,1,1.67252912088235,1.53541206040965,0.42248379803392,1
49,91,1,1,1.8484305440338,4.40037888667952,0.614999266199711,1
49,92,1,1,1.8484305440338,4.40037888667952,0.348833194028933,1
49,93,1,1,1.8484305440338,4.40037888667952,0.357482584033993,1
49,94,-1,1,1.67252912088235,1.53541206040965,0.921905562779851,1
49,95,-1,1,1.67252912088235,1.53541206040965,0.364778604577575,1
49,96,-1,1,1.67252912088235,1.53541206040965,0.364031961798424,-1
49,97,-1,-1,1.594144014984,-0.0261889008185284,2.54572764896309,-1
49,98,-1,-1,1.594144014984,-0.0261889008185284,0.633129666627943,-1
49,99,-1,-1,1.594144014984,-0.0261889008185284,0.544503542510115,1
49,100,-1,1,1.67252912088235,1.53541206040965,0.809637013910098,1
49,101,-1,1,1.67252912088235,1.53541206040965,1.07754324278279,1
50,2,-1,1,1.64392071984511,1.11739055237826,0.83493436888013,1
50,3,1,1,1.81681337119479,3.7930660895315,0.369462652628784,1
50,4,-1,1,1.64392071984511,1.11739055237826,0.361136236669482,1
50,5,1,1,1.81681337119479,3.7930660895315,0.311622143105736,1
50,6,1,1,1.81681337119479,3.7930660895315,0.501803210685242,1
50,7,1,1,1.81681337119479,3.7930660895315,0.336000309677092,1
50,8,-1,1,1.64392071984511,1.11739055237826,0.636943681584372,1
50,9,-1,1,1.64392071984511,1.11739055237826,0.779226257467605,-1
50,10,1,-1,1.73166620889994,1.93917105155804,0.779140284875033,1
50,11,-1,1,1.64392071984511,1.11739055237826,0.493336026666961,1
50,12,-1,1,1.64392071984511,1.11739055237826,0.385417993732526,1
50,13,-1,1,1.64392071984511,1.11739055237826,0.365749208543524,1
50,14,1,1,1.81681337119479,3.7930660895315,0.430694779183049,1
50,15,1,1,1.81681337119479,3.7930660895315,0.563465557126456,1
50,16,1,1,1.81681337119479,3.7930660895315,0.436500648748733,1
50,17,-1,1,1.64392071984511,1.11739055237826,0.77543110961202,1
50,18,1,1,1.81681337119479,3.7930660895315,0.454634765963966,1
50,19,-1,1,1.64392071984511,1.11739055237826,0.550222690938057,1
50,20,-1,1,1.64392071984511,1.11739055237826,0.271343174389775,1
50,21,1,1,1.81681337119479,3.7930660895315,0.535378990706971,1
50,22,1,1,1.81681337119479,3.7930660895315,0.455889679861112,1
50,23,-1,1,1.64392071984511,1.11739055237826,1.00667141136459,1
50,24,-1,1,1.64392071984511,1.11739055237826,0.50857576857884,1
50,25,1,1,1.81681337119479,3.7930660895315,0.345919493249404,1
50,26,-1,1,1.64392071984511,1.11739055237826,1.02077142916527,-1
50,27,-1,-1,1.56687638136114,0.3503723065322,0.892857975325224,1
50,28,-1,1,1.64392071984511,1.11739055237826,0.34258673255758,1
50,29,-1,1,1.64392071984511,1.11739055237826,0.389556437660662,1
50,30,1,1,1.81681337119479,3.7930660895315,0.312693870309912,1
50,31,1,1,1.81681337119479,3.7930660895315,0.995768880402939,1
50,32,1,1,1.81681337119479,3.7930660895315,0.654368508544169,1
50,33,1,1,1.81681337119479,3.7930660895315,0.446461651696082,1
50,34,1,1,1.81681337119479,3.7930660895315,0.471634430601736,1
50,35,1,1,1.81681337119479,3.7930660895315,0.395642119059357,1
50,36,-1,1,1.64392071984511,1.11739055237826,0.409448932524225,1
50,37,1,1,1.81681337119479,3.7930660895315,0.450363407425673,1
50,38,-1,1,1.64392071984511,1.11739055237826,0.420304749384254,1
50,39,1,1,1.81681337119479,3.7930660895315,0.449554308260471,1
50,40,1,1,1.81681337119479,3.7930660895315,0.654322963254018,1
50,41,1,1,1.81681337119479,3.7930660895315,0.295428840698803,1
50,42,-1,1,1.64392071984511,1.11739055237826,0.377394333030208,-1
50,43,1,-1,1.73166620889994,1.93917105155804,0.689592814773256,1
50,44,1,1,1.81681337119479,3.7930660895315,0.321141764216762,1
50,45,1,1,1.81681337119479,3.7930660895315,0.566072897507091,1
50,46,1,1,1.81681337119479,3.7930660895315,0.395804836047376,1
50,47,1,1,1.81681337119479,3.7930660895315,0.413650857635531,1
50,48,1,1,1.81681337119479,3.7930660895315,0.516775668939,1
50,49,1,1,1.81681337119479,3.7930660895315,0.417561137089284,1
50,50,1,1,1.81681337119479,3.7930660895315,0.396756855592617,1
50,51,1,1,1.81681337119479,3.7930660895315,0.296470218870524,1
50,52,-1,1,1.64392071984511,1.11739055237826,0.368628563586734,1
50,53,1,1,1.81681337119479,3.7930660895315,0.464519439935686,1
50,54,-1,1,1.64392071984511,1.11739055237826,0.597402015494185,1
50,55,-1,1,1.64392071984511,1.11739055237826,0.308594196284533,-1
50,56,-1,-1,1.56687638136114,0.3503723065322,1.97831854431723,1
50,57,1,1,1.81681337119479,3.7930660895315,0.514269910528639,1
50,58,-1,1,1.64392071984511,1.11739055237826,1.03417263246856,1
50,59,-1,1,1.64392071984511,1.11739055237826,0.371445582280484,1
50,60,-1,1,1.64392071984511,1.11739055237826,0.366842509818773,1
50,61,-1,1,1.64392071984511,1.11739055237826,0.596684671371823,1
50,62,-1,1,1.64392071984511,1.11739055237826,0.448531575936401,-1
50,63,-1,-1,1.56687638136114,0.3503723065322,0.346496174315938,-1
50,64,1,-1,1.73166620889994,1.93917105155804,0.579327639608481,1
50,65,1,1,1.81681337119479,3.7930660895315,0.347847429797855,1
50,66,-1,1,1.64392071984511,1.11739055237826,1.07443056121683,-1
50,67,-1,-1,1.56687638136114,0.3503723065322,1.24165211246852,-1
50,68,-1,-1,1.56687638136114,0.3503723065322,0.516027030204778,1
50,69,-1,1,1.64392071984511,1.11739055237826,0.514734454343525,1
50,70,-1,1,1.64392071984511,1.11739055237826,0.816051307804321,-1
50,71,-1,-1,1.56687638136114,0.3503723065322,0.415005940374322,1
50,72,1,1,1.81681337119479,3.7930660895315,0.464759610577568,1
50,73,-1,1,1.64392071984511,1.11739055237826,0.31762695899709,1
50,74,1,1,1.81681337119479,3.7930660895315,0.382859374938734,1
50,75,1,1,1.81681337119479,3.7930660895315,0.522951595557803,1
50,76,-1,1,1.64392071984511,1.11739055237826,1.77920772842077,1
50,77,1,1,1.81681337119479,3.7930660895315,0.592272621692396,1
50,78,-1,1,1.64392071984511,1.11739055237826,0.404395107095856,1
50,79,1,1,1.81681337119479,3.7930660895315,0.687071271556413,1
50,80,-1,1,1.64392071984511,1.11739055237826,1.91163813505363,1
50,81,1,1,1.81681337119479,3.7930660895315,0.567512242350096,1
50,82,-1,1,1.64392071984511,1.11739055237826,0.353258309456758,1
50,83,-1,1,1.64392071984511,1.11739055237826,0.714514098882743,1
50,84,1,1,1.81681337119479,3.7930660895315,0.580125726826946,1
50,85,-1,1,1.64392071984511,1.11739055237826,0.974472592797555,-1
50,86,-1,-1,1.56687638136114,0.3503723065322,0.285887823101877,1
50,87,-1,1,1.64392071984511,1.11739055237826,1.42997397567409,1
50,88,-1,1,1.64392071984511,1.11739055237826,0.753817214746474,-1
50,89,-1,-1,1.56687638136114,0.3503723065322,0.372613780433034,-1
50,90,-1,-1,1.56687638136114,0.3503723065322,0.670626315878597,1
50,91,1,1,1.81681337119479,3.7930660895315,0.352057896823876,1
50,92,-1,1,1.64392071984511,1.11739055237826,0.730489399470202,1
50,93,1,1,1.81681337119479,3.7930660895315,0.412440425117745,1
50,94,1,1,1.81681337119479,3.7930660895315,0.655934996589092,1
50,95,1,1,1.81681337119479,3.7930660895315,0.483772637841812,1
50,96,1,1,1.81681337119479,3.7930660895315,0.34860595386203,1
50,97,1,1,1.81681337119479,3.7930660895315,0.489311285022044,1
50,98,1,1,1.81681337119479,3.7930660895315,0.328758663280548,1
50,99,1,1,1.81681337119479,3.7930660895315,0.304404041103202,1
50,100,-1,1,1.64392071984511,1.11739055237826,0.692938238105922,1
50,101,-1,1,1.64392071984511,1.11739055237826,1.02053227168108,1
51,2,1,1,1.57707152891718,2.50890070707315,0.465411217161696,1
51,3,1,1,1.57707152891718,2.50890070707315,0.424584283446058,1
51,4,-1,1,1.42699333028344,1.72943236487773,0.774465206433619,1
51,5,1,1,1.57707152891718,2.50890070707315,1.07627661122337,1
51,6,1,1,1.57707152891718,2.50890070707315,0.651665549312657,1
51,7,-1,1,1.42699333028344,1.72943236487773,0.942833658556946,1
51,8,1,1,1.57707152891718,2.50890070707315,0.711644861727157,1
51,9,-1,1,1.42699333028344,1.72943236487773,0.42871416182416,1
51,10,-1,1,1.42699333028344,1.72943236487773,0.978316593193191,-1
51,11,-1,-1,1.3601155570274,1.62244883189484,0.408079705523379,1
51,12,-1,1,1.42699333028344,1.72943236487773,1.04023619192682,1
51,13,-1,1,1.42699333028344,1.72943236487773,0.617804328533537,1
51,14,1,1,1.57707152891718,2.50890070707315,0.422972671496426,1
51,15,-1,1,1.42699333028344,1.72943236487773,0.573524876619348,1
51,16,-1,1,1.42699333028344,1.72943236487773,0.387816606138226,1
51,17,1,1,1.57707152891718,2.50890070707315,0.519495567752482,1
51,18,-1,1,1.42699333028344,1.72943236487773,0.438809901356174,1
51,19,-1,1,1.42699333028344,1.72943236487773,0.610912118190316,1
51,20,-1,1,1.42699333028344,1.72943236487773,0.572070269571365,1
51,21,-1,1,1.42699333028344,1.72943236487773,0.410252370180124,1
51,22,-1,1,1.42699333028344,1.72943236487773,0.385963883691571,1
51,23,-1,1,1.42699333028344,1.72943236487773,0.383068923599354,1
51,24,-1,1,1.42699333028344,1.72943236487773,0.681493664187679,1
51,25,1,1,1.57707152891718,2.50890070707315,0.419700740018696,1
51,26,1,1,1.57707152891718,2.50890070707315,0.353277636137332,1
51,27,-1,1,1.42699333028344,1.72943236487773,0.889960323853092,-1
51,28,-1,-1,1.3601155570274,1.62244883189484,0.611147366139451,1
51,29,-1,1,1.42699333028344,1.72943236487773,0.552367319067829,1
51,30,-1,1,1.42699333028344,1.72943236487773,0.786027619553764,1
51,31,1,1,1.57707152891718,2.50890070707315,0.428453205796063,1
51,32,1,1,1.57707152891718,2.50890070707315,0.471952476650402,1
51,33,-1,1,1.42699333028344,1.72943236487773,0.297749780336052,1
51,34,-1,1,1.42699333028344,1.72943236487773,0.632052777829161,1
51,35,1,1,1.57707152891718,2.50890070707315,0.777273841859665,1
51,36,-1,1,1.42699333028344,1.72943236487773,0.918544169282259,1
51,37,-1,1,1.42699333028344,1.72943236487773,0.613963060170212,1
51,38,1,1,1.57707152891718,2.50890070707315,0.766365106328699,1
51,39,-1,1,1.42699333028344,1.72943236487773,0.475345936322847,1
51,40,1,1,1.57707152891718,2.50890070707315,1.81088576752327,1
51,41,-1,1,1.42699333028344,1.72943236487773,0.339833068830601,1
51,42,1,1,1.57707152891718,2.50890070707315,0.434996809150939,1
51,43,-1,1,1.42699333028344,1.72943236487773,0.456751149405675,1
51,44,-1,1,1.42699333028344,1.72943236487773,0.44891697578143,-1
51,45,-1,-1,1.3601155570274,1.62244883189484,0.467581662701246,1
51,46,-1,1,1.42699333028344,1.72943236487773,0.351712501380542,1
51,47,1,1,1.57707152891718,2.50890070707315,0.616725565727266,1
51,48,1,1,1.57707152891718,2.50890070707315,0.468918035180786,1
51,49,1,1,1.57707152891718,2.50890070707315,0.537721218610267,1
51,50,1,1,1.57707152891718,2.50890070707315,1.13773200352832,1
51,51,1,1,1.57707152891718,2.50890070707315,0.409741291106208,1
51,52,1,1,1.57707152891718,2.50890070707315,0.796687621902041,1
51,53,1,1,1.57707152891718,2.50890070707315,0.578576725762546,1
51,54,-1,1,1.42699333028344,1.72943236487773,0.614310290123409,1
51,55,1,1,1.57707152891718,2.50890070707315,0.380567307096348,1
51,56,1,1,1.57707152891718,2.50890070707315,0.433087250969367,1
51,57,-1,1,1.42699333028344,1.72943236487773,0.343152900485561,1
51,58,1,1,1.57707152891718,2.50890070707315,1.3576774447551,1
51,59,-1,1,1.42699333028344,1.72943236487773,0.486633911577755,1
51,60,-1,1,1.42699333028344,1.72943236487773,0.592830633965544,1
51,61,-1,1,1.42699333028344,1.72943236487773,0.390164026011679,1
51,62,1,1,1.57707152891718,2.50890070707315,0.48876341732499,1
51,63,-1,1,1.42699333028344,1.72943236487773,0.327440987148646,1
51,64,1,1,1.57707152891718,2.50890070707315,0.391465026679987,1
51,65,1,1,1.57707152891718,2.50890070707315,0.35241740762886,1
51,66,1,1,1.57707152891718,2.50890070707315,0.749251049931755,1
51,67,1,1,1.57707152891718,2.50890070707315,0.867376828169208,1
51,68,1,1,1.57707152891718,2.50890070707315,0.498498429389859,1
51,69,-1,1,1.42699333028344,1.72943236487773,0.42582543165594,1
51,70,-1,1,1.42699333028344,1.72943236487773,0.469857588035946,1
51,71,1,1,1.57707152891718,2.50890070707315,0.391219491831998,1
51,72,1,1,1.57707152891718,2.50890070707315,0.725372197516377,1
51,73,-1,1,1.42699333028344,1.72943236487773,0.573899195651848,1
51,74,1,1,1.57707152891718,2.50890070707315,0.541668952572684,1
51,75,1,1,1.57707152891718,2.50890070707315,0.890435637129637,-1
51,76,-1,-1,1.3601155570274,1.62244883189484,0.883420050473126,1
51,77,-1,1,1.42699333028344,1.72943236487773,1.52150736424487,1
51,78,-1,1,1.42699333028344,1.72943236487773,0.356320091978502,-1
51,79,1,-1,1.50316015884894,1.33921809615428,0.598760195820174,1
51,80,1,1,1.57707152891718,2.50890070707315,0.431329530658296,1
51,81,-1,1,1.42699333028344,1.72943236487773,0.355386353142201,1
51,82,1,1,1.57707152891718,2.50890070707315,0.47371147711897,1
51,83,1,1,1.57707152891718,2.50890070707315,0.57379093452664,1
51,84,1,1,1.57707152891718,2.50890070707315,0.550833796691356,1
51,85,-1,1,1.42699333028344,1.72943236487773,0.410926429602024,1
51,86,-1,1,1.42699333028344,1.72943236487773,0.330781323241422,1
51,87,-1,1,1.42699333028344,1.72943236487773,0.663044370597282,1
51,88,1,1,1.57707152891718,2.50890070707315,0.575738850177262,1
51,89,-1,1,1.42699333028344,1.72943236487773,0.458045676764672,1
51,90,1,1,1.57707152891718,2.50890070707315,0.413970429638871,1
51,91,-1,1,1.42699333028344,1.72943236487773,0.45083678165079,1
51,92,1,1,1.57707152891718,2.50890070707315,0.501680417544046,1
51,93,-1,1,1.42699333028344,1.72943236487773,0.665088108094413,1
51,94,1,1,1.57707152891718,2.50890070707315,0.543665752833635,1
51,95,1,1,1.57707152891718,2.50890070707315,0.558682271566645,1
51,96,1,1,1.57707152891718,2.50890070707315,0.398165734241682,1
51,97,1,1,1.57707152891718,2.50890070707315,0.345496858834935,1
51,98,-1,1,1.42699333028344,1.72943236487773,1.83093326101169,1
51,99,1,1,1.57707152891718,2.50890070707315,0.322803421440216,1
51,100,1,1,1.57707152891718,2.50890070707315,0.420501670350369,1
51,101,1,1,1.57707152891718,2.50890070707315,0.289610740191509,1
52,2,-1,1,1.93164959499603,1.56953556846433,0.524511562332953,1
52,3,1,1,2.13480295630221,2.57546784886421,0.604487963149484,1
52,4,1,1,2.13480295630221,2.57546784886421,0.59334569013686,1
52,5,-1,1,1.93164959499603,1.56953556846433,0.750970293254497,1
52,6,1,1,2.13480295630221,2.57546784886421,0.572246252747352,1
52,7,-1,1,1.93164959499603,1.56953556846433,0.447006464693038,1
52,8,1,1,2.13480295630221,2.57546784886421,0.909317623119174,1
52,9,1,1,2.13480295630221,2.57546784886421,0.916339583143177,1
52,10,1,1,2.13480295630221,2.57546784886421,0.390441890594096,1
52,11,-1,1,1.93164959499603,1.56953556846433,0.666777141704153,1
52,12,1,1,2.13480295630221,2.57546784886421,1.37257164782371,1
52,13,-1,1,1.93164959499603,1.56953556846433,0.415261167886404,1
52,14,1,1,2.13480295630221,2.57546784886421,0.568095465291429,1
52,15,1,1,2.13480295630221,2.57546784886421,0.866063030012014,1
52,16,1,1,2.13480295630221,2.57546784886421,0.67561928539147,1
52,17,-1,1,1.93164959499603,1.56953556846433,1.28347856676674,1
52,18,1,1,2.13480295630221,2.57546784886421,0.308274023876383,1
52,19,1,1,2.13480295630221,2.57546784886421,0.275628716495808,1
52,20,-1,1,1.93164959499603,1.56953556846433,0.443300161291422,1
52,21,1,1,2.13480295630221,2.57546784886421,0.416735365480194,1
52,22,-1,1,1.93164959499603,1.56953556846433,0.522359627007736,1
52,23,-1,1,1.93164959499603,1.56953556846433,0.587931948798803,1
52,24,1,1,2.13480295630221,2.57546784886421,0.557134313439227,1
52,25,-1,1,1.93164959499603,1.56953556846433,0.617441882008345,-1
52,26,1,-1,2.03475282640458,1.2330784056222,0.485546810449276,1
52,27,1,1,2.13480295630221,2.57546784886421,0.570575951893124,1
52,28,-1,1,1.93164959499603,1.56953556846433,0.935244847561106,1
52,29,-1,1,1.93164959499603,1.56953556846433,2.74327285877955,1
52,30,-1,1,1.93164959499603,1.56953556846433,0.470405938590966,1
52,31,1,1,2.13480295630221,2.57546784886421,0.578167027636918,1
52,32,-1,1,1.93164959499603,1.56953556846433,0.407402074896752,1
52,33,-1,1,1.93164959499603,1.56953556846433,1.36436288594575,1
52,34,-1,1,1.93164959499603,1.56953556846433,0.542910251783325,-1
52,35,1,-1,2.03475282640458,1.2330784056222,0.399549241755361,-1
52,36,1,-1,2.03475282640458,1.2330784056222,0.648850949437506,1
52,37,1,1,2.13480295630221,2.57546784886421,0.47536271107318,1
52,38,-1,1,1.93164959499603,1.56953556846433,0.376182357605117,1
52,39,-1,1,1.93164959499603,1.56953556846433,0.492707124229167,1
52,40,-1,1,1.93164959499603,1.56953556846433,0.664052986910477,1
52,41,-1,1,1.93164959499603,1.56953556846433,0.527373223359809,1
52,42,-1,1,1.93164959499603,1.56953556846433,0.366926371008528,1
52,43,1,1,2.13480295630221,2.57546784886421,0.362597858608344,1
52,44,1,1,2.13480295630221,2.57546784886421,0.472888525422201,1
52,45,-1,1,1.93164959499603,1.56953556846433,1.03818884534392,1
52,46,1,1,2.13480295630221,2.57546784886421,0.401251093911784,1
52,47,1,1,2.13480295630221,2.57546784886421,0.570125790785726,1
52,48,1,1,2.13480295630221,2.57546784886421,0.41068397749273,1
52,49,-1,1,1.93164959499603,1.56953556846433,2.87793185570395,1
52,50,-1,1,1.93164959499603,1.56953556846433,1.0657106575507,1
52,51,1,1,2.13480295630221,2.57546784886421,0.516572829373146,1
52,52,-1,1,1.93164959499603,1.56953556846433,0.393466222809656,1
52,53,1,1,2.13480295630221,2.57546784886421,0.441784964001103,1
52,54,1,1,2.13480295630221,2.57546784886421,0.401923612181831,1
52,55,-1,1,1.93164959499603,1.56953556846433,0.539386541556763,1
52,56,1,1,2.13480295630221,2.57546784886421,0.689118502411353,1
52,57,1,1,2.13480295630221,2.57546784886421,0.407767901327686,1
52,58,-1,1,1.93164959499603,1.56953556846433,0.346689533548389,1
52,59,-1,1,1.93164959499603,1.56953556846433,0.809097273275351,-1
52,60,-1,-1,1.84112049378529,1.82191817704926,0.499725096997371,1
52,61,-1,1,1.93164959499603,1.56953556846433,1.0079541173525,1
52,62,-1,1,1.93164959499603,1.56953556846433,0.633670802745123,1
52,63,-1,1,1.93164959499603,1.56953556846433,0.460753157803422,-1
52,64,1,-1,2.03475282640458,1.2330784056222,0.556610223003471,1
52,65,-1,1,1.93164959499603,1.56953556846433,0.363192784115681,1
52,66,1,1,2.13480295630221,2.57546784886421,0.449360957806382,1
52,67,-1,1,1.93164959499603,1.56953556846433,0.465462602894867,1
52,68,1,1,2.13480295630221,2.57546784886421,0.439288044192772,1
52,69,-1,1,1.93164959499603,1.56953556846433,0.897642098430269,1
52,70,-1,1,1.93164959499603,1.56953556846433,0.786390818408843,1
52,71,1,1,2.13480295630221,2.57546784886421,1.40666208495499,1
52,72,1,1,2.13480295630221,2.57546784886421,0.753055817140797,1
52,73,1,1,2.13480295630221,2.57546784886421,0.743601606052032,1
52,74,-1,1,1.93164959499603,1.56953556846433,0.694453290021064,1
52,75,-1,1,1.93164959499603,1.56953556846433,0.854716204942091,1
52,76,1,1,2.13480295630221,2.57546784886421,0.567414376429851,1
52,77,-1,1,1.93164959499603,1.56953556846433,1.05254115088405,1
52,78,1,1,2.13480295630221,2.57546784886421,0.680384734247614,1
52,79,1,1,2.13480295630221,2.57546784886421,1.05173380186006,1
52,80,1,1,2.13480295630221,2.57546784886421,0.566279829167748,1
52,81,1,1,2.13480295630221,2.57546784886421,1.06731038641072,1
52,82,-1,1,1.93164959499603,1.56953556846433,0.782880494332464,1
52,83,-1,1,1.93164959499603,1.56953556846433,0.767161266253895,1
52,84,1,1,2.13480295630221,2.57546784886421,0.437736019060199,1
52,85,-1,1,1.93164959499603,1.56953556846433,0.914302806418601,1
52,86,-1,1,1.93164959499603,1.56953556846433,2.22669463898009,1
52,87,1,1,2.13480295630221,2.57546784886421,0.454004099260511,1
52,88,1,1,2.13480295630221,2.57546784886421,0.872002714308959,1
52,89,1,1,2.13480295630221,2.57546784886421,0.644399198980869,1
52,90,-1,1,1.93164959499603,1.56953556846433,0.446158695689154,1
52,91,1,1,2.13480295630221,2.57546784886421,0.732531232270187,1
52,92,-1,1,1.93164959499603,1.56953556846433,0.897923985795915,-1
52,93,-1,-1,1.84112049378529,1.82191817704926,1.19085897807133,1
52,94,1,1,2.13480295630221,2.57546784886421,1.11274233777754,1
52,95,1,1,2.13480295630221,2.57546784886421,0.57208031860311,1
52,96,1,1,2.13480295630221,2.57546784886421,0.462232423123531,1
52,97,-1,1,1.93164959499603,1.56953556846433,0.409540955819962,1
52,98,-1,1,1.93164959499603,1.56953556846433,0.870728246352826,1
52,99,-1,1,1.93164959499603,1.56953556846433,0.61934481799073,1
52,100,1,1,2.13480295630221,2.57546784886421,0.360556110376682,1
52,101,-1,1,1.93164959499603,1.56953556846433,0.891586154838803,1
53,2,-1,1,2.01329726220172,0.964169093280467,0.637568082886932,1
53,3,1,1,2.22503758362667,4.65423616560704,0.401690249191937,1
53,4,1,1,2.22503758362667,4.65423616560704,0.359056422050277,1
53,5,1,1,2.22503758362667,4.65423616560704,0.535704314819399,1
53,6,-1,1,2.01329726220172,0.964169093280467,2.1002808017572,1
53,7,1,1,2.22503758362667,4.65423616560704,0.425131394034133,1
53,8,1,1,2.22503758362667,4.65423616560704,0.284426325639969,1
53,9,-1,1,2.01329726220172,0.964169093280467,1.61117873482052,1
53,10,-1,1,2.01329726220172,0.964169093280467,1.42881809157428,-1
53,11,1,-1,2.12075849847186,0.983461268551825,0.72589014822017,1
53,12,1,1,2.22503758362667,4.65423616560704,0.376177892127453,1
53,13,-1,1,2.01329726220172,0.964169093280467,0.883901925235452,1
53,14,1,1,2.22503758362667,4.65423616560704,0.344763076105698,1
53,15,-1,1,2.01329726220172,0.964169093280467,1.40792613829811,-1
53,16,-1,-1,1.9189416440351,0.598133472560665,0.627714637007674,1
53,17,-1,1,2.01329726220172,0.964169093280467,0.264571594819373,1
53,18,1,1,2.22503758362667,4.65423616560704,0.685942116703938,1
53,19,-1,1,2.01329726220172,0.964169093280467,0.665985404516135,1
53,20,-1,1,2.01329726220172,0.964169093280467,1.61515824977969,-1
53,21,1,-1,2.12075849847186,0.983461268551825,1.30017013425062,1
53,22,1,1,2.22503758362667,4.65423616560704,0.432799022505044,1
53,23,-1,1,2.01329726220172,0.964169093280467,2.32039683517894,1
53,24,1,1,2.22503758362667,4.65423616560704,0.305847164635484,1
53,25,1,1,2.22503758362667,4.65423616560704,0.321937887919327,1
53,26,1,1,2.22503758362667,4.65423616560704,0.347265797824042,1
53,27,1,1,2.22503758362667,4.65423616560704,0.304258325655781,1
53,28,1,1,2.22503758362667,4.65423616560704,0.427900441652744,1
53,29,-1,1,2.01329726220172,0.964169093280467,0.547706504643217,-1
53,30,1,-1,2.12075849847186,0.983461268551825,1.49703842944631,-1
53,31,1,-1,2.12075849847186,0.983461268551825,1.87462963128018,-1
53,32,-1,-1,1.9189416440351,0.598133472560665,0.714188345230686,1
53,33,1,1,2.22503758362667,4.65423616560704,0.507845438942701,1
53,34,-1,1,2.01329726220172,0.964169093280467,0.601825675917657,1
53,35,-1,1,2.01329726220172,0.964169093280467,0.366858905346707,1
53,36,1,1,2.22503758362667,4.65423616560704,0.473747671439566,1
53,37,-1,1,2.01329726220172,0.964169093280467,2.17200876769638,1
53,38,1,1,2.22503758362667,4.65423616560704,0.379119178168883,1
53,39,-1,1,2.01329726220172,0.964169093280467,0.901829524175777,1
53,40,1,1,2.22503758362667,4.65423616560704,0.764331831806306,1
53,41,-1,1,2.01329726220172,0.964169093280467,1.38416662144774,1
53,42,-1,1,2.01329726220172,0.964169093280467,0.69575592870063,-1
53,43,-1,-1,1.9189416440351,0.598133472560665,0.619964888470557,-1
53,44,1,-1,2.12075849847186,0.983461268551825,0.861281889223505,-1
53,45,1,-1,2.12075849847186,0.983461268551825,0.580758720702858,1
53,46,1,1,2.22503758362667,4.65423616560704,0.341037906634558,1
53,47,-1,1,2.01329726220172,0.964169093280467,0.960165938343584,1
53,48,-1,1,2.01329726220172,0.964169093280467,0.837330997272105,1
53,49,-1,1,2.01329726220172,0.964169093280467,0.68342673925068,1
53,50,-1,1,2.01329726220172,0.964169093280467,0.4358339618967,1
53,51,-1,1,2.01329726220172,0.964169093280467,0.796502497394792,1
53,52,1,1,2.22503758362667,4.65423616560704,0.358796189193486,1
53,53,1,1,2.22503758362667,4.65423616560704,0.425971635670296,1
53,54,-1,1,2.01329726220172,0.964169093280467,1.77843699883033,1
53,55,-1,1,2.01329726220172,0.964169093280467,0.834737311246935,1
53,56,-1,1,2.01329726220172,0.964169093280467,0.632802565056826,1
53,57,-1,1,2.01329726220172,0.964169093280467,0.376144798267207,-1
53,58,1,-1,2.12075849847186,0.983461268551825,0.70474146540669,1
53,59,1,1,2.22503758362667,4.65423616560704,0.287571524021465,1
53,60,-1,1,2.01329726220172,0.964169093280467,0.506685949749966,1
53,61,-1,1,2.01329726220172,0.964169093280467,1.6164013416847,1
53,62,1,1,2.22503758362667,4.65423616560704,0.382131416454001,1
53,63,-1,1,2.01329726220172,0.964169093280467,0.613849005538898,1
53,64,1,1,2.22503758362667,4.65423616560704,0.591883820604378,1
53,65,-1,1,2.01329726220172,0.964169093280467,0.589919987263286,1
53,66,1,1,2.22503758362667,4.65423616560704,0.606263294425789,1
53,67,-1,1,2.01329726220172,0.964169093280467,0.99947063134515,1
53,68,-1,1,2.01329726220172,0.964169093280467,0.52637425568123,-1
53,69,-1,-1,1.9189416440351,0.598133472560665,0.833921346540216,1
53,70,-1,1,2.01329726220172,0.964169093280467,0.812231016801402,-1
53,71,1,-1,2.12075849847186,0.983461268551825,2.2347501342424,-1
53,72,1,-1,2.12075849847186,0.983461268551825,0.8480515025682,1
53,73,1,1,2.22503758362667,4.65423616560704,0.375559328638182,1
53,74,1,1,2.22503758362667,4.65423616560704,0.443353477576995,1
53,75,1,1,2.22503758362667,4.65423616560704,0.325631443601832,1
53,76,-1,1,2.01329726220172,0.964169093280467,0.605142451688356,1
53,77,-1,1,2.01329726220172,0.964169093280467,0.574814073061528,1
53,78,-1,1,2.01329726220172,0.964169093280467,0.783301214187531,1
53,79,-1,1,2.01329726220172,0.964169093280467,0.87595516468648,1
53,80,1,1,2.22503758362667,4.65423616560704,0.316320434077047,1
53,81,1,1,2.22503758362667,4.65423616560704,0.458497857795491,1
53,82,1,1,2.22503758362667,4.65423616560704,0.415203783725796,1
53,83,1,1,2.22503758362667,4.65423616560704,0.345477175793468,1
53,84,-1,1,2.01329726220172,0.964169093280467,0.584263405314495,1
53,85,1,1,2.22503758362667,4.65423616560704,0.311663625081346,1
53,86,1,1,2.22503758362667,4.65423616560704,0.40546177213732,1
53,87,-1,1,2.01329726220172,0.964169093280467,0.427094771870876,-1
53,88,-1,-1,1.9189416440351,0.598133472560665,1.4888401647315,-1
53,89,-1,-1,1.9189416440351,0.598133472560665,2.0335037524175,1
53,90,1,1,2.22503758362667,4.65423616560704,0.416443187357732,1
53,91,1,1,2.22503758362667,4.65423616560704,0.373738419739799,1
53,92,1,1,2.22503758362667,4.65423616560704,0.605047644817539,1
53,93,-1,1,2.01329726220172,0.964169093280467,0.510291393875384,1
53,94,1,1,2.22503758362667,4.65423616560704,0.275587131341353,1
53,95,1,1,2.22503758362667,4.65423616560704,0.438533096843482,1
53,96,-1,1,2.01329726220172,0.964169093280467,0.349071977791566,1
53,97,-1,1,2.01329726220172,0.964169093280467,0.744601336564988,1
53,98,1,1,2.22503758362667,4.65423616560704,0.40795408069138,1
53,99,-1,1,2.01329726220172,0.964169093280467,0.762277668913538,-1
53,100,-1,-1,1.9189416440351,0.598133472560665,1.38192069791232,1
53,101,1,1,2.22503758362667,4.65423616560704,0.430396077094542,1
54,2,1,1,1.91146035747188,2.38225824132264,0.643715848774505,1
54,3,-1,1,1.72956085453295,2.14323355778198,0.364562668662139,1
54,4,1,1,1.91146035747188,2.38225824132264,0.82836477405417,1
54,5,1,1,1.91146035747188,2.38225824132264,0.676151273282767,1
54,6,1,1,1.91146035747188,2.38225824132264,0.361404717971611,1
54,7,1,1,1.91146035747188,2.38225824132264,0.373454778612876,1
54,8,-1,1,1.72956085453295,2.14323355778198,1.26695241162301,1
54,9,-1,1,1.72956085453295,2.14323355778198,0.744150879671073,1
54,10,-1,1,1.72956085453295,2.14323355778198,0.327223968415634,1
54,11,1,1,1.91146035747188,2.38225824132264,0.381011579553211,1
54,12,-1,1,1.72956085453295,2.14323355778198,0.397667521024119,1
54,13,1,1,1.91146035747188,2.38225824132264,0.328178578729772,1
54,14,-1,1,1.72956085453295,2.14323355778198,0.594213643170196,-1
54,15,1,-1,1.8218774493657,1.19205773908393,1.26117452461045,1
54,16,-1,1,1.72956085453295,2.14323355778198,0.628641989300991,1
54,17,1,1,1.91146035747188,2.38225824132264,0.435828676142601,1
54,18,-1,1,1.72956085453295,2.14323355778198,0.587806526086295,1
54,19,1,1,1.91146035747188,2.38225824132264,0.546408603115345,1
54,20,1,1,1.91146035747188,2.38225824132264,0.780119041500555,1
54,21,-1,1,1.72956085453295,2.14323355778198,0.458598823520704,1
54,22,1,1,1.91146035747188,2.38225824132264,0.643794096391893,1
54,23,1,1,1.91146035747188,2.38225824132264,0.57416964730694,1
54,24,1,1,1.91146035747188,2.38225824132264,0.67070626538096,1
54,25,1,1,1.91146035747188,2.38225824132264,0.473514878532962,1
54,26,-1,1,1.72956085453295,2.14323355778198,0.436711304354422,1
54,27,-1,1,1.72956085453295,2.14323355778198,0.829016566094304,1
54,28,1,1,1.91146035747188,2.38225824132264,0.982172793446168,1
54,29,1,1,1.91146035747188,2.38225824132264,0.551077876866532,1
54,30,-1,1,1.72956085453295,2.14323355778198,0.35934801735418,1
54,31,-1,1,1.72956085453295,2.14323355778198,0.858233571317558,1
54,32,1,1,1.91146035747188,2.38225824132264,0.544223140247797,1
54,33,1,1,1.91146035747188,2.38225824132264,1.16874412210333,1
54,34,-1,1,1.72956085453295,2.14323355778198,0.953544490018076,1
54,35,1,1,1.91146035747188,2.38225824132264,0.354018577827203,1
54,36,1,1,1.91146035747188,2.38225824132264,0.414979523929868,1
54,37,-1,1,1.72956085453295,2.14323355778198,0.754009247318547,1
54,38,-1,1,1.72956085453295,2.14323355778198,0.622326702355295,1
54,39,1,1,1.91146035747188,2.38225824132264,0.693180797899642,1
54,40,1,1,1.91146035747188,2.38225824132264,0.375375582946851,1
54,41,1,1,1.91146035747188,2.38225824132264,0.523069557087923,1
54,42,-1,1,1.72956085453295,2.14323355778198,0.454499729931262,1
54,43,1,1,1.91146035747188,2.38225824132264,0.313202631239268,1
54,44,1,1,1.91146035747188,2.38225824132264,0.487361403933533,-1
54,45,-1,-1,1.648502887262,1.48245046181144,1.4534885042054,-1
54,46,-1,-1,1.648502887262,1.48245046181144,0.783298949992824,1
54,47,-1,1,1.72956085453295,2.14323355778198,1.19841112918619,1
54,48,-1,1,1.72956085453295,2.14323355778198,0.430737250384891,1
54,49,1,1,1.91146035747188,2.38225824132264,0.486488460154776,1
54,50,1,1,1.91146035747188,2.38225824132264,1.25485995664785,1
54,51,1,1,1.91146035747188,2.38225824132264,0.501362449272527,1
54,52,1,1,1.91146035747188,2.38225824132264,1.70188950880981,1
54,53,-1,1,1.72956085453295,2.14323355778198,1.46273155330464,1
54,54,-1,1,1.72956085453295,2.14323355778198,0.722495159851591,1
54,55,-1,1,1.72956085453295,2.14323355778198,0.481037422706456,1
54,56,1,1,1.91146035747188,2.38225824132264,0.803256179042659,1
54,57,-1,1,1.72956085453295,2.14323355778198,0.507029282947538,1
54,58,-1,1,1.72956085453295,2.14323355778198,0.947194699230896,1
54,59,1,1,1.91146035747188,2.38225824132264,0.482128847692434,1
54,60,-1,1,1.72956085453295,2.14323355778198,0.936367090239118,1
54,61,1,1,1.91146035747188,2.38225824132264,0.551720954243896,1
54,62,-1,1,1.72956085453295,2.14323355778198,1.37715473414719,1
54,63,-1,1,1.72956085453295,2.14323355778198,0.371523461942074,1
54,64,-1,1,1.72956085453295,2.14323355778198,0.287890906195464,1
54,65,-1,1,1.72956085453295,2.14323355778198,0.600496914701806,1
54,66,1,1,1.91146035747188,2.38225824132264,0.442054719285617,1
54,67,1,1,1.91146035747188,2.38225824132264,0.375779296435643,1
54,68,-1,1,1.72956085453295,2.14323355778198,0.670384448264834,1
54,69,-1,1,1.72956085453295,2.14323355778198,0.455034712113962,1
54,70,-1,1,1.72956085453295,2.14323355778198,0.33179186389533,1
54,71,-1,1,1.72956085453295,2.14323355778198,0.423394772751801,1
54,72,1,1,1.91146035747188,2.38225824132264,0.495833962525157,1
54,73,-1,1,1.72956085453295,2.14323355778198,0.698726500219574,1
54,74,-1,1,1.72956085453295,2.14323355778198,0.579860821638132,1
54,75,-1,1,1.72956085453295,2.14323355778198,0.444707183285323,1
54,76,1,1,1.91146035747188,2.38225824132264,0.665732640168423,1
54,77,1,1,1.91146035747188,2.38225824132264,0.881990719745365,1
54,78,1,1,1.91146035747188,2.38225824132264,1.60067604465393,1
54,79,1,1,1.91146035747188,2.38225824132264,0.400781229390667,1
54,80,1,1,1.91146035747188,2.38225824132264,0.428336169246247,1
54,81,1,1,1.91146035747188,2.38225824132264,0.545066574170771,1
54,82,-1,1,1.72956085453295,2.14323355778198,0.423929333236392,1
54,83,1,1,1.91146035747188,2.38225824132264,0.620032498972369,1
54,84,-1,1,1.72956085453295,2.14323355778198,0.398680944176116,1
54,85,1,1,1.91146035747188,2.38225824132264,0.375649277091738,1
54,86,-1,1,1.72956085453295,2.14323355778198,0.636411147301212,1
54,87,-1,1,1.72956085453295,2.14323355778198,0.838237197037858,1
54,88,-1,1,1.72956085453295,2.14323355778198,0.4125716425075,1
54,89,-1,1,1.72956085453295,2.14323355778198,0.345691007120749,-1
54,90,-1,-1,1.648502887262,1.48245046181144,0.262897341134599,-1
54,91,1,-1,1.8218774493657,1.19205773908393,0.676752554187559,1
54,92,-1,1,1.72956085453295,2.14323355778198,0.575992384814604,1
54,93,1,1,1.91146035747188,2.38225824132264,0.673482328731027,1
54,94,1,1,1.91146035747188,2.38225824132264,1.31174656150794,1
54,95,-1,1,1.72956085453295,2.14323355778198,0.57548562991513,1
54,96,-1,1,1.72956085453295,2.14323355778198,1.54260932370856,1
54,97,-1,1,1.72956085453295,2.14323355778198,0.908324120178253,1
54,98,1,1,1.91146035747188,2.38225824132264,1.07282552171764,1
54,99,-1,1,1.72956085453295,2.14323355778198,0.324454522100372,1
54,100,1,1,1.91146035747188,2.38225824132264,0.468199943597023,1
54,101,1,1,1.91146035747188,2.38225824132264,0.522371784234305,1
55,2,1,1,1.7460732467208,3.06673896706771,0.394707072791619,1
55,3,-1,1,1.57991240826451,2.11904963245524,0.456861147252453,1
55,4,1,1,1.7460732467208,3.06673896706771,0.332707665530432,1
55,5,-1,1,1.57991240826451,2.11904963245524,0.394899978302859,1
55,6,-1,1,1.57991240826451,2.11904963245524,0.444419489040123,-1
55,7,1,-1,1.66424140616171,0.606591798443994,0.698296736911539,1
55,8,-1,1,1.57991240826451,2.11904963245524,0.45669060611531,1
55,9,1,1,1.7460732467208,3.06673896706771,0.433662612766617,1
55,10,-1,1,1.57991240826451,2.11904963245524,0.56617914464235,1
55,11,1,1,1.7460732467208,3.06673896706771,0.652385589425075,1
55,12,1,1,1.7460732467208,3.06673896706771,0.326782096417969,1
55,13,-1,1,1.57991240826451,2.11904963245524,0.533340620943318,1
55,14,-1,1,1.57991240826451,2.11904963245524,0.500631765409172,1
55,15,1,1,1.7460732467208,3.06673896706771,0.64314573676201,1
55,16,1,1,1.7460732467208,3.06673896706771,0.574837269145604,1
55,17,-1,1,1.57991240826451,2.11904963245524,0.516268584855431,1
55,18,1,1,1.7460732467208,3.06673896706771,0.453920861258929,1
55,19,-1,1,1.57991240826451,2.11904963245524,0.349719895304579,1
55,20,1,1,1.7460732467208,3.06673896706771,0.606474765364895,1
55,21,-1,1,1.57991240826451,2.11904963245524,0.372662607614431,1
55,22,1,1,1.7460732467208,3.06673896706771,0.493661165433549,1
55,23,1,1,1.7460732467208,3.06673896706771,0.418335562011208,1
55,24,-1,1,1.57991240826451,2.11904963245524,0.365538768610283,1
55,25,1,1,1.7460732467208,3.06673896706771,0.40477969015117,1
55,26,-1,1,1.57991240826451,2.11904963245524,0.397633385105859,1
55,27,1,1,1.7460732467208,3.06673896706771,0.39891781724922,1
55,28,1,1,1.7460732467208,3.06673896706771,0.796325212021305,1
55,29,-1,1,1.57991240826451,2.11904963245524,0.694782092161461,1
55,30,-1,1,1.57991240826451,2.11904963245524,0.465000596553704,1
55,31,-1,1,1.57991240826451,2.11904963245524,0.367022897351599,1
55,32,-1,1,1.57991240826451,2.11904963245524,0.784688242570052,-1
55,33,-1,-1,1.5058678969399,1.40761960203305,1.27705024381664,1
55,34,-1,1,1.57991240826451,2.11904963245524,0.504375380049596,1
55,35,1,1,1.7460732467208,3.06673896706771,0.547913658984026,1
55,36,-1,1,1.57991240826451,2.11904963245524,0.324394602687379,1
55,37,-1,1,1.57991240826451,2.11904963245524,0.373368544185054,1
55,38,-1,1,1.57991240826451,2.11904963245524,0.495433311291496,1
55,39,-1,1,1.57991240826451,2.11904963245524,0.423589020905009,1
55,40,-1,1,1.57991240826451,2.11904963245524,0.527789499145721,1
55,41,1,1,1.7460732467208,3.06673896706771,0.578984468457631,1
55,42,-1,1,1.57991240826451,2.11904963245524,0.514771020346803,1
55,43,1,1,1.7460732467208,3.06673896706771,0.610488142244389,1
55,44,-1,1,1.57991240826451,2.11904963245524,0.399306030509624,1
55,45,1,1,1.7460732467208,3.06673896706771,0.425039808931036,1
55,46,-1,1,1.57991240826451,2.11904963245524,1.63769493261297,1
55,47,-1,1,1.57991240826451,2.11904963245524,0.517435083247613,1
55,48,-1,1,1.57991240826451,2.11904963245524,0.347307250965061,1
55,49,-1,1,1.57991240826451,2.11904963245524,0.572961066203407,1
55,50,-1,1,1.57991240826451,2.11904963245524,0.69894159808419,1
55,51,-1,1,1.57991240826451,2.11904963245524,0.713812306037789,1
55,52,1,1,1.7460732467208,3.06673896706771,0.741430437250172,1
55,53,1,1,1.7460732467208,3.06673896706771,0.518715452355922,1
55,54,1,1,1.7460732467208,3.06673896706771,0.447904634635436,1
55,55,1,1,1.7460732467208,3.06673896706771,0.738825667428322,1
55,56,1,1,1.7460732467208,3.06673896706771,0.601962795429507,1
55,57,1,1,1.7460732467208,3.06673896706771,0.79374630427217,1
55,58,-1,1,1.57991240826451,2.11904963245524,0.658995798370872,1
55,59,1,1,1.7460732467208,3.06673896706771,0.58934537568866,1
55,60,-1,1,1.57991240826451,2.11904963245524,2.15057612145655,1
55,61,-1,1,1.57991240826451,2.11904963245524,0.677572423534528,1
55,62,-1,1,1.57991240826451,2.11904963245524,0.400793221927612,1
55,63,1,1,1.7460732467208,3.06673896706771,0.402508080529114,1
55,64,1,1,1.7460732467208,3.06673896706771,0.364915843761302,1
55,65,1,1,1.7460732467208,3.06673896706771,0.35674928090462,1
55,66,1,1,1.7460732467208,3.06673896706771,1.06759915861227,1
55,67,1,1,1.7460732467208,3.06673896706771,0.444801199069205,1
55,68,-1,1,1.57991240826451,2.11904963245524,0.440748068656061,1
55,69,1,1,1.7460732467208,3.06673896706771,0.351622209352755,1
55,70,1,1,1.7460732467208,3.06673896706771,0.493025799775442,1
55,71,-1,1,1.57991240826451,2.11904963245524,1.45507172803357,1
55,72,-1,1,1.57991240826451,2.11904963245524,1.37123250434808,1
55,73,1,1,1.7460732467208,3.06673896706771,0.608257485124664,1
55,74,1,1,1.7460732467208,3.06673896706771,0.391850518503315,1
55,75,1,1,1.7460732467208,3.06673896706771,0.796001820065579,1
55,76,1,1,1.7460732467208,3.06673896706771,0.331763473534481,1
55,77,-1,1,1.57991240826451,2.11904963245524,0.492584048156365,1
55,78,-1,1,1.57991240826451,2.11904963245524,1.01773361371143,1
55,79,-1,1,1.57991240826451,2.11904963245524,0.417873089002436,1
55,80,1,1,1.7460732467208,3.06673896706771,0.498815784149037,1
55,81,1,1,1.7460732467208,3.06673896706771,0.380993129716863,1
55,82,1,1,1.7460732467208,3.06673896706771,0.36896304936066,1
55,83,1,1,1.7460732467208,3.06673896706771,0.366514774190132,1
55,84,1,1,1.7460732467208,3.06673896706771,0.424878878456467,1
55,85,-1,1,1.57991240826451,2.11904963245524,0.497265187397404,1
55,86,1,1,1.7460732467208,3.06673896706771,0.46327214658826,1
55,87,-1,1,1.57991240826451,2.11904963245524,0.586523349581957,1
55,88,1,1,1.7460732467208,3.06673896706771,0.318431029816215,1
55,89,1,1,1.7460732467208,3.06673896706771,0.442799114880645,1
55,90,1,1,1.7460732467208,3.06673896706771,0.776451812487539,1
55,91,-1,1,1.57991240826451,2.11904963245524,0.434251074172333,1
55,92,-1,1,1.57991240826451,2.11904963245524,0.342002761773738,1
55,93,-1,1,1.57991240826451,2.11904963245524,0.435375000576567,1
55,94,1,1,1.7460732467208,3.06673896706771,0.349976187472668,1
55,95,-1,1,1.57991240826451,2.11904963245524,0.374968734667886,1
55,96,-1,1,1.57991240826451,2.11904963245524,0.932741321533177,1
55,97,-1,1,1.57991240826451,2.11904963245524,0.958096890253395,1
55,98,1,1,1.7460732467208,3.06673896706771,0.576584301357477,1
55,99,-1,1,1.57991240826451,2.11904963245524,0.561472384646571,1
55,100,1,1,1.7460732467208,3.06673896706771,0.584202474413053,1
55,101,1,1,1.7460732467208,3.06673896706771,0.328946499809942,1
56,2,-1,1,1.87991694570934,1.36943287767327,0.53063835935962,1
56,3,1,1,2.07762953679556,3.53718003329341,0.465413406679806,1
56,4,1,1,2.07762953679556,3.53718003329341,0.682765572538763,1
56,5,-1,1,1.87991694570934,1.36943287767327,0.591640071544734,1
56,6,-1,1,1.87991694570934,1.36943287767327,0.88313634830326,-1
56,7,1,-1,1.98025890855003,1.28453502846125,0.895571140623475,1
56,8,1,1,2.07762953679556,3.53718003329341,0.439495865737296,1
56,9,-1,1,1.87991694570934,1.36943287767327,1.12706779762897,1
56,10,-1,1,1.87991694570934,1.36943287767327,0.494509284056331,1
56,11,-1,1,1.87991694570934,1.36943287767327,0.788637804898979,1
56,12,1,1,2.07762953679556,3.53718003329341,0.356051350366753,1
56,13,1,1,2.07762953679556,3.53718003329341,0.386804341119997,1
56,14,-1,1,1.87991694570934,1.36943287767327,0.509803275488293,1
56,15,-1,1,1.87991694570934,1.36943287767327,1.10709776403223,1
56,16,1,1,2.07762953679556,3.53718003329341,0.582193158277971,1
56,17,-1,1,1.87991694570934,1.36943287767327,0.805588729388557,-1
56,18,1,-1,1.98025890855003,1.28453502846125,1.68274580839483,-1
56,19,1,-1,1.98025890855003,1.28453502846125,0.32284522602197,1
56,20,-1,1,1.87991694570934,1.36943287767327,0.589973309713404,1
56,21,-1,1,1.87991694570934,1.36943287767327,0.269833681261347,1
56,22,-1,1,1.87991694570934,1.36943287767327,0.905220155980888,1
56,23,1,1,2.07762953679556,3.53718003329341,0.495273783315671,1
56,24,1,1,2.07762953679556,3.53718003329341,0.359869763852406,1
56,25,-1,1,1.87991694570934,1.36943287767327,1.59007874780775,1
56,26,-1,1,1.87991694570934,1.36943287767327,0.667514012065145,1
56,27,-1,1,1.87991694570934,1.36943287767327,1.14209896016374,1
56,28,-1,1,1.87991694570934,1.36943287767327,0.72928665181516,1
56,29,-1,1,1.87991694570934,1.36943287767327,0.510470340307715,1
56,30,-1,1,1.87991694570934,1.36943287767327,0.619041141782318,1
56,31,1,1,2.07762953679556,3.53718003329341,0.332671733355185,1
56,32,1,1,2.07762953679556,3.53718003329341,0.504673757919406,1
56,33,-1,1,1.87991694570934,1.36943287767327,0.392475457647133,1
56,34,1,1,2.07762953679556,3.53718003329341,0.512932700145289,1
56,35,-1,1,1.87991694570934,1.36943287767327,0.40623486453333,1
56,36,1,1,2.07762953679556,3.53718003329341,0.431987683593877,1
56,37,-1,1,1.87991694570934,1.36943287767327,0.571965125867989,1
56,38,1,1,2.07762953679556,3.53718003329341,0.534452156339177,1
56,39,1,1,2.07762953679556,3.53718003329341,0.4236190907494,1
56,40,-1,1,1.87991694570934,1.36943287767327,0.462293862279856,1
56,41,-1,1,1.87991694570934,1.36943287767327,0.720704115704634,1
56,42,-1,1,1.87991694570934,1.36943287767327,1.34367976914876,1
56,43,-1,1,1.87991694570934,1.36943287767327,0.637937015392578,1
56,44,-1,1,1.87991694570934,1.36943287767327,0.428960504213735,1
56,45,1,1,2.07762953679556,3.53718003329341,0.486133038201389,1
56,46,1,1,2.07762953679556,3.53718003329341,0.413549793576114,1
56,47,1,1,2.07762953679556,3.53718003329341,0.449353769543444,1
56,48,-1,1,1.87991694570934,1.36943287767327,0.529935089784252,1
56,49,-1,1,1.87991694570934,1.36943287767327,0.984354733921554,1
56,50,-1,1,1.87991694570934,1.36943287767327,0.531951607836759,1
56,51,-1,1,1.87991694570934,1.36943287767327,0.388793313563507,1
56,52,-1,1,1.87991694570934,1.36943287767327,1.0347396871121,1
56,53,1,1,2.07762953679556,3.53718003329341,0.541942215608437,1
56,54,1,1,2.07762953679556,3.53718003329341,0.685557971458404,1
56,55,-1,1,1.87991694570934,1.36943287767327,0.52487041785259,1
56,56,1,1,2.07762953679556,3.53718003329341,0.418808525719514,1
56,57,1,1,2.07762953679556,3.53718003329341,0.8557358673913,1
56,58,-1,1,1.87991694570934,1.36943287767327,0.470210652465406,1
56,59,1,1,2.07762953679556,3.53718003329341,1.01393014016987,1
56,60,1,1,2.07762953679556,3.53718003329341,0.398144953090435,1
56,61,-1,1,1.87991694570934,1.36943287767327,0.640746261882801,1
56,62,-1,1,1.87991694570934,1.36943287767327,0.503563951149796,1
56,63,1,1,2.07762953679556,3.53718003329341,0.452788558155445,1
56,64,-1,1,1.87991694570934,1.36943287767327,0.402810192970944,1
56,65,1,1,2.07762953679556,3.53718003329341,0.476551121956648,1
56,66,1,1,2.07762953679556,3.53718003329341,0.607716095351295,1
56,67,1,1,2.07762953679556,3.53718003329341,0.705637888912004,1
56,68,-1,1,1.87991694570934,1.36943287767327,0.766879526766079,1
56,69,-1,1,1.87991694570934,1.36943287767327,0.475748798285199,1
56,70,1,1,2.07762953679556,3.53718003329341,0.422718768166264,1
56,71,1,1,2.07762953679556,3.53718003329341,0.534687521871899,1
56,72,1,1,2.07762953679556,3.53718003329341,0.417297380596766,1
56,73,1,1,2.07762953679556,3.53718003329341,1.24277595340285,1
56,74,-1,1,1.87991694570934,1.36943287767327,0.528218142579601,1
56,75,1,1,2.07762953679556,3.53718003329341,0.668584520332577,1
56,76,1,1,2.07762953679556,3.53718003329341,0.551633243778872,1
56,77,-1,1,1.87991694570934,1.36943287767327,0.468209626344781,1
56,78,-1,1,1.87991694570934,1.36943287767327,0.458028033482561,1
56,79,1,1,2.07762953679556,3.53718003329341,0.795031897358266,1
56,80,-1,1,1.87991694570934,1.36943287767327,0.504479063395385,1
56,81,1,1,2.07762953679556,3.53718003329341,0.591827828321698,1
56,82,1,1,2.07762953679556,3.53718003329341,0.355181875351305,1
56,83,-1,1,1.87991694570934,1.36943287767327,0.432784412258924,1
56,84,-1,1,1.87991694570934,1.36943287767327,0.878983351345322,1
56,85,-1,1,1.87991694570934,1.36943287767327,2.05662281900877,1
56,86,-1,1,1.87991694570934,1.36943287767327,0.504957036165244,1
56,87,-1,1,1.87991694570934,1.36943287767327,0.373997242421975,1
56,88,1,1,2.07762953679556,3.53718003329341,0.731993569000502,1
56,89,1,1,2.07762953679556,3.53718003329341,0.303366429602143,1
56,90,1,1,2.07762953679556,3.53718003329341,0.482175790606918,1
56,91,1,1,2.07762953679556,3.53718003329341,0.517603912149124,1
56,92,-1,1,1.87991694570934,1.36943287767327,0.863561777430696,1
56,93,1,1,2.07762953679556,3.53718003329341,0.614261463141494,1
56,94,1,1,2.07762953679556,3.53718003329341,0.832289451380023,1
56,95,1,1,2.07762953679556,3.53718003329341,0.454729556497361,1
56,96,1,1,2.07762953679556,3.53718003329341,0.647666597543579,1
56,97,1,1,2.07762953679556,3.53718003329341,0.561014842076806,1
56,98,1,1,2.07762953679556,3.53718003329341,1.05524083516683,1
56,99,-1,1,1.87991694570934,1.36943287767327,0.460148231156366,1
56,100,1,1,2.07762953679556,3.53718003329341,0.700982420019926,1
56,101,-1,1,1.87991694570934,1.36943287767327,1.13795741156223,1
57,2,-1,1,1.69314437074807,2.03343232970477,0.376516471345029,1
57,3,1,1,1.87121391865426,2.80099969999294,0.550665409049798,1
57,4,1,1,1.87121391865426,2.80099969999294,0.357251683170091,-1
57,5,-1,-1,1.61379310616007,0.87938606438296,0.771550797006441,1
57,6,1,1,1.87121391865426,2.80099969999294,0.441047256608783,1
57,7,-1,1,1.69314437074807,2.03343232970477,0.501971099942287,1
57,8,-1,1,1.69314437074807,2.03343232970477,0.416525712639527,1
57,9,-1,1,1.69314437074807,2.03343232970477,0.961732790157613,1
57,10,-1,1,1.69314437074807,2.03343232970477,0.673945189965246,1
57,11,-1,1,1.69314437074807,2.03343232970477,0.779175367620476,1
57,12,-1,1,1.69314437074807,2.03343232970477,0.419202735080181,1
57,13,-1,1,1.69314437074807,2.03343232970477,0.380073709223199,1
57,14,1,1,1.87121391865426,2.80099969999294,0.579477763270923,1
57,15,-1,1,1.69314437074807,2.03343232970477,0.360525008134992,1
57,16,-1,1,1.69314437074807,2.03343232970477,0.65263607984854,1
57,17,-1,1,1.69314437074807,2.03343232970477,0.492686973688735,1
57,18,1,1,1.87121391865426,2.80099969999294,0.314740892795401,1
57,19,1,1,1.87121391865426,2.80099969999294,0.492832731781406,1
57,20,-1,1,1.69314437074807,2.03343232970477,0.759221165160842,1
57,21,-1,1,1.69314437074807,2.03343232970477,0.284788074699304,1
57,22,1,1,1.87121391865426,2.80099969999294,0.391471318560504,1
57,23,-1,1,1.69314437074807,2.03343232970477,0.393899159131508,1
57,24,-1,1,1.69314437074807,2.03343232970477,0.700328736663504,1
57,25,-1,1,1.69314437074807,2.03343232970477,1.52871111749066,1
57,26,-1,1,1.69314437074807,2.03343232970477,0.370651781093658,1
57,27,-1,1,1.69314437074807,2.03343232970477,1.31405708775056,1
57,28,-1,1,1.69314437074807,2.03343232970477,0.566063055308206,1
57,29,1,1,1.87121391865426,2.80099969999294,0.39724203401489,1
57,30,1,1,1.87121391865426,2.80099969999294,0.497466622077561,1
57,31,1,1,1.87121391865426,2.80099969999294,0.445755304826462,1
57,32,-1,1,1.69314437074807,2.03343232970477,0.666438580757303,1
57,33,1,1,1.87121391865426,2.80099969999294,0.624210900271134,1
57,34,-1,1,1.69314437074807,2.03343232970477,0.304913686929065,1
57,35,-1,1,1.69314437074807,2.03343232970477,0.625330258801556,1
57,36,1,1,1.87121391865426,2.80099969999294,0.456449780959259,1
57,37,1,1,1.87121391865426,2.80099969999294,0.577486149671243,1
57,38,-1,1,1.69314437074807,2.03343232970477,0.52092302816651,1
57,39,1,1,1.87121391865426,2.80099969999294,0.46731217713623,1
57,40,-1,1,1.69314437074807,2.03343232970477,0.976804464218138,1
57,41,1,1,1.87121391865426,2.80099969999294,0.43580532482711,1
57,42,1,1,1.87121391865426,2.80099969999294,0.315276346290895,1
57,43,-1,1,1.69314437074807,2.03343232970477,0.408180860794193,1
57,44,-1,1,1.69314437074807,2.03343232970477,0.697276100960825,1
57,45,1,1,1.87121391865426,2.80099969999294,0.462922925722456,1
57,46,1,1,1.87121391865426,2.80099969999294,0.76278980921735,1
57,47,-1,1,1.69314437074807,2.03343232970477,0.771426929434782,-1
57,48,1,-1,1.78351720871908,1.48618190591934,1.69175558042014,1
57,49,1,1,1.87121391865426,2.80099969999294,0.391680022127806,1
57,50,-1,1,1.69314437074807,2.03343232970477,0.372306407572425,1
57,51,1,1,1.87121391865426,2.80099969999294,0.327374852003237,1
57,52,-1,1,1.69314437074807,2.03343232970477,0.29662563786914,1
57,53,1,1,1.87121391865426,2.80099969999294,0.4883420602347,1
57,54,1,1,1.87121391865426,2.80099969999294,0.394708156651173,1
57,55,-1,1,1.69314437074807,2.03343232970477,0.55824174978113,1
57,56,1,1,1.87121391865426,2.80099969999294,0.531241141046495,1
57,57,1,1,1.87121391865426,2.80099969999294,0.786163564059609,1
57,58,1,1,1.87121391865426,2.80099969999294,0.839380334919883,1
57,59,1,1,1.87121391865426,2.80099969999294,0.413003978153758,1
57,60,1,1,1.87121391865426,2.80099969999294,0.417447026449527,1
57,61,1,1,1.87121391865426,2.80099969999294,0.595778181491304,1
57,62,-1,1,1.69314437074807,2.03343232970477,0.33056470075031,1
57,63,1,1,1.87121391865426,2.80099969999294,0.49896063030951,1
57,64,1,1,1.87121391865426,2.80099969999294,1.0532147500024,1
57,65,1,1,1.87121391865426,2.80099969999294,0.424208358515603,1
57,66,-1,1,1.69314437074807,2.03343232970477,0.666342185947676,1
57,67,1,1,1.87121391865426,2.80099969999294,0.546360072316287,1
57,68,-1,1,1.69314437074807,2.03343232970477,0.366075309441956,1
57,69,1,1,1.87121391865426,2.80099969999294,0.351454102298826,1
57,70,-1,1,1.69314437074807,2.03343232970477,1.067666725431,1
57,71,-1,1,1.69314437074807,2.03343232970477,0.615005600469821,1
57,72,-1,1,1.69314437074807,2.03343232970477,0.282247344175332,1
57,73,-1,1,1.69314437074807,2.03343232970477,0.420770353324594,1
57,74,-1,1,1.69314437074807,2.03343232970477,0.307094462021983,1
57,75,1,1,1.87121391865426,2.80099969999294,0.306796537907605,1
57,76,1,1,1.87121391865426,2.80099969999294,0.61718583808712,1
57,77,1,1,1.87121391865426,2.80099969999294,0.636772633395337,1
57,78,1,1,1.87121391865426,2.80099969999294,0.892900196261753,1
57,79,-1,1,1.69314437074807,2.03343232970477,0.61067392920809,1
57,80,-1,1,1.69314437074807,2.03343232970477,0.515917022047282,1
57,81,1,1,1.87121391865426,2.80099969999294,0.432351388571533,1
57,82,1,1,1.87121391865426,2.80099969999294,0.44821420673918,1
57,83,1,1,1.87121391865426,2.80099969999294,0.549427543378845,1
57,84,1,1,1.87121391865426,2.80099969999294,0.591009583784724,1
57,85,1,1,1.87121391865426,2.80099969999294,0.48081066233254,1
57,86,-1,1,1.69314437074807,2.03343232970477,0.6149871958052,1
57,87,-1,1,1.69314437074807,2.03343232970477,0.57988707345029,1
57,88,-1,1,1.69314437074807,2.03343232970477,0.37077139796343,1
57,89,-1,1,1.69314437074807,2.03343232970477,1.05204848774004,1
57,90,1,1,1.87121391865426,2.80099969999294,0.716020923402569,1
57,91,-1,1,1.69314437074807,2.03343232970477,0.802488401575205,1
57,92,-1,1,1.69314437074807,2.03343232970477,0.349179492788097,1
57,93,-1,1,1.69314437074807,2.03343232970477,0.636868735258456,1
57,94,1,1,1.87121391865426,2.80099969999294,0.380674206420603,1
57,95,1,1,1.87121391865426,2.80099969999294,0.570038117047428,1
57,96,1,1,1.87121391865426,2.80099969999294,0.337996605060359,1
57,97,-1,1,1.69314437074807,2.03343232970477,0.729017735492497,1
57,98,1,1,1.87121391865426,2.80099969999294,0.460288043920972,1
57,99,-1,1,1.69314437074807,2.03343232970477,0.661871178021945,1
57,100,1,1,1.87121391865426,2.80099969999294,0.757770128339762,-1
57,101,1,-1,1.78351720871908,1.48618190591934,0.598692138702416,1
58,2,-1,1,1.98437839771158,2.32576297249747,0.497042068773297,1
58,3,1,1,2.19307729560839,2.46114350867856,0.650681334812666,1
58,4,1,1,2.19307729560839,2.46114350867856,0.64309199336221,1
58,5,-1,1,1.98437839771158,2.32576297249747,0.78152054344506,1
58,6,-1,1,1.98437839771158,2.32576297249747,0.391408284352884,1
58,7,1,1,2.19307729560839,2.46114350867856,2.88195150894012,1
58,8,1,1,2.19307729560839,2.46114350867856,1.1458913571032,1
58,9,1,1,2.19307729560839,2.46114350867856,0.476688278040745,1
58,10,-1,1,1.98437839771158,2.32576297249747,0.479679395894835,1
58,11,1,1,2.19307729560839,2.46114350867856,0.490763494868182,1
58,12,-1,1,1.98437839771158,2.32576297249747,0.582944964933961,1
58,13,-1,1,1.98437839771158,2.32576297249747,0.372436998335622,1
58,14,1,1,2.19307729560839,2.46114350867856,0.723495450530061,1
58,15,1,1,2.19307729560839,2.46114350867856,0.451569170691733,1
58,16,-1,1,1.98437839771158,2.32576297249747,0.375841442397397,1
58,17,-1,1,1.98437839771158,2.32576297249747,0.578309610072437,1
58,18,-1,1,1.98437839771158,2.32576297249747,0.547675088873957,1
58,19,1,1,2.19307729560839,2.46114350867856,0.76572886391517,1
58,20,1,1,2.19307729560839,2.46114350867856,1.40472640192354,1
58,21,-1,1,1.98437839771158,2.32576297249747,0.443391546794515,1
58,22,-1,1,1.98437839771158,2.32576297249747,0.781311894257917,1
58,23,-1,1,1.98437839771158,2.32576297249747,0.328528337318945,1
58,24,-1,1,1.98437839771158,2.32576297249747,0.634446467405042,1
58,25,-1,1,1.98437839771158,2.32576297249747,0.564964346706089,1
58,26,1,1,2.19307729560839,2.46114350867856,0.957626679717443,1
58,27,-1,1,1.98437839771158,2.32576297249747,0.656991799499685,1
58,28,-1,1,1.98437839771158,2.32576297249747,0.335553640683526,1
58,29,1,1,2.19307729560839,2.46114350867856,0.416752046039013,1
58,30,-1,1,1.98437839771158,2.32576297249747,1.05660076024336,1
58,31,1,1,2.19307729560839,2.46114350867856,0.578734175186161,1
58,32,-1,1,1.98437839771158,2.32576297249747,0.395538614957648,1
58,33,-1,1,1.98437839771158,2.32576297249747,1.40056802684639,1
58,34,1,1,2.19307729560839,2.46114350867856,0.470908919309025,1
58,35,1,1,2.19307729560839,2.46114350867856,0.453495520398135,1
58,36,-1,1,1.98437839771158,2.32576297249747,0.7194018307049,1
58,37,1,1,2.19307729560839,2.46114350867856,0.39714266958705,1
58,38,1,1,2.19307729560839,2.46114350867856,0.736590124420035,1
58,39,1,1,2.19307729560839,2.46114350867856,0.506640603990136,1
58,40,1,1,2.19307729560839,2.46114350867856,0.473898618807125,1
58,41,-1,1,1.98437839771158,2.32576297249747,0.890389273981573,1
58,42,1,1,2.19307729560839,2.46114350867856,0.87615210289883,1
58,43,-1,1,1.98437839771158,2.32576297249747,0.656236404967811,1
58,44,-1,1,1.98437839771158,2.32576297249747,1.26694419838281,1
58,45,-1,1,1.98437839771158,2.32576297249747,0.415634578378795,1
58,46,-1,1,1.98437839771158,2.32576297249747,0.449976799342777,1
58,47,-1,1,1.98437839771158,2.32576297249747,0.544587007190587,1
58,48,1,1,2.19307729560839,2.46114350867856,0.468189449797677,1
58,49,-1,1,1.98437839771158,2.32576297249747,1.19813027555063,1
58,50,1,1,2.19307729560839,2.46114350867856,0.610861140439628,1
58,51,1,1,2.19307729560839,2.46114350867856,0.486179208844756,1
58,52,1,1,2.19307729560839,2.46114350867856,1.16120745920333,1
58,53,-1,1,1.98437839771158,2.32576297249747,0.902342716378428,1
58,54,1,1,2.19307729560839,2.46114350867856,0.430375623723418,1
58,55,1,1,2.19307729560839,2.46114350867856,0.947114521470025,1
58,56,1,1,2.19307729560839,2.46114350867856,1.14356717176668,1
58,57,-1,1,1.98437839771158,2.32576297249747,0.37046576494508,1
58,58,-1,1,1.98437839771158,2.32576297249747,0.378797664636994,1
58,59,-1,1,1.98437839771158,2.32576297249747,0.442303991739847,1
58,60,1,1,2.19307729560839,2.46114350867856,0.441299992781164,1
58,61,-1,1,1.98437839771158,2.32576297249747,0.682402574780323,-1
58,62,1,-1,2.09029606811692,0.841715371441929,0.53339126082946,1
58,63,1,1,2.19307729560839,2.46114350867856,0.633413253429835,1
58,64,-1,1,1.98437839771158,2.32576297249747,0.482432610276588,1
58,65,-1,1,1.98437839771158,2.32576297249747,0.534344951164555,1
58,66,-1,1,1.98437839771158,2.32576297249747,0.479520194716383,1
58,67,1,1,2.19307729560839,2.46114350867856,0.575807706465874,1
58,68,-1,1,1.98437839771158,2.32576297249747,0.556013126632175,1
58,69,-1,1,1.98437839771158,2.32576297249747,1.04113036562654,1
58,70,1,1,2.19307729560839,2.46114350867856,1.26930220343455,1
58,71,1,1,2.19307729560839,2.46114350867856,0.493213032635375,1
58,72,-1,1,1.98437839771158,2.32576297249747,0.434853117694741,1
58,73,-1,1,1.98437839771158,2.32576297249747,0.800326861050123,1
58,74,1,1,2.19307729560839,2.46114350867856,0.568676114572729,1
58,75,1,1,2.19307729560839,2.46114350867856,0.497430633376729,1
58,76,1,1,2.19307729560839,2.46114350867856,0.502492370616336,1
58,77,1,1,2.19307729560839,2.46114350867856,0.887153846831106,1
58,78,-1,1,1.98437839771158,2.32576297249747,0.42972629887169,1
58,79,1,1,2.19307729560839,2.46114350867856,0.809749720503062,1
58,80,-1,1,1.98437839771158,2.32576297249747,0.916448926456297,1
58,81,-1,1,1.98437839771158,2.32576297249747,0.717265492317413,1
58,82,-1,1,1.98437839771158,2.32576297249747,0.353512348989597,1
58,83,1,1,2.19307729560839,2.46114350867856,0.521138496807157,1
58,84,-1,1,1.98437839771158,2.32576297249747,0.378842672134106,-1
58,85,1,-1,2.09029606811692,0.841715371441929,0.816417485800407,-1
58,86,-1,-1,1.89137809720563,1.57137814738204,1.41355518270059,1
58,87,-1,1,1.98437839771158,2.32576297249747,0.722768410964371,1
58,88,1,1,2.19307729560839,2.46114350867856,1.09525640640668,1
58,89,-1,1,1.98437839771158,2.32576297249747,0.335942322714782,1
58,90,-1,1,1.98437839771158,2.32576297249747,0.552667605744998,1
58,91,1,1,2.19307729560839,2.46114350867856,1.10370936601025,1
58,92,-1,1,1.98437839771158,2.32576297249747,0.726343785225693,1
58,93,1,1,2.19307729560839,2.46114350867856,1.23191942521222,1
58,94,1,1,2.19307729560839,2.46114350867856,0.39494813499207,1
58,95,1,1,2.19307729560839,2.46114350867856,0.521279364704619,1
58,96,1,1,2.19307729560839,2.46114350867856,0.765196923771887,1
58,97,-1,1,1.98437839771158,2.32576297249747,0.47221654007628,1
58,98,1,1,2.19307729560839,2.46114350867856,0.546420464064117,1
58,99,1,1,2.19307729560839,2.46114350867856,0.33007724226054,1
58,100,1,1,2.19307729560839,2.46114350867856,1.33144640992064,1
58,101,1,1,2.19307729560839,2.46114350867856,0.459589952663432,1
59,2,-1,1,2.33317378870792,1.38101802326094,3.16251480795772,1
59,3,-1,1,2.33317378870792,1.38101802326094,0.663173921015405,1
59,4,1,1,2.57855581809637,2.88925286538456,0.51722033092439,1
59,5,-1,1,2.33317378870792,1.38101802326094,1.04246096285044,1
59,6,1,1,2.57855581809637,2.88925286538456,0.47477093182482,1
59,7,1,1,2.57855581809637,2.88925286538456,0.956224793188382,1
59,8,1,1,2.57855581809637,2.88925286538456,0.61240085769047,1
59,9,1,1,2.57855581809637,2.88925286538456,0.627165754361249,1
59,10,-1,1,2.33317378870792,1.38101802326094,0.81098283090008,1
59,11,1,1,2.57855581809637,2.88925286538456,0.578013911622923,1
59,12,1,1,2.57855581809637,2.88925286538456,0.415889665585073,1
59,13,1,1,2.57855581809637,2.88925286538456,0.469825501799679,1
59,14,-1,1,2.33317378870792,1.38101802326094,1.16143588403934,1
59,15,1,1,2.57855581809637,2.88925286538456,0.798000847571941,1
59,16,1,1,2.57855581809637,2.88925286538456,0.589688372987064,1
59,17,1,1,2.57855581809637,2.88925286538456,0.503570196421424,1
59,18,1,1,2.57855581809637,2.88925286538456,0.340389241255566,1
59,19,-1,1,2.33317378870792,1.38101802326094,1.18002363122639,1
59,20,-1,1,2.33317378870792,1.38101802326094,0.384296586288861,1
59,21,-1,1,2.33317378870792,1.38101802326094,0.781597924998129,1
59,22,-1,1,2.33317378870792,1.38101802326094,0.306178409559335,1
59,23,-1,1,2.33317378870792,1.38101802326094,1.11295385091866,1
59,24,-1,1,2.33317378870792,1.38101802326094,0.988148079808731,1
59,25,1,1,2.57855581809637,2.88925286538456,0.530748244176051,1
59,26,-1,1,2.33317378870792,1.38101802326094,0.78433739697083,1
59,27,-1,1,2.33317378870792,1.38101802326094,0.735658532863791,1
59,28,-1,1,2.33317378870792,1.38101802326094,0.333949609321748,1
59,29,1,1,2.57855581809637,2.88925286538456,0.407214050789891,1
59,30,1,1,2.57855581809637,2.88925286538456,0.53240113487281,1
59,31,1,1,2.57855581809637,2.88925286538456,0.425485283788776,1
59,32,1,1,2.57855581809637,2.88925286538456,0.618561566056527,1
59,33,-1,1,2.33317378870792,1.38101802326094,0.807941955635131,1
59,34,-1,1,2.33317378870792,1.38101802326094,0.433653283178526,1
59,35,-1,1,2.33317378870792,1.38101802326094,0.487734402646695,1
59,36,-1,1,2.33317378870792,1.38101802326094,0.732097515071113,1
59,37,1,1,2.57855581809637,2.88925286538456,1.22169535649212,1
59,38,1,1,2.57855581809637,2.88925286538456,0.657427756606431,1
59,39,1,1,2.57855581809637,2.88925286538456,0.47328299006281,1
59,40,1,1,2.57855581809637,2.88925286538456,0.932726249032246,1
59,41,-1,1,2.33317378870792,1.38101802326094,0.849486454982468,1
59,42,1,1,2.57855581809637,2.88925286538456,0.517056220781017,1
59,43,-1,1,2.33317378870792,1.38101802326094,1.367085527212,1
59,44,1,1,2.57855581809637,2.88925286538456,0.349300842123801,1
59,45,1,1,2.57855581809637,2.88925286538456,0.498663950344464,1
59,46,1,1,2.57855581809637,2.88925286538456,0.688853302997213,1
59,47,1,1,2.57855581809637,2.88925286538456,0.640996326149519,1
59,48,-1,1,2.33317378870792,1.38101802326094,0.550964972105184,1
59,49,1,1,2.57855581809637,2.88925286538456,1.33494847933415,1
59,50,1,1,2.57855581809637,2.88925286538456,0.80571829805943,1
59,51,-1,1,2.33317378870792,1.38101802326094,0.363870931430601,1
59,52,-1,1,2.33317378870792,1.38101802326094,0.740343253344779,1
59,53,-1,1,2.33317378870792,1.38101802326094,2.99525488564999,1
59,54,-1,1,2.33317378870792,1.38101802326094,0.538703880615186,1
59,55,1,1,2.57855581809637,2.88925286538456,0.775475873718244,1
59,56,1,1,2.57855581809637,2.88925286538456,0.810831526292571,1
59,57,-1,1,2.33317378870792,1.38101802326094,0.800230213226273,-1
59,58,1,-1,2.45770867209292,1.61622069746425,0.685481639653122,1
59,59,-1,1,2.33317378870792,1.38101802326094,0.843344529127863,-1
59,60,-1,-1,2.22382676914115,1.31350841389025,0.595979866676944,1
59,61,1,1,2.57855581809637,2.88925286538456,0.601241002894157,1
59,62,1,1,2.57855581809637,2.88925286538456,0.543786717866589,1
59,63,1,1,2.57855581809637,2.88925286538456,0.869766939225773,1
59,64,1,1,2.57855581809637,2.88925286538456,0.663195326959936,1
59,65,1,1,2.57855581809637,2.88925286538456,0.382213737817512,1
59,66,-1,1,2.33317378870792,1.38101802326094,0.424866869787654,1
59,67,-1,1,2.33317378870792,1.38101802326094,2.20536391976959,1
59,68,-1,1,2.33317378870792,1.38101802326094,0.634187844714997,1
59,69,1,1,2.57855581809637,2.88925286538456,1.18997264229753,1
59,70,1,1,2.57855581809637,2.88925286538456,1.29924069070579,1
59,71,-1,1,2.33317378870792,1.38101802326094,0.633683714310389,1
59,72,-1,1,2.33317378870792,1.38101802326094,0.814287462716323,1
59,73,-1,1,2.33317378870792,1.38101802326094,0.739348269666865,1
59,74,-1,1,2.33317378870792,1.38101802326094,0.863842569758194,1
59,75,-1,1,2.33317378870792,1.38101802326094,0.724026972943794,1
59,76,-1,1,2.33317378870792,1.38101802326094,1.12675421563045,1
59,77,-1,1,2.33317378870792,1.38101802326094,0.517534106072153,1
59,78,-1,1,2.33317378870792,1.38101802326094,0.899088520581142,1
59,79,1,1,2.57855581809637,2.88925286538456,0.88637303040915,1
59,80,-1,1,2.33317378870792,1.38101802326094,0.733380271154522,1
59,81,-1,1,2.33317378870792,1.38101802326094,0.799197211610965,1
59,82,-1,1,2.33317378870792,1.38101802326094,0.743856944497247,1
59,83,-1,1,2.33317378870792,1.38101802326094,0.612113576139489,1
59,84,1,1,2.57855581809637,2.88925286538456,0.707031514273765,1
59,85,-1,1,2.33317378870792,1.38101802326094,0.539016863947042,1
59,86,1,1,2.57855581809637,2.88925286538456,1.09700529583237,1
59,87,-1,1,2.33317378870792,1.38101802326094,3.32426109173068,1
59,88,1,1,2.57855581809637,2.88925286538456,0.478568873764112,1
59,89,1,1,2.57855581809637,2.88925286538456,0.535037082508258,1
59,90,1,1,2.57855581809637,2.88925286538456,0.985905644225884,1
59,91,1,1,2.57855581809637,2.88925286538456,1.04568453099243,1
59,92,1,1,2.57855581809637,2.88925286538456,0.490311302797095,-1
59,93,-1,-1,2.22382676914115,1.31350841389025,2.61795362161884,1
59,94,1,1,2.57855581809637,2.88925286538456,0.439488074997325,1
59,95,1,1,2.57855581809637,2.88925286538456,0.378900721781663,1
59,96,1,1,2.57855581809637,2.88925286538456,0.37734652289008,1
59,97,-1,1,2.33317378870792,1.38101802326094,1.29060985770381,1
59,98,-1,1,2.33317378870792,1.38101802326094,0.923015437501086,1
59,99,1,1,2.57855581809637,2.88925286538456,0.557244657066363,1
59,100,-1,1,2.33317378870792,1.38101802326094,0.436077722667849,1
59,101,-1,1,2.33317378870792,1.38101802326094,0.447369323440193,1
60,2,1,1,1.95975763584418,3.14210179368625,0.408699922082392,1
60,3,-1,1,1.7732620391935,0.00260727286998569,1.77838555040797,1
60,4,-1,1,1.7732620391935,0.00260727286998569,0.529642834149308,-1
60,5,-1,-1,1.69015596289728,1.04675512097606,0.907643393846698,1
60,6,1,1,1.95975763584418,3.14210179368625,0.328496937411592,1
60,7,1,1,1.95975763584418,3.14210179368625,0.757048717689796,1
60,8,-1,1,1.7732620391935,0.00260727286998569,0.927359375495494,-1
60,9,1,-1,1.86791121720622,3.00853581246771,0.732606531676393,1
60,10,1,1,1.95975763584418,3.14210179368625,0.449430104012823,1
60,11,1,1,1.95975763584418,3.14210179368625,0.436132788246134,1
60,12,1,1,1.95975763584418,3.14210179368625,0.34537134820945,1
60,13,1,1,1.95975763584418,3.14210179368625,0.402296675000591,1
60,14,1,1,1.95975763584418,3.14210179368625,0.340705477367528,1
60,15,1,1,1.95975763584418,3.14210179368625,0.403675182485634,1
60,16,-1,1,1.7732620391935,0.00260727286998569,0.50342704761616,1
60,17,-1,1,1.7732620391935,0.00260727286998569,0.539516805954023,1
60,18,1,1,1.95975763584418,3.14210179368625,0.426456125784216,1
60,19,1,1,1.95975763584418,3.14210179368625,0.63986079498861,1
60,20,-1,1,1.7732620391935,0.00260727286998569,0.543063204231052,-1
60,21,1,-1,1.86791121720622,3.00853581246771,0.476186116071864,1
60,22,-1,1,1.7732620391935,0.00260727286998569,0.489039781544213,-1
60,23,1,-1,1.86791121720622,3.00853581246771,0.815717104609171,1
60,24,1,1,1.95975763584418,3.14210179368625,0.777080660519265,1
60,25,-1,1,1.7732620391935,0.00260727286998569,0.596157316790631,-1
60,26,1,-1,1.86791121720622,3.00853581246771,0.300566831287916,1
60,27,-1,1,1.7732620391935,0.00260727286998569,0.986807558230309,1
60,28,-1,1,1.7732620391935,0.00260727286998569,0.444333025223258,1
60,29,1,1,1.95975763584418,3.14210179368625,0.592201919376074,1
60,30,-1,1,1.7732620391935,0.00260727286998569,0.593947923494408,1
60,31,-1,1,1.7732620391935,0.00260727286998569,0.609937660050516,-1
60,32,-1,-1,1.69015596289728,1.04675512097606,0.592892652680156,1
60,33,1,1,1.95975763584418,3.14210179368625,0.610710164631121,1
60,34,-1,1,1.7732620391935,0.00260727286998569,0.46084777813481,1
60,35,-1,1,1.7732620391935,0.00260727286998569,0.802443161466259,1
60,36,-1,1,1.7732620391935,0.00260727286998569,0.380417951259563,1
60,37,1,1,1.95975763584418,3.14210179368625,0.386416290598331,1
60,38,-1,1,1.7732620391935,0.00260727286998569,1.26108205339303,1
60,39,1,1,1.95975763584418,3.14210179368625,1.20199661143023,1
60,40,-1,1,1.7732620391935,0.00260727286998569,0.922315391626493,1
60,41,-1,1,1.7732620391935,0.00260727286998569,1.63103591133898,1
60,42,1,1,1.95975763584418,3.14210179368625,0.810553273762402,1
60,43,-1,1,1.7732620391935,0.00260727286998569,2.16553820832158,-1
60,44,1,-1,1.86791121720622,3.00853581246771,1.37490389699199,1
60,45,-1,1,1.7732620391935,0.00260727286998569,1.94090099799647,1
60,46,-1,1,1.7732620391935,0.00260727286998569,1.07507699702465,-1
60,47,-1,-1,1.69015596289728,1.04675512097606,0.959325097208745,1
60,48,1,1,1.95975763584418,3.14210179368625,0.353250773428124,1
60,49,1,1,1.95975763584418,3.14210179368625,0.327501599918615,1
60,50,1,1,1.95975763584418,3.14210179368625,0.537972743205072,1
60,51,1,1,1.95975763584418,3.14210179368625,1.15069057361269,-1
60,52,-1,-1,1.69015596289728,1.04675512097606,0.542910061794808,1
60,53,-1,1,1.7732620391935,0.00260727286998569,2.16482451875648,1
60,54,-1,1,1.7732620391935,0.00260727286998569,0.690858102244446,1
60,55,-1,1,1.7732620391935,0.00260727286998569,1.22290940112949,-1
60,56,-1,-1,1.69015596289728,1.04675512097606,0.806723640730745,1
60,57,1,1,1.95975763584418,3.14210179368625,0.411459794623297,1
60,58,-1,1,1.7732620391935,0.00260727286998569,1.25004729179215,1
60,59,1,1,1.95975763584418,3.14210179368625,0.666431942677835,1
60,60,-1,1,1.7732620391935,0.00260727286998569,1.54457159422269,1
60,61,-1,1,1.7732620391935,0.00260727286998569,0.526236211239359,1
60,62,-1,1,1.7732620391935,0.00260727286998569,2.07557535764131,-1
60,63,-1,-1,1.69015596289728,1.04675512097606,1.18194264071379,-1
60,64,-1,-1,1.69015596289728,1.04675512097606,0.449317891986604,-1
60,65,1,-1,1.86791121720622,3.00853581246771,0.640828288927302,1
60,66,1,1,1.95975763584418,3.14210179368625,0.373926993171432,1
60,67,1,1,1.95975763584418,3.14210179368625,0.510546522545362,1
60,68,-1,1,1.7732620391935,0.00260727286998569,0.554322180770685,-1
60,69,1,-1,1.86791121720622,3.00853581246771,0.705097347658364,1
60,70,-1,1,1.7732620391935,0.00260727286998569,1.92213959693924,1
60,71,-1,1,1.7732620391935,0.00260727286998569,0.929785610479828,-1
60,72,1,-1,1.86791121720622,3.00853581246771,0.325483429268115,1
60,73,-1,1,1.7732620391935,0.00260727286998569,0.934692715310769,1
60,74,-1,1,1.7732620391935,0.00260727286998569,0.788263053658041,-1
60,75,1,-1,1.86791121720622,3.00853581246771,0.450372765698896,1
60,76,1,1,1.95975763584418,3.14210179368625,0.558991720727813,1
60,77,1,1,1.95975763584418,3.14210179368625,0.638125735886056,1
60,78,-1,1,1.7732620391935,0.00260727286998569,0.452991347595893,1
60,79,-1,1,1.7732620391935,0.00260727286998569,1.65802595535073,-1
60,80,-1,-1,1.69015596289728,1.04675512097606,0.463219617225477,1
60,81,-1,1,1.7732620391935,0.00260727286998569,0.381037921555697,1
60,82,1,1,1.95975763584418,3.14210179368625,0.451550313242925,1
60,83,-1,1,1.7732620391935,0.00260727286998569,0.779943720227972,1
60,84,1,1,1.95975763584418,3.14210179368625,0.382762175443895,1
60,85,-1,1,1.7732620391935,0.00260727286998569,1.70467148823854,-1
60,86,1,-1,1.86791121720622,3.00853581246771,0.614275033260067,1
60,87,-1,1,1.7732620391935,0.00260727286998569,1.11935981478235,1
60,88,-1,1,1.7732620391935,0.00260727286998569,1.20811786285485,1
60,89,1,1,1.95975763584418,3.14210179368625,0.470839849811993,1
60,90,-1,1,1.7732620391935,0.00260727286998569,0.604366550276935,1
60,91,1,1,1.95975763584418,3.14210179368625,0.42899315732671,1
60,92,1,1,1.95975763584418,3.14210179368625,0.414990346502183,1
60,93,1,1,1.95975763584418,3.14210179368625,0.930987065825136,1
60,94,1,1,1.95975763584418,3.14210179368625,0.454625983394583,1
60,95,1,1,1.95975763584418,3.14210179368625,1.4478698672033,1
60,96,1,1,1.95975763584418,3.14210179368625,0.576879691480541,1
60,97,1,1,1.95975763584418,3.14210179368625,0.399382582548537,1
60,98,-1,1,1.7732620391935,0.00260727286998569,0.939188828158376,1
60,99,1,1,1.95975763584418,3.14210179368625,0.40336508856611,1
60,100,1,1,1.95975763584418,3.14210179368625,0.39952275370885,1
60,101,1,1,1.95975763584418,3.14210179368625,0.475853018452473,1
61,2,-1,1,1.90542589387833,0.536837007796726,0.856706045670897,-1
61,3,-1,-1,1.81612579822779,1.20542242672411,0.554954567009782,1
61,4,-1,1,1.90542589387833,0.536837007796726,0.472989412689857,1
61,5,1,1,2.10582128446263,3.65172452988037,0.439059244567217,1
61,6,-1,1,1.90542589387833,0.536837007796726,0.784510407615798,-1
61,7,1,-1,2.00712941576828,1.8060160355988,2.69689218583779,-1
61,8,-1,-1,1.81612579822779,1.20542242672411,0.47948329450003,1
61,9,1,1,2.10582128446263,3.65172452988037,0.446526827508713,1
61,10,1,1,2.10582128446263,3.65172452988037,0.781593785540251,1
61,11,-1,1,1.90542589387833,0.536837007796726,0.688381423864087,-1
61,12,-1,-1,1.81612579822779,1.20542242672411,0.337673827199933,1
61,13,-1,1,1.90542589387833,0.536837007796726,0.532908326300675,1
61,14,1,1,2.10582128446263,3.65172452988037,0.455789401228093,1
61,15,1,1,2.10582128446263,3.65172452988037,0.595783143404234,1
61,16,-1,1,1.90542589387833,0.536837007796726,0.585424214597536,1
61,17,-1,1,1.90542589387833,0.536837007796726,2.41030952274024,1
61,18,-1,1,1.90542589387833,0.536837007796726,1.61456836248725,-1
61,19,1,-1,2.00712941576828,1.8060160355988,0.807114075428506,1
61,20,1,1,2.10582128446263,3.65172452988037,0.67637509211353,1
61,21,-1,1,1.90542589387833,0.536837007796726,1.62829852785599,-1
61,22,1,-1,2.00712941576828,1.8060160355988,1.97980463813371,-1
61,23,-1,-1,1.81612579822779,1.20542242672411,0.607769201586199,1
61,24,1,1,2.10582128446263,3.65172452988037,0.501582021346794,1
61,25,1,1,2.10582128446263,3.65172452988037,0.385935749139328,1
61,26,-1,1,1.90542589387833,0.536837007796726,1.18533731854043,1
61,27,1,1,2.10582128446263,3.65172452988037,0.555137127028717,1
61,28,-1,1,1.90542589387833,0.536837007796726,0.848641387531048,1
61,29,1,1,2.10582128446263,3.65172452988037,0.470513844098645,1
61,30,1,1,2.10582128446263,3.65172452988037,0.416560570208197,1
61,31,-1,1,1.90542589387833,0.536837007796726,1.09736682742412,-1
61,32,1,-1,2.00712941576828,1.8060160355988,0.3809015722155,1
61,33,1,1,2.10582128446263,3.65172452988037,0.618600802295549,1
61,34,1,1,2.10582128446263,3.65172452988037,0.655930861363218,1
61,35,1,1,2.10582128446263,3.65172452988037,0.415507486084997,1
61,36,-1,1,1.90542589387833,0.536837007796726,1.09055981313901,1
61,37,-1,1,1.90542589387833,0.536837007796726,0.419912060274979,1
61,38,1,1,2.10582128446263,3.65172452988037,0.553091998234873,1
61,39,-1,1,1.90542589387833,0.536837007796726,1.07564419967786,-1
61,40,-1,-1,1.81612579822779,1.20542242672411,0.592780642684907,1
61,41,1,1,2.10582128446263,3.65172452988037,0.602451288830608,1
61,42,1,1,2.10582128446263,3.65172452988037,0.381385139048956,1
61,43,-1,1,1.90542589387833,0.536837007796726,0.945407019446426,-1
61,44,-1,-1,1.81612579822779,1.20542242672411,1.25324433220958,1
61,45,1,1,2.10582128446263,3.65172452988037,0.360097816229046,1
61,46,1,1,2.10582128446263,3.65172452988037,0.84667963548966,1
61,47,1,1,2.10582128446263,3.65172452988037,0.447847097873546,1
61,48,1,1,2.10582128446263,3.65172452988037,0.654007318414695,1
61,49,-1,1,1.90542589387833,0.536837007796726,1.94086278251208,-1
61,50,1,-1,2.00712941576828,1.8060160355988,0.626439501534719,1
61,51,1,1,2.10582128446263,3.65172452988037,0.654724194809963,1
61,52,-1,1,1.90542589387833,0.536837007796726,0.771016722288171,1
61,53,-1,1,1.90542589387833,0.536837007796726,0.600229414117954,1
61,54,1,1,2.10582128446263,3.65172452988037,0.504145792583223,1
61,55,1,1,2.10582128446263,3.65172452988037,0.432551112867234,1
61,56,-1,1,1.90542589387833,0.536837007796726,0.893344592698719,1
61,57,-1,1,1.90542589387833,0.536837007796726,0.976670438344161,1
61,58,-1,1,1.90542589387833,0.536837007796726,0.551217282535061,1
61,59,-1,1,1.90542589387833,0.536837007796726,0.519790813073097,1
61,60,1,1,2.10582128446263,3.65172452988037,0.315104353236246,1
61,61,1,1,2.10582128446263,3.65172452988037,0.69027175377765,1
61,62,-1,1,1.90542589387833,0.536837007796726,0.869493116374348,-1
61,63,-1,-1,1.81612579822779,1.20542242672411,0.507066080529704,1
61,64,-1,1,1.90542589387833,0.536837007796726,3.26216480748795,1
61,65,1,1,2.10582128446263,3.65172452988037,0.406885318066343,1
61,66,1,1,2.10582128446263,3.65172452988037,0.586340617188585,1
61,67,1,1,2.10582128446263,3.65172452988037,0.640892412959997,1
61,68,-1,1,1.90542589387833,0.536837007796726,1.09256261132373,1
61,69,1,1,2.10582128446263,3.65172452988037,0.511930232757954,1
61,70,-1,1,1.90542589387833,0.536837007796726,0.379586415853384,1
61,71,1,1,2.10582128446263,3.65172452988037,0.406680498753948,1
61,72,-1,1,1.90542589387833,0.536837007796726,2.42106325004189,-1
61,73,-1,-1,1.81612579822779,1.20542242672411,0.709201992786843,-1
61,74,1,-1,2.00712941576828,1.8060160355988,0.317461921750653,1
61,75,-1,1,1.90542589387833,0.536837007796726,1.08020313566163,1
61,76,1,1,2.10582128446263,3.65172452988037,0.52635700313886,1
61,77,-1,1,1.90542589387833,0.536837007796726,3.13856315412664,1
61,78,1,1,2.10582128446263,3.65172452988037,0.476900050141542,1
61,79,-1,1,1.90542589387833,0.536837007796726,0.479025508582653,-1
61,80,1,-1,2.00712941576828,1.8060160355988,0.603944732097345,1
61,81,1,1,2.10582128446263,3.65172452988037,0.886845092968237,1
61,82,1,1,2.10582128446263,3.65172452988037,0.5643526748649,1
61,83,-1,1,1.90542589387833,0.536837007796726,0.428509344308939,1
61,84,1,1,2.10582128446263,3.65172452988037,0.433816387486859,1
61,85,1,1,2.10582128446263,3.65172452988037,0.657565337730514,1
61,86,1,1,2.10582128446263,3.65172452988037,0.557856407813905,1
61,87,1,1,2.10582128446263,3.65172452988037,0.980485538402199,1
61,88,-1,1,1.90542589387833,0.536837007796726,1.69914898751682,1
61,89,-1,1,1.90542589387833,0.536837007796726,0.71860895575984,-1
61,90,-1,-1,1.81612579822779,1.20542242672411,0.947389270606956,1
61,91,-1,1,1.90542589387833,0.536837007796726,0.775504003224745,1
61,92,-1,1,1.90542589387833,0.536837007796726,1.78747874295631,1
61,93,1,1,2.10582128446263,3.65172452988037,0.577854296004918,1
61,94,-1,1,1.90542589387833,0.536837007796726,0.920015648249395,1
61,95,-1,1,1.90542589387833,0.536837007796726,0.399832048198217,1
61,96,1,1,2.10582128446263,3.65172452988037,0.446527278336172,1
61,97,-1,1,1.90542589387833,0.536837007796726,0.51636590873166,1
61,98,-1,1,1.90542589387833,0.536837007796726,0.56648658355321,1
61,99,1,1,2.10582128446263,3.65172452988037,0.619131381808193,1
61,100,-1,1,1.90542589387833,0.536837007796726,1.82125811481309,1
61,101,1,1,2.10582128446263,3.65172452988037,0.431464167964722,1
62,2,-1,1,1.66265275259096,0.945216702113253,0.936412285609621,1
62,3,1,1,1.83751546902195,3.57240800587764,0.741785468658819,1
62,4,1,1,1.83751546902195,3.57240800587764,0.454591086275084,1
62,5,-1,1,1.66265275259096,0.945216702113253,0.479012964587025,1
62,6,1,1,1.83751546902195,3.57240800587764,0.551502148827096,1
62,7,1,1,1.83751546902195,3.57240800587764,0.506552999397363,1
62,8,-1,1,1.66265275259096,0.945216702113253,0.461729052530971,1
62,9,-1,1,1.66265275259096,0.945216702113253,0.796927746625862,1
62,10,-1,1,1.66265275259096,0.945216702113253,0.34806620091103,1
62,11,1,1,1.83751546902195,3.57240800587764,0.52798601600988,1
62,12,-1,1,1.66265275259096,0.945216702113253,0.780871440429141,1
62,13,1,1,1.83751546902195,3.57240800587764,0.298963003026104,1
62,14,-1,1,1.66265275259096,0.945216702113253,0.657996687120783,-1
62,15,1,-1,1.75139807780239,0.984497154716334,0.669703463633493,1
62,16,-1,1,1.66265275259096,0.945216702113253,0.370047516250153,1
62,17,-1,1,1.66265275259096,0.945216702113253,0.915317304951017,1
62,18,1,1,1.83751546902195,3.57240800587764,0.358498250374955,1
62,19,-1,1,1.66265275259096,0.945216702113253,1.93284909549337,1
62,20,-1,1,1.66265275259096,0.945216702113253,0.640922684104174,1
62,21,1,1,1.83751546902195,3.57240800587764,0.434168749964772,1
62,22,1,1,1.83751546902195,3.57240800587764,0.349780183600086,1
62,23,-1,1,1.66265275259096,0.945216702113253,0.909095910693914,1
62,24,1,1,1.83751546902195,3.57240800587764,0.549919594748664,1
62,25,-1,1,1.66265275259096,0.945216702113253,0.597198844683872,1
62,26,-1,1,1.66265275259096,0.945216702113253,0.646122918858483,1
62,27,1,1,1.83751546902195,3.57240800587764,0.657214220614063,1
62,28,1,1,1.83751546902195,3.57240800587764,0.639524970559157,1
62,29,1,1,1.83751546902195,3.57240800587764,1.05404743444182,1
62,30,-1,1,1.66265275259096,0.945216702113253,1.86691209995694,1
62,31,1,1,1.83751546902195,3.57240800587764,0.492737010674121,1
62,32,1,1,1.83751546902195,3.57240800587764,0.502895622631686,1
62,33,1,1,1.83751546902195,3.57240800587764,0.724207690490074,1
62,34,-1,1,1.66265275259096,0.945216702113253,1.2296990055343,-1
62,35,-1,-1,1.58473051467186,1.69787813729277,0.633565740636401,-1
62,36,-1,-1,1.58473051467186,1.69787813729277,0.313997755215561,1
62,37,-1,1,1.66265275259096,0.945216702113253,0.512529259563852,1
62,38,1,1,1.83751546902195,3.57240800587764,0.418696444697573,1
62,39,1,1,1.83751546902195,3.57240800587764,0.383217405395909,1
62,40,1,1,1.83751546902195,3.57240800587764,0.327352010436507,1
62,41,-1,1,1.66265275259096,0.945216702113253,0.51555498003018,1
62,42,-1,1,1.66265275259096,0.945216702113253,0.510316519348573,1
62,43,1,1,1.83751546902195,3.57240800587764,0.46999031417259,1
62,44,1,1,1.83751546902195,3.57240800587764,0.370204977472013,1
62,45,-1,1,1.66265275259096,0.945216702113253,1.18589477325661,1
62,46,-1,1,1.66265275259096,0.945216702113253,0.803629706036409,-1
62,47,-1,-1,1.58473051467186,1.69787813729277,0.496872100853927,1
62,48,1,1,1.83751546902195,3.57240800587764,0.612610188809876,1
62,49,1,1,1.83751546902195,3.57240800587764,0.311953983131948,1
62,50,-1,1,1.66265275259096,0.945216702113253,1.07228021789154,1
62,51,1,1,1.83751546902195,3.57240800587764,0.575005215661495,1
62,52,-1,1,1.66265275259096,0.945216702113253,0.440017787791805,1
62,53,-1,1,1.66265275259096,0.945216702113253,2.50110307494788,1
62,54,1,1,1.83751546902195,3.57240800587764,0.362373958678633,1
62,55,1,1,1.83751546902195,3.57240800587764,0.329817919135085,1
62,56,1,1,1.83751546902195,3.57240800587764,0.425262172317219,1
62,57,1,1,1.83751546902195,3.57240800587764,0.50197042231619,1
62,58,-1,1,1.66265275259096,0.945216702113253,0.881529302002875,-1
62,59,1,-1,1.75139807780239,0.984497154716334,0.938811478119038,1
62,60,-1,1,1.66265275259096,0.945216702113253,0.84886213077431,1
62,61,1,1,1.83751546902195,3.57240800587764,0.899903060354159,1
62,62,-1,1,1.66265275259096,0.945216702113253,0.442055905062816,-1
62,63,1,-1,1.75139807780239,0.984497154716334,0.346046847973017,-1
62,64,-1,-1,1.58473051467186,1.69787813729277,0.346921340040915,1
62,65,1,1,1.83751546902195,3.57240800587764,0.319906053314978,1
62,66,1,1,1.83751546902195,3.57240800587764,0.352868297673871,1
62,67,1,1,1.83751546902195,3.57240800587764,0.360493156096314,1
62,68,-1,1,1.66265275259096,0.945216702113253,1.70571784950154,-1
62,69,-1,-1,1.58473051467186,1.69787813729277,0.509922131814778,1
62,70,1,1,1.83751546902195,3.57240800587764,0.366525311397438,1
62,71,-1,1,1.66265275259096,0.945216702113253,0.82417869081231,1
62,72,1,1,1.83751546902195,3.57240800587764,0.572996669650744,1
62,73,1,1,1.83751546902195,3.57240800587764,0.343300047135378,1
62,74,-1,1,1.66265275259096,0.945216702113253,1.21945113730597,-1
62,75,1,-1,1.75139807780239,0.984497154716334,0.531353558498998,1
62,76,-1,1,1.66265275259096,0.945216702113253,0.404851237669794,1
62,77,-1,1,1.66265275259096,0.945216702113253,0.547557333076911,1
62,78,-1,1,1.66265275259096,0.945216702113253,0.809607164225312,-1
62,79,-1,-1,1.58473051467186,1.69787813729277,0.41005956734212,-1
62,80,-1,-1,1.58473051467186,1.69787813729277,0.37456561968327,1
62,81,1,1,1.83751546902195,3.57240800587764,0.337478224700726,1
62,82,-1,1,1.66265275259096,0.945216702113253,0.664486752870736,1
62,83,-1,1,1.66265275259096,0.945216702113253,0.783709287537693,1
62,84,1,1,1.83751546902195,3.57240800587764,0.33950200350117,1
62,85,-1,1,1.66265275259096,0.945216702113253,0.60467912470545,1
62,86,1,1,1.83751546902195,3.57240800587764,0.372893968758213,1
62,87,1,1,1.83751546902195,3.57240800587764,0.440363836726713,1
62,88,-1,1,1.66265275259096,0.945216702113253,0.617914361578764,1
62,89,-1,1,1.66265275259096,0.945216702113253,1.48986487570715,1
62,90,-1,1,1.66265275259096,0.945216702113253,0.497797346144869,1
62,91,1,1,1.83751546902195,3.57240800587764,0.552943172776834,1
62,92,1,1,1.83751546902195,3.57240800587764,0.320895790719084,1
62,93,1,1,1.83751546902195,3.57240800587764,0.413596142747167,1
62,94,-1,1,1.66265275259096,0.945216702113253,0.497693984229551,1
62,95,1,1,1.83751546902195,3.57240800587764,0.374260571810059,1
62,96,-1,1,1.66265275259096,0.945216702113253,1.00155426466155,1
62,97,1,1,1.83751546902195,3.57240800587764,0.587888517881917,1
62,98,-1,1,1.66265275259096,0.945216702113253,0.363831239284505,1
62,99,-1,1,1.66265275259096,0.945216702113253,0.431554257753895,-1
62,100,1,-1,1.75139807780239,0.984497154716334,0.4746515135652,1
62,101,1,1,1.83751546902195,3.57240800587764,0.408231024443236,1
63,2,1,1,1.40691605022709,2.69550315220454,0.639930242308775,1
63,3,-1,1,1.27303028628083,1.93120417523131,0.332406655952816,1
63,4,1,1,1.40691605022709,2.69550315220454,0.293251565484663,1
63,5,1,1,1.40691605022709,2.69550315220454,0.43753073735319,1
63,6,-1,1,1.27303028628083,1.93120417523131,0.736092169971455,-1
63,7,1,-1,1.34097922305307,1.20235113457457,0.313372226561717,1
63,8,-1,1,1.27303028628083,1.93120417523131,0.747930607108896,1
63,9,1,1,1.40691605022709,2.69550315220454,0.251871377000065,1
63,10,1,1,1.40691605022709,2.69550315220454,0.346499862402843,1
63,11,-1,1,1.27303028628083,1.93120417523131,0.327376922493111,1
63,12,1,1,1.40691605022709,2.69550315220454,0.481597223455162,1
63,13,-1,1,1.27303028628083,1.93120417523131,0.606456918679279,1
63,14,1,1,1.40691605022709,2.69550315220454,0.261386276861453,1
63,15,-1,1,1.27303028628083,1.93120417523131,0.224580459460418,1
63,16,1,1,1.40691605022709,2.69550315220454,0.437200296353083,1
63,17,1,1,1.40691605022709,2.69550315220454,1.27788500468007,1
63,18,-1,1,1.27303028628083,1.93120417523131,0.865068077137022,1
63,19,1,1,1.40691605022709,2.69550315220454,0.372013698130469,1
63,20,-1,1,1.27303028628083,1.93120417523131,0.644253175904172,-1
63,21,-1,-1,1.21336817782721,1.37094153798958,0.554915825927915,1
63,22,-1,1,1.27303028628083,1.93120417523131,0.416826001956024,1
63,23,-1,1,1.27303028628083,1.93120417523131,0.540965382523332,1
63,24,-1,1,1.27303028628083,1.93120417523131,0.419915376489991,1
63,25,-1,1,1.27303028628083,1.93120417523131,0.451772909586308,1
63,26,-1,1,1.27303028628083,1.93120417523131,0.535697941863971,1
63,27,-1,1,1.27303028628083,1.93120417523131,0.39008380906518,1
63,28,-1,1,1.27303028628083,1.93120417523131,0.441897902373445,1
63,29,-1,1,1.27303028628083,1.93120417523131,0.355808729268129,-1
63,30,-1,-1,1.21336817782721,1.37094153798958,0.246900624944949,1
63,31,1,1,1.40691605022709,2.69550315220454,0.48793991544663,1
63,32,-1,1,1.27303028628083,1.93120417523131,0.756543196064526,1
63,33,-1,1,1.27303028628083,1.93120417523131,0.504954009852666,1
63,34,1,1,1.40691605022709,2.69550315220454,0.547710444970263,1
63,35,1,1,1.40691605022709,2.69550315220454,0.430273421037717,1
63,36,1,1,1.40691605022709,2.69550315220454,0.378994159523993,1
63,37,-1,1,1.27303028628083,1.93120417523131,0.576528916386331,1
63,38,-1,1,1.27303028628083,1.93120417523131,0.316533617368276,1
63,39,1,1,1.40691605022709,2.69550315220454,0.284031361459439,1
63,40,1,1,1.40691605022709,2.69550315220454,0.833291879339799,1
63,41,1,1,1.40691605022709,2.69550315220454,0.311013499575764,1
63,42,-1,1,1.27303028628083,1.93120417523131,0.946793185308426,1
63,43,-1,1,1.27303028628083,1.93120417523131,0.276570359839686,1
63,44,-1,1,1.27303028628083,1.93120417523131,0.350059122645605,1
63,45,-1,1,1.27303028628083,1.93120417523131,0.808544566579122,1
63,46,1,1,1.40691605022709,2.69550315220454,0.45506033273921,1
63,47,-1,1,1.27303028628083,1.93120417523131,0.302493510350646,-1
63,48,1,-1,1.34097922305307,1.20235113457457,1.41727270798129,-1
63,49,-1,-1,1.21336817782721,1.37094153798958,0.373028189622444,1
63,50,-1,1,1.27303028628083,1.93120417523131,0.217623786232043,1
63,51,-1,1,1.27303028628083,1.93120417523131,0.336679418152284,1
63,52,-1,1,1.27303028628083,1.93120417523131,0.500365590169779,1
63,53,-1,1,1.27303028628083,1.93120417523131,0.307859751396348,1
63,54,1,1,1.40691605022709,2.69550315220454,0.334727156163799,1
63,55,-1,1,1.27303028628083,1.93120417523131,0.390716907135929,-1
63,56,1,-1,1.34097922305307,1.20235113457457,0.332553182111638,1
63,57,1,1,1.40691605022709,2.69550315220454,0.301626799599874,1
63,58,1,1,1.40691605022709,2.69550315220454,0.281234971375726,1
63,59,1,1,1.40691605022709,2.69550315220454,1.23624066553821,1
63,60,1,1,1.40691605022709,2.69550315220454,0.306699985551644,1
63,61,1,1,1.40691605022709,2.69550315220454,0.624283360674369,1
63,62,1,1,1.40691605022709,2.69550315220454,0.406995161389058,1
63,63,-1,1,1.27303028628083,1.93120417523131,0.398590637341079,1
63,64,1,1,1.40691605022709,2.69550315220454,0.398433964168739,1
63,65,-1,1,1.27303028628083,1.93120417523131,0.524456672550662,1
63,66,-1,1,1.27303028628083,1.93120417523131,0.505802686759111,1
63,67,-1,1,1.27303028628083,1.93120417523131,0.398139557029146,1
63,68,-1,1,1.27303028628083,1.93120417523131,0.357447345871669,1
63,69,1,1,1.40691605022709,2.69550315220454,0.45304305330595,1
63,70,1,1,1.40691605022709,2.69550315220454,0.253994075483514,1
63,71,1,1,1.40691605022709,2.69550315220454,0.228678153390752,1
63,72,-1,1,1.27303028628083,1.93120417523131,0.718651506289761,-1
63,73,1,-1,1.34097922305307,1.20235113457457,0.76320074247514,1
63,74,1,1,1.40691605022709,2.69550315220454,0.286461102532171,1
63,75,-1,1,1.27303028628083,1.93120417523131,0.303517343812512,1
63,76,-1,1,1.27303028628083,1.93120417523131,0.31768353329896,1
63,77,-1,1,1.27303028628083,1.93120417523131,0.335840237999045,1
63,78,-1,1,1.27303028628083,1.93120417523131,0.514109785253932,1
63,79,1,1,1.40691605022709,2.69550315220454,0.289694961438549,1
63,80,1,1,1.40691605022709,2.69550315220454,0.321531938188494,1
63,81,1,1,1.40691605022709,2.69550315220454,0.399963660646863,1
63,82,1,1,1.40691605022709,2.69550315220454,0.314718654301478,1
63,83,1,1,1.40691605022709,2.69550315220454,0.547922321368038,1
63,84,1,1,1.40691605022709,2.69550315220454,0.454819710357741,1
63,85,-1,1,1.27303028628083,1.93120417523131,0.295903567050223,1
63,86,-1,1,1.27303028628083,1.93120417523131,0.317137162951263,1
63,87,1,1,1.40691605022709,2.69550315220454,0.56424682456672,1
63,88,1,1,1.40691605022709,2.69550315220454,0.337091331428646,1
63,89,1,1,1.40691605022709,2.69550315220454,0.525353453470875,1
63,90,1,1,1.40691605022709,2.69550315220454,0.367206426189562,1
63,91,1,1,1.40691605022709,2.69550315220454,0.544596207307102,1
63,92,-1,1,1.27303028628083,1.93120417523131,0.455392057278756,1
63,93,1,1,1.40691605022709,2.69550315220454,0.329054395304349,1
63,94,1,1,1.40691605022709,2.69550315220454,0.341791855135698,1
63,95,-1,1,1.27303028628083,1.93120417523131,0.515749503965073,1
63,96,1,1,1.40691605022709,2.69550315220454,0.412290353546671,1
63,97,1,1,1.40691605022709,2.69550315220454,0.33146507968253,1
63,98,1,1,1.40691605022709,2.69550315220454,0.482589999397429,1
63,99,-1,1,1.27303028628083,1.93120417523131,0.85396094598677,1
63,100,-1,1,1.27303028628083,1.93120417523131,0.595065433753719,1
63,101,-1,1,1.27303028628083,1.93120417523131,0.312791983865943,-1
64,2,1,1,2.49967040908762,2.81113134160216,0.498232954367862,1
64,3,-1,1,2.26179531889974,1.80844407957081,0.416529693838046,1
64,4,-1,1,2.26179531889974,1.80844407957081,1.17969279742224,1
64,5,1,1,2.49967040908762,2.81113134160216,0.621113184564729,1
64,6,1,1,2.49967040908762,2.81113134160216,0.826953449541262,1
64,7,-1,1,2.26179531889974,1.80844407957081,1.07124146093049,1
64,8,1,1,2.49967040908762,2.81113134160216,0.560536604762349,1
64,9,1,1,2.49967040908762,2.81113134160216,0.736817080933736,1
64,10,-1,1,2.26179531889974,1.80844407957081,0.96570572532034,1
64,11,1,1,2.49967040908762,2.81113134160216,0.686679311591506,1
64,12,1,1,2.49967040908762,2.81113134160216,0.671669686520747,1
64,13,-1,1,2.26179531889974,1.80844407957081,0.716669577690952,1
64,14,1,1,2.49967040908762,2.81113134160216,0.77201496394476,1
64,15,1,1,2.49967040908762,2.81113134160216,0.558163904767564,1
64,16,1,1,2.49967040908762,2.81113134160216,0.666359584697127,1
64,17,-1,1,2.26179531889974,1.80844407957081,0.616333610670868,1
64,18,-1,1,2.26179531889974,1.80844407957081,0.443974868840398,1
64,19,1,1,2.49967040908762,2.81113134160216,0.341165561756907,1
64,20,-1,1,2.26179531889974,1.80844407957081,0.399524041973021,1
64,21,1,1,2.49967040908762,2.81113134160216,0.451294802955165,1
64,22,-1,1,2.26179531889974,1.80844407957081,0.69049013838681,1
64,23,-1,1,2.26179531889974,1.80844407957081,0.654531032290608,1
64,24,-1,1,2.26179531889974,1.80844407957081,1.47578172489925,1
64,25,1,1,2.49967040908762,2.81113134160216,0.45572350195909,1
64,26,-1,1,2.26179531889974,1.80844407957081,0.656587015973804,1
64,27,-1,1,2.26179531889974,1.80844407957081,0.812743877829779,1
64,28,1,1,2.49967040908762,2.81113134160216,0.551187588384747,1
64,29,-1,1,2.26179531889974,1.80844407957081,0.56382290540406,1
64,30,1,1,2.49967040908762,2.81113134160216,0.528571859632302,1
64,31,-1,1,2.26179531889974,1.80844407957081,0.469992449601808,1
64,32,-1,1,2.26179531889974,1.80844407957081,0.453308917219757,1
64,33,-1,1,2.26179531889974,1.80844407957081,0.918302779241868,1
64,34,1,1,2.49967040908762,2.81113134160216,0.499811340204011,1
64,35,1,1,2.49967040908762,2.81113134160216,0.465532744893577,1
64,36,1,1,2.49967040908762,2.81113134160216,0.695452366628666,1
64,37,-1,1,2.26179531889974,1.80844407957081,0.494966772046046,1
64,38,1,1,2.49967040908762,2.81113134160216,0.552599541867246,1
64,39,1,1,2.49967040908762,2.81113134160216,0.394471130967433,1
64,40,-1,1,2.26179531889974,1.80844407957081,0.476857530813558,1
64,41,-1,1,2.26179531889974,1.80844407957081,0.767562063601624,1
64,42,-1,1,2.26179531889974,1.80844407957081,0.449350272460287,1
64,43,-1,1,2.26179531889974,1.80844407957081,0.512065785788522,1
64,44,-1,1,2.26179531889974,1.80844407957081,0.359684224666111,1
64,45,-1,1,2.26179531889974,1.80844407957081,0.841298894596548,1
64,46,-1,1,2.26179531889974,1.80844407957081,0.902220634378857,1
64,47,1,1,2.49967040908762,2.81113134160216,0.583594893177391,1
64,48,-1,1,2.26179531889974,1.80844407957081,0.621060882075715,1
64,49,-1,1,2.26179531889974,1.80844407957081,0.751301785376186,1
64,50,1,1,2.49967040908762,2.81113134160216,0.537008283689968,1
64,51,1,1,2.49967040908762,2.81113134160216,0.764692778736052,1
64,52,1,1,2.49967040908762,2.81113134160216,0.496919157177148,1
64,53,1,1,2.49967040908762,2.81113134160216,0.876589590898354,1
64,54,1,1,2.49967040908762,2.81113134160216,2.23477643494346,1
64,55,-1,1,2.26179531889974,1.80844407957081,1.15882793594501,1
64,56,-1,1,2.26179531889974,1.80844407957081,2.00277180123159,1
64,57,-1,1,2.26179531889974,1.80844407957081,1.08186600570403,1
64,58,1,1,2.49967040908762,2.81113134160216,0.449003938049253,1
64,59,-1,1,2.26179531889974,1.80844407957081,1.18817537313306,1
64,60,-1,1,2.26179531889974,1.80844407957081,0.46620002562859,1
64,61,1,1,2.49967040908762,2.81113134160216,0.800269352643607,1
64,62,1,1,2.49967040908762,2.81113134160216,0.926248458586003,1
64,63,-1,1,2.26179531889974,1.80844407957081,1.57193611168107,1
64,64,1,1,2.49967040908762,2.81113134160216,0.446678357443269,1
64,65,1,1,2.49967040908762,2.81113134160216,0.561408814667773,1
64,66,-1,1,2.26179531889974,1.80844407957081,1.71061824148584,1
64,67,-1,1,2.26179531889974,1.80844407957081,0.581794188643527,1
64,68,-1,1,2.26179531889974,1.80844407957081,1.24029588071834,1
64,69,-1,1,2.26179531889974,1.80844407957081,0.491099984492586,1
64,70,-1,1,2.26179531889974,1.80844407957081,0.444925090212898,1
64,71,-1,1,2.26179531889974,1.80844407957081,1.1165520485073,1
64,72,-1,1,2.26179531889974,1.80844407957081,0.451967380618499,1
64,73,1,1,2.49967040908762,2.81113134160216,0.51882761501713,1
64,74,1,1,2.49967040908762,2.81113134160216,0.743968144229073,1
64,75,-1,1,2.26179531889974,1.80844407957081,0.669265610186245,1
64,76,1,1,2.49967040908762,2.81113134160216,0.439619413099155,1
64,77,1,1,2.49967040908762,2.81113134160216,0.49913646021447,1
64,78,1,1,2.49967040908762,2.81113134160216,0.406635471023778,1
64,79,-1,1,2.26179531889974,1.80844407957081,1.25542667561821,1
64,80,-1,1,2.26179531889974,1.80844407957081,1.22982995002408,-1
64,81,1,-1,2.38252032345926,0.803077702198633,0.774866726025777,1
64,82,1,1,2.49967040908762,2.81113134160216,1.0302376572744,1
64,83,1,1,2.49967040908762,2.81113134160216,0.59422658291965,1
64,84,1,1,2.49967040908762,2.81113134160216,0.522066365471062,1
64,85,1,1,2.49967040908762,2.81113134160216,0.663170222894294,1
64,86,-1,1,2.26179531889974,1.80844407957081,0.488119626000989,1
64,87,1,1,2.49967040908762,2.81113134160216,1.40332653082108,1
64,88,1,1,2.49967040908762,2.81113134160216,0.530797838723682,1
64,89,-1,1,2.26179531889974,1.80844407957081,0.67829834613708,1
64,90,-1,1,2.26179531889974,1.80844407957081,0.507461061853061,1
64,91,1,1,2.49967040908762,2.81113134160216,0.551489166129525,1
64,92,-1,1,2.26179531889974,1.80844407957081,0.401956876566514,1
64,93,1,1,2.49967040908762,2.81113134160216,0.349723373019099,1
64,94,-1,1,2.26179531889974,1.80844407957081,0.647321091561487,1
64,95,1,1,2.49967040908762,2.81113134160216,0.388998122439095,1
64,96,1,1,2.49967040908762,2.81113134160216,0.457734452434089,1
64,97,1,1,2.49967040908762,2.81113134160216,0.469915248209996,1
64,98,-1,1,2.26179531889974,1.80844407957081,0.765758655931954,1
64,99,-1,1,2.26179531889974,1.80844407957081,0.567529974721362,1
64,100,1,1,2.49967040908762,2.81113134160216,0.797777363450344,1
64,101,1,1,2.49967040908762,2.81113134160216,1.37647591100828,1
65,2,1,1,2.15101860145481,2.73533058462748,0.361805702828541,1
65,3,-1,1,1.94632211748769,1.75019604115188,0.9,1
65,4,-1,1,1.94632211748769,1.75019604115188,0.519626455043795,1
65,5,-1,1,1.94632211748769,1.75019604115188,0.464647087289473,1
65,6,1,1,2.15101860145481,2.73533058462748,0.723704165129745,1
65,7,1,1,2.15101860145481,2.73533058462748,1.10292570898022,1
65,8,1,1,2.15101860145481,2.73533058462748,0.432740384545942,1
65,9,-1,1,1.94632211748769,1.75019604115188,1.25120858308083,1
65,10,-1,1,1.94632211748769,1.75019604115188,0.508010588739495,1
65,11,1,1,2.15101860145481,2.73533058462748,0.475632186200091,1
65,12,-1,1,1.94632211748769,1.75019604115188,1.79589097055894,1
65,13,-1,1,1.94632211748769,1.75019604115188,0.752739699679391,1
65,14,-1,1,1.94632211748769,1.75019604115188,0.427387761645616,1
65,15,1,1,2.15101860145481,2.73533058462748,0.450049223616703,1
65,16,-1,1,1.94632211748769,1.75019604115188,0.802457355984244,1
65,17,-1,1,1.94632211748769,1.75019604115188,0.42423545514759,1
65,18,-1,1,1.94632211748769,1.75019604115188,0.901060951581261,1
65,19,1,1,2.15101860145481,2.73533058462748,0.737390677363735,1
65,20,1,1,2.15101860145481,2.73533058462748,0.599737590142289,1
65,21,1,1,2.15101860145481,2.73533058462748,0.563149696702023,1
65,22,1,1,2.15101860145481,2.73533058462748,0.404726187514117,1
65,23,1,1,2.15101860145481,2.73533058462748,0.453165642924322,1
65,24,-1,1,1.94632211748769,1.75019604115188,0.473230024495913,1
65,25,-1,1,1.94632211748769,1.75019604115188,0.607679152247977,1
65,26,1,1,2.15101860145481,2.73533058462748,0.560661441393007,1
65,27,-1,1,1.94632211748769,1.75019604115188,0.696739722240548,1
65,28,1,1,2.15101860145481,2.73533058462748,0.327388730236361,1
65,29,-1,1,1.94632211748769,1.75019604115188,0.386521760386334,1
65,30,-1,1,1.94632211748769,1.75019604115188,0.78628082080759,1
65,31,-1,1,1.94632211748769,1.75019604115188,0.577785216466292,1
65,32,-1,1,1.94632211748769,1.75019604115188,0.330396792947137,1
65,33,-1,1,1.94632211748769,1.75019604115188,0.946775229924146,1
65,34,-1,1,1.94632211748769,1.75019604115188,0.44709236269938,1
65,35,-1,1,1.94632211748769,1.75019604115188,1.28023419181084,-1
65,36,1,-1,2.05020850567878,1.65583007531272,0.421540759203687,1
65,37,1,1,2.15101860145481,2.73533058462748,0.327375428124352,1
65,38,-1,1,1.94632211748769,1.75019604115188,0.552699252268157,1
65,39,1,1,2.15101860145481,2.73533058462748,0.613503656193879,1
65,40,1,1,2.15101860145481,2.73533058462748,0.569006260212914,1
65,41,-1,1,1.94632211748769,1.75019604115188,0.821883253844455,1
65,42,-1,1,1.94632211748769,1.75019604115188,0.416497734253191,1
65,43,-1,1,1.94632211748769,1.75019604115188,0.543076283652539,1
65,44,1,1,2.15101860145481,2.73533058462748,0.963176447802322,1
65,45,1,1,2.15101860145481,2.73533058462748,0.502242377723,1
65,46,1,1,2.15101860145481,2.73533058462748,0.391776044411169,1
65,47,-1,1,1.94632211748769,1.75019604115188,0.889826560079096,1
65,48,1,1,2.15101860145481,2.73533058462748,0.478543560256805,1
65,49,-1,1,1.94632211748769,1.75019604115188,0.589226147393724,1
65,50,1,1,2.15101860145481,2.73533058462748,0.85458163771808,1
65,51,1,1,2.15101860145481,2.73533058462748,0.742443114368123,1
65,52,-1,1,1.94632211748769,1.75019604115188,0.742771584595364,1
65,53,1,1,2.15101860145481,2.73533058462748,0.441120088401238,1
65,54,1,1,2.15101860145481,2.73533058462748,0.390726646803395,1
65,55,1,1,2.15101860145481,2.73533058462748,0.552802149274822,1
65,56,-1,1,1.94632211748769,1.75019604115188,0.711896485307742,1
65,57,-1,1,1.94632211748769,1.75019604115188,3.14715434798343,1
65,58,1,1,2.15101860145481,2.73533058462748,0.536952452072865,1
65,59,1,1,2.15101860145481,2.73533058462748,0.411571448736144,1
65,60,-1,1,1.94632211748769,1.75019604115188,0.437015491722748,1
65,61,-1,1,1.94632211748769,1.75019604115188,0.481333245634233,1
65,62,1,1,2.15101860145481,2.73533058462748,0.637435617120798,1
65,63,-1,1,1.94632211748769,1.75019604115188,0.299543077128516,1
65,64,1,1,2.15101860145481,2.73533058462748,0.539945130417159,1
65,65,-1,1,1.94632211748769,1.75019604115188,0.504499808285632,1
65,66,-1,1,1.94632211748769,1.75019604115188,0.630613733045616,1
65,67,-1,1,1.94632211748769,1.75019604115188,0.929588095213082,1
65,68,1,1,2.15101860145481,2.73533058462748,0.468673820074524,1
65,69,-1,1,1.94632211748769,1.75019604115188,1.08021054899445,1
65,70,-1,1,1.94632211748769,1.75019604115188,0.435112494070383,1
65,71,1,1,2.15101860145481,2.73533058462748,0.538861595569544,1
65,72,1,1,2.15101860145481,2.73533058462748,1.13276542549629,1
65,73,1,1,2.15101860145481,2.73533058462748,0.652343543081327,1
65,74,-1,1,1.94632211748769,1.75019604115188,0.783809320254079,1
65,75,1,1,2.15101860145481,2.73533058462748,0.928313911166206,1
65,76,-1,1,1.94632211748769,1.75019604115188,0.714671348825754,1
65,77,-1,1,1.94632211748769,1.75019604115188,0.866349953507427,1
65,78,-1,1,1.94632211748769,1.75019604115188,0.87521715547309,1
65,79,-1,1,1.94632211748769,1.75019604115188,0.475003973329256,1
65,80,1,1,2.15101860145481,2.73533058462748,0.454092208246692,1
65,81,-1,1,1.94632211748769,1.75019604115188,0.346173447877774,1
65,82,1,1,2.15101860145481,2.73533058462748,0.908360335294837,1
65,83,1,1,2.15101860145481,2.73533058462748,0.565699541588567,1
65,84,1,1,2.15101860145481,2.73533058462748,0.414613568298833,1
65,85,-1,1,1.94632211748769,1.75019604115188,0.945398607392518,1
65,86,1,1,2.15101860145481,2.73533058462748,0.550359775948742,1
65,87,1,1,2.15101860145481,2.73533058462748,1.20465574114165,1
65,88,1,1,2.15101860145481,2.73533058462748,0.462683894571333,1
65,89,-1,1,1.94632211748769,1.75019604115188,0.689617734400205,1
65,90,1,1,2.15101860145481,2.73533058462748,0.622352204016727,1
65,91,-1,1,1.94632211748769,1.75019604115188,0.564610573691615,1
65,92,1,1,2.15101860145481,2.73533058462748,0.453196109448795,1
65,93,-1,1,1.94632211748769,1.75019604115188,0.660509676937535,1
65,94,1,1,2.15101860145481,2.73533058462748,0.465265528280789,1
65,95,1,1,2.15101860145481,2.73533058462748,0.666469817637909,1
65,96,-1,1,1.94632211748769,1.75019604115188,0.80563890386523,1
65,97,1,1,2.15101860145481,2.73533058462748,0.670028248955164,1
65,98,1,1,2.15101860145481,2.73533058462748,1.00411338001522,1
65,99,1,1,2.15101860145481,2.73533058462748,0.951444442533737,1
65,100,-1,1,1.94632211748769,1.75019604115188,0.390150044496402,1
65,101,1,1,2.15101860145481,2.73533058462748,0.366726516181952,1
66,2,-1,1,1.4594567724087,1.60645267515469,0.379981025302233,-1
66,3,-1,-1,1.39105756056182,0.626630410641671,0.532720777137863,1
66,4,1,1,1.61294918105465,3.38052534330736,0.280447916566022,1
66,5,-1,1,1.4594567724087,1.60645267515469,0.771742129252217,1
66,6,1,1,1.61294918105465,3.38052534330736,0.391706744688301,1
66,7,-1,1,1.4594567724087,1.60645267515469,0.51116625676238,-1
66,8,1,-1,1.53735636130218,1.58639157089628,0.616694916069585,1
66,9,1,1,1.61294918105465,3.38052534330736,0.684566357594256,1
66,10,-1,1,1.4594567724087,1.60645267515469,0.321748203459515,1
66,11,-1,1,1.4594567724087,1.60645267515469,0.236807186009174,1
66,12,1,1,1.61294918105465,3.38052534330736,0.273316841368904,1
66,13,-1,1,1.4594567724087,1.60645267515469,0.266677322429339,1
66,14,1,1,1.61294918105465,3.38052534330736,0.34632579936755,1
66,15,1,1,1.61294918105465,3.38052534330736,0.330700525061253,1
66,16,-1,1,1.4594567724087,1.60645267515469,0.440243150158784,1
66,17,-1,1,1.4594567724087,1.60645267515469,1.49659228569559,-1
66,18,1,-1,1.53735636130218,1.58639157089628,0.378447705286354,1
66,19,1,1,1.61294918105465,3.38052534330736,0.307170915073349,1
66,20,-1,1,1.4594567724087,1.60645267515469,0.554989044022613,1
66,21,1,1,1.61294918105465,3.38052534330736,0.332733843337595,1
66,22,-1,1,1.4594567724087,1.60645267515469,0.441278842788294,1
66,23,1,1,1.61294918105465,3.38052534330736,0.298377717612066,1
66,24,1,1,1.61294918105465,3.38052534330736,0.335269263719734,1
66,25,1,1,1.61294918105465,3.38052534330736,0.284490655980167,1
66,26,1,1,1.61294918105465,3.38052534330736,0.372302985961327,-1
66,27,1,-1,1.53735636130218,1.58639157089628,0.455575512648365,1
66,28,1,1,1.61294918105465,3.38052534330736,0.47289005719408,1
66,29,1,1,1.61294918105465,3.38052534330736,0.243728498213032,1
66,30,1,1,1.61294918105465,3.38052534330736,0.805571265476299,1
66,31,1,1,1.61294918105465,3.38052534330736,0.457412650465415,1
66,32,-1,1,1.4594567724087,1.60645267515469,0.385347272290614,-1
66,33,1,-1,1.53735636130218,1.58639157089628,0.450877037339129,1
66,34,1,1,1.61294918105465,3.38052534330736,0.453524664058929,1
66,35,-1,1,1.4594567724087,1.60645267515469,0.48368351819633,1
66,36,-1,1,1.4594567724087,1.60645267515469,0.274434458342431,1
66,37,-1,1,1.4594567724087,1.60645267515469,0.364292455658848,1
66,38,-1,1,1.4594567724087,1.60645267515469,0.412879186094849,1
66,39,1,1,1.61294918105465,3.38052534330736,0.531056062990717,1
66,40,-1,1,1.4594567724087,1.60645267515469,0.557260204518496,-1
66,41,-1,-1,1.39105756056182,0.626630410641671,0.534207598571275,1
66,42,-1,1,1.4594567724087,1.60645267515469,0.78423853068225,1
66,43,1,1,1.61294918105465,3.38052534330736,0.323812743655745,1
66,44,-1,1,1.4594567724087,1.60645267515469,0.64662251377502,1
66,45,1,1,1.61294918105465,3.38052534330736,0.270225628166653,1
66,46,-1,1,1.4594567724087,1.60645267515469,0.284405377355925,1
66,47,-1,1,1.4594567724087,1.60645267515469,0.243084055713512,1
66,48,-1,1,1.4594567724087,1.60645267515469,0.351158068138133,-1
66,49,1,-1,1.53735636130218,1.58639157089628,0.958806609156983,1
66,50,-1,1,1.4594567724087,1.60645267515469,0.277127733280127,-1
66,51,1,-1,1.53735636130218,1.58639157089628,0.554719924562774,1
66,52,-1,1,1.4594567724087,1.60645267515469,0.354946036682246,1
66,53,-1,1,1.4594567724087,1.60645267515469,0.310712429657375,1
66,54,-1,1,1.4594567724087,1.60645267515469,0.444017430951133,1
66,55,-1,1,1.4594567724087,1.60645267515469,0.773628857637589,1
66,56,1,1,1.61294918105465,3.38052534330736,0.451763142290166,1
66,57,1,1,1.61294918105465,3.38052534330736,0.468676741188654,1
66,58,1,1,1.61294918105465,3.38052534330736,0.222542679375026,1
66,59,-1,1,1.4594567724087,1.60645267515469,0.387722347879113,-1
66,60,-1,-1,1.39105756056182,0.626630410641671,0.325279622088728,-1
66,61,1,-1,1.53735636130218,1.58639157089628,0.5,1
66,62,-1,1,1.4594567724087,1.60645267515469,0.900814258537654,1
66,63,-1,1,1.4594567724087,1.60645267515469,0.929759273217532,-1
66,64,1,-1,1.53735636130218,1.58639157089628,0.419304317363377,1
66,65,1,1,1.61294918105465,3.38052534330736,0.265321918805373,1
66,66,1,1,1.61294918105465,3.38052534330736,0.414587926898573,1
66,67,1,1,1.61294918105465,3.38052534330736,0.324376755805391,1
66,68,-1,1,1.4594567724087,1.60645267515469,0.478744585481367,1
66,69,-1,1,1.4594567724087,1.60645267515469,0.454878840192842,1
66,70,1,1,1.61294918105465,3.38052534330736,0.229763310983251,1
66,71,1,1,1.61294918105465,3.38052534330736,0.314781732536721,1
66,72,1,1,1.61294918105465,3.38052534330736,0.30793702664293,1
66,73,-1,1,1.4594567724087,1.60645267515469,0.310345206701134,1
66,74,-1,1,1.4594567724087,1.60645267515469,0.460531728994033,-1
66,75,1,-1,1.53735636130218,1.58639157089628,0.301381249294667,-1
66,76,-1,-1,1.39105756056182,0.626630410641671,0.605214733798038,-1
66,77,-1,-1,1.39105756056182,0.626630410641671,0.482434289633838,-1
66,78,1,-1,1.53735636130218,1.58639157089628,1.1202918721616,1
66,79,1,1,1.61294918105465,3.38052534330736,0.550450073108829,1
66,80,1,1,1.61294918105465,3.38052534330736,0.404228657992028,1
66,81,-1,1,1.4594567724087,1.60645267515469,0.658868330490073,1
66,82,-1,1,1.4594567724087,1.60645267515469,0.49476980244454,1
66,83,-1,1,1.4594567724087,1.60645267515469,0.601679878577304,1
66,84,1,1,1.61294918105465,3.38052534330736,0.339644223692613,1
66,85,1,1,1.61294918105465,3.38052534330736,0.399513769075807,1
66,86,-1,1,1.4594567724087,1.60645267515469,1.2618354281838,-1
66,87,-1,-1,1.39105756056182,0.626630410641671,0.96151758159032,-1
66,88,1,-1,1.53735636130218,1.58639157089628,0.372113722117216,1
66,89,1,1,1.61294918105465,3.38052534330736,0.414978017319026,1
66,90,-1,1,1.4594567724087,1.60645267515469,0.511801986975276,1
66,91,1,1,1.61294918105465,3.38052534330736,0.902766102194358,1
66,92,1,1,1.61294918105465,3.38052534330736,0.473803370108519,1
66,93,-1,1,1.4594567724087,1.60645267515469,0.885876003652204,1
66,94,-1,1,1.4594567724087,1.60645267515469,0.274561475046903,1
66,95,1,1,1.61294918105465,3.38052534330736,0.436681190976942,1
66,96,-1,1,1.4594567724087,1.60645267515469,0.266892800818586,-1
66,97,1,-1,1.53735636130218,1.58639157089628,0.337277877654004,1
66,98,-1,1,1.4594567724087,1.60645267515469,0.592694145821225,1
66,99,-1,1,1.4594567724087,1.60645267515469,0.340496308552105,1
66,100,1,1,1.61294918105465,3.38052534330736,0.340775301274171,1
66,101,-1,1,1.4594567724087,1.60645267515469,2.71085121134686,1
67,2,1,1,2.36837680369635,3.20389797210043,0.46001760121136,1
67,3,-1,1,2.14299595199286,1.5052328031137,0.430905389520805,1
67,4,-1,1,2.14299595199286,1.5052328031137,2.56586461267228,-1
67,5,1,-1,2.25737995213361,1.52317231661837,1.14311912589452,1
67,6,1,1,2.36837680369635,3.20389797210043,0.448378806437339,1
67,7,-1,1,2.14299595199286,1.5052328031137,1.1317760675894,1
67,8,-1,1,2.14299595199286,1.5052328031137,0.89022163642407,1
67,9,1,1,2.36837680369635,3.20389797210043,0.97929455875303,1
67,10,1,1,2.36837680369635,3.20389797210043,0.555209729575196,1
67,11,-1,1,2.14299595199286,1.5052328031137,0.468449106079083,1
67,12,1,1,2.36837680369635,3.20389797210043,0.679780441429584,1
67,13,-1,1,2.14299595199286,1.5052328031137,0.423881789786134,1
67,14,1,1,2.36837680369635,3.20389797210043,0.647206192040273,1
67,15,1,1,2.36837680369635,3.20389797210043,0.64270909449552,1
67,16,-1,1,2.14299595199286,1.5052328031137,0.601809283196343,1
67,17,1,1,2.36837680369635,3.20389797210043,1.38578625403334,1
67,18,-1,1,2.14299595199286,1.5052328031137,2.03816311073157,1
67,19,-1,1,2.14299595199286,1.5052328031137,0.468713211921024,1
67,20,-1,1,2.14299595199286,1.5052328031137,0.580827971419771,1
67,21,1,1,2.36837680369635,3.20389797210043,0.366546551554924,1
67,22,1,1,2.36837680369635,3.20389797210043,0.646062125986304,1
67,23,1,1,2.36837680369635,3.20389797210043,0.407713191941954,1
67,24,-1,1,2.14299595199286,1.5052328031137,0.735991164306708,1
67,25,1,1,2.36837680369635,3.20389797210043,0.46463212324479,1
67,26,-1,1,2.14299595199286,1.5052328031137,0.915180679939325,1
67,27,-1,1,2.14299595199286,1.5052328031137,0.353249875107149,1
67,28,1,1,2.36837680369635,3.20389797210043,0.548354653798599,1
67,29,-1,1,2.14299595199286,1.5052328031137,0.536834681842242,1
67,30,1,1,2.36837680369635,3.20389797210043,0.317312030570913,1
67,31,-1,1,2.14299595199286,1.5052328031137,1.11822342290357,1
67,32,-1,1,2.14299595199286,1.5052328031137,0.374218565598773,1
67,33,1,1,2.36837680369635,3.20389797210043,0.296324450258073,1
67,34,1,1,2.36837680369635,3.20389797210043,0.532051279071904,1
67,35,-1,1,2.14299595199286,1.5052328031137,0.314524787787655,1
67,36,1,1,2.36837680369635,3.20389797210043,0.784123218224861,1
67,37,-1,1,2.14299595199286,1.5052328031137,1.11442624013273,1
67,38,1,1,2.36837680369635,3.20389797210043,0.580152628921839,1
67,39,1,1,2.36837680369635,3.20389797210043,0.493109739075798,1
67,40,-1,1,2.14299595199286,1.5052328031137,0.988290393424076,1
67,41,1,1,2.36837680369635,3.20389797210043,0.334064633638077,1
67,42,-1,1,2.14299595199286,1.5052328031137,0.675567185129129,1
67,43,-1,1,2.14299595199286,1.5052328031137,1.63151834820225,1
67,44,1,1,2.36837680369635,3.20389797210043,0.591524087929084,1
67,45,-1,1,2.14299595199286,1.5052328031137,0.727557423105955,1
67,46,1,1,2.36837680369635,3.20389797210043,0.44189280831209,1
67,47,-1,1,2.14299595199286,1.5052328031137,0.373520120097684,1
67,48,-1,1,2.14299595199286,1.5052328031137,0.77988231762952,1
67,49,-1,1,2.14299595199286,1.5052328031137,1.50352380492345,1
67,50,1,1,2.36837680369635,3.20389797210043,0.415813683793749,1
67,51,1,1,2.36837680369635,3.20389797210043,0.428129834328706,1
67,52,-1,1,2.14299595199286,1.5052328031137,0.649490799718997,1
67,53,1,1,2.36837680369635,3.20389797210043,0.540034298716479,1
67,54,1,1,2.36837680369635,3.20389797210043,0.600735644437871,1
67,55,-1,1,2.14299595199286,1.5052328031137,0.987041923795509,1
67,56,-1,1,2.14299595199286,1.5052328031137,1.2642138004142,1
67,57,-1,1,2.14299595199286,1.5052328031137,0.487244362762857,1
67,58,1,1,2.36837680369635,3.20389797210043,0.852376472884948,1
67,59,1,1,2.36837680369635,3.20389797210043,0.378330027747759,1
67,60,-1,1,2.14299595199286,1.5052328031137,1.18578968608341,1
67,61,-1,1,2.14299595199286,1.5052328031137,1.90057133231903,1
67,62,-1,1,2.14299595199286,1.5052328031137,0.58759642042677,1
67,63,1,1,2.36837680369635,3.20389797210043,0.755683699763626,1
67,64,1,1,2.36837680369635,3.20389797210043,0.829563455773949,1
67,65,1,1,2.36837680369635,3.20389797210043,0.459862877210833,1
67,66,1,1,2.36837680369635,3.20389797210043,0.359238032506351,1
67,67,-1,1,2.14299595199286,1.5052328031137,0.54171071090823,1
67,68,1,1,2.36837680369635,3.20389797210043,0.748269384613892,1
67,69,1,1,2.36837680369635,3.20389797210043,0.771463540777285,1
67,70,-1,1,2.14299595199286,1.5052328031137,0.607266383858469,1
67,71,-1,1,2.14299595199286,1.5052328031137,0.702172962913932,1
67,72,-1,1,2.14299595199286,1.5052328031137,1.75703004559754,1
67,73,1,1,2.36837680369635,3.20389797210043,0.479887980453579,1
67,74,1,1,2.36837680369635,3.20389797210043,0.529028010201059,1
67,75,1,1,2.36837680369635,3.20389797210043,0.575827620736678,1
67,76,-1,1,2.14299595199286,1.5052328031137,0.550132686148218,1
67,77,1,1,2.36837680369635,3.20389797210043,0.772451585647874,1
67,78,-1,1,2.14299595199286,1.5052328031137,0.427511276560672,1
67,79,1,1,2.36837680369635,3.20389797210043,0.379855584211319,1
67,80,1,1,2.36837680369635,3.20389797210043,0.735914956073561,1
67,81,1,1,2.36837680369635,3.20389797210043,0.357135895092213,1
67,82,-1,1,2.14299595199286,1.5052328031137,3.82667377309737,1
67,83,-1,1,2.14299595199286,1.5052328031137,0.895407861060784,1
67,84,1,1,2.36837680369635,3.20389797210043,0.330592461180569,1
67,85,1,1,2.36837680369635,3.20389797210043,0.456184879389509,1
67,86,-1,1,2.14299595199286,1.5052328031137,1.22345839252203,1
67,87,-1,1,2.14299595199286,1.5052328031137,0.413730324409424,1
67,88,-1,1,2.14299595199286,1.5052328031137,0.94726360335997,1
67,89,-1,1,2.14299595199286,1.5052328031137,0.386997382659537,1
67,90,1,1,2.36837680369635,3.20389797210043,0.848131297874115,1
67,91,-1,1,2.14299595199286,1.5052328031137,0.599015273679329,1
67,92,-1,1,2.14299595199286,1.5052328031137,1.15304833875888,1
67,93,1,1,2.36837680369635,3.20389797210043,0.46626862796074,1
67,94,1,1,2.36837680369635,3.20389797210043,0.421248469089744,1
67,95,-1,1,2.14299595199286,1.5052328031137,1.07439564874869,1
67,96,1,1,2.36837680369635,3.20389797210043,0.535196594582437,1
67,97,-1,1,2.14299595199286,1.5052328031137,1.33191329346793,1
67,98,-1,1,2.14299595199286,1.5052328031137,0.395423344987709,1
67,99,-1,1,2.14299595199286,1.5052328031137,1.38634693703636,1
67,100,1,1,2.36837680369635,3.20389797210043,0.520549321108727,1
67,101,1,1,2.36837680369635,3.20389797210043,0.88861894818206,1
68,2,-1,1,1.84998777424921,0.486885516045566,0.832324162228846,-1
68,3,1,-1,1.94873224534041,2.18647708777015,0.669290909670696,1
68,4,1,1,2.04455268689573,3.64484559914136,0.611698335276843,1
68,5,1,1,2.04455268689573,3.64484559914136,0.53816750164745,1
68,6,1,1,2.04455268689573,3.64484559914136,0.327900639870841,1
68,7,-1,1,1.84998777424921,0.486885516045566,1.18102919705462,-1
68,8,1,-1,1.94873224534041,2.18647708777015,0.330979464222694,1
68,9,-1,1,1.84998777424921,0.486885516045566,0.498698104617018,1
68,10,1,1,2.04455268689573,3.64484559914136,0.42464167124923,1
68,11,1,1,2.04455268689573,3.64484559914136,0.716873718153334,1
68,12,1,1,2.04455268689573,3.64484559914136,0.813877676058974,1
68,13,-1,1,1.84998777424921,0.486885516045566,1.59499152211091,1
68,14,-1,1,1.84998777424921,0.486885516045566,1.14396081363697,1
68,15,1,1,2.04455268689573,3.64484559914136,0.601803349165362,1
68,16,-1,1,1.84998777424921,0.486885516045566,0.640214114137433,1
68,17,-1,1,1.84998777424921,0.486885516045566,0.635527336894382,1
68,18,-1,1,1.84998777424921,0.486885516045566,0.38525950202857,1
68,19,-1,1,1.84998777424921,0.486885516045566,0.614546248551106,-1
68,20,1,-1,1.94873224534041,2.18647708777015,0.78448001839038,1
68,21,-1,1,1.84998777424921,0.486885516045566,0.390416065430235,-1
68,22,-1,-1,1.76328585331723,0.88179179704292,2.49123607798445,-1
68,23,1,-1,1.94873224534041,2.18647708777015,0.315701924881091,1
68,24,1,1,2.04455268689573,3.64484559914136,0.78802082205852,1
68,25,-1,1,1.84998777424921,0.486885516045566,0.534163609998568,1
68,26,-1,1,1.84998777424921,0.486885516045566,3.08477687356457,1
68,27,-1,1,1.84998777424921,0.486885516045566,0.529084965916347,1
68,28,-1,1,1.84998777424921,0.486885516045566,0.818416673823518,1
68,29,1,1,2.04455268689573,3.64484559914136,0.320803775854065,1
68,30,-1,1,1.84998777424921,0.486885516045566,0.665028325812214,1
68,31,-1,1,1.84998777424921,0.486885516045566,1.48572780967931,1
68,32,1,1,2.04455268689573,3.64484559914136,0.363667022748675,1
68,33,-1,1,1.84998777424921,0.486885516045566,0.332098008307517,1
68,34,1,1,2.04455268689573,3.64484559914136,0.424759072739046,1
68,35,1,1,2.04455268689573,3.64484559914136,0.381577079751871,1
68,36,1,1,2.04455268689573,3.64484559914136,0.378486749555062,1
68,37,-1,1,1.84998777424921,0.486885516045566,3.0096155863073,-1
68,38,1,-1,1.94873224534041,2.18647708777015,0.684624628243474,1
68,39,1,1,2.04455268689573,3.64484559914136,0.693471099632286,1
68,40,-1,1,1.84998777424921,0.486885516045566,0.550187920075607,1
68,41,1,1,2.04455268689573,3.64484559914136,0.423267962603514,1
68,42,-1,1,1.84998777424921,0.486885516045566,0.412733270288033,1
68,43,1,1,2.04455268689573,3.64484559914136,0.335505519617764,1
68,44,1,1,2.04455268689573,3.64484559914136,0.3462616416308,1
68,45,1,1,2.04455268689573,3.64484559914136,0.302113547099625,1
68,46,-1,1,1.84998777424921,0.486885516045566,4.41122103202489,-1
68,47,1,-1,1.94873224534041,2.18647708777015,0.6287494537041,1
68,48,-1,1,1.84998777424921,0.486885516045566,0.737542076066391,-1
68,49,1,-1,1.94873224534041,2.18647708777015,0.941183655037365,1
68,50,-1,1,1.84998777424921,0.486885516045566,0.46470814799328,-1
68,51,1,-1,1.94873224534041,2.18647708777015,0.737846002858691,1
68,52,1,1,2.04455268689573,3.64484559914136,0.346836694687663,1
68,53,-1,1,1.84998777424921,0.486885516045566,0.495957643522632,1
68,54,1,1,2.04455268689573,3.64484559914136,0.921766034489929,1
68,55,-1,1,1.84998777424921,0.486885516045566,0.871296170046036,1
68,56,-1,1,1.84998777424921,0.486885516045566,0.842527581124824,-1
68,57,-1,-1,1.76328585331723,0.88179179704292,0.476843171774105,-1
68,58,-1,-1,1.76328585331723,0.88179179704292,4.54407441948574,1
68,59,1,1,2.04455268689573,3.64484559914136,0.405413260162135,1
68,60,-1,1,1.84998777424921,0.486885516045566,0.632888060003917,-1
68,61,-1,-1,1.76328585331723,0.88179179704292,0.994970931054744,1
68,62,-1,1,1.84998777424921,0.486885516045566,0.616173690115892,-1
68,63,1,-1,1.94873224534041,2.18647708777015,0.413631574058493,1
68,64,-1,1,1.84998777424921,0.486885516045566,0.635722049386384,1
68,65,1,1,2.04455268689573,3.64484559914136,0.336970481076513,1
68,66,1,1,2.04455268689573,3.64484559914136,0.377439577715235,1
68,67,1,1,2.04455268689573,3.64484559914136,0.482952426467158,1
68,68,-1,1,1.84998777424921,0.486885516045566,1.22734888884187,1
68,69,-1,1,1.84998777424921,0.486885516045566,0.471730739179903,1
68,70,1,1,2.04455268689573,3.64484559914136,0.355770575387915,1
68,71,-1,1,1.84998777424921,0.486885516045566,3.22804058463955,-1
68,72,1,-1,1.94873224534041,2.18647708777015,0.741539993991333,1
68,73,1,1,2.04455268689573,3.64484559914136,0.614809069803731,1
68,74,-1,1,1.84998777424921,0.486885516045566,0.732979231123433,-1
68,75,-1,-1,1.76328585331723,0.88179179704292,1.90893558766467,1
68,76,-1,1,1.84998777424921,0.486885516045566,0.58033235185829,1
68,77,1,1,2.04455268689573,3.64484559914136,0.329219871016008,1
68,78,-1,1,1.84998777424921,0.486885516045566,1.09913092427916,-1
68,79,-1,-1,1.76328585331723,0.88179179704292,1.89360953385348,-1
68,80,1,-1,1.94873224534041,2.18647708777015,0.824171752620909,1
68,81,1,1,2.04455268689573,3.64484559914136,0.366504906018716,1
68,82,-1,1,1.84998777424921,0.486885516045566,0.609762145069138,-1
68,83,1,-1,1.94873224534041,2.18647708777015,0.432786121497973,1
68,84,1,1,2.04455268689573,3.64484559914136,0.69450634010467,1
68,85,-1,1,1.84998777424921,0.486885516045566,1.4525814747663,1
68,86,-1,1,1.84998777424921,0.486885516045566,0.921496703238321,-1
68,87,-1,-1,1.76328585331723,0.88179179704292,2.80273719414581,1
68,88,1,1,2.04455268689573,3.64484559914136,0.324091149885495,1
68,89,1,1,2.04455268689573,3.64484559914136,0.50069868487909,1
68,90,-1,1,1.84998777424921,0.486885516045566,1.48268098747584,-1
68,91,1,-1,1.94873224534041,2.18647708777015,0.394418457908168,1
68,92,1,1,2.04455268689573,3.64484559914136,0.431881136112584,1
68,93,1,1,2.04455268689573,3.64484559914136,0.475622050746248,1
68,94,-1,1,1.84998777424921,0.486885516045566,0.794429142587345,-1
68,95,1,-1,1.94873224534041,2.18647708777015,0.400899258040111,1
68,96,-1,1,1.84998777424921,0.486885516045566,0.856958946192467,1
68,97,1,1,2.04455268689573,3.64484559914136,0.415072300879617,1
68,98,1,1,2.04455268689573,3.64484559914136,0.516141718226059,1
68,99,-1,1,1.84998777424921,0.486885516045566,0.336445985230489,1
68,100,1,1,2.04455268689573,3.64484559914136,0.48361363341319,1
68,101,-1,1,1.84998777424921,0.486885516045566,0.95202516477166,-1
69,2,1,1,1.56701913447603,4.35838168281711,0.7,1
69,3,1,1,1.56701913447603,4.35838168281711,0.482492179774495,1
69,4,1,1,1.56701913447603,4.35838168281711,0.447073456303642,1
69,5,-1,1,1.41789754765223,0.535406965851315,0.849646573040425,1
69,6,-1,1,1.41789754765223,0.535406965851315,0.46803705189904,-1
69,7,-1,-1,1.35144605928168,-0.138500949603576,0.262942791259048,1
69,8,1,1,1.56701913447603,4.35838168281711,0.397042854243817,1
69,9,1,1,1.56701913447603,4.35838168281711,0.313178884841308,1
69,10,-1,1,1.41789754765223,0.535406965851315,0.36797013715606,1
69,11,-1,1,1.41789754765223,0.535406965851315,0.435460761743463,1
69,12,1,1,1.56701913447603,4.35838168281711,0.432554010296945,1
69,13,1,1,1.56701913447603,4.35838168281711,0.349954592502037,1
69,14,1,1,1.56701913447603,4.35838168281711,0.322925266409504,1
69,15,-1,1,1.41789754765223,0.535406965851315,0.356120435115482,1
69,16,1,1,1.56701913447603,4.35838168281711,0.471990044798049,1
69,17,-1,1,1.41789754765223,0.535406965851315,0.489881034840847,1
69,18,-1,1,1.41789754765223,0.535406965851315,0.459912859835525,1
69,19,-1,1,1.41789754765223,0.535406965851315,0.511187747926811,1
69,20,-1,1,1.41789754765223,0.535406965851315,0.716096306109812,1
69,21,1,1,1.56701913447603,4.35838168281711,0.284195300032715,1
69,22,-1,1,1.41789754765223,0.535406965851315,0.59805455341036,-1
69,23,1,-1,1.49357888206605,2.44471230093515,0.618410881306086,1
69,24,-1,1,1.41789754765223,0.535406965851315,1.04408327764071,1
69,25,-1,1,1.41789754765223,0.535406965851315,0.471611184650741,1
69,26,1,1,1.56701913447603,4.35838168281711,0.421350912314634,1
69,27,1,1,1.56701913447603,4.35838168281711,0.564153857090943,1
69,28,1,1,1.56701913447603,4.35838168281711,0.485875557159835,1
69,29,-1,1,1.41789754765223,0.535406965851315,0.375550787035769,1
69,30,1,1,1.56701913447603,4.35838168281711,0.394800720390917,1
69,31,-1,1,1.41789754765223,0.535406965851315,0.532313946810687,-1
69,32,1,-1,1.49357888206605,2.44471230093515,0.401080848960426,1
69,33,1,1,1.56701913447603,4.35838168281711,0.316612044091256,1
69,34,-1,1,1.41789754765223,0.535406965851315,0.359217233319074,1
69,35,-1,1,1.41789754765223,0.535406965851315,0.342310245249154,1
69,36,1,1,1.56701913447603,4.35838168281711,0.549406108921822,1
69,37,1,1,1.56701913447603,4.35838168281711,0.351892203035495,1
69,38,-1,1,1.41789754765223,0.535406965851315,0.369517954074795,-1
69,39,-1,-1,1.35144605928168,-0.138500949603576,0.466885390021708,-1
69,40,-1,-1,1.35144605928168,-0.138500949603576,0.32446026475043,1
69,41,-1,1,1.41789754765223,0.535406965851315,1.13262434473867,1
69,42,-1,1,1.41789754765223,0.535406965851315,1.08675774330442,1
69,43,-1,1,1.41789754765223,0.535406965851315,0.575706123526472,1
69,44,-1,1,1.41789754765223,0.535406965851315,0.439667703908918,1
69,45,-1,1,1.41789754765223,0.535406965851315,0.737304588894248,-1
69,46,1,-1,1.49357888206605,2.44471230093515,0.478734463647227,1
69,47,1,1,1.56701913447603,4.35838168281711,0.46307967875283,1
69,48,1,1,1.56701913447603,4.35838168281711,0.279889421025531,1
69,49,1,1,1.56701913447603,4.35838168281711,0.342367996946436,1
69,50,-1,1,1.41789754765223,0.535406965851315,0.96940605871179,-1
69,51,-1,-1,1.35144605928168,-0.138500949603576,0.27934538248022,1
69,52,-1,1,1.41789754765223,0.535406965851315,0.393935311138609,1
69,53,1,1,1.56701913447603,4.35838168281711,0.318202581985119,1
69,54,1,1,1.56701913447603,4.35838168281711,0.44802684494771,1
69,55,1,1,1.56701913447603,4.35838168281711,0.364451156697514,1
69,56,-1,1,1.41789754765223,0.535406965851315,0.371269216887678,1
69,57,1,1,1.56701913447603,4.35838168281711,0.40204112065393,1
69,58,-1,1,1.41789754765223,0.535406965851315,1.18840133968092,1
69,59,-1,1,1.41789754765223,0.535406965851315,0.9382212117524,-1
69,60,-1,-1,1.35144605928168,-0.138500949603576,0.729110661999748,-1
69,61,1,-1,1.49357888206605,2.44471230093515,0.412725203351126,1
69,62,1,1,1.56701913447603,4.35838168281711,0.451891266916118,1
69,63,1,1,1.56701913447603,4.35838168281711,0.403681409623685,1
69,64,-1,1,1.41789754765223,0.535406965851315,0.928575449080881,-1
69,65,-1,-1,1.35144605928168,-0.138500949603576,0.450278036381529,1
69,66,1,1,1.56701913447603,4.35838168281711,0.290617970873521,1
69,67,-1,1,1.41789754765223,0.535406965851315,0.33913853981414,-1
69,68,1,-1,1.49357888206605,2.44471230093515,0.518032836448539,1
69,69,1,1,1.56701913447603,4.35838168281711,0.467607906230922,1
69,70,-1,1,1.41789754765223,0.535406965851315,0.373132646798069,1
69,71,1,1,1.56701913447603,4.35838168281711,0.348339497074636,1
69,72,-1,1,1.41789754765223,0.535406965851315,0.421430031385936,1
69,73,-1,1,1.41789754765223,0.535406965851315,0.263647660504659,1
69,74,1,1,1.56701913447603,4.35838168281711,0.326087790197127,1
69,75,1,1,1.56701913447603,4.35838168281711,0.288654607448677,1
69,76,-1,1,1.41789754765223,0.535406965851315,0.388179819474496,1
69,77,1,1,1.56701913447603,4.35838168281711,0.259462554124958,1
69,78,1,1,1.56701913447603,4.35838168281711,0.37586852867288,1
69,79,1,1,1.56701913447603,4.35838168281711,0.297082430975688,1
69,80,-1,1,1.41789754765223,0.535406965851315,0.443453371380062,-1
69,81,-1,-1,1.35144605928168,-0.138500949603576,0.4554451046155,1
69,82,-1,1,1.41789754765223,0.535406965851315,0.557235283944012,-1
69,83,1,-1,1.49357888206605,2.44471230093515,0.428722692568746,1
69,84,-1,1,1.41789754765223,0.535406965851315,0.56323465710648,-1
69,85,1,-1,1.49357888206605,2.44471230093515,0.511445079555868,1
69,86,1,1,1.56701913447603,4.35838168281711,0.421348102170856,1
69,87,-1,1,1.41789754765223,0.535406965851315,0.244679668087469,-1
69,88,1,-1,1.49357888206605,2.44471230093515,0.410501391899907,1
69,89,-1,1,1.41789754765223,0.535406965851315,0.439661864324417,1
69,90,-1,1,1.41789754765223,0.535406965851315,0.738695424941178,-1
69,91,1,-1,1.49357888206605,2.44471230093515,1.0517025349426,1
69,92,-1,1,1.41789754765223,0.535406965851315,0.746932033632071,1
69,93,1,1,1.56701913447603,4.35838168281711,0.291991747382262,1
69,94,1,1,1.56701913447603,4.35838168281711,0.331273762678459,1
69,95,-1,1,1.41789754765223,0.535406965851315,0.708780085621088,-1
69,96,-1,-1,1.35144605928168,-0.138500949603576,1.44219425228914,-1
69,97,1,-1,1.49357888206605,2.44471230093515,0.658562383096346,1
69,98,1,1,1.56701913447603,4.35838168281711,0.67542288452184,1
69,99,1,1,1.56701913447603,4.35838168281711,0.335549925547851,1
69,100,1,1,1.56701913447603,4.35838168281711,0.460914801541317,1
69,101,-1,1,1.41789754765223,0.535406965851315,0.380886163506786,1
70,2,1,1,1.87549369929145,3.77888037574942,0.376034575897532,1
70,3,-1,1,1.69701687640958,0.942066906815949,0.475988031984542,-1
70,4,1,-1,1.78759641224566,1.07187229409502,1.4707922950263,1
70,5,1,1,1.87549369929145,3.77888037574942,0.650066887945473,1
70,6,-1,1,1.69701687640958,0.942066906815949,1.19990481308233,-1
70,7,1,-1,1.78759641224566,1.07187229409502,1.80442202581007,1
70,8,-1,1,1.69701687640958,0.942066906815949,0.430776610831419,1
70,9,-1,1,1.69701687640958,0.942066906815949,0.627582877197413,-1
70,10,-1,-1,1.6174841221467,1.40718042333962,0.593008150700549,1
70,11,-1,1,1.69701687640958,0.942066906815949,0.676920068920638,-1
70,12,-1,-1,1.6174841221467,1.40718042333962,0.84540241152888,1
70,13,1,1,1.87549369929145,3.77888037574942,0.422167239657423,1
70,14,1,1,1.87549369929145,3.77888037574942,0.403262913198512,1
70,15,-1,1,1.69701687640958,0.942066906815949,0.471369511144279,1
70,16,-1,1,1.69701687640958,0.942066906815949,1.02634979924386,1
70,17,1,1,1.87549369929145,3.77888037574942,0.465128151298447,1
70,18,-1,1,1.69701687640958,0.942066906815949,0.739940709402136,1
70,19,-1,1,1.69701687640958,0.942066906815949,0.512662501119395,1
70,20,1,1,1.87549369929145,3.77888037574942,0.676236508328044,1
70,21,-1,1,1.69701687640958,0.942066906815949,0.452975481843827,1
70,22,-1,1,1.69701687640958,0.942066906815949,1.58079127041035,1
70,23,-1,1,1.69701687640958,0.942066906815949,0.99488881243279,-1
70,24,1,-1,1.78759641224566,1.07187229409502,0.664369959867429,1
70,25,1,1,1.87549369929145,3.77888037574942,0.507005574764494,1
70,26,1,1,1.87549369929145,3.77888037574942,0.460098108985228,1
70,27,1,1,1.87549369929145,3.77888037574942,0.692702196970012,1
70,28,1,1,1.87549369929145,3.77888037574942,0.51222948444424,1
70,29,1,1,1.87549369929145,3.77888037574942,0.843582667432029,1
70,30,-1,1,1.69701687640958,0.942066906815949,0.654259033221957,-1
70,31,-1,-1,1.6174841221467,1.40718042333962,0.508998365193745,1
70,32,1,1,1.87549369929145,3.77888037574942,0.539934833602711,1
70,33,1,1,1.87549369929145,3.77888037574942,0.738056499352528,1
70,34,1,1,1.87549369929145,3.77888037574942,0.427189513979082,1
70,35,1,1,1.87549369929145,3.77888037574942,0.624966066372695,1
70,36,-1,1,1.69701687640958,0.942066906815949,0.4325829218275,-1
70,37,1,-1,1.78759641224566,1.07187229409502,2.49782397736154,-1
70,38,-1,-1,1.6174841221467,1.40718042333962,0.54841252281366,1
70,39,1,1,1.87549369929145,3.77888037574942,0.420260748431339,1
70,40,1,1,1.87549369929145,3.77888037574942,0.470117621670524,1
70,41,-1,1,1.69701687640958,0.942066906815949,1.21066160010639,1
70,42,-1,1,1.69701687640958,0.942066906815949,0.972185350508895,1
70,43,-1,1,1.69701687640958,0.942066906815949,0.525694873542695,1
70,44,-1,1,1.69701687640958,0.942066906815949,0.459163762796561,-1
70,45,1,-1,1.78759641224566,1.07187229409502,0.917913296921133,1
70,46,-1,1,1.69701687640958,0.942066906815949,1.30577207299741,1
70,47,-1,1,1.69701687640958,0.942066906815949,1.23196841003731,-1
70,48,1,-1,1.78759641224566,1.07187229409502,0.645231799902123,1
70,49,-1,1,1.69701687640958,0.942066906815949,0.780610218306143,-1
70,50,1,-1,1.78759641224566,1.07187229409502,0.827156572066147,1
70,51,-1,1,1.69701687640958,0.942066906815949,0.705322628025964,1
70,52,1,1,1.87549369929145,3.77888037574942,0.47544135893983,1
70,53,-1,1,1.69701687640958,0.942066906815949,1.3281245087186,1
70,54,-1,1,1.69701687640958,0.942066906815949,0.459147836287308,1
70,55,-1,1,1.69701687640958,0.942066906815949,0.761122751333384,1
70,56,1,1,1.87549369929145,3.77888037574942,0.581916311512767,1
70,57,-1,1,1.69701687640958,0.942066906815949,0.875977015194213,1
70,58,1,1,1.87549369929145,3.77888037574942,0.617311825774507,1
70,59,1,1,1.87549369929145,3.77888037574942,0.428002492439787,1
70,60,-1,1,1.69701687640958,0.942066906815949,0.604606547118308,1
70,61,-1,1,1.69701687640958,0.942066906815949,1.29799604857407,1
70,62,-1,1,1.69701687640958,0.942066906815949,0.617167421318133,1
70,63,-1,1,1.69701687640958,0.942066906815949,0.534079850078946,1
70,64,1,1,1.87549369929145,3.77888037574942,0.449859686834765,1
70,65,1,1,1.87549369929145,3.77888037574942,0.696659313932899,1
70,66,-1,1,1.69701687640958,0.942066906815949,0.713310327984694,1
70,67,-1,1,1.69701687640958,0.942066906815949,1.33016178003841,1
70,68,1,1,1.87549369929145,3.77888037574942,0.407581269951845,1
70,69,1,1,1.87549369929145,3.77888037574942,0.388463324451929,1
70,70,1,1,1.87549369929145,3.77888037574942,0.506593494289211,1
70,71,1,1,1.87549369929145,3.77888037574942,0.432807710841562,1
70,72,1,1,1.87549369929145,3.77888037574942,0.330462325528816,1
70,73,1,1,1.87549369929145,3.77888037574942,0.67553807646737,1
70,74,-1,1,1.69701687640958,0.942066906815949,0.677798468118953,-1
70,75,1,-1,1.78759641224566,1.07187229409502,0.448710362739283,1
70,76,1,1,1.87549369929145,3.77888037574942,0.411136524208789,1
70,77,1,1,1.87549369929145,3.77888037574942,0.441735884150384,1
70,78,1,1,1.87549369929145,3.77888037574942,0.445358213707482,1
70,79,-1,1,1.69701687640958,0.942066906815949,1.39373479975407,1
70,80,-1,1,1.69701687640958,0.942066906815949,0.688445990763981,1
70,81,1,1,1.87549369929145,3.77888037574942,0.416003493058946,1
70,82,1,1,1.87549369929145,3.77888037574942,0.53861571321672,1
70,83,-1,1,1.69701687640958,0.942066906815949,0.806705266384978,1
70,84,-1,1,1.69701687640958,0.942066906815949,0.463561090666944,1
70,85,-1,1,1.69701687640958,0.942066906815949,1.71396295984456,1
70,86,1,1,1.87549369929145,3.77888037574942,0.686019650678117,1
70,87,1,1,1.87549369929145,3.77888037574942,0.458176391093528,1
70,88,-1,1,1.69701687640958,0.942066906815949,0.480487197489492,1
70,89,-1,1,1.69701687640958,0.942066906815949,0.540915687417234,1
70,90,-1,1,1.69701687640958,0.942066906815949,2.22118567675145,1
70,91,1,1,1.87549369929145,3.77888037574942,0.450734413051597,1
70,92,-1,1,1.69701687640958,0.942066906815949,0.474246837887742,1
70,93,1,1,1.87549369929145,3.77888037574942,0.523792431489476,1
70,94,-1,1,1.69701687640958,0.942066906815949,0.811859819389595,-1
70,95,-1,-1,1.6174841221467,1.40718042333962,0.532671632338211,1
70,96,-1,1,1.69701687640958,0.942066906815949,0.952802026543756,-1
70,97,-1,-1,1.6174841221467,1.40718042333962,0.640292486937264,1
70,98,1,1,1.87549369929145,3.77888037574942,0.678525521796658,1
70,99,1,1,1.87549369929145,3.77888037574942,0.455891801630956,1
70,100,1,1,1.87549369929145,3.77888037574942,0.519735523906186,1
70,101,1,1,1.87549369929145,3.77888037574942,0.417497025439002,1
71,2,1,1,2.18043858530054,3.45861098122719,0.453448105380128,1
71,3,-1,1,1.97294241970932,1.04722124656416,1.35589211089545,1
71,4,-1,1,1.97294241970932,1.04722124656416,0.96604472145891,1
71,5,1,1,2.18043858530054,3.45861098122719,0.335073029316598,1
71,6,-1,1,1.97294241970932,1.04722124656416,0.684127367623698,1
71,7,1,1,2.18043858530054,3.45861098122719,1.19826170350016,1
71,8,-1,1,1.97294241970932,1.04722124656416,1.00754624090793,-1
71,9,1,-1,2.07824968629742,1.4779883946397,0.525956698638579,1
71,10,1,1,2.18043858530054,3.45861098122719,0.515841383044828,1
71,11,-1,1,1.97294241970932,1.04722124656416,1.4336412472435,1
71,12,1,1,2.18043858530054,3.45861098122719,0.581928453549573,1
71,13,-1,1,1.97294241970932,1.04722124656416,1.29401127019107,1
71,14,-1,1,1.97294241970932,1.04722124656416,0.452774504580348,1
71,15,-1,1,1.97294241970932,1.04722124656416,1.1207932210264,1
71,16,1,1,2.18043858530054,3.45861098122719,0.493518864552866,1
71,17,1,1,2.18043858530054,3.45861098122719,0.382411188247655,1
71,18,1,1,2.18043858530054,3.45861098122719,0.609705276028646,1
71,19,-1,1,1.97294241970932,1.04722124656416,1.32300727206027,1
71,20,-1,1,1.97294241970932,1.04722124656416,0.951673126651797,-1
71,21,1,-1,2.07824968629742,1.4779883946397,0.533889964817286,1
71,22,-1,1,1.97294241970932,1.04722124656416,0.769362143775319,1
71,23,-1,1,1.97294241970932,1.04722124656416,0.493316810716408,1
71,24,1,1,2.18043858530054,3.45861098122719,0.618653554892051,1
71,25,-1,1,1.97294241970932,1.04722124656416,2.05239250613266,1
71,26,1,1,2.18043858530054,3.45861098122719,0.608202584350061,1
71,27,1,1,2.18043858530054,3.45861098122719,1.18398585249291,1
71,28,1,1,2.18043858530054,3.45861098122719,0.819061856750724,1
71,29,1,1,2.18043858530054,3.45861098122719,0.62609511877581,1
71,30,1,1,2.18043858530054,3.45861098122719,0.394681821282581,1
71,31,-1,1,1.97294241970932,1.04722124656416,1.136564944554,1
71,32,1,1,2.18043858530054,3.45861098122719,0.492721946938136,1
71,33,-1,1,1.97294241970932,1.04722124656416,2.25015381584462,1
71,34,1,1,2.18043858530054,3.45861098122719,0.478463619991203,1
71,35,-1,1,1.97294241970932,1.04722124656416,1.11589301457114,-1
71,36,-1,-1,1.8804780801834,1.21617937756896,0.630575897225329,1
71,37,1,1,2.18043858530054,3.45861098122719,0.56696763168467,1
71,38,1,1,2.18043858530054,3.45861098122719,0.406236147175321,1
71,39,1,1,2.18043858530054,3.45861098122719,0.447671881964113,1
71,40,1,1,2.18043858530054,3.45861098122719,0.682118307763532,1
71,41,1,1,2.18043858530054,3.45861098122719,0.652927605850776,1
71,42,1,1,2.18043858530054,3.45861098122719,0.381196437100845,1
71,43,-1,1,1.97294241970932,1.04722124656416,0.786906545032614,1
71,44,-1,1,1.97294241970932,1.04722124656416,1.10385495997206,1
71,45,-1,1,1.97294241970932,1.04722124656416,0.507355918811814,1
71,46,-1,1,1.97294241970932,1.04722124656416,1.36298780453934,-1
71,47,-1,-1,1.8804780801834,1.21617937756896,1.22012891665642,1
71,48,1,1,2.18043858530054,3.45861098122719,0.362638346871863,1
71,49,1,1,2.18043858530054,3.45861098122719,0.504242973555623,1
71,50,1,1,2.18043858530054,3.45861098122719,0.592045914018169,1
71,51,-1,1,1.97294241970932,1.04722124656416,0.338794848644131,1
71,52,1,1,2.18043858530054,3.45861098122719,0.453323811629285,1
71,53,-1,1,1.97294241970932,1.04722124656416,3.98070798720666,1
71,54,-1,1,1.97294241970932,1.04722124656416,2.18122192418954,1
71,55,1,1,2.18043858530054,3.45861098122719,0.81186852660383,1
71,56,-1,1,1.97294241970932,1.04722124656416,0.507987743516396,1
71,57,1,1,2.18043858530054,3.45861098122719,0.485428061775762,1
71,58,1,1,2.18043858530054,3.45861098122719,0.89297280870391,1
71,59,1,1,2.18043858530054,3.45861098122719,0.544147766001669,1
71,60,-1,1,1.97294241970932,1.04722124656416,1.88569891055304,1
71,61,-1,1,1.97294241970932,1.04722124656416,1.91858699615216,1
71,62,-1,1,1.97294241970932,1.04722124656416,2.1057371938539,1
71,63,-1,1,1.97294241970932,1.04722124656416,0.92494192476089,1
71,64,-1,1,1.97294241970932,1.04722124656416,2.37642061186868,1
71,65,-1,1,1.97294241970932,1.04722124656416,1.29365292172403,-1
71,66,1,-1,2.07824968629742,1.4779883946397,1.13023008013227,1
71,67,1,1,2.18043858530054,3.45861098122719,0.373683620046591,1
71,68,-1,1,1.97294241970932,1.04722124656416,0.705505483752509,1
71,69,-1,1,1.97294241970932,1.04722124656416,0.602788777356132,1
71,70,1,1,2.18043858530054,3.45861098122719,0.458088560102345,1
71,71,1,1,2.18043858530054,3.45861098122719,0.579134453431885,1
71,72,-1,1,1.97294241970932,1.04722124656416,0.711008683187961,1
71,73,1,1,2.18043858530054,3.45861098122719,0.580497476727812,1
71,74,1,1,2.18043858530054,3.45861098122719,0.489262886898162,1
71,75,-1,1,1.97294241970932,1.04722124656416,1.26950289639674,-1
71,76,-1,-1,1.8804780801834,1.21617937756896,1.19294596405807,1
71,77,-1,1,1.97294241970932,1.04722124656416,1.12024828085964,1
71,78,1,1,2.18043858530054,3.45861098122719,0.417677825736524,1
71,79,1,1,2.18043858530054,3.45861098122719,0.550595487644787,1
71,80,1,1,2.18043858530054,3.45861098122719,0.748636073357136,1
71,81,1,1,2.18043858530054,3.45861098122719,0.65071761601523,1
71,82,-1,1,1.97294241970932,1.04722124656416,0.52865007623656,1
71,83,1,1,2.18043858530054,3.45861098122719,0.501469405930308,1
71,84,1,1,2.18043858530054,3.45861098122719,0.445902955298199,1
71,85,-1,1,1.97294241970932,1.04722124656416,1.15209579746628,1
71,86,1,1,2.18043858530054,3.45861098122719,0.545107128620268,1
71,87,-1,1,1.97294241970932,1.04722124656416,0.722916770953395,1
71,88,-1,1,1.97294241970932,1.04722124656416,0.539729202427607,1
71,89,-1,1,1.97294241970932,1.04722124656416,0.611486241238987,1
71,90,1,1,2.18043858530054,3.45861098122719,0.573520405543628,1
71,91,1,1,2.18043858530054,3.45861098122719,1.14219428743894,1
71,92,-1,1,1.97294241970932,1.04722124656416,1.13872513513347,-1
71,93,-1,-1,1.8804780801834,1.21617937756896,0.478137540929998,1
71,94,-1,1,1.97294241970932,1.04722124656416,0.419604439621217,1
71,95,1,1,2.18043858530054,3.45861098122719,0.65740324967836,1
71,96,-1,1,1.97294241970932,1.04722124656416,0.421247633931815,1
71,97,-1,1,1.97294241970932,1.04722124656416,2.16594094975955,-1
71,98,-1,-1,1.8804780801834,1.21617937756896,2.0463948549562,1
71,99,1,1,2.18043858530054,3.45861098122719,0.456156834294714,1
71,100,-1,1,1.97294241970932,1.04722124656416,1.08731501378059,1
71,101,1,1,2.18043858530054,3.45861098122719,0.618830333146038,1
72,2,1,1,1.6038371252407,3.02409090268456,0.503682807976088,1
72,3,1,1,1.6038371252407,3.02409090268456,0.465242396087919,1
72,4,-1,1,1.45121184335301,1.33534804872489,0.797217898275608,-1
72,5,-1,-1,1.38319904010678,1.63421974727897,0.391868259921478,1
72,6,-1,1,1.45121184335301,1.33534804872489,0.379221982139588,1
72,7,1,1,1.6038371252407,3.02409090268456,0.581415752894474,1
72,8,-1,1,1.45121184335301,1.33534804872489,0.550030179751963,1
72,9,-1,1,1.45121184335301,1.33534804872489,1.04373580070166,1
72,10,-1,1,1.45121184335301,1.33534804872489,0.427827660601489,1
72,11,1,1,1.6038371252407,3.02409090268456,0.600772044878637,1
72,12,-1,1,1.45121184335301,1.33534804872489,0.502117208245728,1
72,13,1,1,1.6038371252407,3.02409090268456,0.318766584020076,1
72,14,1,1,1.6038371252407,3.02409090268456,0.604153691459804,1
72,15,1,1,1.6038371252407,3.02409090268456,0.500643970118516,1
72,16,-1,1,1.45121184335301,1.33534804872489,0.512335827443714,1
72,17,1,1,1.6038371252407,3.02409090268456,0.490763730013853,1
72,18,-1,1,1.45121184335301,1.33534804872489,0.515718438444343,1
72,19,-1,1,1.45121184335301,1.33534804872489,0.960065782698851,-1
72,20,1,-1,1.52867135303616,1.20634130131158,0.631457760841002,1
72,21,-1,1,1.45121184335301,1.33534804872489,0.310257885716488,1
72,22,-1,1,1.45121184335301,1.33534804872489,0.577163715656016,1
72,23,1,1,1.6038371252407,3.02409090268456,0.285476469824207,1
72,24,-1,1,1.45121184335301,1.33534804872489,0.860369494361278,1
72,25,1,1,1.6038371252407,3.02409090268456,0.511079260082767,1
72,26,1,1,1.6038371252407,3.02409090268456,0.442063989598643,1
72,27,-1,1,1.45121184335301,1.33534804872489,0.714891313527888,1
72,28,-1,1,1.45121184335301,1.33534804872489,0.86266018447248,1
72,29,-1,1,1.45121184335301,1.33534804872489,0.362711830875959,1
72,30,1,1,1.6038371252407,3.02409090268456,0.420992692891988,1
72,31,1,1,1.6038371252407,3.02409090268456,0.571826848883615,1
72,32,-1,1,1.45121184335301,1.33534804872489,1.19196015248921,1
72,33,1,1,1.6038371252407,3.02409090268456,0.667334462307255,1
72,34,1,1,1.6038371252407,3.02409090268456,0.504862355771693,1
72,35,1,1,1.6038371252407,3.02409090268456,0.395184641287283,1
72,36,1,1,1.6038371252407,3.02409090268456,0.492177886685513,1
72,37,1,1,1.6038371252407,3.02409090268456,0.323123242428176,1
72,38,-1,1,1.45121184335301,1.33534804872489,0.609094888564888,1
72,39,-1,1,1.45121184335301,1.33534804872489,1.13945480247881,1
72,40,-1,1,1.45121184335301,1.33534804872489,0.395838815845343,1
72,41,1,1,1.6038371252407,3.02409090268456,0.403356959855192,1
72,42,-1,1,1.45121184335301,1.33534804872489,0.305255694244828,1
72,43,-1,1,1.45121184335301,1.33534804872489,0.36081635524455,-1
72,44,1,-1,1.52867135303616,1.20634130131158,0.914738139018694,1
72,45,1,1,1.6038371252407,3.02409090268456,0.595465803155836,1
72,46,1,1,1.6038371252407,3.02409090268456,0.304362397548763,1
72,47,1,1,1.6038371252407,3.02409090268456,0.505707261142073,1
72,48,-1,1,1.45121184335301,1.33534804872489,0.813718451167178,1
72,49,1,1,1.6038371252407,3.02409090268456,0.474219092684155,1
72,50,1,1,1.6038371252407,3.02409090268456,0.382112306534783,1
72,51,1,1,1.6038371252407,3.02409090268456,0.443710804400318,1
72,52,1,1,1.6038371252407,3.02409090268456,0.460950095971824,1
72,53,1,1,1.6038371252407,3.02409090268456,1.19570004320257,1
72,54,-1,1,1.45121184335301,1.33534804872489,1.26729229602453,-1
72,55,-1,-1,1.38319904010678,1.63421974727897,0.715680205407865,1
72,56,1,1,1.6038371252407,3.02409090268456,0.397615267513682,1
72,57,-1,1,1.45121184335301,1.33534804872489,0.489683673004006,1
72,58,1,1,1.6038371252407,3.02409090268456,0.410975294165242,1
72,59,1,1,1.6038371252407,3.02409090268456,0.589612298120991,1
72,60,-1,1,1.45121184335301,1.33534804872489,0.442814985995608,1
72,61,-1,1,1.45121184335301,1.33534804872489,0.434025973681433,-1
72,62,-1,-1,1.38319904010678,1.63421974727897,0.630904331845319,1
72,63,1,1,1.6038371252407,3.02409090268456,0.464966683318673,1
72,64,1,1,1.6038371252407,3.02409090268456,0.367606195310717,1
72,65,-1,1,1.45121184335301,1.33534804872489,0.458688772987788,1
72,66,1,1,1.6038371252407,3.02409090268456,0.693639041452839,1
72,67,1,1,1.6038371252407,3.02409090268456,0.528606203061092,1
72,68,-1,1,1.45121184335301,1.33534804872489,0.656336361992889,1
72,69,-1,1,1.45121184335301,1.33534804872489,0.453764194079044,1
72,70,-1,1,1.45121184335301,1.33534804872489,0.548107979762649,1
72,71,1,1,1.6038371252407,3.02409090268456,0.390916473004873,1
72,72,-1,1,1.45121184335301,1.33534804872489,0.436741236455634,1
72,73,1,1,1.6038371252407,3.02409090268456,0.383535486323842,1
72,74,1,1,1.6038371252407,3.02409090268456,0.562434514869813,1
72,75,-1,1,1.45121184335301,1.33534804872489,0.368968079046521,1
72,76,1,1,1.6038371252407,3.02409090268456,0.439801690585293,1
72,77,-1,1,1.45121184335301,1.33534804872489,0.299698621372243,1
72,78,-1,1,1.45121184335301,1.33534804872489,0.246871143815532,1
72,79,-1,1,1.45121184335301,1.33534804872489,0.579363806376955,1
72,80,-1,1,1.45121184335301,1.33534804872489,1.10700186945704,1
72,81,-1,1,1.45121184335301,1.33534804872489,0.433967687798149,1
72,82,-1,1,1.45121184335301,1.33534804872489,0.610136447248024,1
72,83,-1,1,1.45121184335301,1.33534804872489,0.511974780463363,1
72,84,-1,1,1.45121184335301,1.33534804872489,0.476667607228533,1
72,85,1,1,1.6038371252407,3.02409090268456,0.398268005594767,1
72,86,1,1,1.6038371252407,3.02409090268456,0.400798471595032,1
72,87,1,1,1.6038371252407,3.02409090268456,0.408582508793357,1
72,88,1,1,1.6038371252407,3.02409090268456,0.394711878338935,1
72,89,-1,1,1.45121184335301,1.33534804872489,0.753562603833014,-1
72,90,1,-1,1.52867135303616,1.20634130131158,0.656900693091981,1
72,91,-1,1,1.45121184335301,1.33534804872489,0.839308655049571,1
72,92,-1,1,1.45121184335301,1.33534804872489,0.346522726988362,1
72,93,1,1,1.6038371252407,3.02409090268456,0.323293279105834,1
72,94,-1,1,1.45121184335301,1.33534804872489,0.423731575196392,1
72,95,1,1,1.6038371252407,3.02409090268456,1.02231605811557,1
72,96,-1,1,1.45121184335301,1.33534804872489,0.865146375368519,1
72,97,1,1,1.6038371252407,3.02409090268456,0.648114712462926,1
72,98,-1,1,1.45121184335301,1.33534804872489,0.531659461897881,1
72,99,-1,1,1.45121184335301,1.33534804872489,0.358027756179377,1
72,100,1,1,1.6038371252407,3.02409090268456,1.11058768377706,1
72,101,1,1,1.6038371252407,3.02409090268456,0.489087994527761,1
73,2,-1,1,2.01629355975813,2.30134270747021,0.733274904066791,1
73,3,-1,1,2.01629355975813,2.30134270747021,0.812278413199234,1
73,4,1,1,2.22834900454791,2.04539636346263,0.817164765668253,1
73,5,-1,1,2.01629355975813,2.30134270747021,0.586285260355009,1
73,6,-1,1,2.01629355975813,2.30134270747021,0.840688029881392,1
73,7,1,1,2.22834900454791,2.04539636346263,0.509474717021694,1
73,8,1,1,2.22834900454791,2.04539636346263,0.471250189523122,1
73,9,1,1,2.22834900454791,2.04539636346263,0.766728779930477,1
73,10,-1,1,2.01629355975813,2.30134270747021,0.601754291609713,1
73,11,1,1,2.22834900454791,2.04539636346263,0.44415002203475,1
73,12,-1,1,2.01629355975813,2.30134270747021,0.494233880840959,1
73,13,-1,1,2.01629355975813,2.30134270747021,1.10535489450451,1
73,14,1,1,2.22834900454791,2.04539636346263,0.519268719463556,1
73,15,-1,1,2.01629355975813,2.30134270747021,0.469882571641598,1
73,16,1,1,2.22834900454791,2.04539636346263,1.58297163362853,1
73,17,-1,1,2.01629355975813,2.30134270747021,0.424677991054733,1
73,18,1,1,2.22834900454791,2.04539636346263,0.673934210961331,-1
73,19,1,-1,2.12391472563513,1.26754848687891,0.648927249479185,1
73,20,1,1,2.22834900454791,2.04539636346263,0.976207738954745,1
73,21,-1,1,2.01629355975813,2.30134270747021,0.43837624268593,1
73,22,-1,1,2.01629355975813,2.30134270747021,0.579994836687497,1
73,23,-1,1,2.01629355975813,2.30134270747021,0.905697315089913,1
73,24,1,1,2.22834900454791,2.04539636346263,0.83997265722912,1
73,25,1,1,2.22834900454791,2.04539636346263,0.903125684128445,1
73,26,1,1,2.22834900454791,2.04539636346263,0.513677501306254,1
73,27,1,1,2.22834900454791,2.04539636346263,1.00359392253187,1
73,28,-1,1,2.01629355975813,2.30134270747021,0.741066473158507,1
73,29,-1,1,2.01629355975813,2.30134270747021,0.73212153577377,1
73,30,1,1,2.22834900454791,2.04539636346263,0.688374431914546,1
73,31,1,1,2.22834900454791,2.04539636346263,0.477706735941324,1
73,32,-1,1,2.01629355975813,2.30134270747021,0.632492646067732,1
73,33,1,1,2.22834900454791,2.04539636346263,1.19467049365794,1
73,34,1,1,2.22834900454791,2.04539636346263,0.425308530887735,1
73,35,-1,1,2.01629355975813,2.30134270747021,0.530420147509524,1
73,36,-1,1,2.01629355975813,2.30134270747021,0.572265520062539,1
73,37,-1,1,2.01629355975813,2.30134270747021,0.561021773625873,1
73,38,1,1,2.22834900454791,2.04539636346263,0.53289425908757,1
73,39,-1,1,2.01629355975813,2.30134270747021,0.9516793444933,1
73,40,1,1,2.22834900454791,2.04539636346263,0.885755054005701,1
73,41,1,1,2.22834900454791,2.04539636346263,0.511801037002294,1
73,42,-1,1,2.01629355975813,2.30134270747021,0.495654034247684,1
73,43,1,1,2.22834900454791,2.04539636346263,1.08684321875061,1
73,44,-1,1,2.01629355975813,2.30134270747021,0.522425703556222,1
73,45,1,1,2.22834900454791,2.04539636346263,0.404862933490026,1
73,46,-1,1,2.01629355975813,2.30134270747021,0.638937845634639,1
73,47,1,1,2.22834900454791,2.04539636346263,0.923186025807956,1
73,48,-1,1,2.01629355975813,2.30134270747021,0.382081882675245,1
73,49,1,1,2.22834900454791,2.04539636346263,2.21332448516899,1
73,50,1,1,2.22834900454791,2.04539636346263,0.401049133739546,1
73,51,1,1,2.22834900454791,2.04539636346263,0.464868227531519,1
73,52,-1,1,2.01629355975813,2.30134270747021,0.383861607466716,1
73,53,-1,1,2.01629355975813,2.30134270747021,0.55875510909579,1
73,54,1,1,2.22834900454791,2.04539636346263,0.491769112893408,1
73,55,-1,1,2.01629355975813,2.30134270747021,0.465630778296472,1
73,56,1,1,2.22834900454791,2.04539636346263,0.539771452052684,1
73,57,-1,1,2.01629355975813,2.30134270747021,0.497798575198168,1
73,58,-1,1,2.01629355975813,2.30134270747021,0.558587492554294,1
73,59,-1,1,2.01629355975813,2.30134270747021,0.447729128083318,1
73,60,1,1,2.22834900454791,2.04539636346263,0.703182270649788,1
73,61,1,1,2.22834900454791,2.04539636346263,0.503044562510233,1
73,62,1,1,2.22834900454791,2.04539636346263,0.475221351612289,1
73,63,1,1,2.22834900454791,2.04539636346263,0.499113813015678,1
73,64,-1,1,2.01629355975813,2.30134270747021,0.455705140350517,1
73,65,-1,1,2.01629355975813,2.30134270747021,0.385074177561722,1
73,66,1,1,2.22834900454791,2.04539636346263,0.725876191813723,1
73,67,1,1,2.22834900454791,2.04539636346263,1.4647224477938,1
73,68,-1,1,2.01629355975813,2.30134270747021,0.675916031862153,1
73,69,-1,1,2.01629355975813,2.30134270747021,0.626936385929199,1
73,70,-1,1,2.01629355975813,2.30134270747021,0.446110137475262,1
73,71,1,1,2.22834900454791,2.04539636346263,0.530140190874603,1
73,72,1,1,2.22834900454791,2.04539636346263,1.42008435781905,1
73,73,1,1,2.22834900454791,2.04539636346263,0.926466936014204,1
73,74,-1,1,2.01629355975813,2.30134270747021,0.448364304511918,1
73,75,-1,1,2.01629355975813,2.30134270747021,0.818081546917673,1
73,76,-1,1,2.01629355975813,2.30134270747021,0.688909977019068,1
73,77,-1,1,2.01629355975813,2.30134270747021,0.9090125649663,1
73,78,1,1,2.22834900454791,2.04539636346263,0.476748424080078,1
73,79,-1,1,2.01629355975813,2.30134270747021,0.396036048650547,1
73,80,-1,1,2.01629355975813,2.30134270747021,0.892360587338103,1
73,81,-1,1,2.01629355975813,2.30134270747021,0.503244727982316,1
73,82,1,1,2.22834900454791,2.04539636346263,0.344191335596292,1
73,83,1,1,2.22834900454791,2.04539636346263,0.846064008085755,1
73,84,-1,1,2.01629355975813,2.30134270747021,0.38648870608435,1
73,85,-1,1,2.01629355975813,2.30134270747021,0.659451975677846,1
73,86,-1,1,2.01629355975813,2.30134270747021,0.506926812925309,1
73,87,1,1,2.22834900454791,2.04539636346263,0.905703390942036,1
73,88,1,1,2.22834900454791,2.04539636346263,0.833968486016137,1
73,89,-1,1,2.01629355975813,2.30134270747021,0.856035194294641,1
73,90,-1,1,2.01629355975813,2.30134270747021,1.06002521448529,1
73,91,-1,1,2.01629355975813,2.30134270747021,0.588905940552995,1
73,92,1,1,2.22834900454791,2.04539636346263,0.388803657616308,1
73,93,1,1,2.22834900454791,2.04539636346263,0.387043292315695,1
73,94,-1,1,2.01629355975813,2.30134270747021,1.5417546745161,1
73,95,1,1,2.22834900454791,2.04539636346263,0.563279183803432,1
73,96,1,1,2.22834900454791,2.04539636346263,0.587305991419051,1
73,97,1,1,2.22834900454791,2.04539636346263,0.394186659755465,1
73,98,-1,1,2.01629355975813,2.30134270747021,1.02406207314092,1
73,99,1,1,2.22834900454791,2.04539636346263,0.806059082727835,1
73,100,1,1,2.22834900454791,2.04539636346263,0.589046003608674,1
73,101,-1,1,2.01629355975813,2.30134270747021,0.539041098088163,1
74,2,-1,1,1.77667809224279,1.07061769585214,0.490089492680527,1
74,3,1,1,1.96353295832886,4.11530020793816,0.520248838739685,1
74,4,-1,1,1.77667809224279,1.07061769585214,1.1454659075932,1
74,5,1,1,1.96353295832886,4.11530020793816,0.397384125691242,1
74,6,-1,1,1.77667809224279,1.07061769585214,0.372280004747415,1
74,7,1,1,1.96353295832886,4.11530020793816,0.369201629388931,1
74,8,1,1,1.96353295832886,4.11530020793816,0.536394720923332,1
74,9,1,1,1.96353295832886,4.11530020793816,0.35886748623147,1
74,10,-1,1,1.77667809224279,1.07061769585214,0.87076253581292,1
74,11,-1,1,1.77667809224279,1.07061769585214,1.18602607771553,1
74,12,1,1,1.96353295832886,4.11530020793816,0.536073259568992,1
74,13,1,1,1.96353295832886,4.11530020793816,0.383547319268268,1
74,14,1,1,1.96353295832886,4.11530020793816,0.322688805993379,1
74,15,1,1,1.96353295832886,4.11530020793816,0.384944176138451,1
74,16,1,1,1.96353295832886,4.11530020793816,0.479778048456956,1
74,17,1,1,1.96353295832886,4.11530020793816,0.413908838840159,1
74,18,-1,1,1.77667809224279,1.07061769585214,0.431061382959237,1
74,19,1,1,1.96353295832886,4.11530020793816,0.520013582162792,1
74,20,1,1,1.96353295832886,4.11530020793816,0.345557909940612,1
74,21,-1,1,1.77667809224279,1.07061769585214,0.75561907739198,1
74,22,1,1,1.96353295832886,4.11530020793816,0.362672385234598,1
74,23,1,1,1.96353295832886,4.11530020793816,0.605060527557274,1
74,24,1,1,1.96353295832886,4.11530020793816,0.370332474483404,1
74,25,-1,1,1.77667809224279,1.07061769585214,0.793967792889283,1
74,26,-1,1,1.77667809224279,1.07061769585214,0.711599084813701,-1
74,27,-1,-1,1.69341191847701,-0.336727894730365,0.560395717616668,1
74,28,1,1,1.96353295832886,4.11530020793816,0.281948216720869,1
74,29,-1,1,1.77667809224279,1.07061769585214,0.937620083690893,1
74,30,1,1,1.96353295832886,4.11530020793816,0.779141099546757,1
74,31,-1,1,1.77667809224279,1.07061769585214,0.526431228227096,-1
74,32,1,-1,1.87150960462348,2.35080999094006,1.18101331201402,1
74,33,-1,1,1.77667809224279,1.07061769585214,0.601209254484084,1
74,34,1,1,1.96353295832886,4.11530020793816,0.52734021520113,1
74,35,1,1,1.96353295832886,4.11530020793816,0.340075061738637,1
74,36,1,1,1.96353295832886,4.11530020793816,0.292680368983412,1
74,37,-1,1,1.77667809224279,1.07061769585214,1.30620935219959,1
74,38,1,1,1.96353295832886,4.11530020793816,0.296772777356908,1
74,39,-1,1,1.77667809224279,1.07061769585214,1.21072432323318,1
74,40,1,1,1.96353295832886,4.11530020793816,0.573863972134239,1
74,41,-1,1,1.77667809224279,1.07061769585214,0.766771920610165,-1
74,42,-1,-1,1.69341191847701,-0.336727894730365,0.794475905047366,1
74,43,-1,1,1.77667809224279,1.07061769585214,1.29773859834297,1
74,44,1,1,1.96353295832886,4.11530020793816,0.344944176968615,1
74,45,1,1,1.96353295832886,4.11530020793816,0.373996420496592,1
74,46,-1,1,1.77667809224279,1.07061769585214,0.50463965793926,1
74,47,-1,1,1.77667809224279,1.07061769585214,0.398456465656254,1
74,48,-1,1,1.77667809224279,1.07061769585214,0.418755702943751,1
74,49,-1,1,1.77667809224279,1.07061769585214,0.51177472848456,1
74,50,-1,1,1.77667809224279,1.07061769585214,0.371532047398385,-1
74,51,-1,-1,1.69341191847701,-0.336727894730365,0.491486326900931,-1
74,52,1,-1,1.87150960462348,2.35080999094006,0.436673202740533,1
74,53,-1,1,1.77667809224279,1.07061769585214,0.396846236248115,1
74,54,1,1,1.96353295832886,4.11530020793816,0.535436625634901,1
74,55,-1,1,1.77667809224279,1.07061769585214,0.473138978776092,1
74,56,1,1,1.96353295832886,4.11530020793816,0.358431582311043,1
74,57,1,1,1.96353295832886,4.11530020793816,0.752086653543832,1
74,58,-1,1,1.77667809224279,1.07061769585214,1.92636135397526,1
74,59,-1,1,1.77667809224279,1.07061769585214,1.18988107045452,1
74,60,-1,1,1.77667809224279,1.07061769585214,0.671528252479332,1
74,61,1,1,1.96353295832886,4.11530020793816,0.414309153108616,1
74,62,1,1,1.96353295832886,4.11530020793816,0.681384721053249,1
74,63,1,1,1.96353295832886,4.11530020793816,0.509127061014264,1
74,64,-1,1,1.77667809224279,1.07061769585214,1.08955713201827,1
74,65,-1,1,1.77667809224279,1.07061769585214,0.335458640674375,1
74,66,1,1,1.96353295832886,4.11530020793816,0.469163022019652,1
74,67,-1,1,1.77667809224279,1.07061769585214,0.667713689401548,1
74,68,1,1,1.96353295832886,4.11530020793816,0.615944614144887,1
74,69,-1,1,1.77667809224279,1.07061769585214,0.545006879979675,1
74,70,-1,1,1.77667809224279,1.07061769585214,0.512263445228958,1
74,71,1,1,1.96353295832886,4.11530020793816,0.469900992509041,1
74,72,-1,1,1.77667809224279,1.07061769585214,0.43877573741996,1
74,73,-1,1,1.77667809224279,1.07061769585214,0.667389640846508,1
74,74,-1,1,1.77667809224279,1.07061769585214,0.522330110302201,1
74,75,1,1,1.96353295832886,4.11530020793816,0.730950096086406,-1
74,76,-1,-1,1.69341191847701,-0.336727894730365,2.27028843231566,1
74,77,-1,1,1.77667809224279,1.07061769585214,0.863436440683066,1
74,78,1,1,1.96353295832886,4.11530020793816,0.456747132234683,1
74,79,-1,1,1.77667809224279,1.07061769585214,0.938044735931462,-1
74,80,-1,-1,1.69341191847701,-0.336727894730365,0.647823617635981,-1
74,81,-1,-1,1.69341191847701,-0.336727894730365,0.840818924995815,-1
74,82,1,-1,1.87150960462348,2.35080999094006,0.855132588114406,1
74,83,-1,1,1.77667809224279,1.07061769585214,0.445242485342154,1
74,84,-1,1,1.77667809224279,1.07061769585214,0.613192281004103,1
74,85,1,1,1.96353295832886,4.11530020793816,0.410915643646938,1
74,86,1,1,1.96353295832886,4.11530020793816,0.312430078331714,1
74,87,1,1,1.96353295832886,4.11530020793816,0.361423864223276,1
74,88,-1,1,1.77667809224279,1.07061769585214,1.13942554634134,1
74,89,1,1,1.96353295832886,4.11530020793816,0.396364532217756,1
74,90,-1,1,1.77667809224279,1.07061769585214,1.04429724136169,1
74,91,1,1,1.96353295832886,4.11530020793816,0.605844939003993,1
74,92,1,1,1.96353295832886,4.11530020793816,0.835323782017302,1
74,93,1,1,1.96353295832886,4.11530020793816,0.574862359880107,1
74,94,1,1,1.96353295832886,4.11530020793816,0.569897243907834,1
74,95,1,1,1.96353295832886,4.11530020793816,0.328056665233625,1
74,96,-1,1,1.77667809224279,1.07061769585214,0.554574247386711,1
74,97,1,1,1.96353295832886,4.11530020793816,0.408813452521776,1
74,98,-1,1,1.77667809224279,1.07061769585214,2.46707356563484,-1
74,99,1,-1,1.87150960462348,2.35080999094006,1.6951382078949,1
74,100,-1,1,1.77667809224279,1.07061769585214,0.599022974881305,-1
74,101,-1,-1,1.69341191847701,-0.336727894730365,0.478198085748957,1
75,2,-1,1,2.11930775669507,0.66977877626835,1.90854636002084,1
75,3,1,1,2.34219729915153,3.63203847694087,0.658492804516663,1
75,4,1,1,2.34219729915153,3.63203847694087,0.574201396617134,1
75,5,1,1,2.34219729915153,3.63203847694087,0.529723007684081,1
75,6,-1,1,2.11930775669507,0.66977877626835,2.79418648590375,1
75,7,1,1,2.34219729915153,3.63203847694087,0.659323623165502,1
75,8,-1,1,2.11930775669507,0.66977877626835,0.547798319704617,-1
75,9,-1,-1,2.0199838281215,0.346743173815689,0.313350026724489,1
75,10,1,1,2.34219729915153,3.63203847694087,0.730071981063195,1
75,11,1,1,2.34219729915153,3.63203847694087,0.306380922945831,1
75,12,1,1,2.34219729915153,3.63203847694087,0.768266278611456,1
75,13,1,1,2.34219729915153,3.63203847694087,0.407435178023548,1
75,14,-1,1,2.11930775669507,0.66977877626835,0.542272584137566,1
75,15,-1,1,2.11930775669507,0.66977877626835,0.568820318460633,1
75,16,-1,1,2.11930775669507,0.66977877626835,0.511006141894477,1
75,17,-1,1,2.11930775669507,0.66977877626835,0.56369769963672,1
75,18,1,1,2.34219729915153,3.63203847694087,0.752099350869775,1
75,19,-1,1,2.11930775669507,0.66977877626835,1.2990131565421,1
75,20,1,1,2.34219729915153,3.63203847694087,0.565194748200469,1
75,21,1,1,2.34219729915153,3.63203847694087,0.473276697685164,1
75,22,1,1,2.34219729915153,3.63203847694087,0.677828416007005,1
75,23,1,1,2.34219729915153,3.63203847694087,0.455523855824024,1
75,24,-1,1,2.11930775669507,0.66977877626835,1.04057815273928,1
75,25,-1,1,2.11930775669507,0.66977877626835,0.516951767784327,1
75,26,-1,1,2.11930775669507,0.66977877626835,0.363505550214318,-1
75,27,1,-1,2.232427381823,2.5514395729751,0.766875528725315,1
75,28,1,1,2.34219729915153,3.63203847694087,0.348280369465519,1
75,29,-1,1,2.11930775669507,0.66977877626835,0.400491357084868,1
75,30,-1,1,2.11930775669507,0.66977877626835,0.862209627157334,1
75,31,1,1,2.34219729915153,3.63203847694087,0.684541011026404,1
75,32,-1,1,2.11930775669507,0.66977877626835,0.585983249658866,1
75,33,-1,1,2.11930775669507,0.66977877626835,0.562740349336995,1
75,34,-1,1,2.11930775669507,0.66977877626835,0.605960571195765,1
75,35,-1,1,2.11930775669507,0.66977877626835,1.23858374292645,1
75,36,1,1,2.34219729915153,3.63203847694087,0.433687692506461,1
75,37,-1,1,2.11930775669507,0.66977877626835,2.08487685365387,-1
75,38,1,-1,2.232427381823,2.5514395729751,0.807046691184608,1
75,39,1,1,2.34219729915153,3.63203847694087,0.455162307866436,1
75,40,1,1,2.34219729915153,3.63203847694087,0.508426437030485,1
75,41,1,1,2.34219729915153,3.63203847694087,0.50436371167331,1
75,42,1,1,2.34219729915153,3.63203847694087,0.510657536157505,1
75,43,-1,1,2.11930775669507,0.66977877626835,0.811063960694739,1
75,44,-1,1,2.11930775669507,0.66977877626835,2.78744750673971,1
75,45,-1,1,2.11930775669507,0.66977877626835,0.42138147042141,1
75,46,-1,1,2.11930775669507,0.66977877626835,3.55727082524279,1
75,47,-1,1,2.11930775669507,0.66977877626835,1.36292887833543,1
75,48,-1,1,2.11930775669507,0.66977877626835,0.462588872082681,1
75,49,-1,1,2.11930775669507,0.66977877626835,0.696979641430198,1
75,50,1,1,2.34219729915153,3.63203847694087,0.46730309813115,1
75,51,1,1,2.34219729915153,3.63203847694087,1.1747068849328,1
75,52,-1,1,2.11930775669507,0.66977877626835,2.90906287202876,-1
75,53,1,-1,2.232427381823,2.5514395729751,0.821002771992599,1
75,54,-1,1,2.11930775669507,0.66977877626835,1.31863648453434,1
75,55,-1,1,2.11930775669507,0.66977877626835,1.11577515218625,1
75,56,-1,1,2.11930775669507,0.66977877626835,1.99015820740728,1
75,57,-1,1,2.11930775669507,0.66977877626835,0.731151604985016,1
75,58,1,1,2.34219729915153,3.63203847694087,0.732531034071523,1
75,59,1,1,2.34219729915153,3.63203847694087,0.577452979857953,1
75,60,1,1,2.34219729915153,3.63203847694087,0.406309345138374,1
75,61,1,1,2.34219729915153,3.63203847694087,0.39025033059936,1
75,62,1,1,2.34219729915153,3.63203847694087,0.677222047074762,1
75,63,-1,1,2.11930775669507,0.66977877626835,0.550221580546407,1
75,64,-1,1,2.11930775669507,0.66977877626835,2.25716498501973,1
75,65,1,1,2.34219729915153,3.63203847694087,0.423228338536798,1
75,66,-1,1,2.11930775669507,0.66977877626835,0.657453359122112,1
75,67,-1,1,2.11930775669507,0.66977877626835,0.685319630701903,1
75,68,1,1,2.34219729915153,3.63203847694087,0.557994685213212,1
75,69,-1,1,2.11930775669507,0.66977877626835,0.559649072435897,1
75,70,-1,1,2.11930775669507,0.66977877626835,0.991237749017307,1
75,71,1,1,2.34219729915153,3.63203847694087,0.344952183352728,1
75,72,-1,1,2.11930775669507,0.66977877626835,0.889953473287917,-1
75,73,1,-1,2.232427381823,2.5514395729751,1.00751747095975,1
75,74,1,1,2.34219729915153,3.63203847694087,0.481666726730455,1
75,75,1,1,2.34219729915153,3.63203847694087,0.410075991313683,1
75,76,-1,1,2.11930775669507,0.66977877626835,1.2238514044768,-1
75,77,-1,-1,2.0199838281215,0.346743173815689,2.43919622110191,1
75,78,-1,1,2.11930775669507,0.66977877626835,1.74868351087212,-1
75,79,-1,-1,2.0199838281215,0.346743173815689,0.807235309766065,-1
75,80,-1,-1,2.0199838281215,0.346743173815689,0.4728668513984,1
75,81,1,1,2.34219729915153,3.63203847694087,0.582769680400691,1
75,82,1,1,2.34219729915153,3.63203847694087,0.390359332218823,1
75,83,-1,1,2.11930775669507,0.66977877626835,1.91440607796842,1
75,84,1,1,2.34219729915153,3.63203847694087,0.443943950498335,1
75,85,1,1,2.34219729915153,3.63203847694087,0.572035595267316,1
75,86,1,1,2.34219729915153,3.63203847694087,0.500365593888537,1
75,87,-1,1,2.11930775669507,0.66977877626835,2.01546305117131,1
75,88,1,1,2.34219729915153,3.63203847694087,0.652208640680208,1
75,89,1,1,2.34219729915153,3.63203847694087,0.814043392891332,1
75,90,1,1,2.34219729915153,3.63203847694087,0.346514603026006,1
75,91,1,1,2.34219729915153,3.63203847694087,0.38980973735231,1
75,92,1,1,2.34219729915153,3.63203847694087,0.696818914166531,1
75,93,-1,1,2.11930775669507,0.66977877626835,1.28887336774194,1
75,94,1,1,2.34219729915153,3.63203847694087,0.388136014453085,1
75,95,-1,1,2.11930775669507,0.66977877626835,2.01966598202368,1
75,96,1,1,2.34219729915153,3.63203847694087,0.458005899072839,1
75,97,-1,1,2.11930775669507,0.66977877626835,0.959793726703541,1
75,98,1,1,2.34219729915153,3.63203847694087,0.553788111841368,1
75,99,-1,1,2.11930775669507,0.66977877626835,0.836129670167792,1
75,100,1,1,2.34219729915153,3.63203847694087,0.676328789448706,1
75,101,-1,1,2.11930775669507,0.66977877626835,0.894020817949494,1
76,2,-1,1,1.51520634681562,0.87258645214785,0.951984140354814,1
76,3,1,1,1.67456198938427,3.23218307252084,0.500923401106535,1
76,4,-1,1,1.51520634681562,0.87258645214785,0.412576580450525,1
76,5,-1,1,1.51520634681562,0.87258645214785,0.58294840698864,-1
76,6,1,-1,1.59608161063787,1.9463087793206,1.07009138215772,1
76,7,1,1,1.67456198938427,3.23218307252084,0.301891855126699,1
76,8,-1,1,1.51520634681562,0.87258645214785,1.23910655368571,1
76,9,-1,1,1.51520634681562,0.87258645214785,0.578443282435391,1
76,10,1,1,1.67456198938427,3.23218307252084,0.451187858707025,1
76,11,1,1,1.67456198938427,3.23218307252084,0.432462988216632,1
76,12,-1,1,1.51520634681562,0.87258645214785,1.54831397578266,1
76,13,1,1,1.67456198938427,3.23218307252084,0.535235473453517,1
76,14,1,1,1.67456198938427,3.23218307252084,0.731605665556132,1
76,15,-1,1,1.51520634681562,0.87258645214785,0.446695093908181,1
76,16,-1,1,1.51520634681562,0.87258645214785,1.44277576503843,1
76,17,-1,1,1.51520634681562,0.87258645214785,0.488613243521601,1
76,18,-1,1,1.51520634681562,0.87258645214785,0.448434833981482,1
76,19,1,1,1.67456198938427,3.23218307252084,0.836871291405559,1
76,20,-1,1,1.51520634681562,0.87258645214785,0.491561905775008,1
76,21,1,1,1.67456198938427,3.23218307252084,0.484697302586757,1
76,22,1,1,1.67456198938427,3.23218307252084,0.350205849927726,1
76,23,1,1,1.67456198938427,3.23218307252084,0.274092533635424,1
76,24,-1,1,1.51520634681562,0.87258645214785,0.490467147244026,-1
76,25,-1,-1,1.44419436354425,1.14892169601071,0.613552837800422,1
76,26,1,1,1.67456198938427,3.23218307252084,0.356379974848756,1
76,27,-1,1,1.51520634681562,0.87258645214785,0.871039940036429,-1
76,28,1,-1,1.59608161063787,1.9463087793206,0.900638476523593,1
76,29,-1,1,1.51520634681562,0.87258645214785,0.751113230349082,1
76,30,1,1,1.67456198938427,3.23218307252084,0.532739865856157,1
76,31,-1,1,1.51520634681562,0.87258645214785,0.696323144289522,1
76,32,1,1,1.67456198938427,3.23218307252084,0.488061292070436,1
76,33,-1,1,1.51520634681562,0.87258645214785,0.413064075365976,1
76,34,1,1,1.67456198938427,3.23218307252084,0.614827644426965,1
76,35,-1,1,1.51520634681562,0.87258645214785,0.886239438308503,-1
76,36,-1,-1,1.44419436354425,1.14892169601071,0.488531562091352,1
76,37,1,1,1.67456198938427,3.23218307252084,0.380590103306979,1
76,38,1,1,1.67456198938427,3.23218307252084,0.321153805060463,1
76,39,-1,1,1.51520634681562,0.87258645214785,0.409065553386383,1
76,40,-1,1,1.51520634681562,0.87258645214785,0.64852983267391,1
76,41,1,1,1.67456198938427,3.23218307252084,0.339189438885952,1
76,42,1,1,1.67456198938427,3.23218307252084,0.414053428842139,1
76,43,1,1,1.67456198938427,3.23218307252084,0.402770441833986,1
76,44,1,1,1.67456198938427,3.23218307252084,0.487261890787333,1
76,45,-1,1,1.51520634681562,0.87258645214785,0.333846231036034,1
76,46,-1,1,1.51520634681562,0.87258645214785,0.400980213519981,1
76,47,1,1,1.67456198938427,3.23218307252084,0.449132996069001,1
76,48,1,1,1.67456198938427,3.23218307252084,0.617244986319072,1
76,49,-1,1,1.51520634681562,0.87258645214785,2.41344398531006,1
76,50,-1,1,1.51520634681562,0.87258645214785,0.668769738660065,1
76,51,1,1,1.67456198938427,3.23218307252084,0.555565394302227,1
76,52,1,1,1.67456198938427,3.23218307252084,0.759175501645764,-1
76,53,-1,-1,1.44419436354425,1.14892169601071,0.337262363797834,1
76,54,1,1,1.67456198938427,3.23218307252084,0.431424869121205,1
76,55,-1,1,1.51520634681562,0.87258645214785,0.33911543979257,1
76,56,1,1,1.67456198938427,3.23218307252084,0.723363702677467,1
76,57,1,1,1.67456198938427,3.23218307252084,0.481888266512037,1
76,58,1,1,1.67456198938427,3.23218307252084,0.353631076019101,1
76,59,1,1,1.67456198938427,3.23218307252084,0.565353066187216,1
76,60,1,1,1.67456198938427,3.23218307252084,0.34290278934521,1
76,61,1,1,1.67456198938427,3.23218307252084,0.577088774867186,1
76,62,-1,1,1.51520634681562,0.87258645214785,0.424786208132071,1
76,63,1,1,1.67456198938427,3.23218307252084,1.09743336647676,1
76,64,-1,1,1.51520634681562,0.87258645214785,0.49046048605997,-1
76,65,1,-1,1.59608161063787,1.9463087793206,0.530083197758446,1
76,66,-1,1,1.51520634681562,0.87258645214785,0.43292195596375,1
76,67,-1,1,1.51520634681562,0.87258645214785,0.515080412908378,1
76,68,-1,1,1.51520634681562,0.87258645214785,1.33775100955095,-1
76,69,-1,-1,1.44419436354425,1.14892169601071,0.787388168836986,1
76,70,1,1,1.67456198938427,3.23218307252084,0.508389929104845,1
76,71,-1,1,1.51520634681562,0.87258645214785,0.501665579852269,-1
76,72,-1,-1,1.44419436354425,1.14892169601071,0.514114271837931,1
76,73,-1,1,1.51520634681562,0.87258645214785,0.605255101994694,1
76,74,-1,1,1.51520634681562,0.87258645214785,0.662561139460192,1
76,75,1,1,1.67456198938427,3.23218307252084,0.303859964750044,1
76,76,-1,1,1.51520634681562,0.87258645214785,0.845321526100995,1
76,77,-1,1,1.51520634681562,0.87258645214785,0.696752134193196,1
76,78,1,1,1.67456198938427,3.23218307252084,0.491375701283255,1
76,79,1,1,1.67456198938427,3.23218307252084,0.812359786850852,1
76,80,1,1,1.67456198938427,3.23218307252084,0.407109674840329,1
76,81,-1,1,1.51520634681562,0.87258645214785,0.391053900454967,1
76,82,1,1,1.67456198938427,3.23218307252084,0.372905710076597,1
76,83,1,1,1.67456198938427,3.23218307252084,0.524525259473796,1
76,84,1,1,1.67456198938427,3.23218307252084,0.428121235163233,1
76,85,1,1,1.67456198938427,3.23218307252084,0.74004695829257,1
76,86,-1,1,1.51520634681562,0.87258645214785,1.53423380895448,1
76,87,-1,1,1.51520634681562,0.87258645214785,0.601730217138816,1
76,88,1,1,1.67456198938427,3.23218307252084,0.447046763891539,1
76,89,1,1,1.67456198938427,3.23218307252084,0.587514263083534,1
76,90,-1,1,1.51520634681562,0.87258645214785,0.412049910335306,1
76,91,-1,1,1.51520634681562,0.87258645214785,0.548415413100259,1
76,92,-1,1,1.51520634681562,0.87258645214785,0.890567595279897,1
76,93,1,1,1.67456198938427,3.23218307252084,0.556306116093981,1
76,94,-1,1,1.51520634681562,0.87258645214785,0.773345485015794,1
76,95,1,1,1.67456198938427,3.23218307252084,0.755593152635894,1
76,96,-1,1,1.51520634681562,0.87258645214785,0.630866640215778,1
76,97,-1,1,1.51520634681562,0.87258645214785,0.867304346813544,1
76,98,-1,1,1.51520634681562,0.87258645214785,0.412693912765314,1
76,99,1,1,1.67456198938427,3.23218307252084,0.790364921877456,1
76,100,1,1,1.67456198938427,3.23218307252084,0.487790295898745,1
76,101,-1,1,1.51520634681562,0.87258645214785,0.317646105222719,1
77,2,1,1,1.79111455085829,3.36475512984746,0.397664905601936,1
77,3,-1,1,1.62066746560525,1.32159421083161,0.438757667412729,1
77,4,1,1,1.79111455085829,3.36475512984746,0.695614029568639,1
77,5,-1,1,1.62066746560525,1.32159421083161,0.445166956297696,-1
77,6,-1,-1,1.54471291908563,0.98568290086565,1.20343252608386,1
77,7,1,1,1.79111455085829,3.36475512984746,0.461777245573216,1
77,8,1,1,1.79111455085829,3.36475512984746,0.452599719626621,1
77,9,1,1,1.79111455085829,3.36475512984746,0.670798036522096,1
77,10,-1,1,1.62066746560525,1.32159421083161,0.545391987203941,1
77,11,1,1,1.79111455085829,3.36475512984746,0.396856966337228,1
77,12,1,1,1.79111455085829,3.36475512984746,0.572100273991302,1
77,13,1,1,1.79111455085829,3.36475512984746,0.473745896800479,1
77,14,-1,1,1.62066746560525,1.32159421083161,0.579695069120432,1
77,15,-1,1,1.62066746560525,1.32159421083161,0.646154575346102,1
77,16,-1,1,1.62066746560525,1.32159421083161,0.989299267815905,1
77,17,-1,1,1.62066746560525,1.32159421083161,0.449312087405091,1
77,18,1,1,1.79111455085829,3.36475512984746,0.471928608928993,1
77,19,-1,1,1.62066746560525,1.32159421083161,1.92778300875406,1
77,20,1,1,1.79111455085829,3.36475512984746,0.560560923873536,1
77,21,1,1,1.79111455085829,3.36475512984746,0.661710361718467,1
77,22,-1,1,1.62066746560525,1.32159421083161,1.43440738322214,1
77,23,1,1,1.79111455085829,3.36475512984746,0.484607984952097,1
77,24,1,1,1.79111455085829,3.36475512984746,0.664889343268905,1
77,25,-1,1,1.62066746560525,1.32159421083161,0.796766634996243,1
77,26,1,1,1.79111455085829,3.36475512984746,0.397927575231141,1
77,27,1,1,1.79111455085829,3.36475512984746,0.430312605628625,1
77,28,1,1,1.79111455085829,3.36475512984746,0.763074367716865,1
77,29,1,1,1.79111455085829,3.36475512984746,1.14519773367977,1
77,30,-1,1,1.62066746560525,1.32159421083161,0.303225499581936,1
77,31,1,1,1.79111455085829,3.36475512984746,0.420610319342644,1
77,32,1,1,1.79111455085829,3.36475512984746,0.328803698240966,1
77,33,1,1,1.79111455085829,3.36475512984746,0.85861533376271,1
77,34,-1,1,1.62066746560525,1.32159421083161,0.30074760319904,1
77,35,1,1,1.79111455085829,3.36475512984746,0.391788742481067,1
77,36,1,1,1.79111455085829,3.36475512984746,0.495305752374365,1
77,37,-1,1,1.62066746560525,1.32159421083161,1.00365884258938,1
77,38,1,1,1.79111455085829,3.36475512984746,0.43684847392063,1
77,39,1,1,1.79111455085829,3.36475512984746,0.423381988775945,1
77,40,-1,1,1.62066746560525,1.32159421083161,0.498873691504425,1
77,41,1,1,1.79111455085829,3.36475512984746,0.435955839482463,1
77,42,1,1,1.79111455085829,3.36475512984746,0.448676746677745,1
77,43,-1,1,1.62066746560525,1.32159421083161,0.473495653302395,1
77,44,1,1,1.79111455085829,3.36475512984746,0.332233378127758,1
77,45,-1,1,1.62066746560525,1.32159421083161,1.00479717819095,1
77,46,-1,1,1.62066746560525,1.32159421083161,0.73022083638411,1
77,47,-1,1,1.62066746560525,1.32159421083161,0.797138831319484,1
77,48,1,1,1.79111455085829,3.36475512984746,0.3531182012085,1
77,49,-1,1,1.62066746560525,1.32159421083161,0.688962121258617,1
77,50,1,1,1.79111455085829,3.36475512984746,0.514414625523422,1
77,51,1,1,1.79111455085829,3.36475512984746,0.674264808767761,1
77,52,1,1,1.79111455085829,3.36475512984746,0.510263375350695,1
77,53,1,1,1.79111455085829,3.36475512984746,0.630460547604272,1
77,54,-1,1,1.62066746560525,1.32159421083161,0.400786406713085,1
77,55,1,1,1.79111455085829,3.36475512984746,0.470469943348489,1
77,56,-1,1,1.62066746560525,1.32159421083161,1.01877227610506,-1
77,57,-1,-1,1.54471291908563,0.98568290086565,1.07713733113939,-1
77,58,-1,-1,1.54471291908563,0.98568290086565,1.0425739802755,1
77,59,1,1,1.79111455085829,3.36475512984746,0.327906870191308,1
77,60,-1,1,1.62066746560525,1.32159421083161,0.542789440953387,1
77,61,1,1,1.79111455085829,3.36475512984746,0.497520687566226,1
77,62,1,1,1.79111455085829,3.36475512984746,0.457738434230661,1
77,63,1,1,1.79111455085829,3.36475512984746,0.503554091064021,1
77,64,-1,1,1.62066746560525,1.32159421083161,0.38851041826119,1
77,65,1,1,1.79111455085829,3.36475512984746,0.354107725646244,1
77,66,1,1,1.79111455085829,3.36475512984746,0.399258303364413,1
77,67,1,1,1.79111455085829,3.36475512984746,0.339922391703668,1
77,68,-1,1,1.62066746560525,1.32159421083161,0.345339179722302,1
77,69,1,1,1.79111455085829,3.36475512984746,0.566612521620208,1
77,70,1,1,1.79111455085829,3.36475512984746,0.441100879719815,1
77,71,-1,1,1.62066746560525,1.32159421083161,0.760680658153719,1
77,72,-1,1,1.62066746560525,1.32159421083161,0.599996027106703,1
77,73,-1,1,1.62066746560525,1.32159421083161,0.810654206846158,1
77,74,-1,1,1.62066746560525,1.32159421083161,1.29197753606546,1
77,75,-1,1,1.62066746560525,1.32159421083161,0.957198527303933,1
77,76,-1,1,1.62066746560525,1.32159421083161,0.71504845860184,1
77,77,1,1,1.79111455085829,3.36475512984746,0.329147669174179,1
77,78,1,1,1.79111455085829,3.36475512984746,0.682014513462079,1
77,79,1,1,1.79111455085829,3.36475512984746,0.920193219980662,1
77,80,-1,1,1.62066746560525,1.32159421083161,0.547907947463843,1
77,81,-1,1,1.62066746560525,1.32159421083161,0.400635493733482,1
77,82,1,1,1.79111455085829,3.36475512984746,0.389351359825566,1
77,83,-1,1,1.62066746560525,1.32159421083161,0.683460588694092,1
77,84,-1,1,1.62066746560525,1.32159421083161,0.590210909001769,1
77,85,-1,1,1.62066746560525,1.32159421083161,0.589579600102332,1
77,86,-1,1,1.62066746560525,1.32159421083161,0.43420677756422,1
77,87,1,1,1.79111455085829,3.36475512984746,0.474509421758413,1
77,88,-1,1,1.62066746560525,1.32159421083161,0.666144395250969,1
77,89,1,1,1.79111455085829,3.36475512984746,0.301405894063535,1
77,90,-1,1,1.62066746560525,1.32159421083161,0.955825542155565,1
77,91,-1,1,1.62066746560525,1.32159421083161,1.34854608908013,1
77,92,-1,1,1.62066746560525,1.32159421083161,0.599775581148547,1
77,93,-1,1,1.62066746560525,1.32159421083161,0.651871935605527,-1
77,94,-1,-1,1.54471291908563,0.98568290086565,0.498922999027334,1
77,95,-1,1,1.62066746560525,1.32159421083161,0.690146955503333,1
77,96,-1,1,1.62066746560525,1.32159421083161,0.776986104244896,1
77,97,-1,1,1.62066746560525,1.32159421083161,0.389454048810397,1
77,98,-1,1,1.62066746560525,1.32159421083161,0.514268595853648,1
77,99,-1,1,1.62066746560525,1.32159421083161,0.448132707283361,1
77,100,1,1,1.79111455085829,3.36475512984746,0.471656589503629,1
77,101,1,1,1.79111455085829,3.36475512984746,0.595152145251499,1
78,2,-1,1,1.60231686444073,2.66685103127303,0.667028386790123,1
78,3,-1,1,1.60231686444073,2.66685103127303,0.790654843971549,1
78,4,1,1,1.77083400012205,2.30371724787869,0.397764692200474,1
78,5,1,1,1.77083400012205,2.30371724787869,0.275115644075032,1
78,6,-1,1,1.60231686444073,2.66685103127303,0.377334833472881,1
78,7,-1,1,1.60231686444073,2.66685103127303,0.781765888128058,1
78,8,-1,1,1.60231686444073,2.66685103127303,0.296897287212797,1
78,9,1,1,1.77083400012205,2.30371724787869,0.377192177241127,1
78,10,-1,1,1.60231686444073,2.66685103127303,0.421993273414744,1
78,11,-1,1,1.60231686444073,2.66685103127303,0.44389079833643,1
78,12,1,1,1.77083400012205,2.30371724787869,1.76974956273691,1
78,13,-1,1,1.60231686444073,2.66685103127303,0.391537811525669,1
78,14,1,1,1.77083400012205,2.30371724787869,0.335708288555237,1
78,15,-1,1,1.60231686444073,2.66685103127303,0.36706419763891,1
78,16,1,1,1.77083400012205,2.30371724787869,0.438667252406521,1
78,17,-1,1,1.60231686444073,2.66685103127303,0.31938773377102,1
78,18,-1,1,1.60231686444073,2.66685103127303,0.57736203597502,1
78,19,-1,1,1.60231686444073,2.66685103127303,0.506720867012141,1
78,20,-1,1,1.60231686444073,2.66685103127303,0.25593488114536,1
78,21,1,1,1.77083400012205,2.30371724787869,0.607122973726383,1
78,22,1,1,1.77083400012205,2.30371724787869,1.03945128219589,1
78,23,1,1,1.77083400012205,2.30371724787869,0.594387212191375,1
78,24,-1,1,1.60231686444073,2.66685103127303,0.368449139047565,1
78,25,1,1,1.77083400012205,2.30371724787869,0.679109361509591,1
78,26,1,1,1.77083400012205,2.30371724787869,0.493939565484031,1
78,27,-1,1,1.60231686444073,2.66685103127303,0.274871431287838,1
78,28,-1,1,1.60231686444073,2.66685103127303,0.29486110361128,1
78,29,1,1,1.77083400012205,2.30371724787869,0.310117857339668,1
78,30,-1,1,1.60231686444073,2.66685103127303,0.327594688252539,1
78,31,1,1,1.77083400012205,2.30371724787869,0.528970246981498,1
78,32,-1,1,1.60231686444073,2.66685103127303,0.393617302964358,1
78,33,1,1,1.77083400012205,2.30371724787869,0.389036229907648,1
78,34,1,1,1.77083400012205,2.30371724787869,0.624721559026762,1
78,35,-1,1,1.60231686444073,2.66685103127303,0.395965500425131,1
78,36,-1,1,1.60231686444073,2.66685103127303,0.373625364955178,1
78,37,-1,1,1.60231686444073,2.66685103127303,0.420738377367524,1
78,38,1,1,1.77083400012205,2.30371724787869,0.345955334161058,1
78,39,1,1,1.77083400012205,2.30371724787869,0.398292239614106,1
78,40,-1,1,1.60231686444073,2.66685103127303,0.549917019701032,1
78,41,-1,1,1.60231686444073,2.66685103127303,0.368673598582256,1
78,42,1,1,1.77083400012205,2.30371724787869,0.732963456170748,1
78,43,-1,1,1.60231686444073,2.66685103127303,0.389884978111218,1
78,44,1,1,1.77083400012205,2.30371724787869,0.422809016003832,1
78,45,-1,1,1.60231686444073,2.66685103127303,0.678010979357754,1
78,46,-1,1,1.60231686444073,2.66685103127303,0.37948486314596,1
78,47,1,1,1.77083400012205,2.30371724787869,0.304191113304372,1
78,48,-1,1,1.60231686444073,2.66685103127303,0.443182533817556,1
78,49,-1,1,1.60231686444073,2.66685103127303,0.449018750384301,1
78,50,1,1,1.77083400012205,2.30371724787869,0.618568954609349,1
78,51,-1,1,1.60231686444073,2.66685103127303,0.495228461503848,1
78,52,-1,1,1.60231686444073,2.66685103127303,0.457959209564505,1
78,53,1,1,1.77083400012205,2.30371724787869,0.568289135544757,1
78,54,1,1,1.77083400012205,2.30371724787869,0.603530389487136,1
78,55,1,1,1.77083400012205,2.30371724787869,0.524861186346934,1
78,56,1,1,1.77083400012205,2.30371724787869,0.422703748543992,1
78,57,1,1,1.77083400012205,2.30371724787869,0.775802971806038,1
78,58,1,1,1.77083400012205,2.30371724787869,0.54498546161993,1
78,59,1,1,1.77083400012205,2.30371724787869,0.266235746488988,1
78,60,1,1,1.77083400012205,2.30371724787869,0.849889402280686,1
78,61,1,1,1.77083400012205,2.30371724787869,0.794932597509783,1
78,62,-1,1,1.60231686444073,2.66685103127303,0.303432916460686,1
78,63,1,1,1.77083400012205,2.30371724787869,0.360007423634424,1
78,64,-1,1,1.60231686444073,2.66685103127303,0.359234588988662,1
78,65,1,1,1.77083400012205,2.30371724787869,0.737286135777573,1
78,66,-1,1,1.60231686444073,2.66685103127303,0.557600808110336,1
78,67,1,1,1.77083400012205,2.30371724787869,0.639851819802387,1
78,68,-1,1,1.60231686444073,2.66685103127303,0.396794206928724,1
78,69,1,1,1.77083400012205,2.30371724787869,0.540924610527063,1
78,70,-1,1,1.60231686444073,2.66685103127303,0.604023797267471,1
78,71,1,1,1.77083400012205,2.30371724787869,0.514237536862243,1
78,72,-1,1,1.60231686444073,2.66685103127303,0.420274807395653,1
78,73,-1,1,1.60231686444073,2.66685103127303,0.420008176316723,1
78,74,1,1,1.77083400012205,2.30371724787869,0.385234130493879,1
78,75,1,1,1.77083400012205,2.30371724787869,0.400391642635297,1
78,76,-1,1,1.60231686444073,2.66685103127303,0.397153277135764,1
78,77,-1,1,1.60231686444073,2.66685103127303,0.403336252820945,1
78,78,1,1,1.77083400012205,2.30371724787869,0.459082502373299,1
78,79,1,1,1.77083400012205,2.30371724787869,0.490413814566463,1
78,80,-1,1,1.60231686444073,2.66685103127303,0.366426568314516,1
78,81,1,1,1.77083400012205,2.30371724787869,0.336361493163212,1
78,82,1,1,1.77083400012205,2.30371724787869,1.47837673245283,1
78,83,-1,1,1.60231686444073,2.66685103127303,0.35287299721751,1
78,84,1,1,1.77083400012205,2.30371724787869,0.521862173044493,1
78,85,-1,1,1.60231686444073,2.66685103127303,0.592950118965908,1
78,86,1,1,1.77083400012205,2.30371724787869,0.672219146285812,1
78,87,1,1,1.77083400012205,2.30371724787869,0.518863370809547,1
78,88,1,1,1.77083400012205,2.30371724787869,0.391209426448412,1
78,89,1,1,1.77083400012205,2.30371724787869,1.16018926927612,1
78,90,-1,1,1.60231686444073,2.66685103127303,0.316159280817353,1
78,91,-1,1,1.60231686444073,2.66685103127303,0.760766719433512,1
78,92,-1,1,1.60231686444073,2.66685103127303,0.499373750264984,1
78,93,1,1,1.77083400012205,2.30371724787869,0.541521013019692,1
78,94,-1,1,1.60231686444073,2.66685103127303,0.45920059084619,1
78,95,1,1,1.77083400012205,2.30371724787869,0.368038823994984,1
78,96,-1,1,1.60231686444073,2.66685103127303,0.434766727234989,1
78,97,-1,1,1.60231686444073,2.66685103127303,1.05424577146483,1
78,98,1,1,1.77083400012205,2.30371724787869,0.41252098201194,1
78,99,1,1,1.77083400012205,2.30371724787869,1.04310084500781,1
78,100,-1,1,1.60231686444073,2.66685103127303,0.512793045126744,1
78,101,-1,1,1.60231686444073,2.66685103127303,0.533980261821962,1
79,2,-1,1,1.82430549149687,-0.30556207145002,0.392269885434501,-1
79,3,-1,-1,1.7388072018967,0.98162830822093,0.740693794873105,1
79,4,-1,1,1.82430549149687,-0.30556207145002,0.87376009446403,-1
79,5,1,-1,1.92167915167673,2.4462780276042,0.716663860927134,1
79,6,1,1,2.01616937488805,4.07765573562489,0.333727169605232,1
79,7,-1,1,1.82430549149687,-0.30556207145002,0.833238117930991,1
79,8,-1,1,1.82430549149687,-0.30556207145002,1.0765941922668,-1
79,9,-1,-1,1.7388072018967,0.98162830822093,1.72011067725737,-1
79,10,1,-1,1.92167915167673,2.4462780276042,0.697588893866385,1
79,11,-1,1,1.82430549149687,-0.30556207145002,0.365518641380609,-1
79,12,1,-1,1.92167915167673,2.4462780276042,0.364217928847745,1
79,13,-1,1,1.82430549149687,-0.30556207145002,0.584055688782086,1
79,14,1,1,2.01616937488805,4.07765573562489,0.484067815615124,1
79,15,-1,1,1.82430549149687,-0.30556207145002,1.13405802233156,-1
79,16,1,-1,1.92167915167673,2.4462780276042,0.346859817748348,1
79,17,1,1,2.01616937488805,4.07765573562489,0.329173169301735,1
79,18,-1,1,1.82430549149687,-0.30556207145002,0.784849671163804,-1
79,19,1,-1,1.92167915167673,2.4462780276042,0.682155553268623,1
79,20,1,1,2.01616937488805,4.07765573562489,0.517066072957545,1
79,21,-1,1,1.82430549149687,-0.30556207145002,0.614742457490218,-1
79,22,1,-1,1.92167915167673,2.4462780276042,0.63570347921705,1
79,23,1,1,2.01616937488805,4.07765573562489,0.358511377585915,1
79,24,-1,1,1.82430549149687,-0.30556207145002,0.712644107970437,-1
79,25,1,-1,1.92167915167673,2.4462780276042,0.351409540765141,1
79,26,1,1,2.01616937488805,4.07765573562489,0.371598744401847,1
79,27,1,1,2.01616937488805,4.07765573562489,0.436995622035839,1
79,28,1,1,2.01616937488805,4.07765573562489,0.374841915242068,1
79,29,-1,1,1.82430549149687,-0.30556207145002,0.479335897545544,1
79,30,1,1,2.01616937488805,4.07765573562489,0.372105859748099,1
79,31,-1,1,1.82430549149687,-0.30556207145002,0.359949096752152,1
79,32,-1,1,1.82430549149687,-0.30556207145002,1.14215910479095,-1
79,33,-1,-1,1.7388072018967,0.98162830822093,0.567450123861774,1
79,34,1,1,2.01616937488805,4.07765573562489,0.396384127996923,1
79,35,-1,1,1.82430549149687,-0.30556207145002,1.36411798655304,1
79,36,1,1,2.01616937488805,4.07765573562489,0.385237365579583,1
79,37,-1,1,1.82430549149687,-0.30556207145002,0.799869056057206,1
79,38,1,1,2.01616937488805,4.07765573562489,0.443136441576267,1
79,39,-1,1,1.82430549149687,-0.30556207145002,1.24019181981603,-1
79,40,1,-1,1.92167915167673,2.4462780276042,0.841796107931175,1
79,41,-1,1,1.82430549149687,-0.30556207145002,0.420399225494887,-1
79,42,1,-1,1.92167915167673,2.4462780276042,0.717278734472075,1
79,43,-1,1,1.82430549149687,-0.30556207145002,0.618552934719609,-1
79,44,-1,-1,1.7388072018967,0.98162830822093,0.600304877226263,1
79,45,-1,1,1.82430549149687,-0.30556207145002,3.59747161630444,1
79,46,-1,1,1.82430549149687,-0.30556207145002,0.431246538604638,-1
79,47,-1,-1,1.7388072018967,0.98162830822093,0.597503354982422,1
79,48,-1,1,1.82430549149687,-0.30556207145002,0.453245179947213,-1
79,49,-1,-1,1.7388072018967,0.98162830822093,0.355474157248971,1
79,50,-1,1,1.82430549149687,-0.30556207145002,0.707011618465259,1
79,51,-1,1,1.82430549149687,-0.30556207145002,0.603740519676401,-1
79,52,-1,-1,1.7388072018967,0.98162830822093,0.712001746465404,-1
79,53,1,-1,1.92167915167673,2.4462780276042,0.317090432661332,1
79,54,-1,1,1.82430549149687,-0.30556207145002,1.11852695337714,1
79,55,1,1,2.01616937488805,4.07765573562489,0.299450511069872,1
79,56,-1,1,1.82430549149687,-0.30556207145002,0.445935027117895,-1
79,57,-1,-1,1.7388072018967,0.98162830822093,0.474171021069546,-1
79,58,1,-1,1.92167915167673,2.4462780276042,0.660690546814312,1
79,59,-1,1,1.82430549149687,-0.30556207145002,0.596194807336244,1
79,60,1,1,2.01616937488805,4.07765573562489,0.417007255211573,1
79,61,1,1,2.01616937488805,4.07765573562489,0.619104134527763,1
79,62,-1,1,1.82430549149687,-0.30556207145002,0.505630833228872,1
79,63,1,1,2.01616937488805,4.07765573562489,0.412924644532653,1
79,64,1,1,2.01616937488805,4.07765573562489,0.296425163354432,1
79,65,1,1,2.01616937488805,4.07765573562489,0.540496332075529,1
79,66,-1,1,1.82430549149687,-0.30556207145002,0.668075268858883,-1
79,67,1,-1,1.92167915167673,2.4462780276042,1.12400671174456,1
79,68,1,1,2.01616937488805,4.07765573562489,0.905634646379672,1
79,69,1,1,2.01616937488805,4.07765573562489,0.357053578941979,1
79,70,-1,1,1.82430549149687,-0.30556207145002,3.88342211383613,-1
79,71,1,-1,1.92167915167673,2.4462780276042,0.438320086548535,1
79,72,1,1,2.01616937488805,4.07765573562489,0.504365352055369,1
79,73,1,1,2.01616937488805,4.07765573562489,0.347696680070823,1
79,74,-1,1,1.82430549149687,-0.30556207145002,0.30022018993188,-1
79,75,1,-1,1.92167915167673,2.4462780276042,0.509789803539627,1
79,76,-1,1,1.82430549149687,-0.30556207145002,0.527624106876672,-1
79,77,-1,-1,1.7388072018967,0.98162830822093,0.481371078511704,1
79,78,-1,1,1.82430549149687,-0.30556207145002,0.360528463672075,1
79,79,1,1,2.01616937488805,4.07765573562489,0.496249177567606,1
79,80,1,1,2.01616937488805,4.07765573562489,0.360507385750964,1
79,81,1,1,2.01616937488805,4.07765573562489,0.91787148984439,1
79,82,-1,1,1.82430549149687,-0.30556207145002,1.12118670691406,-1
79,83,-1,-1,1.7388072018967,0.98162830822093,0.545234204882591,1
79,84,-1,1,1.82430549149687,-0.30556207145002,0.98932687963191,-1
79,85,1,-1,1.92167915167673,2.4462780276042,0.766632464980543,1
79,86,-1,1,1.82430549149687,-0.30556207145002,0.618891197173198,1
79,87,1,1,2.01616937488805,4.07765573562489,0.466284472363984,1
79,88,1,1,2.01616937488805,4.07765573562489,0.638219863024207,1
79,89,-1,1,1.82430549149687,-0.30556207145002,0.490562511917744,1
79,90,1,1,2.01616937488805,4.07765573562489,0.596663149564871,1
79,91,-1,1,1.82430549149687,-0.30556207145002,0.634586305283287,1
79,92,1,1,2.01616937488805,4.07765573562489,0.541369953303423,1
79,93,1,1,2.01616937488805,4.07765573562489,0.351737742643284,1
79,94,1,1,2.01616937488805,4.07765573562489,0.332507587908161,1
79,95,1,1,2.01616937488805,4.07765573562489,0.631241825473243,1
79,96,1,1,2.01616937488805,4.07765573562489,0.361760958410982,1
79,97,-1,1,1.82430549149687,-0.30556207145002,0.727485790555794,-1
79,98,1,-1,1.92167915167673,2.4462780276042,0.407797848048964,1
79,99,-1,1,1.82430549149687,-0.30556207145002,1.49028343802972,1
79,100,1,1,2.01616937488805,4.07765573562489,0.488768395018227,1
79,101,-1,1,1.82430549149687,-0.30556207145002,0.545903906027189,-1
80,2,1,1,1.76388653443336,2.93654821451297,0.369657192439864,1
80,3,-1,1,1.59603053752508,1.24207063012049,1.33982069766202,-1
80,4,-1,-1,1.52123063052262,1.7462447552463,0.365728354676047,1
80,5,1,1,1.76388653443336,2.93654821451297,1.78622434523787,1
80,6,1,1,1.76388653443336,2.93654821451297,0.460952216087235,1
80,7,-1,1,1.59603053752508,1.24207063012049,0.462609185705778,1
80,8,-1,1,1.59603053752508,1.24207063012049,0.609191151405255,1
80,9,-1,1,1.59603053752508,1.24207063012049,0.499453254682737,1
80,10,-1,1,1.59603053752508,1.24207063012049,0.70507084457327,1
80,11,1,1,1.76388653443336,2.93654821451297,0.5006186456866,1
80,12,1,1,1.76388653443336,2.93654821451297,0.393050763344761,1
80,13,-1,1,1.59603053752508,1.24207063012049,0.987630407642536,1
80,14,1,1,1.76388653443336,2.93654821451297,0.7274773229516,1
80,15,-1,1,1.59603053752508,1.24207063012049,0.398541067094994,1
80,16,1,1,1.76388653443336,2.93654821451297,0.465323984636256,1
80,17,1,1,1.76388653443336,2.93654821451297,0.525803316519869,1
80,18,-1,1,1.59603053752508,1.24207063012049,1.94693821081757,1
80,19,-1,1,1.59603053752508,1.24207063012049,0.634124437715677,1
80,20,1,1,1.76388653443336,2.93654821451297,0.385369632562449,1
80,21,1,1,1.76388653443336,2.93654821451297,0.795392735202807,1
80,22,1,1,1.76388653443336,2.93654821451297,0.780624345848243,1
80,23,-1,1,1.59603053752508,1.24207063012049,0.471934909865103,1
80,24,1,1,1.76388653443336,2.93654821451297,0.406076047770594,1
80,25,1,1,1.76388653443336,2.93654821451297,0.49304992273446,1
80,26,1,1,1.76388653443336,2.93654821451297,0.475826182826808,1
80,27,1,1,1.76388653443336,2.93654821451297,0.648369921632561,1
80,28,-1,1,1.59603053752508,1.24207063012049,0.471741134956007,1
80,29,-1,1,1.59603053752508,1.24207063012049,0.959762837327837,1
80,30,1,1,1.76388653443336,2.93654821451297,0.669525329635786,1
80,31,-1,1,1.59603053752508,1.24207063012049,0.657284604465477,1
80,32,-1,1,1.59603053752508,1.24207063012049,0.321065577378486,1
80,33,-1,1,1.59603053752508,1.24207063012049,0.389124696752378,1
80,34,-1,1,1.59603053752508,1.24207063012049,0.406971952591981,1
80,35,-1,1,1.59603053752508,1.24207063012049,0.475748434002694,1
80,36,-1,1,1.59603053752508,1.24207063012049,0.579030732462016,1
80,37,1,1,1.76388653443336,2.93654821451297,0.980449257713696,1
80,38,1,1,1.76388653443336,2.93654821451297,0.373043347336863,1
80,39,1,1,1.76388653443336,2.93654821451297,0.65460631618557,1
80,40,-1,1,1.59603053752508,1.24207063012049,0.881105088865185,1
80,41,-1,1,1.59603053752508,1.24207063012049,0.583187026552886,1
80,42,1,1,1.76388653443336,2.93654821451297,0.5267564904725,1
80,43,-1,1,1.59603053752508,1.24207063012049,0.402750718576741,1
80,44,-1,1,1.59603053752508,1.24207063012049,0.688608194217708,1
80,45,1,1,1.76388653443336,2.93654821451297,0.455163310927293,1
80,46,-1,1,1.59603053752508,1.24207063012049,1.20462796898234,1
80,47,-1,1,1.59603053752508,1.24207063012049,0.861136583661191,1
80,48,-1,1,1.59603053752508,1.24207063012049,0.414233385734937,1
80,49,-1,1,1.59603053752508,1.24207063012049,0.544995351261803,-1
80,50,1,-1,1.68121985253948,1.27513640012023,0.854695526784852,1
80,51,1,1,1.76388653443336,2.93654821451297,0.600095931240327,1
80,52,1,1,1.76388653443336,2.93654821451297,0.957144284956752,1
80,53,-1,1,1.59603053752508,1.24207063012049,1.59773730190703,1
80,54,1,1,1.76388653443336,2.93654821451297,0.732150659602437,1
80,55,1,1,1.76388653443336,2.93654821451297,0.342252579903331,1
80,56,1,1,1.76388653443336,2.93654821451297,0.473411972664611,1
80,57,-1,1,1.59603053752508,1.24207063012049,0.712199498996676,1
80,58,-1,1,1.59603053752508,1.24207063012049,0.874154159577483,1
80,59,1,1,1.76388653443336,2.93654821451297,0.530359370380916,1
80,60,1,1,1.76388653443336,2.93654821451297,0.588168821758037,1
80,61,1,1,1.76388653443336,2.93654821451297,0.510531483618173,1
80,62,1,1,1.76388653443336,2.93654821451297,0.51574397264005,1
80,63,-1,1,1.59603053752508,1.24207063012049,0.712185191962328,1
80,64,1,1,1.76388653443336,2.93654821451297,1.42870430106521,1
80,65,-1,1,1.59603053752508,1.24207063012049,0.853905455708229,1
80,66,-1,1,1.59603053752508,1.24207063012049,0.598674582917752,1
80,67,1,1,1.76388653443336,2.93654821451297,0.432621295736721,1
80,68,1,1,1.76388653443336,2.93654821451297,0.439157991552243,1
80,69,-1,1,1.59603053752508,1.24207063012049,1.56441814051992,-1
80,70,1,-1,1.68121985253948,1.27513640012023,0.858913157579076,1
80,71,-1,1,1.59603053752508,1.24207063012049,0.450627075269163,-1
80,72,-1,-1,1.52123063052262,1.7462447552463,0.502379075752849,1
80,73,1,1,1.76388653443336,2.93654821451297,0.931354344951387,1
80,74,1,1,1.76388653443336,2.93654821451297,0.369274126147433,1
80,75,-1,1,1.59603053752508,1.24207063012049,1.82619196803396,1
80,76,-1,1,1.59603053752508,1.24207063012049,0.480346941898126,1
80,77,-1,1,1.59603053752508,1.24207063012049,0.820727766636239,1
80,78,-1,1,1.59603053752508,1.24207063012049,0.508961871291261,1
80,79,-1,1,1.59603053752508,1.24207063012049,0.414398794531518,1
80,80,-1,1,1.59603053752508,1.24207063012049,0.630228533873723,1
80,81,-1,1,1.59603053752508,1.24207063012049,0.457890557810052,1
80,82,1,1,1.76388653443336,2.93654821451297,0.51669795905091,1
80,83,1,1,1.76388653443336,2.93654821451297,0.419577133325289,1
80,84,-1,1,1.59603053752508,1.24207063012049,0.67748596889935,1
80,85,1,1,1.76388653443336,2.93654821451297,0.415384462228974,1
80,86,1,1,1.76388653443336,2.93654821451297,0.748106726770755,1
80,87,1,1,1.76388653443336,2.93654821451297,0.341130735065893,1
80,88,-1,1,1.59603053752508,1.24207063012049,0.529693171558815,1
80,89,1,1,1.76388653443336,2.93654821451297,0.837521043444412,1
80,90,1,1,1.76388653443336,2.93654821451297,0.292653240012805,1
80,91,-1,1,1.59603053752508,1.24207063012049,0.540880169670941,1
80,92,1,1,1.76388653443336,2.93654821451297,0.456064070267614,1
80,93,-1,1,1.59603053752508,1.24207063012049,0.60956123664005,1
80,94,1,1,1.76388653443336,2.93654821451297,0.472282125076925,1
80,95,1,1,1.76388653443336,2.93654821451297,0.458399971734017,1
80,96,-1,1,1.59603053752508,1.24207063012049,0.582375798337012,1
80,97,1,1,1.76388653443336,2.93654821451297,0.561267382102574,1
80,98,1,1,1.76388653443336,2.93654821451297,0.30195582516354,1
80,99,-1,1,1.59603053752508,1.24207063012049,0.622331472162948,1
80,100,1,1,1.76388653443336,2.93654821451297,0.33984897302106,1
80,101,-1,1,1.59603053752508,1.24207063012049,0.426990897383953,1
81,2,-1,1,1.88288322456017,2.91673380099548,0.861087023071936,1
81,3,1,1,2.0809077819164,2.29047371854471,0.566052971419468,1
81,4,1,1,2.0809077819164,2.29047371854471,0.452135249284411,1
81,5,1,1,2.0809077819164,2.29047371854471,0.703587028046791,1
81,6,-1,1,1.88288322456017,2.91673380099548,0.5216697939181,1
81,7,1,1,2.0809077819164,2.29047371854471,0.450631025393622,1
81,8,1,1,2.0809077819164,2.29047371854471,0.707565295573692,1
81,9,-1,1,1.88288322456017,2.91673380099548,0.862468790653428,1
81,10,-1,1,1.88288322456017,2.91673380099548,0.35064145988108,1
81,11,1,1,2.0809077819164,2.29047371854471,0.430795803183891,1
81,12,1,1,2.0809077819164,2.29047371854471,0.692307311824182,1
81,13,-1,1,1.88288322456017,2.91673380099548,0.492177432011138,1
81,14,-1,1,1.88288322456017,2.91673380099548,0.505447102643129,1
81,15,1,1,2.0809077819164,2.29047371854471,0.856231402392635,1
81,16,-1,1,1.88288322456017,2.91673380099548,0.348614174028231,1
81,17,1,1,2.0809077819164,2.29047371854471,0.732212078638599,1
81,18,-1,1,1.88288322456017,2.91673380099548,0.565586744171935,1
81,19,-1,1,1.88288322456017,2.91673380099548,0.435541469492059,1
81,20,1,1,2.0809077819164,2.29047371854471,0.449736280937327,1
81,21,-1,1,1.88288322456017,2.91673380099548,0.757111715559932,1
81,22,1,1,2.0809077819164,2.29047371854471,0.791472773812703,1
81,23,-1,1,1.88288322456017,2.91673380099548,0.464286964438244,1
81,24,-1,1,1.88288322456017,2.91673380099548,0.414730307200168,1
81,25,1,1,2.0809077819164,2.29047371854471,1.13165432609755,1
81,26,-1,1,1.88288322456017,2.91673380099548,0.3080672852973,1
81,27,1,1,2.0809077819164,2.29047371854471,0.408615782740853,1
81,28,-1,1,1.88288322456017,2.91673380099548,0.490127875292329,1
81,29,1,1,2.0809077819164,2.29047371854471,0.693026369858506,1
81,30,1,1,2.0809077819164,2.29047371854471,0.706725452744665,1
81,31,1,1,2.0809077819164,2.29047371854471,0.509503252879869,1
81,32,-1,1,1.88288322456017,2.91673380099548,1.12705265338338,1
81,33,-1,1,1.88288322456017,2.91673380099548,0.671518175392981,1
81,34,-1,1,1.88288322456017,2.91673380099548,0.761893344546595,1
81,35,-1,1,1.88288322456017,2.91673380099548,1.17121671049181,1
81,36,1,1,2.0809077819164,2.29047371854471,0.847075569675137,1
81,37,-1,1,1.88288322456017,2.91673380099548,0.561621265963243,1
81,38,1,1,2.0809077819164,2.29047371854471,0.505656659496861,1
81,39,1,1,2.0809077819164,2.29047371854471,0.369654459456316,1
81,40,-1,1,1.88288322456017,2.91673380099548,0.553916634650509,1
81,41,1,1,2.0809077819164,2.29047371854471,0.709250124335719,1
81,42,-1,1,1.88288322456017,2.91673380099548,0.36168337086016,1
81,43,-1,1,1.88288322456017,2.91673380099548,0.371188377841366,1
81,44,1,1,2.0809077819164,2.29047371854471,0.4366491094429,1
81,45,-1,1,1.88288322456017,2.91673380099548,0.572172221316198,1
81,46,1,1,2.0809077819164,2.29047371854471,0.683886619609509,1
81,47,-1,1,1.88288322456017,2.91673380099548,0.281505785000057,1
81,48,1,1,2.0809077819164,2.29047371854471,0.589393141702989,1
81,49,-1,1,1.88288322456017,2.91673380099548,0.486400385919482,1
81,50,-1,1,1.88288322456017,2.91673380099548,0.984460526103432,1
81,51,1,1,2.0809077819164,2.29047371854471,0.477478340731778,1
81,52,1,1,2.0809077819164,2.29047371854471,0.591434157984162,1
81,53,1,1,2.0809077819164,2.29047371854471,0.438147476034992,1
81,54,1,1,2.0809077819164,2.29047371854471,0.606413899909677,1
81,55,1,1,2.0809077819164,2.29047371854471,0.639382615737495,1
81,56,-1,1,1.88288322456017,2.91673380099548,0.684184451988765,1
81,57,1,1,2.0809077819164,2.29047371854471,0.694231143466646,1
81,58,-1,1,1.88288322456017,2.91673380099548,0.856018619686147,1
81,59,1,1,2.0809077819164,2.29047371854471,0.776592696280469,1
81,60,-1,1,1.88288322456017,2.91673380099548,0.567441870180111,1
81,61,1,1,2.0809077819164,2.29047371854471,0.461231403081627,1
81,62,-1,1,1.88288322456017,2.91673380099548,0.502152898374123,1
81,63,-1,1,1.88288322456017,2.91673380099548,0.588086172245675,1
81,64,1,1,2.0809077819164,2.29047371854471,0.514420460570226,1
81,65,-1,1,1.88288322456017,2.91673380099548,0.377046215669183,1
81,66,1,1,2.0809077819164,2.29047371854471,0.361132645128001,1
81,67,1,1,2.0809077819164,2.29047371854471,1.04581946747227,1
81,68,-1,1,1.88288322456017,2.91673380099548,0.410743767806119,1
81,69,-1,1,1.88288322456017,2.91673380099548,0.493936627083296,1
81,70,-1,1,1.88288322456017,2.91673380099548,0.340377328823807,1
81,71,-1,1,1.88288322456017,2.91673380099548,0.416273790293399,1
81,72,-1,1,1.88288322456017,2.91673380099548,0.829243425216179,1
81,73,-1,1,1.88288322456017,2.91673380099548,1.00390913289895,1
81,74,1,1,2.0809077819164,2.29047371854471,0.358106254303329,1
81,75,-1,1,1.88288322456017,2.91673380099548,0.736898165259484,1
81,76,1,1,2.0809077819164,2.29047371854471,0.711048555379665,1
81,77,1,1,2.0809077819164,2.29047371854471,0.490954694698463,1
81,78,-1,1,1.88288322456017,2.91673380099548,0.361231193227165,1
81,79,-1,1,1.88288322456017,2.91673380099548,0.435090156994863,1
81,80,-1,1,1.88288322456017,2.91673380099548,0.608423160338891,1
81,81,1,1,2.0809077819164,2.29047371854471,1.05649207867194,1
81,82,-1,1,1.88288322456017,2.91673380099548,0.350795863644078,1
81,83,-1,1,1.88288322456017,2.91673380099548,0.365363515134324,1
81,84,-1,1,1.88288322456017,2.91673380099548,0.490466079768464,1
81,85,1,1,2.0809077819164,2.29047371854471,1.44901950071715,1
81,86,1,1,2.0809077819164,2.29047371854471,0.51928860283146,1
81,87,-1,1,1.88288322456017,2.91673380099548,0.370074971193905,1
81,88,1,1,2.0809077819164,2.29047371854471,0.820134145943418,1
81,89,-1,1,1.88288322456017,2.91673380099548,0.376472205658552,1
81,90,1,1,2.0809077819164,2.29047371854471,0.430249194307492,1
81,91,1,1,2.0809077819164,2.29047371854471,0.934742162000931,1
81,92,1,1,2.0809077819164,2.29047371854471,1.46481822230297,1
81,93,1,1,2.0809077819164,2.29047371854471,1.1314648923186,1
81,94,1,1,2.0809077819164,2.29047371854471,1.532008654215,1
81,95,1,1,2.0809077819164,2.29047371854471,0.336075941485888,1
81,96,1,1,2.0809077819164,2.29047371854471,0.348124230654922,1
81,97,-1,1,1.88288322456017,2.91673380099548,0.397440421851156,1
81,98,1,1,2.0809077819164,2.29047371854471,1.49993254477315,1
81,99,1,1,2.0809077819164,2.29047371854471,0.393029028584215,1
81,100,-1,1,1.88288322456017,2.91673380099548,0.537106254523299,1
81,101,-1,1,1.88288322456017,2.91673380099548,0.457725441571997,1
82,2,1,1,1.97286261210863,3.84412641397106,0.406616412524377,1
82,3,-1,1,1.78511991208005,0.655252475043826,0.909956117155651,1
82,4,1,1,1.97286261210863,3.84412641397106,0.59399539601721,1
82,5,-1,1,1.78511991208005,0.655252475043826,0.967799854936844,-1
82,6,-1,-1,1.70145810218832,0.925281153285237,0.757906472721232,1
82,7,1,1,1.97286261210863,3.84412641397106,1.03707590235656,1
82,8,-1,1,1.78511991208005,0.655252475043826,0.49074772975125,1
82,9,-1,1,1.78511991208005,0.655252475043826,0.507469212915704,1
82,10,1,1,1.97286261210863,3.84412641397106,0.455785406798993,1
82,11,-1,1,1.78511991208005,0.655252475043826,0.835964740355087,1
82,12,-1,1,1.78511991208005,0.655252475043826,0.517564657326349,1
82,13,1,1,1.97286261210863,3.84412641397106,0.36992366782361,1
82,14,1,1,1.97286261210863,3.84412641397106,0.451533821414748,1
82,15,1,1,1.97286261210863,3.84412641397106,0.345613770378102,1
82,16,1,1,1.97286261210863,3.84412641397106,0.408295216489761,1
82,17,-1,1,1.78511991208005,0.655252475043826,0.870247689930827,1
82,18,-1,1,1.78511991208005,0.655252475043826,0.790322700361243,1
82,19,-1,1,1.78511991208005,0.655252475043826,0.840462536870588,1
82,20,1,1,1.97286261210863,3.84412641397106,0.565715008656354,1
82,21,1,1,1.97286261210863,3.84412641397106,0.524280985234934,1
82,22,-1,1,1.78511991208005,0.655252475043826,0.744716933580644,1
82,23,-1,1,1.78511991208005,0.655252475043826,0.512319431298193,-1
82,24,1,-1,1.88040201286272,1.77533995769988,0.580674061024269,1
82,25,1,1,1.97286261210863,3.84412641397106,0.519099383056515,1
82,26,-1,1,1.78511991208005,0.655252475043826,0.743386262501888,1
82,27,1,1,1.97286261210863,3.84412641397106,0.582457739640379,1
82,28,1,1,1.97286261210863,3.84412641397106,0.441732303751661,1
82,29,-1,1,1.78511991208005,0.655252475043826,2.17899139158391,-1
82,30,-1,-1,1.70145810218832,0.925281153285237,0.74735680553662,1
82,31,1,1,1.97286261210863,3.84412641397106,0.416617865708376,1
82,32,-1,1,1.78511991208005,0.655252475043826,0.591443422266152,-1
82,33,-1,-1,1.70145810218832,0.925281153285237,2.26136458664838,1
82,34,-1,1,1.78511991208005,0.655252475043826,1.36254263930626,1
82,35,1,1,1.97286261210863,3.84412641397106,0.508364214173943,1
82,36,-1,1,1.78511991208005,0.655252475043826,1.51589807029749,1
82,37,-1,1,1.78511991208005,0.655252475043826,0.702278903293507,1
82,38,1,1,1.97286261210863,3.84412641397106,0.464841183858536,1
82,39,1,1,1.97286261210863,3.84412641397106,0.488933494088184,1
82,40,-1,1,1.78511991208005,0.655252475043826,2.73158444435068,1
82,41,1,1,1.97286261210863,3.84412641397106,0.533707848815357,1
82,42,-1,1,1.78511991208005,0.655252475043826,0.347208627878934,1
82,43,-1,1,1.78511991208005,0.655252475043826,0.770171085837252,1
82,44,1,1,1.97286261210863,3.84412641397106,0.688893898832681,1
82,45,-1,1,1.78511991208005,0.655252475043826,0.46442822390774,1
82,46,-1,1,1.78511991208005,0.655252475043826,1.22385742905264,1
82,47,-1,1,1.78511991208005,0.655252475043826,0.626158496055676,1
82,48,-1,1,1.78511991208005,0.655252475043826,0.648790733562644,-1
82,49,1,-1,1.88040201286272,1.77533995769988,0.557481825441171,1
82,50,1,1,1.97286261210863,3.84412641397106,0.549669256860015,1
82,51,-1,1,1.78511991208005,0.655252475043826,0.635697595763235,1
82,52,1,1,1.97286261210863,3.84412641397106,0.441720870757226,1
82,53,1,1,1.97286261210863,3.84412641397106,0.577115375315711,1
82,54,1,1,1.97286261210863,3.84412641397106,0.436808056855247,1
82,55,1,1,1.97286261210863,3.84412641397106,0.61144110416855,1
82,56,-1,1,1.78511991208005,0.655252475043826,0.664503752461988,1
82,57,1,1,1.97286261210863,3.84412641397106,0.46016161498185,1
82,58,1,1,1.97286261210863,3.84412641397106,0.51353047917413,1
82,59,1,1,1.97286261210863,3.84412641397106,0.48104604780627,1
82,60,1,1,1.97286261210863,3.84412641397106,0.368223811406566,1
82,61,-1,1,1.78511991208005,0.655252475043826,0.741793103331094,-1
82,62,-1,-1,1.70145810218832,0.925281153285237,0.384149479550216,1
82,63,-1,1,1.78511991208005,0.655252475043826,1.02766509423921,-1
82,64,-1,-1,1.70145810218832,0.925281153285237,0.897421895760132,1
82,65,1,1,1.97286261210863,3.84412641397106,0.399456113828466,1
82,66,-1,1,1.78511991208005,0.655252475043826,0.336111150381489,1
82,67,-1,1,1.78511991208005,0.655252475043826,1.14493326089144,1
82,68,-1,1,1.78511991208005,0.655252475043826,0.35552742146908,1
82,69,1,1,1.97286261210863,3.84412641397106,0.575533475036981,1
82,70,1,1,1.97286261210863,3.84412641397106,0.450959713536058,1
82,71,-1,1,1.78511991208005,0.655252475043826,1.73278938619962,1
82,72,1,1,1.97286261210863,3.84412641397106,0.518739065965303,1
82,73,1,1,1.97286261210863,3.84412641397106,0.406959629475572,1
82,74,-1,1,1.78511991208005,0.655252475043826,0.504501859465123,1
82,75,1,1,1.97286261210863,3.84412641397106,0.361454603018914,1
82,76,1,1,1.97286261210863,3.84412641397106,0.45669864857044,1
82,77,-1,1,1.78511991208005,0.655252475043826,1.16974078275764,1
82,78,-1,1,1.78511991208005,0.655252475043826,2.02952571853565,1
82,79,-1,1,1.78511991208005,0.655252475043826,0.875671243024654,1
82,80,-1,1,1.78511991208005,0.655252475043826,0.735939407026545,1
82,81,1,1,1.97286261210863,3.84412641397106,0.33417178193826,1
82,82,1,1,1.97286261210863,3.84412641397106,0.663807818314906,1
82,83,-1,1,1.78511991208005,0.655252475043826,0.699166372841506,1
82,84,-1,1,1.78511991208005,0.655252475043826,0.352510256066726,1
82,85,-1,1,1.78511991208005,0.655252475043826,0.590338116754021,-1
82,86,1,-1,1.88040201286272,1.77533995769988,0.530591594413269,1
82,87,1,1,1.97286261210863,3.84412641397106,0.563801678180868,1
82,88,1,1,1.97286261210863,3.84412641397106,0.639514512632571,1
82,89,-1,1,1.78511991208005,0.655252475043826,1.00106933464605,1
82,90,-1,1,1.78511991208005,0.655252475043826,0.700168183815854,1
82,91,-1,1,1.78511991208005,0.655252475043826,0.617330109988507,1
82,92,1,1,1.97286261210863,3.84412641397106,0.486706443501744,1
82,93,1,1,1.97286261210863,3.84412641397106,0.380182110786222,1
82,94,1,1,1.97286261210863,3.84412641397106,0.504413819683163,1
82,95,1,1,1.97286261210863,3.84412641397106,0.426882045049975,1
82,96,-1,1,1.78511991208005,0.655252475043826,0.393117027561944,1
82,97,1,1,1.97286261210863,3.84412641397106,0.671741557771228,1
82,98,1,1,1.97286261210863,3.84412641397106,0.60973045487527,1
82,99,-1,1,1.78511991208005,0.655252475043826,1.00061978799298,1
82,100,1,1,1.97286261210863,3.84412641397106,0.546482135260637,1
82,101,1,1,1.97286261210863,3.84412641397106,0.400671237604087,1
83,2,-1,1,1.34258680404385,1.03244158886924,0.278655787799789,1
83,3,-1,1,1.34258680404385,1.03244158886924,0.607859162018275,1
83,4,-1,1,1.34258680404385,1.03244158886924,0.635397672055478,-1
83,5,1,-1,1.41424837159833,1.58713492243048,0.388069895510471,1
83,6,1,1,1.48378789082139,3.64410416599621,0.366956531706496,1
83,7,1,1,1.48378789082139,3.64410416599621,0.421337452938535,1
83,8,-1,1,1.34258680404385,1.03244158886924,0.833013249995474,1
83,9,-1,1,1.34258680404385,1.03244158886924,0.404146453926841,-1
83,10,1,-1,1.41424837159833,1.58713492243048,0.344305301642104,1
83,11,-1,1,1.34258680404385,1.03244158886924,0.572477189246362,1
83,12,-1,1,1.34258680404385,1.03244158886924,0.46097098144885,1
83,13,1,1,1.48378789082139,3.64410416599621,0.48979294076463,1
83,14,1,1,1.48378789082139,3.64410416599621,0.357942364875247,1
83,15,-1,1,1.34258680404385,1.03244158886924,0.281178143986311,1
83,16,-1,1,1.34258680404385,1.03244158886924,0.29529070254321,1
83,17,1,1,1.48378789082139,3.64410416599621,0.465762069645518,1
83,18,1,1,1.48378789082139,3.64410416599621,0.474092747734804,1
83,19,-1,1,1.34258680404385,1.03244158886924,0.763060891996043,1
83,20,-1,1,1.34258680404385,1.03244158886924,0.363045887250961,1
83,21,1,1,1.48378789082139,3.64410416599621,0.266814087263776,1
83,22,1,1,1.48378789082139,3.64410416599621,0.495780554911666,1
83,23,-1,1,1.34258680404385,1.03244158886924,0.751735739915088,-1
83,24,1,-1,1.41424837159833,1.58713492243048,0.535113894601374,1
83,25,1,1,1.48378789082139,3.64410416599621,0.329174023870382,1
83,26,1,1,1.48378789082139,3.64410416599621,0.871837683880902,1
83,27,-1,1,1.34258680404385,1.03244158886924,0.513333529856374,1
83,28,-1,1,1.34258680404385,1.03244158886924,0.663597157089519,1
83,29,1,1,1.48378789082139,3.64410416599621,0.323128785915158,1
83,30,1,1,1.48378789082139,3.64410416599621,0.450495304487872,1
83,31,-1,1,1.34258680404385,1.03244158886924,0.982649817592125,1
83,32,-1,1,1.34258680404385,1.03244158886924,0.312675695987517,-1
83,33,-1,-1,1.2796648450186,0.936319322704073,0.519062705754616,1
83,34,1,1,1.48378789082139,3.64410416599621,0.557535735876063,1
83,35,1,1,1.48378789082139,3.64410416599621,0.300696415971532,1
83,36,-1,1,1.34258680404385,1.03244158886924,0.407971343228953,1
83,37,-1,1,1.34258680404385,1.03244158886924,0.913859684913395,1
83,38,-1,1,1.34258680404385,1.03244158886924,0.34771750086008,-1
83,39,-1,-1,1.2796648450186,0.936319322704073,0.388153915108925,-1
83,40,1,-1,1.41424837159833,1.58713492243048,0.360936000885759,1
83,41,-1,1,1.34258680404385,1.03244158886924,0.633842941703909,1
83,42,-1,1,1.34258680404385,1.03244158886924,0.857868539208355,1
83,43,1,1,1.48378789082139,3.64410416599621,0.384256923695343,1
83,44,1,1,1.48378789082139,3.64410416599621,0.618522616253185,1
83,45,1,1,1.48378789082139,3.64410416599621,0.636870877500162,1
83,46,-1,1,1.34258680404385,1.03244158886924,0.470819111803042,1
83,47,-1,1,1.34258680404385,1.03244158886924,0.370424325599159,1
83,48,-1,1,1.34258680404385,1.03244158886924,0.681098117364327,1
83,49,1,1,1.48378789082139,3.64410416599621,0.593635479330545,1
83,50,-1,1,1.34258680404385,1.03244158886924,0.71370511023702,1
83,51,1,1,1.48378789082139,3.64410416599621,0.433075266112169,1
83,52,1,1,1.48378789082139,3.64410416599621,0.307987451674904,1
83,53,1,1,1.48378789082139,3.64410416599621,0.330010064679895,1
83,54,1,1,1.48378789082139,3.64410416599621,0.307362439264529,1
83,55,-1,1,1.34258680404385,1.03244158886924,0.435365225204289,1
83,56,-1,1,1.34258680404385,1.03244158886924,0.549010136377192,1
83,57,-1,1,1.34258680404385,1.03244158886924,0.344820759178752,1
83,58,1,1,1.48378789082139,3.64410416599621,0.996666338938661,1
83,59,-1,1,1.34258680404385,1.03244158886924,0.81500804065129,-1
83,60,1,-1,1.41424837159833,1.58713492243048,0.616521138374974,1
83,61,1,1,1.48378789082139,3.64410416599621,0.312319379136203,1
83,62,-1,1,1.34258680404385,1.03244158886924,0.327798834155467,1
83,63,-1,1,1.34258680404385,1.03244158886924,0.443808601674153,1
83,64,1,1,1.48378789082139,3.64410416599621,0.419150396603049,1
83,65,-1,1,1.34258680404385,1.03244158886924,0.289435673899222,1
83,66,1,1,1.48378789082139,3.64410416599621,0.317917568417311,1
83,67,-1,1,1.34258680404385,1.03244158886924,0.731805790317092,1
83,68,-1,1,1.34258680404385,1.03244158886924,0.487163434712082,1
83,69,1,1,1.48378789082139,3.64410416599621,0.443947071517729,1
83,70,1,1,1.48378789082139,3.64410416599621,0.428167522895257,1
83,71,1,1,1.48378789082139,3.64410416599621,0.310645065272783,1
83,72,-1,1,1.34258680404385,1.03244158886924,0.385914651411421,1
83,73,-1,1,1.34258680404385,1.03244158886924,0.343418102635654,1
83,74,-1,1,1.34258680404385,1.03244158886924,0.979781336695396,1
83,75,-1,1,1.34258680404385,1.03244158886924,1.58716436663049,-1
83,76,-1,-1,1.2796648450186,0.936319322704073,0.473955330783516,-1
83,77,-1,-1,1.2796648450186,0.936319322704073,0.296408282283206,-1
83,78,1,-1,1.41424837159833,1.58713492243048,0.652705320218685,1
83,79,-1,1,1.34258680404385,1.03244158886924,0.443278115608183,1
83,80,-1,1,1.34258680404385,1.03244158886924,0.580953151986304,1
83,81,1,1,1.48378789082139,3.64410416599621,0.441219532434049,1
83,82,-1,1,1.34258680404385,1.03244158886924,0.59971904908795,1
83,83,1,1,1.48378789082139,3.64410416599621,0.35732121042349,1
83,84,1,1,1.48378789082139,3.64410416599621,0.326418829371292,1
83,85,-1,1,1.34258680404385,1.03244158886924,0.617742570825046,-1
83,86,1,-1,1.41424837159833,1.58713492243048,0.648712125239441,1
83,87,1,1,1.48378789082139,3.64410416599621,0.323834619751698,1
83,88,-1,1,1.34258680404385,1.03244158886924,0.280620659868156,1
83,89,-1,1,1.34258680404385,1.03244158886924,0.441131815615336,1
83,90,1,1,1.48378789082139,3.64410416599621,0.32909888886897,1
83,91,1,1,1.48378789082139,3.64410416599621,0.37615803700692,1
83,92,1,1,1.48378789082139,3.64410416599621,0.405298811337471,1
83,93,1,1,1.48378789082139,3.64410416599621,0.484685412162916,1
83,94,1,1,1.48378789082139,3.64410416599621,0.452565763625226,1
83,95,-1,1,1.34258680404385,1.03244158886924,0.376203071510705,1
83,96,1,1,1.48378789082139,3.64410416599621,0.309212303516932,1
83,97,1,1,1.48378789082139,3.64410416599621,0.356424198697256,1
83,98,1,1,1.48378789082139,3.64410416599621,0.635510947586094,1
83,99,1,1,1.48378789082139,3.64410416599621,0.725270380876093,1
83,100,1,1,1.48378789082139,3.64410416599621,0.67938935435519,1
83,101,-1,1,1.34258680404385,1.03244158886924,0.368921360963204,1
84,2,1,1,2.1018280194571,3.14568087868786,0.690427247443451,1
84,3,-1,1,1.9018126382812,0.798061682970901,0.42911262531765,1
84,4,-1,1,1.9018126382812,0.798061682970901,0.785284429660601,1
84,5,1,1,2.1018280194571,3.14568087868786,0.600727001906763,1
84,6,-1,1,1.9018126382812,0.798061682970901,1.03429331144909,1
84,7,-1,1,1.9018126382812,0.798061682970901,0.372839692162098,1
84,8,-1,1,1.9018126382812,0.798061682970901,0.39667502054277,1
84,9,-1,1,1.9018126382812,0.798061682970901,0.378513954824423,1
84,10,1,1,2.1018280194571,3.14568087868786,0.468549371648558,1
84,11,-1,1,1.9018126382812,0.798061682970901,0.400399989678538,-1
84,12,1,-1,2.00332329997076,1.71052588215667,0.617857284910935,1
84,13,-1,1,1.9018126382812,0.798061682970901,0.445954100459958,1
84,14,1,1,2.1018280194571,3.14568087868786,0.642525473156092,1
84,15,1,1,2.1018280194571,3.14568087868786,1.47453051276045,1
84,16,1,1,2.1018280194571,3.14568087868786,0.37186228550923,1
84,17,-1,1,1.9018126382812,0.798061682970901,0.467599055219174,1
84,18,1,1,2.1018280194571,3.14568087868786,0.465952229553866,1
84,19,-1,1,1.9018126382812,0.798061682970901,1.68730185919989,1
84,20,-1,1,1.9018126382812,0.798061682970901,1.52084916923052,1
84,21,-1,1,1.9018126382812,0.798061682970901,1.15860078426444,-1
84,22,1,-1,2.00332329997076,1.71052588215667,0.942202250528253,1
84,23,-1,1,1.9018126382812,0.798061682970901,0.407185720402782,1
84,24,1,1,2.1018280194571,3.14568087868786,0.340729801599973,1
84,25,1,1,2.1018280194571,3.14568087868786,0.55960797643187,1
84,26,1,1,2.1018280194571,3.14568087868786,0.450709307148066,1
84,27,1,1,2.1018280194571,3.14568087868786,0.359807921379756,1
84,28,-1,1,1.9018126382812,0.798061682970901,1.63358261796804,1
84,29,-1,1,1.9018126382812,0.798061682970901,1.26849665374099,1
84,30,-1,1,1.9018126382812,0.798061682970901,0.614307912046136,1
84,31,-1,1,1.9018126382812,0.798061682970901,1.44768234703306,1
84,32,-1,1,1.9018126382812,0.798061682970901,0.77426856865091,-1
84,33,-1,-1,1.81268188223682,1.54573155618457,0.639499997801789,1
84,34,1,1,2.1018280194571,3.14568087868786,0.417244158797176,1
84,35,-1,1,1.9018126382812,0.798061682970901,0.454806226987922,1
84,36,-1,1,1.9018126382812,0.798061682970901,0.861112230351235,1
84,37,1,1,2.1018280194571,3.14568087868786,0.579059135109643,1
84,38,1,1,2.1018280194571,3.14568087868786,0.702652863122759,1
84,39,1,1,2.1018280194571,3.14568087868786,0.584786041094651,1
84,40,1,1,2.1018280194571,3.14568087868786,0.568979521966455,1
84,41,1,1,2.1018280194571,3.14568087868786,0.647827309221782,1
84,42,-1,1,1.9018126382812,0.798061682970901,0.541122179410315,-1
84,43,1,-1,2.00332329997076,1.71052588215667,2.10721607241023,1
84,44,-1,1,1.9018126382812,0.798061682970901,0.592860578185803,1
84,45,1,1,2.1018280194571,3.14568087868786,0.560548207163563,1
84,46,1,1,2.1018280194571,3.14568087868786,0.404975677788112,1
84,47,1,1,2.1018280194571,3.14568087868786,0.776922970766963,1
84,48,1,1,2.1018280194571,3.14568087868786,0.653267404663976,1
84,49,-1,1,1.9018126382812,0.798061682970901,0.629142215475731,1
84,50,1,1,2.1018280194571,3.14568087868786,0.562975945587509,1
84,51,-1,1,1.9018126382812,0.798061682970901,0.467091223290744,-1
84,52,-1,-1,1.81268188223682,1.54573155618457,0.432521924634168,1
84,53,-1,1,1.9018126382812,0.798061682970901,0.672632469608764,1
84,54,-1,1,1.9018126382812,0.798061682970901,0.354647208948975,1
84,55,-1,1,1.9018126382812,0.798061682970901,0.422781988382989,-1
84,56,1,-1,2.00332329997076,1.71052588215667,1.30479560364217,1
84,57,1,1,2.1018280194571,3.14568087868786,0.42927794422545,1
84,58,-1,1,1.9018126382812,0.798061682970901,0.593870067522546,1
84,59,-1,1,1.9018126382812,0.798061682970901,1.87451432567068,1
84,60,1,1,2.1018280194571,3.14568087868786,0.527246276514519,1
84,61,1,1,2.1018280194571,3.14568087868786,0.859743828123827,1
84,62,-1,1,1.9018126382812,0.798061682970901,0.746594656362905,1
84,63,-1,1,1.9018126382812,0.798061682970901,2.34897208680511,1
84,64,1,1,2.1018280194571,3.14568087868786,0.496242978865515,1
84,65,1,1,2.1018280194571,3.14568087868786,0.414680419797453,1
84,66,-1,1,1.9018126382812,0.798061682970901,0.976377853207832,1
84,67,1,1,2.1018280194571,3.14568087868786,0.681518982462699,1
84,68,1,1,2.1018280194571,3.14568087868786,0.660373221740864,1
84,69,1,1,2.1018280194571,3.14568087868786,0.387918713058365,1
84,70,1,1,2.1018280194571,3.14568087868786,0.458930426955256,1
84,71,1,1,2.1018280194571,3.14568087868786,0.356036877231521,1
84,72,1,1,2.1018280194571,3.14568087868786,0.575050948060841,1
84,73,-1,1,1.9018126382812,0.798061682970901,0.919290144386648,1
84,74,1,1,2.1018280194571,3.14568087868786,0.37389137420779,1
84,75,-1,1,1.9018126382812,0.798061682970901,0.738304402917969,1
84,76,-1,1,1.9018126382812,0.798061682970901,0.566833567856187,1
84,77,-1,1,1.9018126382812,0.798061682970901,0.376517213198316,1
84,78,1,1,2.1018280194571,3.14568087868786,0.64188374199831,1
84,79,-1,1,1.9018126382812,0.798061682970901,0.749954093976235,-1
84,80,1,-1,2.00332329997076,1.71052588215667,0.949372534263826,1
84,81,-1,1,1.9018126382812,0.798061682970901,1.58051905359889,1
84,82,-1,1,1.9018126382812,0.798061682970901,3.19073507442964,1
84,83,1,1,2.1018280194571,3.14568087868786,0.651818113384057,1
84,84,1,1,2.1018280194571,3.14568087868786,0.705952196204516,1
84,85,-1,1,1.9018126382812,0.798061682970901,0.731361445082535,-1
84,86,-1,-1,1.81268188223682,1.54573155618457,0.645543765220851,1
84,87,-1,1,1.9018126382812,0.798061682970901,0.562473706665046,1
84,88,1,1,2.1018280194571,3.14568087868786,0.469217665663798,1
84,89,1,1,2.1018280194571,3.14568087868786,0.540353096281514,1
84,90,-1,1,1.9018126382812,0.798061682970901,0.931900409982536,1
84,91,1,1,2.1018280194571,3.14568087868786,0.418982663810938,1
84,92,1,1,2.1018280194571,3.14568087868786,0.523935094126735,1
84,93,-1,1,1.9018126382812,0.798061682970901,0.495880594873172,1
84,94,1,1,2.1018280194571,3.14568087868786,0.439574603842976,1
84,95,1,1,2.1018280194571,3.14568087868786,0.497020447289794,1
84,96,1,1,2.1018280194571,3.14568087868786,0.508499891305236,1
84,97,-1,1,1.9018126382812,0.798061682970901,1.36694403967834,1
84,98,-1,1,1.9018126382812,0.798061682970901,1.40141013272685,1
84,99,1,1,2.1018280194571,3.14568087868786,0.547150007664593,1
84,100,-1,1,1.9018126382812,0.798061682970901,0.811608972493791,-1
84,101,-1,-1,1.81268188223682,1.54573155618457,0.43091181435997,1
85,2,1,1,2.26669193019456,3.63747144557666,0.614230497855769,1
85,3,1,1,2.26669193019456,3.63747144557666,0.825071697038116,1
85,4,-1,1,2.05098767360019,0.546309112542643,1.00506007123038,1
85,5,-1,1,2.05098767360019,0.546309112542643,0.556181214316239,1
85,6,1,1,2.26669193019456,3.63747144557666,0.409386221299109,1
85,7,-1,1,2.05098767360019,0.546309112542643,1.24807587970288,1
85,8,-1,1,2.05098767360019,0.546309112542643,1.33756467196709,1
85,9,-1,1,2.05098767360019,0.546309112542643,0.914602136501183,1
85,10,-1,1,2.05098767360019,0.546309112542643,0.37027779027322,-1
85,11,-1,-1,1.95486564858783,1.2231972701332,0.353736770278386,1
85,12,-1,1,2.05098767360019,0.546309112542643,0.591644145748485,1
85,13,-1,1,2.05098767360019,0.546309112542643,0.389400697754925,1
85,14,1,1,2.26669193019456,3.63747144557666,0.606021704419238,1
85,15,-1,1,2.05098767360019,0.546309112542643,0.3821598823655,-1
85,16,-1,-1,1.95486564858783,1.2231972701332,0.377532542067121,1
85,17,1,1,2.26669193019456,3.63747144557666,0.643368839892554,1
85,18,1,1,2.26669193019456,3.63747144557666,0.431893342954101,1
85,19,-1,1,2.05098767360019,0.546309112542643,0.933849144718811,1
85,20,1,1,2.26669193019456,3.63747144557666,0.415717241386527,1
85,21,-1,1,2.05098767360019,0.546309112542643,1.01821613785774,1
85,22,1,1,2.26669193019456,3.63747144557666,0.616059084489409,1
85,23,-1,1,2.05098767360019,0.546309112542643,0.7405878428003,1
85,24,-1,1,2.05098767360019,0.546309112542643,1.1215868367164,1
85,25,-1,1,2.05098767360019,0.546309112542643,1.48158182345644,-1
85,26,1,-1,2.16046066356436,1.79302217174749,0.402914696508319,1
85,27,-1,1,2.05098767360019,0.546309112542643,0.627747454435487,-1
85,28,-1,-1,1.95486564858783,1.2231972701332,0.809085059256216,1
85,29,1,1,2.26669193019456,3.63747144557666,0.476811575646227,1
85,30,-1,1,2.05098767360019,0.546309112542643,0.838704072105999,-1
85,31,1,-1,2.16046066356436,1.79302217174749,0.514596145805185,1
85,32,1,1,2.26669193019456,3.63747144557666,0.530787090114573,1
85,33,-1,1,2.05098767360019,0.546309112542643,0.406929074929474,1
85,34,-1,1,2.05098767360019,0.546309112542643,1.12773509761241,-1
85,35,1,-1,2.16046066356436,1.79302217174749,0.673489519666027,1
85,36,1,1,2.26669193019456,3.63747144557666,0.487902311252041,1
85,37,1,1,2.26669193019456,3.63747144557666,0.450984322708735,1
85,38,1,1,2.26669193019456,3.63747144557666,0.566509387317468,1
85,39,-1,1,2.05098767360019,0.546309112542643,0.64228716638975,1
85,40,1,1,2.26669193019456,3.63747144557666,0.568710598824491,1
85,41,1,1,2.26669193019456,3.63747144557666,0.9181184673878,1
85,42,1,1,2.26669193019456,3.63747144557666,0.534006921108106,1
85,43,-1,1,2.05098767360019,0.546309112542643,1.05412958098487,-1
85,44,1,-1,2.16046066356436,1.79302217174749,1.30957043671217,-1
85,45,1,-1,2.16046066356436,1.79302217174749,0.42386146795942,1
85,46,1,1,2.26669193019456,3.63747144557666,0.555060409984945,1
85,47,1,1,2.26669193019456,3.63747144557666,0.371375226304543,1
85,48,1,1,2.26669193019456,3.63747144557666,0.493017180557787,1
85,49,1,1,2.26669193019456,3.63747144557666,0.678297614902093,1
85,50,-1,1,2.05098767360019,0.546309112542643,0.489059001374819,1
85,51,1,1,2.26669193019456,3.63747144557666,0.383020895177525,1
85,52,-1,1,2.05098767360019,0.546309112542643,0.457370384675615,1
85,53,1,1,2.26669193019456,3.63747144557666,0.396845208512759,1
85,54,1,1,2.26669193019456,3.63747144557666,0.686433819425853,1
85,55,-1,1,2.05098767360019,0.546309112542643,3.30766561563488,-1
85,56,-1,-1,1.95486564858783,1.2231972701332,0.498351469089851,1
85,57,-1,1,2.05098767360019,0.546309112542643,1.19690278143895,1
85,58,1,1,2.26669193019456,3.63747144557666,0.549901026633844,1
85,59,1,1,2.26669193019456,3.63747144557666,0.562952532753827,1
85,60,-1,1,2.05098767360019,0.546309112542643,1.03528751291997,1
85,61,-1,1,2.05098767360019,0.546309112542643,0.489157076073654,1
85,62,-1,1,2.05098767360019,0.546309112542643,0.450015695189604,1
85,63,-1,1,2.05098767360019,0.546309112542643,0.82983514559595,1
85,64,-1,1,2.05098767360019,0.546309112542643,0.540739012724065,1
85,65,-1,1,2.05098767360019,0.546309112542643,0.388295883714992,1
85,66,-1,1,2.05098767360019,0.546309112542643,2.68101480114092,1
85,67,1,1,2.26669193019456,3.63747144557666,0.271482303714866,1
85,68,-1,1,2.05098767360019,0.546309112542643,1.01200913403931,-1
85,69,1,-1,2.16046066356436,1.79302217174749,0.396384152540385,1
85,70,-1,1,2.05098767360019,0.546309112542643,2.4454533057336,1
85,71,1,1,2.26669193019456,3.63747144557666,0.426666885235796,1
85,72,1,1,2.26669193019456,3.63747144557666,0.561322444180919,1
85,73,-1,1,2.05098767360019,0.546309112542643,1.75384729295263,-1
85,74,1,-1,2.16046066356436,1.79302217174749,0.794336217660759,1
85,75,-1,1,2.05098767360019,0.546309112542643,2.36376370602861,1
85,76,-1,1,2.05098767360019,0.546309112542643,2.54802814559812,1
85,77,-1,1,2.05098767360019,0.546309112542643,0.944269594854279,1
85,78,1,1,2.26669193019456,3.63747144557666,0.473891770968004,1
85,79,-1,1,2.05098767360019,0.546309112542643,0.372076389765976,1
85,80,-1,1,2.05098767360019,0.546309112542643,0.743343292164668,1
85,81,1,1,2.26669193019456,3.63747144557666,0.76918115941738,1
85,82,1,1,2.26669193019456,3.63747144557666,0.981770877788304,1
85,83,-1,1,2.05098767360019,0.546309112542643,0.747854943608335,1
85,84,1,1,2.26669193019456,3.63747144557666,0.695668017479584,1
85,85,-1,1,2.05098767360019,0.546309112542643,0.640078622654944,-1
85,86,1,-1,2.16046066356436,1.79302217174749,0.472932101569872,1
85,87,1,1,2.26669193019456,3.63747144557666,0.616863863099669,1
85,88,1,1,2.26669193019456,3.63747144557666,0.544390376835233,1
85,89,1,1,2.26669193019456,3.63747144557666,0.655545344344664,1
85,90,1,1,2.26669193019456,3.63747144557666,0.407027845458694,1
85,91,-1,1,2.05098767360019,0.546309112542643,0.340470161032729,1
85,92,-1,1,2.05098767360019,0.546309112542643,1.6744023676018,-1
85,93,1,-1,2.16046066356436,1.79302217174749,0.510339184977002,1
85,94,1,1,2.26669193019456,3.63747144557666,0.659750950667925,1
85,95,1,1,2.26669193019456,3.63747144557666,0.428570798914403,1
85,96,1,1,2.26669193019456,3.63747144557666,1.19659939068534,1
85,97,1,1,2.26669193019456,3.63747144557666,0.628106243184587,1
85,98,-1,1,2.05098767360019,0.546309112542643,0.676500897233284,-1
85,99,-1,-1,1.95486564858783,1.2231972701332,0.446988689054896,1
85,100,-1,1,2.05098767360019,0.546309112542643,0.804645269121694,-1
85,101,1,-1,2.16046066356436,1.79302217174749,0.672856114510812,1
86,2,-1,1,1.85205607304484,1.40478494973234,0.913210568753046,1
86,3,-1,1,1.85205607304484,1.40478494973234,0.464513932798526,1
86,4,-1,1,1.85205607304484,1.40478494973234,1.02781722057446,1
86,5,-1,1,1.85205607304484,1.40478494973234,1.92135849123782,1
86,6,-1,1,1.85205607304484,1.40478494973234,1.04185327261267,1
86,7,1,1,2.04683851057454,2.77361298638724,0.586983995857451,1
86,8,1,1,2.04683851057454,2.77361298638724,0.612529555330937,1
86,9,-1,1,1.85205607304484,1.40478494973234,1.49342369968253,-1
86,10,-1,-1,1.76525721878112,0.083738294762928,0.754958225891251,-1
86,11,-1,-1,1.76525721878112,0.083738294762928,3.01133584629271,1
86,12,-1,1,1.85205607304484,1.40478494973234,0.404677991758433,1
86,13,-1,1,1.85205607304484,1.40478494973234,0.595221835905432,1
86,14,1,1,2.04683851057454,2.77361298638724,0.425964753715968,1
86,15,-1,1,1.85205607304484,1.40478494973234,0.754647570985228,-1
86,16,-1,-1,1.76525721878112,0.083738294762928,0.65942204109835,1
86,17,-1,1,1.85205607304484,1.40478494973234,1.9448493658285,-1
86,18,1,-1,1.95091094111999,2.93786376911749,0.471671684711521,1
86,19,1,1,2.04683851057454,2.77361298638724,0.339787965668124,1
86,20,-1,1,1.85205607304484,1.40478494973234,0.955926023848399,1
86,21,1,1,2.04683851057454,2.77361298638724,0.446758759382225,1
86,22,1,1,2.04683851057454,2.77361298638724,0.393894722887371,1
86,23,1,1,2.04683851057454,2.77361298638724,0.43677276564326,1
86,24,-1,1,1.85205607304484,1.40478494973234,0.38152090764029,1
86,25,1,1,2.04683851057454,2.77361298638724,0.36408919247023,1
86,26,1,1,2.04683851057454,2.77361298638724,0.43513188235911,1
86,27,-1,1,1.85205607304484,1.40478494973234,0.482926701931801,1
86,28,1,1,2.04683851057454,2.77361298638724,0.426910890706058,1
86,29,1,1,2.04683851057454,2.77361298638724,0.591986418855832,1
86,30,-1,1,1.85205607304484,1.40478494973234,0.332712515953613,1
86,31,1,1,2.04683851057454,2.77361298638724,0.698819783382197,1
86,32,1,1,2.04683851057454,2.77361298638724,0.402106115705999,1
86,33,-1,1,1.85205607304484,1.40478494973234,1.03918776054732,1
86,34,1,1,2.04683851057454,2.77361298638724,0.361475159406038,1
86,35,1,1,2.04683851057454,2.77361298638724,0.389887494361169,1
86,36,1,1,2.04683851057454,2.77361298638724,1.11459565427835,1
86,37,1,1,2.04683851057454,2.77361298638724,0.380710434536813,1
86,38,1,1,2.04683851057454,2.77361298638724,0.371545130556354,1
86,39,-1,1,1.85205607304484,1.40478494973234,0.450715464709583,1
86,40,-1,1,1.85205607304484,1.40478494973234,0.698556647902474,1
86,41,1,1,2.04683851057454,2.77361298638724,0.36506689500557,1
86,42,-1,1,1.85205607304484,1.40478494973234,1.25000445696523,1
86,43,1,1,2.04683851057454,2.77361298638724,0.551392125026811,1
86,44,1,1,2.04683851057454,2.77361298638724,0.440194147002939,1
86,45,-1,1,1.85205607304484,1.40478494973234,0.900705213985745,1
86,46,-1,1,1.85205607304484,1.40478494973234,0.424613927324459,1
86,47,-1,1,1.85205607304484,1.40478494973234,0.512594883501606,1
86,48,1,1,2.04683851057454,2.77361298638724,0.52300196991042,1
86,49,1,1,2.04683851057454,2.77361298638724,1.32515214958372,1
86,50,-1,1,1.85205607304484,1.40478494973234,0.849052871038645,1
86,51,1,1,2.04683851057454,2.77361298638724,0.652958449470563,1
86,52,-1,1,1.85205607304484,1.40478494973234,0.877490091162327,1
86,53,-1,1,1.85205607304484,1.40478494973234,2.0374619376594,1
86,54,1,1,2.04683851057454,2.77361298638724,0.455881947535723,1
86,55,1,1,2.04683851057454,2.77361298638724,1.06462903448805,1
86,56,1,1,2.04683851057454,2.77361298638724,0.399108571402561,1
86,57,1,1,2.04683851057454,2.77361298638724,0.713024327610636,1
86,58,-1,1,1.85205607304484,1.40478494973234,0.542547740350875,1
86,59,-1,1,1.85205607304484,1.40478494973234,0.892793105859178,1
86,60,-1,1,1.85205607304484,1.40478494973234,1.43328903659359,1
86,61,1,1,2.04683851057454,2.77361298638724,0.485237039143984,1
86,62,1,1,2.04683851057454,2.77361298638724,0.378427576003427,1
86,63,1,1,2.04683851057454,2.77361298638724,0.441103364251523,1
86,64,-1,1,1.85205607304484,1.40478494973234,0.508613900759262,1
86,65,1,1,2.04683851057454,2.77361298638724,0.639766980561361,1
86,66,-1,1,1.85205607304484,1.40478494973234,0.489394309249387,1
86,67,1,1,2.04683851057454,2.77361298638724,0.372783624639936,1
86,68,1,1,2.04683851057454,2.77361298638724,0.515278089573259,1
86,69,-1,1,1.85205607304484,1.40478494973234,1.79644000363177,1
86,70,1,1,2.04683851057454,2.77361298638724,0.617130274128444,1
86,71,1,1,2.04683851057454,2.77361298638724,0.747865717693204,1
86,72,-1,1,1.85205607304484,1.40478494973234,0.843883348513539,1
86,73,-1,1,1.85205607304484,1.40478494973234,0.439720046910953,1
86,74,1,1,2.04683851057454,2.77361298638724,0.589321560104887,1
86,75,1,1,2.04683851057454,2.77361298638724,0.446202214156125,1
86,76,1,1,2.04683851057454,2.77361298638724,0.450736519970756,1
86,77,1,1,2.04683851057454,2.77361298638724,0.734269263620065,1
86,78,1,1,2.04683851057454,2.77361298638724,0.414579320717228,1
86,79,-1,1,1.85205607304484,1.40478494973234,1.61729359203987,1
86,80,1,1,2.04683851057454,2.77361298638724,0.520455744536915,1
86,81,-1,1,1.85205607304484,1.40478494973234,0.9672914702314,-1
86,82,-1,-1,1.76525721878112,0.083738294762928,0.868229646011654,1
86,83,-1,1,1.85205607304484,1.40478494973234,0.508576552302125,1
86,84,1,1,2.04683851057454,2.77361298638724,0.338069568619829,1
86,85,1,1,2.04683851057454,2.77361298638724,0.440489734594331,1
86,86,-1,1,1.85205607304484,1.40478494973234,2.20954447861685,1
86,87,-1,1,1.85205607304484,1.40478494973234,0.879018796132735,1
86,88,1,1,2.04683851057454,2.77361298638724,0.901163227989386,1
86,89,-1,1,1.85205607304484,1.40478494973234,1.32430305167313,1
86,90,1,1,2.04683851057454,2.77361298638724,0.37001383607025,1
86,91,-1,1,1.85205607304484,1.40478494973234,0.433748457542553,1
86,92,-1,1,1.85205607304484,1.40478494973234,0.64198637359994,-1
86,93,-1,-1,1.76525721878112,0.083738294762928,0.534766950412388,1
86,94,-1,1,1.85205607304484,1.40478494973234,1.33269214404732,1
86,95,1,1,2.04683851057454,2.77361298638724,0.749756763814424,1
86,96,1,1,2.04683851057454,2.77361298638724,0.763585208614064,1
86,97,-1,1,1.85205607304484,1.40478494973234,0.682643236718927,-1
86,98,-1,-1,1.76525721878112,0.083738294762928,0.389563446225015,1
86,99,-1,1,1.85205607304484,1.40478494973234,1.21407733532053,1
86,100,-1,1,1.85205607304484,1.40478494973234,0.467043457335183,1
86,101,1,1,2.04683851057454,2.77361298638724,0.628608979676217,1
87,2,-1,1,1.87249723035572,1.90631383635052,0.520169158224723,1
87,3,1,1,2.06942948316634,2.95518782927882,0.804416711047397,1
87,4,1,1,2.06942948316634,2.95518782927882,0.318843808643497,1
87,5,1,1,2.06942948316634,2.95518782927882,0.471868151818575,1
87,6,1,1,2.06942948316634,2.95518782927882,0.406545749522415,1
87,7,1,1,2.06942948316634,2.95518782927882,0.564873549449404,1
87,8,-1,1,1.87249723035572,1.90631383635052,0.670969048957423,1
87,9,1,1,2.06942948316634,2.95518782927882,0.344293934649579,1
87,10,-1,1,1.87249723035572,1.90631383635052,0.630582235187461,1
87,11,1,1,2.06942948316634,2.95518782927882,0.405652713703246,1
87,12,1,1,2.06942948316634,2.95518782927882,0.925369462648877,1
87,13,-1,1,1.87249723035572,1.90631383635052,0.519855202707366,1
87,14,1,1,2.06942948316634,2.95518782927882,0.331241775128014,1
87,15,-1,1,1.87249723035572,1.90631383635052,0.401231733060484,1
87,16,-1,1,1.87249723035572,1.90631383635052,0.452519275643435,1
87,17,1,1,2.06942948316634,2.95518782927882,0.655195331858007,1
87,18,-1,1,1.87249723035572,1.90631383635052,0.911720871022662,1
87,19,-1,1,1.87249723035572,1.90631383635052,0.275310663835877,1
87,20,1,1,2.06942948316634,2.95518782927882,0.428399278878993,1
87,21,-1,1,1.87249723035572,1.90631383635052,1.07552073267316,1
87,22,1,1,2.06942948316634,2.95518782927882,0.315624393481646,1
87,23,1,1,2.06942948316634,2.95518782927882,0.337124147142199,1
87,24,1,1,2.06942948316634,2.95518782927882,0.341652914727096,1
87,25,1,1,2.06942948316634,2.95518782927882,0.510097654066152,1
87,26,1,1,2.06942948316634,2.95518782927882,0.394104850613638,1
87,27,-1,1,1.87249723035572,1.90631383635052,0.371908724302997,1
87,28,1,1,2.06942948316634,2.95518782927882,0.454994584568809,1
87,29,1,1,2.06942948316634,2.95518782927882,0.532664759928453,1
87,30,1,1,2.06942948316634,2.95518782927882,0.45094483715888,1
87,31,1,1,2.06942948316634,2.95518782927882,0.360539676373063,1
87,32,-1,1,1.87249723035572,1.90631383635052,0.674332688916642,1
87,33,1,1,2.06942948316634,2.95518782927882,0.622230496540656,1
87,34,1,1,2.06942948316634,2.95518782927882,0.594164919207116,1
87,35,-1,1,1.87249723035572,1.90631383635052,0.574552116663682,1
87,36,1,1,2.06942948316634,2.95518782927882,0.370121677572897,1
87,37,-1,1,1.87249723035572,1.90631383635052,0.648299532729146,1
87,38,-1,1,1.87249723035572,1.90631383635052,1.53068884154311,1
87,39,-1,1,1.87249723035572,1.90631383635052,0.804905332325268,1
87,40,-1,1,1.87249723035572,1.90631383635052,1.40853456592321,1
87,41,-1,1,1.87249723035572,1.90631383635052,0.396638729626591,1
87,42,1,1,2.06942948316634,2.95518782927882,0.495279353618134,1
87,43,1,1,2.06942948316634,2.95518782927882,0.333835852315374,1
87,44,1,1,2.06942948316634,2.95518782927882,0.41841588820173,1
87,45,-1,1,1.87249723035572,1.90631383635052,0.325813368273991,1
87,46,-1,1,1.87249723035572,1.90631383635052,0.792793071313282,1
87,47,-1,1,1.87249723035572,1.90631383635052,0.768344671423878,1
87,48,-1,1,1.87249723035572,1.90631383635052,2.20584170582981,1
87,49,-1,1,1.87249723035572,1.90631383635052,0.749071811622008,1
87,50,1,1,2.06942948316634,2.95518782927882,0.455570103648113,1
87,51,1,1,2.06942948316634,2.95518782927882,0.288265676531494,1
87,52,1,1,2.06942948316634,2.95518782927882,0.547005966261403,1
87,53,1,1,2.06942948316634,2.95518782927882,0.512313433395329,1
87,54,-1,1,1.87249723035572,1.90631383635052,0.428167586868358,1
87,55,1,1,2.06942948316634,2.95518782927882,0.357219200602147,1
87,56,1,1,2.06942948316634,2.95518782927882,0.389954521269426,1
87,57,-1,1,1.87249723035572,1.90631383635052,0.759222120545095,1
87,58,-1,1,1.87249723035572,1.90631383635052,0.309533780615568,1
87,59,1,1,2.06942948316634,2.95518782927882,0.45883132076322,1
87,60,1,1,2.06942948316634,2.95518782927882,0.292533129932519,1
87,61,1,1,2.06942948316634,2.95518782927882,0.400075114974974,1
87,62,1,1,2.06942948316634,2.95518782927882,0.674397131894446,1
87,63,-1,1,1.87249723035572,1.90631383635052,0.488928278917142,1
87,64,-1,1,1.87249723035572,1.90631383635052,0.414521081555075,1
87,65,-1,1,1.87249723035572,1.90631383635052,0.66616897386943,1
87,66,1,1,2.06942948316634,2.95518782927882,0.414744274085683,1
87,67,1,1,2.06942948316634,2.95518782927882,0.550736877781537,1
87,68,-1,1,1.87249723035572,1.90631383635052,0.835495110641021,1
87,69,1,1,2.06942948316634,2.95518782927882,0.624385207221744,1
87,70,1,1,2.06942948316634,2.95518782927882,0.903066413286567,1
87,71,-1,1,1.87249723035572,1.90631383635052,0.709652314589359,1
87,72,-1,1,1.87249723035572,1.90631383635052,0.658817417918135,1
87,73,1,1,2.06942948316634,2.95518782927882,0.340543000466576,1
87,74,-1,1,1.87249723035572,1.90631383635052,1.07954679600433,1
87,75,1,1,2.06942948316634,2.95518782927882,0.380319779400406,1
87,76,-1,1,1.87249723035572,1.90631383635052,0.342372497499502,1
87,77,-1,1,1.87249723035572,1.90631383635052,0.84204849062868,1
87,78,1,1,2.06942948316634,2.95518782927882,0.849878266329129,1
87,79,-1,1,1.87249723035572,1.90631383635052,0.793900561014283,1
87,80,-1,1,1.87249723035572,1.90631383635052,0.582739234945522,1
87,81,-1,1,1.87249723035572,1.90631383635052,0.373242083058558,1
87,82,-1,1,1.87249723035572,1.90631383635052,0.789336523888534,1
87,83,1,1,2.06942948316634,2.95518782927882,0.29209776860253,1
87,84,-1,1,1.87249723035572,1.90631383635052,0.857667309542878,1
87,85,-1,1,1.87249723035572,1.90631383635052,0.274991487056083,1
87,86,-1,1,1.87249723035572,1.90631383635052,0.322508217541566,1
87,87,-1,1,1.87249723035572,1.90631383635052,0.425959455871221,1
87,88,-1,1,1.87249723035572,1.90631383635052,0.699777961026742,1
87,89,1,1,2.06942948316634,2.95518782927882,0.722795394493748,1
87,90,1,1,2.06942948316634,2.95518782927882,1.03721404562258,1
87,91,-1,1,1.87249723035572,1.90631383635052,0.451189043707873,1
87,92,-1,1,1.87249723035572,1.90631383635052,0.337860716232175,1
87,93,1,1,2.06942948316634,2.95518782927882,0.364778265764081,1
87,94,-1,1,1.87249723035572,1.90631383635052,0.57337819459808,1
87,95,-1,1,1.87249723035572,1.90631383635052,0.81854148152329,1
87,96,-1,1,1.87249723035572,1.90631383635052,1.03675545595112,1
87,97,-1,1,1.87249723035572,1.90631383635052,0.301604933152719,1
87,98,-1,1,1.87249723035572,1.90631383635052,0.674131708139161,1
87,99,1,1,2.06942948316634,2.95518782927882,0.376885552753094,1
87,100,1,1,2.06942948316634,2.95518782927882,0.465561381076935,1
87,101,1,1,2.06942948316634,2.95518782927882,0.613566931712821,1
88,2,1,1,2.19151535020509,4.34226758770047,0.384634905756477,1
88,3,1,1,2.19151535020509,4.34226758770047,0.647227711255477,1
88,4,1,1,2.19151535020509,4.34226758770047,0.544904227511674,1
88,5,1,1,2.19151535020509,4.34226758770047,0.512250990525692,1
88,6,1,1,2.19151535020509,4.34226758770047,0.340063101239569,1
88,7,1,1,2.19151535020509,4.34226758770047,0.409408167439974,1
88,8,1,1,2.19151535020509,4.34226758770047,0.328381064597459,1
88,9,1,1,2.19151535020509,4.34226758770047,0.354481792656562,1
88,10,1,1,2.19151535020509,4.34226758770047,0.474883757203873,1
88,11,1,1,2.19151535020509,4.34226758770047,0.538468309284518,1
88,12,1,1,2.19151535020509,4.34226758770047,0.386348094868286,1
88,13,-1,1,1.98296509106575,-0.246702619608048,1.04033464771502,-1
88,14,-1,-1,1.89003102688998,0.411908293466082,1.44047186173895,1
88,15,-1,1,1.98296509106575,-0.246702619608048,0.600043876070186,-1
88,16,1,-1,2.08880732517946,2.69252673844149,0.452514693796506,1
88,17,-1,1,1.98296509106575,-0.246702619608048,0.426412355689237,1
88,18,-1,1,1.98296509106575,-0.246702619608048,1.9173150417727,-1
88,19,-1,-1,1.89003102688998,0.411908293466082,0.451732377040764,-1
88,20,-1,-1,1.89003102688998,0.411908293466082,0.620152155478678,1
88,21,-1,1,1.98296509106575,-0.246702619608048,0.52313341625537,1
88,22,-1,1,1.98296509106575,-0.246702619608048,0.385425993429978,1
88,23,-1,1,1.98296509106575,-0.246702619608048,0.755388241481586,1
88,24,-1,1,1.98296509106575,-0.246702619608048,1.09336099304161,-1
88,25,-1,-1,1.89003102688998,0.411908293466082,0.568372279147616,1
88,26,1,1,2.19151535020509,4.34226758770047,0.419359789268406,1
88,27,-1,1,1.98296509106575,-0.246702619608048,1.10214929840954,-1
88,28,1,-1,2.08880732517946,2.69252673844149,0.697372958268969,1
88,29,-1,1,1.98296509106575,-0.246702619608048,0.372778328556688,-1
88,30,-1,-1,1.89003102688998,0.411908293466082,1.71353678557477,-1
88,31,1,-1,2.08880732517946,2.69252673844149,0.429147083610299,1
88,32,-1,1,1.98296509106575,-0.246702619608048,1.08850027886457,-1
88,33,-1,-1,1.89003102688998,0.411908293466082,0.815913874451083,1
88,34,-1,1,1.98296509106575,-0.246702619608048,1.94229776507916,-1
88,35,-1,-1,1.89003102688998,0.411908293466082,0.60599235893732,1
88,36,-1,1,1.98296509106575,-0.246702619608048,0.775282707506345,-1
88,37,-1,-1,1.89003102688998,0.411908293466082,1.37053930660651,1
88,38,1,1,2.19151535020509,4.34226758770047,0.525740370438891,1
88,39,1,1,2.19151535020509,4.34226758770047,0.347376286796249,1
88,40,1,1,2.19151535020509,4.34226758770047,0.843304947318395,1
88,41,1,1,2.19151535020509,4.34226758770047,0.4569470302263,1
88,42,-1,1,1.98296509106575,-0.246702619608048,1.08969766794591,1
88,43,-1,1,1.98296509106575,-0.246702619608048,0.810695695664815,-1
88,44,1,-1,2.08880732517946,2.69252673844149,0.495324143687153,1
88,45,1,1,2.19151535020509,4.34226758770047,0.315398331434942,1
88,46,-1,1,1.98296509106575,-0.246702619608048,0.98758724030909,1
88,47,1,1,2.19151535020509,4.34226758770047,0.592931991131654,1
88,48,1,1,2.19151535020509,4.34226758770047,0.328479719165317,1
88,49,1,1,2.19151535020509,4.34226758770047,0.627341951130824,1
88,50,-1,1,1.98296509106575,-0.246702619608048,0.71118330738394,-1
88,51,1,-1,2.08880732517946,2.69252673844149,0.680226172596601,1
88,52,1,1,2.19151535020509,4.34226758770047,0.29099970134799,1
88,53,1,1,2.19151535020509,4.34226758770047,0.699650902967822,1
88,54,1,1,2.19151535020509,4.34226758770047,0.389310313310532,1
88,55,1,1,2.19151535020509,4.34226758770047,0.494702169980673,1
88,56,1,1,2.19151535020509,4.34226758770047,0.608059060158107,1
88,57,1,1,2.19151535020509,4.34226758770047,0.287049277713746,1
88,58,-1,1,1.98296509106575,-0.246702619608048,1.46079415292339,-1
88,59,1,-1,2.08880732517946,2.69252673844149,0.85668476236005,-1
88,60,-1,-1,1.89003102688998,0.411908293466082,0.578613418227384,1
88,61,1,1,2.19151535020509,4.34226758770047,0.431156515106677,1
88,62,1,1,2.19151535020509,4.34226758770047,0.325733283584088,1
88,63,-1,1,1.98296509106575,-0.246702619608048,0.305016217208365,1
88,64,1,1,2.19151535020509,4.34226758770047,0.508316028673011,1
88,65,1,1,2.19151535020509,4.34226758770047,0.55788571628984,1
88,66,-1,1,1.98296509106575,-0.246702619608048,3.98871322090242,1
88,67,-1,1,1.98296509106575,-0.246702619608048,0.494024178019052,1
88,68,-1,1,1.98296509106575,-0.246702619608048,0.692420812443645,-1
88,69,-1,-1,1.89003102688998,0.411908293466082,0.85332800905805,1
88,70,1,1,2.19151535020509,4.34226758770047,0.512736958362192,1
88,71,-1,1,1.98296509106575,-0.246702619608048,1.21516981609813,1
88,72,-1,1,1.98296509106575,-0.246702619608048,1.33224083134266,1
88,73,1,1,2.19151535020509,4.34226758770047,0.636463786102134,1
88,74,-1,1,1.98296509106575,-0.246702619608048,1.89220771819159,-1
88,75,1,-1,2.08880732517946,2.69252673844149,0.845190641174638,1
88,76,1,1,2.19151535020509,4.34226758770047,0.372371935828514,1
88,77,1,1,2.19151535020509,4.34226758770047,0.672091880000815,1
88,78,-1,1,1.98296509106575,-0.246702619608048,0.692967442017593,-1
88,79,-1,-1,1.89003102688998,0.411908293466082,1.73263800954423,-1
88,80,-1,-1,1.89003102688998,0.411908293466082,0.402991693621315,1
88,81,-1,1,1.98296509106575,-0.246702619608048,0.435416743335031,-1
88,82,1,-1,2.08880732517946,2.69252673844149,0.792129948041478,1
88,83,-1,1,1.98296509106575,-0.246702619608048,0.645629875582638,1
88,84,-1,1,1.98296509106575,-0.246702619608048,0.876356919521912,1
88,85,1,1,2.19151535020509,4.34226758770047,0.388359892458538,1
88,86,-1,1,1.98296509106575,-0.246702619608048,0.655919395799507,-1
88,87,-1,-1,1.89003102688998,0.411908293466082,0.746306445726644,-1
88,88,1,-1,2.08880732517946,2.69252673844149,1.90217905540386,1
88,89,-1,1,1.98296509106575,-0.246702619608048,2.06819961552778,1
88,90,-1,1,1.98296509106575,-0.246702619608048,0.779557210525845,1
88,91,-1,1,1.98296509106575,-0.246702619608048,0.46958607309534,1
88,92,1,1,2.19151535020509,4.34226758770047,0.395506280977847,1
88,93,-1,1,1.98296509106575,-0.246702619608048,1.77875566050891,-1
88,94,-1,-1,1.89003102688998,0.411908293466082,0.937460471260821,-1
88,95,1,-1,2.08880732517946,2.69252673844149,0.901265811596938,1
88,96,1,1,2.19151535020509,4.34226758770047,0.33515259736814,1
88,97,1,1,2.19151535020509,4.34226758770047,0.350309372103969,1
88,98,-1,1,1.98296509106575,-0.246702619608048,1.76755045173353,1
88,99,1,1,2.19151535020509,4.34226758770047,0.584165366894016,1
88,100,-1,1,1.98296509106575,-0.246702619608048,0.901808955844517,-1
88,101,1,-1,2.08880732517946,2.69252673844149,0.406263595202098,1
89,2,-1,1,1.63008277182609,2.14463329857131,0.614823983005937,1
89,3,1,1,1.80152007347834,2.17695468553322,0.514037634908451,1
89,4,-1,1,1.63008277182609,2.14463329857131,0.413875285929786,1
89,5,1,1,1.80152007347834,2.17695468553322,0.478474387258718,1
89,6,-1,1,1.63008277182609,2.14463329857131,0.463198317858745,1
89,7,-1,1,1.63008277182609,2.14463329857131,0.346653601325643,1
89,8,1,1,1.80152007347834,2.17695468553322,1.02202338886744,1
89,9,-1,1,1.63008277182609,2.14463329857131,0.822676834045616,1
89,10,-1,1,1.63008277182609,2.14463329857131,0.465019291406752,1
89,11,1,1,1.80152007347834,2.17695468553322,0.336595717791063,1
89,12,-1,1,1.63008277182609,2.14463329857131,0.355613601255065,1
89,13,1,1,1.80152007347834,2.17695468553322,0.476547541349312,1
89,14,-1,1,1.63008277182609,2.14463329857131,0.711757044598462,1
89,15,1,1,1.80152007347834,2.17695468553322,0.422102952618499,1
89,16,1,1,1.80152007347834,2.17695468553322,2.23587310213247,1
89,17,1,1,1.80152007347834,2.17695468553322,0.558565087584686,1
89,18,1,1,1.80152007347834,2.17695468553322,0.791381209104407,1
89,19,1,1,1.80152007347834,2.17695468553322,0.705488380412163,1
89,20,-1,1,1.63008277182609,2.14463329857131,1.18954800086319,1
89,21,1,1,1.80152007347834,2.17695468553322,0.34974358229742,1
89,22,-1,1,1.63008277182609,2.14463329857131,0.606470854838244,1
89,23,-1,1,1.63008277182609,2.14463329857131,0.763581366140629,1
89,24,1,1,1.80152007347834,2.17695468553322,0.665144873232279,1
89,25,-1,1,1.63008277182609,2.14463329857131,0.460702509722787,1
89,26,-1,1,1.63008277182609,2.14463329857131,0.398470010384396,1
89,27,-1,1,1.63008277182609,2.14463329857131,0.363928062069169,1
89,28,1,1,1.80152007347834,2.17695468553322,0.393177104334266,1
89,29,1,1,1.80152007347834,2.17695468553322,0.483201730297513,1
89,30,-1,1,1.63008277182609,2.14463329857131,0.890465214826694,1
89,31,-1,1,1.63008277182609,2.14463329857131,0.376872402683212,1
89,32,-1,1,1.63008277182609,2.14463329857131,0.361044016904168,1
89,33,1,1,1.80152007347834,2.17695468553322,0.281632485193982,1
89,34,1,1,1.80152007347834,2.17695468553322,0.652438113016569,1
89,35,1,1,1.80152007347834,2.17695468553322,0.457661291105461,1
89,36,1,1,1.80152007347834,2.17695468553322,0.809396797299285,1
89,37,1,1,1.80152007347834,2.17695468553322,0.412413361475547,1
89,38,1,1,1.80152007347834,2.17695468553322,0.35446854149929,1
89,39,-1,1,1.63008277182609,2.14463329857131,0.385711018405936,1
89,40,-1,1,1.63008277182609,2.14463329857131,0.514184543724485,1
89,41,1,1,1.80152007347834,2.17695468553322,0.880781526403355,1
89,42,1,1,1.80152007347834,2.17695468553322,0.400813682007558,1
89,43,1,1,1.80152007347834,2.17695468553322,0.761722307049897,1
89,44,-1,1,1.63008277182609,2.14463329857131,0.456890120215484,1
89,45,-1,1,1.63008277182609,2.14463329857131,0.620068144318448,1
89,46,-1,1,1.63008277182609,2.14463329857131,0.64422622691794,1
89,47,-1,1,1.63008277182609,2.14463329857131,0.657056864967235,1
89,48,1,1,1.80152007347834,2.17695468553322,0.471410540382462,1
89,49,-1,1,1.63008277182609,2.14463329857131,1.56098084714306,1
89,50,-1,1,1.63008277182609,2.14463329857131,0.765304874018781,1
89,51,-1,1,1.63008277182609,2.14463329857131,0.592298864565117,1
89,52,-1,1,1.63008277182609,2.14463329857131,0.329222896939663,1
89,53,-1,1,1.63008277182609,2.14463329857131,0.303329919308232,1
89,54,1,1,1.80152007347834,2.17695468553322,0.48214361607268,1
89,55,-1,1,1.63008277182609,2.14463329857131,0.567686142259925,1
89,56,1,1,1.80152007347834,2.17695468553322,0.447946834969538,1
89,57,1,1,1.80152007347834,2.17695468553322,0.56609892813281,1
89,58,-1,1,1.63008277182609,2.14463329857131,0.67724106719166,1
89,59,1,1,1.80152007347834,2.17695468553322,0.595217735067686,1
89,60,-1,1,1.63008277182609,2.14463329857131,0.481839131638402,1
89,61,-1,1,1.63008277182609,2.14463329857131,0.682551462253253,1
89,62,-1,1,1.63008277182609,2.14463329857131,0.45170304534654,1
89,63,-1,1,1.63008277182609,2.14463329857131,1.03459332828246,1
89,64,-1,1,1.63008277182609,2.14463329857131,1.0222401104813,1
89,65,-1,1,1.63008277182609,2.14463329857131,0.724950777698649,1
89,66,-1,1,1.63008277182609,2.14463329857131,0.39664162012261,1
89,67,1,1,1.80152007347834,2.17695468553322,0.39569178379378,1
89,68,-1,1,1.63008277182609,2.14463329857131,0.56244398395457,1
89,69,-1,1,1.63008277182609,2.14463329857131,0.483605737176534,1
89,70,1,1,1.80152007347834,2.17695468553322,0.552091182545594,1
89,71,-1,1,1.63008277182609,2.14463329857131,0.413098210737637,1
89,72,1,1,1.80152007347834,2.17695468553322,0.621231522781017,1
89,73,-1,1,1.63008277182609,2.14463329857131,0.405612718991679,1
89,74,1,1,1.80152007347834,2.17695468553322,0.678691086638257,1
89,75,-1,1,1.63008277182609,2.14463329857131,0.4038086925338,1
89,76,-1,1,1.63008277182609,2.14463329857131,0.235468049132309,1
89,77,1,1,1.80152007347834,2.17695468553322,0.616972445504444,1
89,78,1,1,1.80152007347834,2.17695468553322,0.340689168499223,1
89,79,1,1,1.80152007347834,2.17695468553322,0.470897592965779,1
89,80,1,1,1.80152007347834,2.17695468553322,0.536521457712124,1
89,81,1,1,1.80152007347834,2.17695468553322,0.602031347260434,1
89,82,1,1,1.80152007347834,2.17695468553322,0.446561296725538,1
89,83,1,1,1.80152007347834,2.17695468553322,0.604387319672979,1
89,84,1,1,1.80152007347834,2.17695468553322,1.52821514397292,1
89,85,1,1,1.80152007347834,2.17695468553322,0.609905719374458,1
89,86,1,1,1.80152007347834,2.17695468553322,1.20381706427377,1
89,87,-1,1,1.63008277182609,2.14463329857131,0.374883901273952,1
89,88,1,1,1.80152007347834,2.17695468553322,1.80922012761186,1
89,89,-1,1,1.63008277182609,2.14463329857131,0.915710585598998,1
89,90,1,1,1.80152007347834,2.17695468553322,0.344271313663172,1
89,91,-1,1,1.63008277182609,2.14463329857131,0.975345368663071,1
89,92,1,1,1.80152007347834,2.17695468553322,1.26446931117227,1
89,93,1,1,1.80152007347834,2.17695468553322,0.713819771628207,1
89,94,1,1,1.80152007347834,2.17695468553322,0.314731799835198,1
89,95,1,1,1.80152007347834,2.17695468553322,0.423030305374242,1
89,96,-1,1,1.63008277182609,2.14463329857131,0.529962341371775,1
89,97,1,1,1.80152007347834,2.17695468553322,0.478369414192142,1
89,98,-1,1,1.63008277182609,2.14463329857131,0.664132675574693,1
89,99,-1,1,1.63008277182609,2.14463329857131,0.473170972161243,-1
89,100,-1,-1,1.5536869655604,1.07361728760777,0.693851202534834,1
89,101,1,1,1.80152007347834,2.17695468553322,0.603555859244558,1
90,2,-1,1,2.09112665816047,-0.547481526908503,0.64218384743947,-1
90,3,-1,-1,1.99312347095121,1.126848217869,1.98869946148568,1
90,4,-1,1,2.09112665816047,-0.547481526908503,1.96899741593636,-1
90,5,1,-1,2.20274209622927,2.92261216642835,0.38466192288323,1
90,6,-1,1,2.09112665816047,-0.547481526908503,1.09158522724775,-1
90,7,1,-1,2.20274209622927,2.92261216642835,0.491031443748243,1
90,8,1,1,2.31105236861167,3.69802114261115,0.499726364387621,1
90,9,1,1,2.31105236861167,3.69802114261115,0.472584411372539,1
90,10,-1,1,2.09112665816047,-0.547481526908503,0.562838470496222,-1
90,11,1,-1,2.20274209622927,2.92261216642835,0.439956850250409,1
90,12,1,1,2.31105236861167,3.69802114261115,0.554261913311208,1
90,13,-1,1,2.09112665816047,-0.547481526908503,1.17432884574813,-1
90,14,1,-1,2.20274209622927,2.92261216642835,0.451062584312114,1
90,15,1,1,2.31105236861167,3.69802114261115,0.344313436266538,1
90,16,-1,1,2.09112665816047,-0.547481526908503,0.712609223535395,1
90,17,1,1,2.31105236861167,3.69802114261115,0.32503830658923,1
90,18,-1,1,2.09112665816047,-0.547481526908503,3.65679888139271,-1
90,19,-1,-1,1.99312347095121,1.126848217869,1.11066836942641,1
90,20,1,1,2.31105236861167,3.69802114261115,0.395586579209254,1
90,21,1,1,2.31105236861167,3.69802114261115,0.431889098678209,1
90,22,-1,1,2.09112665816047,-0.547481526908503,0.450922232081797,-1
90,23,1,-1,2.20274209622927,2.92261216642835,0.425782780861217,1
90,24,1,1,2.31105236861167,3.69802114261115,0.488440658477571,1
90,25,-1,1,2.09112665816047,-0.547481526908503,1.650455734124,-1
90,26,-1,-1,1.99312347095121,1.126848217869,1.16626026668712,1
90,27,1,1,2.31105236861167,3.69802114261115,0.523764562516885,1
90,28,-1,1,2.09112665816047,-0.547481526908503,1.29651489150744,-1
90,29,-1,-1,1.99312347095121,1.126848217869,0.740057924881181,1
90,30,1,1,2.31105236861167,3.69802114261115,0.576678073344355,1
90,31,-1,1,2.09112665816047,-0.547481526908503,0.574283989711945,-1
90,32,1,-1,2.20274209622927,2.92261216642835,0.526285233995482,1
90,33,1,1,2.31105236861167,3.69802114261115,0.831689224769811,1
90,34,-1,1,2.09112665816047,-0.547481526908503,0.930570779608392,-1
90,35,-1,-1,1.99312347095121,1.126848217869,1.67663394351459,-1
90,36,-1,-1,1.99312347095121,1.126848217869,0.650391274190308,1
90,37,-1,1,2.09112665816047,-0.547481526908503,0.695027606963463,-1
90,38,1,-1,2.20274209622927,2.92261216642835,0.387148237984221,1
90,39,-1,1,2.09112665816047,-0.547481526908503,2.18332204492219,1
90,40,-1,1,2.09112665816047,-0.547481526908503,0.691963605940657,-1
90,41,1,-1,2.20274209622927,2.92261216642835,0.882413329053383,1
90,42,-1,1,2.09112665816047,-0.547481526908503,0.360988324880682,-1
90,43,1,-1,2.20274209622927,2.92261216642835,0.452267404070171,1
90,44,-1,1,2.09112665816047,-0.547481526908503,1.36659263280457,1
90,45,1,1,2.31105236861167,3.69802114261115,0.875433138320055,1
90,46,-1,1,2.09112665816047,-0.547481526908503,1.24114395490166,-1
90,47,1,-1,2.20274209622927,2.92261216642835,0.555381237741289,1
90,48,-1,1,2.09112665816047,-0.547481526908503,0.75997332358982,1
90,49,1,1,2.31105236861167,3.69802114261115,0.339538085363252,1
90,50,1,1,2.31105236861167,3.69802114261115,0.433522057242331,1
90,51,-1,1,2.09112665816047,-0.547481526908503,0.571493288991994,-1
90,52,1,-1,2.20274209622927,2.92261216642835,1.00425518590388,1
90,53,1,1,2.31105236861167,3.69802114261115,0.528749217711145,1
90,54,1,1,2.31105236861167,3.69802114261115,0.717096519926739,1
90,55,1,1,2.31105236861167,3.69802114261115,0.482078454216606,1
90,56,-1,1,2.09112665816047,-0.547481526908503,1.12241314098431,-1
90,57,-1,-1,1.99312347095121,1.126848217869,0.43547727857707,1
90,58,1,1,2.31105236861167,3.69802114261115,0.552625100662182,1
90,59,-1,1,2.09112665816047,-0.547481526908503,0.717627725555683,-1
90,60,1,-1,2.20274209622927,2.92261216642835,0.519554111874905,1
90,61,1,1,2.31105236861167,3.69802114261115,0.345924988118118,1
90,62,-1,1,2.09112665816047,-0.547481526908503,0.556480658987524,-1
90,63,1,-1,2.20274209622927,2.92261216642835,0.483142953056686,1
90,64,1,1,2.31105236861167,3.69802114261115,0.645502570240935,1
90,65,-1,1,2.09112665816047,-0.547481526908503,1.90451518799941,-1
90,66,-1,-1,1.99312347095121,1.126848217869,0.850579257030476,1
90,67,-1,1,2.09112665816047,-0.547481526908503,2.95435235036824,1
90,68,-1,1,2.09112665816047,-0.547481526908503,1.11084620403285,-1
90,69,-1,-1,1.99312347095121,1.126848217869,1.25570199635953,1
90,70,1,1,2.31105236861167,3.69802114261115,0.694239687842747,1
90,71,1,1,2.31105236861167,3.69802114261115,0.41700813667201,1
90,72,-1,1,2.09112665816047,-0.547481526908503,0.62509597521296,1
90,73,1,1,2.31105236861167,3.69802114261115,0.807924895773414,1
90,74,-1,1,2.09112665816047,-0.547481526908503,0.977398114561915,-1
90,75,-1,-1,1.99312347095121,1.126848217869,1.55051959262195,1
90,76,-1,1,2.09112665816047,-0.547481526908503,1.68971801061137,-1
90,77,1,-1,2.20274209622927,2.92261216642835,0.536178754083426,1
90,78,-1,1,2.09112665816047,-0.547481526908503,1.15639452455728,-1
90,79,-1,-1,1.99312347095121,1.126848217869,0.380858978778628,1
90,80,-1,1,2.09112665816047,-0.547481526908503,0.462106672953962,-1
90,81,1,-1,2.20274209622927,2.92261216642835,0.420510535400933,1
90,82,-1,1,2.09112665816047,-0.547481526908503,1.00453456728608,-1
90,83,1,-1,2.20274209622927,2.92261216642835,0.519137115145842,1
90,84,1,1,2.31105236861167,3.69802114261115,0.466046715761024,1
90,85,1,1,2.31105236861167,3.69802114261115,0.504363438876785,1
90,86,-1,1,2.09112665816047,-0.547481526908503,0.753262361206233,-1
90,87,1,-1,2.20274209622927,2.92261216642835,0.591143151733617,1
90,88,-1,1,2.09112665816047,-0.547481526908503,0.442656654496472,-1
90,89,-1,-1,1.99312347095121,1.126848217869,0.896755673644898,-1
90,90,-1,-1,1.99312347095121,1.126848217869,0.685129683647018,1
90,91,1,1,2.31105236861167,3.69802114261115,0.646948401732045,1
90,92,1,1,2.31105236861167,3.69802114261115,0.331369159448918,1
90,93,-1,1,2.09112665816047,-0.547481526908503,0.931545507181495,-1
90,94,-1,-1,1.99312347095121,1.126848217869,1.72131855499877,-1
90,95,1,-1,2.20274209622927,2.92261216642835,0.483624466248066,1
90,96,-1,1,2.09112665816047,-0.547481526908503,0.864555452814512,-1
90,97,1,-1,2.20274209622927,2.92261216642835,0.539143357055983,1
90,98,1,1,2.31105236861167,3.69802114261115,0.360980189443981,1
90,99,1,1,2.31105236861167,3.69802114261115,0.636353177954646,1
90,100,1,1,2.31105236861167,3.69802114261115,0.466379335531246,1
90,101,1,1,2.31105236861167,3.69802114261115,0.491681252711155,1
91,2,-1,1,1.70796916665818,1.93423621221233,0.874122586656689,1
91,3,1,1,1.88759785196052,4.36835172364015,0.500878149778028,1
91,4,1,1,1.88759785196052,4.36835172364015,0.417981053957776,1
91,5,-1,1,1.70796916665818,1.93423621221233,0.851287750747538,1
91,6,-1,1,1.70796916665818,1.93423621221233,0.706245238734454,1
91,7,1,1,1.88759785196052,4.36835172364015,0.483983540322243,1
91,8,1,1,1.88759785196052,4.36835172364015,0.61528392436734,1
91,9,1,1,1.88759785196052,4.36835172364015,0.450339600885728,1
91,10,-1,1,1.70796916665818,1.93423621221233,0.52817868535507,1
91,11,-1,1,1.70796916665818,1.93423621221233,0.924521773002467,1
91,12,-1,1,1.70796916665818,1.93423621221233,0.520488233052317,1
91,13,1,1,1.88759785196052,4.36835172364015,0.970420867446516,1
91,14,1,1,1.88759785196052,4.36835172364015,0.481287608654566,1
91,15,1,1,1.88759785196052,4.36835172364015,0.427254182086217,1
91,16,-1,1,1.70796916665818,1.93423621221233,0.373540829111924,1
91,17,1,1,1.88759785196052,4.36835172364015,0.604849626813668,1
91,18,1,1,1.88759785196052,4.36835172364015,0.602570232049461,1
91,19,-1,1,1.70796916665818,1.93423621221233,0.777754788386146,1
91,20,-1,1,1.70796916665818,1.93423621221233,1.030506861126,1
91,21,1,1,1.88759785196052,4.36835172364015,0.378920491436604,1
91,22,-1,1,1.70796916665818,1.93423621221233,0.628905758923186,1
91,23,1,1,1.88759785196052,4.36835172364015,0.44330272889361,1
91,24,1,1,1.88759785196052,4.36835172364015,0.558577979387435,1
91,25,1,1,1.88759785196052,4.36835172364015,0.400178047311453,1
91,26,1,1,1.88759785196052,4.36835172364015,0.34588570581553,1
91,27,-1,1,1.70796916665818,1.93423621221233,1.91727677825246,-1
91,28,1,-1,1.7991332891185,0.916821749010015,1.52417293156085,1
91,29,-1,1,1.70796916665818,1.93423621221233,0.668204753378955,1
91,30,-1,1,1.70796916665818,1.93423621221233,0.412247122834366,1
91,31,-1,1,1.70796916665818,1.93423621221233,0.921141583395142,1
91,32,1,1,1.88759785196052,4.36835172364015,0.65560846246658,1
91,33,-1,1,1.70796916665818,1.93423621221233,1.10630845042105,-1
91,34,1,-1,1.7991332891185,0.916821749010015,0.357154385388373,-1
91,35,1,-1,1.7991332891185,0.916821749010015,0.589432588291029,-1
91,36,1,-1,1.7991332891185,0.916821749010015,0.776903269170093,1
91,37,-1,1,1.70796916665818,1.93423621221233,0.465088126316326,1
91,38,1,1,1.88759785196052,4.36835172364015,0.430586241862097,1
91,39,1,1,1.88759785196052,4.36835172364015,0.79759892271496,1
91,40,1,1,1.88759785196052,4.36835172364015,0.521858427782649,1
91,41,1,1,1.88759785196052,4.36835172364015,0.83325030800763,1
91,42,-1,1,1.70796916665818,1.93423621221233,0.634223307217561,1
91,43,1,1,1.88759785196052,4.36835172364015,0.575890805424882,1
91,44,-1,1,1.70796916665818,1.93423621221233,0.374614379799739,1
91,45,1,1,1.88759785196052,4.36835172364015,0.444002903373982,1
91,46,-1,1,1.70796916665818,1.93423621221233,0.423762344977758,1
91,47,-1,1,1.70796916665818,1.93423621221233,0.805537727171864,1
91,48,1,1,1.88759785196052,4.36835172364015,0.355320693858747,1
91,49,-1,1,1.70796916665818,1.93423621221233,0.557259911650092,1
91,50,1,1,1.88759785196052,4.36835172364015,0.486372394222365,1
91,51,-1,1,1.70796916665818,1.93423621221233,0.55931898744427,1
91,52,-1,1,1.70796916665818,1.93423621221233,0.541927151004416,1
91,53,1,1,1.88759785196052,4.36835172364015,0.471590540920429,1
91,54,-1,1,1.70796916665818,1.93423621221233,0.643217212220303,1
91,55,1,1,1.88759785196052,4.36835172364015,0.512764711207864,1
91,56,1,1,1.88759785196052,4.36835172364015,0.425435316294783,1
91,57,-1,1,1.70796916665818,1.93423621221233,0.76816938893096,1
91,58,1,1,1.88759785196052,4.36835172364015,0.64049979284533,1
91,59,1,1,1.88759785196052,4.36835172364015,0.422761345714712,1
91,60,-1,1,1.70796916665818,1.93423621221233,0.614190225171175,1
91,61,-1,1,1.70796916665818,1.93423621221233,0.492705793179527,1
91,62,-1,1,1.70796916665818,1.93423621221233,0.453083761869391,1
91,63,1,1,1.88759785196052,4.36835172364015,0.417912945673306,1
91,64,-1,1,1.70796916665818,1.93423621221233,1.17061187935255,1
91,65,-1,1,1.70796916665818,1.93423621221233,0.497652244389064,1
91,66,-1,1,1.70796916665818,1.93423621221233,0.636554976048653,1
91,67,1,1,1.88759785196052,4.36835172364015,0.578919351418086,1
91,68,-1,1,1.70796916665818,1.93423621221233,0.687073500642353,1
91,69,1,1,1.88759785196052,4.36835172364015,0.434267602971721,1
91,70,1,1,1.88759785196052,4.36835172364015,0.454132770373262,1
91,71,-1,1,1.70796916665818,1.93423621221233,1.52411637458326,1
91,72,-1,1,1.70796916665818,1.93423621221233,1.06512759710847,1
91,73,-1,1,1.70796916665818,1.93423621221233,0.66573091021599,1
91,74,1,1,1.88759785196052,4.36835172364015,0.369607981849051,1
91,75,-1,1,1.70796916665818,1.93423621221233,0.550345170308205,1
91,76,-1,1,1.70796916665818,1.93423621221233,0.754654671537915,1
91,77,1,1,1.88759785196052,4.36835172364015,0.602528326926952,1
91,78,1,1,1.88759785196052,4.36835172364015,0.535643040153456,1
91,79,1,1,1.88759785196052,4.36835172364015,0.64853681345071,1
91,80,1,1,1.88759785196052,4.36835172364015,0.359388156413541,1
91,81,1,1,1.88759785196052,4.36835172364015,0.318847872003117,1
91,82,1,1,1.88759785196052,4.36835172364015,0.399629064983384,1
91,83,1,1,1.88759785196052,4.36835172364015,0.515325672856356,1
91,84,1,1,1.88759785196052,4.36835172364015,0.462695275224178,1
91,85,1,1,1.88759785196052,4.36835172364015,0.442985764216441,1
91,86,1,1,1.88759785196052,4.36835172364015,0.393815358507393,1
91,87,-1,1,1.70796916665818,1.93423621221233,0.62342247995225,1
91,88,-1,1,1.70796916665818,1.93423621221233,0.662832959739493,1
91,89,-1,1,1.70796916665818,1.93423621221233,0.562390763222847,1
91,90,-1,1,1.70796916665818,1.93423621221233,0.901553664819544,1
91,91,-1,1,1.70796916665818,1.93423621221233,0.696915533324811,1
91,92,-1,1,1.70796916665818,1.93423621221233,0.445847749254858,1
91,93,-1,1,1.70796916665818,1.93423621221233,0.541373618737234,1
91,94,-1,1,1.70796916665818,1.93423621221233,0.422958129791349,1
91,95,-1,1,1.70796916665818,1.93423621221233,0.503691467149833,1
91,96,-1,1,1.70796916665818,1.93423621221233,0.554992178308186,1
91,97,1,1,1.88759785196052,4.36835172364015,0.479916075505689,1
91,98,-1,1,1.70796916665818,1.93423621221233,0.637065403286402,-1
91,99,-1,-1,1.62792312002852,-0.0194096848624932,1.17975273337431,-1
91,100,1,-1,1.7991332891185,0.916821749010015,0.479112690840095,1
91,101,-1,1,1.70796916665818,1.93423621221233,0.576330184175215,1
92,2,1,1,2.14435995832886,3.11646098325647,0.497127536453399,1
92,3,-1,1,1.94029712803398,1.83425639111052,1.25708816059176,1
92,4,-1,1,1.94029712803398,1.83425639111052,0.353019144323391,1
92,5,-1,1,1.94029712803398,1.83425639111052,0.535161136203899,1
92,6,-1,1,1.94029712803398,1.83425639111052,0.547468500762915,1
92,7,-1,1,1.94029712803398,1.83425639111052,0.347228006495,1
92,8,1,1,2.14435995832886,3.11646098325647,0.623065724743793,1
92,9,1,1,2.14435995832886,3.11646098325647,0.594164157285552,1
92,10,1,1,2.14435995832886,3.11646098325647,0.409611674431427,1
92,11,-1,1,1.94029712803398,1.83425639111052,0.938573984125987,1
92,12,-1,1,1.94029712803398,1.83425639111052,0.386757226565956,1
92,13,1,1,2.14435995832886,3.11646098325647,0.496894563176394,1
92,14,1,1,2.14435995832886,3.11646098325647,1.00709220711972,1
92,15,1,1,2.14435995832886,3.11646098325647,0.612737948839322,1
92,16,1,1,2.14435995832886,3.11646098325647,0.351983673598343,1
92,17,1,1,2.14435995832886,3.11646098325647,0.490307493235657,1
92,18,-1,1,1.94029712803398,1.83425639111052,0.402998378248252,1
92,19,-1,1,1.94029712803398,1.83425639111052,0.391944859441563,1
92,20,1,1,2.14435995832886,3.11646098325647,0.459176185611243,1
92,21,-1,1,1.94029712803398,1.83425639111052,0.706926249442242,1
92,22,-1,1,1.94029712803398,1.83425639111052,0.545126011872333,1
92,23,-1,1,1.94029712803398,1.83425639111052,0.679431376205662,1
92,24,-1,1,1.94029712803398,1.83425639111052,0.53080530113629,1
92,25,-1,1,1.94029712803398,1.83425639111052,0.954414337857867,1
92,26,1,1,2.14435995832886,3.11646098325647,0.353083591361627,1
92,27,-1,1,1.94029712803398,1.83425639111052,3.0203758764722,1
92,28,1,1,2.14435995832886,3.11646098325647,0.451656842932161,1
92,29,-1,1,1.94029712803398,1.83425639111052,0.717629733800895,1
92,30,-1,1,1.94029712803398,1.83425639111052,0.408709991003877,1
92,31,1,1,2.14435995832886,3.11646098325647,0.464506591032449,1
92,32,-1,1,1.94029712803398,1.83425639111052,0.717598922130885,1
92,33,-1,1,1.94029712803398,1.83425639111052,0.462287060073258,1
92,34,-1,1,1.94029712803398,1.83425639111052,0.935874533770796,1
92,35,-1,1,1.94029712803398,1.83425639111052,1.14650140220042,1
92,36,-1,1,1.94029712803398,1.83425639111052,0.288741242686117,1
92,37,-1,1,1.94029712803398,1.83425639111052,0.336653456574495,1
92,38,-1,1,1.94029712803398,1.83425639111052,0.8011994843852,1
92,39,1,1,2.14435995832886,3.11646098325647,0.523169837920233,1
92,40,-1,1,1.94029712803398,1.83425639111052,0.538776167613908,1
92,41,1,1,2.14435995832886,3.11646098325647,0.416767707249291,1
92,42,1,1,2.14435995832886,3.11646098325647,0.383956137708779,1
92,43,1,1,2.14435995832886,3.11646098325647,1.84874448376607,1
92,44,1,1,2.14435995832886,3.11646098325647,0.628647708747307,1
92,45,1,1,2.14435995832886,3.11646098325647,0.514803203192521,1
92,46,1,1,2.14435995832886,3.11646098325647,0.601917561724094,1
92,47,1,1,2.14435995832886,3.11646098325647,0.486996152684465,1
92,48,1,1,2.14435995832886,3.11646098325647,0.432771364429759,1
92,49,1,1,2.14435995832886,3.11646098325647,0.396740571469004,1
92,50,1,1,2.14435995832886,3.11646098325647,0.429477412474559,1
92,51,-1,1,1.94029712803398,1.83425639111052,0.418688265722852,1
92,52,-1,1,1.94029712803398,1.83425639111052,0.65844883281592,1
92,53,-1,1,1.94029712803398,1.83425639111052,0.529239729004946,1
92,54,-1,1,1.94029712803398,1.83425639111052,1.64037526350793,-1
92,55,-1,-1,1.84936274969863,1.02213253808694,1.15152174121004,1
92,56,1,1,2.14435995832886,3.11646098325647,0.306426078106185,1
92,57,1,1,2.14435995832886,3.11646098325647,0.424046945822158,1
92,58,-1,1,1.94029712803398,1.83425639111052,0.401923219528178,1
92,59,1,1,2.14435995832886,3.11646098325647,0.597811304544188,1
92,60,-1,1,1.94029712803398,1.83425639111052,0.521774782483466,1
92,61,1,1,2.14435995832886,3.11646098325647,0.512378905516108,1
92,62,-1,1,1.94029712803398,1.83425639111052,0.380889582203748,1
92,63,1,1,2.14435995832886,3.11646098325647,0.465128919246662,1
92,64,1,1,2.14435995832886,3.11646098325647,0.519788872793578,1
92,65,-1,1,1.94029712803398,1.83425639111052,0.38243248632539,1
92,66,-1,1,1.94029712803398,1.83425639111052,0.71982400212584,1
92,67,-1,1,1.94029712803398,1.83425639111052,0.509524374920713,1
92,68,-1,1,1.94029712803398,1.83425639111052,0.400009419285466,1
92,69,1,1,2.14435995832886,3.11646098325647,0.849431194411741,1
92,70,1,1,2.14435995832886,3.11646098325647,0.40680684083253,1
92,71,1,1,2.14435995832886,3.11646098325647,0.890221062673622,1
92,72,1,1,2.14435995832886,3.11646098325647,0.407543030265064,1
92,73,1,1,2.14435995832886,3.11646098325647,0.325612955993154,1
92,74,1,1,2.14435995832886,3.11646098325647,0.639636025712537,1
92,75,-1,1,1.94029712803398,1.83425639111052,0.544639028624041,1
92,76,-1,1,1.94029712803398,1.83425639111052,0.334730683984564,1
92,77,-1,1,1.94029712803398,1.83425639111052,0.617471469443017,1
92,78,1,1,2.14435995832886,3.11646098325647,0.721564081096662,1
92,79,-1,1,1.94029712803398,1.83425639111052,0.612862639708187,1
92,80,-1,1,1.94029712803398,1.83425639111052,0.49665612019574,1
92,81,1,1,2.14435995832886,3.11646098325647,0.779556356616054,1
92,82,1,1,2.14435995832886,3.11646098325647,0.422577821626889,1
92,83,1,1,2.14435995832886,3.11646098325647,0.50281980669853,1
92,84,-1,1,1.94029712803398,1.83425639111052,0.505642271734357,1
92,85,1,1,2.14435995832886,3.11646098325647,0.808419032882778,1
92,86,1,1,2.14435995832886,3.11646098325647,0.423176949790758,1
92,87,-1,1,1.94029712803398,1.83425639111052,0.707010027415947,1
92,88,1,1,2.14435995832886,3.11646098325647,0.564898236218573,1
92,89,1,1,2.14435995832886,3.11646098325647,1.44093985944384,1
92,90,-1,1,1.94029712803398,1.83425639111052,0.623295370989952,1
92,91,-1,1,1.94029712803398,1.83425639111052,1.22930053804195,1
92,92,-1,1,1.94029712803398,1.83425639111052,0.519884418835356,1
92,93,-1,1,1.94029712803398,1.83425639111052,1.02075784802053,1
92,94,1,1,2.14435995832886,3.11646098325647,0.44118190723686,1
92,95,1,1,2.14435995832886,3.11646098325647,0.362637963745684,1
92,96,1,1,2.14435995832886,3.11646098325647,0.554917040339702,1
92,97,-1,1,1.94029712803398,1.83425639111052,0.854304800160058,1
92,98,1,1,2.14435995832886,3.11646098325647,0.470533534274366,1
92,99,-1,1,1.94029712803398,1.83425639111052,0.479586236662024,1
92,100,1,1,2.14435995832886,3.11646098325647,1.04402491505326,1
92,101,1,1,2.14435995832886,3.11646098325647,0.897391663218323,1
93,2,-1,1,1.89237387896765,1.12259223277411,1.27285655716414,1
93,3,-1,1,1.89237387896765,1.12259223277411,0.532142656309544,1
93,4,-1,1,1.89237387896765,1.12259223277411,0.513005732361924,1
93,5,1,1,2.09139657716105,3.54655080168431,0.65918722845606,1
93,6,-1,1,1.89237387896765,1.12259223277411,0.467831624704857,1
93,7,-1,1,1.89237387896765,1.12259223277411,0.8416789363323,1
93,8,-1,1,1.89237387896765,1.12259223277411,1.72456470919895,1
93,9,-1,1,1.89237387896765,1.12259223277411,0.760891091926243,1
93,10,1,1,2.09139657716105,3.54655080168431,0.567841078885501,1
93,11,-1,1,1.89237387896765,1.12259223277411,0.90254920703341,-1
93,12,1,-1,1.99338073987044,1.95253155270873,1.46764757367403,-1
93,13,1,-1,1.99338073987044,1.95253155270873,1.14992082704503,1
93,14,1,1,2.09139657716105,3.54655080168431,0.327191574676569,1
93,15,1,1,2.09139657716105,3.54655080168431,0.569520541399111,1
93,16,-1,1,1.89237387896765,1.12259223277411,0.347045687346081,1
93,17,-1,1,1.89237387896765,1.12259223277411,0.340819539377381,1
93,18,1,1,2.09139657716105,3.54655080168431,0.339843264878037,1
93,19,-1,1,1.89237387896765,1.12259223277411,0.597184835486948,1
93,20,1,1,2.09139657716105,3.54655080168431,0.337504764754141,1
93,21,1,1,2.09139657716105,3.54655080168431,0.359606946713697,1
93,22,1,1,2.09139657716105,3.54655080168431,0.41366753255922,1
93,23,-1,1,1.89237387896765,1.12259223277411,1.72326098098266,-1
93,24,-1,-1,1.80368548182698,0.578325412832855,0.550940581216744,1
93,25,1,1,2.09139657716105,3.54655080168431,0.314527555821922,1
93,26,1,1,2.09139657716105,3.54655080168431,0.434970858929566,1
93,27,-1,1,1.89237387896765,1.12259223277411,1.47713798361521,1
93,28,-1,1,1.89237387896765,1.12259223277411,0.892870416597235,1
93,29,1,1,2.09139657716105,3.54655080168431,1,1
93,30,-1,1,1.89237387896765,1.12259223277411,0.642476246749305,1
93,31,-1,1,1.89237387896765,1.12259223277411,0.920958329627665,1
93,32,-1,1,1.89237387896765,1.12259223277411,0.655095388140349,1
93,33,-1,1,1.89237387896765,1.12259223277411,0.501653306334639,1
93,34,1,1,2.09139657716105,3.54655080168431,0.542663882539461,1
93,35,1,1,2.09139657716105,3.54655080168431,0.650918281591199,1
93,36,1,1,2.09139657716105,3.54655080168431,0.387225611870704,1
93,37,1,1,2.09139657716105,3.54655080168431,0.365679640242476,1
93,38,1,1,2.09139657716105,3.54655080168431,0.262163027140871,1
93,39,1,1,2.09139657716105,3.54655080168431,0.279668020165,1
93,40,1,1,2.09139657716105,3.54655080168431,0.411494053825963,1
93,41,1,1,2.09139657716105,3.54655080168431,0.596482487138294,1
93,42,1,1,2.09139657716105,3.54655080168431,0.366181542955666,1
93,43,-1,1,1.89237387896765,1.12259223277411,0.373441335105686,1
93,44,1,1,2.09139657716105,3.54655080168431,0.535706880425442,1
93,45,1,1,2.09139657716105,3.54655080168431,0.348343419569814,1
93,46,-1,1,1.89237387896765,1.12259223277411,2.51566296255511,-1
93,47,-1,-1,1.80368548182698,0.578325412832855,0.36150902611779,1
93,48,1,1,2.09139657716105,3.54655080168431,0.4738508479911,1
93,49,1,1,2.09139657716105,3.54655080168431,0.419915904685253,1
93,50,-1,1,1.89237387896765,1.12259223277411,1.29315871000466,1
93,51,-1,1,1.89237387896765,1.12259223277411,1.06244105704622,1
93,52,1,1,2.09139657716105,3.54655080168431,0.502401882313416,1
93,53,1,1,2.09139657716105,3.54655080168431,0.474396870561721,1
93,54,-1,1,1.89237387896765,1.12259223277411,0.458900221357684,1
93,55,-1,1,1.89237387896765,1.12259223277411,0.65518698744276,1
93,56,1,1,2.09139657716105,3.54655080168431,0.293759777160356,1
93,57,-1,1,1.89237387896765,1.12259223277411,0.924132264457512,1
93,58,-1,1,1.89237387896765,1.12259223277411,1.41574760358531,1
93,59,1,1,2.09139657716105,3.54655080168431,0.381860575118095,1
93,60,-1,1,1.89237387896765,1.12259223277411,0.336065419544044,1
93,61,-1,1,1.89237387896765,1.12259223277411,0.539320629202113,1
93,62,-1,1,1.89237387896765,1.12259223277411,0.607622829323766,1
93,63,1,1,2.09139657716105,3.54655080168431,0.627690970147042,1
93,64,1,1,2.09139657716105,3.54655080168431,0.43810414743064,1
93,65,-1,1,1.89237387896765,1.12259223277411,0.511227532574787,1
93,66,-1,1,1.89237387896765,1.12259223277411,0.701137366063159,1
93,67,-1,1,1.89237387896765,1.12259223277411,0.48920316324384,1
93,68,1,1,2.09139657716105,3.54655080168431,0.408834218114428,1
93,69,-1,1,1.89237387896765,1.12259223277411,1.28299081063669,1
93,70,-1,1,1.89237387896765,1.12259223277411,0.58904028762133,1
93,71,1,1,2.09139657716105,3.54655080168431,0.337990946726241,1
93,72,-1,1,1.89237387896765,1.12259223277411,0.51540542110779,1
93,73,1,1,2.09139657716105,3.54655080168431,0.484635669188909,1
93,74,1,1,2.09139657716105,3.54655080168431,0.689396445829214,1
93,75,1,1,2.09139657716105,3.54655080168431,0.464459153565078,1
93,76,-1,1,1.89237387896765,1.12259223277411,0.645172938186781,1
93,77,1,1,2.09139657716105,3.54655080168431,0.426112326016714,1
93,78,-1,1,1.89237387896765,1.12259223277411,0.55641938387616,1
93,79,1,1,2.09139657716105,3.54655080168431,0.273361799819022,1
93,80,-1,1,1.89237387896765,1.12259223277411,1.06046640129016,1
93,81,1,1,2.09139657716105,3.54655080168431,0.621545378413072,1
93,82,-1,1,1.89237387896765,1.12259223277411,0.462559231706235,1
93,83,-1,1,1.89237387896765,1.12259223277411,1.03067337987335,1
93,84,1,1,2.09139657716105,3.54655080168431,0.417040968973587,1
93,85,1,1,2.09139657716105,3.54655080168431,0.589411339070607,1
93,86,-1,1,1.89237387896765,1.12259223277411,0.638588600823771,1
93,87,1,1,2.09139657716105,3.54655080168431,0.484814553174449,1
93,88,1,1,2.09139657716105,3.54655080168431,0.402488539268359,1
93,89,1,1,2.09139657716105,3.54655080168431,0.494013672236791,1
93,90,1,1,2.09139657716105,3.54655080168431,0.505872213279537,1
93,91,-1,1,1.89237387896765,1.12259223277411,0.432430407346324,1
93,92,-1,1,1.89237387896765,1.12259223277411,0.517344110787363,1
93,93,1,1,2.09139657716105,3.54655080168431,0.447919235136545,1
93,94,-1,1,1.89237387896765,1.12259223277411,0.442198816144133,-1
93,95,1,-1,1.99338073987044,1.95253155270873,0.447884527192877,1
93,96,-1,1,1.89237387896765,1.12259223277411,0.90253438078448,1
93,97,1,1,2.09139657716105,3.54655080168431,0.790869735203026,1
93,98,-1,1,1.89237387896765,1.12259223277411,0.582326969486829,1
93,99,1,1,2.09139657716105,3.54655080168431,0.817073776665926,1
93,100,-1,1,1.89237387896765,1.12259223277411,2.36936144510346,1
93,101,-1,1,1.89237387896765,1.12259223277411,0.388971866969595,1
94,2,1,1,2.10262506289433,2.06318994963233,0.74175127673173,1
94,3,-1,1,1.902533833007,1.2496276308402,2.34525474226734,1
94,4,-1,1,1.902533833007,1.2496276308402,1.25426194604031,1
94,5,1,1,2.10262506289433,2.06318994963233,1.15401467287338,1
94,6,-1,1,1.902533833007,1.2496276308402,0.470044451446518,1
94,7,1,1,2.10262506289433,2.06318994963233,0.534737432884631,-1
94,8,-1,-1,1.81336927729704,1.65188003784987,0.686053135987212,1
94,9,-1,1,1.902533833007,1.2496276308402,0.925727354439285,-1
94,10,1,-1,2.00408298900055,2.2353023816776,0.275799664004619,1
94,11,1,1,2.10262506289433,2.06318994963233,0.750958141520524,1
94,12,-1,1,1.902533833007,1.2496276308402,0.371832837288506,1
94,13,1,1,2.10262506289433,2.06318994963233,0.340346719045713,1
94,14,1,1,2.10262506289433,2.06318994963233,0.256511552597123,1
94,15,-1,1,1.902533833007,1.2496276308402,0.563458799252263,1
94,16,-1,1,1.902533833007,1.2496276308402,0.372010591163197,1
94,17,-1,1,1.902533833007,1.2496276308402,0.851362173859108,1
94,18,-1,1,1.902533833007,1.2496276308402,0.513193203833472,1
94,19,1,1,2.10262506289433,2.06318994963233,0.707587781149585,1
94,20,-1,1,1.902533833007,1.2496276308402,0.601488571454037,1
94,21,1,1,2.10262506289433,2.06318994963233,0.65773262635932,1
94,22,-1,1,1.902533833007,1.2496276308402,0.309620536193724,1
94,23,1,1,2.10262506289433,2.06318994963233,1.11208284593258,1
94,24,1,1,2.10262506289433,2.06318994963233,1.45984283871818,1
94,25,1,1,2.10262506289433,2.06318994963233,0.31541313409447,-1
94,26,1,-1,2.00408298900055,2.2353023816776,0.940197965226211,1
94,27,1,1,2.10262506289433,2.06318994963233,0.446200428675427,1
94,28,-1,1,1.902533833007,1.2496276308402,0.37610901967452,1
94,29,-1,1,1.902533833007,1.2496276308402,0.658626696916212,1
94,30,-1,1,1.902533833007,1.2496276308402,0.404508411963961,1
94,31,1,1,2.10262506289433,2.06318994963233,1.03665183235109,1
94,32,1,1,2.10262506289433,2.06318994963233,0.610181760085157,1
94,33,1,1,2.10262506289433,2.06318994963233,0.889620857639451,1
94,34,-1,1,1.902533833007,1.2496276308402,0.279721869902169,1
94,35,-1,1,1.902533833007,1.2496276308402,0.347930050422147,1
94,36,-1,1,1.902533833007,1.2496276308402,0.641751993004872,1
94,37,-1,1,1.902533833007,1.2496276308402,0.350295631069732,1
94,38,1,1,2.10262506289433,2.06318994963233,0.387639736784898,1
94,39,-1,1,1.902533833007,1.2496276308402,0.461291909597554,1
94,40,1,1,2.10262506289433,2.06318994963233,0.63866693346433,1
94,41,-1,1,1.902533833007,1.2496276308402,0.800760059086262,1
94,42,-1,1,1.902533833007,1.2496276308402,0.527752673103087,1
94,43,1,1,2.10262506289433,2.06318994963233,1.27797510342935,1
94,44,-1,1,1.902533833007,1.2496276308402,0.567716419658257,1
94,45,1,1,2.10262506289433,2.06318994963233,0.698876661937271,1
94,46,1,1,2.10262506289433,2.06318994963233,0.334642626124245,1
94,47,-1,1,1.902533833007,1.2496276308402,0.486420756933632,1
94,48,1,1,2.10262506289433,2.06318994963233,0.338806592637723,1
94,49,-1,1,1.902533833007,1.2496276308402,1.09088427921896,1
94,50,1,1,2.10262506289433,2.06318994963233,0.914677590052117,1
94,51,1,1,2.10262506289433,2.06318994963233,0.301756331271491,1
94,52,-1,1,1.902533833007,1.2496276308402,0.384498041645576,1
94,53,1,1,2.10262506289433,2.06318994963233,0.584785199272256,1
94,54,-1,1,1.902533833007,1.2496276308402,0.865399459260412,1
94,55,-1,1,1.902533833007,1.2496276308402,0.37880555208566,-1
94,56,1,-1,2.00408298900055,2.2353023816776,0.340691684090844,1
94,57,1,1,2.10262506289433,2.06318994963233,0.340989732828676,1
94,58,-1,1,1.902533833007,1.2496276308402,0.729775049204446,1
94,59,-1,1,1.902533833007,1.2496276308402,0.351592789192233,1
94,60,1,1,2.10262506289433,2.06318994963233,0.351466966806908,1
94,61,-1,1,1.902533833007,1.2496276308402,0.717940871853667,1
94,62,1,1,2.10262506289433,2.06318994963233,1.05633800303964,1
94,63,1,1,2.10262506289433,2.06318994963233,0.297875086530651,1
94,64,1,1,2.10262506289433,2.06318994963233,0.739692173153837,1
94,65,-1,1,1.902533833007,1.2496276308402,0.309706174406744,1
94,66,1,1,2.10262506289433,2.06318994963233,0.661055116374324,1
94,67,1,1,2.10262506289433,2.06318994963233,0.43154966738205,1
94,68,1,1,2.10262506289433,2.06318994963233,0.446504153142258,1
94,69,1,1,2.10262506289433,2.06318994963233,0.645052043280719,1
94,70,1,1,2.10262506289433,2.06318994963233,0.301697039552067,1
94,71,1,1,2.10262506289433,2.06318994963233,0.588953915497886,1
94,72,1,1,2.10262506289433,2.06318994963233,0.477066989475678,1
94,73,-1,1,1.902533833007,1.2496276308402,1.11373247988662,1
94,74,-1,1,1.902533833007,1.2496276308402,0.691873084913344,1
94,75,1,1,2.10262506289433,2.06318994963233,0.929308385464041,1
94,76,-1,1,1.902533833007,1.2496276308402,0.485576366544304,1
94,77,1,1,2.10262506289433,2.06318994963233,0.587470773238493,1
94,78,-1,1,1.902533833007,1.2496276308402,0.297580651646968,1
94,79,-1,1,1.902533833007,1.2496276308402,1.36131593745059,1
94,80,-1,1,1.902533833007,1.2496276308402,0.270922239137534,1
94,81,1,1,2.10262506289433,2.06318994963233,0.656698248336183,1
94,82,1,1,2.10262506289433,2.06318994963233,0.487987772833262,1
94,83,-1,1,1.902533833007,1.2496276308402,0.528747672687811,1
94,84,-1,1,1.902533833007,1.2496276308402,0.339503927555961,-1
94,85,1,-1,2.00408298900055,2.2353023816776,0.585065372339741,1
94,86,-1,1,1.902533833007,1.2496276308402,1.3122477403107,-1
94,87,1,-1,2.00408298900055,2.2353023816776,0.591508802670631,1
94,88,1,1,2.10262506289433,2.06318994963233,0.480809338331253,1
94,89,-1,1,1.902533833007,1.2496276308402,1.16928365882326,1
94,90,1,1,2.10262506289433,2.06318994963233,0.402842557265327,1
94,91,-1,1,1.902533833007,1.2496276308402,0.668872377588785,-1
94,92,-1,-1,1.81336927729704,1.65188003784987,0.734490281215916,1
94,93,-1,1,1.902533833007,1.2496276308402,0.599281355604003,1
94,94,-1,1,1.902533833007,1.2496276308402,0.564220785439367,1
94,95,-1,1,1.902533833007,1.2496276308402,0.415361623987724,1
94,96,-1,1,1.902533833007,1.2496276308402,1.16073672379198,1
94,97,-1,1,1.902533833007,1.2496276308402,0.298858347450417,-1
94,98,1,-1,2.00408298900055,2.2353023816776,0.326988190672176,1
94,99,1,1,2.10262506289433,2.06318994963233,0.418600818946485,1
94,100,-1,1,1.902533833007,1.2496276308402,0.344810503110533,1
94,101,1,1,2.10262506289433,2.06318994963233,0.306350778058181,1
95,2,-1,1,2.29070744317684,1.87764890431676,0.64728876185414,1
95,3,1,1,2.53162324801847,2.98867282228341,0.426096070088809,1
95,4,-1,1,2.29070744317684,1.87764890431676,0.575653835993285,1
95,5,1,1,2.53162324801847,2.98867282228341,0.793973731282797,1
95,6,-1,1,2.29070744317684,1.87764890431676,0.531414060351018,1
95,7,-1,1,2.29070744317684,1.87764890431676,1.21011877758829,1
95,8,-1,1,2.29070744317684,1.87764890431676,1.89176359225205,1
95,9,1,1,2.53162324801847,2.98867282228341,0.506765332464403,1
95,10,1,1,2.53162324801847,2.98867282228341,0.549716969965357,1
95,11,1,1,2.53162324801847,2.98867282228341,0.597992871869055,1
95,12,1,1,2.53162324801847,2.98867282228341,0.752020762348276,1
95,13,-1,1,2.29070744317684,1.87764890431676,0.5463335378249,1
95,14,1,1,2.53162324801847,2.98867282228341,0.627506317159776,1
95,15,-1,1,2.29070744317684,1.87764890431676,0.915700487608815,1
95,16,1,1,2.53162324801847,2.98867282228341,0.556828461895414,1
95,17,1,1,2.53162324801847,2.98867282228341,1.02585600833659,1
95,18,1,1,2.53162324801847,2.98867282228341,0.849216478375884,1
95,19,1,1,2.53162324801847,2.98867282228341,0.613572921725576,1
95,20,1,1,2.53162324801847,2.98867282228341,0.698589293318322,1
95,21,-1,1,2.29070744317684,1.87764890431676,0.456312587963372,1
95,22,-1,1,2.29070744317684,1.87764890431676,1.7509081468602,1
95,23,-1,1,2.29070744317684,1.87764890431676,1.20048213061454,1
95,24,1,1,2.53162324801847,2.98867282228341,0.582903896479622,1
95,25,1,1,2.53162324801847,2.98867282228341,1.65375239538733,1
95,26,1,1,2.53162324801847,2.98867282228341,0.807593136155836,1
95,27,1,1,2.53162324801847,2.98867282228341,0.456528225605622,1
95,28,1,1,2.53162324801847,2.98867282228341,0.932080871897788,1
95,29,-1,1,2.29070744317684,1.87764890431676,1.42916490243382,1
95,30,-1,1,2.29070744317684,1.87764890431676,1.00577453791101,1
95,31,-1,1,2.29070744317684,1.87764890431676,0.622273230996796,1
95,32,1,1,2.53162324801847,2.98867282228341,0.44019634831493,1
95,33,-1,1,2.29070744317684,1.87764890431676,0.413190054850451,1
95,34,-1,1,2.29070744317684,1.87764890431676,0.991923854903845,1
95,35,-1,1,2.29070744317684,1.87764890431676,1.12580753085596,1
95,36,-1,1,2.29070744317684,1.87764890431676,0.934424932320526,1
95,37,-1,1,2.29070744317684,1.87764890431676,1.07995206371213,1
95,38,1,1,2.53162324801847,2.98867282228341,0.766799039984003,1
95,39,-1,1,2.29070744317684,1.87764890431676,0.939435852937171,1
95,40,1,1,2.53162324801847,2.98867282228341,0.361048325503364,1
95,41,-1,1,2.29070744317684,1.87764890431676,0.673962407052255,1
95,42,1,1,2.53162324801847,2.98867282228341,0.52685081266787,1
95,43,-1,1,2.29070744317684,1.87764890431676,0.585545044548657,1
95,44,-1,1,2.29070744317684,1.87764890431676,0.683476635702584,1
95,45,1,1,2.53162324801847,2.98867282228341,0.470288997981568,1
95,46,1,1,2.53162324801847,2.98867282228341,0.741158085880372,1
95,47,-1,1,2.29070744317684,1.87764890431676,0.440080539052362,1
95,48,-1,1,2.29070744317684,1.87764890431676,0.890550641175644,1
95,49,-1,1,2.29070744317684,1.87764890431676,1.20605530867583,1
95,50,1,1,2.53162324801847,2.98867282228341,0.868835108012496,1
95,51,-1,1,2.29070744317684,1.87764890431676,1.33180027548412,1
95,52,-1,1,2.29070744317684,1.87764890431676,1.38421140105004,1
95,53,1,1,2.53162324801847,2.98867282228341,0.620797112183011,1
95,54,1,1,2.53162324801847,2.98867282228341,0.438070115992048,1
95,55,-1,1,2.29070744317684,1.87764890431676,0.467077711678163,1
95,56,1,1,2.53162324801847,2.98867282228341,0.703694268999848,1
95,57,-1,1,2.29070744317684,1.87764890431676,0.706786698792294,1
95,58,1,1,2.53162324801847,2.98867282228341,0.422197283682375,1
95,59,-1,1,2.29070744317684,1.87764890431676,0.637834683017844,1
95,60,-1,1,2.29070744317684,1.87764890431676,0.527407384699119,1
95,61,-1,1,2.29070744317684,1.87764890431676,1.2715856186432,1
95,62,-1,1,2.29070744317684,1.87764890431676,1.07704030414577,1
95,63,1,1,2.53162324801847,2.98867282228341,0.571999997018277,1
95,64,1,1,2.53162324801847,2.98867282228341,0.557832616595486,1
95,65,1,1,2.53162324801847,2.98867282228341,0.455254022715961,1
95,66,-1,1,2.29070744317684,1.87764890431676,0.529963756985507,1
95,67,-1,1,2.29070744317684,1.87764890431676,0.635424687902258,1
95,68,-1,1,2.29070744317684,1.87764890431676,1.34438409558976,1
95,69,-1,1,2.29070744317684,1.87764890431676,0.766713265006302,1
95,70,1,1,2.53162324801847,2.98867282228341,0.453711967103595,1
95,71,-1,1,2.29070744317684,1.87764890431676,1.11474412998988,1
95,72,-1,1,2.29070744317684,1.87764890431676,0.873044686058266,1
95,73,-1,1,2.29070744317684,1.87764890431676,0.795008817199228,1
95,74,-1,1,2.29070744317684,1.87764890431676,1.27325103746982,1
95,75,-1,1,2.29070744317684,1.87764890431676,1.10619588138128,1
95,76,-1,1,2.29070744317684,1.87764890431676,0.681317944982902,1
95,77,1,1,2.53162324801847,2.98867282228341,0.714252493191754,1
95,78,1,1,2.53162324801847,2.98867282228341,0.448325096099767,1
95,79,-1,1,2.29070744317684,1.87764890431676,0.684433277215838,1
95,80,1,1,2.53162324801847,2.98867282228341,0.659480416337967,1
95,81,-1,1,2.29070744317684,1.87764890431676,0.377330121283671,1
95,82,1,1,2.53162324801847,2.98867282228341,0.53821869599394,1
95,83,-1,1,2.29070744317684,1.87764890431676,0.486465862536598,1
95,84,1,1,2.53162324801847,2.98867282228341,0.864969167398064,1
95,85,1,1,2.53162324801847,2.98867282228341,0.405917657993372,1
95,86,1,1,2.53162324801847,2.98867282228341,0.575617731582063,1
95,87,1,1,2.53162324801847,2.98867282228341,0.795970612234302,1
95,88,-1,1,2.29070744317684,1.87764890431676,0.930785405446969,1
95,89,1,1,2.53162324801847,2.98867282228341,1.10728876178082,1
95,90,1,1,2.53162324801847,2.98867282228341,0.475659456973759,1
95,91,1,1,2.53162324801847,2.98867282228341,0.633106444836434,1
95,92,1,1,2.53162324801847,2.98867282228341,0.538325216603088,1
95,93,1,1,2.53162324801847,2.98867282228341,0.664767223353437,1
95,94,1,1,2.53162324801847,2.98867282228341,0.727909606979602,1
95,95,1,1,2.53162324801847,2.98867282228341,0.502696511865467,1
95,96,1,1,2.53162324801847,2.98867282228341,0.307613966843483,1
95,97,1,1,2.53162324801847,2.98867282228341,0.412577542090389,1
95,98,-1,1,2.29070744317684,1.87764890431676,0.435416260168412,1
95,99,1,1,2.53162324801847,2.98867282228341,1.22124357149115,1
95,100,-1,1,2.29070744317684,1.87764890431676,2.13488124478691,1
95,101,-1,1,2.29070744317684,1.87764890431676,0.512102789324248,1
96,2,1,1,2.10667871729056,4.24390573364388,0.39379148272696,1
96,3,1,1,2.10667871729056,4.24390573364388,0.475325885323198,1
96,4,-1,1,1.9062017311845,0.718661216132056,0.564186934273835,1
96,5,-1,1,1.9062017311845,0.718661216132056,0.395751365795239,-1
96,6,-1,-1,1.81686527497758,1.25025254911971,1.01984076882047,-1
96,7,-1,-1,1.81686527497758,1.25025254911971,0.333583775428729,1
96,8,-1,1,1.9062017311845,0.718661216132056,0.869017342064886,-1
96,9,1,-1,2.00794666396673,0.987180501104354,1.74800369938666,1
96,10,-1,1,1.9062017311845,0.718661216132056,0.954882918679369,-1
96,11,1,-1,2.00794666396673,0.987180501104354,0.920259801205521,1
96,12,1,1,2.10667871729056,4.24390573364388,0.395654346960407,1
96,13,-1,1,1.9062017311845,0.718661216132056,0.567247888106614,1
96,14,-1,1,1.9062017311845,0.718661216132056,0.529103864485443,1
96,15,1,1,2.10667871729056,4.24390573364388,0.466920039313538,1
96,16,-1,1,1.9062017311845,0.718661216132056,0.49234276283999,1
96,17,-1,1,1.9062017311845,0.718661216132056,0.899280145868289,1
96,18,1,1,2.10667871729056,4.24390573364388,0.63280856752367,1
96,19,1,1,2.10667871729056,4.24390573364388,0.442375007318661,1
96,20,-1,1,1.9062017311845,0.718661216132056,0.421879869751299,1
96,21,-1,1,1.9062017311845,0.718661216132056,1.24555512414715,1
96,22,1,1,2.10667871729056,4.24390573364388,0.383630895439389,1
96,23,1,1,2.10667871729056,4.24390573364388,0.511917556513358,1
96,24,1,1,2.10667871729056,4.24390573364388,0.368932563805461,1
96,25,1,1,2.10667871729056,4.24390573364388,0.537966339401747,1
96,26,-1,1,1.9062017311845,0.718661216132056,0.638472773533804,-1
96,27,-1,-1,1.81686527497758,1.25025254911971,2.28080501833194,1
96,28,1,1,2.10667871729056,4.24390573364388,0.507990847513218,1
96,29,-1,1,1.9062017311845,0.718661216132056,0.783170594130875,1
96,30,-1,1,1.9062017311845,0.718661216132056,0.402910282881632,1
96,31,1,1,2.10667871729056,4.24390573364388,0.378560415955429,1
96,32,-1,1,1.9062017311845,0.718661216132056,0.454044049852475,1
96,33,-1,1,1.9062017311845,0.718661216132056,0.722234019944465,1
96,34,1,1,2.10667871729056,4.24390573364388,0.860928751215344,1
96,35,1,1,2.10667871729056,4.24390573364388,0.753453888917176,1
96,36,1,1,2.10667871729056,4.24390573364388,0.321503331742467,1
96,37,-1,1,1.9062017311845,0.718661216132056,0.542939356412458,1
96,38,1,1,2.10667871729056,4.24390573364388,0.403677001515373,1
96,39,1,1,2.10667871729056,4.24390573364388,0.64447301069305,1
96,40,1,1,2.10667871729056,4.24390573364388,0.378027409754306,1
96,41,-1,1,1.9062017311845,0.718661216132056,0.400391954316506,1
96,42,1,1,2.10667871729056,4.24390573364388,0.393109982127633,1
96,43,-1,1,1.9062017311845,0.718661216132056,1.73447569046034,1
96,44,1,1,2.10667871729056,4.24390573364388,0.68948507452709,1
96,45,-1,1,1.9062017311845,0.718661216132056,0.755284312083396,-1
96,46,-1,-1,1.81686527497758,1.25025254911971,0.962963286540368,1
96,47,1,1,2.10667871729056,4.24390573364388,0.416755128052927,1
96,48,1,1,2.10667871729056,4.24390573364388,0.425272234860974,1
96,49,-1,1,1.9062017311845,0.718661216132056,2.45773996463211,-1
96,50,-1,-1,1.81686527497758,1.25025254911971,0.390147059348039,1
96,51,1,1,2.10667871729056,4.24390573364388,0.5738539803019,1
96,52,-1,1,1.9062017311845,0.718661216132056,1.02628257268727,1
96,53,1,1,2.10667871729056,4.24390573364388,0.331726319459412,1
96,54,1,1,2.10667871729056,4.24390573364388,0.593195971936323,1
96,55,1,1,2.10667871729056,4.24390573364388,0.949299059533034,1
96,56,1,1,2.10667871729056,4.24390573364388,0.371156709360316,1
96,57,1,1,2.10667871729056,4.24390573364388,0.452820717815373,1
96,58,1,1,2.10667871729056,4.24390573364388,0.485587496069103,1
96,59,-1,1,1.9062017311845,0.718661216132056,0.423133960364686,1
96,60,1,1,2.10667871729056,4.24390573364388,0.437004374324248,1
96,61,-1,1,1.9062017311845,0.718661216132056,2.56409899102501,1
96,62,1,1,2.10667871729056,4.24390573364388,0.733932447415713,1
96,63,1,1,2.10667871729056,4.24390573364388,0.426602378844135,1
96,64,-1,1,1.9062017311845,0.718661216132056,0.510152472042585,1
96,65,-1,1,1.9062017311845,0.718661216132056,0.809126927495976,-1
96,66,-1,-1,1.81686527497758,1.25025254911971,0.523229701030045,1
96,67,-1,1,1.9062017311845,0.718661216132056,1.45516018953006,1
96,68,1,1,2.10667871729056,4.24390573364388,0.518447008879636,1
96,69,-1,1,1.9062017311845,0.718661216132056,0.859233805898792,1
96,70,1,1,2.10667871729056,4.24390573364388,0.520770066091928,1
96,71,-1,1,1.9062017311845,0.718661216132056,0.806813730980059,1
96,72,-1,1,1.9062017311845,0.718661216132056,1.57777495963006,1
96,73,1,1,2.10667871729056,4.24390573364388,0.376751361215492,1
96,74,-1,1,1.9062017311845,0.718661216132056,1.15975337592122,1
96,75,-1,1,1.9062017311845,0.718661216132056,0.406206283737768,1
96,76,-1,1,1.9062017311845,0.718661216132056,0.431750504834772,1
96,77,1,1,2.10667871729056,4.24390573364388,0.347994440407647,1
96,78,-1,1,1.9062017311845,0.718661216132056,2.64467060385819,-1
96,79,1,-1,2.00794666396673,0.987180501104354,0.727209624619976,-1
96,80,1,-1,2.00794666396673,0.987180501104354,0.972116001368598,-1
96,81,1,-1,2.00794666396673,0.987180501104354,0.649159265234677,-1
96,82,1,-1,2.00794666396673,0.987180501104354,0.914592350656561,1
96,83,-1,1,1.9062017311845,0.718661216132056,1.57101900332613,1
96,84,-1,1,1.9062017311845,0.718661216132056,0.687520266096924,-1
96,85,1,-1,2.00794666396673,0.987180501104354,1.4064997665097,1
96,86,-1,1,1.9062017311845,0.718661216132056,0.755425575155944,-1
96,87,-1,-1,1.81686527497758,1.25025254911971,0.427951866310946,1
96,88,-1,1,1.9062017311845,0.718661216132056,1.1981036613806,-1
96,89,1,-1,2.00794666396673,0.987180501104354,1.13423170633143,1
96,90,1,1,2.10667871729056,4.24390573364388,0.416715892774174,1
96,91,1,1,2.10667871729056,4.24390573364388,0.537316929509782,1
96,92,1,1,2.10667871729056,4.24390573364388,0.446134812043765,1
96,93,-1,1,1.9062017311845,0.718661216132056,0.528926840617696,-1
96,94,-1,-1,1.81686527497758,1.25025254911971,0.978505218068333,1
96,95,-1,1,1.9062017311845,0.718661216132056,1.9007251947726,1
96,96,-1,1,1.9062017311845,0.718661216132056,0.442925992006411,1
96,97,-1,1,1.9062017311845,0.718661216132056,2.22366966886961,1
96,98,-1,1,1.9062017311845,0.718661216132056,1.35933997348812,-1
96,99,1,-1,2.00794666396673,0.987180501104354,0.62926161261744,1
96,100,1,1,2.10667871729056,4.24390573364388,0.488315455482874,1
96,101,1,1,2.10667871729056,4.24390573364388,0.413387818497553,1
97,2,-1,1,2.49894366911711,0.992728829793033,1.2025273691117,1
97,3,1,1,2.76175986901749,2.83582103831215,0.462090740397845,1
97,4,-1,1,2.49894366911711,0.992728829793033,1.74521923708477,1
97,5,-1,1,2.49894366911711,0.992728829793033,1.21022794461592,1
97,6,-1,1,2.49894366911711,0.992728829793033,1.59471952952099,1
97,7,1,1,2.76175986901749,2.83582103831215,0.564854785243431,1
97,8,-1,1,2.49894366911711,0.992728829793033,0.528801494153551,1
97,9,-1,1,2.49894366911711,0.992728829793033,4.85530078494749,1
97,10,1,1,2.76175986901749,2.83582103831215,1.01813586531347,1
97,11,1,1,2.76175986901749,2.83582103831215,1.04483443549586,1
97,12,1,1,2.76175986901749,2.83582103831215,1.03314564890176,1
97,13,-1,1,2.49894366911711,0.992728829793033,1.73602099444469,1
97,14,1,1,2.76175986901749,2.83582103831215,0.422431991630819,1
97,15,1,1,2.76175986901749,2.83582103831215,0.434524445022225,1
97,16,-1,1,2.49894366911711,0.992728829793033,0.905913041558524,1
97,17,-1,1,2.49894366911711,0.992728829793033,3.06113148729595,1
97,18,-1,1,2.49894366911711,0.992728829793033,3.50954701894888,-1
97,19,-1,-1,2.38182764303895,1.86838668908998,0.524859843631508,1
97,20,-1,1,2.49894366911711,0.992728829793033,0.58970626654191,1
97,21,1,1,2.76175986901749,2.83582103831215,0.581288765628674,1
97,22,-1,1,2.49894366911711,0.992728829793033,0.912930513261324,1
97,23,-1,1,2.49894366911711,0.992728829793033,1.18094761731674,1
97,24,1,1,2.76175986901749,2.83582103831215,0.419935314428395,1
97,25,-1,1,2.49894366911711,0.992728829793033,1.01944706413102,1
97,26,1,1,2.76175986901749,2.83582103831215,0.743572570319155,1
97,27,-1,1,2.49894366911711,0.992728829793033,0.742600725566087,1
97,28,-1,1,2.49894366911711,0.992728829793033,0.91775680201258,1
97,29,-1,1,2.49894366911711,0.992728829793033,0.626533484794114,1
97,30,-1,1,2.49894366911711,0.992728829793033,0.992338537557456,1
97,31,1,1,2.76175986901749,2.83582103831215,0.570382725307117,1
97,32,1,1,2.76175986901749,2.83582103831215,0.954798229604008,1
97,33,-1,1,2.49894366911711,0.992728829793033,1.38797623651358,1
97,34,1,1,2.76175986901749,2.83582103831215,0.597523595165978,1
97,35,1,1,2.76175986901749,2.83582103831215,1.15549262973235,1
97,36,-1,1,2.49894366911711,0.992728829793033,1.02781241804198,1
97,37,-1,1,2.49894366911711,0.992728829793033,0.47264465598399,1
97,38,1,1,2.76175986901749,2.83582103831215,0.490019948640207,1
97,39,1,1,2.76175986901749,2.83582103831215,0.550633451086617,1
97,40,1,1,2.76175986901749,2.83582103831215,0.738337447867702,1
97,41,-1,1,2.49894366911711,0.992728829793033,0.586709831642673,1
97,42,1,1,2.76175986901749,2.83582103831215,0.973112576479415,1
97,43,1,1,2.76175986901749,2.83582103831215,0.817160321138808,1
97,44,-1,1,2.49894366911711,0.992728829793033,2.62814941560906,-1
97,45,-1,-1,2.38182764303895,1.86838668908998,1.03675016867623,1
97,46,1,1,2.76175986901749,2.83582103831215,0.769828293473912,1
97,47,1,1,2.76175986901749,2.83582103831215,0.740512132423939,1
97,48,-1,1,2.49894366911711,0.992728829793033,0.844927278213057,-1
97,49,-1,-1,2.38182764303895,1.86838668908998,1.13604189226815,1
97,50,1,1,2.76175986901749,2.83582103831215,0.98754471679846,1
97,51,-1,1,2.49894366911711,0.992728829793033,2.66335839116497,1
97,52,-1,1,2.49894366911711,0.992728829793033,1.53436415486834,1
97,53,1,1,2.76175986901749,2.83582103831215,0.732472149070394,1
97,54,1,1,2.76175986901749,2.83582103831215,0.701712876003626,1
97,55,1,1,2.76175986901749,2.83582103831215,0.853465739477678,1
97,56,1,1,2.76175986901749,2.83582103831215,0.889569973272803,1
97,57,1,1,2.76175986901749,2.83582103831215,0.789734028345556,1
97,58,1,1,2.76175986901749,2.83582103831215,0.6425428447362,1
97,59,1,1,2.76175986901749,2.83582103831215,1.20820439299856,1
97,60,-1,1,2.49894366911711,0.992728829793033,1.21606250724071,1
97,61,1,1,2.76175986901749,2.83582103831215,0.97697308848101,1
97,62,-1,1,2.49894366911711,0.992728829793033,0.829157491247998,1
97,63,1,1,2.76175986901749,2.83582103831215,1.01090380449388,1
97,64,-1,1,2.49894366911711,0.992728829793033,1.48178425364988,-1
97,65,1,-1,2.63232664295531,1.50306344280484,0.608374708023606,1
97,66,1,1,2.76175986901749,2.83582103831215,0.519363500059749,1
97,67,1,1,2.76175986901749,2.83582103831215,0.689098342997624,1
97,68,-1,1,2.49894366911711,0.992728829793033,0.481525882646882,1
97,69,1,1,2.76175986901749,2.83582103831215,0.947518659480087,1
97,70,1,1,2.76175986901749,2.83582103831215,0.700647444334532,1
97,71,-1,1,2.49894366911711,0.992728829793033,0.467745155399661,1
97,72,1,1,2.76175986901749,2.83582103831215,0.630305783297076,1
97,73,-1,1,2.49894366911711,0.992728829793033,0.506156473555731,1
97,74,1,1,2.76175986901749,2.83582103831215,0.520845379455618,1
97,75,1,1,2.76175986901749,2.83582103831215,0.571997232087015,1
97,76,-1,1,2.49894366911711,0.992728829793033,0.776524345459266,1
97,77,-1,1,2.49894366911711,0.992728829793033,1.11840775795828,1
97,78,1,1,2.76175986901749,2.83582103831215,1.07819456240013,1
97,79,-1,1,2.49894366911711,0.992728829793033,1.00604491168275,1
97,80,-1,1,2.49894366911711,0.992728829793033,0.577161486190052,1
97,81,-1,1,2.49894366911711,0.992728829793033,0.735695108813609,1
97,82,1,1,2.76175986901749,2.83582103831215,0.633668128361367,1
97,83,-1,1,2.49894366911711,0.992728829793033,0.579981413548952,1
97,84,1,1,2.76175986901749,2.83582103831215,0.661131509844352,1
97,85,1,1,2.76175986901749,2.83582103831215,1.22593160256432,1
97,86,1,1,2.76175986901749,2.83582103831215,0.442427724833142,1
97,87,1,1,2.76175986901749,2.83582103831215,0.75637157629063,1
97,88,-1,1,2.49894366911711,0.992728829793033,0.56655753677726,1
97,89,-1,1,2.49894366911711,0.992728829793033,0.818920999021209,1
97,90,-1,1,2.49894366911711,0.992728829793033,1.58245604062443,1
97,91,1,1,2.76175986901749,2.83582103831215,0.795077882500907,1
97,92,-1,1,2.49894366911711,0.992728829793033,0.585560429982821,1
97,93,1,1,2.76175986901749,2.83582103831215,0.76382596859672,1
97,94,1,1,2.76175986901749,2.83582103831215,0.831068164560901,1
97,95,-1,1,2.49894366911711,0.992728829793033,1.42458747431494,1
97,96,-1,1,2.49894366911711,0.992728829793033,1.47838373678888,-1
97,97,1,-1,2.63232664295531,1.50306344280484,0.618134583482326,1
97,98,-1,1,2.49894366911711,0.992728829793033,0.545908901785624,1
97,99,1,1,2.76175986901749,2.83582103831215,1.15250784956328,1
97,100,-1,1,2.49894366911711,0.992728829793033,1.04299127049331,1
97,101,-1,1,2.49894366911711,0.992728829793033,2.43290190981893,-1
98,2,-1,1,1.8462577259721,1.84014631591603,0.63573426917564,1
98,3,1,1,2.04043034601684,2.88714951251916,0.656294531593026,-1
98,4,-1,-1,1.75973061827689,0.92856890980685,0.342761058430314,1
98,5,1,1,2.04043034601684,2.88714951251916,0.615305880179381,1
98,6,-1,1,1.8462577259721,1.84014631591603,1.3132572808791,1
98,7,-1,1,1.8462577259721,1.84014631591603,0.353295255338136,1
98,8,1,1,2.04043034601684,2.88714951251916,0.885144656367663,1
98,9,1,1,2.04043034601684,2.88714951251916,0.582302413832224,1
98,10,-1,1,1.8462577259721,1.84014631591603,1.14630230874636,1
98,11,-1,1,1.8462577259721,1.84014631591603,1.01165688002199,1
98,12,1,1,2.04043034601684,2.88714951251916,0.511175705617962,1
98,13,1,1,2.04043034601684,2.88714951251916,0.45745831830412,1
98,14,1,1,2.04043034601684,2.88714951251916,0.665844922170543,1
98,15,-1,1,1.8462577259721,1.84014631591603,0.40069014698778,1
98,16,1,1,2.04043034601684,2.88714951251916,0.311918207627177,1
98,17,-1,1,1.8462577259721,1.84014631591603,0.756239953611035,1
98,18,-1,1,1.8462577259721,1.84014631591603,0.535019038785851,1
98,19,1,1,2.04043034601684,2.88714951251916,0.456304750072552,1
98,20,1,1,2.04043034601684,2.88714951251916,0.304232215016089,1
98,21,1,1,2.04043034601684,2.88714951251916,0.565212276784047,1
98,22,-1,1,1.8462577259721,1.84014631591603,0.57162130250376,1
98,23,-1,1,1.8462577259721,1.84014631591603,0.402534631769548,1
98,24,-1,1,1.8462577259721,1.84014631591603,0.50335856728497,1
98,25,-1,1,1.8462577259721,1.84014631591603,0.340082792422118,1
98,26,1,1,2.04043034601684,2.88714951251916,0.489674029835818,1
98,27,-1,1,1.8462577259721,1.84014631591603,0.32918748752978,1
98,28,1,1,2.04043034601684,2.88714951251916,0.57065007437823,1
98,29,1,1,2.04043034601684,2.88714951251916,0.439049736621094,1
98,30,-1,1,1.8462577259721,1.84014631591603,0.354981325670453,1
98,31,-1,1,1.8462577259721,1.84014631591603,2.35756511821121,1
98,32,-1,1,1.8462577259721,1.84014631591603,0.386897818999554,1
98,33,-1,1,1.8462577259721,1.84014631591603,1.51203605253349,1
98,34,-1,1,1.8462577259721,1.84014631591603,0.335904974462681,1
98,35,1,1,2.04043034601684,2.88714951251916,0.746231071547545,1
98,36,1,1,2.04043034601684,2.88714951251916,0.384993262157425,1
98,37,-1,1,1.8462577259721,1.84014631591603,0.585143368114804,1
98,38,1,1,2.04043034601684,2.88714951251916,0.381102717327935,1
98,39,1,1,2.04043034601684,2.88714951251916,0.493465668918265,1
98,40,1,1,2.04043034601684,2.88714951251916,0.326765382744889,1
98,41,-1,1,1.8462577259721,1.84014631591603,0.322053175177728,1
98,42,-1,1,1.8462577259721,1.84014631591603,0.499261962808675,1
98,43,1,1,2.04043034601684,2.88714951251916,0.500051212767182,1
98,44,1,1,2.04043034601684,2.88714951251916,0.368721154506361,1
98,45,-1,1,1.8462577259721,1.84014631591603,0.470188112245404,1
98,46,-1,1,1.8462577259721,1.84014631591603,0.556680451723111,1
98,47,1,1,2.04043034601684,2.88714951251916,0.505952259298248,1
98,48,-1,1,1.8462577259721,1.84014631591603,0.474708761334921,1
98,49,-1,1,1.8462577259721,1.84014631591603,0.593332798848551,1
98,50,-1,1,1.8462577259721,1.84014631591603,0.509795047967514,1
98,51,-1,1,1.8462577259721,1.84014631591603,0.749132795260133,1
98,52,-1,1,1.8462577259721,1.84014631591603,0.985420596458532,1
98,53,-1,1,1.8462577259721,1.84014631591603,0.695065678696682,1
98,54,-1,1,1.8462577259721,1.84014631591603,0.56668668214512,1
98,55,1,1,2.04043034601684,2.88714951251916,0.336288177998616,1
98,56,1,1,2.04043034601684,2.88714951251916,0.681661537143677,-1
98,57,-1,-1,1.75973061827689,0.92856890980685,0.546804005462964,1
98,58,-1,1,1.8462577259721,1.84014631591603,0.391718761315133,1
98,59,1,1,2.04043034601684,2.88714951251916,0.519663619039957,1
98,60,-1,1,1.8462577259721,1.84014631591603,0.389887888951476,1
98,61,1,1,2.04043034601684,2.88714951251916,0.571348839028238,1
98,62,1,1,2.04043034601684,2.88714951251916,0.821826123592933,1
98,63,1,1,2.04043034601684,2.88714951251916,0.388604034932421,1
98,64,1,1,2.04043034601684,2.88714951251916,0.300553614499221,1
98,65,-1,1,1.8462577259721,1.84014631591603,0.358175536366809,1
98,66,-1,1,1.8462577259721,1.84014631591603,0.488826024990838,1
98,67,1,1,2.04043034601684,2.88714951251916,0.608180753510514,1
98,68,-1,1,1.8462577259721,1.84014631591603,0.543165085571342,1
98,69,1,1,2.04043034601684,2.88714951251916,0.347804813698877,1
98,70,-1,1,1.8462577259721,1.84014631591603,0.301545795015399,1
98,71,1,1,2.04043034601684,2.88714951251916,0.512338444163539,1
98,72,1,1,2.04043034601684,2.88714951251916,0.45832961586167,1
98,73,1,1,2.04043034601684,2.88714951251916,0.465894053272405,1
98,74,1,1,2.04043034601684,2.88714951251916,0.35761263870054,1
98,75,1,1,2.04043034601684,2.88714951251916,0.58824684195775,1
98,76,1,1,2.04043034601684,2.88714951251916,0.36711257574016,1
98,77,-1,1,1.8462577259721,1.84014631591603,0.944835460553441,1
98,78,1,1,2.04043034601684,2.88714951251916,0.402412541604342,1
98,79,-1,1,1.8462577259721,1.84014631591603,0.478097177572774,1
98,80,-1,1,1.8462577259721,1.84014631591603,0.648145885022696,1
98,81,-1,1,1.8462577259721,1.84014631591603,0.545795338087435,1
98,82,1,1,2.04043034601684,2.88714951251916,0.488745207677163,1
98,83,-1,1,1.8462577259721,1.84014631591603,0.619277407721893,1
98,84,-1,1,1.8462577259721,1.84014631591603,0.60760298930405,1
98,85,1,1,2.04043034601684,2.88714951251916,0.55805049195932,1
98,86,1,1,2.04043034601684,2.88714951251916,0.461696445345182,1
98,87,1,1,2.04043034601684,2.88714951251916,0.332449066656482,1
98,88,1,1,2.04043034601684,2.88714951251916,0.425571079649512,1
98,89,-1,1,1.8462577259721,1.84014631591603,0.940552826813208,1
98,90,1,1,2.04043034601684,2.88714951251916,0.479751591097905,1
98,91,-1,1,1.8462577259721,1.84014631591603,0.429975163012088,1
98,92,1,1,2.04043034601684,2.88714951251916,0.563031904147662,1
98,93,-1,1,1.8462577259721,1.84014631591603,0.665929180680211,1
98,94,1,1,2.04043034601684,2.88714951251916,0.347978176655694,1
98,95,-1,1,1.8462577259721,1.84014631591603,0.329705912839345,1
98,96,-1,1,1.8462577259721,1.84014631591603,0.564367674781804,1
98,97,1,1,2.04043034601684,2.88714951251916,0.450389044683421,1
98,98,-1,1,1.8462577259721,1.84014631591603,0.539151605211651,1
98,99,1,1,2.04043034601684,2.88714951251916,0.356333346238397,1
98,100,1,1,2.04043034601684,2.88714951251916,0.296134850835732,1
98,101,1,1,2.04043034601684,2.88714951251916,1.33203296089646,1
99,2,1,1,1.86169859160399,2.68539601188586,0.537275238267622,1
99,3,-1,1,1.68453454678814,2.00733171479385,0.715520919356159,1
99,4,-1,1,1.68453454678814,2.00733171479385,0.614778470740658,1
99,5,1,1,1.86169859160399,2.68539601188586,0.345949780861867,1
99,6,-1,1,1.68453454678814,2.00733171479385,1.31973682914394,1
99,7,1,1,1.86169859160399,2.68539601188586,0.610762495009946,1
99,8,1,1,1.86169859160399,2.68539601188586,0.325633959759469,1
99,9,-1,1,1.68453454678814,2.00733171479385,0.668320697424229,1
99,10,1,1,1.86169859160399,2.68539601188586,0.51234575423591,1
99,11,-1,1,1.68453454678814,2.00733171479385,0.714270546521445,1
99,12,1,1,1.86169859160399,2.68539601188586,0.912477747958385,1
99,13,1,1,1.86169859160399,2.68539601188586,0.767060542791309,1
99,14,-1,1,1.68453454678814,2.00733171479385,0.720139155357643,1
99,15,1,1,1.86169859160399,2.68539601188586,0.366488704016025,1
99,16,1,1,1.86169859160399,2.68539601188586,0.45659596829639,1
99,17,1,1,1.86169859160399,2.68539601188586,0.511758934857372,1
99,18,1,1,1.86169859160399,2.68539601188586,0.476915871566165,1
99,19,1,1,1.86169859160399,2.68539601188586,0.635388225057797,1
99,20,-1,1,1.68453454678814,2.00733171479385,0.44267284687946,1
99,21,-1,1,1.68453454678814,2.00733171479385,0.804453267481122,1
99,22,1,1,1.86169859160399,2.68539601188586,0.907321169640689,1
99,23,-1,1,1.68453454678814,2.00733171479385,0.703059824199373,1
99,24,1,1,1.86169859160399,2.68539601188586,0.532954833387464,1
99,25,-1,1,1.68453454678814,2.00733171479385,1.15266949987664,1
99,26,1,1,1.86169859160399,2.68539601188586,0.509180929242644,1
99,27,1,1,1.86169859160399,2.68539601188586,0.521568883797192,1
99,28,-1,1,1.68453454678814,2.00733171479385,0.803742729735319,1
99,29,-1,1,1.68453454678814,2.00733171479385,0.670788868736606,1
99,30,1,1,1.86169859160399,2.68539601188586,0.328874468539546,1
99,31,1,1,1.86169859160399,2.68539601188586,0.638729724673708,1
99,32,1,1,1.86169859160399,2.68539601188586,0.418910171838605,1
99,33,-1,1,1.68453454678814,2.00733171479385,0.399782125212869,1
99,34,1,1,1.86169859160399,2.68539601188586,0.510713835795003,1
99,35,-1,1,1.68453454678814,2.00733171479385,0.543198147534741,-1
99,36,1,-1,1.77444782901237,1.26830740836246,0.679633976964021,1
99,37,1,1,1.86169859160399,2.68539601188586,0.595526296143336,1
99,38,1,1,1.86169859160399,2.68539601188586,0.379552175171637,1
99,39,1,1,1.86169859160399,2.68539601188586,0.456650736256091,1
99,40,-1,1,1.68453454678814,2.00733171479385,0.870481269678582,1
99,41,-1,1,1.68453454678814,2.00733171479385,0.35744347581407,1
99,42,-1,1,1.68453454678814,2.00733171479385,0.43124559366722,1
99,43,-1,1,1.68453454678814,2.00733171479385,0.999624794340095,1
99,44,1,1,1.86169859160399,2.68539601188586,0.57569336317246,1
99,45,1,1,1.86169859160399,2.68539601188586,0.492133119694422,1
99,46,1,1,1.86169859160399,2.68539601188586,0.533967952679297,1
99,47,1,1,1.86169859160399,2.68539601188586,0.917265490733034,1
99,48,-1,1,1.68453454678814,2.00733171479385,0.579367448012169,1
99,49,-1,1,1.68453454678814,2.00733171479385,0.600631911854101,1
99,50,-1,1,1.68453454678814,2.00733171479385,0.767800600224423,1
99,51,1,1,1.86169859160399,2.68539601188586,1.52898367240959,1
99,52,1,1,1.86169859160399,2.68539601188586,0.363959302331948,1
99,53,-1,1,1.68453454678814,2.00733171479385,0.782246507742822,1
99,54,-1,1,1.68453454678814,2.00733171479385,0.7067188246043,1
99,55,-1,1,1.68453454678814,2.00733171479385,0.727047994249441,1
99,56,1,1,1.86169859160399,2.68539601188586,0.578624241246135,1
99,57,-1,1,1.68453454678814,2.00733171479385,0.517613743665231,1
99,58,-1,1,1.68453454678814,2.00733171479385,1.13136334287407,1
99,59,-1,1,1.68453454678814,2.00733171479385,0.628874060675031,1
99,60,-1,1,1.68453454678814,2.00733171479385,0.839191965425885,1
99,61,-1,1,1.68453454678814,2.00733171479385,0.493320329404429,1
99,62,-1,1,1.68453454678814,2.00733171479385,0.734378020285091,1
99,63,1,1,1.86169859160399,2.68539601188586,0.455459016331428,-1
99,64,1,-1,1.77444782901237,1.26830740836246,1.10450835617487,1
99,65,1,1,1.86169859160399,2.68539601188586,0.415974905919487,1
99,66,-1,1,1.68453454678814,2.00733171479385,0.317197759050876,1
99,67,1,1,1.86169859160399,2.68539601188586,1.02605707306313,1
99,68,1,1,1.86169859160399,2.68539601188586,0.454441398600292,1
99,69,-1,1,1.68453454678814,2.00733171479385,0.535483273618239,1
99,70,1,1,1.86169859160399,2.68539601188586,0.834776821836907,1
99,71,-1,1,1.68453454678814,2.00733171479385,0.45539208618573,1
99,72,1,1,1.86169859160399,2.68539601188586,0.35800958523971,1
99,73,-1,1,1.68453454678814,2.00733171479385,1.1098849335617,1
99,74,1,1,1.86169859160399,2.68539601188586,0.38780870267103,1
99,75,1,1,1.86169859160399,2.68539601188586,0.971548497705744,1
99,76,-1,1,1.68453454678814,2.00733171479385,0.356644244758895,1
99,77,1,1,1.86169859160399,2.68539601188586,0.73052214023226,1
99,78,-1,1,1.68453454678814,2.00733171479385,0.468594332187519,1
99,79,1,1,1.86169859160399,2.68539601188586,0.94789978275851,1
99,80,-1,1,1.68453454678814,2.00733171479385,0.404082519025824,1
99,81,-1,1,1.68453454678814,2.00733171479385,0.747139076742652,1
99,82,1,1,1.86169859160399,2.68539601188586,0.628714294374485,1
99,83,-1,1,1.68453454678814,2.00733171479385,1.38108038685715,-1
99,84,-1,-1,1.60558679204307,1.23896486495783,0.478256404062784,1
99,85,-1,1,1.68453454678814,2.00733171479385,0.594529480359293,1
99,86,-1,1,1.68453454678814,2.00733171479385,0.937278490628311,1
99,87,-1,1,1.68453454678814,2.00733171479385,0.365497934180718,1
99,88,1,1,1.86169859160399,2.68539601188586,0.503374817848459,1
99,89,-1,1,1.68453454678814,2.00733171479385,0.989478057629295,1
99,90,-1,1,1.68453454678814,2.00733171479385,0.851041615669348,1
99,91,1,1,1.86169859160399,2.68539601188586,0.48293298384178,1
99,92,-1,1,1.68453454678814,2.00733171479385,0.515606841209471,1
99,93,1,1,1.86169859160399,2.68539601188586,1.70926800139368,1
99,94,-1,1,1.68453454678814,2.00733171479385,0.697409835794144,1
99,95,1,1,1.86169859160399,2.68539601188586,0.457088470101438,1
99,96,1,1,1.86169859160399,2.68539601188586,0.640146274505737,1
99,97,1,1,1.86169859160399,2.68539601188586,0.763844631781062,1
99,98,-1,1,1.68453454678814,2.00733171479385,0.328685828681572,1
99,99,-1,1,1.68453454678814,2.00733171479385,0.430684576546279,1
99,100,1,1,1.86169859160399,2.68539601188586,0.599668169738259,1
99,101,-1,1,1.68453454678814,2.00733171479385,0.418857074263537,1
100,2,-1,1,2.01769536607659,2.6531981992301,0.510355993593645,1
100,3,-1,1,2.01769536607659,2.6531981992301,0.33173105278477,1
100,4,-1,1,2.01769536607659,2.6531981992301,0.963152031680456,1
100,5,1,1,2.22989824012384,2.10137418253278,0.597177569906859,1
100,6,-1,1,2.01769536607659,2.6531981992301,0.921858626555916,1
100,7,1,1,2.22989824012384,2.10137418253278,1.003397238477,1
100,8,-1,1,2.01769536607659,2.6531981992301,0.624994368186569,1
100,9,1,1,2.22989824012384,2.10137418253278,0.724751584490429,1
100,10,-1,1,2.01769536607659,2.6531981992301,0.459686953483904,1
100,11,1,1,2.22989824012384,2.10137418253278,1.0037549034002,1
100,12,1,1,2.22989824012384,2.10137418253278,0.673454849686832,1
100,13,1,1,2.22989824012384,2.10137418253278,1.57712157754356,1
100,14,-1,1,2.01769536607659,2.6531981992301,0.544291856736964,1
100,15,-1,1,2.01769536607659,2.6531981992301,0.665660270071638,1
100,16,-1,1,2.01769536607659,2.6531981992301,0.655921213312651,1
100,17,-1,1,2.01769536607659,2.6531981992301,0.778778032586121,1
100,18,1,1,2.22989824012384,2.10137418253278,0.98917253175158,1
100,19,-1,1,2.01769536607659,2.6531981992301,0.345873624315877,1
100,20,-1,1,2.01769536607659,2.6531981992301,0.431288123213319,1
100,21,-1,1,2.01769536607659,2.6531981992301,0.572167212575671,1
100,22,1,1,2.22989824012384,2.10137418253278,0.492532526338437,1
100,23,-1,1,2.01769536607659,2.6531981992301,0.407430245773083,1
100,24,1,1,2.22989824012384,2.10137418253278,0.677008523738641,1
100,25,1,1,2.22989824012384,2.10137418253278,0.9376306254118,1
100,26,-1,1,2.01769536607659,2.6531981992301,0.454717094602448,1
100,27,1,1,2.22989824012384,2.10137418253278,0.547176342319843,1
100,28,1,1,2.22989824012384,2.10137418253278,0.712303864825073,1
100,29,-1,1,2.01769536607659,2.6531981992301,0.568460926379327,1
100,30,-1,1,2.01769536607659,2.6531981992301,0.402966998195985,1
100,31,1,1,2.22989824012384,2.10137418253278,0.449367308702655,1
100,32,-1,1,2.01769536607659,2.6531981992301,0.406563772860714,1
100,33,1,1,2.22989824012384,2.10137418253278,0.902175653397085,1
100,34,1,1,2.22989824012384,2.10137418253278,0.606240264834427,1
100,35,1,1,2.22989824012384,2.10137418253278,0.90377484297384,1
100,36,1,1,2.22989824012384,2.10137418253278,0.580246398116265,1
100,37,-1,1,2.01769536607659,2.6531981992301,0.74970291549133,1
100,38,-1,1,2.01769536607659,2.6531981992301,0.47135391594262,1
100,39,1,1,2.22989824012384,2.10137418253278,0.649971398102444,1
100,40,1,1,2.22989824012384,2.10137418253278,1.01560587124647,1
100,41,-1,1,2.01769536607659,2.6531981992301,0.408073504637136,1
100,42,1,1,2.22989824012384,2.10137418253278,1.18158862301943,1
100,43,-1,1,2.01769536607659,2.6531981992301,0.341823387845338,1
100,44,1,1,2.22989824012384,2.10137418253278,1.22853595355704,1
100,45,-1,1,2.01769536607659,2.6531981992301,0.499700850269868,1
100,46,1,1,2.22989824012384,2.10137418253278,1.35793808196936,1
100,47,-1,1,2.01769536607659,2.6531981992301,0.576634335142316,1
100,48,1,1,2.22989824012384,2.10137418253278,1.21446470302673,1
100,49,-1,1,2.01769536607659,2.6531981992301,0.480362473927844,1
100,50,-1,1,2.01769536607659,2.6531981992301,0.605959454759963,1
100,51,-1,1,2.01769536607659,2.6531981992301,0.330123370602877,1
100,52,1,1,2.22989824012384,2.10137418253278,0.644633974162951,1
100,53,-1,1,2.01769536607659,2.6531981992301,0.62796486698504,1
100,54,1,1,2.22989824012384,2.10137418253278,1.84555552474244,1
100,55,-1,1,2.01769536607659,2.6531981992301,0.533182231864985,1
100,56,1,1,2.22989824012384,2.10137418253278,0.746957550463367,1
100,57,-1,1,2.01769536607659,2.6531981992301,0.342937401842281,1
100,58,1,1,2.22989824012384,2.10137418253278,1.38730783546194,1
100,59,-1,1,2.01769536607659,2.6531981992301,0.490860472046458,1
100,60,-1,1,2.01769536607659,2.6531981992301,0.947352396524494,1
100,61,1,1,2.22989824012384,2.10137418253278,1.17265696444406,1
100,62,1,1,2.22989824012384,2.10137418253278,0.635811550520156,1
100,63,-1,1,2.01769536607659,2.6531981992301,0.425407506974689,1
100,64,1,1,2.22989824012384,2.10137418253278,1.21870895106536,1
100,65,-1,1,2.01769536607659,2.6531981992301,0.565196058082727,1
100,66,1,1,2.22989824012384,2.10137418253278,0.531802368463557,1
100,67,-1,1,2.01769536607659,2.6531981992301,0.802360984220219,1
100,68,1,1,2.22989824012384,2.10137418253278,0.838827883618848,1
100,69,-1,1,2.01769536607659,2.6531981992301,0.420689673919945,1
100,70,-1,1,2.01769536607659,2.6531981992301,0.521407581368153,1
100,71,-1,1,2.01769536607659,2.6531981992301,0.592810273076756,1
100,72,-1,1,2.01769536607659,2.6531981992301,0.559419317679779,1
100,73,-1,1,2.01769536607659,2.6531981992301,0.586415918816194,1
100,74,1,1,2.22989824012384,2.10137418253278,0.725440842709777,1
100,75,1,1,2.22989824012384,2.10137418253278,0.868664731396879,1
100,76,1,1,2.22989824012384,2.10137418253278,0.542646347679302,1
100,77,1,1,2.22989824012384,2.10137418253278,0.887023190484002,1
100,78,1,1,2.22989824012384,2.10137418253278,0.593291895943234,1
100,79,-1,1,2.01769536607659,2.6531981992301,0.651546170547231,1
100,80,-1,1,2.01769536607659,2.6531981992301,0.591192601513802,1
100,81,-1,1,2.01769536607659,2.6531981992301,0.328745822231886,1
100,82,1,1,2.22989824012384,2.10137418253278,0.657856850351008,1
100,83,1,1,2.22989824012384,2.10137418253278,0.469450380901035,1
100,84,-1,1,2.01769536607659,2.6531981992301,0.336961445321364,1
100,85,1,1,2.22989824012384,2.10137418253278,1.45102450648107,1
100,86,1,1,2.22989824012384,2.10137418253278,0.845429726508929,1
100,87,1,1,2.22989824012384,2.10137418253278,0.476667935893784,1
100,88,1,1,2.22989824012384,2.10137418253278,1.26099210574177,1
100,89,1,1,2.22989824012384,2.10137418253278,1.02025898014303,1
100,90,1,1,2.22989824012384,2.10137418253278,1.36648109096595,1
100,91,1,1,2.22989824012384,2.10137418253278,0.961846772195404,1
100,92,1,1,2.22989824012384,2.10137418253278,0.966976234449977,1
100,93,-1,1,2.01769536607659,2.6531981992301,0.421254610443817,1
100,94,-1,1,2.01769536607659,2.6531981992301,0.841053791752238,1
100,95,-1,1,2.01769536607659,2.6531981992301,0.953234747511232,1
100,96,-1,1,2.01769536607659,2.6531981992301,0.552566472503928,1
100,97,-1,1,2.01769536607659,2.6531981992301,0.987237956607061,1
100,98,1,1,2.22989824012384,2.10137418253278,0.700807812640393,1
100,99,-1,1,2.01769536607659,2.6531981992301,0.42630854402784,1
100,100,1,1,2.22989824012384,2.10137418253278,0.712504005887456,1
100,101,1,1,2.22989824012384,2.10137418253278,0.368228535117112,1
